field_id,well,plate,compound,dose_um,mtt,ldh,split,nuclei_count,nuclei_area_mean,nuclei_eccentricity_mean,nuclei_solidity_mean,DNA_mean,DNA_std,DNA_p90,DNA_frac_high,DNA_nuc_mean,DNA_cyto_mean,DNA_nuc_cyto_ratio,DNA_gradient_mean,DNA_texture_contrast,ER_mean,ER_std,ER_p90,ER_frac_high,ER_nuc_mean,ER_cyto_mean,ER_nuc_cyto_ratio,ER_gradient_mean,ER_texture_contrast,RNA_mean,RNA_std,RNA_p90,RNA_frac_high,RNA_nuc_mean,RNA_cyto_mean,RNA_nuc_cyto_ratio,RNA_gradient_mean,RNA_texture_contrast,AGP_mean,AGP_std,AGP_p90,AGP_frac_high,AGP_nuc_mean,AGP_cyto_mean,AGP_nuc_cyto_ratio,AGP_gradient_mean,AGP_texture_contrast,Mito_mean,Mito_std,Mito_p90,Mito_frac_high,Mito_nuc_mean,Mito_cyto_mean,Mito_nuc_cyto_ratio,Mito_gradient_mean,Mito_texture_contrast
p41002688_C11_s08,p41002688_C11,plate_41002688,Irinotecan,3.5,0.9380184412002563,0.0116066001355648,test,49,434.55102040816325,0.35242862660321533,0.9662816311244021,0.061468519270420074,0.1495114117860794,0.08214816451072693,0.04222565157750343,0.5524831414222717,0.06614308059215546,8.228444935051433,0.008172040805220604,0.002253820886835456,0.11682101339101791,0.09053494781255722,0.2059800624847412,0.008741426611796983,0.1325407177209854,0.1800033450126648,0.7322556260587977,0.007488015573471785,0.00032309789094142616,0.13507236540317535,0.10539481788873672,0.2543582618236542,0.012637174211248286,0.21424444019794464,0.21726013720035553,0.9816013265000167,0.008467676118016243,0.0005285355728119612,0.18586140871047974,0.1191282644867897,0.3336428999900818,0.020925925925925924,0.31190061569213867,0.28630581498146057,1.0856049527304734,0.009112976491451263,0.00048738057375885546,0.12134432047605515,0.12432955950498581,0.27381810545921326,0.023501371742112483,0.1429305374622345,0.2168099731206894,0.6562166801381317,0.015347710810601711,0.0029403313528746367
p41002688_D11_s08,p41002688_D11,plate_41002688,Gabapentin enacarbil,3.5,1.020402193069458,-0.0208166893571615,test,49,415.7959183673469,0.4171034894163344,0.9649900748481915,0.06253844499588013,0.14979593455791473,0.08129908889532089,0.0432201646090535,0.5710577368736267,0.06778534501791,8.302026205217658,0.007937912829220295,0.002079164609313011,0.11337172240018845,0.09877074509859085,0.20685765147209167,0.014681069958847737,0.15491272509098053,0.16639898717403412,0.9254101694768774,0.006622595246881247,0.00022325913596432656,0.13525821268558502,0.11902574449777603,0.2551818788051605,0.021992455418381344,0.2320871204137802,0.209623783826828,1.1019036701220746,0.007640055846422911,0.0003723365953192115,0.18617545068264008,0.1273365467786789,0.3500116169452667,0.03336076817558299,0.3174148201942444,0.2763061225414276,1.1446368990530484,0.0087941475212574,0.0004459566262084991,0.13518038392066956,0.14024120569229126,0.3056658208370209,0.03253772290809328,0.18467389047145844,0.23729655146598816,0.7749750860235036,0.014036141335964203,0.00220368686132133
p41002688_E11_s08,p41002688_E11,plate_41002688,Macitentan,3.5,0.9531943798065186,-0.1213288828730583,test,51,446.5686274509804,0.4601063107771482,0.9619112938450562,0.06172145530581474,0.14683766663074493,0.08968371897935867,0.035510973936899864,0.5263225436210632,0.05745726823806763,9.003543263048336,0.007948772981762886,0.0020335849840193987,0.10558493435382843,0.05589171126484871,0.16360558569431305,0.0015500685871056242,0.10801621526479721,0.13672147691249847,0.7843091555968824,0.0061977519653737545,0.00021393716451711953,0.1254165917634964,0.06774865835905075,0.20000000298023224,0.002465706447187929,0.1790676712989807,0.16846714913845062,1.0566512283314962,0.0071807182393968105,0.00037966028321534395,0.1898576319217682,0.08244827389717102,0.29324355721473694,0.003652263374485597,0.2814517915248871,0.24299009144306183,1.1535377927040427,0.008797846734523773,0.0004561302193906158,0.12199334055185318,0.10826089978218079,0.23935402929782867,0.016001371742112483,0.1386025846004486,0.20051422715187073,0.6878054545299727,0.015018352307379246,0.0030419197864830494
p41002688_G15_s08,p41002688_G15,plate_41002688,6-Thioguanine,3.5,0.8989945650100708,-0.0305436756461858,test,59,393.03389830508473,0.44813060672183086,0.9657194047301726,0.06889371573925018,0.16256871819496155,0.09467204660177231,0.05587105624142661,0.5900980830192566,0.06021542474627495,9.63969596658177,0.009452331811189651,0.0027966259513050318,0.12351366877555847,0.08158528059720993,0.2014041244983673,0.00607681755829904,0.12466907501220703,0.17080000042915344,0.7256639970942133,0.007663679774850607,0.00035611577914096415,0.14061899483203888,0.09416843950748444,0.22978723049163818,0.009194101508916324,0.20207473635673523,0.2025470733642578,0.9927666019305138,0.00846008863300085,0.0005705766379833221,0.19632874429225922,0.09595576673746109,0.29579752683639526,0.01294238683127572,0.29004979133605957,0.25794586539268494,1.1201174843869637,0.010035074315965176,0.0006783658755011857,0.11855503916740417,0.11622582376003265,0.22527968883514404,0.01723593964334705,0.14088311791419983,0.1966320276260376,0.7128557026231652,0.01331454236060381,0.0019856938160955906
p41002688_G18_s08,p41002688_G18,plate_41002688,Thio-TEPA,3.5,1.05798077583313,-0.0240590181201696,test,61,443.5245901639344,0.3994470943854199,0.9680567577924781,0.0709356963634491,0.15615031123161316,0.18510931730270386,0.0442283950617284,0.5212662220001221,0.05817816033959389,8.808422211992324,0.009576195850968361,0.002555262064561248,0.10875134915113449,0.062487922608852386,0.1742618978023529,0.0007064471879286694,0.10911078006029129,0.13881389796733856,0.7804001007523607,0.006236250977963209,0.00019967071420978755,0.1326708048582077,0.08671456575393677,0.22429649531841278,0.009993141289437586,0.18127906322479248,0.17584329843521118,1.0250830245128366,0.00724994670599699,0.00033517464180476964,0.20155684649944305,0.10522714257240295,0.3283027708530426,0.02465363511659808,0.28107306361198425,0.25538578629493713,1.096289570782398,0.009336456656455994,0.0004759032162837684,0.12939812242984772,0.11867716163396835,0.27075064182281494,0.02270576131687243,0.1451580673456192,0.19741961359977722,0.7315711623066188,0.014924533665180206,0.002374326577410102
p41002688_I15_s08,p41002688_I15,plate_41002688,Zalcitabine,3.5,0.8838186264038086,-0.040270660072565,test,56,415.0892857142857,0.4385878683728738,0.9596347474630721,0.07028608024120331,0.17050857841968536,0.10602844506502151,0.05065157750342936,0.600503146648407,0.07058299332857132,8.388908017467953,0.009418747387826443,0.002783239120617509,0.1119074746966362,0.06366614997386932,0.1810944676399231,0.0019238683127572017,0.12162084877490997,0.15858806669712067,0.7620923750253332,0.006835371255874634,0.0002773189335130155,0.13986200094223022,0.08928040415048599,0.24035689234733582,0.00352880658436214,0.2023937851190567,0.19752222299575806,1.0195019079721939,0.007590071763843298,0.00039745078538544476,0.20243524014949799,0.10607386380434036,0.3381704092025757,0.01586076817558299,0.3017596900463104,0.271815687417984,1.1060936154451448,0.010434399358928204,0.000780424801632762,0.16549260914325714,0.23904351890087128,0.31730422377586365,0.050044581618655694,0.15381725132465363,0.2328517585992813,0.6577553756532937,0.016725698485970497,0.003388239536434412
p41002688_J15_s08,p41002688_J15,plate_41002688,Ebrotidine,3.5,0.9213971495628356,-0.0726939514279365,test,53,428.3018867924528,0.4904597857127494,0.9606465837012119,0.06693483889102936,0.16127128899097443,0.08661642670631409,0.049962277091906725,0.5794520974159241,0.06729813665151596,8.484156754854343,0.008733391761779785,0.002443669829517603,0.11338163912296295,0.079010009765625,0.19557450711727142,0.005315500685871056,0.14237545430660248,0.1684056520462036,0.8404409922980083,0.0071394070982933044,0.00032051466405391693,0.1336681842803955,0.09045307338237762,0.24063143134117126,0.006556927297668038,0.21312817931175232,0.20246446132659912,1.047495852209989,0.00825943797826767,0.0005243499763309956,0.2024417221546173,0.1011054664850235,0.3274901211261749,0.013892318244170096,0.30302029848098755,0.27470123767852783,1.0990893658385175,0.010279927402734756,0.0007027966785244644,0.12627366185188293,0.12352006137371063,0.2755323052406311,0.022170781893004116,0.15975846350193024,0.22863508760929108,0.6957058050891104,0.015404841862618923,0.003107520518824458
p41002688_J21_s08,p41002688_J21,plate_41002688,Lenvatinib,3.5,0.6843632459640503,-0.0564823076128959,test,52,360.59615384615387,0.43603729461902174,0.9583863732657452,0.06458991020917892,0.17630785703659058,0.06793674826622009,0.048357338820301785,0.6648804545402527,0.0808379128575325,8.124357419741502,0.009209767915308475,0.0034093072172254324,0.10296805202960968,0.07788673788309097,0.19168809056282043,0.00147119341563786,0.15284280478954315,0.18581396341323853,0.8181551421370464,0.006538907065987587,0.0002997200354002416,0.12193337827920914,0.10138985514640808,0.23678791522979736,0.010243484224965706,0.2394064962863922,0.23067599534988403,1.0333677251492255,0.007852488197386265,0.0005173757090233266,0.16955016553401947,0.11720796674489975,0.32029253244400024,0.016646090534979424,0.3244647979736328,0.2923012971878052,1.1062508113145957,0.00959108117967844,0.0005956478416919708,0.11088167876005173,0.12267155945301056,0.24503789842128754,0.022030178326474623,0.17773209512233734,0.23854969441890717,0.7419424831806811,0.014149891212582588,0.0026199871208518744
p41002688_L14_s08,p41002688_L14,plate_41002688,Edoxaban (tosylate),3.5,0.8895999193191528,-0.040270660072565,test,70,445.98571428571427,0.41709337130386415,0.9656317856810117,0.09507431834936142,0.18672782182693481,0.3412226736545563,0.06814128943758574,0.5865920186042786,0.08017554879188538,7.226215619535381,0.01190103031694889,0.0033784075640141964,0.14204588532447815,0.08750686049461365,0.22014668583869934,0.013278463648834019,0.15318796038627625,0.1839837282896042,0.8281158662044611,0.007213790435343981,0.00026916794013231993,0.18382763862609863,0.11802587658166885,0.2900480329990387,0.031618655692729765,0.24881599843502045,0.2393442690372467,1.035248310399533,0.009168781340122223,0.0005683669587597251,0.27737629413604736,0.14182963967323303,0.4290689527988434,0.06534979423868313,0.38784387707710266,0.3472551107406616,1.1136774884717255,0.012607001699507236,0.0009169495897367597,0.16987305879592896,0.15482951700687408,0.33832550048828125,0.0458161865569273,0.20112793147563934,0.24817021191120148,0.8071909155309331,0.016189882531762123,0.002549809869378805
p41002688_N21_s08,p41002688_N21,plate_41002688,Troglitazone,3.5,1.117239236831665,-0.0921479240059852,test,66,446.5151515151515,0.4470913961568744,0.9612346011186698,0.08049727976322174,0.16705922782421112,0.27096158266067505,0.05411179698216735,0.5408107042312622,0.06773959845304489,7.8675278355122025,0.010412190109491348,0.0027200723998248577,0.12620167434215546,0.08962035179138184,0.20817400515079498,0.011443758573388203,0.1533687263727188,0.1695142388343811,0.8994482069129982,0.006801324896514416,0.00022410546080209315,0.15392276644706726,0.10336451232433319,0.2614962160587311,0.020425240054869686,0.22623310983181,0.2095230519771576,1.074623931712509,0.00808732770383358,0.0004477943875826895,0.2237091213464737,0.11266355216503143,0.3647550642490387,0.03340534979423868,0.3267285227775574,0.28423553705215454,1.145469201187985,0.010291174054145813,0.0006168090621940792,0.14691609144210815,0.13398881256580353,0.3035907745361328,0.030898491083676267,0.19108842313289642,0.22276605665683746,0.8539651901983744,0.015143436379730701,0.0023477496579289436
p41002688_O16_s08,p41002688_O16,plate_41002688,Nifurtimox,3.5,0.992218255996704,0.0440298877656459,test,51,468.1764705882353,0.4508853111384654,0.9637769284487245,0.058202724903821945,0.13341957330703735,0.09595627337694168,0.029530178326474622,0.475988507270813,0.06131775677204132,7.638087953197376,0.007170886732637882,0.0014430079609155655,0.11626116931438446,0.07291213423013687,0.18592114746570587,0.005823045267489712,0.13442309200763702,0.16432619094848633,0.8130780201034309,0.0066469814628362656,0.0002947924949694425,0.1280401200056076,0.07515163719654083,0.20507892966270447,0.006286008230452675,0.1881396323442459,0.17941157519817352,1.0428357057333129,0.006522048730403185,0.00029619340784847736,0.19140703976154327,0.08411037921905518,0.28952866792678833,0.008491083676268862,0.27748987078666687,0.24513278901576996,1.1273990429974279,0.009971004910767078,0.0006504794582724571,0.1121954470872879,0.10238543152809143,0.21454349160194397,0.014722222222222222,0.12644176185131073,0.18922896683216095,0.6646819564702273,0.01416246872395277,0.002627338981255889
p41002689_A19_s08,p41002689_A19,plate_41002689,Lapatinib,3.5,0.9458366632461548,0.1685211062431335,test,54,434.9074074074074,0.4451865605344151,0.96363469175499,0.06980234384536743,0.15867240726947784,0.09881129115819931,0.050637860082304524,0.5726309418678284,0.06608053296804428,8.536469770456614,0.008667824789881706,0.002198294037953019,0.1209293007850647,0.0617469921708107,0.18842850625514984,0.002397119341563786,0.1268126368522644,0.16466152667999268,0.7654923831362943,0.006638104096055031,0.0002578868588898331,0.14677712321281433,0.07776656001806259,0.23363074660301208,0.0034842249657064473,0.2063189446926117,0.20159098505973816,1.0184014092817322,0.007566932588815689,0.0004117194330319762,0.20606017112731934,0.09026502817869186,0.3214534521102905,0.0042318244170096025,0.2978578805923462,0.26533809304237366,1.1183450222607016,0.009689092636108398,0.0005725548835471272,0.11803599447011948,0.08935698866844177,0.21219776570796967,0.008268175582990398,0.12067058682441711,0.171710804104805,0.6986858028360018,0.013923355378210545,0.0024064078461378813
p41002689_C16_s08,p41002689_C16,plate_41002689,Compound_567dbb1e,3.5,0.9599153995513916,0.0357937701046466,test,45,477.46666666666664,0.4651832304864994,0.9617608503247399,0.05949064716696739,0.14648230373859406,0.07599236071109772,0.04041838134430727,0.5374799966812134,0.06251541525125504,8.462197634307255,0.007672981359064579,0.0018589256796985865,0.11031471937894821,0.07188767939805984,0.185670405626297,0.0028978052126200273,0.1341944932937622,0.15835468471050262,0.8421120065440901,0.006753896828740835,0.0002485928707756102,0.12956956028938293,0.08986391872167587,0.2233356237411499,0.00875514403292181,0.21478089690208435,0.19667422771453857,1.0865397041654288,0.007892545312643051,0.000407302170060575,0.18183855712413788,0.10394996404647827,0.3027629554271698,0.014729080932784636,0.30241796374320984,0.2603585720062256,1.1570998472397769,0.008446486666798592,0.0003866843762807548,0.11484499275684357,0.1070021241903305,0.23105376958847046,0.016611796982167353,0.15893243253231049,0.20903389155864716,0.7566989848775536,0.011900355108082294,0.0015569241950288415
p41002689_D19_s08,p41002689_D19,plate_41002689,Sorafenib,3.5,0.6053866744041443,-0.0058461814187467,test,51,408.0,0.40034731434456716,0.9663984439746574,0.06044751778244972,0.1508512645959854,0.07059010863304138,0.043782578875171466,0.5674486756324768,0.06334983557462692,8.818183769473706,0.008273264393210411,0.0023877155035734177,0.10682927072048187,0.08275972306728363,0.17664389312267303,0.00919753086419753,0.12762856483459473,0.16325348615646362,0.7770219544260939,0.006583208218216896,0.00027668155962601304,0.12088662385940552,0.08933046460151672,0.20150995254516602,0.011618655692729766,0.19684191048145294,0.19319917261600494,1.0136083889022203,0.006635207217186689,0.0002997537958435714,0.16355252265930176,0.08762412518262863,0.2545855641365051,0.011419753086419753,0.2655247449874878,0.23512589931488037,1.124504960099287,0.008979148231446743,0.0005293050780892372,0.13142800331115723,0.1288912296295166,0.2805846333503723,0.025939643347050755,0.18175506591796875,0.2393266260623932,0.7562835167118844,0.01540492195636034,0.0026978941168636084
p41002689_D20_s08,p41002689_D20,plate_41002689,control,0.0,0.9547958970069884,0.0227812845259904,test,63,426.73015873015873,0.4228613897445602,0.9617511588460852,0.07671932876110077,0.1711180955171585,0.21142007410526276,0.05447873799725651,0.5667001008987427,0.06671620160341263,8.368752048700015,0.010542766191065311,0.0031229439191520214,0.11893012374639511,0.07884570956230164,0.183037668466568,0.0058882030178326475,0.12156090140342712,0.1568613499403,0.7700485359424523,0.006603006273508072,0.00021343040862120688,0.14830444753170013,0.08784426748752594,0.2431022673845291,0.008422496570644719,0.19670630991458893,0.19804999232292175,0.9882256593884684,0.00829379539936781,0.00043934647692367435,0.21252065896987915,0.10247326642274857,0.3380543291568756,0.020140603566529493,0.29533863067626953,0.2691093981266022,1.0934037568653654,0.00877697579562664,0.00039490245399065316,0.13735567033290863,0.10926869511604309,0.2657885253429413,0.01453360768175583,0.14596135914325714,0.20627477765083313,0.7041925737300168,0.014166060835123062,0.001990854972973466
p41002689_E19_s08,p41002689_E19,plate_41002689,Olmesartan,3.5,0.9746341109275818,-0.029268654063344,test,56,456.76785714285717,0.44553866835831474,0.9649074245803987,0.06432665139436722,0.14598649740219116,0.11770324409008026,0.0405761316872428,0.5047610402107239,0.05466243997216225,9.068252136686132,0.008533571846783161,0.0021273393649607897,0.11870099604129791,0.08357933908700943,0.18128252029418945,0.01154320987654321,0.1391175240278244,0.16938044130802155,0.816511114537621,0.007155722472816706,0.00027931417571380734,0.13386911153793335,0.08585705608129501,0.2096087783575058,0.011354595336076818,0.1929166465997696,0.18733854591846466,1.0243078264142853,0.007274586707353592,0.0003705367271322757,0.19413891434669495,0.0888797789812088,0.2899930477142334,0.014866255144032921,0.27001678943634033,0.24371148645877838,1.1034087256947156,0.009634909220039845,0.0005858567892573774,0.12042415142059326,0.11033543199300766,0.22022736072540283,0.02022633744855967,0.14223524928092957,0.19406475126743317,0.7291694083977555,0.014355167746543884,0.0027995640411973
p41002689_H17_s08,p41002689_H17,plate_41002689,control,0.0,0.9624751806259156,-0.0084486780688166,test,50,435.5,0.47306002505101596,0.9638739233126714,0.0579795204102993,0.14032654464244843,0.08756102621555328,0.03665294924554184,0.517734944820404,0.058789726346731186,8.659262660243126,0.007674540393054485,0.001839851145632565,0.10433698445558548,0.07404599338769913,0.1876136213541031,0.0034739368998628257,0.13236486911773682,0.16239428520202637,0.8100948509556274,0.006823672913014889,0.0002905822766479105,0.11717811971902847,0.09408144652843475,0.20452985167503357,0.010305212620027435,0.20146068930625916,0.18638087809085846,1.0751400642309594,0.007287806831300259,0.0004248425830155611,0.16975238919258118,0.09843485057353973,0.26805201172828674,0.012232510288065844,0.2822607755661011,0.2421962022781372,1.1606298656065637,0.009491559118032455,0.0005791964940726757,0.12513329088687897,0.1332278698682785,0.2704799771308899,0.02940329218106996,0.18232981860637665,0.22708798944950104,0.7993836898051342,0.016352292150259018,0.0035758803132921457
p41002689_I17_s08,p41002689_I17,plate_41002689,Ponatinib (hydrochloride),3.5,0.6335441470146179,0.0279862787574529,test,36,377.9166666666667,0.38814222705590945,0.9648257126358559,0.04945696145296097,0.15504778921604156,0.03566121682524681,0.0368724279835391,0.6878695487976074,0.07694859057664871,8.82465665779048,0.006810963153839111,0.002418329007923603,0.08897479623556137,0.08177820593118668,0.18498088419437408,0.0033813443072702332,0.16026943922042847,0.20786148309707642,0.7673479898921194,0.0060588400810956955,0.000265550974290818,0.0926312580704689,0.09345363080501556,0.198215514421463,0.005970507544581618,0.22926446795463562,0.22538240253925323,1.0127309604591843,0.006240429822355509,0.0003283442056272179,0.12469878047704697,0.10848687589168549,0.2565591037273407,0.008395061728395062,0.2973657250404358,0.26298975944519043,1.126429016282258,0.007550907786935568,0.00042546907206997275,0.10474972426891327,0.12460068613290787,0.24557921290397644,0.020823045267489713,0.2094641476869583,0.2691130042076111,0.7754685795355578,0.013847650960087776,0.0029147297609597445
p41002689_J15_s08,p41002689_J15,plate_41002689,Retinoic acid,3.5,0.8972009420394897,-0.0995360687375068,test,62,455.6774193548387,0.4366596050341107,0.9638555052003968,0.08310655504465103,0.17763349413871765,0.2607726454734802,0.059705075445816186,0.5796745419502258,0.07402807474136353,7.7261017818793505,0.01071289274841547,0.0027606100775301456,0.11797691881656647,0.08185696601867676,0.2049771249294281,0.006965020576131687,0.14473696053028107,0.1660928875207901,0.8662065913025325,0.006859644316136837,0.0002464979188516736,0.14878343045711517,0.10421721637248993,0.27618393301963806,0.010387517146776406,0.22267353534698486,0.20892418920993805,1.0607330969576672,0.008488098159432411,0.00045561991282738745,0.23444074392318726,0.1213965117931366,0.40666356682777405,0.04037722908093278,0.34127429127693176,0.3077544569969177,1.1053258780336852,0.010548952966928482,0.0005758504848927259,0.1549568921327591,0.13562221825122833,0.3274990916252136,0.03349451303155007,0.19680389761924744,0.24379418790340424,0.8039565779923918,0.014839684590697289,0.0021329147275537252
p41002689_M14_s08,p41002689_M14,plate_41002689,Mitoxantrone,3.5,0.0358368419110775,0.4053483307361603,test,1,284.0,0.3053682147752912,0.9726027397260274,0.0046344054862856865,0.019735850393772125,0.006261940114200115,0.0007030178326474623,0.600313663482666,0.05790756270289421,10.190774086349558,0.000270861986791715,5.269555185805075e-05,0.01281618233770132,0.053959909826517105,0.011471197009086609,0.004674211248285322,0.4100337028503418,0.5997723340988159,0.682510960604419,0.0011147885816171765,0.00018101408204529434,0.0067242784425616264,0.03487294539809227,0.00782429613173008,0.001189986282578875,0.34571710228919983,0.3898277282714844,0.8845767003743682,0.0007182154222391546,6.438745913328603e-05,0.002460930496454239,0.016091488301753998,0.0038309728261083364,0.0,0.2090868353843689,0.1696275919675827,1.2253987351828362,0.0005553466617129743,1.202112889586715e-05,0.001863731537014246,0.029032748192548752,0.0011728617828339338,0.0003635116598079561,0.34764042496681213,0.3732603192329407,0.9288733191894697,0.0005871571484021842,3.214403841411695e-05
p41002689_N21_s08,p41002689_N21,plate_41002689,Raltegravir,3.5,1.127580642700195,-0.0578961186110973,test,75,442.1333333333333,0.4222195021008111,0.9646608316796629,0.10315042734146118,0.19920626282691956,0.4086287319660187,0.07983882030178327,0.6177208423614502,0.08594755083322525,7.104522628202664,0.012794858776032925,0.0034055481664836407,0.12983013689517975,0.0713762417435646,0.20936501026153564,0.004465020576131688,0.13268186151981354,0.16108745336532593,0.8185819368804834,0.0061506591737270355,0.0001789163943612948,0.18544267117977142,0.10311751812696457,0.31118735671043396,0.018463648834019204,0.23386409878730774,0.23492954671382904,0.9912454885143038,0.009431366808712482,0.0007243705331347883,0.29655858874320984,0.13795015215873718,0.48630136251449585,0.08834705075445816,0.3946922719478607,0.36542338132858276,1.0771481626439345,0.010500017553567886,0.0005577268893830478,0.1704876720905304,0.12339739501476288,0.33616024255752563,0.028285322359396434,0.17833232879638672,0.23630304634571075,0.7514961629973617,0.014490007422864437,0.001793942996300757
p41002689_N22_s08,p41002689_N22,plate_41002689,Thalidomide,3.5,1.1672571897506714,-0.0604986175894737,test,61,440.55737704918033,0.4753946027401914,0.9616161626774397,0.07603767514228821,0.16941845417022705,0.20782211422920227,0.05475651577503429,0.568276584148407,0.06950568407773972,8.060010927939144,0.009987092576920986,0.002506022807210684,0.1311914324760437,0.08200536668300629,0.2137528955936432,0.005449245541838134,0.1382228285074234,0.17544086277484894,0.7833946532204704,0.007703788578510284,0.0003163135552313179,0.14610281586647034,0.09069225937128067,0.2533974051475525,0.0051337448559670784,0.2047126293182373,0.20191441476345062,1.0088619359885445,0.007988490164279938,0.0003864627506118268,0.21823160350322723,0.11826721578836441,0.370675653219223,0.024454732510288065,0.3170173466205597,0.2895924746990204,1.0909344674149208,0.010393941774964333,0.0007322144228965044,0.12136654555797577,0.11325228959321976,0.25145256519317627,0.020017146776406036,0.1460515856742859,0.19026736915111542,0.7635990724528359,0.014251033775508404,0.0023155491799116135
p41002689_P17_s08,p41002689_P17,plate_41002689,Lercanidipine,3.5,1.0674259662628174,0.0800362154841423,test,56,392.57142857142856,0.4706454971597337,0.9618907070407984,0.06546302884817123,0.15965567529201508,0.10698365420103073,0.04244170096021948,0.5737582445144653,0.07779180258512497,7.281953524220864,0.008731428533792496,0.00234360434114933,0.11845698952674866,0.09050524234771729,0.2010907083749771,0.009417009602194788,0.1581316739320755,0.17815209925174713,0.8826671559671013,0.006769084371626377,0.00025946617824956775,0.13275930285453796,0.09760371595621109,0.23006176948547363,0.013621399176954733,0.2262040674686432,0.2039722055196762,1.1035841025134934,0.007224551402032375,0.0003196386678609997,0.19351527094841003,0.10690891742706299,0.311469703912735,0.021656378600823045,0.32077598571777344,0.2687196433544159,1.1892941193618172,0.009816954843699932,0.000557253195438534,0.10816045850515366,0.10766252875328064,0.23511368036270142,0.013573388203017832,0.14809420704841614,0.1866053193807602,0.7893923665770209,0.013328383676707745,0.002444170182570815
p41002690_C21_s08,p41002690_C21,plate_41002690,Troglitazone,0.4107883870601654,1.1478569507598877,0.017060961574316,test,50,459.36,0.38023922954805456,0.965445956148236,0.055233921855688095,0.13027100265026093,0.08182975649833679,0.024838820301783266,0.46022719144821167,0.053375910967588425,8.4638065507084,0.007066523190587759,0.001977047650143504,0.11943195760250092,0.08630384504795074,0.19294176995754242,0.007157064471879287,0.1413731575012207,0.18362686038017273,0.7657236721141953,0.007134292274713516,0.00034381452132947743,0.12443380802869797,0.08459514379501343,0.20288263261318207,0.00619684499314129,0.18820053339004517,0.19271047413349152,0.9715557934175036,0.006330571603029966,0.0002735948364716023,0.17516960203647614,0.08971934765577316,0.28534942865371704,0.007061042524005487,0.275814414024353,0.25237593054771423,1.0885580703270996,0.008854445070028305,0.0005368550191633403,0.10233169794082642,0.10999026894569397,0.2068747729063034,0.017801783264746227,0.12201312184333801,0.17799533903598785,0.6816553017551295,0.015151003375649452,0.003498996840789914
p41002690_C22_s08,p41002690_C22,plate_41002690,Macitentan,0.4107883870601654,1.0661275386810305,0.0198705215007066,test,61,467.57377049180326,0.40708645356849404,0.9648461637233986,0.07456719130277634,0.15363198518753052,0.22171513736248016,0.041934156378600825,0.5066601037979126,0.06372511386871338,7.827875047475511,0.00908156018704176,0.00221540336497128,0.1296531856060028,0.08187908679246902,0.1990848183631897,0.00880315500685871,0.15451087057590485,0.17352478206157684,0.8853233835948262,0.00664576655253768,0.0002299490588484332,0.16748060286045074,0.09864049404859543,0.27055594325065613,0.014993141289437587,0.23738165199756622,0.22314541041851044,1.059052030350931,0.008054737001657486,0.000421924953116104,0.24406427145004272,0.1076633632183075,0.3800789415836334,0.02867283950617284,0.3433302938938141,0.30509063601493835,1.1216621924920902,0.010936322622001171,0.0006993880379013717,0.12649425864219666,0.11405941843986511,0.2572176158428192,0.021217421124828533,0.14207477867603302,0.18294046819210052,0.7723954389833098,0.015604997985064983,0.0029156850650906563
p41002690_D18_s08,p41002690_D18,plate_41002690,6-Thioguanine,0.4107883870601654,1.0015767812728882,-0.0054155243560671,test,49,420.6530612244898,0.43789633550320245,0.9613210377389858,0.05590186268091202,0.13440650701522827,0.06357461214065552,0.03378600823045268,0.510754406452179,0.05883808061480522,8.535608114505722,0.007196688558906317,0.0017992439679801464,0.11683518439531326,0.07031171023845673,0.19394470751285553,0.0031584362139917698,0.13651803135871887,0.17125307023525238,0.7925433849873976,0.007184823974967003,0.0002970097411889583,0.12836579978466034,0.07755134254693985,0.21249142289161682,0.004660493827160494,0.20059803128242493,0.19245469570159912,1.0369251082529642,0.007531989365816116,0.0003772940253838897,0.17399509251117706,0.08279906958341599,0.2651497423648834,0.0065397805212620026,0.2770752012729645,0.2426903396844864,1.136997066160696,0.009175687097012997,0.0004944702959619462,0.09663565456867218,0.09479058533906937,0.2036268562078476,0.008741426611796983,0.11199848353862762,0.162232905626297,0.6861268756376566,0.013838033191859722,0.002550981706008315
p41002690_G22_s08,p41002690_G22,plate_41002690,Ebrotidine,0.4107883870601654,1.129116415977478,-0.0222728885710239,test,50,470.22,0.4221775251363975,0.9601499164795658,0.05907313525676727,0.13120658695697784,0.07758437842130661,0.034454732510288064,0.4778502881526947,0.05334579199552536,8.792774391659233,0.007233126554638147,0.0017192806117236614,0.1146676167845726,0.09951552003622055,0.18103177845478058,0.011642661179698217,0.12276022136211395,0.15756359696388245,0.7742017948172317,0.006700580939650536,0.00023992315982468426,0.13979262113571167,0.09838146716356277,0.23061084747314453,0.0124519890260631,0.19335895776748657,0.19465915858745575,0.9882438377197609,0.007398527581244707,0.00033861977863125503,0.2143813818693161,0.11023304611444473,0.3466449975967407,0.020390946502057614,0.30679506063461304,0.2858869135379791,1.0693937093578805,0.010307477787137032,0.0006148447864688933,0.12775489687919617,0.12463372945785522,0.262360155582428,0.027187928669410152,0.1331845074892044,0.196334570646286,0.674917258810835,0.016585879027843475,0.0038265713956207037
p41002690_J19_s08,p41002690_J19,plate_41002690,Gabapentin enacarbil,0.4107883870601654,1.0109471082687378,-0.0840832218527793,test,51,440.96078431372547,0.4080466743656406,0.9651275094968693,0.06363125145435333,0.146235853433609,0.08299724012613297,0.03804526748971193,0.5318784117698669,0.061274174600839615,8.540914675771486,0.008047915063798428,0.001986644696444273,0.12292849272489548,0.08844660967588425,0.19005829095840454,0.011766117969821674,0.1250775158405304,0.16322843730449677,0.7616069293080074,0.00761345773935318,0.0003469329094514251,0.14406080543994904,0.09885302186012268,0.23019903898239136,0.016762688614540465,0.20132885873317719,0.19487667083740234,1.0278347996852606,0.00816392246633768,0.0004446321108844131,0.21060973405838013,0.1012096107006073,0.31878337264060974,0.023950617283950617,0.3011256158351898,0.2604125440120697,1.1519172386053766,0.010864113457500935,0.0006803171127103269,0.12480570375919342,0.12101313471794128,0.2527156472206116,0.025699588477366257,0.13503393530845642,0.19891227781772614,0.675465943275261,0.015871722251176834,0.0030927425250411034
p41002690_K19_s08,p41002690_K19,plate_41002690,Edoxaban (tosylate),0.4107883870601654,0.9417112469673156,-0.0054155243560671,test,35,466.8,0.4327066838984909,0.9649625818593931,0.04050089791417122,0.11043563485145569,0.03343239054083824,0.018137860082304526,0.4609854817390442,0.05234633758664131,8.64137075933928,0.004933794029057026,0.001090323319658637,0.11126429587602615,0.08216473460197449,0.1971416026353836,0.005922496570644719,0.15056753158569336,0.19939768314361572,0.751343674356697,0.006976621225476265,0.00034960481571033597,0.10091593861579895,0.07582996785640717,0.1768016517162323,0.005130315500685871,0.18137776851654053,0.18348610401153564,0.983151384156279,0.005449144169688225,0.00021062656014692038,0.13914881646633148,0.08741649240255356,0.24216392636299133,0.004506172839506173,0.2623128890991211,0.2334941029548645,1.1186332014055431,0.007932284846901894,0.0004437338502611965,0.08613141626119614,0.11391134560108185,0.16203536093235016,0.017626886145404665,0.13486851751804352,0.19215065240859985,0.6982555628791581,0.01330824475735426,0.0036754701286554337
p41002690_M10_s08,p41002690_M10,plate_41002690,Nifurtimox,0.4107883870601654,0.8860102295875549,-0.0447493754327297,test,37,456.8378378378378,0.4442228902065354,0.9637402690807141,0.04038632661104202,0.10767418146133423,0.028231797739863396,0.01772633744855967,0.452388733625412,0.04468352720141411,9.902666482622395,0.005004968028515577,0.001162705710157752,0.10434754937887192,0.07362714409828186,0.1922522336244583,0.0018758573388203018,0.1264113187789917,0.1859220415353775,0.6762782908888071,0.007332395296543837,0.0004541322123259306,0.10245093703269958,0.07234308868646622,0.18956761062145233,0.0013237311385459534,0.1688614934682846,0.18321900069713593,0.9166345101714034,0.00663004769012332,0.00035710446536540985,0.1538528949022293,0.0883825346827507,0.2639888525009155,0.001903292181069959,0.25743332505226135,0.237143412232399,1.0810012447501078,0.008326397277414799,0.00045685077202506363,0.08799634873867035,0.09851806610822678,0.16808012127876282,0.012386831275720165,0.11888700723648071,0.1779966503381729,0.6641856538201755,0.013196161948144436,0.0030634666327387094
p41002690_N19_s08,p41002690_N19,plate_41002690,Zalcitabine,0.4107883870601654,0.9162033200263976,0.0339183248579502,test,17,424.11764705882354,0.4007549964929025,0.9627087562740454,0.021734114736318588,0.07634005695581436,0.017618339508771896,0.008261316872427983,0.46132194995880127,0.055255305022001266,8.200505708366167,0.0024842412676662207,0.0005330644198693335,0.06928776949644089,0.0968623086810112,0.183037668466568,0.005181755829903978,0.18638992309570312,0.22746960818767548,0.8158193318325029,0.005740135908126831,0.0005742539651691914,0.05942082777619362,0.08230572938919067,0.15126973390579224,0.003762002743484225,0.21344077587127686,0.20417194068431854,1.0403019787178447,0.004360578488558531,0.0002876849612221122,0.074638232588768,0.08755148202180862,0.18353842198848724,0.0018724279835390946,0.26440486311912537,0.21078462898731232,1.2484610634087399,0.005243334453552961,0.0002794810861814767,0.05149349197745323,0.09489674121141434,0.13154998421669006,0.010397805212620027,0.1486467570066452,0.19955973327159882,0.741159526799665,0.008589313365519047,0.0023510290775448084
p41002690_O19_s08,p41002690_O19,plate_41002690,Thio-TEPA,0.4107883870601654,0.950040340423584,0.0198705215007066,test,31,480.93548387096774,0.399983797985339,0.9649097143442392,0.039295319467782974,0.11084920912981033,0.0295054130256176,0.020699588477366256,0.4882482886314392,0.055520642548799515,8.638406546951217,0.004584515001624823,0.0010012125130742788,0.0963418036699295,0.10106007754802704,0.17470067739486694,0.006622085048010974,0.11412379145622253,0.1661802977323532,0.6826390011514913,0.0055531347170472145,0.00027383092674426734,0.09101184457540512,0.09098685532808304,0.16623198986053467,0.004811385459533608,0.1552971750497818,0.1683197170495987,0.9171830531956932,0.004582589026540518,0.00018571087275631726,0.1173645406961441,0.08798610419034958,0.22625957429409027,0.0029526748971193417,0.23718933761119843,0.21303755044937134,1.1081669413297806,0.006233411841094494,0.00032125055440701544,0.07457064837217331,0.10156406462192535,0.1525622457265854,0.012304526748971194,0.1057397797703743,0.17017993330955505,0.6177113036909452,0.011036927811801434,0.0024752297904342413
p41002690_P17_s08,p41002690_P17,plate_41002690,Irinotecan,0.4107883870601654,0.9620134830474854,0.1406816244125366,test,26,461.53846153846155,0.47094859358410013,0.9640438927284554,0.031331803649663925,0.09441787004470825,0.02101464569568634,0.013323045267489711,0.4508378207683563,0.05114278569817543,8.646216628662629,0.003702127141878009,0.0007168046431615949,0.09463149309158325,0.08798304200172424,0.2040368616580963,0.0035665294924554186,0.1400897353887558,0.1904836893081665,0.7316014011162107,0.007260144222527742,0.0004401299811434001,0.08634909987449646,0.07823405414819717,0.1861359030008316,0.001649519890260631,0.17804282903671265,0.17494048178195953,1.011949195736309,0.006140729412436485,0.00032585812732577324,0.11126609146595001,0.07739605009555817,0.20803342759609222,5.1440329218106995e-05,0.24553173780441284,0.19681401550769806,1.2412251840409043,0.006242157891392708,0.0002586549089755863,0.07336355000734329,0.10469714552164078,0.16185492277145386,0.012294238683127573,0.12337323278188705,0.20552830398082733,0.5973671908589351,0.011028151959180832,0.0025812911335378885
p41002691_C12_s08,p41002691_C12,plate_41002691,control,0.0,0.978611171245575,0.0209449063986539,test,44,465.25,0.41839271648670856,0.9598042906538886,0.06542825698852539,0.1725713610649109,0.10326894372701645,0.03881344307270233,0.5998275279998779,0.08711819350719452,6.807079266223317,0.007967802695930004,0.0021073082461953163,0.10291339457035065,0.07885339111089706,0.1968281865119934,0.003840877914951989,0.13249383866786957,0.1532665491104126,0.8588630486123098,0.00598750077188015,0.0001933512685354799,0.12691687047481537,0.10053850710391998,0.2582017779350281,0.00837448559670782,0.2198895663022995,0.1949571669101715,1.1221307685219741,0.007199277635663748,0.0003424271708354354,0.17959663271903992,0.10706273466348648,0.32168564200401306,0.011580932784636488,0.3052371144294739,0.25294286012649536,1.2019913230772763,0.007895956747233868,0.00037264928687363863,0.10740533471107483,0.10696181654930115,0.25532299280166626,0.00967764060356653,0.14407244324684143,0.19048522412776947,0.7523945719733882,0.01148848794400692,0.001531389425508678
p41002691_C14_s08,p41002691_C14,plate_41002691,Raltegravir,0.0456431545317173,0.97729229927063,0.0537903197109699,test,55,425.1818181818182,0.43942671193159627,0.9609830785675464,0.06558750569820404,0.15738113224506378,0.09286775439977646,0.04749314128943759,0.5606227517127991,0.06101161986589432,9.040608081601416,0.008818335831165314,0.0024908501654863358,0.10574062168598175,0.07002928107976913,0.17676925659179688,0.0022050754458161864,0.12529531121253967,0.15489284694194794,0.8037271348261263,0.006703148130327463,0.00026247111964039505,0.1287888139486313,0.0890844315290451,0.22347289323806763,0.008532235939643347,0.20558124780654907,0.19155751168727875,1.0676355651106533,0.007769822143018246,0.00040561085916124284,0.1853918582201004,0.09744888544082642,0.29997679591178894,0.013943758573388204,0.29113611578941345,0.2550974488258362,1.1368177118679772,0.009876054711639881,0.0005735072190873325,0.12383385747671127,0.13231858611106873,0.25586432218551636,0.02646090534979424,0.16622745990753174,0.21845674514770508,0.7574497643973193,0.015090773813426495,0.0030214625876396894
p41002691_D22_s08,p41002691_D22,plate_41002691,Thalidomide,0.0456431545317173,1.032685399055481,0.0264191422611475,test,55,416.8545454545455,0.4716801231687429,0.962940569039625,0.06154593452811241,0.14345552027225494,0.10836340487003326,0.038264746227709194,0.5165029764175415,0.06224014237523079,8.167327855666558,0.008013694547116756,0.0018548318184912205,0.10659650713205338,0.0589480884373188,0.17764683067798615,0.0008539094650205761,0.12408759444952011,0.15494872629642487,0.7956948248083564,0.0065944925881922245,0.0002392041787970811,0.1247413232922554,0.07621466368436813,0.20988331735134125,0.002983539094650206,0.19160416722297668,0.1892608106136322,1.007060605938826,0.007551770191639662,0.0003983971837442368,0.17643140256404877,0.08843560516834259,0.2718829810619354,0.010411522633744856,0.26565438508987427,0.24592100083827972,1.0758679261302035,0.008548852056264877,0.00039323061355389655,0.12369228899478912,0.11030421406030655,0.24756406247615814,0.0176440329218107,0.16923394799232483,0.2057521790266037,0.8185352569877813,0.013893098570406437,0.0023241955786943436
p41002691_E24_s08,p41002691_E24,plate_41002691,Sorafenib,0.0456431545317173,1.165892481803894,0.2015946805477142,test,49,446.7959183673469,0.4464921911030261,0.9609102496120309,0.06103108450770378,0.14415086805820465,0.06845680624246597,0.04312071330589849,0.5382090210914612,0.05607902258634567,9.429191263345327,0.007812825962901115,0.0020072541665285826,0.13035660982131958,0.0877600908279419,0.20165486633777618,0.010977366255144033,0.12872520089149475,0.1680610328912735,0.7614126016506741,0.007698798086494207,0.00031288780155591667,0.14942802488803864,0.09031394869089127,0.23651337623596191,0.01075445816186557,0.19896700978279114,0.19776900112628937,1.0009961747323768,0.008426981046795845,0.00044491494190879166,0.1996762454509735,0.09585732221603394,0.3096122443675995,0.013957475994513031,0.27784615755081177,0.24847126007080078,1.1137401457464804,0.009671441279351711,0.0006026173359714448,0.12962137162685394,0.12031018733978271,0.2629014849662781,0.020925925925925924,0.13649049401283264,0.211755633354187,0.6415364512845061,0.01587190292775631,0.0030945076141506433
p41002691_I19_s08,p41002691_I19,plate_41002691,Compound_567dbb1e,0.0456431545317173,0.8539767265319824,-0.0420088022947311,test,40,433.275,0.4382715887225922,0.9616145138816101,0.04963823780417442,0.1335684359073639,0.04001273587346077,0.0343244170096022,0.5485230088233948,0.057009097188711166,9.455810129900451,0.006273243576288223,0.001684578019194305,0.09600518643856049,0.06510535627603531,0.17463800311088562,0.0005418381344307271,0.11780600994825363,0.1579865962266922,0.7409807665815996,0.0062589277513325214,0.00027462586876936257,0.09923727810382843,0.07018809020519257,0.17748798429965973,0.0015809327846364883,0.1649009883403778,0.16524165868759155,0.9919354128333548,0.006023213267326355,0.0002944575680885464,0.14709411561489105,0.08875855058431625,0.25748780369758606,0.0030075445816186556,0.2504640221595764,0.22287918627262115,1.1187463485532885,0.008059177547693253,0.0004400179604999721,0.10133660584688187,0.1067235916852951,0.20840851962566376,0.014763374485596708,0.14230740070343018,0.19716233015060425,0.7181354831429159,0.013645658269524574,0.0028652006294578314
p41002691_J13_s08,p41002691_J13,plate_41002691,Retinoic acid,0.0456431545317173,0.8961809873580933,-0.0365345664322376,test,45,400.1333333333333,0.5031638990315392,0.9618261728141801,0.05728049576282501,0.1353682428598404,0.06283167004585266,0.03312071330589849,0.5380445122718811,0.06342872232198715,8.351003913797408,0.006713194772601128,0.0021045696921646595,0.09465783089399338,0.0649263858795166,0.17050084471702576,0.001834705075445816,0.12371046096086502,0.15171152353286743,0.8100925070938695,0.006319668609648943,0.00027042170404456556,0.09936757385730743,0.06985002011060715,0.18188057839870453,0.0015775034293552812,0.1724235564470291,0.16377824544906616,1.0463975749779795,0.005961109418421984,0.0002573076926637441,0.15552453696727753,0.09040438383817673,0.257371723651886,0.005679012345679012,0.2660045027732849,0.23048707842826843,1.1491116678277682,0.008215842768549919,0.00044373804121278226,0.10213503986597061,0.1082635372877121,0.21562612056732178,0.015432098765432098,0.14384488761425018,0.1991448700428009,0.7187038447874733,0.013705207034945488,0.0030267806723713875
p41002691_K20_s08,p41002691_K20,plate_41002691,control,0.0,1.0082859992980957,-0.0556943900883197,test,49,444.7755102040816,0.4132989213672768,0.9672492880791078,0.05677589774131775,0.1353830248117447,0.07047335803508759,0.03635802469135802,0.506543755531311,0.057744100689888,8.622887227525567,0.007268080022186041,0.0016313043888658285,0.10274660587310791,0.06832230091094971,0.17607973515987396,0.0014574759945130316,0.13671749830245972,0.15968340635299683,0.8508501369588364,0.00659644789993763,0.0002585490292403847,0.11732091009616852,0.0788518562912941,0.2079615592956543,0.003165294924554184,0.19522538781166077,0.18548117578029633,1.046890588257908,0.007100181188434362,0.000321647064993158,0.1758323460817337,0.09827477484941483,0.3009054958820343,0.009238683127572016,0.2849739193916321,0.2569904029369354,1.1045911636538381,0.008577059023082256,0.0004375485877972096,0.1054595336318016,0.10489679872989655,0.21688920259475708,0.013436213991769547,0.15785051882266998,0.19478866457939148,0.8062290999419033,0.011717100627720356,0.0017176333349198103
p41002691_L17_s08,p41002691_L17,plate_41002691,Lercanidipine,0.0456431545317173,0.9614656567573548,-0.0173747409135103,test,72,416.0138888888889,0.4116650743583553,0.9652882356259356,0.0882403552532196,0.18079741299152374,0.29845044016838074,0.06345336076817558,0.574199378490448,0.07686762511730194,7.3740450877429256,0.011462181806564331,0.003543948056176305,0.1309896856546402,0.0871681272983551,0.21713784337043762,0.00820644718792867,0.14441557228565216,0.1746489703655243,0.8221828570080676,0.006775813177227974,0.0002249944518553093,0.16763724386692047,0.11002356559038162,0.29581332206726074,0.02112139917695473,0.23343710601329803,0.23291924595832825,0.9979388615799655,0.008578158915042877,0.0004283697926439345,0.2597137987613678,0.13892175257205963,0.436150461435318,0.06453703703703703,0.37475311756134033,0.3479841649532318,1.0738398907341882,0.011674994602799416,0.0007146858260966837,0.16307243704795837,0.17325465381145477,0.3304763734340668,0.042901234567901236,0.2033737301826477,0.2546336054801941,0.7955672721535222,0.01672893390059471,0.0027813275810331106
p41002691_L19_s08,p41002691_L19,plate_41002691,Lapatinib,0.0456431545317173,0.9218991994857788,-0.0611686259508132,test,65,415.18461538461537,0.4434062410910669,0.9668380408496501,0.07961307466030121,0.16388526558876038,0.20526427030563354,0.05728737997256516,0.5591089129447937,0.0738687515258789,7.467854098669373,0.009869048371911049,0.0025116284377872944,0.11579079926013947,0.06478150188922882,0.1837272047996521,0.0026337448559670784,0.12489305436611176,0.15536446869373322,0.7987303983409194,0.006231970153748989,0.0001972695317817852,0.15656933188438416,0.0969267413020134,0.26424160599708557,0.013257887517146776,0.21567264199256897,0.21941854059696198,0.9784686960019804,0.008546296507120132,0.0004857294843532145,0.24443121254444122,0.12758128345012665,0.4124680757522583,0.04659465020576132,0.3464623987674713,0.32676127552986145,1.0570571468742838,0.01097471360117197,0.000704405945725739,0.15789490938186646,0.13009297847747803,0.3130638897418976,0.0310082304526749,0.17942094802856445,0.23973961174488068,0.7452905100582387,0.016134746372699738,0.0025809730868786573
p41002691_L23_s08,p41002691_L23,plate_41002691,Olmesartan,0.0456431545317173,1.0966511964797974,-0.0064262710511684,test,44,460.3636363636364,0.4785760746098093,0.9608342332958341,0.05658137425780296,0.14131048321723938,0.061770323663949966,0.033412208504801096,0.5302618741989136,0.06435050815343857,8.114120137427157,0.007147714961320162,0.0017265710048377514,0.11735501885414124,0.07425682991743088,0.2000877559185028,0.004324417009602195,0.14230941236019135,0.17165051400661469,0.8242628941998927,0.007204943802207708,0.0003171140851918608,0.1294592320919037,0.09061809629201889,0.22402195632457733,0.008058984910836762,0.2061457633972168,0.19655659794807434,1.0434769860300996,0.007261366583406925,0.0003676226770039648,0.18488985300064087,0.10525891184806824,0.30403992533683777,0.016299725651577505,0.29733049869537354,0.26164817810058594,1.1320485862327412,0.009131984785199165,0.0005187096539884806,0.1157645583152771,0.1245109885931015,0.23881269991397858,0.021382030178326475,0.1641717255115509,0.21801576018333435,0.7495886386172647,0.015020626597106457,0.003602842567488551
p41002692_A15_s08,p41002692_A15,plate_41002692,Rifampicin,100.0,0.6131716966629028,0.2050155103206634,test,55,428.3818181818182,0.45032500051063856,0.9632238666023766,0.07139728963375092,0.16695335507392883,0.13266822695732117,0.046848422496570646,0.5839629769325256,0.07948020100593567,7.2559830819689,0.008937808685004711,0.00227806787006557,0.1267603188753128,0.07283277809619904,0.20804864168167114,0.002623456790123457,0.14951641857624054,0.1805725395679474,0.8234528135808172,0.00637457799166441,0.0002326913527213037,0.1544746309518814,0.09791172295808792,0.26945778727531433,0.013436213991769547,0.23656921088695526,0.22263729572296143,1.057825395903614,0.007326454855501652,0.000432145141530782,0.2206379920244217,0.11412786692380905,0.3768284320831299,0.028679698216735255,0.3405783474445343,0.2990609407424927,1.1350305927915256,0.009703930467367172,0.0006141074700281024,0.11278516054153442,0.0995999202132225,0.21932515501976013,0.012887517146776406,0.14219798147678375,0.181779146194458,0.7779770528389485,0.011679788120090961,0.0014946488663554192
p41002692_B10_s08,p41002692_B10,plate_41002692,Pexidartinib,100.0,0.3931070268154144,0.1048232167959213,test,47,345.59574468085106,0.34909270333510173,0.962178268314588,0.05739384889602661,0.16654300689697266,0.0507323294878006,0.045757887517146774,0.6979934573173523,0.07269444316625595,9.471453034018683,0.008560831658542156,0.00311018293723464,0.10416650027036667,0.11597778648138046,0.23807434737682343,0.010510973936899863,0.18090569972991943,0.2478533685207367,0.7269570060685948,0.007872804999351501,0.0005734814330935478,0.1150544136762619,0.12418143451213837,0.2682223618030548,0.01263031550068587,0.27111050486564636,0.2713927626609802,0.9952926143014682,0.007863342761993408,0.0005143490852788091,0.14455106854438782,0.12960824370384216,0.30601346492767334,0.014458161865569273,0.3380797803401947,0.30108094215393066,1.1191695110905746,0.008890495635569096,0.0005690812831744552,0.09384169429540634,0.11828248202800751,0.22997112572193146,0.015243484224965706,0.1940738558769226,0.25377196073532104,0.7617551606416499,0.011289822869002819,0.0018844081787392497
p41002692_C16_s08,p41002692_C16,plate_41002692,Benzethonium (chloride),100.0,0.0163010880351066,0.6734822392463684,test,15,197.53333333333333,0.41764629540368703,0.9528206947535163,0.03075726144015789,0.15257517993450165,0.025896837934851646,0.012866941015089164,1.3004870414733887,0.19003885984420776,6.80744767077199,0.005008407402783632,0.002233322011306882,0.10616254806518555,0.22426967322826385,0.4162226617336273,0.07738340192043895,0.409445196390152,0.45090603828430176,0.9060405520241424,0.011829867959022522,0.0027190265245735645,0.0775458961725235,0.16545948386192322,0.31777626276016235,0.04771604938271605,0.44352903962135315,0.37978091835975647,1.1647879876226181,0.00783535372465849,0.0010686971945688128,0.04674297571182251,0.09752017259597778,0.17262595891952515,0.005665294924554184,0.3923843801021576,0.27345195412635803,1.4297015350144067,0.004277960862964392,0.000132007131469436,0.0772223249077797,0.1555362194776535,0.26327139139175415,0.040877914951989024,0.468636691570282,0.39589279890060425,1.1807639061943396,0.006495002191513777,0.0003476595156826079
p41002692_C20_s08,p41002692_C20,plate_41002692,control,0.0,1.0351191759109497,0.0181704126298427,test,47,473.5744680851064,0.4538581546724329,0.9633063046953318,0.06348667293787003,0.15058086812496185,0.07471874356269836,0.04173525377229081,0.544943630695343,0.06364639848470688,8.429605414511343,0.008041237480938435,0.0021385285072028637,0.13207298517227173,0.1101287305355072,0.22516141831874847,0.022160493827160493,0.18712130188941956,0.2098139375448227,0.8876135234162794,0.007332534063607454,0.00028048944659531116,0.15389089286327362,0.11949847638607025,0.2742621898651123,0.02532578875171468,0.256803959608078,0.24380089342594147,1.0490319541491697,0.008508515544235706,0.0005028421874158084,0.2115882933139801,0.1230100467801094,0.3654516041278839,0.029406721536351165,0.33809971809387207,0.30239105224609375,1.1144024043913616,0.009263448417186737,0.0004715060058515519,0.1267552226781845,0.1240510568022728,0.2842836380004883,0.025054869684499315,0.17166541516780853,0.2181735336780548,0.7832397109587547,0.013632361777126789,0.002188293728977442
p41002692_D12_s08,p41002692_D12,plate_41002692,control,0.0,0.9153687953948976,-0.0007848874665796,test,51,456.3137254901961,0.4244466775591948,0.9617069269199823,0.06760253012180328,0.15352031588554382,0.12863510847091675,0.04479766803840878,0.5460776090621948,0.0734761506319046,7.33224803415474,0.008488612249493599,0.0019376191776245832,0.12163838744163513,0.09999041259288788,0.19651475548744202,0.017232510288065845,0.15651656687259674,0.16921670734882355,0.9195135384204605,0.006855356972664595,0.0001946688862517476,0.15202666819095612,0.11580951511859894,0.25916266441345215,0.021107681755829905,0.24589310586452484,0.22077320516109467,1.10875930970069,0.008675090037286282,0.00043061646283604205,0.22792765498161316,0.12395386397838593,0.36080798506736755,0.03862139917695473,0.35976946353912354,0.3101499378681183,1.1562575458125681,0.009835797362029552,0.00047030046698637307,0.12079372256994247,0.1170060932636261,0.2456694394350052,0.019969135802469135,0.15659216046333313,0.19315430521965027,0.8065345771559255,0.012129425071179867,0.0014781169593334198
p41002692_D21_s08,p41002692_D21,plate_41002692,Compound_f7ec0534,100.0,0.416304737329483,0.0750363171100616,test,48,436.6458333333333,0.37352155314317287,0.9655458064820878,0.06623131036758423,0.15278328955173492,0.0750371441245079,0.04564471879286694,0.57862788438797,0.06777913123369217,8.412840842987023,0.008391983807086945,0.002253512619063258,0.10450732707977295,0.0585809126496315,0.17300821840763092,0.0008539094650205761,0.12548422813415527,0.15074792504310608,0.8269254956765291,0.0065766023471951485,0.00025776217808015645,0.13039718568325043,0.08155500888824463,0.22292381525039673,0.004708504801097394,0.2064545601606369,0.19458329677581787,1.0555838027276936,0.00795042235404253,0.00051294662989676,0.19902531802654266,0.10244584083557129,0.3238913416862488,0.012270233196159122,0.3047768771648407,0.2755407989025116,1.102104566032888,0.009577968157827854,0.0005045748548582196,0.12111695110797882,0.09382399171590805,0.22852760553359985,0.008326474622770919,0.1453222930431366,0.1760535091161728,0.8207817725193127,0.015298925340175629,0.0029173167422413826
p41002692_F11_s08,p41002692_F11,plate_41002692,Mitoxantrone,100.0,0.0087775094434618,0.5922452211380005,test,3,58580.333333333336,0.6960933725400619,0.948691889001617,0.0036749544087797403,0.0019519799388945103,0.00583740184083581,0.0,0.004926812369376421,0.003050168277695775,1.2164463379233683,0.00011763865768443793,3.0548221729986835e-07,0.018163084983825684,0.06206480413675308,0.012662195600569248,0.0035631001371742113,0.025324828922748566,0.021876024082303047,1.107046785386973,0.0021927976049482822,0.00029580973205156624,0.00682058883830905,0.02576996386051178,0.007000686135143042,0.0,0.011134777218103409,0.007535662967711687,1.3045005713350597,0.0009871145011857152,5.304457590682432e-05,0.00013893544382881373,0.004549893084913492,0.002205711556598544,0.0,0.0016620149835944176,-0.0003527180233504623,2.5676830864306512,0.00027511027292348444,4.569722932501463e-06,-0.004115406423807144,0.006016172003000975,-0.0035185853485018015,0.0,-0.0030205948278307915,-0.004630580078810453,0.8319868346824837,0.00026532571064308286,6.5746439759095665e-06
p41002692_G12_s08,p41002692_G12,plate_41002692,control,0.0,0.9304159879684448,-0.0414033867418766,test,57,449.29824561403507,0.3927783254488797,0.9665568067551331,0.07388310134410858,0.15995879471302032,0.16068775951862335,0.04574074074074074,0.5481981039047241,0.0679248496890068,7.953562559486571,0.009300943464040756,0.002401605248451233,0.1236400455236435,0.07784249633550644,0.19795650243759155,0.006320301783264746,0.1484409123659134,0.17195925116539001,0.858242108275369,0.006817239336669445,0.00023435705224983394,0.15695437788963318,0.1065574511885643,0.2579272389411926,0.021217421124828533,0.23555511236190796,0.2208055555820465,1.0619892353182085,0.008734190836548805,0.0005438042571768165,0.25052928924560547,0.13342152535915375,0.39238449931144714,0.04941358024691358,0.3729606568813324,0.3353877663612366,1.108722415549504,0.011839059181511402,0.0007572137983515859,0.1302231401205063,0.12031413614749908,0.270660400390625,0.02332304526748971,0.16676361858844757,0.20513415336608887,0.8090052806158703,0.013623243197798729,0.002080816775560379
p41002692_G23_s08,p41002692_G23,plate_41002692,Haloperidol,100.0,0.0457684397697448,0.3756132125854492,test,5,35372.6,0.814482120142167,0.9000807074177702,0.004315759055316448,0.001885229954496026,0.006580343935638666,0.0,0.0055371420457959175,0.0037720755208283663,1.1603215459663863,0.00010779094009194523,2.4696140599189675e-07,0.007926736027002335,0.0048767258413136005,0.011157776229083538,0.0,0.00964261218905449,0.007194200996309519,1.1767605155642753,0.0005196277052164078,1.3152107385394629e-05,0.006517847068607807,0.004147883038967848,0.010981468483805656,0.0,0.008795813657343388,0.005588762927800417,1.3349719444648116,0.0003405906609259546,3.4648417113203323e-06,0.0032655189279466867,0.003033675719052553,0.006152774672955275,0.0,0.004692665301263332,0.0027708036359399557,1.244473527217649,0.0003609954146668315,3.008963631145889e-06,0.014924134127795696,0.004511714912950993,0.01867556758224964,0.0,0.016657007858157158,0.014410932548344135,1.0808565806062729,0.0003586753155104816,6.1452901718439534e-06
p41002692_H10_s08,p41002692_H10,plate_41002692,control,0.0,0.8407599925994873,-0.0089085875079035,test,48,449.75,0.4155525404065605,0.9631902644511928,0.06511308997869492,0.1570134460926056,0.08129908889532089,0.04423525377229081,0.5759115219116211,0.06871265172958374,8.261219558045061,0.008383303880691528,0.0024673277512192726,0.11961299180984497,0.07206448167562485,0.19488497078418732,0.00441358024691358,0.12585896253585815,0.1666216403245926,0.7508515147097792,0.007345934398472309,0.0003293045738246292,0.13804639875888824,0.08171853423118591,0.23129718005657196,0.005699588477366255,0.2010422796010971,0.1995610147714615,1.0023995931122707,0.0076092202216386795,0.0003942601615563035,0.22342386841773987,0.11247222125530243,0.3603436350822449,0.019156378600823046,0.3403394818305969,0.30201664566993713,1.1231709105555672,0.012004833668470383,0.0009026015177369118,0.10929937660694122,0.09953199326992035,0.22365571558475494,0.010716735253772291,0.12897978723049164,0.189213365316391,0.6780795188390332,0.012831318192183971,0.0020266547799110413
p41002692_I14_s08,p41002692_I14,plate_41002692,Retinoic acid,100.0,0.9310429692268372,-0.1009771898388862,test,56,468.42857142857144,0.42093363439957715,0.9629095635870559,0.07990223914384842,0.17792192101478577,0.17078115046024323,0.0597119341563786,0.5960536003112793,0.06870990991592407,8.550485878265649,0.0100278090685606,0.0029232464730739594,0.12486132234334946,0.08945710957050323,0.18955682218074799,0.012520576131687243,0.1289413422346115,0.1569056510925293,0.816572056430423,0.00696392310783267,0.00026445992989465594,0.15901680290699005,0.09791763871908188,0.2590253949165344,0.015243484224965706,0.21986635029315948,0.20238229632377625,1.081049601009231,0.008428203873336315,0.00047929291031323373,0.25404754281044006,0.12090115994215012,0.38983049988746643,0.04148834019204389,0.3654082417488098,0.31184589862823486,1.1680135279095876,0.010804323479533195,0.0007050684071145952,0.12359839677810669,0.10279994457960129,0.24901659786701202,0.013419067215363512,0.12494729459285736,0.18311327695846558,0.6786435864755394,0.014081530272960663,0.00216015730984509
p41002692_I22_s08,p41002692_I22,plate_41002692,Domperidone,100.0,0.1034492179751396,0.2537577152252197,test,2,288.5,0.34702135059344386,0.9696438665912945,0.0066789668053388596,0.033368878066539764,0.006898747757077217,0.0012139917695473252,0.6637452840805054,0.13747768104076385,4.793157128946417,0.00052238954231143,8.641861495561898e-05,0.019823258742690086,0.08266311883926392,0.01096972357481718,0.012973251028806584,0.6531981229782104,0.6762439608573914,0.9644945702450578,0.001332865678705275,0.0001048937629093416,0.015016987919807434,0.057298194617033005,0.011256005614995956,0.004173525377229081,0.5005075335502625,0.4684428572654724,1.0661734986569895,0.0009841519640758634,5.1691018597921357e-05,0.009215930476784706,0.03129807859659195,0.007545855361968279,3.429355281207133e-06,0.29738661646842957,0.23386213183403015,1.2662178195614078,0.0007296210969798267,2.703004065551795e-05,0.018545085564255714,0.04117046669125557,0.016690725460648537,0.0007921810699588477,0.40426719188690186,0.38634178042411804,1.043696322777913,0.0008861718815751374,4.732703018817119e-05
p41002692_J14_s08,p41002692_J14,plate_41002692,Compound_0a440abe,100.0,0.3473385870456695,-0.0901455879211425,test,55,417.4,0.43555137278238326,0.9674923491497135,0.06487523019313812,0.15246537327766418,0.0843769907951355,0.04791838134430727,0.5527857542037964,0.057468537241220474,9.454413951270888,0.008493105880916119,0.0023002903908491135,0.13102106750011444,0.08604682981967926,0.20353537797927856,0.00904320987654321,0.12670885026454926,0.17286580801010132,0.7287738268653011,0.008186808787286282,0.0003967596567235887,0.14245043694972992,0.08504165709018707,0.22512011229991913,0.008593964334705075,0.1932884007692337,0.19247549772262573,0.9990329682280479,0.008180448785424232,0.000424127618316561,0.2285301238298416,0.10326534509658813,0.3546552062034607,0.01868312757201646,0.33295994997024536,0.29510998725891113,1.1244468754750698,0.01150334719568491,0.0007923624361865222,0.1059119775891304,0.10231978446245193,0.21093468368053436,0.014478737997256515,0.11051119118928909,0.16452176868915558,0.6676535181111161,0.013722765259444714,0.0023819946218281984
p41002692_J22_s08,p41002692_J22,plate_41002692,Compound_567dbb1e,100.0,0.4144238233566284,0.0019230125471949,test,42,384.8095238095238,0.40805046992313637,0.9651006280857013,0.05530466511845589,0.1591067910194397,0.051156867295503616,0.040085733882030176,0.6486521363258362,0.07629316300153732,8.39210236891114,0.007673241198062897,0.002646730048581958,0.11394674330949783,0.1013759970664978,0.2448442280292511,0.004698216735253773,0.1868087500333786,0.22459180653095245,0.8280830447968748,0.008465376682579517,0.0005346748512238264,0.10974495857954025,0.10252000391483307,0.23568977415561676,0.007976680384087791,0.24054287374019623,0.22546087205410004,1.0621829349960823,0.00750165106728673,0.00042720389319583774,0.14840799570083618,0.12373190373182297,0.2975388765335083,0.016886145404663922,0.32662710547447205,0.2796711325645447,1.1637360154926482,0.009207503870129585,0.0006262566312216222,0.10305002331733704,0.1350647211074829,0.24188019335269928,0.024588477366255145,0.19010183215141296,0.2565082907676697,0.7382357732432293,0.01515798456966877,0.0039803762920200825
p41002692_J24_s08,p41002692_J24,plate_41002692,Avapritinib,100.0,0.2482781112194061,0.1833523213863372,test,31,295.9032258064516,0.4375367034249959,0.9581854135315354,0.04190243408083916,0.14568322896957397,0.03375079482793808,0.025819615912208504,0.7788934111595154,0.11647943407297134,6.630040545443149,0.00594945065677166,0.0019938473124057055,0.12141404300928116,0.17269016802310944,0.3971039950847626,0.05159807956104252,0.3597530424594879,0.4623960256576538,0.7763403709579182,0.009189018979668617,0.0008107828907668591,0.11050037294626236,0.16089381277561188,0.354701429605484,0.038093278463648836,0.4182763993740082,0.4250953793525696,0.9816496954497794,0.007822660729289055,0.0005883263656869531,0.1204095408320427,0.1559104323387146,0.3411887586116791,0.033106995884773664,0.45657411217689514,0.3915077745914459,1.1632231046942565,0.0069388942793011665,0.00045636630966328084,0.06653786450624466,0.10520907491445541,0.2020028829574585,0.009170096021947873,0.23940296471118927,0.27190929651260376,0.8772253923571743,0.006703889928758144,0.0007533046300522983
p41002692_K10_s08,p41002692_K10,plate_41002692,Lapatinib,100.0,0.045141477137804,0.1129469126462936,test,1,190.0,0.9302628197828788,0.9547738693467337,0.007847140543162823,0.0030297867488116026,0.010188919492065907,0.0,0.08824475854635239,0.014961091801524162,5.528741996078594,0.00013925900566391647,6.966509431549639e-07,0.008667143061757088,0.012766784057021141,0.011784616857767105,0.0002777777777777778,0.4717654287815094,0.039202429354190826,11.734749276596418,0.00037625720142386854,1.886756217572838e-05,0.014473597519099712,0.010022596456110477,0.019629376009106636,1.7146776406035666e-05,0.34142473340034485,0.0313645675778389,10.549337097713297,0.00035501393722370267,1.2591985978360754e-05,0.023291364312171936,0.012346403673291206,0.029022522270679474,7.544581618655693e-05,0.28145554661750793,0.08134729415178299,3.417908864117958,0.0007063043303787708,6.290950841503218e-05,0.026289980858564377,0.015690065920352936,0.030133524909615517,0.0003635116598079561,0.5149679780006409,0.06249917298555374,8.10983755832218,0.00048370115109719336,5.357388363336213e-05
p41002692_K11_s08,p41002692_K11,plate_41002692,Duvelisib,100.0,0.3636396825313568,0.0506652146577835,test,13,269.3076923076923,0.42018556714395294,0.9659780153850309,0.016376713290810585,0.08191175013780594,0.0106134582310915,0.009310699588477366,0.7147408127784729,0.0653727799654007,10.768583343217783,0.0022773139644414186,0.0008025889401324093,0.05717404559254646,0.14116936922073364,0.16630101203918457,0.0314883401920439,0.4138646721839905,0.5508118867874146,0.7500104330725151,0.005241977050900459,0.0007012488204054534,0.040565818548202515,0.09949158877134323,0.12107069045305252,0.010589849108367628,0.3542712330818176,0.3850075304508209,0.9177832169959528,0.003489802125841379,0.0002680925535969436,0.035200271755456924,0.0801403820514679,0.12897609174251556,0.004403292181069959,0.3348614275455475,0.289213091135025,1.1538467346042267,0.0029522462282329798,0.0002345218090340495,0.041501715779304504,0.10974891483783722,0.09653554856777191,0.014002057613168724,0.35425785183906555,0.40095072984695435,0.8813464574972952,0.004597704857587814,0.000935336051043123
p41002692_K13_s08,p41002692_K13,plate_41002692,Olmesartan,100.0,0.797499418258667,-0.0738981887698173,test,78,389.3974358974359,0.418341192443355,0.9646131143729536,0.09357389807701111,0.18782518804073334,0.3328486382961273,0.07672496570644718,0.6090322136878967,0.07374110072851181,8.148558259800508,0.012403476983308792,0.003447102615609765,0.12069763243198395,0.05810599774122238,0.18849119544029236,8.573388203017832e-05,0.12011845409870148,0.1484311819076538,0.8038379444320587,0.006400574464350939,0.00022307087783701718,0.17034170031547546,0.09370370209217072,0.2774193584918976,0.010751028806584363,0.22086922824382782,0.21505509316921234,1.0222819791193032,0.009597298689186573,0.0006624074885621667,0.2814318835735321,0.13203655183315277,0.4548409581184387,0.07294581618655693,0.3871603310108185,0.34634214639663696,1.1146367782523932,0.012581522576510906,0.0008701100014150143,0.13868564367294312,0.10615760087966919,0.268856018781662,0.014365569272976681,0.14456935226917267,0.1950100064277649,0.7375610812116904,0.014490878209471703,0.0020022052340209484
p41002692_K14_s08,p41002692_K14,plate_41002692,Sunitinib,100.0,0.0125392992049455,0.5516267418861389,test,7,276.7142857142857,0.5987767802830507,0.9580148648570707,0.004637771286070347,0.006810175720602274,0.00636807456612587,0.0,0.06228784844279289,0.019838601350784302,2.98906089685566,0.00024340696108993143,8.37365587358363e-06,0.04795229807496071,0.23619700968265533,0.020184291526675224,0.021882716049382717,1.4347572326660156,1.4210163354873657,1.0089597403775838,0.005914508365094662,0.005083881784230471,0.03977829962968826,0.14475077390670776,0.025806451216340065,0.01948559670781893,0.9789745211601257,0.866661787033081,1.1282904650067305,0.0034878896549344063,0.00164492626208812,0.010642812587320805,0.041753195226192474,0.007661945652216673,0.0002160493827160494,0.3749326169490814,0.2248450517654419,1.660132086216699,0.001083998940885067,4.569368684315123e-05,0.030462447553873062,0.06995999813079834,0.024630097672343254,0.009259259259259259,0.6435505747795105,0.36697444319725037,1.7489001931434116,0.0017403151141479611,0.00020039535593241453
p41002692_K16_s08,p41002692_K16,plate_41002692,Tadalafil,100.0,0.6156795620918274,0.0614968128502368,test,60,407.81666666666666,0.374963830637002,0.9584552690408791,0.07482311874628067,0.16896146535873413,0.14211420714855194,0.05603909465020576,0.59368497133255,0.07688294351100922,7.62278548509956,0.009877636097371578,0.0027820200193673372,0.11962870508432388,0.08097200095653534,0.19193881750106812,0.0071262002743484225,0.14168410003185272,0.17528297007083893,0.8037310692854635,0.006556254345923662,0.0002528972690925002,0.14229434728622437,0.09877166152000427,0.24543583393096924,0.013034979423868312,0.22742898762226105,0.21458308398723602,1.0549482056566477,0.0070039876736700535,0.0003479429869912565,0.2201724350452423,0.13326898217201233,0.37660783529281616,0.03410150891632373,0.3582504093647003,0.3127587139606476,1.141802262134568,0.011351472698152065,0.0012735571945086122,0.11954683065414429,0.10750336945056915,0.2445867955684662,0.012506858710562414,0.16141226887702942,0.19506651163101196,0.8232526173607851,0.011540963314473629,0.0014295581495389342
p41002692_K21_s08,p41002692_K21,plate_41002692,Thalidomide,100.0,0.95925635099411,-0.0251559875905513,test,48,446.9375,0.45897271808454815,0.9652053036288807,0.058039646595716476,0.1431271880865097,0.06697092205286026,0.036714677640603564,0.5279673933982849,0.05800411477684975,8.94797583855004,0.007677906192839146,0.0020974576473236084,0.09892961382865906,0.052987657487392426,0.16755469143390656,3.7722908093278466e-05,0.10656007379293442,0.13632813096046448,0.7759522615480152,0.006100205238908529,0.0002354751923121512,0.10983335226774216,0.06296383589506149,0.1855868250131607,0.001059670781893004,0.1628185212612152,0.15550921857357025,1.040312658545919,0.006519007030874491,0.000368775159586221,0.16704131662845612,0.082221120595932,0.26456931233406067,0.0037722908093278463,0.25972655415534973,0.22565443813800812,1.1459142661799733,0.009548461064696312,0.0006252682069316506,0.11027652770280838,0.10544972866773605,0.21481414139270782,0.014763374485596708,0.12898020446300507,0.1854592114686966,0.6917341516520288,0.015711389482021332,0.0033144657500088215
p41002692_L16_s08,p41002692_L16,plate_41002692,Sorafenib,100.0,0.0200628787279129,0.4676818251609802,test,5,34080.2,0.7251279245192649,0.9065193489751708,0.004212495405226946,0.0025209703017026186,0.006474209483712912,0.0,0.0055508678779006,0.003691288409754634,1.1832288687173094,0.00011952687782468274,3.316979189094127e-07,0.012043456546962261,0.08455091714859009,0.01065630279481411,0.00291838134430727,0.01728990115225315,0.006485088262706995,2.309912795336929,0.0009030164801515639,0.00024898143601603806,0.008444789797067642,0.049200817942619324,0.010157858952879906,0.0021296296296296298,0.01275539305061102,0.004885045345872641,2.1674247692172433,0.0005974487285129726,8.22160072857514e-05,0.004869344178587198,0.01292539481073618,0.0070814951322972775,0.0,0.006946292240172625,0.0036564581096172333,1.4917544787584525,0.00034664166742004454,7.520282906625653e-06,0.025048144161701202,0.02880105935037136,0.02751714177429676,0.0012791495198902607,0.028103819116950035,0.02338235080242157,1.152629594442504,0.0005012659821659327,3.554814975359477e-05
p41002692_L18_s08,p41002692_L18,plate_41002692,Lercanidipine,100.0,0.9034565091133118,-0.0955613851547241,test,47,345.97872340425533,0.40777248313086095,0.9673524893919399,0.054610371589660645,0.15225808322429657,0.047548290342092514,0.039540466392318244,0.6355040669441223,0.0630352720618248,9.924281516764005,0.00777013972401619,0.0025529079139232635,0.10413498431444168,0.08821726590394974,0.19294176995754242,0.006117969821673525,0.12715008854866028,0.16805022954940796,0.7521438384767078,0.007544891443103552,0.00037448533112183213,0.10868377238512039,0.09047266840934753,0.2090597152709961,0.006097393689986283,0.19203373789787292,0.18018579483032227,1.0598719291305898,0.007430435158312321,0.0003759617393370718,0.14668206870555878,0.09818733483552933,0.263756662607193,0.0056550068587105625,0.27154815196990967,0.2297641634941101,1.1767344974985274,0.0088877584785223,0.0005034725763835013,0.10028078407049179,0.10301709920167923,0.21923492848873138,0.010617283950617284,0.14494022727012634,0.18428078293800354,0.7822733959334818,0.011835247278213501,0.0016358133871108294
p41002692_L20_s08,p41002692_L20,plate_41002692,control,0.0,1.000636100769043,-0.0143243875354528,test,56,431.76785714285717,0.43741406359742413,0.9636684484053436,0.06645005196332932,0.15004843473434448,0.11961366981267929,0.0453360768175583,0.5355069637298584,0.06283479183912277,8.388951358679913,0.00850609876215458,0.0020268394146114588,0.11904960125684738,0.06449560075998306,0.19375665485858917,0.0005555555555555556,0.12174689024686813,0.16516539454460144,0.7326849888361643,0.006894783582538366,0.0002661939652170986,0.13402137160301208,0.07872748374938965,0.2216884046792984,0.004269547325102881,0.18795143067836761,0.19152683019638062,0.97623500312478,0.007673490326851606,0.0004155527276452631,0.20344360172748566,0.10619799047708511,0.3193638324737549,0.015723593964334703,0.3027571439743042,0.27641478180885315,1.0913518811081693,0.009682919830083847,0.000546386232599616,0.10991735756397247,0.09952454268932343,0.22682243585586548,0.010905349794238683,0.11602048575878143,0.173195481300354,0.666036138783272,0.014064951799809933,0.0024411717895418406
p41002692_M10_s08,p41002692_M10,plate_41002692,Raltegravir,100.0,0.9529867172241212,-0.136179894208908,test,54,452.31481481481484,0.36223490932713426,0.9632388422141184,0.06748159229755402,0.14783994853496552,0.14604118466377258,0.041584362139917695,0.5196191072463989,0.06608478724956512,7.745707015710441,0.008678656071424484,0.002104791346937418,0.1276625245809555,0.09879410266876221,0.22365699708461761,0.01539437585733882,0.15984122455120087,0.1828630268573761,0.8693494678252571,0.00727898720651865,0.00024239088816102594,0.16608668863773346,0.13277126848697662,0.31161290407180786,0.0350960219478738,0.26082563400268555,0.24281910061836243,1.0697506197881625,0.009605935774743557,0.000565038004424423,0.24180416762828827,0.15161578357219696,0.42616671323776245,0.06620713305898492,0.38013240694999695,0.33375105261802673,1.135567473132798,0.01174936443567276,0.000718086666893214,0.13464604318141937,0.12851230800151825,0.27995309233665466,0.029924554183813443,0.1738205850124359,0.2154320329427719,0.8031185709852703,0.014352218247950077,0.0023710415698587894
p41002692_M18_s08,p41002692_M18,plate_41002692,Compound_fdb8d1f5,100.0,0.559879720211029,-0.0576507896184921,test,57,395.5438596491228,0.3684590982064136,0.966328471229758,0.07130609452724457,0.1693352460861206,0.11250265687704086,0.05560699588477366,0.6091725826263428,0.073651522397995,8.160216470584718,0.009873492643237114,0.002844591159373522,0.127900630235672,0.10343493521213531,0.21600952744483948,0.015370370370370371,0.16806840896606445,0.2022334784269333,0.8269720632001513,0.008108043111860752,0.0003981484333053231,0.14552225172519684,0.11186063289642334,0.26465338468551636,0.020459533607681754,0.2449406385421753,0.23410575091838837,1.0418317611771262,0.009179851040244102,0.0005301430937834084,0.21590836346149445,0.12293460965156555,0.3644067943096161,0.029262688614540466,0.35076841711997986,0.31777119636535645,1.1003767627673302,0.010832812637090683,0.0006441539735533297,0.11117859184741974,0.1041715070605278,0.23321905732154846,0.013233882030178326,0.16509532928466797,0.1959870606660843,0.8381024049316799,0.01161403488367796,0.0013099677162244916
p41002692_M21_s08,p41002692_M21,plate_41002692,Vitamin K1,100.0,0.6420121192932129,-0.0305717885494232,test,28,432.82142857142856,0.5122530925933192,0.9584837317592728,0.0363621786236763,0.11451159417629242,0.02770112454891205,0.019248971193415638,0.5412800908088684,0.06016920879483223,8.848898023585315,0.004573075566440821,0.0011554074008017778,0.07668798416852951,0.0612863153219223,0.16222654283046722,0.00018861454046639232,0.1118718832731247,0.14826056361198425,0.749507308333267,0.005123447626829147,0.00022577329946216196,0.07757367938756943,0.06401784718036652,0.15964309871196747,7.20164609053498e-05,0.16601023077964783,0.1559343785047531,1.0578321484519075,0.004629549104720354,0.00019010754476767033,0.10779890418052673,0.07029331475496292,0.1953796148300171,0.00016117969821673525,0.2321939915418625,0.19157251715660095,1.2057483329931298,0.006504637189209461,0.00035009789280593395,0.07549001276493073,0.09884444624185562,0.1608625054359436,0.010884773662551441,0.13111543655395508,0.19001412391662598,0.6864174955522371,0.010209258645772934,0.002112072426825762
p41002692_O13_s08,p41002692_O13,plate_41002692,Lopinavir,100.0,0.5366820096969604,0.2564656138420105,test,20,343.85,0.3212714348407223,0.9642286004993409,0.026308977976441383,0.10947832465171814,0.018361281603574753,0.019612482853223593,0.6900491714477539,0.06271632760763168,10.830021084973872,0.003769021714106202,0.0013390338281169534,0.062086321413517,0.0947442352771759,0.20698301494121552,0.0029526748971193417,0.198208287358284,0.2765553891658783,0.714121559498262,0.005290642846375704,0.0004009756667073816,0.053349755704402924,0.08177946507930756,0.17927247285842896,0.0012997256515775034,0.2295532077550888,0.23507808148860931,0.9723613742860947,0.004277493804693222,0.0002522952272556722,0.06101914867758751,0.08434481173753738,0.18574413657188416,0.0013820301783264747,0.2687270939350128,0.22371642291545868,1.1958498201803058,0.004231271333992481,0.0002701618068385869,0.052859313786029816,0.08730784058570862,0.15400578081607819,0.005462962962962963,0.19862912595272064,0.22424310445785522,0.8818433151629986,0.0055641490034759045,0.0006706288550049067
p41002692_O14_s08,p41002692_O14,plate_41002692,Tenapanor (hydrochloride),100.0,0.1109727919101715,0.1562733203172683,test,53,430.9622641509434,0.4786649581128616,0.9617312071532808,0.06698226183652878,0.15992280840873718,0.09116960316896439,0.04472908093278464,0.570763349533081,0.06752733886241913,8.32898751079464,0.00860542617738247,0.0023046014830470085,0.11644048988819122,0.08460777252912521,0.18905535340309143,0.006841563786008231,0.1346588432788849,0.16074150800704956,0.8325558784391681,0.007248797919601202,0.00034882998443208635,0.16110879182815552,0.1455448418855667,0.27783116698265076,0.021913580246913582,0.23022326827049255,0.22574831545352936,1.0153251538385755,0.01258833147585392,0.0028144263196736574,0.24804151058197021,0.19876506924629211,0.39946597814559937,0.05032235939643347,0.34836938977241516,0.329962819814682,1.0525937323336794,0.018540631979703903,0.006523306015878916,0.47032010555267334,0.747789204120636,1.3650306463241577,0.20175925925925925,0.4361613392829895,0.5902417898178101,0.7377038409571687,0.07153403013944626,0.08550038933753967
p41002692_P17_s08,p41002692_P17,plate_41002692,Rivaroxaban,100.0,0.4125429391860962,0.2077234089374542,test,54,315.5,0.3586042693658547,0.9593385795318702,0.06926777958869934,0.18392300605773926,0.08703035116195679,0.04795610425240055,0.7461692094802856,0.10788542032241821,6.852792662881958,0.010185213759541512,0.003164231078699231,0.13280987739562988,0.12138611823320389,0.2964332699775696,0.013124142661179698,0.22215712070465088,0.27163630723953247,0.8148478937160352,0.009919853881001472,0.00057844421826303,0.1409488320350647,0.1340850293636322,0.3310912847518921,0.021618655692729766,0.3182133436203003,0.3016781806945801,1.0513256782833518,0.010209070518612862,0.0006342282285913825,0.17726705968379974,0.14168231189250946,0.375319242477417,0.02886488340192044,0.40088409185409546,0.3442879319190979,1.161013909828809,0.010883704759180546,0.0006936599384061992,0.12891466915607452,0.1459287852048874,0.3226272165775299,0.030867626886145406,0.2550305128097534,0.31251248717308044,0.81346205731499,0.015703696757555008,0.0025098039768636227
p41002692_P23_s08,p41002692_P23,plate_41002692,Oxyphenbutazone,100.0,0.5548639893531799,0.3404105305671692,test,17,365.3529411764706,0.44690515013665255,0.9596221242540767,0.02233104035258293,0.09001339226961136,0.016132455319166183,0.011234567901234569,0.5726301074028015,0.08051145076751709,7.025149252171068,0.0028638073708862066,0.0007510993164032698,0.07553589344024658,0.14194266498088837,0.2442173957824707,0.016872427983539096,0.2986639142036438,0.3830544054508209,0.7776604303055923,0.006008052732795477,0.00048762705409899354,0.05980096384882927,0.10947165638208389,0.1958819478750229,0.00973593964334705,0.29574504494667053,0.305155485868454,0.9659962293595598,0.004505202639847994,0.00026853856979869306,0.0558554008603096,0.08317116647958755,0.17680519819259644,0.001855281207133059,0.2734823524951935,0.2283250242471695,1.192553465950714,0.003778461366891861,0.00018335758068133146,0.03987906128168106,0.0832028016448021,0.11042945086956024,0.005922496570644719,0.20990343391895294,0.24157091975212097,0.8653281033581833,0.004985210485756397,0.0008599183638580143
p41002693_A14_s08,p41002693_A14,plate_41002693,Prazosin,100.0,0.0293526668101549,0.5924547910690308,test,2,589.0,0.4577127366648668,0.9695871761089152,0.004770476836711168,0.003198564052581787,0.006898747757077217,0.0,0.04093848913908005,0.012545456178486347,3.0223042029474687,0.00013568205758929253,4.6416653276537545e-07,0.016526274383068085,0.08743402361869812,0.012724879197776318,0.006111111111111111,1.1439809799194336,0.4794335663318634,2.3811429094219854,0.0013785342453047633,0.00030075700487941504,0.01163289975374937,0.05514438822865486,0.011667810380458832,0.004255829903978052,0.7534144520759583,0.27248671650886536,2.754848431739227,0.0009023722377605736,0.00010096052574226633,0.005458701401948929,0.022116322070360184,0.006849315017461777,0.00047325102880658434,0.30502206087112427,0.09436352550983429,3.198519132345512,0.0005467270966619253,1.4174187526805326e-05,0.014297211542725563,0.026713913306593895,0.015427643433213234,0.0007441700960219478,0.36603084206581116,0.13150297105312347,2.7624349790546283,0.0005427016294561327,1.9728078768821433e-05
p41002693_A22_s08,p41002693_A22,plate_41002693,Istradefylline,100.0,0.2491853982210159,0.223704531788826,test,50,444.76,0.3764415422994049,0.9657938492258729,0.06933548301458359,0.1542169749736786,0.11536828428506851,0.04295267489711934,0.5621930360794067,0.07634884119033813,7.268280008177186,0.008587914519011974,0.002004466950893402,0.13414599001407623,0.076467365026474,0.22340625524520874,0.0027400548696844993,0.13692942261695862,0.19111666083335876,0.7127410086298067,0.007697870954871178,0.00034037171280942857,0.1508200615644455,0.09259440749883652,0.2636925280094147,0.006526063100137174,0.20643706619739532,0.21986928582191467,0.9346571906962385,0.008779946714639664,0.0005857206997461617,0.19442498683929443,0.10009731352329254,0.32621315121650696,0.009276406035665295,0.28550460934638977,0.2638726830482483,1.0778937490295413,0.008297745138406754,0.00036215168074704707,0.09683433175086975,0.0907449796795845,0.2041681706905365,0.005332647462277092,0.10937326401472092,0.1586640328168869,0.6850213043294309,0.011351794004440308,0.0016076099127531052
p41002693_B12_s08,p41002693_B12,plate_41002693,control,0.0,1.0117301940917969,0.0297692120075225,test,59,447.49152542372883,0.4605365197295681,0.961497837600115,0.075672946870327,0.1640876829624176,0.16535767912864685,0.05485939643347051,0.562536358833313,0.0672152042388916,8.246495266118306,0.00954742357134819,0.0025605433620512486,0.11157380789518356,0.06622215360403061,0.1725694239139557,0.0050685871056241425,0.1273839771747589,0.14780861139297485,0.856025575283156,0.006104696076363325,0.00022259901743382215,0.15911312401294708,0.09341417253017426,0.2588881254196167,0.010768175582990399,0.22522589564323425,0.21413113176822662,1.0469237705953376,0.008259749971330166,0.000564958609174937,0.24515493214130402,0.11718234419822693,0.3877408802509308,0.035888203017832646,0.34127482771873474,0.30971217155456543,1.0983632408452402,0.011855453252792358,0.0009108050726354122,0.133231982588768,0.1138342022895813,0.2607361972332001,0.019979423868312758,0.14103767275810242,0.20553362369537354,0.6828799603406258,0.016176234930753708,0.0031449799425899982
p41002693_B17_s08,p41002693_B17,plate_41002693,Tolterodine,100.0,0.5502063632011414,0.2592138051986694,test,39,350.0,0.35850970737019694,0.9636594308805263,0.04860100895166397,0.1431417316198349,0.03948206454515457,0.03724622770919067,0.6591615676879883,0.07497674971818924,8.675832674244836,0.0066194552928209305,0.0019213027553632855,0.1253461241722107,0.13508686423301697,0.27900707721710205,0.018724279835390947,0.2498628944158554,0.30398422479629517,0.819264978648465,0.009030762128531933,0.0005761206848546863,0.11956308037042618,0.1257493644952774,0.27343857288360596,0.013679698216735254,0.29341381788253784,0.2915344834327698,1.0030059172493084,0.008347251452505589,0.0005335700116120279,0.14342330396175385,0.1303219497203827,0.3158811330795288,0.013672839506172839,0.33292636275291443,0.3023532032966614,1.097487546315218,0.009232720360159874,0.0006128002423793077,0.0951731950044632,0.12280167639255524,0.22329483926296234,0.017513717421124828,0.2026786059141159,0.24926528334617615,0.8098550594161452,0.011383318342268467,0.00209349999204278
p41002693_C11_s08,p41002693_C11,plate_41002693,Loratadine,100.0,0.640762448310852,0.0652784928679466,test,45,411.44444444444446,0.415168273851628,0.9649988536652627,0.05818730592727661,0.15522952377796173,0.06803226470947266,0.04224965706447188,0.6017140746116638,0.07159985601902008,8.28808909006684,0.00782514363527298,0.0022408177610486746,0.10219068825244904,0.11027485877275467,0.18040494620800018,0.014266117969821674,0.1544484794139862,0.18350304663181305,0.8371053065708853,0.006199814844876528,0.00023614025849383324,0.11535917222499847,0.10793126374483109,0.20645160973072052,0.01609739368998628,0.22400851547718048,0.21180737018585205,1.0526351379726466,0.006381926592439413,0.0002785702235996723,0.16223159432411194,0.12275387346744537,0.29626190662384033,0.016776406035665294,0.3073563277721405,0.2751341462135315,1.1130688905618549,0.009443537332117558,0.0007745526963844895,0.1089208647608757,0.12824605405330658,0.24323348701000214,0.022002743484224967,0.1708945631980896,0.22443002462387085,0.758082529082923,0.013866026885807514,0.0024680770002305508
p41002693_C15_s08,p41002693_C15,plate_41002693,Ethacrynic acid,100.0,0.0518355593085289,0.5460195541381836,test,1,185.0,0.28320435131285765,0.9685863874345549,0.005563162732869387,0.03131192550063133,0.006792612839490175,0.000644718792866941,1.088752031326294,0.1611071079969406,6.716251031674944,0.00037693820195272565,0.00013047356333117932,0.010566065087914467,0.023469453677535057,0.012348774820566177,0.0001748971193415638,0.44162532687187195,0.3226644694805145,1.364454144690908,0.000872530450578779,6.536541332025081e-05,0.008550151251256466,0.0193787831813097,0.011805078946053982,2.05761316872428e-05,0.42974787950515747,0.28693220019340515,1.4925315029597044,0.0006081226747483015,2.0166840840829536e-05,0.0058156223967671394,0.011483004316687584,0.008242395706474781,0.0,0.25453850626945496,0.1607697755098343,1.5734614545099685,0.000693209411110729,1.4301526789495256e-05,0.01398629043251276,0.012988369911909103,0.016149405390024185,0.0,0.2612570524215698,0.2049623727798462,1.268469812691604,0.0005885755526833236,1.1683159755193628e-05
p41002693_C21_s08,p41002693_C21,plate_41002693,Isradipine,100.0,0.6757358312606812,0.0543525628745555,test,43,394.72093023255815,0.4577180003142699,0.9636847329661916,0.04659514129161835,0.1282973289489746,0.03353852778673172,0.031296296296296294,0.5318723320960999,0.050900090485811234,10.248003945995169,0.006238275673240423,0.0017630511429160833,0.09889624267816544,0.07489366084337234,0.18297499418258667,0.0029526748971193417,0.1252216100692749,0.17053155601024628,0.7300208368761891,0.00641039852052927,0.00030004241853021085,0.10441502928733826,0.08010362833738327,0.19492107629776,0.004567901234567902,0.18323831260204315,0.18459388613700867,0.9873079141560375,0.005969691090285778,0.0002901492116507143,0.13361749053001404,0.08723350614309311,0.23821686208248138,0.0034945130315500684,0.2449037879705429,0.21780940890312195,1.1192562019989472,0.007586311548948288,0.000414572365116328,0.08001137524843216,0.09361044317483902,0.1639299839735031,0.008635116598079562,0.11899789422750473,0.16960251331329346,0.6975154815508356,0.010720983147621155,0.001908081234432757
p41002693_C24_s08,p41002693_C24,plate_41002693,Fluspirilene,100.0,0.0955522954463958,0.611575186252594,test,4,43689.75,0.8972543799454002,0.8399864294205739,0.004703018348664045,0.001937144435942173,0.007004882209002972,0.0,0.005975807085633278,0.0041662887670099735,1.1566924256717108,0.0001109920849557966,2.6306437916900904e-07,0.009259315207600594,0.010513861663639545,0.01216072216629982,3.7722908093278466e-05,0.011317668482661247,0.008129735477268696,1.2396491125991642,0.0006518329028040171,3.661578375613317e-05,0.00873617921024561,0.0077149514108896255,0.013040494173765182,2.400548696844993e-05,0.011326082050800323,0.0074962349608540535,1.3330707193226927,0.0004674647643696517,1.578742012497969e-05,0.005770485382527113,0.005644593387842178,0.008706756867468357,1.02880658436214e-05,0.007397820241749287,0.005059854593127966,1.2207917084575939,0.0005793360178358853,1.4467899745795876e-05,0.0192739088088274,0.007290695793926716,0.022645253688097,0.0,0.021339772269129753,0.018404819071292877,1.099715085759259,0.000565850583370775,1.4319056390377227e-05
p41002693_D10_s08,p41002693_D10,plate_41002693,Compound_255ef47f,100.0,0.0193602684885263,0.4558806121349334,test,5,35353.0,0.5997449318527662,0.936851785443688,0.004305039532482624,0.0018861740827560425,0.006580343935638666,0.0,0.005527964793145657,0.003731731791049242,1.1682751764591994,0.00010872320126509294,2.5262181679863716e-07,0.00798851903527975,0.008623849600553513,0.011032408103346825,4.11522633744856e-05,0.009779312647879124,0.006951070856302977,1.2299365487514,0.0005873250775039196,5.2516064897645265e-05,0.006022416055202484,0.005127696320414543,0.010295126587152481,3.429355281207133e-06,0.008302468806505203,0.004891369491815567,1.4092595648667416,0.00036222030757926404,1.0481667231942993e-05,0.0028757655527442694,0.00434311106801033,0.005572324153035879,0.0,0.00430337293073535,0.0022540350910276175,1.3224728100201137,0.00025324858142994344,9.11920506041497e-06,0.020466329529881477,0.005528622772544622,0.024359436705708504,3.429355281207133e-06,0.022412022575736046,0.01983482576906681,1.075700023803937,0.0003521967737469822,1.3779933397017885e-05
p41002693_D12_s08,p41002693_D12,plate_41002693,control,0.0,0.8755837678909302,-0.0494438037276268,test,49,421.2857142857143,0.46447710471856063,0.9627864017225771,0.05798450484871864,0.14685207605361938,0.04765442758798599,0.0393278463648834,0.5509429574012756,0.054829902946949005,9.868241360275974,0.007631951477378607,0.0021932823583483696,0.1127634197473526,0.05893038958311081,0.1859838217496872,0.001107681755829904,0.12107407301664352,0.16022643446922302,0.7509567113806992,0.007165209390223026,0.0003063611511606723,0.12729746103286743,0.06677522510290146,0.2101578563451767,0.0014643347050754458,0.1909007579088211,0.18282859027385712,1.0384715327709813,0.007306305691599846,0.0003718402876984328,0.1919422596693039,0.0836028903722763,0.3002089560031891,0.0030864197530864196,0.29453590512275696,0.25325247645378113,1.158438687523654,0.009995521977543831,0.0006131033296696842,0.10169384628534317,0.0987437516450882,0.18631359934806824,0.011796982167352537,0.11720223724842072,0.1741964966058731,0.6689759185771968,0.01374021265655756,0.002986075123772025
p41002693_E19_s08,p41002693_E19,plate_41002693,Irinotecan,100.0,0.4708917140960693,0.163611888885498,test,37,388.1621621621622,0.3769701338381896,0.9651550774534245,0.054940614849328995,0.15405316650867462,0.05476544424891472,0.03748628257887517,0.6711815595626831,0.09086092561483383,7.3064968055830235,0.007177339401096106,0.0018548981752246618,0.12352466583251953,0.13876689970493317,0.28126996755599976,0.020438957475994512,0.234270840883255,0.3028544485569,0.7709969098556254,0.009619160555303097,0.0006688500288873911,0.12105666846036911,0.13847088813781738,0.28483185172080994,0.0217798353909465,0.2913990318775177,0.30800533294677734,0.9430226627438429,0.009486258029937744,0.0006789522594772279,0.14108794927597046,0.12365828454494476,0.2963779866695404,0.015356652949245542,0.3134170174598694,0.2983100712299347,1.0471315454637593,0.008552199229598045,0.00046688367729075253,0.11095262318849564,0.13435451686382294,0.29105016589164734,0.019681069958847736,0.23986534774303436,0.2996659278869629,0.797780278692613,0.01202691812068224,0.0016981265507638454
p41002693_E21_s08,p41002693_E21,plate_41002693,Gabapentin enacarbil,100.0,0.9911208748817444,-0.0467123202979564,test,51,422.1372549019608,0.4013914414566658,0.9659504531382327,0.061703894287347794,0.14836306869983673,0.07938866317272186,0.03968792866941015,0.5480864644050598,0.06361697614192963,8.482081600370794,0.008075072430074215,0.0022846125066280365,0.11769935488700867,0.08079791069030762,0.19407008588314056,0.005291495198902606,0.1415170580148697,0.18222235143184662,0.7723787895360021,0.006756255868822336,0.0003120104083791375,0.1406000703573227,0.09741142392158508,0.24255318939685822,0.011553497942386831,0.22800405323505402,0.22519885003566742,1.0079806029036043,0.007159840781241655,0.00033922871807590127,0.19990089535713196,0.11244392395019531,0.3317854702472687,0.02310013717421125,0.3189068138599396,0.2964196801185608,1.0722451645863291,0.010427148081362247,0.0006640536012127995,0.1258082538843155,0.1297105997800827,0.27165284752845764,0.028525377229080932,0.17622177302837372,0.23766370117664337,0.7383685586018203,0.015548010356724262,0.0031951861456036568
p41002693_E22_s08,p41002693_E22,plate_41002693,Macitentan,100.0,0.8974421620368958,-0.0439808368682861,test,54,403.9074074074074,0.43387385317696414,0.9634404578086717,0.06352908909320831,0.1509522944688797,0.07121630012989044,0.04497599451303155,0.5608018040657043,0.05812131240963936,9.485611553749425,0.00854287389665842,0.002542116679251194,0.1199648454785347,0.07359433174133301,0.19864602386951447,0.003991769547325103,0.133733332157135,0.16733640432357788,0.7944409451687675,0.007179921958595514,0.0003022295131813735,0.14758354425430298,0.09488528966903687,0.2551818788051605,0.011659807956104253,0.21975962817668915,0.21237701177597046,1.029912390034874,0.008432187139987946,0.0004966097185388207,0.2014930248260498,0.10148391872644424,0.33224982023239136,0.018446502057613168,0.307218998670578,0.27513524889945984,1.1125671202608243,0.010047485120594501,0.0005770749412477016,0.1277536153793335,0.11611918359994888,0.2677733600139618,0.0203360768175583,0.1432599425315857,0.20025146007537842,0.7118454816572656,0.015813132748007774,0.0030820053070783615
p41002693_F10_s08,p41002693_F10,plate_41002693,Edoxaban (tosylate),100.0,0.785652220249176,-0.00027710487484,test,61,408.0,0.42339529171090484,0.9654064926764723,0.08449193090200424,0.19447925686836243,0.18839949369430542,0.05878600823045267,0.6431056261062622,0.09087421745061874,6.9998487492089225,0.011173319071531296,0.0037192492745816708,0.11986901611089706,0.09007410705089569,0.2052905410528183,0.008909465020576131,0.15344156324863434,0.17971792817115784,0.8490666355100637,0.006752554792910814,0.0002429078595014289,0.14583228528499603,0.10945051163434982,0.2507892847061157,0.01821673525377229,0.2310723066329956,0.22354339063167572,1.0290764113918163,0.007779346778988838,0.0003948943631257862,0.22601382434368134,0.13529671728610992,0.3825168311595917,0.04534979423868313,0.3607134222984314,0.3258225917816162,1.1036979430707812,0.011858560144901276,0.0008894525817595422,0.13376830518245697,0.13433700799942017,0.2866293787956238,0.030829903978052128,0.17651347815990448,0.2236965149641037,0.7855639335932884,0.014659738168120384,0.0025300681591033936
p41002693_F12_s08,p41002693_F12,plate_41002693,control,0.0,0.8936949968338013,-0.0139345219358801,test,72,439.7083333333333,0.41111391165320543,0.9645036964049896,0.10227096080780029,0.19672562181949615,0.3861282169818878,0.07972565157750343,0.6256059408187866,0.08522262424230576,7.255705173861184,0.012796144001185894,0.0035291146486997604,0.14337049424648285,0.09095495939254761,0.2232808917760849,0.012280521262002743,0.15213313698768616,0.18188777565956116,0.8318387406650752,0.006701282225549221,0.00020036534988321364,0.19492174685001373,0.12148604542016983,0.31928619742393494,0.028686556927297668,0.2581714391708374,0.2538056969642639,1.0132090539837715,0.009425695985555649,0.0005845854757353663,0.3117802143096924,0.1638743281364441,0.5,0.0999965706447188,0.43353089690208435,0.39583733677864075,1.0924649893614007,0.012616760097444057,0.0010261095594614744,0.15356537699699402,0.13477374613285065,0.30205702781677246,0.030963648834019204,0.1703062504529953,0.22540129721164703,0.7522317784857375,0.01450271625071764,0.0020327747333794832
p41002693_G22_s08,p41002693_G22,plate_41002693,Nifurtimox,100.0,0.4490333497524261,0.1554174423217773,test,19,453.6842105263158,0.4269659987382975,0.9673388604907762,0.026037869974970818,0.09273432195186615,0.01931649260222912,0.013861454046639231,0.5148724317550659,0.06252604722976685,8.104902700664312,0.003306663827970624,0.0008445241837762296,0.09166527539491653,0.12584444880485535,0.2543722093105316,0.013816872427983538,0.2781701982021332,0.3437507748603821,0.8068733081594586,0.007830687798559666,0.0008030558237805963,0.07679388672113419,0.10644392669200897,0.20864790678024292,0.00864883401920439,0.28305330872535706,0.28474023938179016,0.9905965968872764,0.005792212672531605,0.0004371028335299343,0.09070379287004471,0.10626012831926346,0.22753657400608063,0.003926611796982168,0.28803426027297974,0.2584005296230316,1.110384241279536,0.005572854075580835,0.00033194557181559503,0.06833650916814804,0.11115655303001404,0.18837964534759521,0.013542524005486969,0.2781640291213989,0.27834418416023254,0.9957752654046426,0.007396710105240345,0.001230982132256031
p41002693_H19_s08,p41002693_H19,plate_41002693,control,0.0,0.9730096459388732,-0.0712956711649894,test,52,446.4423076923077,0.44405132397535757,0.9626203660129083,0.07014566659927368,0.16695713996887207,0.09562725573778152,0.0482716049382716,0.5835349559783936,0.0692891851067543,8.301916647520216,0.008748924359679222,0.0025662395637482405,0.10461720079183578,0.056067243218421936,0.17476336658000946,0.0009053497942386831,0.10691943764686584,0.14080534875392914,0.7539873395918243,0.0058388253673911095,0.00018724112305790186,0.1408289074897766,0.07855986803770065,0.23774880170822144,0.0045473251028806585,0.19992636144161224,0.19677217304706573,1.010892272463598,0.007422355469316244,0.00035367420059628785,0.20750080049037933,0.09046293050050735,0.3159972131252289,0.011491769547325103,0.29728010296821594,0.2712341547012329,1.092001491489817,0.010028493590652943,0.0006170219858177006,0.1503157764673233,0.1351010501384735,0.3137856423854828,0.03827503429355281,0.1731349378824234,0.25891536474227905,0.6661204429145487,0.017047787085175514,0.003237685188651085
p41002693_I12_s08,p41002693_I12,plate_41002693,control,0.0,0.926170289516449,-0.0740271508693695,test,50,478.86,0.4501142350498119,0.9660463617320674,0.06437543034553528,0.14364363253116608,0.10019104182720184,0.04106995884773663,0.5140305757522583,0.06061351299285889,8.342822065864599,0.007886093109846115,0.001962208654731512,0.13559351861476898,0.12536780536174774,0.21137090027332306,0.026440329218106996,0.1605505347251892,0.19895485043525696,0.802933934214182,0.007680754642933607,0.00029772057314403355,0.1493680775165558,0.11517804116010666,0.2446122169494629,0.023415637860082304,0.21370787918567657,0.21646392345428467,0.9827279660508944,0.0078124189749360085,0.0003841043799184263,0.23298832774162292,0.1231766864657402,0.37206873297691345,0.034300411522633745,0.3404392898082733,0.31660035252571106,1.0719109317761646,0.01125998143106699,0.0008491285843774676,0.12416331470012665,0.11989177763462067,0.24972933530807495,0.024862825788751715,0.14497892558574677,0.1994580775499344,0.7232381321707144,0.013319562189280987,0.0021718840580433607
p41002693_I13_s08,p41002693_I13,plate_41002693,Zalcitabine,100.0,0.872461199760437,-0.0631012246012687,test,49,458.0,0.3936070443413801,0.965031029898326,0.06291352212429047,0.14823149144649506,0.07875185459852219,0.042805212620027434,0.54464191198349,0.058967359364032745,9.08230607049467,0.00824410654604435,0.0021568844094872475,0.11803878098726273,0.08557172119617462,0.18867924809455872,0.005912208504801097,0.1308339685201645,0.16843146085739136,0.7721940651287074,0.0070929802022874355,0.0003102142072748393,0.13250434398651123,0.09562146663665771,0.2167467325925827,0.007602880658436214,0.19616608321666718,0.1945105642080307,1.0033528572294383,0.007024682592600584,0.00032533344347029924,0.21122176945209503,0.11057398468255997,0.34618064761161804,0.023391632373113855,0.3192561864852905,0.28727808594703674,1.1074590891516645,0.011053523980081081,0.0007720033754594624,0.11398259550333023,0.11305275559425354,0.21273908019065857,0.018806584362139916,0.14159663021564484,0.19114531576633453,0.736924705402856,0.014593588188290596,0.0027159322053194046
p41002693_I14_s08,p41002693_I14,plate_41002693,Ebrotidine,100.0,0.0574562847614288,0.2810656726360321,test,2,404.0,0.35074168328547406,0.9722498246434417,0.005952815990895033,0.02061433158814907,0.007111016660928726,0.0004458161865569273,0.33579549193382263,0.0832422599196434,3.9860693701015335,0.00033561172313056886,1.5372628695331514e-05,0.012850639410316944,0.05783277004957199,0.011283144354820251,0.003611111111111111,0.7454831004142761,0.41305914521217346,1.800426603383614,0.0010239934781566262,7.773899415042251e-05,0.009693071246147156,0.04049497842788696,0.010844200849533081,0.0023559670781893006,0.5302830934524536,0.2812141180038452,1.8790098000881317,0.0008142779697664082,5.208350921748206e-05,0.005726973060518503,0.02261105552315712,0.006617134902626276,6.858710562414266e-05,0.29747825860977173,0.14093033969402313,2.0959455127852338,0.0006522425101138651,3.9311868022195995e-05,0.024822181090712547,0.06711804866790771,0.0236376766115427,0.003470507544581619,0.8220320343971252,0.34038597345352173,2.407925627644574,0.0013600063975900412,0.0004271529905963689
p41002693_I15_s08,p41002693_I15,plate_41002693,Linagliptin,100.0,0.2448137253522873,0.1472229957580566,test,38,334.07894736842104,0.3110863890958003,0.9660888979842523,0.05508948490023613,0.1547437459230423,0.06389301270246506,0.03489026063100137,0.7247236967086792,0.11130651086568832,6.453087101738956,0.007526472210884094,0.001850367640145123,0.11720190197229385,0.12615282833576202,0.30345389246940613,0.010823045267489713,0.2318870574235916,0.30334222316741943,0.7619286440449965,0.008286372758448124,0.0004310871008783579,0.12404495477676392,0.1457955688238144,0.3416609466075897,0.027122770919067216,0.30027469992637634,0.3409576714038849,0.8781048797461339,0.010071358643472195,0.0008763338555581868,0.16239090263843536,0.1759982854127884,0.40956583619117737,0.05638888888888889,0.3873246908187866,0.40216630697250366,0.9607069939135627,0.010966832749545574,0.0008370705181732774,0.11926303803920746,0.14334574341773987,0.3349873721599579,0.022146776406035667,0.2652239501476288,0.3411867916584015,0.7750852943862215,0.012209122069180012,0.0015526444185525179
p41002693_I22_s08,p41002693_I22,plate_41002693,Thio-TEPA,100.0,0.9311665296554564,-0.0385178700089454,test,43,396.06976744186045,0.46941401066779553,0.9626404018563999,0.05005176365375519,0.13950151205062866,0.03799618035554886,0.03626886145404664,0.5626673102378845,0.06059686094522476,9.134675072780714,0.006696706172078848,0.002054707845672965,0.1015496701002121,0.07909973710775375,0.19952359795570374,0.0024862825788751716,0.14473140239715576,0.18569456040859222,0.7752309552051352,0.007480198983103037,0.00037243810947984457,0.11092276126146317,0.088957279920578,0.21688400208950043,0.005679012345679012,0.21472866833209991,0.20864036679267883,1.0242715733485293,0.007665533572435379,0.00041854422306641936,0.1484300047159195,0.09786093980073929,0.26352450251579285,0.007393689986282579,0.28236472606658936,0.24665699899196625,1.1401443416333612,0.008505414240062237,0.00043312396155670285,0.09606780111789703,0.11112846434116364,0.2084987312555313,0.016917009602194787,0.1571994572877884,0.21566039323806763,0.7255569646966198,0.012303128838539124,0.002291271695867181
p41002693_I24_s08,p41002693_I24,plate_41002693,Aripiprazole,100.0,0.1729933768510818,0.2373619377613067,test,6,250.83333333333334,0.41002162443235907,0.9642001784052853,0.010732284747064114,0.06029829755425453,0.008066227659583092,0.0038305898491083675,0.7584325671195984,0.10962684452533722,6.855773301442148,0.0011973081855103374,0.0005268325912766159,0.035793229937553406,0.13264472782611847,0.016235191375017166,0.022088477366255143,0.7505055665969849,0.7418755888938904,1.0102708687930575,0.0031311851926147938,0.0005424945265986025,0.027752090245485306,0.09934014827013016,0.015099519863724709,0.013141289437585734,0.6244146823883057,0.5467026829719543,1.140061390607209,0.002249484183266759,0.00023532735940534621,0.018358806148171425,0.06127048656344414,0.010448107495903969,0.004036351165980796,0.4057474434375763,0.3123184144496918,1.2950003087122268,0.0014138902770355344,6.123244384070858e-05,0.03202347457408905,0.09635186940431595,0.01759292744100094,0.015572702331961591,0.6040968298912048,0.5359804630279541,1.124988470688098,0.002291046781465411,0.0002236188156530261
p41002693_J16_s08,p41002693_J16,plate_41002693,6-Thioguanine,100.0,0.7250733375549316,-0.0248604547232389,test,43,450.09302325581393,0.40447637274726495,0.964366370548964,0.06569703668355942,0.17640896141529083,0.057418808341026306,0.05139574759945131,0.6667935848236084,0.07140347361564636,9.209414293619119,0.00856204517185688,0.002842443762347102,0.13655880093574524,0.08994077146053314,0.23450134694576263,0.006358024691358025,0.17299602925777435,0.2135443538427353,0.8063415613565083,0.009407843463122845,0.0005747497198171914,0.14516666531562805,0.10201528668403625,0.2484557330608368,0.012757201646090535,0.2584352493286133,0.23277384042739868,1.1054925942788432,0.008680061437189579,0.0005454620695672929,0.20253492891788483,0.11959744244813919,0.32365915179252625,0.023545953360768177,0.3670387864112854,0.29864388704299927,1.224916650339057,0.010763565078377724,0.0007677939138375223,0.11351806670427322,0.11447866261005402,0.2309635579586029,0.017623456790123455,0.16417479515075684,0.21126316487789154,0.7734492946300954,0.015190312638878822,0.0032023948151618242
p41002693_K22_s08,p41002693_K22,plate_41002693,Flecainide,100.0,0.5776854753494263,0.0488895960152149,test,36,424.47222222222223,0.40767842599760795,0.9678247262823148,0.044655416160821915,0.12604695558547974,0.03215877711772919,0.02992798353909465,0.5472132563591003,0.05290672555565834,10.151112884682751,0.005829803645610809,0.001542499870993197,0.11223089694976807,0.09170818328857422,0.2166990488767624,0.006580932784636488,0.16061367094516754,0.2035028487443924,0.7853859832824049,0.008630887605249882,0.0005691447877325118,0.10624394565820694,0.09320762753486633,0.2004118114709854,0.007102194787379973,0.20622774958610535,0.1980484127998352,1.0360682945685669,0.0074646663852036,0.00043525142245925963,0.14144796133041382,0.10593358427286148,0.24436962604522705,0.009842249657064471,0.28006479144096375,0.2332170009613037,1.195749199637454,0.008281855843961239,0.00043902883771806955,0.09208397567272186,0.12585259974002838,0.19938650727272034,0.018868312757201647,0.15845221281051636,0.19227539002895355,0.8198261185077907,0.013593628071248531,0.0030041788704693317
p41002693_L12_s08,p41002693_L12,plate_41002693,control,0.0,0.9904963374137878,-0.0112030385062098,test,50,479.04,0.4180349780085742,0.9662497684638168,0.06339297443628311,0.14551226794719696,0.10602844506502151,0.038192729766803844,0.5165796875953674,0.05756843090057373,8.820104613564217,0.008288917131721973,0.0020505820866674185,0.10938393324613571,0.05977683514356613,0.17137841880321503,0.00237997256515775,0.12046002596616745,0.15097905695438385,0.7926093790825616,0.006431780755519867,0.00021988943626638502,0.12621013820171356,0.07652506977319717,0.1991763859987259,0.006275720164609053,0.18195787072181702,0.17358726263046265,1.0422173300635067,0.007325605023652315,0.00039102023583836854,0.20424166321754456,0.09736357629299164,0.31042489409446716,0.015174897119341564,0.3016076683998108,0.2620496451854706,1.1465807839700897,0.00957474485039711,0.0004913366865366697,0.10297638177871704,0.09742099046707153,0.20046915113925934,0.011628943758573387,0.11790552735328674,0.1632458120584488,0.717860174792942,0.012492057867348194,0.0019424009369686246
p41002693_M10_s08,p41002693_M10,plate_41002693,Troglitazone,100.0,0.6626208424568176,-0.1559716612100601,test,45,415.55555555555554,0.4448234075545718,0.9591979157292739,0.0610535703599453,0.15093441307544708,0.06813839823007584,0.04605281207133059,0.6021552681922913,0.08231449127197266,7.2274973896991055,0.0073359375819563866,0.001600805320776999,0.12268277257680893,0.1244286596775055,0.2468501180410385,0.017232510288065845,0.19143696129322052,0.2266194224357605,0.8410396584116124,0.0066740913316607475,0.0001875655580079183,0.1303638070821762,0.12164662778377533,0.2669869661331177,0.022733196159122084,0.24714569747447968,0.24558614194393158,1.0022692091539975,0.0071449195966124535,0.0002854337799362838,0.1906755119562149,0.13727600872516632,0.3583700954914093,0.0405761316872428,0.34957119822502136,0.3199305236339569,1.089242600755954,0.008386199362576008,0.0003562105121091008,0.11440787464380264,0.12009801715612411,0.2683146893978119,0.02015775034293553,0.18218177556991577,0.23677614331245422,0.7661903041741087,0.010712945833802223,0.0012173624709248543
p41002693_M11_s08,p41002693_M11,plate_41002693,Rifapentine,100.0,0.2704192399978637,-0.0303234215825796,test,35,397.8285714285714,0.4348859021768493,0.960044032133716,0.04533101245760918,0.13849692046642303,0.03152196854352951,0.03414266117969822,0.6159636378288269,0.06340588629245758,9.563778612281295,0.005999979097396135,0.0016728400951251388,0.11421683430671692,0.0927640050649643,0.24534569680690765,0.0007270233196159122,0.15608198940753937,0.2130519151687622,0.7291781962543136,0.008730010129511356,0.0005113612860441208,0.10675373673439026,0.08713685721158981,0.22402195632457733,0.001491769547325103,0.20704366266727448,0.20056568086147308,1.0271771552696323,0.0072362408973276615,0.0003565418883226812,0.1384182572364807,0.08862318843603134,0.2498258650302887,0.002040466392318244,0.27150487899780273,0.22497329115867615,1.2014910151799965,0.008646823465824127,0.0005214057746343315,0.07813156396150589,0.0841180831193924,0.18125225603580475,0.0029218106995884774,0.1166105642914772,0.16725310683250427,0.6930663361096973,0.010714161209762096,0.0015405798330903053
p41002693_M23_s08,p41002693_M23,plate_41002693,Difenoconazole,100.0,0.2491853982210159,0.0543525628745555,test,11,296.0,0.2857463713292112,0.9587700288739177,0.018718382343649864,0.09702650457620621,0.01358522567898035,0.009821673525377229,0.8731229901313782,0.09079902619123459,9.51124457804704,0.0025272031780332327,0.0010412862757220864,0.052248451858758926,0.12032878398895264,0.17727699875831604,0.019159807956104252,0.3300570845603943,0.46517062187194824,0.7080177709076168,0.004866267088800669,0.0006045958725735545,0.041281044483184814,0.09341701120138168,0.13946464657783508,0.0056275720164609055,0.3370719850063324,0.35967394709587097,0.9345614999930535,0.003506978740915656,0.0002790970611386001,0.032991666346788406,0.07324564456939697,0.13547712564468384,0.0023079561042524004,0.32155120372772217,0.25397443771362305,1.2611115318504025,0.0024169294629245996,0.00010501303768251091,0.051559217274188995,0.13341975212097168,0.14733850955963135,0.018899176954732512,0.491181880235672,0.5240893959999084,0.9354252513523577,0.005240077618509531,0.0008678617887198925
p41002694_D12_s08,p41002694_D12,plate_41002694,control,0.0,0.8513052463531494,0.0277123302221298,test,59,453.54237288135596,0.40437620518984957,0.9612466454778046,0.07602013647556305,0.16133834421634674,0.21386118233203888,0.052187928669410154,0.5460307598114014,0.07990778237581253,6.748803931803696,0.009207317605614662,0.001841624267399311,0.1206919401884079,0.07264503836631775,0.18460477888584137,0.006001371742112483,0.14239051938056946,0.16728419065475464,0.8461312903283491,0.005751059390604496,0.00015377195086330175,0.16209816932678223,0.09999436140060425,0.2658888101577759,0.017458847736625514,0.24654917418956757,0.23122291266918182,1.0616918518320133,0.00824451819062233,0.00043335280497558415,0.24689263105392456,0.11971266567707062,0.3909914195537567,0.03689986282578875,0.3770654499530792,0.3308284878730774,1.1363263364455456,0.008569285273551941,0.0003269934968557209,0.13729581236839294,0.11885559558868408,0.28103572130203247,0.02108710562414266,0.17695119976997375,0.21443574130535126,0.8213641742906956,0.01239124033600092,0.0013884409563615918
p41002694_F11_s08,p41002694_F11,plate_41002694,Mitoxantrone,1.0,0.2068178504705429,0.3280357718467712,test,7,436.7142857142857,0.32647881312740396,0.9694432216302887,0.01102460827678442,0.04981153458356857,0.008915304206311703,0.003453360768175583,0.45971572399139404,0.05417456477880478,8.332022659977431,0.0011482341215014458,0.00023159515694715083,0.04661436751484871,0.12337950617074966,0.1333918422460556,0.011646090534979423,0.49174171686172485,0.47080692648887634,1.04225200872145,0.0040828511118888855,0.000609281356446445,0.029326042160391808,0.07926788926124573,0.0875772163271904,0.004838820301783265,0.35141801834106445,0.2987328767776489,1.1724373452757975,0.002474282868206501,0.00021075372933410108,0.02185000292956829,0.0520051047205925,0.08172742277383804,0.001135116598079561,0.25098758935928345,0.20107856392860413,1.2420297555556623,0.0019550209399312735,0.00010658546671038494,0.030027849599719048,0.09880681335926056,0.061981234699487686,0.00827846364883402,0.34546053409576416,0.28793516755104065,1.195633390783897,0.0043188417330384254,0.0013979311333969235
p41002694_H22_s08,p41002694_H22,plate_41002694,control,0.0,0.9879189133644104,-0.0411691926419734,test,55,440.1272727272727,0.42361102296168035,0.9647682985177357,0.06509336829185486,0.14827372133731842,0.10094459354877472,0.046958161865569274,0.5281199216842651,0.05969463288784027,8.701262311944392,0.008513233624398708,0.0022737951949238777,0.11974351853132248,0.08626256883144379,0.19106124341487885,0.009732510288065844,0.11717475205659866,0.15988998115062714,0.7282911665388179,0.007364615797996521,0.00033928235643543303,0.13804909586906433,0.08806388825178146,0.22814001142978668,0.007716049382716049,0.18502900004386902,0.18943451344966888,0.97161484382279,0.007616300135850906,0.0003919727460015565,0.20278584957122803,0.10911764949560165,0.33491989970207214,0.017037037037037038,0.29258430004119873,0.2653164267539978,1.0986340707832685,0.010753338225185871,0.0007304137689061463,0.13041168451309204,0.12352810055017471,0.25965356826782227,0.022757201646090536,0.13574765622615814,0.20537316799163818,0.6577776439990414,0.015455643646419048,0.002935708500444889
p41002694_I14_s08,p41002694_I14,plate_41002694,Retinoic acid,1.0,0.9265692830085754,-0.0273928884416818,test,50,441.82,0.408116017667459,0.9636474003027015,0.06433916836977005,0.1554066240787506,0.09297388792037964,0.04421810699588477,0.556799590587616,0.06713011115789413,8.172591841178882,0.008323629386723042,0.0025086558889597654,0.10932361334562302,0.08387637138366699,0.20190559327602386,0.005387517146776406,0.15297430753707886,0.1852194368839264,0.8214733654920793,0.006841896567493677,0.0002488999452907592,0.12596267461776733,0.09987859427928925,0.2369251847267151,0.010534979423868314,0.2203093320131302,0.2176077514886856,1.0077837154119973,0.007559308782219887,0.00034228560980409384,0.1852966994047165,0.11356516182422638,0.3188994526863098,0.01987997256515775,0.3174770176410675,0.2860942482948303,1.1058285546530202,0.009025109931826591,0.00043523675412870944,0.12560653686523438,0.12566611170768738,0.27580296993255615,0.02439300411522634,0.18952056765556335,0.2387523502111435,0.7904847126155704,0.01284684520214796,0.0018366834847256541
p41002694_J22_s08,p41002694_J22,plate_41002694,Compound_567dbb1e,1.0,1.0992337465286257,-0.0329034104943275,test,56,449.01785714285717,0.44876959260824084,0.96354492722991,0.06703586876392365,0.1531691700220108,0.12832731008529663,0.04018861454046639,0.5233084559440613,0.058956846594810486,8.728085042240293,0.008607598021626472,0.00219217617996037,0.12687815725803375,0.09141124039888382,0.19732965528964996,0.012170781893004115,0.1494922637939453,0.17271573841571808,0.8605568220663823,0.007042794022709131,0.00025570543948560953,0.1420859843492508,0.09933146089315414,0.22731640934944153,0.017808641975308643,0.20845092833042145,0.19748274981975555,1.050221888399461,0.007744429633021355,0.00036839107633568347,0.19365927577018738,0.10236579179763794,0.29312747716903687,0.02084019204389575,0.2907962203025818,0.25731346011161804,1.1257493905928395,0.008475733920931816,0.0003811958013102412,0.12394015491008759,0.11402057856321335,0.2638036906719208,0.019811385459533606,0.1426253467798233,0.18440701067447662,0.7692554141344413,0.014319482259452343,0.0021736121270805597
p41002694_K10_s08,p41002694_K10,plate_41002694,Lapatinib,1.0,0.8993730545043945,-0.0632112771272659,test,49,464.7551020408163,0.38285752697570624,0.9659452298621956,0.06431179493665695,0.14666202664375305,0.08013160526752472,0.04129286694101509,0.533764660358429,0.062260039150714874,8.437627727146246,0.007945171557366848,0.001949357450939715,0.10878071933984756,0.0693061575293541,0.16786810755729675,0.0068655692729766805,0.11436960846185684,0.13957276940345764,0.8135971777976775,0.006346879992634058,0.00025800082948990166,0.13506998121738434,0.07487746328115463,0.2172958105802536,0.00502400548696845,0.18735484778881073,0.17926429212093353,1.0393342219052477,0.007779452484101057,0.0004969691508449614,0.2175363302230835,0.09099264442920685,0.3373577892780304,0.008895747599451304,0.32128170132637024,0.28360235691070557,1.1288792714642657,0.009812581352889538,0.0005644395714625716,0.11026541143655777,0.08812929689884186,0.2054312527179718,0.007980109739369,0.11995624750852585,0.1635340303182602,0.7290664871971653,0.012267416343092918,0.001887431601062417
p41002694_K13_s08,p41002694_K13,plate_41002694,Olmesartan,1.0,0.9272017478942872,-0.0632112771272659,test,35,435.62857142857143,0.4552907786039098,0.9605376083272885,0.04528604447841644,0.12627707421779633,0.034281469881534576,0.02827503429355281,0.5461688041687012,0.05880634859204292,9.132288076877636,0.005587464664131403,0.001332736574113369,0.0941954255104065,0.0820794329047203,0.16579954326152802,0.007345679012345679,0.10127934068441391,0.13767434656620026,0.7303394116666362,0.006520074326545,0.0002764602249953896,0.09986229985952377,0.08134237676858902,0.1768016517162323,0.006999314128943759,0.16086719930171967,0.15570104122161865,1.0265866649488877,0.0062941983342170715,0.00031112655415199697,0.14748850464820862,0.08809006959199905,0.24599489569664001,0.008268175582990398,0.25224947929382324,0.21509011089801788,1.1673346746203972,0.008480477146804333,0.0004932777374051511,0.0961579978466034,0.11147382110357285,0.20858895778656006,0.016954732510288065,0.1253170222043991,0.19613872468471527,0.6356793796085427,0.013701848685741425,0.0029046665877103806
p41002694_K21_s08,p41002694_K21,plate_41002694,Thalidomide,1.0,1.0252346992492676,-0.0053508006967604,test,46,456.82608695652175,0.4336026888714864,0.9631950696418251,0.054842617362737656,0.13450217247009277,0.06825514137744904,0.03175582990397805,0.5021510124206543,0.06020497530698776,8.204414917284081,0.006925330031663179,0.0017540857661515474,0.1095009595155716,0.09344654530286789,0.185670405626297,0.01012002743484225,0.12611398100852966,0.16279777884483337,0.7699370644579876,0.006295480765402317,0.000273452460533008,0.11796607077121735,0.094523586332798,0.20892244577407837,0.011275720164609053,0.18100416660308838,0.18139708042144775,0.992363288846834,0.006130204536020756,0.00032477453351020813,0.16789588332176208,0.1017877385020256,0.2876712381839752,0.011251714677640603,0.26815661787986755,0.23867183923721313,1.1188490843701577,0.008852223865687847,0.0005502154235728085,0.10598678141832352,0.11266271770000458,0.21924394369125366,0.019218106995884773,0.1313001811504364,0.18647924065589905,0.7003451725699372,0.013648232445120811,0.0027767501305788755
p41002694_L16_s08,p41002694_L16,plate_41002694,Sorafenib,1.0,0.8051349520683289,-0.0191271062940359,test,45,453.5777777777778,0.4751016998900041,0.9663894509362092,0.05768982693552971,0.13934439420700073,0.05529611557722092,0.0383161865569273,0.5313254594802856,0.05717452988028526,9.133300442198266,0.007158874534070492,0.0018834007205441594,0.10719656944274902,0.05818801745772362,0.16811884939670563,0.002112482853223594,0.10782042145729065,0.14580395817756653,0.7344517327446758,0.006284162402153015,0.00022583722602576017,0.12073370814323425,0.06445121765136719,0.19039121270179749,0.0021947873799725653,0.16924168169498444,0.16584685444831848,1.0143534455868795,0.006840147543698549,0.00032981656841002405,0.19705599546432495,0.08486523479223251,0.3020664155483246,0.004595336076817559,0.29661282896995544,0.2606450319290161,1.1336459430669643,0.00924614630639553,0.0005026430590078235,0.11401714384555817,0.09095217287540436,0.21427282691001892,0.008796296296296297,0.11759793758392334,0.17843371629714966,0.6553837261508662,0.013184863142669201,0.0021501232404261827
p41002694_L18_s08,p41002694_L18,plate_41002694,Lercanidipine,1.0,0.9872864484786988,-0.0356586724519729,test,46,462.6304347826087,0.41932524626044965,0.9659225278975689,0.05334522947669029,0.13195081055164337,0.05678199976682663,0.029252400548696846,0.48858413100242615,0.05416341871023178,8.857031388299415,0.006848679855465889,0.0018264728132635355,0.09104476124048233,0.05702595412731171,0.1604713797569275,0.00010631001371742112,0.10674090683460236,0.13096100091934204,0.8088822158892622,0.0057294596917927265,0.00023368194524664432,0.10026058554649353,0.06471455842256546,0.17529170215129852,0.00048010973936899864,0.16044798493385315,0.1496526598930359,1.0650192638335891,0.005650919862091541,0.00022682250710204244,0.1597026139497757,0.09139981865882874,0.2694450914859772,0.005445816186556927,0.2682816684246063,0.2300669103860855,1.1610561978620797,0.008283066563308239,0.0004157992952968925,0.09107740223407745,0.08800188452005386,0.1793576329946518,0.007112482853223594,0.11491207033395767,0.16158178448677063,0.7067954795594468,0.01158175803720951,0.0020681307651102543
p41002694_M10_s08,p41002694_M10,plate_41002694,Raltegravir,1.0,0.970842182636261,-0.1045401915907859,test,49,471.16326530612247,0.5129360222017805,0.9595818103355244,0.06290378421545029,0.14916303753852844,0.09254935383796692,0.03799039780521262,0.529972493648529,0.06334048509597778,8.236998724177479,0.0078028179705142975,0.0019073919393122196,0.12988127768039703,0.09091808646917343,0.2245972603559494,0.009965706447187929,0.12480488419532776,0.16759039461612701,0.7402846673412388,0.007786540314555168,0.0003438727871980518,0.14371763169765472,0.09765756130218506,0.2484557330608368,0.014262688614540466,0.18977394700050354,0.18959367275238037,0.995699092524746,0.008031143806874752,0.00045854231575503945,0.21427880227565765,0.11364410817623138,0.33457162976264954,0.023326474622770918,0.3175225555896759,0.2801561951637268,1.1293457553185755,0.011329635046422482,0.000878684688359499,0.10999487340450287,0.10303651541471481,0.21219776570796967,0.013882030178326475,0.11012715101242065,0.16645102202892303,0.6576678343199297,0.013232939876616001,0.002452920190989971
p41002695_A22_s08,p41002695_A22,plate_41002695,Istradefylline,11.0,0.6648803949356079,0.2165001779794693,test,58,481.0344827586207,0.41081839292566824,0.9651680003718652,0.0775168240070343,0.16984204947948456,0.21513478457927704,0.05809670781893004,0.5601211190223694,0.06754190474748611,8.17195146656488,0.009890934452414513,0.0027528279460966587,0.16248451173305511,0.11544259637594223,0.25650349259376526,0.026327160493827162,0.1653909534215927,0.21660242974758148,0.7600602328450375,0.009666815400123596,0.000513808336108923,0.18323160707950592,0.12792149186134338,0.30775564908981323,0.03487997256515775,0.23776119947433472,0.24838583171367645,0.9533869580342152,0.010073329322040081,0.0006187487160786986,0.24740679562091827,0.13625715672969818,0.40886929631233215,0.05449588477366255,0.34206315875053406,0.31593257188796997,1.079293165460593,0.012880186550319195,0.0009732402977533638,0.3842002749443054,0.3324401378631592,0.7043576240539551,0.1810528120713306,0.48657160997390747,0.5414185523986816,0.8970408696793132,0.028514154255390167,0.005637613590806723
p41002695_E19_s08,p41002695_E19,plate_41002695,Irinotecan,11.0,0.9531100392341614,0.0380069240927696,test,55,423.8545454545455,0.42611105235875957,0.9625199179116934,0.0743698924779892,0.1707337200641632,0.11430694162845612,0.05055898491083676,0.6032519340515137,0.0740305632352829,8.040082708160137,0.009686683304607868,0.002760343486443162,0.25387880206108093,0.1927681267261505,0.424246221780777,0.06198559670781893,0.2693699598312378,0.3562737703323364,0.7539595184406332,0.016563965007662773,0.0015495566185563803,0.27037352323532104,0.18093952536582947,0.45518186688423157,0.0739437585733882,0.35903945565223694,0.37886756658554077,0.9451700730322454,0.01527920737862587,0.0013588183792307973,0.3520665764808655,0.17091819643974304,0.5605990290641785,0.14565500685871055,0.469532310962677,0.4546520411968231,1.030462432977137,0.017510686069726944,0.001845290418714285,0.12340883165597916,0.11759062111377716,0.2602851092815399,0.02046639231824417,0.13664892315864563,0.19828590750694275,0.6856928563997182,0.01566752791404724,0.0029379187617450953
p41002695_E21_s08,p41002695_E21,plate_41002695,Gabapentin enacarbil,11.0,1.020287036895752,-0.0828192830085754,test,44,494.8636363636364,0.495805802309877,0.9557806964213302,0.059714145958423615,0.14668020606040955,0.05816175043582916,0.0457681755829904,0.5464288592338562,0.05666198581457138,9.476414166363513,0.007695769425481558,0.0020613435190171003,0.2419908195734024,0.16415762901306152,0.41791513562202454,0.057671467764060354,0.24052225053310394,0.3129088580608368,0.7662168312768344,0.01788395829498768,0.0020737333688884974,0.23931120336055756,0.14219924807548523,0.3958819508552551,0.04293552812071331,0.30653855204582214,0.31091827154159546,0.9827527913988973,0.014234165661036968,0.0013895457377657294,0.32875609397888184,0.14430087804794312,0.5070815086364746,0.10652263374485596,0.43722712993621826,0.40715035796165466,1.0712403441706533,0.01700972020626068,0.0018934491090476513,0.09987359493970871,0.10050211101770401,0.20064958930015564,0.013055555555555556,0.10591552406549454,0.1583045870065689,0.6648617347165724,0.015343434177339077,0.0034614396281540394
p41002695_E22_s08,p41002695_E22,plate_41002695,Macitentan,11.0,1.0271769762039185,-0.0196601282805204,test,51,473.19607843137254,0.40480935459500417,0.9643565198854195,0.06837046146392822,0.16235503554344177,0.11770324409008026,0.04988683127572016,0.5676525831222534,0.06715206801891327,8.329205549048357,0.008879464119672775,0.0022530737332999706,0.2548752725124359,0.17886468768119812,0.43954116106033325,0.07115569272976681,0.28628072142601013,0.3805147707462311,0.7503791291384444,0.01627439074218273,0.0014491596957668662,0.2632925510406494,0.17382480204105377,0.45133838057518005,0.07578875171467764,0.37007611989974976,0.39458009600639343,0.9355276558044228,0.01505009364336729,0.0013462123461067677,0.34771928191185,0.18338608741760254,0.5866032242774963,0.1632201646090535,0.5139172077178955,0.46714258193969727,1.0977792397959958,0.015118945389986038,0.0013059326447546482,0.11389166116714478,0.11060576885938644,0.25442078709602356,0.016189986282578873,0.1410524994134903,0.19374780356884003,0.7242828767700614,0.014208351261913776,0.0025487502571195364
p41002695_F15_s08,p41002695_F15,plate_41002695,Edoxaban (tosylate),11.0,0.961722493171692,-0.0196601282805204,test,54,452.9259259259259,0.45562610735175124,0.9602731346890143,0.06430315971374512,0.15097355842590332,0.12152409553527832,0.04203703703703704,0.526840329170227,0.06118277832865715,8.472447570381892,0.008575472980737686,0.002060502301901579,0.15209874510765076,0.11403020471334457,0.25092458724975586,0.022781207133058985,0.15491993725299835,0.20416490733623505,0.7550995892251077,0.010424298234283924,0.0006364611908793449,0.16082017123699188,0.11407819390296936,0.27508580684661865,0.02449931412894376,0.2154402732849121,0.22207939624786377,0.9657560353334298,0.01056621316820383,0.0006866476032882929,0.22782675921916962,0.11276018619537354,0.3545391261577606,0.02930727023319616,0.31639766693115234,0.29601407051086426,1.0652615426163088,0.011104188859462738,0.0006233279127627611,0.338684618473053,0.29748496413230896,0.6676290035247803,0.16635802469135802,0.4588742256164551,0.5294674038887024,0.8650375541505123,0.02732863835990429,0.0051541742868721485
p41002695_G22_s08,p41002695_G22,plate_41002695,Nifurtimox,11.0,1.1523444652557373,-0.0086759282276034,test,50,439.82,0.4828778484464881,0.9638486726446771,0.06317220628261566,0.15874551236629486,0.07907026261091232,0.043072702331961595,0.5705154538154602,0.062113597989082336,9.039501343500499,0.008796296082437038,0.0028106996323913336,0.22871991991996765,0.1603212207555771,0.3991725742816925,0.04786008230452675,0.2562128007411957,0.3492853045463562,0.7314403356801081,0.016110971570014954,0.0017871198942884803,0.23642703890800476,0.15831443667411804,0.40960878133773804,0.053703703703703705,0.3417155146598816,0.3582852780818939,0.9510980146032937,0.014249952509999275,0.0013592601753771305,0.3060060739517212,0.1536560207605362,0.49349895119667053,0.09529835390946502,0.43172046542167664,0.3998488187789917,1.077015685705952,0.01659950241446495,0.0017784811789169908,0.10376822203397751,0.10489413142204285,0.2253699004650116,0.012760631001371743,0.13243575394153595,0.17711086571216583,0.743557971109732,0.014327384531497955,0.0027163485065102577
p41002695_H16_s08,p41002695_H16,plate_41002695,control,0.0,0.8962679505348206,-0.0361364297568798,test,48,469.7708333333333,0.47079328368581735,0.9639259503114296,0.06127588078379631,0.15386931598186493,0.078645721077919,0.04396090534979424,0.5532822012901306,0.05941387265920639,9.158197892910888,0.007953120395541191,0.002111815381795168,0.1451634019613266,0.09732495248317719,0.2366952896118164,0.011039094650205762,0.16863420605659485,0.21747645735740662,0.7718644292218881,0.01018989086151123,0.0006725799757987261,0.15288320183753967,0.10942916572093964,0.25257378816604614,0.012493141289437586,0.23166139423847198,0.23841750621795654,0.9676042403832253,0.010260067880153656,0.0008032675832509995,0.2186756730079651,0.1160711795091629,0.34420710802078247,0.018556241426611796,0.33022889494895935,0.3083030581474304,1.0676548008508682,0.011479255743324757,0.0007845646468922496,0.29390883445739746,0.22168807685375214,0.516059160232544,0.11027777777777778,0.4436134099960327,0.468871146440506,0.9441171550043285,0.023480616509914398,0.004728017840534449
p41002695_I21_s08,p41002695_I21,plate_41002695,6-Thioguanine,11.0,0.9358851909637452,-0.0498666800558567,test,55,419.3272727272727,0.4111914082939877,0.9648362956836377,0.0609753243625164,0.1496371477842331,0.0781150534749031,0.0466838134430727,0.5422551035881042,0.05364922806620598,9.922465930006874,0.008610550314188004,0.002432179404422641,0.1275610327720642,0.07740148901939392,0.22083620727062225,0.0021296296296296298,0.13429811596870422,0.18516051769256592,0.7214103056507951,0.008916723541915417,0.000529591750819236,0.13360171020030975,0.08822479099035263,0.23184625804424286,0.005644718792866941,0.19277514517307281,0.20134788751602173,0.9526916615712583,0.008663000538945198,0.0005313578876666725,0.18304534256458282,0.10646767914295197,0.2983631491661072,0.01778463648834019,0.2821970283985138,0.261701375246048,1.074212223419866,0.010066977702081203,0.0006305241258814931,0.33349648118019104,0.2869580388069153,0.6198213696479797,0.17219135802469135,0.4924737513065338,0.5633288621902466,0.8726715649367426,0.02832508459687233,0.006627028342336416
p41002695_I22_s08,p41002695_I22,plate_41002695,Zalcitabine,11.0,1.071387529373169,-0.0443745777010917,test,49,447.53061224489795,0.48152708866102184,0.9664481007803111,0.055164724588394165,0.13502474129199982,0.07280831784009933,0.0359636488340192,0.49951475858688354,0.055137183517217636,8.898108656157984,0.007161587476730347,0.0017531634075567126,0.12972241640090942,0.10862093418836594,0.20873816311359406,0.020819615912208506,0.16192278265953064,0.2085093855857849,0.7728664861805457,0.008406536653637886,0.0004408894164953381,0.13812899589538574,0.11046815663576126,0.2266300618648529,0.02081275720164609,0.21169473230838776,0.22086478769779205,0.9541610207958858,0.008187021128833294,0.0004180925607215613,0.19237059354782104,0.10798368602991104,0.3079870045185089,0.02255829903978052,0.2997547388076782,0.2707962393760681,1.1028656595683268,0.010872926563024521,0.0007067866390570998,0.3061923682689667,0.30034753680229187,0.561809778213501,0.1231207133058985,0.4646766483783722,0.5366261601448059,0.8643118263687443,0.026089437305927277,0.005252436269074678
p41002695_I23_s08,p41002695_I23,plate_41002695,Ebrotidine,11.0,1.0530143976211548,-0.0443745777010917,test,46,432.30434782608694,0.45506218747152827,0.9641840912600737,0.055153410881757736,0.1409289389848709,0.06994269043207169,0.035421810699588475,0.5372118353843689,0.06625226885080338,7.988010584091269,0.007126130163669586,0.0017162992153316736,0.12825381755828857,0.09036270529031754,0.20015044510364532,0.011649519890260631,0.1475977599620819,0.19491064548492432,0.7533932604670012,0.0076456922106444836,0.00043955171713605523,0.13175320625305176,0.08699090778827667,0.20947152376174927,0.010919067215363511,0.19986724853515625,0.20304442942142487,0.979528081711845,0.006911639589816332,0.0003409360069781542,0.18167954683303833,0.09638401865959167,0.2839563488960266,0.014540466392318244,0.2945466637611389,0.26423513889312744,1.110511469145203,0.009547174908220768,0.0006087333895266056,0.28295567631721497,0.23998090624809265,0.5048719048500061,0.10225308641975309,0.425692081451416,0.4999227523803711,0.8498158237543394,0.022622745484113693,0.00465376116335392
p41002695_J16_s08,p41002695_J16,plate_41002695,Thio-TEPA,11.0,0.9577033519744872,-0.0498666800558567,test,36,511.19444444444446,0.45176632544936485,0.9682692564341786,0.047101352363824844,0.12918902933597565,0.034599874168634415,0.030236625514403294,0.5126752853393555,0.05127152055501938,9.807927527184319,0.006072420161217451,0.001489377347752452,0.1209665834903717,0.09853494167327881,0.22384504973888397,0.007424554183813443,0.1558760553598404,0.19999924302101135,0.7755056835887982,0.009213319979608059,0.0006166774546727538,0.12103591859340668,0.10274330526590347,0.22100205719470978,0.010449245541838134,0.20937007665634155,0.2039724439382553,1.021454750861101,0.008644822984933853,0.0005697758751921356,0.1734119951725006,0.11793548613786697,0.2963779866695404,0.014766803840877914,0.3072164058685303,0.26649558544158936,1.1484914988835,0.010050904005765915,0.000614113814663142,0.2307526022195816,0.21235449612140656,0.4277336597442627,0.06598765432098766,0.40398040413856506,0.4127030372619629,0.9764985212877678,0.019560450688004494,0.003611138788983226
p41002695_M13_s08,p41002695_M13,plate_41002695,Lenvatinib,11.0,0.4570334851741791,-0.1020416319370269,test,47,423.59574468085106,0.37893825023524885,0.9690414423830882,0.06586220860481262,0.1736779361963272,0.0672893226146698,0.05473936899862826,0.6655963063240051,0.0660800114274025,9.922423866077429,0.009184204041957855,0.0030469377525150776,0.256092369556427,0.21942512691020966,0.4844856858253479,0.0927434842249657,0.3218109607696533,0.41496920585632324,0.7736413086328501,0.020260293036699295,0.0026607688050717115,0.23941342532634735,0.1912095546722412,0.4382978677749634,0.06725651577503429,0.3800320625305176,0.38289159536361694,0.9899462950486226,0.016314487904310226,0.0016375496052205563,0.3013126850128174,0.18060019612312317,0.4867657423019409,0.09157407407407407,0.47393620014190674,0.42226293683052063,1.1197205304363238,0.01767084002494812,0.0019541450310498476,0.08475014567375183,0.09431235492229462,0.18161313235759735,0.00929355281207133,0.12638385593891144,0.15343616902828217,0.8183565853395816,0.01192465890198946,0.0019007092341780663
p41002695_M17_s08,p41002695_M17,plate_41002695,Troglitazone,11.0,0.9904305934906006,-0.0471206307411193,test,42,466.23809523809524,0.40622884356336175,0.9636075983618335,0.06057495251297951,0.1583801805973053,0.06452982127666473,0.04659122085048011,0.612382709980011,0.0651886910200119,9.252074645121164,0.008015100844204426,0.00236685574054718,0.2744094133377075,0.28796833753585815,0.45552560687065125,0.07900548696844993,0.30753281712532043,0.40185150504112244,0.7633900166115253,0.01730339229106903,0.0018138522282242775,0.2647145986557007,0.24418321251869202,0.442278653383255,0.06878943758573389,0.3852248191833496,0.3942456543445587,0.9746465646084667,0.014032837934792042,0.0012762295082211494,0.3121514320373535,0.19150543212890625,0.5013930797576904,0.10092592592592593,0.49109524488449097,0.4340970814228058,1.128702686946477,0.015342604368925095,0.001507174107246101,0.10878486186265945,0.12392986565828323,0.22870804369449615,0.02272633744855967,0.1384090781211853,0.1967436820268631,0.6999418474587861,0.014869739301502705,0.0033149700611829758
p41002696_F14_s08,p41002696_F14,plate_41002696,Mitoxantrone,11.0,0.0190293882042169,0.5425882339477539,test,4,43206.5,0.5903918865831523,0.892876509788903,0.003348334226757288,0.0017940463731065392,0.005518998019397259,0.0,0.004545364063233137,0.0028807653579860926,1.1712545449003737,0.00010348224896006286,2.30299548320545e-07,0.007068969774991274,0.01555524580180645,0.009966777637600899,9.945130315500686e-05,0.00888916663825512,0.0061963885091245174,1.2352260619315198,0.0005149770295247436,0.0001604784483788535,0.001663273200392723,0.008329065516591072,0.0053534661419689655,5.486968449931413e-05,0.003778966376557946,0.0007238027756102383,2.1922266456614596,0.00034535268787294626,4.095575786777772e-05,-0.0011382048251107335,0.0028111820574849844,0.0011609008070081472,0.0,6.625880632782355e-05,-0.0016892885323613882,-0.09612637265388975,0.0003746707225218415,3.4624599720700644e-06,-0.0058242944069206715,0.002049095695838332,-0.00460122711956501,0.0,-0.0053436546586453915,-0.006036651786416769,1.0609537615954654,0.00031729135662317276,2.847410314643639e-06
p41002696_F17_s08,p41002696_F17,plate_41002696,Compound_516bb906,11.0,0.0464540943503379,0.2357145696878433,test,8,21768.125,0.7760145678741139,0.9200264243144302,0.003587062004953623,0.0018068816279992461,0.005731267388910055,0.0,0.004771851003170013,0.00310296518728137,1.1630249795835699,0.00010839391325134784,2.655588389188779e-07,0.008002720773220062,0.008214635774493217,0.011095091700553894,4.11522633744856e-05,0.009886154904961586,0.007109212223440409,1.2191264246833697,0.000711894070263952,3.735690188477747e-05,0.004893431905657053,0.00536325853317976,0.008922443725168705,0.0,0.00718727195635438,0.003939558751881123,1.4550433181136402,0.0004493514425121248,9.943106306309346e-06,0.002209422877058387,0.004320784471929073,0.004759693518280983,0.0,0.0036917799152433872,0.001592592685483396,1.423972202002508,0.0005393375176936388,1.0564131116552744e-05,0.015331393107771873,0.016250448301434517,0.01840490847826004,0.00023319615912208505,0.017204931005835533,0.014098968356847763,1.1394772542875529,0.001642031827941537,0.00015555684512946755
p41002696_F20_s08,p41002696_F20,plate_41002696,control,0.0,0.9637824892997742,-0.0273200180381536,test,47,478.6595744680851,0.42598783160194936,0.9644202761623283,0.057764194905757904,0.14213789999485016,0.06866907328367233,0.03583676268861454,0.5158374905586243,0.053149301558732986,9.526207646448064,0.00763112073764205,0.0020728521049022675,0.20710919797420502,0.16219641268253326,0.3330408036708832,0.030661865569272976,0.1932254582643509,0.2759551703929901,0.6976777432613749,0.014052677899599075,0.0013076490722596645,0.20561961829662323,0.13671603798866272,0.3234042525291443,0.02446159122085048,0.2554571032524109,0.2759419083595276,0.9224212570990701,0.011413650587201118,0.0008482287521474063,0.2786387801170349,0.12776748836040497,0.4207104742527008,0.049595336076817556,0.36715933680534363,0.33816906809806824,1.0825260064670232,0.014740290120244026,0.0014842338860034943,0.09744846820831299,0.10037598013877869,0.18594370782375336,0.014166666666666666,0.0948108434677124,0.1478181779384613,0.6370918175528141,0.014869915321469307,0.0032876625191420317
p41002696_I10_s08,p41002696_I10,plate_41002696,Compound_567dbb1e,11.0,0.7516608238220215,-0.1012984961271286,test,41,410.609756097561,0.45328600174735073,0.9609164996708752,0.05214259773492813,0.1462298035621643,0.04447038844227791,0.03868312757201646,0.5995824933052063,0.06432781368494034,9.178058463686574,0.007070872001349926,0.0021135180722922087,0.22197024524211884,0.20976008474826813,0.46373721957206726,0.08089163237311385,0.2987861931324005,0.40704023838043213,0.7322468840777175,0.017057325690984726,0.0020183089654892683,0.2067815661430359,0.18582837283611298,0.42402195930480957,0.060531550068587105,0.3682534694671631,0.37884092330932617,0.9694939298767269,0.014169235713779926,0.001347776735201478,0.2751241624355316,0.18366892635822296,0.4833991229534149,0.08857681755829903,0.4955650568008423,0.42747700214385986,1.1565732917316711,0.015385270118713379,0.0015504914335906506,0.07303296774625778,0.09055586159229279,0.16654637455940247,0.007078189300411522,0.13094140589237213,0.1630258560180664,0.7982973481811902,0.00977816991508007,0.0015268910210579634
p41002696_I23_s08,p41002696_I23,plate_41002696,Retinoic acid,11.0,1.0757200717926023,-0.0684191733598709,test,46,466.6304347826087,0.39825250522699457,0.9609144108499101,0.06705809384584427,0.1704970747232437,0.07535555213689804,0.05442729766803841,0.6305031180381775,0.07112868875265121,8.741363928025134,0.008737528696656227,0.0025399839505553246,0.24925588071346283,0.19035151600837708,0.44512003660202026,0.06366255144032922,0.2771640121936798,0.4186888635158539,0.6604035424523717,0.016427861526608467,0.0017279940657317638,0.2377057671546936,0.16750943660736084,0.4314344525337219,0.052338820301783266,0.3373609185218811,0.3951331377029419,0.8516351862864506,0.014429116621613503,0.001441081170924008,0.30591580271720886,0.1624952107667923,0.5113768577575684,0.11036008230452675,0.4665485620498657,0.4390670657157898,1.060176046782784,0.013749872334301472,0.0011070884065702558,0.08707448095083237,0.08583199977874756,0.17141826450824738,0.005997942386831275,0.10879848897457123,0.1593136042356491,0.6786603638119539,0.011196109466254711,0.0017878989456221461
p41002696_K16_s08,p41002696_K16,plate_41002696,Lercanidipine,11.0,0.991207242012024,-0.0136202992871403,test,49,446.55102040816325,0.417096061491946,0.9653831700769399,0.06499502062797546,0.15307171642780304,0.0781150534749031,0.04692729766803841,0.5681415796279907,0.06569679081439972,8.51827460797904,0.008295347914099693,0.002101350110024214,0.26659154891967773,0.18150979280471802,0.4471886157989502,0.07133744855967078,0.2618632912635803,0.36194682121276855,0.7214921744970166,0.016672998666763306,0.001632833736948669,0.2656852900981903,0.16380272805690765,0.42621827125549316,0.059893689986282576,0.3365931212902069,0.3644461929798126,0.9210470043364234,0.014208344742655754,0.0013660658150911331,0.3507136106491089,0.16651596128940582,0.5535175204277039,0.1463923182441701,0.4819086194038391,0.4479064643383026,1.0735167739546418,0.017467927187681198,0.00232165795750916,0.10112632811069489,0.09295118600130081,0.2054312527179718,0.008151577503429356,0.11320485174655914,0.1601751446723938,0.7023716465504681,0.012259055860340595,0.0017756131710484624
p41002696_K17_s08,p41002696_K17,plate_41002696,Lapatinib,11.0,0.7774064540863037,-0.0629392862319946,test,37,465.7027027027027,0.4827454018449023,0.9652946702582244,0.05359162017703056,0.13852812349796295,0.04818509891629219,0.03867283950617284,0.574451208114624,0.06600423902273178,8.573356200937322,0.006707788910716772,0.0016411137767136097,0.22760127484798431,0.20937365293502808,0.44110825657844543,0.07205418381344307,0.30770739912986755,0.39746829867362976,0.7722255450537082,0.016869712620973587,0.0018843394936993718,0.20674969255924225,0.17563661932945251,0.3859986364841461,0.046958161865569274,0.3487357199192047,0.3669107258319855,0.9478813620629873,0.013049493543803692,0.00108120939694345,0.26938456296920776,0.16089676320552826,0.45994892716407776,0.06790123456790123,0.46060362458229065,0.4246619641780853,1.08208781461523,0.014656377956271172,0.001440023654140532,0.0871937945485115,0.11305778473615646,0.1824251115322113,0.017575445816186558,0.14489969611167908,0.18814949691295624,0.7660591144916433,0.01295541226863861,0.002808038843795657
p41002696_K21_s08,p41002696_K21,plate_41002696,Sorafenib,11.0,0.3106267750263214,-0.0519795082509517,test,49,448.0612244897959,0.42863211471372564,0.9658324542364667,0.06864321231842041,0.1710444688796997,0.07164084166288376,0.05481138545953361,0.6269201040267944,0.06402325630187988,9.64147506111086,0.008993961848318577,0.0026428282726556063,0.24961435794830322,0.22416773438453674,0.43302199244499207,0.061443758573388206,0.2067270427942276,0.327275812625885,0.6297358344515659,0.01763813942670822,0.00196881964802742,0.23196549713611603,0.17478127777576447,0.4001372754573822,0.044221536351165984,0.26879093050956726,0.3140639066696167,0.8531314594261908,0.014866179786622524,0.0014334755251184106,0.29767486453056335,0.14996886253356934,0.4736475646495819,0.08215706447187929,0.4047536849975586,0.3902615010738373,1.0344838014644715,0.015226026065647602,0.0014683841727674007,0.10469704866409302,0.10973905771970749,0.21968603134155273,0.015679012345679012,0.1063697412610054,0.16957701742649078,0.6235877661939121,0.015699882060289383,0.0034193997271358967
p41002696_K22_s08,p41002696_K22,plate_41002696,Olmesartan,11.0,1.018072247505188,-0.0300599616020917,test,51,460.70588235294116,0.44282448144602243,0.9678726705162495,0.06838418543338776,0.1613113284111023,0.10677138715982437,0.051755829903978055,0.575262725353241,0.06418854743242264,8.824598000892474,0.00899890810251236,0.0027026094030588865,0.26263681054115295,0.23604433238506317,0.4256879687309265,0.07080589849108368,0.27215489745140076,0.3666188716888428,0.7403180805194247,0.016101963818073273,0.001535853953100741,0.2590542733669281,0.21246188879013062,0.42498284578323364,0.06667352537722908,0.3362578749656677,0.35946518182754517,0.9328442576918323,0.01377180963754654,0.0011914786882698536,0.33211177587509155,0.1888463944196701,0.5403993725776672,0.12828875171467763,0.4554564356803894,0.4249725937843323,1.0692153493588008,0.01703413762152195,0.001812231377698481,0.10726172477006912,0.11844634264707565,0.2316853106021881,0.0219238683127572,0.10661767423152924,0.1616087406873703,0.6556700075336734,0.01505341101437807,0.003003824735060334
p41002696_K23_s08,p41002696_K23,plate_41002696,Sunitinib,11.0,0.5373003482818604,0.1398165374994278,test,37,1875.1081081081081,0.6842255088109273,0.9422119575820649,0.34922394156455994,0.5092994570732117,1.2911272048950195,0.2650445816186557,1.1891663074493408,0.3791358470916748,3.128266688204645,0.011204026639461517,0.0019706517923623323,0.36989712715148926,0.38394683599472046,0.9848304390907288,0.2991700960219479,0.8954687714576721,0.5676353573799133,1.5747680122877001,0.01841457188129425,0.002638326957821846,0.9674100875854492,1.1830772161483765,3.0,0.38175925925925924,2.8242173194885254,1.4526329040527344,1.9428683208907809,0.019733410328626633,0.002425647107884288,1.0661691427230835,1.22471284866333,3.0,0.3867798353909465,2.8560898303985596,1.7288049459457397,1.6511051359244693,0.01819349080324173,0.002215251326560974,0.09051038324832916,0.12700341641902924,0.21309995651245117,0.018209876543209876,0.17168757319450378,0.19022472202777863,0.8978314695605271,0.013523143716156483,0.004441273398697376
p41002696_L13_s08,p41002696_L13,plate_41002696,Thalidomide,11.0,0.9274027943611144,-0.0958186089992523,test,53,476.49056603773585,0.40557059826715436,0.9643649154839805,0.07110842317342758,0.16435664892196655,0.1288473755121231,0.053041838134430724,0.5695239305496216,0.061689432710409164,9.08484741248992,0.009211618453264236,0.0025810664519667625,0.14535470306873322,0.0986998900771141,0.23688334226608276,0.014365569272976681,0.14946694672107697,0.1956973373889923,0.7598829181174341,0.009070811793208122,0.0005077896057628095,0.1639251857995987,0.10968928039073944,0.2741249203681946,0.022026748971193416,0.21551509201526642,0.2232929915189743,0.9608641382672659,0.009716988541185856,0.0006304349517449737,0.2636631429195404,0.13837218284606934,0.41386115550994873,0.05673525377229081,0.3626483082771301,0.3376736044883728,1.070789998012911,0.01284696627408266,0.0009207031689584255,0.3929671347141266,0.3616900146007538,0.7064236998558044,0.19058641975308643,0.5064413547515869,0.5748965740203857,0.8793963666358949,0.02783912420272827,0.005249559413641691
p41002696_M17_s08,p41002696_M17,plate_41002696,Raltegravir,11.0,0.9923266172409058,0.0274788551032543,test,45,478.5111111111111,0.4654567173455129,0.9629444574849548,0.0645039901137352,0.1615765392780304,0.08618127554655075,0.046087105624142664,0.580195426940918,0.07210561633110046,7.93640018453811,0.008099268190562725,0.0024625868536531925,0.2946854829788208,0.22716264426708221,0.5283018946647644,0.11314471879286694,0.260865181684494,0.39819979667663574,0.6534702268293061,0.01927080936729908,0.0024766898714005947,0.286932110786438,0.20507226884365082,0.488126277923584,0.09362482853223594,0.3440382480621338,0.3885044753551483,0.8832716177354352,0.01522665936499834,0.0014878035290166736,0.3674784302711487,0.2014404833316803,0.578709065914154,0.16068244170096022,0.5025629997253418,0.459105908870697,1.0922767780984453,0.018221091479063034,0.0021578685846179724,0.1039959117770195,0.10861416161060333,0.22618187963962555,0.015905349794238684,0.10964715480804443,0.1695098727941513,0.6430545810119533,0.012911134399473667,0.002149052917957306
p41002697_E19_s08,p41002697_E19,plate_41002697,Irinotecan,1.0,0.9308834671974182,-0.0095288725569844,test,59,408.54237288135596,0.4817692932818152,0.9536223301584867,0.06506012380123138,0.14715270698070526,0.1122903823852539,0.03796296296296296,0.5103052854537964,0.06427060067653656,7.818302270308976,0.00841509085148573,0.0024859756231307983,0.11121391505002975,0.07660777121782303,0.17676925659179688,0.00815843621399177,0.1160174310207367,0.14638391137123108,0.7871783964839392,0.006560651585459709,0.00024116103304550052,0.13979974389076233,0.09806621074676514,0.22731640934944153,0.013549382716049383,0.19337840378284454,0.190035879611969,1.0122622209798162,0.007531309500336647,0.0003394311643205583,0.20316524803638458,0.10826083272695541,0.3230787217617035,0.019770233196159122,0.28823116421699524,0.26860925555229187,1.0690699902959806,0.010650517418980598,0.0006759807583875954,0.13946272432804108,0.13385504484176636,0.2868098020553589,0.029982853223593963,0.14921480417251587,0.20771585404872894,0.7149183987608275,0.01707279495894909,0.0033223098143935204
p41002697_E21_s08,p41002697_E21,plate_41002697,Gabapentin enacarbil,1.0,1.073294758796692,-0.0941845253109932,test,59,436.728813559322,0.36102993535609346,0.9659497098757054,0.07849866151809692,0.1718531847000122,0.1562301069498062,0.05587105624142661,0.5843624472618103,0.07034717500209808,8.190407640451442,0.010211216285824776,0.002994909416884184,0.13248290121555328,0.0889471173286438,0.216072216629982,0.009859396433470507,0.14575695991516113,0.17631742358207703,0.8220114919935821,0.006906348280608654,0.00026933386106975377,0.17264212667942047,0.11409904062747955,0.30185312032699585,0.022661179698216734,0.23897784948349,0.2329932302236557,1.02130240800159,0.008897757157683372,0.0006114747957326472,0.24712705612182617,0.12730355560779572,0.3995820879936218,0.051810699588477366,0.3483383059501648,0.31808769702911377,1.0916694977380534,0.011494378559291363,0.0007579540833830833,0.15369828045368195,0.13687604665756226,0.31559908390045166,0.03350480109739369,0.17457439005374908,0.23003122210502625,0.7556311586941612,0.016474226489663124,0.0031674301717430353
p41002697_E22_s08,p41002697_E22,plate_41002697,Macitentan,1.0,0.9939844012260436,-0.0292818583548069,test,72,455.4583333333333,0.3699581528349049,0.9649263597285392,0.0940031036734581,0.18162496387958527,0.37656548619270325,0.07322016460905349,0.5716543793678284,0.07248933613300323,7.778739194666705,0.012057751417160034,0.0034035861026495695,0.12793686985969543,0.06759583204984665,0.20077727735042572,0.0028772290809327846,0.1361171156167984,0.1675649881362915,0.8075052661988282,0.0062771630473434925,0.0001980443048523739,0.18447062373161316,0.10223899036645889,0.31269732117652893,0.016917009602194787,0.24512231349945068,0.24667015671730042,0.9897127564676356,0.009201564826071262,0.0005707692471332848,0.27317702770233154,0.12957224249839783,0.44299978017807007,0.06260288065843621,0.3729429244995117,0.3518439829349518,1.0569626875804348,0.011507747694849968,0.0007466545794159174,0.17413893342018127,0.13272824883460999,0.3360700011253357,0.03584019204389575,0.18538737297058105,0.255212664604187,0.7235683421698876,0.017153235152363777,0.0028117268811911345
p41002697_F10_s08,p41002697_F10,plate_41002697,Edoxaban (tosylate),1.0,0.8463629484176636,-0.0123507278040051,test,57,412.859649122807,0.47201443308082036,0.9617090128941275,0.06664411723613739,0.15657730400562286,0.10624071210622787,0.047253086419753086,0.5585708618164062,0.06119522079825401,8.980928994982953,0.008768175728619099,0.0023783142678439617,0.1066543459892273,0.06274082511663437,0.17470067739486694,0.0030486968449931415,0.10930581390857697,0.145083487033844,0.7482420917516397,0.006238579750061035,0.00021448380721267313,0.12535953521728516,0.07851962745189667,0.21276596188545227,0.0051440329218107,0.17793530225753784,0.17699317634105682,0.9996748522347391,0.006994498427957296,0.0003433493839111179,0.1954014152288437,0.10077838599681854,0.3128627836704254,0.014142661179698217,0.2933429181575775,0.262932687997818,1.11143079844662,0.009083066135644913,0.00047275732504203916,0.11260681599378586,0.09876596927642822,0.2266329824924469,0.011090534979423868,0.1240144670009613,0.17634473741054535,0.699284731037004,0.01268008816987276,0.0020427026320248842
p41002697_G22_s08,p41002697_G22,plate_41002697,Nifurtimox,1.0,1.1416058540344238,0.0384426638484001,test,41,447.9512195121951,0.41718875169108866,0.9644058158626018,0.05288810655474663,0.12940238416194916,0.06399915367364883,0.030987654320987653,0.51531583070755,0.061927251517772675,8.189072592214016,0.006534934509545565,0.001567079103551805,0.10805744677782059,0.07410693168640137,0.20077727735042572,0.0005418381344307271,0.13307151198387146,0.17338383197784424,0.7630954686256604,0.006709464360028505,0.0002679681347217411,0.12894123792648315,0.09288322925567627,0.24859300255775452,0.003737997256515775,0.21279330551624298,0.21549934148788452,0.9828819988727359,0.007699635345488787,0.0004298716667108238,0.18184472620487213,0.1130882054567337,0.32354307174682617,0.015960219478738,0.3007044792175293,0.28096088767051697,1.0664758566404962,0.008765626698732376,0.0004522664239630103,0.11269420385360718,0.11333406716585159,0.24720317125320435,0.015414951989026064,0.1563240885734558,0.21970097720623016,0.7083071880890744,0.012794981710612774,0.002168528037145734
p41002697_I13_s08,p41002697_I13,plate_41002697,Zalcitabine,1.0,0.9065693616867064,-0.0603222623467445,test,38,422.89473684210526,0.43068045698559376,0.9653284512286053,0.0608162060379982,0.16656577587127686,0.06113351881504059,0.04080932784636488,0.6773507595062256,0.08587253093719482,7.7970648742341995,0.007782516535371542,0.0023438059724867344,0.11893979460000992,0.09489399194717407,0.22083620727062225,0.009622770919067216,0.15601566433906555,0.19662980735301971,0.7894338735066407,0.008251477964222431,0.00043782583088614047,0.1271318644285202,0.09764973819255829,0.24227865040302277,0.00901920438957476,0.2305031567811966,0.21679897606372833,1.0583298459298127,0.008211265318095684,0.0004954725736752152,0.19398748874664307,0.10792272537946701,0.3306245505809784,0.01411522633744856,0.3509558439254761,0.2926402688026428,1.1951897652067447,0.010723501443862915,0.0006845510797575116,0.10739241540431976,0.11423766613006592,0.22870804369449615,0.018271604938271607,0.1690416932106018,0.21577513217926025,0.7798020534514738,0.012689551338553429,0.002120442222803831
p41002697_I14_s08,p41002697_I14,plate_41002697,Ebrotidine,1.0,0.9760382771492004,-0.0264600031077861,test,51,472.11764705882354,0.43561902185781637,0.9648181833485906,0.06817487627267838,0.16071170568466187,0.09053279459476471,0.04804869684499314,0.5609446167945862,0.05761795490980148,9.569501659649182,0.00863563735038042,0.0026167642790824175,0.12233296781778336,0.059378597885370255,0.18065567314624786,0.0010836762688614541,0.1239703893661499,0.15853852033615112,0.7770561561241862,0.007006863597780466,0.00029872937011532485,0.14262297749519348,0.07472129166126251,0.21153053641319275,0.00844650205761317,0.1961820423603058,0.1884297877550125,1.0356451574238466,0.007950123399496078,0.00048132636584341526,0.23789416253566742,0.10687252134084702,0.344439297914505,0.02271604938271605,0.3366892337799072,0.2987254858016968,1.123325341785137,0.010943274945020676,0.0007351953536272049,0.10541165620088577,0.08222663402557373,0.182244673371315,0.007506858710562414,0.11020833253860474,0.14723478257656097,0.7434714756078509,0.012690730392932892,0.0020484928973019123
p41002697_I22_s08,p41002697_I22,plate_41002697,Thio-TEPA,1.0,1.0582431554794312,-0.0292818583548069,test,41,479.4390243902439,0.4883623025409755,0.9636834810848491,0.05289911478757858,0.13366152346134186,0.05285501852631569,0.033689986282578875,0.5177065134048462,0.056396208703517914,9.019873003791538,0.006759375799447298,0.0016452799318358302,0.11398623883724213,0.08127592504024506,0.19883407652378082,0.004862825788751714,0.134515181183815,0.17341922223567963,0.7712176413793126,0.007170987781137228,0.0003573115973267704,0.12320876121520996,0.09084213525056839,0.21358956396579742,0.008491083676268862,0.19768691062927246,0.1915890872478485,1.0264699493324012,0.006805424112826586,0.0003309768217150122,0.17024271190166473,0.10161666572093964,0.2782679498195648,0.014334705075445816,0.2801198363304138,0.23522992432117462,1.1857931933702317,0.009136553853750229,0.0005742261419072747,0.0995161384344101,0.11150475591421127,0.2257307767868042,0.01708161865569273,0.12458139657974243,0.1980494260787964,0.625881717088826,0.01386090088635683,0.002608406823128462
p41002697_J16_s08,p41002697_J16,plate_41002697,6-Thioguanine,1.0,0.933199107646942,-0.0828971043229103,test,47,429.70212765957444,0.46586355512910954,0.9641112552664103,0.0607713907957077,0.14219547808170319,0.09891742467880249,0.03534293552812071,0.5383085012435913,0.09131142497062683,5.831439623154763,0.0069917961955070496,0.0012490968219935894,0.11209169030189514,0.06227749213576317,0.1876762956380844,0.001368312757201646,0.1155201718211174,0.1429632604122162,0.8024281437523958,0.005256955511868,0.0002055788936559111,0.13088855147361755,0.07390667498111725,0.2277282029390335,0.001954732510288066,0.18777234852313995,0.17659536004066467,1.057304360204822,0.005211857613176107,0.00018183403881266713,0.19273748993873596,0.08634413778781891,0.29277920722961426,0.0100960219478738,0.2853485941886902,0.24670350551605225,1.1519764066084175,0.008320583961904049,0.0005082206334918737,0.12440337240695953,0.1015876829624176,0.24341392517089844,0.012750342935528122,0.1328735053539276,0.19778092205524445,0.6684419409071858,0.011722966097295284,0.001358694746159017
p41002697_L12_s08,p41002697_L12,plate_41002697,control,0.0,0.970828115940094,-0.0575004070997238,test,35,446.62857142857143,0.4555395501545696,0.9617837234246799,0.053222622722387314,0.13920490443706512,0.07015495747327805,0.03046639231824417,0.5785965323448181,0.07349225133657455,7.767204265723891,0.005812549497932196,0.0015961412573233247,0.1042390689253807,0.07879098504781723,0.2010280191898346,0.0017695473251028806,0.13762830197811127,0.1892019510269165,0.7235903797781482,0.006394123192876577,0.000315754150506109,0.11339458078145981,0.09004630893468857,0.23500342667102814,0.003196159122085048,0.20468273758888245,0.2102232277393341,0.9690351756269764,0.0058400132693350315,0.0003313063061796129,0.1506607085466385,0.10304458439350128,0.2809379994869232,0.008473936899862826,0.29161447286605835,0.25233131647109985,1.1511189257145231,0.008383701555430889,0.0005602802848443389,0.0836072787642479,0.10182268917560577,0.16889210045337677,0.012414266117969822,0.12077754735946655,0.17876510322093964,0.6718631435992632,0.01210094429552555,0.0027314138133078814
p41002697_M10_s08,p41002697_M10,plate_41002697,Troglitazone,1.0,0.9957211017608644,-0.0970063805580139,test,55,444.4,0.4133971456039831,0.9615303957168239,0.07193522900342941,0.16153916716575623,0.13277435302734375,0.04941015089163237,0.5660399198532104,0.06957720220088959,8.020152431688144,0.009087445214390755,0.002509170677512884,0.11754091084003448,0.08070540428161621,0.19012098014354706,0.00821673525377229,0.12539522349834442,0.15825732052326202,0.7873749419263179,0.006468518637120724,0.0002405605191597715,0.1522735059261322,0.10746776312589645,0.27935484051704407,0.01875514403292181,0.2123463749885559,0.21431322395801544,0.9862207768063608,0.00829246360808611,0.0006015229737386107,0.23424778878688812,0.12661445140838623,0.40294867753982544,0.048017832647462275,0.33628588914871216,0.306593656539917,1.0932796629538806,0.011300290003418922,0.0007943194941617548,0.15135003626346588,0.13543368875980377,0.3202814757823944,0.0375960219478738,0.16444233059883118,0.23412704467773438,0.6993765044094191,0.01606416143476963,0.003032535780221224
p41002698_E11_s01,p41002698_E11,plate_41002698,Raltegravir,0.1369294673204422,0.8776556849479675,-0.0926596894860267,test,55,426.1090909090909,0.42073978111414184,0.9616650653261656,0.07456549257040024,0.17080309987068176,0.1185523271560669,0.05828189300411522,0.61530601978302,0.07052268087863922,8.602949612963762,0.009678184054791927,0.0029312653932720423,0.2935634255409241,0.21602995693683624,0.511439859867096,0.10633744855967078,0.311479777097702,0.43501704931259155,0.7143752236036861,0.01840135082602501,0.001938236877322197,0.33505213260650635,0.23490336537361145,0.5799587965011597,0.1545610425240055,0.46078431606292725,0.4989427924156189,0.9216740856219047,0.01861126720905304,0.002014616969972849,0.4547952115535736,0.2788832485675812,0.8052124381065369,0.32898834019204387,0.6746169328689575,0.6568507552146912,1.0254862938460787,0.02169020287692547,0.002813794882968068,0.1371966451406479,0.13396647572517395,0.30097436904907227,0.03377914951989026,0.16229099035263062,0.22975695133209229,0.7032983813305397,0.015338106080889702,0.0028370616491883993
p41002698_E24_s01,p41002698_E24,plate_41002698,Retinoic acid,0.1369294673204422,1.202947974205017,0.1095957309007644,test,44,432.79545454545456,0.44611667724019705,0.9619371511739664,0.05740595981478691,0.15706004202365875,0.05402250215411186,0.04338477366255144,0.5994493365287781,0.06187044829130173,9.534675715231273,0.00792243517935276,0.002608230337500572,0.24560275673866272,0.2299593985080719,0.43722182512283325,0.07138545953360768,0.27911946177482605,0.38616740703582764,0.7209270633387715,0.017054539173841476,0.0018683774396777153,0.23880280554294586,0.19578193128108978,0.42566919326782227,0.0662517146776406,0.3584786057472229,0.37156766653060913,0.9621838875214667,0.014337575063109398,0.0013458633329719305,0.29686400294303894,0.15585912764072418,0.4846761226654053,0.08897119341563786,0.45729145407676697,0.39444097876548767,1.1564088666388799,0.01587381772696972,0.0015372468624264002,0.09661687165498734,0.10872832685709,0.2084987312555313,0.015099451303155006,0.12407119572162628,0.1765219122171402,0.6989063725827018,0.014670833945274353,0.0032688004430383444
p41002698_F20_s01,p41002698_F20,plate_41002698,control,0.0,0.9632033109664916,-0.0196230094879865,test,40,496.625,0.44163420727266106,0.9647554187375118,0.06234241649508476,0.16038115322589874,0.06771386414766312,0.049811385459533605,0.6187970042228699,0.06810193508863449,8.95484335466383,0.007808844558894634,0.0022244546562433243,0.2460215985774994,0.18251366913318634,0.41603460907936096,0.058377914951989025,0.2536056935787201,0.3631614148616791,0.6964101171318443,0.015760142356157303,0.0016639545792713761,0.2579050064086914,0.19029787182807922,0.4319835305213928,0.06570987654320988,0.361659973859787,0.3874098062515259,0.9311298737539694,0.014317878521978855,0.001412835088558495,0.3482813537120819,0.20111307501792908,0.5513117909431458,0.13995541838134432,0.5245407223701477,0.49257415533065796,1.062739441895503,0.018151195719838142,0.002525913994759321,0.1040516346693039,0.1074802502989769,0.2235655039548874,0.015397805212620028,0.11071672290563583,0.17576399445533752,0.6263533659486877,0.014782808721065521,0.002900804625824094
p41002698_I23_s01,p41002698_I23,plate_41002698,Lercanidipine,0.1369294673204422,1.1142319440841677,-0.0617595575749874,test,32,481.125,0.4892153146660954,0.9633395774371114,0.0450972318649292,0.13482153415679932,0.030460624024271965,0.03258916323731138,0.5783697962760925,0.05834253877401352,9.746293438483026,0.0055400957353413105,0.0014734718715772033,0.20705731213092804,0.17631244659423828,0.4069454073905945,0.04301440329218107,0.25645050406455994,0.39241138100624084,0.6518634600977438,0.014945217408239841,0.0021597922313958406,0.19582830369472504,0.15220852196216583,0.37693890929222107,0.03015432098765432,0.32254767417907715,0.35510867834091187,0.9057562867656207,0.01178467646241188,0.0011117275571450591,0.25789517164230347,0.16350901126861572,0.4432319402694702,0.05891289437585734,0.43592846393585205,0.3901003897190094,1.1146203772618326,0.015174930915236473,0.0017180611612275243,0.07028685510158539,0.09177134186029434,0.14417177438735962,0.008854595336076817,0.1004067063331604,0.1572643369436264,0.6344240798160685,0.011698825284838676,0.002889440394937992
p41002698_J13_s01,p41002698_J13,plate_41002698,Compound_567dbb1e,0.1369294673204422,0.9558103084564208,-0.0729959681630134,test,41,475.0731707317073,0.4150715606823367,0.9667840556841832,0.05785219743847847,0.15336784720420837,0.053916364908218384,0.045871056241426615,0.5966880917549133,0.06817209720611572,8.626138513292876,0.007606449071317911,0.0019987549167126417,0.22613808512687683,0.177570641040802,0.43038925528526306,0.053652263374485594,0.286631315946579,0.41334667801856995,0.6917668975102363,0.015692733228206635,0.0017733077984303236,0.22094151377677917,0.1711796224117279,0.42580646276474,0.05250685871056241,0.3702414631843567,0.40203356742858887,0.9186367913386212,0.014217554591596127,0.0014457833021879196,0.3047272562980652,0.199545755982399,0.5333178639411926,0.12447873799725652,0.5457448959350586,0.48688751459121704,1.1185875424426839,0.014845317229628563,0.0013964640675112605,0.07346847653388977,0.08132670819759369,0.16249549388885498,0.004012345679012346,0.10803118348121643,0.15271785855293274,0.7027887618146587,0.010240050032734871,0.0014649243094027042
p41002698_J16_s01,p41002698_J16,plate_41002698,Lapatinib,0.1369294673204422,0.9119803309440612,-0.050523143261671,test,52,484.46153846153845,0.43832672788859145,0.9656997651801,0.07460365444421768,0.1736879199743271,0.15156017243862152,0.056851851851851855,0.5918309688568115,0.07811112701892853,7.481007933501024,0.009486651979386806,0.002789244521409273,0.2885512113571167,0.26322612166404724,0.4399799406528473,0.06642318244170096,0.3798682689666748,0.44723597168922424,0.8474738596616899,0.016585836187005043,0.0016934039304032922,0.2899765968322754,0.2301032394170761,0.4410432279109955,0.06309670781893004,0.44257819652557373,0.43588146567344666,1.0130395342895713,0.014115329831838608,0.0012592001585289836,0.4158354699611664,0.2037447839975357,0.6489436030387878,0.24945473251028807,0.6091212034225464,0.5577553510665894,1.0901393646786834,0.020633745938539505,0.002707498148083687,0.10487248748540878,0.10778094083070755,0.20498014986515045,0.01751028806584362,0.12479331344366074,0.1711573302745819,0.7248794648744956,0.014706959016621113,0.002954317256808281
p41002698_K10_s01,p41002698_K10,plate_41002698,Thalidomide,0.1369294673204422,0.9616191387176514,-0.0645686611533165,test,31,424.38709677419354,0.5522756132720243,0.9641792127232744,0.03953706845641136,0.11709731072187424,0.028974739834666252,0.027187928669410152,0.5482139587402344,0.053322259336709976,10.091884347854464,0.005002469755709171,0.0011760233901441097,0.21287919580936432,0.24841751158237457,0.40976619720458984,0.05457133058984911,0.23989908397197723,0.33051905035972595,0.7236358927538753,0.01647445186972618,0.0019024130888283253,0.20287980139255524,0.213930144906044,0.38174331188201904,0.04578532235939643,0.32227692008018494,0.3192054331302643,1.00646924360299,0.014064691960811615,0.0014006139244884253,0.26733556389808655,0.19020946323871613,0.45845136046409607,0.07525034293552813,0.45819762349128723,0.3822324275970459,1.1956128722308028,0.014447961002588272,0.0013172752223908901,0.07751938700675964,0.1035686507821083,0.17656080424785614,0.013165294924554184,0.10190244019031525,0.14792029559612274,0.6842750330463913,0.011586284264922142,0.002196493325755
p41002698_L19_s01,p41002698_L19,plate_41002698,Sorafenib,0.1369294673204422,0.9874946475028992,-0.0168139059096574,test,37,442.97297297297297,0.4476444359784762,0.9592603051371458,0.05096180737018585,0.1373070478439331,0.07599236071109772,0.031141975308641975,0.5604040026664734,0.09610982984304428,5.770826738881508,0.005908082239329815,0.0010970522416755557,0.23055925965309143,0.2881709933280945,0.41402870416641235,0.06443415637860082,0.29733383655548096,0.37928760051727295,0.7818657146618585,0.0128937978297472,0.0013226473238319159,0.22255447506904602,0.2544001638889313,0.4023335576057434,0.060198902606310015,0.36946576833724976,0.37855178117752075,0.9734265169063885,0.010580727830529213,0.0008269844111055136,0.2864057123661041,0.22428807616233826,0.4677269458770752,0.08313443072702333,0.47738343477249146,0.4240017831325531,1.1232504279249134,0.013295494951307774,0.0011703703785315156,0.09836442768573761,0.12365184724330902,0.21788163483142853,0.019434156378600822,0.15102159976959229,0.2023179680109024,0.7427853093706609,0.0095808831974864,0.0010575756896287203
p41002698_M13_s01,p41002698_M13,plate_41002698,Olmesartan,0.1369294673204422,0.9352155327796936,0.0056589180603623,test,22,510.77272727272725,0.5085547457566468,0.9657147982025477,0.03153280168771744,0.10646452009677887,0.01878582127392292,0.018439643347050755,0.5277336239814758,0.055657949298620224,9.314379191523749,0.003930484876036644,0.00087474484462291,0.16257506608963013,0.19541653990745544,0.3665141463279724,0.04849794238683128,0.29779037833213806,0.3796311318874359,0.7823594902904675,0.01412699930369854,0.0016557159833610058,0.13859814405441284,0.1552957445383072,0.30514755845069885,0.025246913580246912,0.3167305290699005,0.32226988673210144,0.97977121306192,0.011034081690013409,0.0010380640160292387,0.1860247403383255,0.14760033786296844,0.35186904668807983,0.025696159122085047,0.3896598517894745,0.3357672691345215,1.1570597486830738,0.012014203704893589,0.0010900943307206035,0.05551400035619736,0.08910862356424332,0.12675929069519043,0.0072839506172839505,0.1262216567993164,0.17457151412963867,0.7189187689417358,0.009136234410107136,0.0016210624016821384
p41002699_C24_s08,p41002699_C24,plate_41002699,Nifurtimox,0.1369294673204422,1.2413115501403809,0.1462916880846023,test,53,461.8490566037736,0.42447418543145266,0.9644085745241128,0.0666612833738327,0.15427641570568085,0.11612184345722198,0.04029492455418381,0.5292505621910095,0.06065260246396065,8.584399377145283,0.008507590740919113,0.002420576522126794,0.12117144465446472,0.0714130774140358,0.19012098014354706,0.004591906721536351,0.1281989961862564,0.15716062486171722,0.8105620238813749,0.006743404548615217,0.0002522487484384328,0.15516750514507294,0.10385079681873322,0.24776938557624817,0.017602880658436213,0.21703177690505981,0.2049531787633896,1.053791828842797,0.008836059831082821,0.0005841001402586699,0.22503863275051117,0.11898685991764069,0.3365451693534851,0.030713305898491083,0.3218800723552704,0.27758556604385376,1.15540828954721,0.010870979167521,0.0006919725565239787,0.12812985479831696,0.12256387621164322,0.2545109987258911,0.02366941015089163,0.14031535387039185,0.1879267394542694,0.742697165449975,0.016560189425945282,0.003337286179885268
p41002699_I10_s08,p41002699_I10,plate_41002699,Irinotecan,0.1369294673204422,0.9667651057243348,-0.0902893990278244,test,43,462.25581395348837,0.44006614978888553,0.9642839358470418,0.06193993613123894,0.15295903384685516,0.06888134032487869,0.04455761316872428,0.5888624787330627,0.06814073771238327,8.516867164227495,0.007891514338552952,0.0021139441523700953,0.12419149279594421,0.09107866138219833,0.1984579712152481,0.013748285322359397,0.15899443626403809,0.18646425008773804,0.8481320368530247,0.007460343185812235,0.0003153209399897605,0.1468774378299713,0.11242236196994781,0.24831846356391907,0.01922153635116598,0.24620582163333893,0.23031482100486755,1.0643754713328897,0.008287491276860237,0.00045089470222592354,0.2363455891609192,0.1282930076122284,0.3825168311595917,0.03730109739368999,0.38687679171562195,0.33714011311531067,1.144131609087418,0.011846105568110943,0.0008909370517358184,0.1145036518573761,0.12096785008907318,0.23529411852359772,0.023837448559670783,0.16010083258152008,0.2039295881986618,0.7812480081027438,0.01409948244690895,0.0026113996282219887
p41002699_I15_s08,p41002699_I15,plate_41002699,6-Thioguanine,0.1369294673204422,0.9204753041267396,-0.0705743059515953,test,38,461.07894736842104,0.4503856466565646,0.9633976538491758,0.046152930706739426,0.12079960107803345,0.047336023300886154,0.02648148148148148,0.491214781999588,0.05843466892838478,8.264785366121453,0.005872070789337158,0.0013758138520643115,0.09513340890407562,0.07557641714811325,0.1637936383485794,0.0065397805212620026,0.13568271696567535,0.16285006701946259,0.8280907016629939,0.0062359049916267395,0.0002611232630442828,0.09910823404788971,0.07841590791940689,0.16829100251197815,0.008978052126200274,0.1841583102941513,0.17491069436073303,1.0468852446031804,0.005922280251979828,0.00024162289628293365,0.15795639157295227,0.09354285150766373,0.2501741349697113,0.011666666666666667,0.28535911440849304,0.24531088769435883,1.1585322804024327,0.009261125698685646,0.0005631980602629483,0.09243210405111313,0.11479631811380386,0.18765787780284882,0.019516460905349794,0.13807649910449982,0.19076955318450928,0.7200126235453592,0.013596226461231709,0.0032178007531911135
p41002699_J14_s08,p41002699_J14,plate_41002699,Gabapentin enacarbil,0.1369294673204422,0.9641047716140748,-0.0198783595114946,test,40,446.1,0.4442096219035755,0.9609370157448627,0.048700958490371704,0.12393920123577118,0.04818509891629219,0.030555555555555555,0.5049110054969788,0.05605185031890869,8.850037337520606,0.00625798711553216,0.0015583658823743463,0.1124173179268837,0.09068267047405243,0.19626402854919434,0.010716735253772291,0.13155414164066315,0.1726079285144806,0.7577657470274478,0.007482950575649738,0.0003289492451585829,0.11730363219976425,0.09271323680877686,0.20549073815345764,0.012613168724279835,0.18650731444358826,0.18298935890197754,1.0136853324379058,0.007008716464042664,0.00032222308800555766,0.177867129445076,0.10679198056459427,0.2985836863517761,0.018271604938271607,0.30181944370269775,0.2557530999183655,1.1755240493636148,0.009621595032513142,0.0005928780883550644,0.09295683354139328,0.10413917154073715,0.2014615684747696,0.01345679012345679,0.11356357485055923,0.1705399751663208,0.6620239669526061,0.01365125086158514,0.002963483100757003
p41002699_J15_s08,p41002699_J15,plate_41002699,Edoxaban (tosylate),0.1369294673204422,0.9492068886756896,-0.0705743059515953,test,35,459.54285714285714,0.4592321681874993,0.9644331700520262,0.040116410702466965,0.10935455560684204,0.032371047884225845,0.021155692729766803,0.4682498872280121,0.048119619488716125,9.532848423949611,0.004866618197411299,0.0010692626237869263,0.0856720358133316,0.08258317410945892,0.16241459548473358,0.007366255144032921,0.12440010905265808,0.15747740864753723,0.7849706157761009,0.005573623348027468,0.00027769050211645663,0.09459284693002701,0.08976057171821594,0.18462593853473663,0.008960905349794239,0.1788928508758545,0.1744145154953003,1.0198292334629935,0.0058713327161967754,0.0002751403080765158,0.14920340478420258,0.11119560897350311,0.28035756945610046,0.010819615912208504,0.28323423862457275,0.25055599212646484,1.1259292065767301,0.008216475136578083,0.0004830229445360601,0.09237787872552872,0.12022233009338379,0.18630458414554596,0.019828532235939642,0.13361507654190063,0.1866977959871292,0.7118627890071915,0.011954712681472301,0.0025886823423206806
p41002699_J18_s08,p41002699_J18,plate_41002699,Zalcitabine,0.1369294673204422,1.0449788570404053,-0.073390744626522,test,43,500.27906976744185,0.45666157455146933,0.9611501550199029,0.05398224666714668,0.13190844655036926,0.07026109099388123,0.02612482853223594,0.4811435043811798,0.0589127279818058,8.030739386917796,0.006680765654891729,0.0014752813149243593,0.11242878437042236,0.08409427851438522,0.1908731907606125,0.007935528120713306,0.14357563853263855,0.17503876984119415,0.815591012492073,0.00717578362673521,0.0003262317040935159,0.11572959274053574,0.08449523895978928,0.20000000298023224,0.007506858710562414,0.18554966151714325,0.1809915155172348,1.0195511641836483,0.006710438523441553,0.00035110407043248415,0.17746828496456146,0.09836099296808243,0.28685858845710754,0.013419067215363512,0.2860400080680847,0.24850156903266907,1.1464457284861058,0.009356308728456497,0.0005530973430722952,0.09255266934633255,0.10008411854505539,0.1829664409160614,0.013991769547325103,0.13208448886871338,0.17354871332645416,0.7567199227741027,0.01200155820697546,0.00227053533308208
p41002699_J19_s08,p41002699_J19,plate_41002699,Thio-TEPA,0.1369294673204422,0.9768743515014648,-0.0677578672766685,test,24,486.5,0.47030386783447603,0.9654366874793657,0.03180129453539848,0.10015591979026794,0.022500529885292053,0.01634087791495199,0.4915795624256134,0.04612504690885544,10.431386166604302,0.003977333195507526,0.0009849958587437868,0.0800233781337738,0.07635816931724548,0.1765185296535492,0.0022565157750342934,0.11214490979909897,0.15694791078567505,0.7100119858582508,0.005980032030493021,0.0003058331785723567,0.07763629406690598,0.0755426287651062,0.16980096697807312,0.002431412894375857,0.15835554897785187,0.15677274763584137,1.0036939290894247,0.00528084859251976,0.00024006057356018573,0.108241505920887,0.09346984326839447,0.21778500080108643,0.007640603566529493,0.2452654093503952,0.19631892442703247,1.2429897946311435,0.006877095438539982,0.0003555626608431339,0.0769728422164917,0.11299589276313782,0.16645614802837372,0.01564471879286694,0.12313659489154816,0.2023598551750183,0.6055108309630368,0.011430651880800724,0.002814514795318246
p41002699_J24_s08,p41002699_J24,plate_41002699,Troglitazone,0.1369294673204422,0.9880477786064148,0.0674313232302665,test,43,474.1162790697674,0.476837819962756,0.9646444589521515,0.05347107723355293,0.12734994292259216,0.08968371897935867,0.027239368998628256,0.4795144498348236,0.06286098808050156,7.508722684189599,0.006401672028005123,0.00137956696562469,0.1135556623339653,0.07423275709152222,0.1981445550918579,0.004554183813443072,0.14711758494377136,0.1648043990135193,0.8872960296534458,0.007184544578194618,0.0002918040263466537,0.12828345596790314,0.09346173703670502,0.22512011229991913,0.007722908093278464,0.220642551779747,0.19266942143440247,1.1392740792303166,0.007477668114006519,0.00033817440271377563,0.17496155202388763,0.10620836913585663,0.2775714099407196,0.015061728395061728,0.2994689345359802,0.24138715863227844,1.2354983499365146,0.009248092770576477,0.0005347885889932513,0.09590835869312286,0.09460582584142685,0.2023637741804123,0.009296982167352539,0.12272676080465317,0.1647653430700302,0.7403644123175089,0.013464335352182388,0.002603543223813176
p41002699_K17_s08,p41002699_K17,plate_41002699,Macitentan,0.1369294673204422,1.01465106010437,-0.073390744626522,test,40,470.975,0.505243343830821,0.9612390540890112,0.053187426179647446,0.14241108298301697,0.04425811767578125,0.0316838134430727,0.5451844930648804,0.06286359578371048,8.536702112910767,0.006525699514895678,0.0015740729868412018,0.11209872364997864,0.09125234186649323,0.1990848183631897,0.0061488340192043895,0.13192789256572723,0.17478731274604797,0.7504972372853639,0.007504057139158249,0.0003648303681984544,0.11357706040143967,0.08691190183162689,0.19725462794303894,0.006917009602194787,0.18595853447914124,0.1793910413980484,1.0308634677085082,0.006831994745880365,0.00035350010148249567,0.1729556769132614,0.10183169692754745,0.2776874899864197,0.013124142661179698,0.299055278301239,0.25233936309814453,1.1804532649171617,0.00978049635887146,0.0007339865551330149,0.10636130720376968,0.12492777407169342,0.21400216221809387,0.025565843621399176,0.13338427245616913,0.19053258001804352,0.6964051361058444,0.01606540009379387,0.004578569903969765
p41002699_K22_s08,p41002699_K22,plate_41002699,Ebrotidine,0.1369294673204422,1.0167794227600098,-0.0311441253870725,test,51,456.11764705882354,0.44341764386868815,0.96512009126448,0.06399707496166229,0.14477664232254028,0.08948206901550293,0.03277091906721536,0.5147500038146973,0.05988077446818352,8.455050191316262,0.008149773813784122,0.002062300918623805,0.13232123851776123,0.08621864020824432,0.20974111557006836,0.008662551440329219,0.1332550346851349,0.1649729609489441,0.802871949281704,0.00774297583848238,0.0004072119190823287,0.15410412847995758,0.09217371046543121,0.24914206564426422,0.00936556927297668,0.2032739520072937,0.20026561617851257,1.009978534172473,0.008678480982780457,0.0005025661084800959,0.22262270748615265,0.09695246815681458,0.34026002883911133,0.013909465020576132,0.3148469924926758,0.28229814767837524,1.11136269358922,0.010122217237949371,0.000564012152608484,0.12651540338993073,0.11252561956644058,0.26299169659614563,0.018532235939643347,0.13429880142211914,0.18732643127441406,0.7131171153900845,0.015826456248760223,0.002878379775211215
p41002700_B15_s01,p41002700_B15,plate_41002700,Nifurtimox,33.5,1.0464487075805664,0.0706081464886665,test,63,464.6507936507937,0.3714960447809982,0.9659971176552672,0.07176654785871506,0.17133614420890808,0.23689237236976624,0.05210562414266118,0.5384864211082458,0.05602847412228584,9.442413275052255,0.01061864010989666,0.0032092067413032055,0.11209744960069656,0.07552049309015274,0.18723751604557037,0.005291495198902606,0.12516997754573822,0.15462328493595123,0.8043139405343714,0.006775309331715107,0.0002387223212281242,0.2588496804237366,0.16018666326999664,0.4339052736759186,0.06877229080932784,0.3581949770450592,0.35011282563209534,1.0201705859084302,0.014333807863295078,0.0013273170916363597,0.4068998396396637,0.1930309683084488,0.6338518857955933,0.23950274348422496,0.5541425347328186,0.5111311078071594,1.0820325621412523,0.019594328477978706,0.002209711354225874,0.20562636852264404,0.1838328242301941,0.42142727971076965,0.07241083676268861,0.22882945835590363,0.31712767481803894,0.7193006973907201,0.0259690098464489,0.008145619183778763
p41002700_C11_s01,p41002700_C11,plate_41002700,Irinotecan,33.5,0.8090237975120544,0.0094305397942662,test,44,441.3181818181818,0.3902333794481711,0.9671380389143135,0.047522012144327164,0.1383998692035675,0.03375079482793808,0.040579561042524005,0.5400325655937195,0.04304521530866623,12.260867878819608,0.007071497850120068,0.001860524876974523,0.09025897085666656,0.08392518013715744,0.16059675812721252,0.005874485596707819,0.10662837326526642,0.14686526358127594,0.7211184742294585,0.007427444215863943,0.00035054516047239304,0.1708572804927826,0.13523782789707184,0.2910226583480835,0.013878600823045267,0.28447309136390686,0.26976773142814636,1.050616666408041,0.012182419188320637,0.0010081244399771094,0.25584492087364197,0.14010454714298248,0.4218713641166687,0.045137174211248285,0.4191335141658783,0.36413127183914185,1.1478981574345324,0.014715229161083698,0.0012637580512091517,0.1307540088891983,0.14330418407917023,0.2584806978702545,0.03306584362139918,0.14910788834095,0.24361766874790192,0.6095548580123933,0.0199496578425169,0.005912003573030233
p41002700_D11_s01,p41002700_D11,plate_41002700,Gabapentin enacarbil,33.5,0.9591519236564636,-0.0211582649499177,test,59,479.2542372881356,0.407954158669329,0.9642485624687496,0.08143609762191772,0.19452179968357086,0.2536616325378418,0.06386488340192044,0.6137217283248901,0.06821849942207336,8.866440813497006,0.011375781148672104,0.0038831871934235096,0.10681267827749252,0.07988318055868149,0.178091898560524,0.00864883401920439,0.11763878911733627,0.13801997900009155,0.8462005962269553,0.006152328569442034,0.0002007215516641736,0.2630503177642822,0.15917237102985382,0.45957446098327637,0.07806241426611797,0.3566288352012634,0.33266642689704895,1.0688184559584097,0.014586841687560081,0.0014419156359508634,0.42900532484054565,0.20272158086299896,0.6856280565261841,0.3005727023319616,0.5944708585739136,0.5316535830497742,1.1160553077859665,0.02049916237592697,0.0024550699163228273,0.20267270505428314,0.17054565250873566,0.4081558883190155,0.061536351165980795,0.2127038836479187,0.28754371404647827,0.7371634636048825,0.021773984655737877,0.005792937707155943
p41002700_E11_s01,p41002700_E11,plate_41002700,Macitentan,33.5,0.8373813629150391,-0.0712126716971397,test,29,455.9655172413793,0.4227820757897001,0.9610082626698724,0.03674907237291336,0.12244106829166412,0.024517087265849113,0.0286042524005487,0.5607449412345886,0.053169090300798416,10.351751120810748,0.005308643449097872,0.0014228877844288945,0.08531587570905685,0.0792376920580864,0.1722560077905655,0.004194101508916324,0.1382228285074234,0.173964723944664,0.7900039813233384,0.007016030140221119,0.0003284295089542866,0.16330885887145996,0.144755020737648,0.3195607364177704,0.025229766803840876,0.36286139488220215,0.3276023864746094,1.1042567242896146,0.01135923434048891,0.0009422723087482154,0.24089650809764862,0.1761135309934616,0.42361271381378174,0.05557270233196159,0.524599015712738,0.4337802529335022,1.2065842737180918,0.01487371139228344,0.0014890809543430805,0.12381092458963394,0.15467427670955658,0.2550613582134247,0.03481824417009602,0.2282714992761612,0.29454904794692993,0.7723641840901839,0.017107659950852394,0.005455417558550835
p41002700_E12_s01,p41002700_E12,plate_41002700,control,0.0,1.0030783414840698,-0.0628702715039253,test,35,455.2,0.42825612229879945,0.9648719313497608,0.04413884878158569,0.13111259043216705,0.041286349296569824,0.03432098765432099,0.556425929069519,0.05481531471014023,9.96905476497171,0.006265123374760151,0.0015555811114609241,0.09259556233882904,0.10085659474134445,0.17282016575336456,0.00937928669410151,0.12981005012989044,0.14316128194332123,0.9004501651208044,0.007246994413435459,0.00027831640909425914,0.1876586377620697,0.17085759341716766,0.36032944917678833,0.048779149519890264,0.35248899459838867,0.2957819998264313,1.1877034146428584,0.013115039095282555,0.001019222429022193,0.30103686451911926,0.19487550854682922,0.5204318761825562,0.11248285322359397,0.5436576008796692,0.4390874207019806,1.2353400149735807,0.016205143183469772,0.0013454800937324762,0.15048089623451233,0.17260687053203583,0.33670154213905334,0.0475480109739369,0.2193836122751236,0.2856835424900055,0.765246621308134,0.019267765805125237,0.00470470217987895
p41002700_E13_s01,p41002700_E13,plate_41002700,Edoxaban (tosylate),33.5,0.8907602429389954,-0.0406238660216331,test,34,475.38235294117646,0.42010967451096914,0.9647786827693574,0.047594089061021805,0.1510259360074997,0.03544894978404045,0.03722222222222222,0.6237924695014954,0.06137670949101448,10.000406795926839,0.006870398297905922,0.002042182022705674,0.09364242106676102,0.07681331038475037,0.19331787526607513,0.000799039780521262,0.11957375705242157,0.16180332005023956,0.7344675588650296,0.007528996095061302,0.00038679741555824876,0.1870075762271881,0.14440909028053284,0.3777625262737274,0.0373079561042524,0.35146793723106384,0.32235223054885864,1.0869507120284327,0.012406807392835617,0.0011202935129404068,0.28136178851127625,0.17484387755393982,0.5131182074546814,0.11218106995884773,0.5407669544219971,0.4534292221069336,1.189991594102958,0.0156923346221447,0.0016043806681409478,0.14139921963214874,0.15611569583415985,0.3090039789676666,0.03736625514403292,0.20605255663394928,0.2915002703666687,0.7044525339263741,0.018344955518841743,0.005526285618543625
p41002700_G16_s01,p41002700_G16,plate_41002700,6-Thioguanine,33.5,0.9224539399147034,0.0038689391221851,test,34,410.94117647058823,0.41467519854208534,0.9610537055549905,0.04209943860769272,0.14384694397449493,0.03523667901754379,0.03349794238683128,0.6278240084648132,0.0634649321436882,9.739000532342665,0.006451125256717205,0.002271086210384965,0.07671289891004562,0.08476753532886505,0.1673666387796402,0.004598765432098765,0.11552023887634277,0.15345875918865204,0.7479034499768916,0.006554511375725269,0.0003744272980839014,0.1493057906627655,0.14218021929264069,0.32532602548599243,0.029050068587105623,0.31594282388687134,0.2987518310546875,1.0540146586435026,0.010982703417539597,0.0010210853070020676,0.2278733104467392,0.16318164765834808,0.43371257185935974,0.05870713305898491,0.466855525970459,0.3939576745033264,1.1820393832264349,0.013617374934256077,0.001257890253327787,0.1310993731021881,0.15626280009746552,0.3136051893234253,0.03816186556927298,0.21992981433868408,0.31426239013671875,0.697608789438245,0.01709885522723198,0.004467145539820194
p41002700_I16_s01,p41002700_I16,plate_41002700,Zalcitabine,33.5,0.9752768278121948,0.0288961417973041,test,38,457.07894736842104,0.44749148370402775,0.962360113368652,0.042913999408483505,0.1326702982187271,0.03173423931002617,0.0303840877914952,0.5291944146156311,0.046637460589408875,11.108787245751836,0.006231021136045456,0.001843571662902832,0.07588993012905121,0.05181306600570679,0.13721556961536407,4.801097393689986e-05,0.08399981260299683,0.11405331641435623,0.7300946658545465,0.0056669218465685844,0.0002284314832650125,0.15928710997104645,0.10182787477970123,0.275223046541214,0.008103566529492455,0.2656745910644531,0.2413301020860672,1.0963334260887438,0.009681920520961285,0.0008582024602219462,0.2658255696296692,0.14215658605098724,0.4366148114204407,0.05649862825788752,0.45862892270088196,0.3753572404384613,1.2185999721078118,0.016068721190094948,0.002064579864963889,0.11602549999952316,0.12805534899234772,0.21255864202976227,0.023590534979423868,0.12803906202316284,0.19457080960273743,0.6546941349951372,0.018285982310771942,0.0063774194568395615
p41002700_J16_s01,p41002700_J16,plate_41002700,Ebrotidine,33.5,0.5554741024971008,-0.068431869149208,test,22,367.6818181818182,0.40210240961728855,0.9630594104577443,0.02673250436782837,0.11522257328033447,0.019422627985477448,0.01923525377229081,0.6479147672653198,0.09049240499734879,7.081623521472571,0.004303946625441313,0.0011729566613212228,0.06298433989286423,0.1261809766292572,0.22923588752746582,0.018021262002743486,0.2995769679546356,0.3346627354621887,0.8924939717902703,0.006020726636052132,0.0004985901759937406,0.10005484521389008,0.18658684194087982,0.32959505915641785,0.05440329218106996,0.5309948921203613,0.5006455183029175,1.058506201583807,0.008267122320830822,0.0009017206612043083,0.11877318471670151,0.18693141639232635,0.3534943163394928,0.05374142661179698,0.5928868055343628,0.5032584071159363,1.175759882567609,0.008197405375540257,0.0007300422876141965,0.08212799578905106,0.16144655644893646,0.23557379841804504,0.030202331961591222,0.39358189702033997,0.4157991111278534,0.9442963924642547,0.010111398063600063,0.0026013003662228584
p41002700_J17_s01,p41002700_J17,plate_41002700,Thio-TEPA,33.5,0.9313504099845886,-0.0573086701333522,test,29,469.2068965517241,0.4284821410576484,0.9650565882229962,0.03317205607891083,0.11492058634757996,0.018042879179120064,0.02656721536351166,0.5260957479476929,0.04708779230713844,10.940318170306105,0.004762532189488411,0.0011902878759428859,0.07195495814085007,0.07027379423379898,0.1644831746816635,0.0008299039780521262,0.1014380007982254,0.15137208998203278,0.6657255985015802,0.006334636360406876,0.0006344214198179543,0.12664161622524261,0.1059996709227562,0.27343857288360596,0.003340192043895748,0.2537115216255188,0.2559305429458618,0.9874712391783592,0.008903183974325657,0.000862104760017246,0.18897494673728943,0.12369860708713531,0.35070815682411194,0.010308641975308641,0.36806830763816833,0.32203707098960876,1.1393995943270798,0.011984342709183693,0.0010797360446304083,0.11358793824911118,0.14256535470485687,0.24061711132526398,0.02690329218106996,0.18698333203792572,0.293209046125412,0.6355458287241809,0.01607976108789444,0.005344856064766645
p41002700_J22_s01,p41002700_J22,plate_41002700,Lenvatinib,33.5,0.2224120497703552,-0.0517470687627792,test,33,388.45454545454544,0.36260024804504576,0.9668122561677297,0.03823954612016678,0.13343994319438934,0.0295054130256176,0.03145061728395062,0.6171784996986389,0.062052372843027115,9.788346922884948,0.0059340232983231544,0.001858623931184411,0.08975834399461746,0.11327126622200012,0.22672851383686066,0.011814128943758573,0.1839442253112793,0.2295127511024475,0.7979785258366396,0.007541912607848644,0.0005063452408649027,0.1461268961429596,0.17590898275375366,0.35168153047561646,0.04239711934156379,0.3712596595287323,0.363197386264801,1.01939133428815,0.010711833834648132,0.0010314123937860131,0.1779003143310547,0.1714879423379898,0.39505454897880554,0.038580246913580245,0.4316026568412781,0.3870093822479248,1.112351083731008,0.010717247612774372,0.0008255363791249692,0.12627297639846802,0.18927954137325287,0.3231775760650635,0.04868655692729767,0.3083938658237457,0.3599647283554077,0.8543601122160045,0.01589602790772915,0.00419030012562871
p41002700_M16_s01,p41002700_M16,plate_41002700,Linagliptin,33.5,0.5971763134002686,0.0233345422893762,test,27,446.962962962963,0.535047301652657,0.9647876287366787,0.030435139313340187,0.11143698543310165,0.01676926389336586,0.020205761316872427,0.5264734625816345,0.045989636331796646,11.204033563149409,0.004308118484914303,0.001029464416205883,0.08740343153476715,0.09754371643066406,0.17758415639400482,0.0069958847736625515,0.13414326310157776,0.16840900480747223,0.7918307722427576,0.007639573886990547,0.00043384291348047554,0.14720018208026886,0.15622805058956146,0.2819492220878601,0.017599451303155007,0.32971519231796265,0.29279980063438416,1.122244438580382,0.011132297106087208,0.0009699095389805734,0.2091325968503952,0.16802598536014557,0.3625493347644806,0.03489026063100137,0.4590746760368347,0.3640679121017456,1.25750486640658,0.013806121423840523,0.0013520439388230443,0.1163451224565506,0.1704619973897934,0.24287261068820953,0.03472908093278464,0.2405904233455658,0.2677364945411682,0.8952651695347218,0.019109532237052917,0.006804878823459148
p41002700_N22_s01,p41002700_N22,plate_41002700,Troglitazone,33.5,0.8679630160331726,-0.068431869149208,test,29,425.41379310344826,0.4490545545452655,0.964682077036718,0.033743057399988174,0.12235671281814575,0.023774145171046257,0.02384087791495199,0.5664520859718323,0.0654630959033966,8.522806202033745,0.00497911311686039,0.0013335945550352335,0.08876421302556992,0.09822703897953033,0.19820722937583923,0.008617969821673526,0.15629835426807404,0.21155482530593872,0.7353319504419978,0.007452655583620071,0.0005424399860203266,0.14697478711605072,0.14574582874774933,0.3137954771518707,0.025771604938271606,0.3387981355190277,0.3401680588722229,0.9930535016641673,0.010626854375004768,0.00106523628346622,0.19173511862754822,0.1525360643863678,0.35697701573371887,0.0321159122085048,0.4377025365829468,0.3739684224128723,1.1673050593604355,0.012006005272269249,0.0015090969391167164,0.12197631597518921,0.18000315129756927,0.29339587688446045,0.0455281207133059,0.25208139419555664,0.3494759798049927,0.7192544103473697,0.0185405183583498,0.006785224657505751
p41002700_P12_s01,p41002700_P12,plate_41002700,control,0.0,0.9413589835166932,0.0789505466818809,test,36,465.94444444444446,0.49554196233300263,0.9623668415060175,0.043628670275211334,0.136772021651268,0.043515175580978394,0.02678326474622771,0.5439679622650146,0.06283837556838989,8.52101823427921,0.0059285471215844154,0.001374547486193478,0.13117682933807373,0.12263376265764236,0.2581959366798401,0.018045267489711934,0.16265353560447693,0.20405054092407227,0.7932363156491529,0.009421962313354015,0.000503580376971513,0.22411149740219116,0.19201648235321045,0.4330816864967346,0.07453360768175583,0.37126314640045166,0.3499767482280731,1.0577998351024551,0.013791284523904324,0.0011030331952497363,0.30948406457901,0.19659268856048584,0.5385419130325317,0.12021947873799725,0.5325562953948975,0.43692752718925476,1.2160831697723993,0.017918528988957405,0.001995580503717065,0.14426769316196442,0.17787541449069977,0.3474377393722534,0.05519890260631002,0.1830148547887802,0.2768603563308716,0.6586576696491712,0.0213980320841074,0.007885748520493507
p41002701_A19_s08,p41002701_A19,plate_41002701,Lapatinib,33.5,0.3876726925373077,0.2306445091962814,test,29,390.7586206896552,0.37323029352822995,0.9652803558740848,0.047953370958566666,0.1251789629459381,0.057524941861629486,0.02862482853223594,0.6257812976837158,0.0924198180437088,6.698592555499609,0.005420919507741928,0.0013531743315979838,0.084712915122509,0.10022321343421936,0.22146305441856384,0.005312071330589849,0.17551381886005402,0.2427072823047638,0.7201829063136831,0.006837231107056141,0.00048475858056917787,0.08291662484407425,0.09537670016288757,0.21811942756175995,0.003964334705075446,0.21873264014720917,0.23700855672359467,0.9190116656235553,0.005933922249823809,0.0003733514458872378,0.11094345152378082,0.1144724190235138,0.2775714099407196,0.004338134430727023,0.30042487382888794,0.28129222989082336,1.0642335920654897,0.006527192424982786,0.0004975937772542238,0.07006344944238663,0.10884059220552444,0.18413929641246796,0.012626886145404664,0.17791974544525146,0.23415251076221466,0.756614270749434,0.009774958714842796,0.0018888718914240599
p41002701_C21_s08,p41002701_C21,plate_41002701,Thalidomide,33.5,1.0732742547988892,0.0432509109377861,test,60,477.5,0.4287901889165551,0.9659220486400223,0.07574911415576935,0.1501012146472931,0.23488643765449524,0.04563443072702332,0.5016846060752869,0.06352147459983826,7.775467147747806,0.009264124557375908,0.002052835188806057,0.139308899641037,0.08502410352230072,0.21231116354465485,0.009801097393689987,0.12869392335414886,0.1704190969467163,0.7507560455422999,0.007013951428234577,0.00023132871137931943,0.17993809282779694,0.10519625246524811,0.28593000769615173,0.022510288065843622,0.21726536750793457,0.2258720099925995,0.9576561141897659,0.009340183809399605,0.0005151022342033684,0.26885923743247986,0.12367997318506241,0.4274436831474304,0.05074074074074074,0.3575572371482849,0.33476054668426514,1.0649173664960596,0.010947829112410545,0.0006322067347355187,0.14288528263568878,0.1256445348262787,0.3019667863845825,0.02874142661179698,0.1343068778514862,0.1968417912721634,0.6788599971111532,0.015991535037755966,0.0026329339016228914
p41002701_D13_s08,p41002701_D13,plate_41002701,Mitoxantrone,33.5,0.0172183029353618,0.5690717697143555,test,9,19064.11111111111,0.6163771418278139,0.9449198369904948,0.0038818593602627516,0.0018967055948451161,0.006155805662274361,0.0,0.005145706702023745,0.003275263123214245,1.2036000016193342,0.0001180417530122213,2.855278751212609e-07,0.007742943242192268,0.007054698187857866,0.011972669512033463,1.3717421124828532e-05,0.009631025604903698,0.006154193077236414,1.3462071125181398,0.0009615194867365062,3.0124296245048754e-05,0.002874075435101986,0.004824732895940542,0.007137954700738192,0.0,0.00509670190513134,0.001414438709616661,2.1109261895244136,0.0005443322588689625,9.165423762169667e-06,-0.0006812087958678603,0.004624719265848398,0.0017413513269275427,0.0,0.0006706285057589412,-0.0015176974702626467,-1.2954061865875202,0.00031794793903827667,1.0121058949152939e-05,-0.006811895873397589,0.003610441694036126,-0.0058643086813390255,0.0,-0.006275143474340439,-0.007190543692559004,1.0136659695792347,0.00019750933279283345,7.133623512345366e-06
p41002701_D17_s08,p41002701_D17,plate_41002701,Alpha-Naphthoflavone,33.5,0.6141194701194763,0.0012971219839528,test,50,434.98,0.47991124474999625,0.9650304161668888,0.06068384647369385,0.14019353687763214,0.07960093766450882,0.0345679012345679,0.5171105861663818,0.06272026151418686,8.115324292120974,0.007505279500037432,0.001837354269810021,0.12207741290330887,0.09148479253053665,0.19369398057460785,0.012201646090534979,0.15827837586402893,0.18501687049865723,0.8508818336730994,0.006860548630356789,0.00026711096870712936,0.1517329216003418,0.10948298126459122,0.25737816095352173,0.020339506172839507,0.2419072985649109,0.23733241856098175,1.014999554091356,0.007999425753951073,0.0004591206961777061,0.21465423703193665,0.1149660050868988,0.3372417092323303,0.02867283950617284,0.33791178464889526,0.30178719758987427,1.1160042014279523,0.010386199690401554,0.0006743271951563656,0.11809760332107544,0.11993961781263351,0.2577589452266693,0.02064471879286694,0.1456330269575119,0.216704860329628,0.6689470631799778,0.014974224381148815,0.0030816912185400724
p41002701_D19_s08,p41002701_D19,plate_41002701,Sorafenib,33.5,0.1226151883602142,-0.0602351017296314,test,35,328.22857142857146,0.3387513664637737,0.960439890323018,0.046456228941679,0.15088792145252228,0.03587348759174347,0.03373113854595336,0.7471228241920471,0.07965415716171265,9.263289711081551,0.006652304902672768,0.002456825226545334,0.10007165372371674,0.11565245687961578,0.26665830612182617,0.008463648834019205,0.19315798580646515,0.2703592777252197,0.7118164060049506,0.008607445284724236,0.0006437509437091649,0.08763689547777176,0.10258713364601135,0.23253260552883148,0.005428669410150891,0.22276580333709717,0.2404249757528305,0.9227123359646249,0.00689301174134016,0.00040772167267277837,0.09244775027036667,0.09266635030508041,0.21592755615711212,0.0022050754458161864,0.25076109170913696,0.2155141681432724,1.1581740532712048,0.0063970317132771015,0.0003809287736658007,0.07364258170127869,0.09535465389490128,0.2023637741804123,0.004434156378600823,0.15458454191684723,0.22045470774173737,0.6980413444049481,0.009927023202180862,0.0015307478606700897
p41002701_E19_s08,p41002701_E19,plate_41002701,Olmesartan,33.5,0.9110047221183776,-0.012687474489212,test,66,436.5,0.4078564176144373,0.965636457010083,0.08376923203468323,0.17084696888923645,0.25546592473983765,0.05526063100137174,0.5546021461486816,0.07238949835300446,7.556968757042568,0.010372919030487537,0.0029745525680482388,0.11838793754577637,0.07719310373067856,0.18773898482322693,0.007105624142661179,0.12749305367469788,0.15315137803554535,0.827063989303421,0.005994201637804508,0.0001996530481847003,0.17839522659778595,0.10829931497573853,0.2977350652217865,0.017760631001371742,0.2365233153104782,0.23228992521762848,1.0138599645476907,0.008963633328676224,0.0005121390568092465,0.2766174376010895,0.13565899431705475,0.43336430191993713,0.05527091906721537,0.37572380900382996,0.35277846455574036,1.0620313180330172,0.012465630657970905,0.0008792995358817279,0.15739968419075012,0.12770763039588928,0.3090941905975342,0.031536351165980796,0.16300396621227264,0.22156290709972382,0.7323950263609534,0.01600523293018341,0.0028773299418389797
p41002701_F19_s08,p41002701_F19,plate_41002701,Sunitinib,33.5,0.0292189382016658,0.4068504273891449,test,3,437.6666666666667,0.5174201442169717,0.9611729889547523,0.005097662564367056,0.007809392176568508,0.006792612839490175,0.0,0.10028780251741409,0.03373698145151138,2.8870615213761077,0.00019041623454540968,1.471066639169294e-06,0.025114303454756737,0.13186109066009521,0.016109822317957878,0.009585048010973938,1.4907841682434082,0.7448950409889221,1.998651400426121,0.002011515200138092,0.00020144529116805643,0.02038361318409443,0.08262129873037338,0.017433080822229385,0.006443758573388203,0.9383028745651245,0.4737451672554016,1.9764348102575626,0.0013158951187506318,9.159184264717624e-05,0.00552654592320323,0.02043173834681511,0.00673322519287467,0.0,0.22396792471408844,0.12218941003084183,1.8180777443289613,0.0006644114037044346,9.680557923275046e-06,0.022130556404590607,0.04068233445286751,0.0223745945841074,0.002067901234567901,0.5052582621574402,0.21111537516117096,2.3819973529666645,0.0008519780240021646,2.2930753402761184e-05
p41002701_G13_s08,p41002701_G13,plate_41002701,Compound_516bb906,33.5,0.0203489027917385,0.2949736416339874,test,16,10906.25,0.7570144133543637,0.8824035672881863,0.004229797050356865,0.0019006713991984725,0.006474209483712912,0.0,0.005478508770465851,0.0036775381304323673,1.1712376505970772,0.00011496039951452985,2.74700198588107e-07,0.007180033251643181,0.004307046066969633,0.010405566543340683,1.3717421124828532e-05,0.008925054222345352,0.006291682831943035,1.2240047226474149,0.00032773023121990263,8.407573659496848e-06,0.005322743207216263,0.003925193101167679,0.00960878562182188,0.0,0.007589447777718306,0.004281794186681509,1.4369071397851398,0.0002710002881940454,2.5716110485518584e-06,0.002787079429253936,0.004644270520657301,0.005340144038200378,1.02880658436214e-05,0.004220729228109121,0.002008750569075346,1.4028179243207397,0.00044219294795766473,1.308284936385462e-05,0.016937371343374252,0.006745738442987204,0.020389750599861145,1.7146776406035666e-05,0.018799135461449623,0.01598847284913063,1.1065818351301453,0.0007034918526187539,2.5905210350174457e-05
p41002701_I10_s08,p41002701_I10,plate_41002701,Larotrectinib,33.5,0.6902974247932434,-0.0182813126593828,test,44,428.1363636363636,0.48241696848223836,0.960674844490065,0.05637747421860695,0.14311200380325317,0.06304393708705902,0.033285322359396435,0.5481812357902527,0.06805045902729034,7.9388499875663205,0.007088484242558479,0.0020698788575828075,0.12331843376159668,0.10314680635929108,0.21224847435951233,0.011968449931412894,0.15294085443019867,0.19173943996429443,0.7935109412921996,0.007683966774493456,0.0003577339230105281,0.13530698418617249,0.11105792224407196,0.2398078292608261,0.01790466392318244,0.2194671481847763,0.21419528126716614,1.0198511179820278,0.00794644933193922,0.0004370043461676687,0.20515015721321106,0.1356530785560608,0.3618527948856354,0.03673868312757202,0.3579157590866089,0.3113621473312378,1.1458358899904242,0.010306710377335548,0.0006160767516121268,0.10236158221960068,0.11716095358133316,0.222843736410141,0.020414951989026063,0.1335357278585434,0.1902943104505539,0.6980642944582502,0.012588046491146088,0.00220290943980217
p41002701_I18_s08,p41002701_I18,plate_41002701,Ponatinib (hydrochloride),33.5,0.0354801379144191,0.4320226907730102,test,1,98.0,0.21015393443007713,0.9607843137254902,0.00796087458729744,0.040977463126182556,0.00965824630111456,0.0004320987654320988,2.0245234966278076,0.12392676621675491,16.205682400480505,0.00043297113734297454,0.0005014192429371178,0.007229866459965706,0.0069348812103271484,0.010468250140547752,4.458161865569273e-05,0.06716733425855637,0.011318895034492016,5.452383031959658,0.00031816138653084636,2.7263205993222073e-05,0.00790893379598856,0.006053431890904903,0.012491420842707157,6.858710562414266e-06,0.15532755851745605,0.020031528547406197,7.385462172534886,0.00028987039695493877,1.1264908607699908e-05,0.007077010348439217,0.006979417521506548,0.010332017205655575,0.0,0.24518108367919922,0.0648592934012413,3.72280161260549,0.0004252991930115968,1.0870218829950318e-05,0.02280915156006813,0.0054823909886181355,0.02715626172721386,3.429355281207133e-06,0.05624581500887871,0.04342995211482048,1.2659436333292111,0.00036266015376895666,9.586493433744181e-06
p41002701_J15_s08,p41002701_J15,plate_41002701,Avapritinib,33.5,0.3198430240154266,-0.0182813126593828,test,45,304.6,0.3717245941402965,0.9599365771269122,0.061491139233112335,0.18541261553764343,0.05296115577220917,0.041145404663923184,0.8241761922836304,0.1133415475487709,7.208020268678703,0.0087461331859231,0.002646713750436902,0.10821542143821716,0.11811599135398865,0.2704193592071533,0.008292181069958847,0.20951099693775177,0.2684038579463959,0.7776837293081335,0.008417073637247086,0.0005516708479262888,0.11833153665065765,0.1331593245267868,0.3008922338485718,0.016258573388203017,0.30312466621398926,0.30534663796424866,0.9894825947114346,0.00918909814208746,0.0007372854161076248,0.152612566947937,0.147337406873703,0.3580218255519867,0.020366941015089162,0.38510367274284363,0.3478316366672516,1.1039814978427307,0.00892059039324522,0.0005478032398968935,0.11008988320827484,0.14329904317855835,0.2758931815624237,0.024180384087791496,0.2518622875213623,0.31407061219215393,0.7993836231471744,0.01217893697321415,0.0021360202226787806
p41002701_J16_s08,p41002701_J16,plate_41002701,Retinoic acid,33.5,0.9110047221183776,-0.0322659090161323,test,37,467.2432432432432,0.5379737192152406,0.9547842569174039,0.04687858000397682,0.12268956005573273,0.04457652196288109,0.027928669410150892,0.5025964975357056,0.06324727088212967,7.822845867769029,0.0054756212048232555,0.0012143409112468362,0.09257766604423523,0.0783425122499466,0.17081426084041595,0.004996570644718793,0.16082291305065155,0.15762968361377716,1.0138260972783275,0.006123446859419346,0.00028137583285570145,0.1040787473320961,0.08790276199579239,0.1932738572359085,0.006721536351165981,0.22062966227531433,0.1803547441959381,1.216564051045409,0.006231449078768492,0.0003170807904098183,0.15896275639533997,0.10558948665857315,0.27745530009269714,0.010486968449931413,0.3189879357814789,0.257466584444046,1.2341554188430683,0.0096812155097723,0.0007188626914285123,0.10179607570171356,0.11454519629478455,0.20822808146476746,0.019338134430727023,0.17395855486392975,0.20090587437152863,0.8615824349113648,0.013306372798979282,0.0031001619063317776
p41002701_J17_s08,p41002701_J17,plate_41002701,Domperidone,33.5,0.4586329758167267,0.015281718224287,test,37,361.56756756756755,0.49464394205764234,0.9621993154839136,0.041147466748952866,0.11851003021001816,0.030142219737172127,0.026275720164609054,0.5454360246658325,0.0594053789973259,9.029593617647505,0.005310532636940479,0.001252483343705535,0.09666327387094498,0.08166690170764923,0.2059800624847412,0.0016152263374485598,0.1458086222410202,0.18805141746997833,0.7712643691982624,0.007109806872904301,0.00038895884063094854,0.09544907510280609,0.08259529620409012,0.1997254639863968,0.0025823045267489714,0.1990179717540741,0.1920001208782196,1.0311805549575364,0.006562219467014074,0.00033581836032681167,0.13139164447784424,0.09963694959878922,0.24936150014400482,0.0064746227709190675,0.2750900089740753,0.23511634767055511,1.16506125767242,0.007662624586373568,0.00039403169648721814,0.09115735441446304,0.11038827896118164,0.1971309930086136,0.015253772290809329,0.14444223046302795,0.19811305403709412,0.7254282305173162,0.012407504953444004,0.0025623233523219824
p41002701_K12_s08,p41002701_K12,plate_41002701,control,0.0,0.9443978071212769,-0.0742197036743164,test,40,466.8,0.49171625783609557,0.9610675204466606,0.04804293066263199,0.11899115890264511,0.045319464057683945,0.024513031550068586,0.4748194217681885,0.05234145745635033,8.901508215382686,0.005912287160754204,0.0013115410692989826,0.10952528566122055,0.08479627966880798,0.1807810515165329,0.007465706447187929,0.13100364804267883,0.1640625,0.7936608741699589,0.007305874489247799,0.0003548861132003367,0.1209966316819191,0.08644474297761917,0.19794097542762756,0.009331275720164608,0.19300299882888794,0.1818222850561142,1.055686393864123,0.007031485438346863,0.00034407360362820327,0.18218691647052765,0.10251116752624512,0.28616204857826233,0.013179012345679012,0.3031711280345917,0.2590222656726837,1.1659429520402065,0.010127173736691475,0.0008167099440470338,0.09990905225276947,0.11356848478317261,0.19884517788887024,0.02047668038408779,0.12571561336517334,0.17685364186763763,0.7068486877470493,0.013906048610806465,0.003263703780248761
p41002701_L12_s08,p41002701_L12,plate_41002701,control,0.0,0.9882262349128724,-0.0742197036743164,test,38,445.13157894736844,0.43253734298185276,0.9650529817753191,0.049535393714904785,0.13103711605072021,0.03969433158636093,0.03356652949245542,0.5471028089523315,0.05933314561843872,9.068030571658586,0.006171363405883312,0.0015616603195667267,0.11031630635261536,0.07807376235723495,0.21337679028511047,0.00024348422496570644,0.13064835965633392,0.18416711688041687,0.705569983793117,0.007313127629458904,0.0004057114419993013,0.12267521768808365,0.0877201184630394,0.24269045889377594,0.0006755829903978052,0.2142140418291092,0.20865531265735626,1.021743923938638,0.007257369812577963,0.00042215679422952235,0.18452461063861847,0.12053442746400833,0.35291385650634766,0.014022633744855966,0.35334670543670654,0.287264883518219,1.225770899057062,0.009737495332956314,0.0006389936897903681,0.09385250508785248,0.1042594164609909,0.19325153529644012,0.013028120713305898,0.1176765188574791,0.1891784369945526,0.6187689872582651,0.013600491918623447,0.0033787970896810293
p41002701_L13_s08,p41002701_L13,plate_41002701,Zanubrutinib,33.5,0.6438601613044739,-0.0070936358533799,test,24,296.6666666666667,0.3990414630626014,0.960599692571383,0.029842376708984375,0.11896242946386337,0.02292506955564022,0.01940329218106996,0.7242798805236816,0.08619412779808044,8.306521308418048,0.004177522379904985,0.001370080979540944,0.0742110088467598,0.13844914734363556,0.2471008598804474,0.026392318244170095,0.3365289270877838,0.3935256898403168,0.8529962325748496,0.006139040924608707,0.0006692880415357649,0.06868146359920502,0.1301814466714859,0.2315717190504074,0.0233161865569273,0.384987473487854,0.3701031804084778,1.0374135653165075,0.005405370611697435,0.00045378319919109344,0.08782254159450531,0.15088105201721191,0.30566519498825073,0.031920438957476,0.4913220703601837,0.42940813302993774,1.1415259904626593,0.006548765115439892,0.0005852020694874227,0.06271854043006897,0.13451014459133148,0.1770119071006775,0.020994513031550067,0.30945685505867004,0.3680709898471832,0.8384751540260672,0.007916398346424103,0.002294347621500492
p41002701_L15_s08,p41002701_L15,plate_41002701,Ruxolitinib,33.5,0.6323813199996948,-0.012687474489212,test,24,464.0416666666667,0.31684569982617145,0.9706576261385833,0.029083572328090668,0.09358987212181091,0.019634896889328957,0.013916323731138547,0.4734157919883728,0.04647858813405037,9.971143005595225,0.0035375000443309546,0.0007927462575025856,0.08374225348234177,0.07890541851520538,0.19626402854919434,0.00024005486968449932,0.13504458963871002,0.2048225998878479,0.6561212894613876,0.005882458761334419,0.0003460771404206753,0.0756525844335556,0.07097180187702179,0.17721344530582428,1.7146776406035666e-05,0.17118491232395172,0.18721774220466614,0.9095046530619144,0.004728698171675205,0.000214055908145383,0.09999029338359833,0.08161527663469315,0.2103552371263504,0.0,0.24243158102035522,0.2089802622795105,1.1545446147583522,0.00554645573720336,0.00025952080613933504,0.05987165868282318,0.08379113674163818,0.1367737352848053,0.006189986282578875,0.11475784331560135,0.17751307785511017,0.6428539841139502,0.008527710102498531,0.0018388333264738321
p41002701_L16_s08,p41002701_L16,plate_41002701,Compound_0a440abe,33.5,0.6678614616394043,-0.0602351017296314,test,28,432.14285714285717,0.5080815195087515,0.9475671410536156,0.034054648131132126,0.10332459956407547,0.025790702551603317,0.018117283950617284,0.49880415201187134,0.053167954087257385,9.208473172318158,0.004139533266425133,0.0008784038946032524,0.08852136880159378,0.08349934220314026,0.18824045360088348,0.005061728395061729,0.11855940520763397,0.15985175967216492,0.7370724787174986,0.00653388537466526,0.0003591196145862341,0.0875045582652092,0.08459088206291199,0.18352779746055603,0.004962277091906721,0.16905242204666138,0.16505376994609833,1.0180583199137028,0.005888859275728464,0.00029984937282279134,0.12494271993637085,0.09841399639844894,0.23299279808998108,0.006920438957475994,0.25961416959762573,0.2223302274942398,1.1624676717992497,0.007263537030667067,0.0004476263129618019,0.07536716014146805,0.10429463535547256,0.17403464019298553,0.012866941015089164,0.12231947481632233,0.18710896372795105,0.6502586181550843,0.010526809841394424,0.0022972996812313795
p41002701_N15_s08,p41002701_N15,plate_41002701,Compound_567dbb1e,33.5,0.7184728384017944,-0.0434535890817642,test,35,455.9714285714286,0.4281485331244976,0.9614498702727433,0.0428491085767746,0.11952471733093262,0.0341753326356411,0.02319272976680384,0.5014275312423706,0.053849827498197556,9.141825127140978,0.0054658520966768265,0.0013915724121034145,0.11588873714208603,0.1126871258020401,0.2203347384929657,0.0126440329218107,0.177068293094635,0.2156190276145935,0.8174180036006496,0.008134037256240845,0.0004787083016708493,0.11145664751529694,0.10387014597654343,0.21290323138237,0.010675582990397805,0.21852520108222961,0.21062719821929932,1.0325950677463593,0.007030941080302,0.00035238557029515505,0.15081064403057098,0.10469309985637665,0.2584165334701538,0.011344307270233197,0.28577205538749695,0.24904753267765045,1.1428709266885704,0.009207825176417828,0.000643417239189148,0.10065223276615143,0.12955138087272644,0.21455250680446625,0.023974622770919066,0.15876257419586182,0.22021540999412537,0.7176831586916931,0.014952564612030983,0.003955024294555187
p41002701_N22_s08,p41002701_N22,plate_41002701,Raltegravir,33.5,1.0336198806762695,-0.0406566672027111,test,23,483.4782608695652,0.43026473948758126,0.9658699213852341,0.029597682878375053,0.0921451523900032,0.020590107887983322,0.013518518518518518,0.46589091420173645,0.04487207904458046,10.156306927989107,0.003505660453811288,0.0007957787020131946,0.10884071886539459,0.10209404677152634,0.2245972603559494,0.00968792866941015,0.17357087135314941,0.23403914272785187,0.7384764483851287,0.007822544313967228,0.0005011496832594275,0.09790913760662079,0.09116675704717636,0.1991763859987259,0.008103566529492455,0.21495704352855682,0.21628457307815552,0.989288104918698,0.006175224203616381,0.00030871410854160786,0.12204553186893463,0.09105083346366882,0.22184816002845764,0.005922496570644719,0.27524739503860474,0.22507227957248688,1.217519439177197,0.007398679852485657,0.0004204837023280561,0.0725981816649437,0.11045710742473602,0.14354023337364197,0.016131687242798353,0.11858539283275604,0.19955343008041382,0.5912907736617025,0.012658551335334778,0.0039610001258552074
p41002701_P18_s08,p41002701_P18,plate_41002701,Lercanidipine,33.5,1.0132709741592407,0.0712201073765754,test,33,418.6363636363636,0.5088506981459051,0.9629539677464195,0.04452134668827057,0.13222350180149078,0.04563786834478378,0.02432098765432099,0.5709546208381653,0.07786840945482254,7.239332259708115,0.005218321457505226,0.001209328300319612,0.13934354484081268,0.17164291441440582,0.29204538464546204,0.03242798353909465,0.21658389270305634,0.26825597882270813,0.8043791400660641,0.008617854677140713,0.0004486524558160454,0.1379508376121521,0.16130758821964264,0.29526424407958984,0.04155349794238683,0.2890966534614563,0.2785849869251251,1.0340206627005994,0.008073227480053902,0.0004342646570876241,0.1635415107011795,0.13911792635917664,0.31947991251945496,0.037791495198902604,0.3638201355934143,0.30578625202178955,1.185907560054464,0.008610015735030174,0.00048496710951440036,0.10516395419836044,0.13798363506793976,0.24846625328063965,0.031779835390946504,0.1939578652381897,0.24112212657928467,0.8010745154870296,0.011676088906824589,0.002144948346540332
p41002702_A12_s08,p41002702_A12,plate_41002702,control,0.0,1.063384771347046,0.0495402291417121,test,52,443.8076923076923,0.4679297843581739,0.9630545637252722,0.06406162679195404,0.1541760414838791,0.0957333892583847,0.04044238683127572,0.5445746183395386,0.06432413309812546,8.336499736192682,0.008479837328195572,0.002253427403047681,0.12419356405735016,0.07119546830654144,0.203033909201622,0.0013854595336076818,0.14806948602199554,0.17778559029102325,0.8281958617636427,0.007651226595044136,0.00035906577249988914,0.14537784457206726,0.09237013012170792,0.24255318939685822,0.010730452674897119,0.23739346861839294,0.21300841867923737,1.1092716355902141,0.008119205012917519,0.00043489178642630577,0.18956589698791504,0.09298408776521683,0.2937079071998596,0.012218792866941015,0.3141302466392517,0.25518491864204407,1.2261855549669265,0.00985504500567913,0.0005731413839384913,0.11019638925790787,0.11037910729646683,0.22636231780052185,0.017472565157750343,0.17234903573989868,0.19253619015216827,0.890526136762271,0.013162346556782722,0.002085661282762885
p41002702_A18_s08,p41002702_A18,plate_41002702,Irinotecan,0.0456431545317173,1.0922635793685913,0.1949425339698791,test,56,400.76785714285717,0.4757905373774829,0.958159929289644,0.06041589006781578,0.13992343842983246,0.0962640643119812,0.033329903978052126,0.5053179264068604,0.06722724437713623,7.406395070181062,0.007767483126372099,0.0019092077855020761,0.12597982585430145,0.07373076677322388,0.20152948796749115,0.004571330589849108,0.14519238471984863,0.18015018105506897,0.8015028407601243,0.007371270097792149,0.00032025910331867635,0.14294035732746124,0.08536893129348755,0.229375422000885,0.011107681755829903,0.20832206308841705,0.2063329815864563,1.0047704976525806,0.0076753683388233185,0.00035205992753617465,0.19185464084148407,0.08805840462446213,0.2873229682445526,0.012921810699588478,0.2827300727367401,0.25273677706718445,1.1142652476502404,0.00887408945709467,0.0004587245639413595,0.11374761909246445,0.10568331927061081,0.2264525443315506,0.016296296296296295,0.14340518414974213,0.19462090730667114,0.7330769810045332,0.013411101885139942,0.0021835349034518003
p41002702_B12_s08,p41002702_B12,plate_41002702,control,0.0,0.9523614645004272,0.0891954004764556,test,54,423.27777777777777,0.4391287051036506,0.9645413237318676,0.06638582050800323,0.1589658260345459,0.10125238448381424,0.0377880658436214,0.546737015247345,0.06945515424013138,7.760071227491864,0.00896691158413887,0.0029407821130007505,0.11937180161476135,0.08040224015712738,0.20052655041217804,0.003957475994513031,0.13557757437229156,0.16515128314495087,0.8159887291030626,0.007296656724065542,0.00032719841692596674,0.14667952060699463,0.099859818816185,0.2566918432712555,0.015613854595336077,0.226068913936615,0.21168237924575806,1.062941437548,0.008360378444194794,0.0005131784128025174,0.20094728469848633,0.10152360051870346,0.3129788637161255,0.018820301783264746,0.30940115451812744,0.2657252252101898,1.1599995998665193,0.010537756606936455,0.0006886804476380348,0.1365305334329605,0.13919183611869812,0.29862865805625916,0.031358024691358025,0.18261155486106873,0.239360973238945,0.7597387895394022,0.01614644005894661,0.002940444042906165
p41002702_C10_s08,p41002702_C10,plate_41002702,Nifurtimox,0.0456431545317173,0.9722558259963988,-0.0191954020410776,test,58,434.5344827586207,0.40984352904390503,0.9651859858144939,0.06886634975671768,0.1560814529657364,0.12545107305049896,0.04453017832647462,0.5404945611953735,0.061989862471818924,8.580659490043907,0.0090548200532794,0.0024623763747513294,0.09952109307050705,0.06337549537420273,0.15683570504188538,0.003631687242798354,0.10981175303459167,0.13634136319160461,0.7995533936953396,0.005702095106244087,0.0001885547098936513,0.13208824396133423,0.0836283415555954,0.22374743223190308,0.007901234567901235,0.19379183650016785,0.18690583109855652,1.0313242296271483,0.007167958654463291,0.0003714006452355534,0.20356662571430206,0.10347934067249298,0.3121662437915802,0.020823045267489713,0.2991615831851959,0.26659438014030457,1.1179666143524394,0.010608779266476631,0.0008599405409768224,0.1221609115600586,0.10788089781999588,0.248917356133461,0.01645747599451303,0.13568073511123657,0.1976613998413086,0.6829748266126122,0.015063034370541573,0.002695184899494052
p41002702_C20_s08,p41002702_C20,plate_41002702,control,0.0,1.0274465084075928,-0.0112643679603934,test,54,474.31481481481484,0.4335623210145647,0.9652430682558721,0.0694979727268219,0.1556728482246399,0.14943748712539673,0.04222565157750343,0.5355721712112427,0.06342758238315582,8.312777717253978,0.008784917183220387,0.002116341609507799,0.1348382830619812,0.09122008085250854,0.23349839448928833,0.009794238683127572,0.14207306504249573,0.1864265650510788,0.7580198943718409,0.007178077008575201,0.0002845265553332865,0.15923385322093964,0.11522132903337479,0.2934797406196594,0.024214677640603567,0.2197548896074295,0.23077091574668884,0.948155591047532,0.008322309702634811,0.000510533107444644,0.21871337294578552,0.1368306577205658,0.3862317204475403,0.04731138545953361,0.3197520673274994,0.30687907338142395,1.0385638225283544,0.00861394964158535,0.00038336592842824757,0.1257171630859375,0.12618915736675262,0.2840130031108856,0.024825102880658437,0.14583070576190948,0.21221189200878143,0.6839707878766126,0.013548139482736588,0.0020564100705087185
p41002702_C21_s08,p41002702_C21,plate_41002702,Macitentan,0.0456431545317173,1.1076656579971311,-0.0006896551931276,test,55,424.3636363636364,0.43357364312495206,0.9648615461892596,0.059187550097703934,0.14067628979682922,0.0792931467294693,0.03454732510288066,0.5021002888679504,0.05257120355963707,9.372578092426043,0.007986160926520824,0.002076486125588417,0.11194567382335663,0.057980727404356,0.1834137737751007,0.0002297668038408779,0.11722613871097565,0.15955716371536255,0.7301208865323219,0.00689518079161644,0.00029973621712997556,0.12195108830928802,0.0657244399189949,0.2013726830482483,0.0007784636488340192,0.17255893349647522,0.17701798677444458,0.9693342601111078,0.0064885420724749565,0.00029417642508633435,0.16317513585090637,0.0735466480255127,0.2531924843788147,0.001724965706447188,0.23811499774456024,0.2170693427324295,1.0919233064169258,0.00798039324581623,0.00038400679477490485,0.10713465511798859,0.10083819925785065,0.21454349160194397,0.012129629629629629,0.12447556108236313,0.18238449096679688,0.6787682013137106,0.014560714364051819,0.002981913276016712
p41002702_D17_s08,p41002702_D17,plate_41002702,6-Thioguanine,0.0456431545317173,1.0043435096740725,0.0706896558403968,test,55,412.9818181818182,0.3761018598879248,0.9648178455710223,0.06356256455183029,0.14769534766674042,0.09392910450696945,0.042534293552812075,0.5383830666542053,0.0643739178776741,8.235441352338912,0.008395550772547722,0.002164043951779604,0.12042693793773651,0.08668370544910431,0.20635616779327393,0.00855281207133059,0.144203782081604,0.184813991189003,0.7760652529923076,0.0072946404106915,0.0003025304467882961,0.13999859988689423,0.09747585654258728,0.25984901189804077,0.010380658436213991,0.21583683788776398,0.22225236892700195,0.9667840880037305,0.007684299256652594,0.00038031881558708847,0.19543199241161346,0.10866653919219971,0.32516834139823914,0.023940329218106998,0.29806292057037354,0.2778594493865967,1.0688643373069067,0.009258626028895378,0.0005326027749106288,0.13894064724445343,0.13086652755737305,0.30007216334342957,0.030438957475994514,0.1832534521818161,0.254219114780426,0.7180240098374899,0.015716027468442917,0.0028988977428525686
p41002702_G21_s08,p41002702_G21,plate_41002702,Ebrotidine,0.0456431545317173,1.0389981269836426,0.0045977011322975,test,62,432.46774193548384,0.4697673874711502,0.964344246897849,0.07458005845546722,0.1662599742412567,0.18946082890033722,0.04942043895747599,0.5483534336090088,0.06187543645501137,8.721266436080592,0.009754499420523643,0.0025479434989392757,0.120854951441288,0.08288664370775223,0.18987023830413818,0.007986968449931412,0.11836963146924973,0.1544620245695114,0.7614054415991691,0.007050901185721159,0.0002744173107203096,0.1435101181268692,0.10000226646661758,0.22855181992053986,0.017880658436213993,0.1914249211549759,0.18940852582454681,1.0053379717427446,0.00773902190849185,0.0003775301156565547,0.20657910406589508,0.11065632104873657,0.3156489431858063,0.02313443072702332,0.28744715452194214,0.2630440890789032,1.0886331730609031,0.010184443555772305,0.0005938949179835618,0.13774368166923523,0.13303472101688385,0.27887043356895447,0.032146776406035665,0.1482105702161789,0.20797894895076752,0.7092129181446654,0.01599959284067154,0.0030616566073149443
p41002702_J19_s08,p41002702_J19,plate_41002702,Gabapentin enacarbil,0.0456431545317173,0.9934336543083192,-0.066781610250473,test,53,459.37735849056605,0.4257848138050288,0.9626170432542641,0.06718054413795471,0.1564052402973175,0.12141795456409454,0.04444101508916324,0.5439162254333496,0.06306424736976624,8.490168038562478,0.008534561842679977,0.0020784742664545774,0.11083440482616425,0.07374897599220276,0.18704946339130402,0.004386145404663923,0.12342318892478943,0.1558331400156021,0.7869713563887774,0.006086798384785652,0.00020249241788405925,0.12923458218574524,0.08880000561475754,0.22072751820087433,0.007959533607681755,0.18691308796405792,0.18768715858459473,0.9905978200432679,0.006821612361818552,0.0003103650233242661,0.19216550886631012,0.10852444916963577,0.3129788637161255,0.021189986282578874,0.2874912917613983,0.2638353109359741,1.085547432271603,0.008990665897727013,0.0004483358352445066,0.12443458288908005,0.12098325043916702,0.25640562176704407,0.023371056241426613,0.1468837559223175,0.1997225284576416,0.7317751378033001,0.013763979077339172,0.0023488972801715136
p41002702_K19_s08,p41002702_K19,plate_41002702,Edoxaban (tosylate),0.0456431545317173,0.8894696831703186,-0.013908046297729,test,62,418.7741935483871,0.37911632134241335,0.9622123730449761,0.0789383202791214,0.17244204878807068,0.19178518652915955,0.058065843621399174,0.591601550579071,0.07356896996498108,7.933615696406933,0.010728488676249981,0.0028718404937535524,0.11824192106723785,0.08282214403152466,0.19989970326423645,0.007873799725651578,0.13898923993110657,0.17011196911334991,0.8122707058501311,0.006721070501953363,0.00024811443290673196,0.15006017684936523,0.1066683828830719,0.2704186737537384,0.014146090534979424,0.2267768830060959,0.21967624127864838,1.027645213150718,0.008335091173648834,0.00042297900654375553,0.2159760296344757,0.12059241533279419,0.36719295382499695,0.02953703703703704,0.3307744860649109,0.29498550295829773,1.117536104839279,0.009855260141193867,0.0005165015463717282,0.14163707196712494,0.12242389470338821,0.2945687472820282,0.02352880658436214,0.1755826622247696,0.2251044064760208,0.7765556848773346,0.014727230183780193,0.002269109943881631
p41002702_N19_s08,p41002702_N19,plate_41002702,Zalcitabine,0.0456431545317173,1.0402816534042358,-0.0271264370530843,test,61,436.11475409836066,0.4212866343543932,0.9627062207220233,0.07612505555152893,0.1649513840675354,0.2038845270872116,0.048662551440329216,0.5490263104438782,0.07480945438146591,7.2421878632872145,0.00990427564829588,0.0024677375331521034,0.1390150785446167,0.09552865475416183,0.23443865776062012,0.014026063100137175,0.16572022438049316,0.19714121520519257,0.8363743212580753,0.007645509671419859,0.00029438987257890403,0.1653950810432434,0.11359651386737823,0.29032257199287415,0.026344307270233198,0.24912527203559875,0.23767653107643127,1.043777831494549,0.008893799968063831,0.0004713265807367861,0.2404995858669281,0.11740807443857193,0.38216856122016907,0.037554869684499316,0.3503474295139313,0.31635749340057373,1.103951968361803,0.010603828355669975,0.0006187177496030927,0.13202007114887238,0.11880084872245789,0.2787802219390869,0.022393689986282578,0.17157453298568726,0.20139369368553162,0.8477266749836113,0.014272323809564114,0.002430554712191224
p41002702_N22_s08,p41002702_N22,plate_41002702,Troglitazone,0.0456431545317173,1.1461708545684814,-0.0059770112857222,test,62,445.5,0.44333454211832324,0.9640976739133064,0.07753682881593704,0.1655714064836502,0.21545319259166718,0.05741083676268861,0.5552768707275391,0.06784042716026306,8.066145049257669,0.010047826915979385,0.0026301881298422813,0.11718305200338364,0.07338495552539825,0.1879270374774933,0.005013717421124829,0.1279875487089157,0.15670058131217957,0.8115857763108382,0.0066818189807236195,0.00024897625553421676,0.1488298922777176,0.09251029789447784,0.2543582618236542,0.006975308641975308,0.2074422985315323,0.2045750468969345,1.0090830655898326,0.008159508928656578,0.00043593448936007917,0.2240883857011795,0.11242052912712097,0.3760157823562622,0.024835390946502056,0.3167092204093933,0.29352062940597534,1.0753379858252055,0.010001195594668388,0.0006038664723746479,0.13859760761260986,0.12143868207931519,0.2843738794326782,0.021748971193415637,0.16173186898231506,0.2169901579618454,0.7419228028204046,0.015491398982703686,0.0029337326996028423
p41002702_O19_s08,p41002702_O19,plate_41002702,Thio-TEPA,0.0456431545317173,1.106382131576538,-0.016551723703742,test,59,446.0169491525424,0.431799290835482,0.961396373937004,0.06674062460660934,0.1448325365781784,0.15569943189620972,0.03858367626886145,0.49414876103401184,0.05763361603021622,8.42773812175182,0.008666499517858028,0.0021444300655275583,0.10656900703907013,0.06302431225776672,0.1572118103504181,0.003950617283950617,0.10805139690637589,0.13778144121170044,0.778572379440503,0.005905128084123135,0.00019373086979612708,0.1288495510816574,0.07990457117557526,0.19725462794303894,0.00720164609053498,0.16802948713302612,0.16892775893211365,0.9888289481894134,0.0072750248946249485,0.000389692751923576,0.1900041550397873,0.08447350561618805,0.28349199891090393,0.010641289437585733,0.25747695565223694,0.23312175273895264,1.0997566549885072,0.008036285638809204,0.00038761552423238754,0.13020604848861694,0.11210090667009354,0.2456694394350052,0.020246913580246915,0.1364564150571823,0.19240666925907135,0.7055414147812904,0.014578349888324738,0.002383581129834056
p41002703_D11_s08,p41002703_D11,plate_41002703,Mitoxantrone,0.4107883870601654,0.6447983384132385,0.1439765691757202,test,28,434.85714285714283,0.44112827347424194,0.9635042379349894,0.030307915061712265,0.0918249562382698,0.022606665268540382,0.011721536351165981,0.44711926579475403,0.04217161983251572,10.35678687826292,0.003670554608106613,0.000823184906039387,0.08169378340244293,0.07780370861291885,0.16755469143390656,0.0035871056241426613,0.11307331919670105,0.16905459761619568,0.6649236232465858,0.005401364527642727,0.0002476555819157511,0.06720315665006638,0.06672399491071701,0.13644474744796753,0.0026440329218106995,0.11964085698127747,0.1474507451057434,0.8059296495686546,0.0039694043807685375,0.0001648194156587124,0.09940283745527267,0.0850406140089035,0.20571163296699524,0.0023353909465020574,0.1962168961763382,0.1838153749704361,1.061691410726656,0.005978019442409277,0.00030763124232180417,0.06119810417294502,0.09624531865119934,0.12702995538711548,0.011107681755829903,0.09256762266159058,0.15408597886562347,0.5968793783853095,0.01017674058675766,0.002743477001786232
p41002703_H23_s08,p41002703_H23,plate_41002703,control,0.0,1.0218585729599,-0.0609147548675537,test,36,464.1388888888889,0.5194628210463692,0.9550540114146607,0.04240532964468002,0.11120835691690445,0.030566759407520294,0.016824417009602195,0.46312224864959717,0.049515869468450546,9.167856626497105,0.005070174112915993,0.0010749330976977944,0.09439694136381149,0.05712023749947548,0.16699053347110748,3.429355281207133e-05,0.10649105906486511,0.13809314370155334,0.7656096931230396,0.006194686517119408,0.00024323038815055043,0.10424409806728363,0.062380027025938034,0.18366506695747375,8.23045267489712e-05,0.16951918601989746,0.15536363422870636,1.0841343439993794,0.006204226054251194,0.0002667942608240992,0.14703711867332458,0.06801454722881317,0.23125144839286804,0.0005658436213991769,0.24297280609607697,0.20445047318935394,1.1826344438357193,0.007964878343045712,0.00040708048618398607,0.10065726935863495,0.11219120025634766,0.1880187690258026,0.017263374485596707,0.12399473786354065,0.18283140659332275,0.6745024702870575,0.014954268001019955,0.0038648557383567095
p41002703_I19_s08,p41002703_I19,plate_41002703,Compound_567dbb1e,0.4107883870601654,0.9677035808563232,-0.0239204876124858,test,51,445.54901960784315,0.49285660969977535,0.9578341206814033,0.062336038798093796,0.1396726369857788,0.0998726412653923,0.03565843621399177,0.5080333352088928,0.06328875571489334,7.902366900082967,0.0075505455024540424,0.001873475848697126,0.10919595509767532,0.08859655261039734,0.18047389388084412,0.010589849108367628,0.13729606568813324,0.1568261682987213,0.8699195270854561,0.006655236706137657,0.0002578921557869762,0.13730069994926453,0.10598104447126389,0.23088538646697998,0.018806584362139916,0.21703332662582397,0.2002163678407669,1.0786067204909189,0.007509305141866207,0.0003570729459170252,0.20581144094467163,0.12538762390613556,0.34269794821739197,0.03302469135802469,0.329763263463974,0.2809675633907318,1.169507795501322,0.010491468012332916,0.0006205031531862915,0.11923408508300781,0.1257677525281906,0.2702995240688324,0.02836076817558299,0.14814093708992004,0.1955675333738327,0.753638887090195,0.015948351472616196,0.003434457816183567
p41002703_J14_s08,p41002703_J14,plate_41002703,Retinoic acid,0.4107883870601654,0.9044384360313416,-0.0523776151239872,test,38,473.86842105263156,0.4999619726089197,0.9616020427823025,0.04723391681909561,0.11754614859819412,0.04202929139137268,0.0220679012345679,0.47646215558052063,0.05381954833865166,8.691464450548585,0.005778308492153883,0.00120365503244102,0.10469578951597214,0.0737965777516365,0.1925656646490097,0.002040466392318244,0.12233587354421616,0.16660243272781372,0.729917051639039,0.007093396037817001,0.0003186604590155184,0.11443737149238586,0.08262146264314651,0.21139326691627502,0.0030281207133058983,0.18309812247753143,0.1833311915397644,0.993310578356637,0.007181728258728981,0.00035272722016088665,0.16874581575393677,0.09362369030714035,0.2810541093349457,0.007671467764060357,0.28289854526519775,0.23834021389484406,1.1819933669378744,0.008198893629014492,0.0003856287803500891,0.08853484690189362,0.08691155910491943,0.1809815913438797,0.006508916323731138,0.11060123145580292,0.16152404248714447,0.6805222769705066,0.009794304147362709,0.0013642184203490615
p41002703_L18_s08,p41002703_L18,plate_41002703,Lercanidipine,0.4107883870601654,0.902920126914978,-0.0495319031178951,test,36,430.97222222222223,0.4291489490630288,0.9647532721404402,0.04361527040600777,0.11618352681398392,0.03820844739675522,0.026049382716049382,0.5062980055809021,0.054748959839344025,9.081748018975407,0.005424137227237225,0.0012960485182702541,0.11184865236282349,0.10235631465911865,0.2284836769104004,0.008501371742112483,0.15733054280281067,0.21719354391098022,0.7210595693289589,0.007576156407594681,0.0004037705948576331,0.1143701896071434,0.10897175222635269,0.23651337623596191,0.011310013717421125,0.21546252071857452,0.2293926477432251,0.9351970335386295,0.006909545511007309,0.0003310945467092097,0.15317995846271515,0.12323359400033951,0.2892965078353882,0.019170096021947875,0.30986231565475464,0.27727198600769043,1.113523211949158,0.008210665546357632,0.0004148870939388871,0.09467217326164246,0.12407888472080231,0.2095813751220703,0.02089849108367627,0.13587594032287598,0.2091907262802124,0.646441176199825,0.013227960094809532,0.002975337440147996
p41002703_L19_s08,p41002703_L19,plate_41002703,Lapatinib,0.4107883870601654,0.9267078042030334,-0.0210747756063938,test,42,529.1428571428571,0.4709476375829986,0.9583349456405594,0.051824796944856644,0.12034357339143753,0.060072172433137894,0.020675582990397807,0.44464027881622314,0.04939090088009834,8.823820790071085,0.006371251307427883,0.001406978815793991,0.11657640337944031,0.06628236174583435,0.1834137737751007,0.004526748971193415,0.11585774272680283,0.15313318371772766,0.7516729359135234,0.006843808572739363,0.0002807331911753863,0.12649381160736084,0.08090777695178986,0.1965682953596115,0.007664609053497942,0.1647322177886963,0.17183521389961243,0.9531172153631691,0.007069227285683155,0.0004543195536825806,0.18401336669921875,0.08410102128982544,0.2745530605316162,0.009691358024691357,0.26098594069480896,0.23325052857398987,1.1141317045625128,0.009056289680302143,0.0005272678681649268,0.10335539281368256,0.10625958442687988,0.18837964534759521,0.018007544581618656,0.09718836098909378,0.1517510861158371,0.6362531583925503,0.015065358951687813,0.003443986875936389
p41002703_L23_s08,p41002703_L23,plate_41002703,Sorafenib,0.4107883870601654,0.956568956375122,-0.0495319031178951,test,30,455.26666666666665,0.5322917740205223,0.9541058886698388,0.03715904802083969,0.11015130579471588,0.02526002936065197,0.01828875171467764,0.49335139989852905,0.05036436393857002,9.60493544685105,0.0045958030968904495,0.0012837646063417196,0.1065564900636673,0.09043516963720322,0.21130821108818054,0.003559670781893004,0.1427784562110901,0.19647514820098877,0.7230198711676429,0.007370409555733204,0.0004454930021893233,0.09635890275239944,0.07679153233766556,0.19011667370796204,0.002362825788751715,0.17528335750102997,0.17797254025936127,0.979386878272024,0.00554802268743515,0.0002391100861132145,0.12187900394201279,0.07819843292236328,0.21581147611141205,0.0019135802469135803,0.23995473980903625,0.20519497990608215,1.1637273609586956,0.007030054461210966,0.0003562384226825088,0.08315139263868332,0.10657365620136261,0.16988451778888702,0.014818244170096022,0.11957186460494995,0.1814793199300766,0.6552625505770634,0.013392839580774307,0.0037475074641406536
p41002703_L24_s08,p41002703_L24,plate_41002703,Olmesartan,0.4107883870601654,1.0031321048736572,0.0529137589037418,test,47,492.63829787234044,0.460710684392591,0.9586590107325752,0.056573398411273956,0.12493013590574265,0.10167692601680756,0.024993141289437585,0.4509434401988983,0.059034720063209534,7.511377411672906,0.006850502919405699,0.0013356744311749935,0.12022794783115387,0.07251349091529846,0.2010907083749771,0.0021947873799725653,0.14237475395202637,0.17298032343387604,0.8183382530964091,0.0075943348929286,0.0003312200715299696,0.12888090312480927,0.0851873978972435,0.21770761907100677,0.009739368998628258,0.19729964435100555,0.1852799952030182,1.0591563744457775,0.0077371797524392605,0.00039944800664670765,0.18967002630233765,0.09757157415151596,0.2911539375782013,0.016073388203017833,0.29667967557907104,0.24723175168037415,1.1951721468778054,0.00842363853007555,0.0004233222280163318,0.1072995737195015,0.1070340946316719,0.21445326507091522,0.01416323731138546,0.13822528719902039,0.1754416674375534,0.7834050154164484,0.013286671601235867,0.0022302698343992233
p41002703_M21_s08,p41002703_M21,plate_41002703,Thalidomide,0.4107883870601654,0.9823811054229736,-0.0694518908858299,test,46,434.7391304347826,0.4435878098180511,0.963291523910886,0.0661763995885849,0.16031160950660706,0.08671195060014725,0.04438614540466392,0.6060688495635986,0.0793575718998909,7.542149858866274,0.0080637875944376,0.0021121567115187645,0.1503942906856537,0.11467159539461136,0.27668777108192444,0.017455418381344307,0.19168055057525635,0.22916729748249054,0.8327879445594916,0.009369123727083206,0.0005176760023459792,0.16530323028564453,0.1290692239999771,0.30363762378692627,0.02365912208504801,0.2814159393310547,0.2613069415092468,1.0728497603298623,0.009604698047041893,0.000658768170978874,0.2128990888595581,0.13176493346691132,0.3606919050216675,0.03306584362139918,0.3773292303085327,0.31218215823173523,1.2048235200848596,0.010361828841269016,0.0006480845040641725,0.12627765536308289,0.1322496384382248,0.29844820499420166,0.026786694101508916,0.1748802661895752,0.2340032011270523,0.7441612086595697,0.016875743865966797,0.0036717369221150875
p41002703_N13_s08,p41002703_N13,plate_41002703,Raltegravir,0.4107883870601654,0.8573691844940186,-0.0836804583668708,test,29,449.58620689655174,0.48614744360645407,0.9617120116810189,0.03412780538201332,0.10000839084386826,0.026958182454109192,0.01743141289437586,0.4682227671146393,0.051880549639463425,8.854347587287867,0.004160993732511997,0.000994891277514398,0.08803804218769073,0.09109634160995483,0.18103177845478058,0.007980109739369,0.17005488276481628,0.20631206035614014,0.8202845626669284,0.00593102490529418,0.00027701244107447565,0.08682122081518173,0.09568460285663605,0.17693892121315002,0.009478737997256516,0.22112463414669037,0.2112814337015152,1.0416579080467745,0.005303087178617716,0.00023907450668048114,0.12201817333698273,0.11467757821083069,0.22927792370319366,0.011436899862825789,0.30672311782836914,0.25810766220092773,1.1837670689588389,0.007573733571916819,0.0004470164712984115,0.07489988207817078,0.11078553646802902,0.16510285437107086,0.016186556927297667,0.15419743955135345,0.21081961691379547,0.7279658126003854,0.011201434768736362,0.0026219391729682684
