field_id,well,plate,compound,dose_um,mtt,ldh,split,nuclei_count,nuclei_area_mean,nuclei_eccentricity_mean,nuclei_solidity_mean,DNA_mean,DNA_std,DNA_p90,DNA_frac_high,DNA_nuc_mean,DNA_cyto_mean,DNA_nuc_cyto_ratio,DNA_gradient_mean,DNA_texture_contrast,ER_mean,ER_std,ER_p90,ER_frac_high,ER_nuc_mean,ER_cyto_mean,ER_nuc_cyto_ratio,ER_gradient_mean,ER_texture_contrast,RNA_mean,RNA_std,RNA_p90,RNA_frac_high,RNA_nuc_mean,RNA_cyto_mean,RNA_nuc_cyto_ratio,RNA_gradient_mean,RNA_texture_contrast,AGP_mean,AGP_std,AGP_p90,AGP_frac_high,AGP_nuc_mean,AGP_cyto_mean,AGP_nuc_cyto_ratio,AGP_gradient_mean,AGP_texture_contrast,Mito_mean,Mito_std,Mito_p90,Mito_frac_high,Mito_nuc_mean,Mito_cyto_mean,Mito_nuc_cyto_ratio,Mito_gradient_mean,Mito_texture_contrast
p41002688_C11_s08,p41002688_C11,plate_41002688,Irinotecan,3.5,0.9380184412002563,0.0116066001355648,test,50,444.52,0.44638132441209694,0.9638703759663776,0.057225704193115234,0.12172451615333557,0.10980224609375,0.03343621399176955,0.457668274641037,0.06470935046672821,6.965040308422716,0.008001845329999924,0.0009985516080632806,0.11342538893222809,0.06768908351659775,0.1842041015625,0.0,0.12749992311000824,0.17172442376613617,0.7381696249433688,0.0054311975836753845,0.0001663879374973476,0.13517695665359497,0.08332570642232895,0.231689453125,0.0025891632373113856,0.19563724100589752,0.21955546736717224,0.8870205909709242,0.0062646507285535336,0.0002269593096571043,0.19197355210781097,0.09470250457525253,0.30419921875,0.002630315500685871,0.3148367404937744,0.26034972071647644,1.2046568851524544,0.0057703424245119095,0.00014061355614103377,0.09874045103788376,0.07170743495225906,0.182373046875,6.858710562414266e-06,0.1276129186153412,0.15214978158473969,0.8332556357237203,0.005755498073995113,0.00020055336062796414
p41002688_D11_s08,p41002688_D11,plate_41002688,Gabapentin enacarbil,3.5,1.020402193069458,-0.0208166893571615,test,45,408.44444444444446,0.44088497067126126,0.9653262157964868,0.05040424317121506,0.10793808847665787,0.0731201171875,0.02263374485596708,0.4421776831150055,0.06098923087120056,7.1331371094722815,0.00699390796944499,0.0008184667094610631,0.11885028332471848,0.07991646975278854,0.1962890625,0.0001268861454046639,0.12229084968566895,0.17099030315876007,0.7110333980444539,0.005506507586687803,0.0001533921022200957,0.14187456667423248,0.0973116010427475,0.2457275390625,0.015188614540466392,0.1918828785419464,0.21712587773799896,0.8796887399688806,0.0065650856122374535,0.00022147991694509983,0.20029456913471222,0.09927693754434586,0.3251953125,0.006097393689986283,0.30367740988731384,0.26458412408828735,1.1434320892854395,0.005711366888135672,0.00012249351129867136,0.10342852026224136,0.08461921662092209,0.2052001953125,3.429355281207133e-06,0.12355823069810867,0.15121160447597504,0.8117530271327703,0.005837400443851948,0.00018829556938726455
p41002688_E11_s08,p41002688_E11,plate_41002688,Macitentan,3.5,0.9531943798065186,-0.1213288828730583,test,47,447.8085106382979,0.4479174186231989,0.9653830312520065,0.05401679500937462,0.11404184252023697,0.092529296875,0.024074074074074074,0.43994900584220886,0.061014436185359955,7.094299858297667,0.007335603702813387,0.0008090265328064561,0.11091610789299011,0.05633225291967392,0.167724609375,0.0,0.11758967489004135,0.15860241651535034,0.7367662561596098,0.004990604240447283,0.0001353671686956659,0.13141033053398132,0.07031474262475967,0.2037353515625,0.003477366255144033,0.18465745449066162,0.19877347350120544,0.9243342034073777,0.006101435516029596,0.00020813880837522447,0.19852076470851898,0.07236726582050323,0.27978515625,0.001965020576131687,0.2945433557033539,0.25316429138183594,1.1588699344899545,0.005263404455035925,0.0001131262761191465,0.08991525322198868,0.05964707210659981,0.1517333984375,0.0,0.11687785387039185,0.13429658114910126,0.8638640598138148,0.005077912472188473,0.00015793691272847354
p41002688_G15_s08,p41002688_G15,plate_41002688,6-Thioguanine,3.5,0.8989945650100708,-0.0305436756461858,test,59,412.59322033898303,0.5192270672130329,0.9604295806568058,0.05878016725182533,0.12235654890537262,0.135009765625,0.028871742112482852,0.4433283507823944,0.05881551653146744,7.411594457253755,0.00839140173047781,0.0010407452937215567,0.10670982301235199,0.05475525185465813,0.1644287109375,0.0,0.11113999783992767,0.15088383853435516,0.7317434093870923,0.0051367515698075294,0.0001486824912717566,0.12745729088783264,0.06860523670911789,0.2010498046875,0.002788065843621399,0.1786487102508545,0.18961605429649353,0.9372175439796668,0.006352853029966354,0.000233085171203129,0.19078586995601654,0.07566095143556595,0.269287109375,0.0019101508916323732,0.2842526435852051,0.24168464541435242,1.1712840056274707,0.005499325226992369,0.0001271244400413707,0.0864214077591896,0.0568632148206234,0.146728515625,0.0,0.11070917546749115,0.12457244098186493,0.8816359274522638,0.005359532777220011,0.00017978987307287753
p41002688_G18_s08,p41002688_G18,plate_41002688,Thio-TEPA,3.5,1.05798077583313,-0.0240590181201696,test,57,435.64912280701753,0.4238369140831288,0.9660349375427373,0.061503611505031586,0.12276915460824966,0.1497802734375,0.029650205761316873,0.4414862096309662,0.06087801605463028,7.1347828805821925,0.008616914972662926,0.0010165353305637836,0.12535344064235687,0.06672076135873795,0.189453125,0.0,0.11966563761234283,0.16644799709320068,0.7146435889928117,0.005706355907022953,0.0001708609634079039,0.1501406580209732,0.08392833918333054,0.239013671875,0.009585048010973938,0.18899323046207428,0.20857571065425873,0.9017897630983593,0.007084899116307497,0.0002644145570229739,0.2162359654903412,0.07887312769889832,0.314697265625,0.003679698216735254,0.30018356442451477,0.2602742314338684,1.148921433151339,0.0057838913053274155,0.0001378638989990577,0.10594027489423752,0.0746055617928505,0.191650390625,0.0,0.12108203023672104,0.14634238183498383,0.8217732652939391,0.0060389479622244835,0.00020699841843452305
p41002688_I15_s08,p41002688_I15,plate_41002688,Zalcitabine,3.5,0.8838186264038086,-0.040270660072565,test,50,437.46,0.510072211170686,0.9624076815532615,0.05646120011806488,0.11526932567358017,0.108154296875,0.025847050754458162,0.43734681606292725,0.06606315076351166,6.521417665047777,0.007526580709964037,0.0008374190656468272,0.120552659034729,0.06812863796949387,0.1790771484375,5.1440329218106995e-05,0.11991732567548752,0.16618429124355316,0.7172762750825232,0.005275115370750427,0.0001441826461814344,0.14314959943294525,0.08444207161664963,0.2261962890625,0.006402606310013718,0.1900569349527359,0.210050567984581,0.9005279481959089,0.006342862267047167,0.00021140076569281518,0.2072318196296692,0.08165038377046585,0.300048828125,0.0013340192043895748,0.29967284202575684,0.26134324073791504,1.142292979162877,0.005478425417095423,0.00012078710278728977,0.09965323656797409,0.07214203476905823,0.1763916015625,0.0,0.12124688923358917,0.1429121196269989,0.8425064514916812,0.005394176580011845,0.0001719390565995127
p41002688_J15_s08,p41002688_J15,plate_41002688,Ebrotidine,3.5,0.9213971495628356,-0.0726939514279365,test,50,427.22,0.5083057569057964,0.9622307634706821,0.05329721421003342,0.11008644849061966,0.0946044921875,0.02027434842249657,0.4208388328552246,0.06349625438451767,6.52501198513393,0.007216691505163908,0.0007968826103024185,0.117503322660923,0.06732591241598129,0.19140625,0.0,0.13239702582359314,0.17514684796333313,0.7516286970468697,0.005498349200934172,0.00015845568850636482,0.14019988477230072,0.084391750395298,0.2369384765625,0.0041015089163237315,0.20215940475463867,0.22143958508968353,0.9088283664669295,0.006731318775564432,0.0002387027780059725,0.20343905687332153,0.08721347153186798,0.3173828125,0.0020233196159122084,0.31141889095306396,0.2703472077846527,1.147676784646382,0.00585587602108717,0.00013098365161567926,0.10080770403146744,0.07567127794027328,0.199462890625,1.02880658436214e-05,0.13456830382347107,0.15821382403373718,0.8452048975028464,0.0060140760615468025,0.00020838883938267827
p41002688_J21_s08,p41002688_J21,plate_41002688,Lenvatinib,3.5,0.6843632459640503,-0.0564823076128959,test,45,410.8,0.46507374900163145,0.9531293678743407,0.04803811386227608,0.1032995656132698,0.07257080078125,0.017729766803840877,0.41849616169929504,0.06719422340393066,6.13682715059958,0.006638091988861561,0.0006572538404725492,0.11125950515270233,0.07660961896181107,0.19580078125,0.00013374485596707818,0.1460818350315094,0.19513359665870667,0.7448078122266188,0.0055265361443161964,0.00016682622663211077,0.13355138897895813,0.09302815794944763,0.244873046875,0.004317558299039781,0.21722644567489624,0.24753062427043915,0.8740429728230225,0.006829582620412111,0.0002575494581833482,0.19037282466888428,0.10644596070051193,0.319580078125,0.007037037037037037,0.3352414667606354,0.2948722243309021,1.1330616367209343,0.006225731689482927,0.00014311292034108192,0.10004706680774689,0.08241383731365204,0.2119140625,0.0,0.15002241730690002,0.18430574238300323,0.8095940005832248,0.006240132264792919,0.0002258582244394347
p41002688_L14_s08,p41002688_L14,plate_41002688,Edoxaban (tosylate),3.5,0.8895999193191528,-0.040270660072565,test,68,424.6764705882353,0.4968412647419087,0.961518737402351,0.06749686598777771,0.1225171759724617,0.2135009765625,0.022551440329218107,0.41352906823158264,0.06711306422948837,6.071215161284028,0.00872376561164856,0.000891392061021179,0.1336878389120102,0.06782317161560059,0.198974609375,0.0,0.12032440304756165,0.1649918407201767,0.724881431072268,0.005526421125978231,0.00014897933579050004,0.16044174134731293,0.08564618974924088,0.254150390625,0.007716049382716049,0.1909482628107071,0.20691201090812683,0.9184090037736408,0.007024318445473909,0.00024214117729570717,0.23182779550552368,0.0781439021229744,0.337158203125,0.0018244170096021947,0.29954200983047485,0.26701706647872925,1.1176228953100922,0.00537729961797595,0.00011561630526557565,0.11276394128799438,0.07802453637123108,0.202880859375,0.0,0.12271007895469666,0.13942332565784454,0.873858231029879,0.005964722950011492,0.0001827482192311436
p41002688_N21_s08,p41002688_N21,plate_41002688,Troglitazone,3.5,1.117239236831665,-0.0921479240059852,test,57,424.140350877193,0.5032265850615812,0.9596762253572005,0.057762887328863144,0.11184056848287582,0.1435546875,0.018840877914951988,0.4036496877670288,0.06416135281324387,6.194617980444815,0.007825040258467197,0.0008083453285507858,0.12576667964458466,0.0691743865609169,0.1942138671875,0.0,0.12325490266084671,0.1583963930606842,0.7732602996475713,0.0056544700637459755,0.00015164894284680486,0.15033727884292603,0.08692388236522675,0.244873046875,0.010843621399176955,0.1916266530752182,0.19800323247909546,0.9629323639019173,0.007099985145032406,0.0002477857924532145,0.21794350445270538,0.08031157404184341,0.3271484375,0.004513031550068587,0.2943599820137024,0.2552191913127899,1.1488600073456268,0.005681490525603294,0.0001225422165589407,0.10558696836233139,0.07890214025974274,0.2005615234375,0.0,0.12260737270116806,0.13260482251644135,0.917686730103474,0.005972688086330891,0.0001902773801703006
p41002688_O16_s08,p41002688_O16,plate_41002688,Nifurtimox,3.5,0.992218255996704,0.0440298877656459,test,48,422.25,0.509201670658396,0.957627719188173,0.05080347880721092,0.10513138025999069,0.0887451171875,0.016272290809327846,0.41096290946006775,0.06366059184074402,6.355693595756902,0.006830941885709763,0.0006530581740662456,0.11010167002677917,0.05873561650514603,0.1689453125,6.515775034293553e-05,0.11642042547464371,0.15800192952156067,0.7321950483554169,0.00518245343118906,0.00014095866936258972,0.13148154318332672,0.07283364236354828,0.2086181640625,0.0036282578875171468,0.18573802709579468,0.19640368223190308,0.9409045717677952,0.006376698613166809,0.00021618549362756312,0.20018808543682098,0.0742063894867897,0.286376953125,0.002091906721536351,0.2897850275039673,0.25784116983413696,1.119547665812432,0.005379703361541033,0.0001091774320229888,0.09128841757774353,0.06473210453987122,0.1614990234375,0.0,0.11746402084827423,0.1332143396139145,0.875197249311625,0.005482548847794533,0.00017578287224750966
p41002689_A19_s08,p41002689_A19,plate_41002689,Lapatinib,3.5,0.9458366632461548,0.1685211062431335,test,56,431.48214285714283,0.48070115250967715,0.9610393762249411,0.05962018668651581,0.12108572572469711,0.13818359375,0.02867626886145405,0.44042593240737915,0.06327081471681595,6.8526583076306515,0.007795453537255526,0.0008969815098680556,0.11569391936063766,0.04773351550102234,0.16748046875,0.0,0.1133333072066307,0.15300104022026062,0.7359255953371178,0.004712782800197601,0.00013544202374760062,0.13742013275623322,0.059656668454408646,0.2049560546875,0.0008744855967078189,0.18510156869888306,0.19294436275959015,0.9544055112771261,0.00571743119508028,0.0001988143048947677,0.20390118658542633,0.06568355113267899,0.27685546875,0.00027091906721536354,0.29343608021736145,0.24737977981567383,1.1814008388087167,0.0050321961753070354,0.00011764586815843359,0.0931847020983696,0.04986465722322464,0.151611328125,0.0,0.11631785333156586,0.1278335005044937,0.9028540936641607,0.004940612707287073,0.00015798467211425304
p41002689_C16_s08,p41002689_C16,plate_41002689,Compound_567dbb1e,3.5,0.9599153995513916,0.0357937701046466,test,46,417.45652173913044,0.5316403636384098,0.9608890641620613,0.05082640051841736,0.10816061496734619,0.0863037109375,0.022397119341563788,0.4311315715312958,0.06662523001432419,6.3753065452047215,0.007155559025704861,0.0007456678431481123,0.11604943871498108,0.07515352219343185,0.1907958984375,0.0005727023319615913,0.1318187266588211,0.17410334944725037,0.7528052837077871,0.005747382994741201,0.0001675636594882235,0.14080560207366943,0.09087742120027542,0.2410888671875,0.009084362139917696,0.2019120454788208,0.22170886397361755,0.9066188111073101,0.007006727624684572,0.000250462704570964,0.20273253321647644,0.09443088620901108,0.317138671875,0.0049039780521262,0.31877821683883667,0.27147039771080017,1.1699554135682202,0.005911846645176411,0.00013456103624776006,0.10120165348052979,0.079207643866539,0.1925048828125,3.429355281207133e-06,0.1345943659543991,0.15611149370670319,0.8566805825528003,0.006147818639874458,0.00021390659094322473
p41002689_D19_s08,p41002689_D19,plate_41002689,Sorafenib,3.5,0.6053866744041443,-0.0058461814187467,test,56,379.19642857142856,0.5160174729469701,0.9562966062820601,0.05464710295200348,0.1084180697798729,0.10919189453125,0.019423868312757202,0.41479334235191345,0.06836078315973282,5.980228645871467,0.007607930805534124,0.0007209144532680511,0.12191850692033768,0.06699575483798981,0.1922607421875,0.0,0.1367018073797226,0.183722585439682,0.7400384043691302,0.006091003306210041,0.00018157750309910625,0.14660191535949707,0.08568165451288223,0.2440185546875,0.004763374485596708,0.20929351449012756,0.23722508549690247,0.8785536336510158,0.008093809708952904,0.00031399415456689894,0.2121199518442154,0.08723042905330658,0.3193359375,0.0019170096021947874,0.3214012086391449,0.2855972647666931,1.1214385067519197,0.006537980400025845,0.00014664542686659843,0.10559175908565521,0.07699684798717499,0.206787109375,3.429355281207133e-06,0.14108604192733765,0.16805130243301392,0.8345753028625295,0.00712215481325984,0.00025601766537874937
p41002689_D20_s08,p41002689_D20,plate_41002689,control,0.0,0.9547958970069884,0.0227812845259904,test,60,456.8,0.498624479349778,0.9615773911236799,0.06461087614297867,0.12381065636873245,0.19580078125,0.027359396433470507,0.42490872740745544,0.06983756273984909,5.998353288465506,0.008665729314088821,0.0008757586474530399,0.12335368245840073,0.059815239161252975,0.1876220703125,1.7146776406035666e-05,0.13490955531597137,0.1683548241853714,0.7966088711373399,0.0057688686065375805,0.0001683428999967873,0.14902156591415405,0.07584825903177261,0.2376708984375,0.002698902606310014,0.20452050864696503,0.21512790024280548,0.9462938769922795,0.007555545307695866,0.00028641021344810724,0.2197202891111374,0.07759740948677063,0.31982421875,0.002037037037037037,0.32020512223243713,0.26914870738983154,1.1852920760800565,0.006023879628628492,0.00013736948312725872,0.10538304597139359,0.06922106444835663,0.1923828125,6.858710562414266e-06,0.13823598623275757,0.14774738252162933,0.9293339075237623,0.006536331959068775,0.00023109634639695287
p41002689_E19_s08,p41002689_E19,plate_41002689,Olmesartan,3.5,0.9746341109275818,-0.029268654063344,test,56,400.39285714285717,0.5120020842468931,0.963856499691652,0.05548107996582985,0.11308126151561737,0.11480712890625,0.020987654320987655,0.4234371483325958,0.061869654804468155,6.735159428654953,0.00762949837371707,0.0008822172530926764,0.11750268936157227,0.056282613426446915,0.1702880859375,4.801097393689986e-05,0.1170734092593193,0.1602119505405426,0.726208006706531,0.005256940610706806,0.00014857840142212808,0.13918925821781158,0.07033675163984299,0.208984375,0.0030041152263374487,0.1871047019958496,0.20066386461257935,0.9278048020913432,0.006156587973237038,0.00021751949680037796,0.20490965247154236,0.06799907982349396,0.27783203125,0.004478737997256516,0.2876232862472534,0.2514963150024414,1.139118748107165,0.005290216766297817,0.0001189360991702415,0.0952114388346672,0.06210818514227867,0.1561279296875,0.0,0.11868169903755188,0.13538509607315063,0.8701955158934414,0.005222445819526911,0.00016696265083737671
p41002689_H17_s08,p41002689_H17,plate_41002689,control,0.0,0.9624751806259156,-0.0084486780688166,test,49,420.38775510204084,0.5072861021194617,0.9651723436711169,0.052134476602077484,0.112332783639431,0.0877685546875,0.023041838134430725,0.43559837341308594,0.06266548484563828,6.8419862735550785,0.007187888491898775,0.0007965144468471408,0.10310688614845276,0.06359675526618958,0.1673583984375,0.0,0.11814845353364944,0.15836156904697418,0.741386108584457,0.005126012489199638,0.00013933634909335524,0.12266198545694351,0.07785943895578384,0.20361328125,0.00350480109739369,0.18446891009807587,0.19562023878097534,0.9381989933577722,0.006050487514585257,0.0002024139539571479,0.18479794263839722,0.08403074741363525,0.27587890625,0.004393004115226338,0.290601909160614,0.25032204389572144,1.1562929564634234,0.0055814823135733604,0.00011574212840059772,0.08496689796447754,0.06639713793992996,0.1534423828125,1.02880658436214e-05,0.11553477495908737,0.1320706307888031,0.8682214420584888,0.00514073483645916,0.00016506886458955705
p41002689_I17_s08,p41002689_I17,plate_41002689,Ponatinib (hydrochloride),3.5,0.6335441470146179,0.0279862787574529,test,32,397.96875,0.4577558067404391,0.9585435581752217,0.03947452828288078,0.09157983958721161,0.03985595703125,0.016498628257887518,0.44071194529533386,0.06653646379709244,6.525540730403288,0.0052792723290622234,0.0005581671721301973,0.10008955001831055,0.07469471544027328,0.17919921875,8.916323731138545e-05,0.14810244739055634,0.20147475600242615,0.7314612957912724,0.004828534554690123,0.00013787098578177392,0.1165766716003418,0.08947135508060455,0.219482421875,0.0037860082304526747,0.2212902009487152,0.25594422221183777,0.8612382837169711,0.005508732050657272,0.00018578529125079513,0.16549883782863617,0.10811485350131989,0.2802734375,0.005706447187928669,0.34436729550361633,0.2956576943397522,1.1608237442485612,0.00536383967846632,0.0001272993249585852,0.08889003843069077,0.07180953025817871,0.173095703125,0.0,0.15212593972682953,0.19120803475379944,0.7914650390223732,0.005032806657254696,0.0001630281622055918
p41002689_J15_s08,p41002689_J15,plate_41002689,Retinoic acid,3.5,0.8972009420394897,-0.0995360687375068,test,57,444.12280701754383,0.5074255821085139,0.9618361746104152,0.062182340770959854,0.12089565396308899,0.162841796875,0.026484910836762687,0.42984136939048767,0.06523865461349487,6.489282910388636,0.00836327113211155,0.0009151303675025702,0.12980888783931732,0.07521465420722961,0.219482421875,0.00012002743484224966,0.13569122552871704,0.172186478972435,0.7834978015247608,0.0057764602825045586,0.00015812723722774535,0.1574186086654663,0.09258604794740677,0.272216796875,0.00845679012345679,0.2043997347354889,0.21641536056995392,0.9401347457679872,0.0071487389504909515,0.00024824548745527864,0.22324511408805847,0.0891198068857193,0.355224609375,0.0050960219478737995,0.3179592192173004,0.2697767913341522,1.1742484193371014,0.005905422847718,0.0001279481512028724,0.11406391859054565,0.08592987060546875,0.2379150390625,0.0,0.1358289122581482,0.15152552723884583,0.8905323241102341,0.0060654329136013985,0.00019034423166885972
p41002689_M14_s08,p41002689_M14,plate_41002689,Mitoxantrone,3.5,0.0358368419110775,0.4053483307361603,test,1,294.0,0.5429527774101124,0.9735099337748344,0.012478300370275974,0.014142460189759731,0.0217742919921875,0.0,0.3467390537261963,0.053464386612176895,6.36634460230337,0.0008517486276105046,1.854013498814311e-05,0.00427576620131731,0.027637986466288567,0.0135650634765625,0.0,0.26782310009002686,0.2950064539909363,0.904788042554733,0.0015301333041861653,3.7431043892866e-05,0.016719918698072433,0.03109414130449295,0.0269622802734375,1.7146776406035666e-05,0.3157726526260376,0.37395772337913513,0.8421553496225678,0.0015206622192636132,4.51822234026622e-05,0.010726619511842728,0.03748544678092003,0.01593017578125,2.05761316872428e-05,0.44922953844070435,0.36878183484077454,1.2148502065660944,0.0016660949913784862,6.115542055340484e-05,0.02636738494038582,0.03179220110177994,0.05328369140625,0.0,0.2690911293029785,0.3322937488555908,0.8073692657811294,0.0018983903573825955,5.193015022086911e-05
p41002689_N21_s08,p41002689_N21,plate_41002689,Raltegravir,3.5,1.127580642700195,-0.0578961186110973,test,69,457.40579710144925,0.4746923123378938,0.9638348749246326,0.07478017359972,0.1277177482843399,0.252197265625,0.027287379972565157,0.41468220949172974,0.07478854060173035,5.4715687384836915,0.009394577704370022,0.0009037278359755874,0.14513961970806122,0.07321332395076752,0.24169921875,0.0,0.13165995478630066,0.17554469406604767,0.7457599078964388,0.005820163991302252,0.00015572321717627347,0.17529840767383575,0.09349115937948227,0.302490234375,0.005641289437585734,0.20304827392101288,0.223753422498703,0.9034268384597552,0.007774339988827705,0.0002653503033798188,0.25122565031051636,0.08629690110683441,0.372802734375,0.003425925925925926,0.3196972608566284,0.2838751971721649,1.122236207399336,0.005583914928138256,0.00011663293116725981,0.12796717882156372,0.08446944504976273,0.24267578125,0.0,0.13478204607963562,0.153560608625412,0.8720336137281198,0.006522245239466429,0.00019820552552118897
p41002689_N22_s08,p41002689_N22,plate_41002689,Thalidomide,3.5,1.1672571897506714,-0.0604986175894737,test,59,426.47457627118644,0.5271460502901038,0.9521134852088764,0.060816600918769836,0.11867308616638184,0.1627197265625,0.025438957475994513,0.4207260012626648,0.07049797475337982,5.884446415634681,0.008018002845346928,0.0008145536994561553,0.11843586713075638,0.06459163874387741,0.1865234375,0.0,0.13635468482971191,0.17321260273456573,0.7826912788707083,0.00535202119499445,0.00014960601401980966,0.14397525787353516,0.0811624750494957,0.2371826171875,0.0017421124828532236,0.20715905725955963,0.2190745621919632,0.9413130495239252,0.0065327901393175125,0.00022535855532623827,0.2092961221933365,0.08397949486970901,0.316162109375,0.003072702331961591,0.32056185603141785,0.27210909128189087,1.1737502202024772,0.005675959400832653,0.00012460573634598404,0.10042718052864075,0.07144142687320709,0.1837158203125,1.3717421124828532e-05,0.13945211470127106,0.1523866206407547,0.9091543585661261,0.005569305270910263,0.00017870993178803474
p41002689_P17_s08,p41002689_P17,plate_41002689,Lercanidipine,3.5,1.0674259662628174,0.0800362154841423,test,49,393.734693877551,0.4838219183328751,0.9611618968862748,0.05015922337770462,0.1011810228228569,0.09027099609375,0.013628257887517146,0.4033578038215637,0.06339621543884277,6.263688029999736,0.0067455400712788105,0.0006444015889428556,0.11782003194093704,0.07295688986778259,0.18798828125,0.00013031550068587106,0.12571443617343903,0.1670321822166443,0.7481568977742318,0.005331204738467932,0.00013862150080967695,0.13960768282413483,0.09050662815570831,0.2335205078125,0.008395061728395062,0.19457244873046875,0.20619474351406097,0.9390800433953305,0.006387542933225632,0.00020710886747110635,0.20459362864494324,0.08865821361541748,0.31005859375,0.004609053497942387,0.29795628786087036,0.2638559639453888,1.1249748105438417,0.005560086574405432,0.00011346571409376338,0.0995163768529892,0.08049415051937103,0.19105224311351776,0.0,0.12557083368301392,0.14406976103782654,0.8655893053430458,0.005454050377011299,0.00016508316912222654
p41002690_C21_s08,p41002690_C21,plate_41002690,Troglitazone,0.4107883870601654,1.1478569507598877,0.017060961574316,test,47,425.40425531914894,0.46778129537151447,0.9616485080127856,0.04993407428264618,0.10560702532529831,0.07623291015625,0.015565843621399176,0.4151017367839813,0.06293483078479767,6.492575825862413,0.006684280000627041,0.0007048257393762469,0.10653077811002731,0.057569246739149094,0.1612548828125,0.0,0.11563963443040848,0.15715429186820984,0.7311823983048852,0.004883814137428999,0.0001293830428039655,0.12605945765972137,0.07139912247657776,0.1947021484375,0.0011008230452674897,0.18278922140598297,0.19709934294223785,0.922714930252348,0.005691929254680872,0.00018223110237158835,0.19045455753803253,0.0752723217010498,0.265625,0.001189986282578875,0.2842375338077545,0.253273069858551,1.1178436393829372,0.005047821905463934,0.00010386463691247627,0.08580692857503891,0.06049434468150139,0.141845703125,0.0,0.11466515809297562,0.13172481954097748,0.8639315426424361,0.004867978394031525,0.0001452792203053832
p41002690_C22_s08,p41002690_C22,plate_41002690,Macitentan,0.4107883870601654,1.0661275386810305,0.0198705215007066,test,51,446.3921568627451,0.4969592858928488,0.956234128968598,0.05594870075583458,0.1093367412686348,0.12744140625,0.01614883401920439,0.40675848722457886,0.06542094796895981,6.123948839373196,0.007290963549166918,0.0007192774210125208,0.1203540787100792,0.059491049498319626,0.173828125,0.0,0.12558992207050323,0.16151803731918335,0.7727752816990168,0.005100218579173088,0.0001365595671813935,0.1424715369939804,0.07535532861948013,0.2174072265625,0.003762002743484225,0.19657084345817566,0.20255115628242493,0.9657073290482115,0.006298876833170652,0.0002108607004629448,0.21096450090408325,0.07316024601459503,0.290283203125,0.003398491083676269,0.2982120215892792,0.2608480155467987,1.1388744763505045,0.005231569986790419,0.00010854960419237614,0.09833543747663498,0.06653361022472382,0.1669921875,0.0,0.12756513059139252,0.1359594762325287,0.9314078448636404,0.005302077624946833,0.00016057696484494954
p41002690_D18_s08,p41002690_D18,plate_41002690,6-Thioguanine,0.4107883870601654,1.0015767812728882,-0.0054155243560671,test,52,402.46153846153845,0.4998204132612974,0.9616939186905124,0.053177881985902786,0.11285640299320221,0.08936157077550888,0.02439300411522634,0.4359270930290222,0.06280132383108139,6.832571283053165,0.0073966034688055515,0.0008206698694266379,0.10729213804006577,0.05253564566373825,0.16357421875,0.0,0.12279017269611359,0.15642569959163666,0.7799881024167727,0.005155173130333424,0.00014478682714980096,0.1277027577161789,0.06586802005767822,0.199462890625,0.0014471879286694102,0.19162029027938843,0.19800792634487152,0.9628776792906195,0.006121203303337097,0.00021120005112607032,0.19244103133678436,0.07141591608524323,0.26953125,0.001286008230452675,0.3027268052101135,0.24951180815696716,1.2084332768075714,0.005538529716432095,0.00012488487118389457,0.08669672161340714,0.05548510700464249,0.1463623046875,0.0,0.12436678260564804,0.1329033523797989,0.928780201506071,0.005149854347109795,0.00016871736443135887
p41002690_G22_s08,p41002690_G22,plate_41002690,Ebrotidine,0.4107883870601654,1.129116415977478,-0.0222728885710239,test,48,455.4791666666667,0.449669162663326,0.964941596411804,0.055498041212558746,0.11419697850942612,0.09954833984375,0.024753086419753087,0.4345525801181793,0.06098802015185356,7.010267129900992,0.007373009342700243,0.0008396259509027004,0.11751997470855713,0.0609838031232357,0.172607421875,0.00013374485596707818,0.11282345652580261,0.1568327099084854,0.7148293695978478,0.005093221552670002,0.00014206324703991413,0.1383754014968872,0.07585762441158295,0.21337890625,0.0064643347050754455,0.18245872855186462,0.1966591775417328,0.9230976816815966,0.006097031757235527,0.00021026587637607008,0.20264819264411926,0.0769258365035057,0.2822509706020355,0.0028600823045267488,0.2892625033855438,0.2495872974395752,1.1543382539384084,0.00525110587477684,0.0001124299451475963,0.09619338065385818,0.0650293305516243,0.161376953125,0.0,0.11416217684745789,0.13076484203338623,0.8664084826097372,0.005232371389865875,0.00016193807823583484
p41002690_J19_s08,p41002690_J19,plate_41002690,Gabapentin enacarbil,0.4107883870601654,1.0109471082687378,-0.0840832218527793,test,53,432.49056603773585,0.4892227586536886,0.9634649821470426,0.059135861694812775,0.11801661550998688,0.1280517578125,0.028034979423868314,0.43881306052207947,0.06512978672981262,6.635633989187717,0.007883626967668533,0.0008665017085149884,0.12271018326282501,0.06203649193048477,0.1802978515625,6.515775034293553e-05,0.12077073007822037,0.16357874870300293,0.7338172821824156,0.005407919175922871,0.00015263950626831502,0.14624081552028656,0.07772339135408401,0.2269287109375,0.006886145404663923,0.19037890434265137,0.20796754956245422,0.9110453022073303,0.006461994722485542,0.00022324267774820328,0.211562842130661,0.073644258081913,0.30078125,0.00338477366255144,0.3019453287124634,0.25775638222694397,1.1669096859131391,0.005383325740695,0.00011968053877353668,0.10238441079854965,0.0698239803314209,0.1773681640625,0.0,0.12287762016057968,0.14129051566123962,0.8635685912694455,0.005637299735099077,0.00018469408678356558
p41002690_K19_s08,p41002690_K19,plate_41002690,Edoxaban (tosylate),0.4107883870601654,0.9417112469673156,-0.0054155243560671,test,37,434.5135135135135,0.49644714114265703,0.9602426100376564,0.04267001524567604,0.0997714251279831,0.042266845703125,0.018247599451303154,0.43153122067451477,0.06214204430580139,6.83429283006072,0.005851023830473423,0.0005675231222994626,0.09035413712263107,0.05790435150265694,0.1513671875,0.0,0.11359573155641556,0.1527988761663437,0.738599230293167,0.004422352649271488,0.00011616192932706326,0.10695678740739822,0.07047487795352936,0.1826171875,0.001207133058984911,0.18320953845977783,0.1922600418329239,0.9479949229140969,0.005246998276561499,0.00017233123071491718,0.16358447074890137,0.08450905978679657,0.250732421875,0.0009979423868312757,0.28581422567367554,0.24616605043411255,1.1563652256112151,0.00485189538449049,9.543536725686863e-05,0.07310424745082855,0.05528677999973297,0.1270751953125,0.0,0.11527834087610245,0.12613904476165771,0.9067107676655111,0.004521973431110382,0.00013761300942860544
p41002690_M10_s08,p41002690_M10,plate_41002690,Nifurtimox,0.4107883870601654,0.8860102295875549,-0.0447493754327297,test,35,451.57142857142856,0.46457380409566623,0.9642842616952799,0.04181012511253357,0.10062337666749954,0.040771484375,0.018734567901234567,0.4391927421092987,0.060522787272930145,7.138700334900826,0.005903744138777256,0.0006145539809949696,0.09159130603075027,0.05534541606903076,0.16015625,0.0,0.11625011265277863,0.15894187986850739,0.7268272246665541,0.0044915028847754,0.00012112843978684396,0.11146646738052368,0.06696005910634995,0.19384765625,0.0006069958847736626,0.18877644836902618,0.2041337490081787,0.9202603144619544,0.0050798021256923676,0.00015770607569720596,0.16828733682632446,0.08216046541929245,0.261962890625,7.544581618655693e-05,0.2977370619773865,0.25166818499565125,1.178371792168891,0.004880890250205994,0.00010205373837379739,0.07665898650884628,0.054119426757097244,0.14501953125,0.0,0.12191645056009293,0.13852795958518982,0.8737779218053852,0.004552145022898912,0.00014198417193256319
p41002690_N19_s08,p41002690_N19,plate_41002690,Zalcitabine,0.4107883870601654,0.9162033200263976,0.0339183248579502,test,18,359.5,0.4429217613075598,0.9588417993444072,0.025832699611783028,0.0679602399468422,0.0307769775390625,0.008943758573388203,0.4429838955402374,0.063857801258564,6.830078833141829,0.0040012202225625515,0.00030672585126012564,0.08467412739992142,0.05917297676205635,0.153076171875,0.00015432098765432098,0.14254115521907806,0.18032078444957733,0.7861269498242033,0.004751158412545919,0.00013019672769587487,0.09291894733905792,0.07253964990377426,0.1800537109375,0.0013957475994513032,0.21137934923171997,0.228738471865654,0.9200868601377743,0.006454594433307648,0.00023387145483866334,0.17111565172672272,0.08948429673910141,0.267578125,0.0020198902606310015,0.33594149351119995,0.2773102819919586,1.2070753947958937,0.00558382086455822,0.00012223757221363485,0.07105839252471924,0.062223028391599655,0.1468505859375,7.887517146776407e-05,0.14353437721729279,0.16645881533622742,0.8571324055356618,0.005691632628440857,0.00021857574756722897
p41002690_O19_s08,p41002690_O19,plate_41002690,Thio-TEPA,0.4107883870601654,0.950040340423584,0.0198705215007066,test,38,387.57894736842104,0.47460929287661235,0.9603519959059682,0.038591478019952774,0.09053979814052582,0.038818359375,0.011080246913580246,0.4063105285167694,0.06269904226064682,6.37859713579693,0.005411047022789717,0.0004866607196163386,0.09111016988754272,0.06411616504192352,0.1693115234375,1.02880658436214e-05,0.12080614268779755,0.17041659355163574,0.7047517406849365,0.0044874041341245174,0.00012060435983585194,0.11000687628984451,0.07745660841464996,0.20703125,0.0016083676268861455,0.19504186511039734,0.2179834544658661,0.8906694142081834,0.005353887099772692,0.00017338858742732555,0.16271112859249115,0.09943029284477234,0.28369140625,0.0005452674897119342,0.3031846880912781,0.27546021342277527,1.0966666209854745,0.004989574197679758,0.00010071982251247391,0.08245307207107544,0.061424802988767624,0.1622314453125,0.0,0.1282070428133011,0.15493454039096832,0.82218501745574,0.0050309328362345695,0.00016418825543951243
p41002690_P17_s08,p41002690_P17,plate_41002690,Irinotecan,0.4107883870601654,0.9620134830474854,0.1406816244125366,test,25,431.72,0.46273066379128985,0.9633138261283719,0.032202597707509995,0.08448023349046707,0.033416748046875,0.012479423868312757,0.43764394521713257,0.05844606086611748,7.362034402965409,0.004877028055489063,0.0004739071009680629,0.08047498017549515,0.06505666673183441,0.1636962890625,0.0,0.1225879117846489,0.16252419352531433,0.7496622312689877,0.004512414336204529,0.00012171031266916543,0.09798067063093185,0.07538185268640518,0.194580078125,0.0004149519890260631,0.192682147026062,0.20190547406673431,0.9496153216777684,0.005242389161139727,0.00016966999100986868,0.15054772794246674,0.0972304567694664,0.26708984375,0.00048353909465020576,0.30739378929138184,0.2537441849708557,1.2066763735021058,0.005258664954453707,0.00010654891229933128,0.07072639465332031,0.06299140304327011,0.1512451171875,0.0,0.12633678317070007,0.14265276491641998,0.879459460764332,0.004631375428289175,0.00014701987674925476
p41002691_C12_s08,p41002691_C12,plate_41002691,control,0.0,0.978611171245575,0.0209449063986539,test,43,438.83720930232556,0.48991394956765955,0.9613037912502611,0.04810626059770584,0.10497689247131348,0.07916259765625,0.019046639231824418,0.41836705803871155,0.06613892316818237,6.2313638392844934,0.0069874925538897514,0.0006508634542115033,0.10559410601854324,0.07202623039484024,0.19287109375,0.0,0.14242088794708252,0.17364321649074554,0.8154962489174579,0.005391011014580727,0.0001532283640699461,0.12892858684062958,0.08860265463590622,0.24462890625,0.0035253772290809327,0.20967631042003632,0.21992751955986023,0.949072849040088,0.006670687813311815,0.00023719000455457717,0.18915602564811707,0.09628191590309143,0.317626953125,0.0026920438957475997,0.326650470495224,0.26994651556015015,1.2055902244024526,0.00581047497689724,0.0001282500452362001,0.09377780556678772,0.07889614254236221,0.202392578125,0.0,0.14289447665214539,0.15617790818214417,0.9091257054175416,0.005909645929932594,0.00020948765450157225
p41002691_C14_s08,p41002691_C14,plate_41002691,Raltegravir,0.0456431545317173,0.97729229927063,0.0537903197109699,test,51,426.96078431372547,0.48491145603288227,0.9594168677612714,0.053923919796943665,0.11356952041387558,0.10064697265625,0.024050068587105625,0.42929574847221375,0.06315642595291138,6.691391269010249,0.007505804765969515,0.0008084773435257375,0.11294763535261154,0.06054120138287544,0.1741943359375,0.0,0.12823238968849182,0.16672249138355255,0.764550947405416,0.005373489111661911,0.00015268403512891382,0.1344146877527237,0.07570040225982666,0.216064453125,0.0020233196159122084,0.19778482615947723,0.20834505558013916,0.9447790663666448,0.006629842333495617,0.00024039983691181988,0.20218761265277863,0.07801663875579834,0.290771484375,0.0028497942386831276,0.30959826707839966,0.26211127638816833,1.1766818637664507,0.005726119969040155,0.000125888705952093,0.09441838413476944,0.06664182990789413,0.1668701171875,0.0,0.1298258751630783,0.14425958693027496,0.8937508215922101,0.005726195406168699,0.00019285194866824895
p41002691_D22_s08,p41002691_D22,plate_41002691,Thalidomide,0.0456431545317173,1.032685399055481,0.0264191422611475,test,48,402.7708333333333,0.5039532186117804,0.9635543166136911,0.0511111244559288,0.1069055125117302,0.08984375,0.020689300411522633,0.42532461881637573,0.06503608077764511,6.440791364474175,0.007041145581752062,0.0007464273367077112,0.11616579443216324,0.06235121563076973,0.179443359375,0.0,0.12724773585796356,0.1668715476989746,0.7580065687256472,0.0054270136170089245,0.00014977657701820135,0.13938534259796143,0.0776938796043396,0.22412109375,0.004969135802469136,0.19919274747371674,0.21205168962478638,0.934950329774539,0.006764087826013565,0.00024097427376545966,0.20665349066257477,0.07553908973932266,0.299560546875,0.003377914951989026,0.30601149797439575,0.2612595558166504,1.166826875083755,0.005551043897867203,0.00012224128295201808,0.09795535355806351,0.06902337819337845,0.1767578125,0.0,0.1305212378501892,0.1457626074552536,0.8893357791424071,0.005809208378195763,0.0001961192610906437
p41002691_E24_s08,p41002691_E24,plate_41002691,Sorafenib,0.0456431545317173,1.165892481803894,0.2015946805477142,test,45,435.06666666666666,0.47613551484575317,0.9652642613779341,0.05395735800266266,0.11181510984897614,0.08502197265625,0.024564471879286693,0.4466125965118408,0.06223410367965698,7.0628437903441075,0.0072861602529883385,0.0008344008238054812,0.12053630501031876,0.062294766306877136,0.179443359375,2.05761316872428e-05,0.11797256022691727,0.1650368571281433,0.7105203161962337,0.005217095836997032,0.0001492399605922401,0.1427978128194809,0.07820568978786469,0.2252197265625,0.005085733882030178,0.1869083195924759,0.20862720906734467,0.891622420696494,0.006462085992097855,0.0002312744181836024,0.20748989284038544,0.07636059820652008,0.2939453125,0.0013751714677640605,0.30100715160369873,0.2573162615299225,1.1652659798532703,0.005321383010596037,0.00012159335892647505,0.10030407458543777,0.0693805143237114,0.1729736328125,6.858710562414266e-06,0.11983486264944077,0.14357085525989532,0.8289005583733553,0.0055459048599004745,0.0001828420499805361
p41002691_I19_s08,p41002691_I19,plate_41002691,Compound_567dbb1e,0.0456431545317173,0.8539767265319824,-0.0420088022947311,test,42,420.6190476190476,0.47756328559879496,0.9625367772339534,0.046626016497612,0.10416429489850998,0.052703857421875,0.019646776406035665,0.4334540367126465,0.06009223684668541,7.095075562553473,0.006407712586224079,0.0007107797428034246,0.10520172119140625,0.06262248009443283,0.1705322265625,0.0,0.12265337258577347,0.1705780029296875,0.7148548793637416,0.0049135200679302216,0.00013987303827889264,0.12434881180524826,0.075961634516716,0.20751953125,0.0018689986282578875,0.19298668205738068,0.21653731167316437,0.8871429023970406,0.005784355569630861,0.00020139390835538507,0.18242096900939941,0.08852088451385498,0.276123046875,0.002006172839506173,0.30253729224205017,0.2623845934867859,1.1486521980535986,0.005387207493185997,0.00012119988969061524,0.08729181438684464,0.06387698650360107,0.15869140625,0.0,0.12430524080991745,0.15132321417331696,0.8160623545435433,0.005191691219806671,0.00017245576600544155
p41002691_J13_s08,p41002691_J13,plate_41002691,Retinoic acid,0.0456431545317173,0.8961809873580933,-0.0365345664322376,test,44,396.40909090909093,0.5364527303931492,0.9636888571085861,0.04584885761141777,0.10347920656204224,0.049163818359375,0.01933127572016461,0.4319007694721222,0.06346975266933441,6.699277592816941,0.006185243371874094,0.0006808963371440768,0.101441390812397,0.05697032809257507,0.1654052734375,0.0,0.12284421920776367,0.16853030025959015,0.724615122014535,0.004728647414594889,0.00013025976659264416,0.1198505386710167,0.07003726065158844,0.199462890625,0.00010973936899862826,0.19359762966632843,0.21386615931987762,0.9010149866276238,0.005380405578762293,0.00017272512195631862,0.17848104238510132,0.08194249868392944,0.267822265625,0.0015123456790123457,0.3006785809993744,0.26056453585624695,1.1495387936100945,0.005088893696665764,0.00010543466487433761,0.08281755447387695,0.05815356969833374,0.146484375,0.0,0.12573987245559692,0.14762821793556213,0.8460026918314497,0.004743879195302725,0.00014652493700850755
p41002691_K20_s08,p41002691_K20,plate_41002691,control,0.0,1.0082859992980957,-0.0556943900883197,test,44,450.95454545454544,0.4899270274906105,0.9644887106930458,0.05211053043603897,0.11169682443141937,0.0830078125,0.02398491083676269,0.44125014543533325,0.062353525310754776,6.964887009380478,0.007188522256910801,0.0008177070994861424,0.11380075663328171,0.06660278141498566,0.1785888671875,0.00018518518518518518,0.12205278128385544,0.16596318781375885,0.731016117277305,0.005189388059079647,0.0001477866608183831,0.1355663239955902,0.08215125650167465,0.2203369140625,0.006803840877914952,0.19261303544044495,0.20919190347194672,0.9163675301420545,0.006245375610888004,0.00021590401593130082,0.19806738197803497,0.08610251545906067,0.294921875,0.003425925925925926,0.3051729202270508,0.25795549154281616,1.178476341277331,0.005520366597920656,0.00012522173346951604,0.0953940823674202,0.07092379033565521,0.171630859375,0.0,0.12467386573553085,0.14378422498703003,0.8611011713928041,0.005407723132520914,0.0001792518887668848
p41002691_L17_s08,p41002691_L17,plate_41002691,Lercanidipine,0.0456431545317173,0.9614656567573548,-0.0173747409135103,test,71,390.6056338028169,0.560617563509199,0.9591206150757756,0.06472887098789215,0.12082532793283463,0.1966552734375,0.024231824417009603,0.41145047545433044,0.06950458884239197,5.835797104981336,0.008642272092401981,0.0009072741959244013,0.1329571008682251,0.07356667518615723,0.220947265625,5.1440329218106995e-05,0.1330461949110031,0.17726577818393707,0.7463361519322246,0.0058539328165352345,0.00016518193297088146,0.1598210334777832,0.0932149738073349,0.27783203125,0.009650205761316873,0.2030913531780243,0.22289714217185974,0.9070743431916372,0.007440048269927502,0.0002682118210941553,0.2280404418706894,0.08542301505804062,0.353759765625,0.004591906721536351,0.31161072850227356,0.2768067717552185,1.1216815433744733,0.005746444221585989,0.0001225000451086089,0.11399659514427185,0.08462943136692047,0.230224609375,3.429355281207133e-06,0.13420094549655914,0.15620101988315582,0.8536900434635084,0.006318570580333471,0.0002042256819549948
p41002691_L19_s08,p41002691_L19,plate_41002691,Lapatinib,0.0456431545317173,0.9218991994857788,-0.0611686259508132,test,59,411.66101694915255,0.5017061507023434,0.9562417710290853,0.06248699128627777,0.11857156455516815,0.155029296875,0.025277777777777777,0.4304751753807068,0.06791427731513977,6.24653108400421,0.00804288499057293,0.0008818244677968323,0.12850962579250336,0.06459886580705643,0.1900634765625,0.0,0.12314692884683609,0.16949254274368286,0.7223009690926729,0.005397961940616369,0.00014803129306528717,0.15323561429977417,0.08152219653129578,0.23828125,0.006505486968449932,0.19284304976463318,0.21507620811462402,0.8924770174712334,0.00669336412101984,0.00023267010692507029,0.22014941275119781,0.07655663788318634,0.314453125,0.00492798353909465,0.3015695810317993,0.26561564207077026,1.1311023565217186,0.00549500435590744,0.00011991280916845426,0.1074095070362091,0.07318542152643204,0.1915283203125,0.0,0.12432294338941574,0.14705273509025574,0.8397206800240883,0.005730864591896534,0.0001810892135836184
p41002691_L23_s08,p41002691_L23,plate_41002691,Olmesartan,0.0456431545317173,1.0966511964797974,-0.0064262710511684,test,38,455.6842105263158,0.4728398830369591,0.9628653845570184,0.04614261910319328,0.09758803248405457,0.061065673828125,0.01450960219478738,0.4077359139919281,0.06546014547348022,6.135043958858442,0.0060205175541341305,0.0005528940819203854,0.11311211436986923,0.06233232468366623,0.1761474609375,0.0,0.13567866384983063,0.17313459515571594,0.7791597283038619,0.004877022001892328,0.00012551233521662652,0.13307513296604156,0.07704965025186539,0.215576171875,0.0029526748971193417,0.20583029091358185,0.21633996069431305,0.9470430115844207,0.005898939445614815,0.0001857133029261604,0.19873006641864777,0.08082375675439835,0.28955078125,0.003017832647462277,0.3130124807357788,0.27180948853492737,1.14736654658441,0.005127565935254097,0.00010322988237021491,0.09310281276702881,0.0667760819196701,0.16943359375,0.0,0.1361735761165619,0.1525154411792755,0.8870350439701907,0.0049468232318758965,0.00014415846089832485
p41002692_A15_s08,p41002692_A15,plate_41002692,Rifampicin,100.0,0.6131716966629028,0.2050155103206634,test,53,443.37735849056605,0.49689066710583346,0.9587393407536868,0.058347031474113464,0.11494600772857666,0.1397705078125,0.022133058984910838,0.4212948977947235,0.0662490576505661,6.264695930518768,0.007804246619343758,0.000774215382989496,0.12226501107215881,0.06600838154554367,0.193359375,0.0,0.13237985968589783,0.17147676646709442,0.7675228519033815,0.005327368620783091,0.0001501567749073729,0.1471744030714035,0.08267830312252045,0.2406005859375,0.006807270233196159,0.20149506628513336,0.2162778526544571,0.9273612741634394,0.006641239393502474,0.00023511287872679532,0.21462851762771606,0.08287015557289124,0.318359375,0.003148148148148148,0.3150039315223694,0.2708461880683899,1.1587579497091276,0.005571271292865276,0.00012073018297087401,0.10463928431272507,0.07427839934825897,0.2022705078125,0.0,0.13377243280410767,0.15021055936813354,0.8846765289613707,0.005858783610165119,0.00019955560856033117
p41002692_B10_s08,p41002692_B10,plate_41002692,Pexidartinib,100.0,0.3931070268154144,0.1048232167959213,test,46,362.5217391304348,0.4369020920832577,0.9615819381001798,0.043367914855480194,0.1041395291686058,0.04302978515625,0.02154320987654321,0.4422089457511902,0.059196602553129196,7.346078133909616,0.006531171500682831,0.0007582868565805256,0.09493758529424667,0.08361922949552536,0.1954345703125,0.0,0.15591546893119812,0.20822584629058838,0.7452017601814412,0.005838788114488125,0.0002035068318946287,0.11656405031681061,0.10033832490444183,0.24365234375,0.0023593964334705075,0.22690007090568542,0.2644866704940796,0.8546571113473109,0.007036186289042234,0.00028624918195419014,0.15843814611434937,0.12667585909366608,0.31884765625,0.003374485596707819,0.3625446856021881,0.30742090940475464,1.1754867278677412,0.006923675071448088,0.00019222278206143528,0.09370513260364532,0.08579472452402115,0.2147216796875,1.7146776406035666e-05,0.16000021994113922,0.20992308855056763,0.7585713875168297,0.006587516516447067,0.0002457975933793932
p41002692_C16_s08,p41002692_C16,plate_41002692,Benzethonium (chloride),100.0,0.0163010880351066,0.6734822392463684,test,27,214.92592592592592,0.5984332913221173,0.9297964296335187,0.014384443871676922,0.023921066895127296,0.028656005859375,0.0,0.1415473073720932,0.041168369352817535,3.3567175953090422,0.002102539176121354,6.631080759689212e-05,0.047949086874723434,0.0967048928141594,0.207275390625,3.429355281207133e-06,0.34843453764915466,0.28925392031669617,1.2004473092696821,0.004901817534118891,0.0001782470935722813,0.062263406813144684,0.11256618052721024,0.233154296875,0.006090534979423868,0.4351588189601898,0.3464193642139435,1.2525462417581759,0.005598925519734621,0.00021675127209164202,0.07375609874725342,0.12847287952899933,0.3212890625,0.0032373113854595337,0.4540114402770996,0.3775526285171509,1.1993350622224777,0.0058392733335494995,0.00019698338292073458,0.06086279824376106,0.10328061878681183,0.2474365234375,4.11522633744856e-05,0.3691791594028473,0.3171602785587311,1.1603559095284686,0.00560068991035223,0.0002384227409493178
p41002692_C20_s08,p41002692_C20,plate_41002692,control,0.0,1.0351191759109497,0.0181704126298427,test,45,409.3333333333333,0.4926371363907149,0.9625498054827651,0.050617899745702744,0.10382360219955444,0.09308471530675888,0.018381344307270234,0.42079290747642517,0.06842826306819916,6.060830112703261,0.00699266791343689,0.0006614329176954925,0.12195894122123718,0.07683278620243073,0.1943359375,0.00013717421124828533,0.13054406642913818,0.17096732556819916,0.759121338881128,0.005428539589047432,0.00014681163884233683,0.14548535645008087,0.09527496248483658,0.2442626953125,0.015144032921810699,0.20237839221954346,0.2159009426832199,0.933045240449294,0.006954855751246214,0.00023801371571607888,0.2140408158302307,0.09071094542741776,0.325927734375,0.005809327846364883,0.3114173412322998,0.27380016446113586,1.1332501996240347,0.005519350990653038,0.00011100784467998892,0.10525117814540863,0.08432259410619736,0.205078125,6.858710562414266e-06,0.13488814234733582,0.1509895771741867,0.8874828449107934,0.006003236398100853,0.00020125469018239528
p41002692_D12_s08,p41002692_D12,plate_41002692,control,0.0,0.9153687953948976,-0.0007848874665796,test,54,398.5925925925926,0.5041365670911084,0.9589681874346497,0.05690376088023186,0.1124291643500328,0.125732421875,0.02412551440329218,0.4252057671546936,0.07075721770524979,5.925616694076273,0.007825156673789024,0.0008226241334341466,0.13055405020713806,0.07434451580047607,0.2060546875,0.00026406035665294924,0.1444161832332611,0.18259288370609283,0.7866110075619909,0.005807014647871256,0.00016767284250818193,0.15842458605766296,0.09127828478813171,0.264404296875,0.011766117969821674,0.21595610678195953,0.23460175096988678,0.9166150331775835,0.007171756587922573,0.0002573353995103389,0.22462289035320282,0.08835721760988235,0.341552734375,0.007534293552812071,0.33591902256011963,0.282665491104126,1.1842082773361133,0.006002879235893488,0.00014021848619449884,0.11505310237407684,0.08187995105981827,0.2144775390625,3.429355281207133e-06,0.14811593294143677,0.1684563159942627,0.8740655789215408,0.006370691582560539,0.0002262141351820901
p41002692_D21_s08,p41002692_D21,plate_41002692,Compound_f7ec0534,100.0,0.416304737329483,0.0750363171100616,test,51,413.6862745098039,0.4606001882617316,0.9608223718652408,0.05313810333609581,0.10685370862483978,0.11566772311925888,0.016796982167352537,0.40802088379859924,0.06362850219011307,6.313327246829165,0.007456749677658081,0.0007240710547193885,0.11598460376262665,0.0608571320772171,0.18017578125,0.0,0.12142171710729599,0.15325717628002167,0.787138206697627,0.00539358938112855,0.00014878116780892015,0.1373901516199112,0.07772595435380936,0.2261962890625,0.0019410150891632373,0.1885433793067932,0.1919119656085968,0.9773545083736946,0.007124470546841621,0.0002643943880684674,0.20604464411735535,0.07982367277145386,0.305419921875,0.0011694101508916324,0.2909054160118103,0.25115224719047546,1.1536895635598312,0.005537902936339378,0.00012242994853295386,0.09618563205003738,0.06782453507184982,0.1817626953125,0.0,0.12100642919540405,0.12612852454185486,0.9518432596577866,0.005897278897464275,0.0001929469726746902
p41002692_F11_s08,p41002692_F11,plate_41002692,Mitoxantrone,100.0,0.0087775094434618,0.5922452211380005,test,205,464.88780487804877,0.7430504638912561,0.9003883043704225,0.008092406205832958,0.009801731444895267,0.02102813683450222,0.0,0.018581051379442215,0.003072985913604498,4.562022008811323,0.0017691891407594085,3.2329502573702484e-05,0.031037718057632446,0.08003737777471542,0.091552734375,0.007085048010973937,0.07781340926885605,0.009157347492873669,7.660800157073433,0.004571214783936739,0.00020481835235841572,0.03927753120660782,0.08381299674510956,0.089111328125,0.011803840877914952,0.09198175370693207,0.015326145105063915,5.634015446696103,0.005406946875154972,0.00025990689755417407,0.0479527972638607,0.09736131131649017,0.1800537109375,0.00418724279835391,0.12380402535200119,0.012144776061177254,9.41849634986579,0.005597079638391733,0.00030354404589161277,0.03463202714920044,0.06390625983476639,0.0687255859375,0.0,0.07630667835474014,0.014647693373262882,4.876544838559075,0.004430638160556555,0.00020793615840375423
p41002692_G12_s08,p41002692_G12,plate_41002692,control,0.0,0.9304159879684448,-0.0414033867418766,test,51,457.54901960784315,0.45523038253697257,0.9654261823463779,0.05984264984726906,0.11821763962507248,0.14149169623851776,0.026659807956104252,0.43606069684028625,0.06552917510271072,6.554428131223275,0.00799317192286253,0.0008803680539131165,0.12417130172252655,0.06995189189910889,0.1868896484375,0.00045267489711934157,0.11736046522855759,0.16140207648277283,0.7226537232176762,0.005487775895744562,0.00015079480363056064,0.1480576992034912,0.08765880763530731,0.2357177734375,0.010840192043895748,0.18508416414260864,0.20380863547325134,0.903693165646725,0.006655927747488022,0.00022697894019074738,0.21346479654312134,0.08093081414699554,0.310791015625,0.005188614540466392,0.2897935211658478,0.2551477253437042,1.1313530923493345,0.0055055986158549786,0.00011991131759714335,0.10411563515663147,0.0776805654168129,0.1904296875,0.0,0.11699549108743668,0.13691888749599457,0.8482920157751015,0.005755321588367224,0.0001854343863669783
p41002692_G23_s08,p41002692_G23,plate_41002692,Haloperidol,100.0,0.0457684397697448,0.3756132125854492,test,64,2122.671875,0.7510388451901726,0.9108603189418893,0.01009664498269558,0.008376524783670902,0.0211181640625,0.0,0.017301667481660843,0.005872308276593685,2.5175918752929625,0.0008779095369391143,9.617260730010457e-06,0.0029934579506516457,0.012608472257852554,0.0145111083984375,0.0,0.0004844845971092582,0.0032165527809411287,0.11490063620195497,0.001406366121955216,2.6360139600001276e-05,0.013606475666165352,0.01220095157623291,0.024444580078125,0.0,0.016741177067160606,0.011486132629215717,1.340781614636121,0.0013819560408592224,3.190458664903417e-05,0.009545031003654003,0.02048138901591301,0.0169525146484375,0.0,0.010711603797972202,0.007694039028137922,1.2320629989472682,0.0017237253487110138,5.1857801736332476e-05,0.02047663740813732,0.015853378921747208,0.04315185546875,0.0,0.029307948425412178,0.012442439794540405,2.1802551377106028,0.0015608228277415037,2.915402910730336e-05
p41002692_H10_s08,p41002692_H10,plate_41002692,control,0.0,0.8407599925994873,-0.0089085875079035,test,50,410.22,0.491247324280891,0.9613580476976025,0.052703630179166794,0.10717984288930893,0.0882568359375,0.018676268861454046,0.41838905215263367,0.06505639106035233,6.333816386825813,0.007035534828901291,0.0007382968906313181,0.11699201166629791,0.05447711795568466,0.1737060546875,0.0,0.11921665817499161,0.1658315360546112,0.7145930619254552,0.005076441913843155,0.0001405978255206719,0.13895733654499054,0.06815633922815323,0.2127685546875,0.0011213991769547325,0.19147495925426483,0.21127930283546448,0.9019954215822685,0.006073708645999432,0.0002036771475104615,0.2026633471250534,0.07365836948156357,0.28173828125,0.0004149519890260631,0.29804688692092896,0.2637818455696106,1.1256318811425954,0.005491411779075861,0.00012382175191305578,0.0956709235906601,0.058974914252758026,0.1639404296875,0.0,0.12209415435791016,0.14414873719215393,0.8411658049513503,0.005374303553253412,0.000173571243067272
p41002692_I14_s08,p41002692_I14,plate_41002692,Retinoic acid,100.0,0.9310429692268372,-0.1009771898388862,test,60,450.6666666666667,0.5023663041956985,0.9605868593241531,0.06482832133769989,0.12334868311882019,0.1910400390625,0.027112482853223593,0.42720556259155273,0.06601735204458237,6.374551508799693,0.008463197387754917,0.0009223782108165324,0.12460754066705704,0.05476153641939163,0.1807861328125,0.0,0.12305206805467606,0.16053088009357452,0.7617866502268311,0.005156464409083128,0.00014470664609689265,0.14992812275886536,0.07008493691682816,0.2310791015625,0.0015946502057613168,0.19203709065914154,0.2040664106607437,0.9364629245734567,0.00646617729216814,0.00023495842469856143,0.21756120026111603,0.07065146416425705,0.307861328125,0.0010150891632373113,0.3015708327293396,0.2570386230945587,1.1687042393604326,0.0053098066709935665,0.00012115151184843853,0.10308413952589035,0.0631100982427597,0.1776123046875,0.0,0.1247859075665474,0.13628016412258148,0.9089871676954173,0.00555007066577673,0.00018384221766609699
p41002692_I22_s08,p41002692_I22,plate_41002692,Domperidone,100.0,0.1034492179751396,0.2537577152252197,test,3,283.6666666666667,0.6015455911264005,0.932492758412523,0.012900887988507748,0.014270729385316372,0.0220184326171875,0.0,0.18892861902713776,0.0548175647854805,3.3847520892972147,0.0009602884529158473,1.8566732251201756e-05,0.010324688628315926,0.0477442592382431,0.0193023681640625,0.0,0.4068920612335205,0.37359142303466797,1.086228985002316,0.0019025788642466068,4.5462635171134025e-05,0.023017004132270813,0.05446883291006088,0.0318603515625,0.0033882030178326475,0.47339555621147156,0.45493653416633606,1.0382926585978873,0.00196914398111403,5.888538726139814e-05,0.01801406219601631,0.061142269521951675,0.01934814453125,0.002503429355281207,0.5247118473052979,0.44289013743400574,1.1820759306311646,0.002100795041769743,6.678853242192417e-05,0.033211130648851395,0.05165719613432884,0.06463623046875,2.05761316872428e-05,0.40438467264175415,0.41335737705230713,0.9759321181114291,0.0022251224145293236,6.133686838438734e-05
p41002692_J14_s08,p41002692_J14,plate_41002692,Compound_0a440abe,100.0,0.3473385870456695,-0.0901455879211425,test,51,430.4313725490196,0.48471682787449605,0.9631471920041281,0.05467352643609047,0.11308775842189789,0.100341796875,0.021796982167352538,0.4284804165363312,0.060667674988508224,6.948217467517278,0.007485006470233202,0.0008284181240014732,0.111885204911232,0.05528325214982033,0.1676025390625,2.7434842249657064e-05,0.11890849471092224,0.1560092270374298,0.7573344379472383,0.005209500435739756,0.0001453311851946637,0.1327739804983139,0.06955806165933609,0.205322265625,0.0023834019204389575,0.18828673660755157,0.19793561100959778,0.9464707482586793,0.006349359173327684,0.000221834794501774,0.19845668971538544,0.07037869840860367,0.274658203125,0.001138545953360768,0.2920907139778137,0.24986279010772705,1.1643445161890382,0.005502632819116116,0.00012213697482366115,0.09163457900285721,0.060110099613666534,0.154052734375,0.0,0.12044638395309448,0.1321381777524948,0.9046720180969091,0.005413735285401344,0.00017903363914228976
p41002692_J22_s08,p41002692_J22,plate_41002692,Compound_567dbb1e,100.0,0.4144238233566284,0.0019230125471949,test,40,380.85,0.4483901162736189,0.9601521732265237,0.04140954464673996,0.09589479118585587,0.04638671875,0.01642661179698217,0.4216114580631256,0.06251281499862671,6.638210856694697,0.005906409118324518,0.0006539561436511576,0.10038548707962036,0.08077753335237503,0.1917724609375,0.0,0.14431940019130707,0.19015930593013763,0.7549692623599031,0.005320309195667505,0.00015380961121991277,0.12020884454250336,0.09739499539136887,0.237548828125,0.002551440329218107,0.2155114859342575,0.24125686287879944,0.8895990948338063,0.006267386022955179,0.00021983074839226902,0.16934917867183685,0.11591755598783493,0.310791015625,0.003984910836762689,0.3335712254047394,0.28670936822891235,1.1594034197014316,0.0061681997030973434,0.00014218318392522633,0.09032867103815079,0.0827244222164154,0.20068359375,0.0,0.14436586201190948,0.1788177192211151,0.8028455851694359,0.005675572901964188,0.0001854786678450182
p41002692_J24_s08,p41002692_J24,plate_41002692,Avapritinib,100.0,0.2482781112194061,0.1833523213863372,test,21,399.76190476190476,0.48662384977199724,0.957743542333269,0.02782711386680603,0.07225782424211502,0.0340576171875,0.008906035665294925,0.41074109077453613,0.07157187908887863,5.659783044497199,0.0038342783227562904,0.00033103564055636525,0.07103870809078217,0.091095469892025,0.197509765625,0.00048353909465020576,0.20509257912635803,0.23396919667720795,0.8728487905080881,0.004715480841696262,0.00013280224811751395,0.0874088779091835,0.10829002410173416,0.2427978515625,0.005631001371742113,0.27445584535598755,0.30261582136154175,0.9039576532119159,0.005569491535425186,0.000194109306903556,0.11342469602823257,0.13007454574108124,0.303955078125,0.005397805212620028,0.41095685958862305,0.335427463054657,1.2215318448061947,0.005661215167492628,0.00013139926886651665,0.0778767466545105,0.09037461876869202,0.21485595405101776,0.0,0.20504038035869598,0.24558784067630768,0.8315105067481796,0.005284450948238373,0.00018080171139445156
p41002692_K10_s08,p41002692_K10,plate_41002692,Lapatinib,100.0,0.045141477137804,0.1129469126462936,test,37,4224.513513513513,0.7938476133461801,0.8989244585090385,0.011497780680656433,0.00829553883522749,0.021575927734375,0.0,0.017799342051148415,0.007363015785813332,2.1283401235882478,0.0007596406503580511,7.5299644777260255e-06,0.00042644457425922155,0.012227082625031471,0.0104522705078125,0.0,-0.002542047528550029,-0.0011945583391934633,13.06573410879237,0.0012671963777393103,2.1814743377035484e-05,0.012775733135640621,0.01198104303330183,0.022491455078125,0.0,0.014568372629582882,0.010116269811987877,1.3105450727610288,0.0012497868156060576,2.923882129834965e-05,0.006068503484129906,0.017296424135565758,0.01373291015625,0.0,0.005099410656839609,0.004249617923051119,0.9713870097951418,0.00136951741296798,4.0039991290541366e-05,0.021188482642173767,0.01597273163497448,0.043365478515625,0.0,0.028663868084549904,0.012748582288622856,2.0848599137577737,0.0014860767405480146,3.000958895427175e-05
p41002692_K11_s08,p41002692_K11,plate_41002692,Duvelisib,100.0,0.3636396825313568,0.0506652146577835,test,10,284.1,0.4838174588810483,0.9626374517091916,0.017289292067289352,0.03985700011253357,0.0234375,0.0017695473251028806,0.37781333923339844,0.05418994277715683,6.845691809446407,0.002038312377408147,0.00013546927948482335,0.03258129209280014,0.06527606397867203,0.135498046875,0.0,0.24412767589092255,0.2439417690038681,0.9966763810180015,0.0032327622175216675,9.836356912273914e-05,0.045913975685834885,0.07597757130861282,0.1558837890625,0.0004218106995884774,0.3124566972255707,0.3029188811779022,1.0280924173403716,0.0036279698833823204,0.00013146027049515396,0.05275014787912369,0.09787742793560028,0.2178955078125,0.0022359396433470507,0.44607555866241455,0.34545621275901794,1.2875380559929175,0.0040049743838608265,0.0001228253822773695,0.05176052451133728,0.06513594090938568,0.11492919921875,0.0,0.24155323207378387,0.2641173005104065,0.9111183299194099,0.003728069132193923,0.00012106907524866983
p41002692_K13_s08,p41002692_K13,plate_41002692,Olmesartan,100.0,0.797499418258667,-0.0738981887698173,test,75,415.85333333333335,0.48762956074941116,0.9592742248421666,0.07337063550949097,0.13193266093730927,0.25341796875,0.03313443072702332,0.4292762279510498,0.07105173915624619,5.957888497599654,0.009895967319607735,0.0011430567828938365,0.1312274932861328,0.060514338314533234,0.19287109375,0.0,0.12942691147327423,0.1697072684764862,0.7581804373555536,0.005546056665480137,0.00016028498066589236,0.1592450886964798,0.07768364995718002,0.2491455078125,0.0052091906721536355,0.2005375474691391,0.21677078306674957,0.9208652540302973,0.00721355527639389,0.0002717121969908476,0.22882777452468872,0.07448100298643112,0.326416015625,0.0040637860082304526,0.3145318925380707,0.26850762963294983,1.1670611810375857,0.005688259843736887,0.00013056547322776169,0.11124170571565628,0.06974437087774277,0.196044921875,0.0,0.13225959241390228,0.1475500762462616,0.890336752130955,0.006082906387746334,0.00020643649622797966
p41002692_K14_s08,p41002692_K14,plate_41002692,Sunitinib,100.0,0.0125392992049455,0.5516267418861389,test,27,7694.555555555556,0.8373278285676198,0.9189819430180904,0.013772325590252876,0.009116213768720627,0.0223541259765625,0.0,0.018058668822050095,0.00594053789973259,2.60191199629439,0.0008698547026142478,1.1490282304293942e-05,0.008824859745800495,0.0405542328953743,0.0185546875,0.0,0.010888601653277874,0.0010633965721353889,5.277028080941982,0.0020804544910788536,5.855807467014529e-05,0.022477753460407257,0.0465242899954319,0.031646728515625,0.00048010973936899864,0.027656786143779755,0.010852065868675709,2.333499193324175,0.0021543274633586407,6.197003676788881e-05,0.017599055543541908,0.05370428040623665,0.019012451171875,0.0,0.020657097920775414,0.012546872720122337,1.524861002797468,0.002341552171856165,9.073348337551579e-05,0.03394433856010437,0.0451044961810112,0.06390380859375,3.429355281207133e-06,0.04273384436964989,0.012545470148324966,3.154843936881316,0.002580656437203288,7.771937816869467e-05
p41002692_K16_s08,p41002692_K16,plate_41002692,Tadalafil,100.0,0.6156795620918274,0.0614968128502368,test,57,388.50877192982455,0.49348730259743484,0.9598060153350995,0.05466267839074135,0.10850803554058075,0.11627197265625,0.01868312757201646,0.4066028892993927,0.0676019936800003,5.926983568378867,0.0073511796072125435,0.0007284888997673988,0.12226259708404541,0.06805945187807083,0.1805419921875,9.259259259259259e-05,0.13101786375045776,0.17259502410888672,0.7547328296015984,0.005121768917888403,0.00013741175644099712,0.14551503956317902,0.0845089852809906,0.2274169921875,0.00612482853223594,0.20367224514484406,0.2190246284008026,0.9256793051995497,0.006553627550601959,0.00022480897314380854,0.20871050655841827,0.090023934841156,0.303955078125,0.004660493827160494,0.31161731481552124,0.27498263120651245,1.1291192980269256,0.00558516476303339,0.0001161158797913231,0.1018325462937355,0.07231519371271133,0.1787109375,0.0,0.13433869183063507,0.1505286544561386,0.8865563567022939,0.005593326408416033,0.00017755210865288973
p41002692_K21_s08,p41002692_K21,plate_41002692,Thalidomide,100.0,0.95925635099411,-0.0251559875905513,test,44,434.20454545454544,0.4840004560299149,0.9621184725275435,0.05114606022834778,0.10935001820325851,0.06634521484375,0.02411522633744856,0.4410308599472046,0.06279461830854416,6.9132925572835715,0.00693600345402956,0.0007625056314282119,0.11099740117788315,0.04875867813825607,0.1656494140625,0.0,0.11068782955408096,0.15197573602199554,0.723564615097951,0.004900326021015644,0.00013220173423178494,0.13059864938259125,0.06098783761262894,0.1986083984375,0.000720164609053498,0.17916414141654968,0.19238649308681488,0.9264563339287584,0.005926603451371193,0.00020376032625790685,0.19636832177639008,0.06522640585899353,0.265380859375,0.00016117969821673525,0.28367137908935547,0.24592596292495728,1.1488114725933676,0.0051748245023190975,0.0001130175223806873,0.08921100944280624,0.051526762545108795,0.149658203125,0.0,0.11105861514806747,0.12514086067676544,0.8804333072742697,0.005131351295858622,0.00016455606964882463
p41002692_L16_s08,p41002692_L16,plate_41002692,Sorafenib,100.0,0.0200628787279129,0.4676818251609802,test,15,13024.4,0.7647725211219445,0.9116394081803779,0.013783198781311512,0.008574727922677994,0.0220489501953125,0.0,0.018827514722943306,0.006249194499105215,2.5971871392424677,0.000685820821672678,7.967458259372506e-06,0.009706255979835987,0.022934168577194214,0.0306549072265625,6.858710562414266e-06,0.012983007356524467,0.0006012338562868536,8.108126933208325,0.0014067079173400998,2.2788844944443554e-05,0.02098965458571911,0.024676211178302765,0.038360595703125,0.0007338820301783265,0.02609839104115963,0.010769265703856945,2.217503767682536,0.0012902281014248729,2.8684216886176728e-05,0.01260400004684925,0.02581622824072838,0.024322509765625,0.00015432098765432098,0.01513848826289177,0.006723360624164343,1.9600908205072625,0.001349048689007759,3.574850779841654e-05,0.039739806205034256,0.03345375135540962,0.0826416015625,3.429355281207133e-05,0.05322442203760147,0.011623748578131199,4.216213726705949,0.001845359685830772,3.7644491385435686e-05
p41002692_L18_s08,p41002692_L18,plate_41002692,Lercanidipine,100.0,0.9034565091133118,-0.0955613851547241,test,44,392.6136363636364,0.4253283828248248,0.9603699965744618,0.04598843306303024,0.10708609223365784,0.0487060546875,0.02362482853223594,0.449765682220459,0.058928314596414566,7.505061426295607,0.006800718139857054,0.0008018481312319636,0.10322750359773636,0.07004406303167343,0.1824951171875,8.916323731138545e-05,0.13331572711467743,0.1768224984407425,0.7497123720770548,0.005531793925911188,0.00017095849034376442,0.12344176322221756,0.08489992469549179,0.2249755859375,0.004180384087791495,0.2037966400384903,0.22603733837604523,0.8976349066466722,0.006634842604398727,0.00024693665909580886,0.1767486333847046,0.10077431797981262,0.29541015625,0.0013991769547325103,0.32659658789634705,0.26998934149742126,1.2052008617447965,0.006318247877061367,0.00015317616635002196,0.08991710096597672,0.07197299599647522,0.182861328125,6.858710562414266e-06,0.1363326460123062,0.1626843959093094,0.8328994664087734,0.0059193894267082214,0.00020904267148580402
p41002692_L20_s08,p41002692_L20,plate_41002692,control,0.0,1.000636100769043,-0.0143243875354528,test,49,460.8979591836735,0.45215758191582295,0.9644362882317709,0.056927915662527084,0.11689642816781998,0.1131591796875,0.02636145404663923,0.4372948110103607,0.0624680332839489,6.890000971890093,0.007636810187250376,0.0008533885702490807,0.11836036294698715,0.057724371552467346,0.178955078125,0.0,0.12489156424999237,0.16446085274219513,0.7548103504856594,0.005152519326657057,0.00014301396731752902,0.14078471064567566,0.07187578082084656,0.2210693359375,0.0018484224965706448,0.19303736090660095,0.20690606534481049,0.9284835465788364,0.006386969704180956,0.00023042396060191095,0.207830548286438,0.07470130175352097,0.298095703125,0.002681755829903978,0.30356690287590027,0.2583238184452057,1.1706094129569629,0.005466130096465349,0.0001262257428606972,0.0985875353217125,0.06490154564380646,0.1749267578125,0.0,0.12561450898647308,0.14168906211853027,0.8803373371543115,0.005502467509359121,0.00018198919133283198
p41002692_M10_s08,p41002692_M10,plate_41002692,Raltegravir,100.0,0.9529867172241212,-0.136179894208908,test,50,419.86,0.42881103318536845,0.9603146208923111,0.053441647440195084,0.10860031098127365,0.107177734375,0.01799039780521262,0.41732484102249146,0.06307581812143326,6.51298498025571,0.0073651717975735664,0.0007419156027026474,0.11776582896709442,0.0793827474117279,0.2005615234375,6.858710562414266e-06,0.12197039276361465,0.16069597005844116,0.7543193112328733,0.005600116215646267,0.0001476534380344674,0.14187945425510406,0.09801988303661346,0.252197265625,0.01386488340192044,0.18889854848384857,0.20081393420696259,0.9360034985995113,0.007140656001865864,0.00024451487115584314,0.2059352695941925,0.09492228925228119,0.3354736268520355,0.00492798353909465,0.2940610647201538,0.2568008005619049,1.1406522558472112,0.005558292381465435,0.00011375225585652515,0.10238585621118546,0.08654081076383591,0.2083740234375,3.429355281207133e-06,0.12157139927148819,0.13559748232364655,0.8899973645447111,0.005998330190777779,0.0001917068293550983
p41002692_M18_s08,p41002692_M18,plate_41002692,Compound_fdb8d1f5,100.0,0.559879720211029,-0.0576507896184921,test,55,406.45454545454544,0.469724075140041,0.9599548739360462,0.055270008742809296,0.11333642899990082,0.1197509765625,0.02306241426611797,0.4216914474964142,0.06625939160585403,6.269629228399258,0.0079274233430624,0.0008424250991083682,0.11677603423595428,0.07257585227489471,0.193603515625,1.7146776406035666e-05,0.14069007337093353,0.17700739204883575,0.7903608482300312,0.005584866739809513,0.000161890551680699,0.14238286018371582,0.0891423225402832,0.245361328125,0.004845679012345679,0.21200574934482574,0.22393877804279327,0.9425042279926181,0.0069982088170945644,0.00025555217871442437,0.20695757865905762,0.09174136072397232,0.3251953125,0.003487654320987654,0.3263794481754303,0.27546581625938416,1.1805417848448088,0.006004014052450657,0.00013528630370274186,0.1002756655216217,0.07839812338352203,0.19580078125,0.0,0.14251898229122162,0.1571618914604187,0.9010955861443283,0.005959332454949617,0.00020359571499284357
p41002692_M21_s08,p41002692_M21,plate_41002692,Vitamin K1,100.0,0.6420121192932129,-0.0305717885494232,test,28,398.35714285714283,0.4998286176734922,0.9573532766224547,0.03444679081439972,0.0839153379201889,0.034576416015625,0.012822359396433471,0.42825666069984436,0.062315866351127625,6.7638126962503025,0.004884928930550814,0.00045919534750282764,0.0889064371585846,0.062212735414505005,0.165283203125,3.429355281207133e-05,0.13094031810760498,0.17025326192378998,0.7646004323460723,0.004622029606252909,0.00012860307469964027,0.10435689985752106,0.07454950362443924,0.1968994140625,0.0007338820301783265,0.20075127482414246,0.21831505000591278,0.9153556712990292,0.0054993946105241776,0.0001781367027433589,0.1565871238708496,0.09314417093992233,0.2607421875,0.0006995884773662552,0.3152047097682953,0.26728424429893494,1.174890872149314,0.005506609566509724,0.0001192396812257357,0.07512883841991425,0.061036042869091034,0.150634765625,1.7146776406035666e-05,0.1327821910381317,0.15449686348438263,0.8539219895677685,0.0049325525760650635,0.00015979680756572634
p41002692_O13_s08,p41002692_O13,plate_41002692,Lopinavir,100.0,0.5366820096969604,0.2564656138420105,test,20,359.85,0.43467254951297274,0.9562635014964025,0.025719719007611275,0.0677296593785286,0.0294342041015625,0.007664609053497942,0.42181888222694397,0.06128127872943878,6.772803815724497,0.0034164199605584145,0.0003275330818723887,0.05755620077252388,0.07882797718048096,0.1768798828125,0.0,0.1809128224849701,0.22853399813175201,0.7881744053494268,0.004275172017514706,0.00013041829515714198,0.07237572222948074,0.09162389487028122,0.2086181640625,0.0004286694101508916,0.2505972981452942,0.2913888692855835,0.8570685291734876,0.004840970505028963,0.00017204036703333259,0.09265656024217606,0.11912652105093002,0.270751953125,0.00296639231824417,0.38028430938720703,0.32705527544021606,1.1592080294301168,0.005101795308291912,0.00014174837269820273,0.06869636476039886,0.0760204941034317,0.176025390625,6.858710562414266e-06,0.18233977258205414,0.23933084309101105,0.7587031703334215,0.004881571978330612,0.0001711844961391762
p41002692_O14_s08,p41002692_O14,plate_41002692,Tenapanor (hydrochloride),100.0,0.1109727919101715,0.1562733203172683,test,58,419.94827586206895,0.49588712836731713,0.9657252382338382,0.058819886296987534,0.11424309015274048,0.1483154296875,0.021111111111111112,0.41174647212028503,0.06731520593166351,6.0271570070675,0.007895927876234055,0.000829825468827039,0.11989609897136688,0.05938420817255974,0.1851806640625,6.858710562414266e-06,0.13055461645126343,0.1748857945203781,0.7422692481065455,0.005577737931162119,0.00016707340546417981,0.14385686814785004,0.07578419893980026,0.2342529296875,0.001752400548696845,0.20220635831356049,0.22332189977169037,0.901411580943998,0.00696547981351614,0.0002558678388595581,0.20868317782878876,0.08088848739862442,0.304443359375,0.0023662551440329217,0.31154900789260864,0.2737177014350891,1.1340696513734558,0.0058233849704265594,0.0001335319539066404,0.10267754644155502,0.06655232608318329,0.1890869140625,0.0,0.13347700238227844,0.15698498487472534,0.8448714445117643,0.00624481588602066,0.00021973731054458767
p41002692_P17_s08,p41002692_P17,plate_41002692,Rivaroxaban,100.0,0.4125429391860962,0.2077234089374542,test,45,371.77777777777777,0.5387382066687817,0.9593142264091592,0.0447874590754509,0.09954393655061722,0.0709228515625,0.01563100137174211,0.4184216558933258,0.06585633009672165,6.258519653830707,0.006620581727474928,0.0006223487434908748,0.10629168897867203,0.08531706035137177,0.2210693359375,0.0,0.1822018176317215,0.2168988585472107,0.8361760995285115,0.006379740312695503,0.00019879467436112463,0.12922266125679016,0.10449512302875519,0.2727294862270355,0.0019410150891632373,0.25102660059928894,0.2745564579963684,0.9109806477574816,0.00789369735866785,0.00029590073972940445,0.18084318935871124,0.1219247505068779,0.3505859375,0.006001371742112483,0.3816262483596802,0.31943023204803467,1.1909807820582665,0.007879417389631271,0.00018319372611586004,0.09803048521280289,0.0919598862528801,0.2376708984375,0.0,0.1829058676958084,0.21420569717884064,0.8499118289782526,0.0070140003226697445,0.00026150839403271675
p41002692_P23_s08,p41002692_P23,plate_41002692,Oxyphenbutazone,100.0,0.5548639893531799,0.3404105305671692,test,14,338.2857142857143,0.44050284435069287,0.9640329189005378,0.02075040340423584,0.055740512907505035,0.0263824462890625,0.004862825788751714,0.4179534912109375,0.06637676805257797,6.203228550303635,0.002880626590922475,0.00021073785319458693,0.04671353101730347,0.08415861427783966,0.16064453125,0.00010973936899862826,0.19735398888587952,0.25064918398857117,0.7842425147495908,0.003966987133026123,0.00011688820814015344,0.0612105093896389,0.0967831239104271,0.18701171875,0.005631001371742113,0.25641417503356934,0.31346020102500916,0.8154105804097499,0.004571961704641581,0.00017291103722527623,0.08016170561313629,0.1192832961678505,0.258056640625,0.0070233196159122085,0.388796329498291,0.34679272770881653,1.1178966623586335,0.004684767220169306,0.00012070408411091194,0.05729074403643608,0.08509154617786407,0.1529541015625,2.7434842249657064e-05,0.19030673801898956,0.2656136453151703,0.7137921909211491,0.004523361101746559,0.00017010145529638976
p41002693_A14_s08,p41002693_A14,plate_41002693,Prazosin,100.0,0.0293526668101549,0.5924547910690308,test,1,665.0,0.6127006789407128,0.9708029197080292,0.011526274494826794,0.013604036532342434,0.021728515625,0.0,0.2152015119791031,0.03967667743563652,5.290538105518095,0.0009461633744649589,1.6525222235941328e-05,0.005509865935891867,0.034576166421175,0.0133056640625,0.00014746227709190672,0.12377305328845978,0.15848012268543243,0.7761033237514916,0.0017559266416355968,4.285610339138657e-05,0.01765388250350952,0.0385703481733799,0.0252838134765625,0.0012448559670781892,0.18111710250377655,0.18500448763370514,0.973724369814382,0.0017991658532992005,5.404683179222047e-05,0.013280628249049187,0.0476941354572773,0.01538848876953125,0.000360082304526749,0.2228253185749054,0.2704213857650757,0.8209571178292052,0.0019723393488675356,6.27111439825967e-05,0.02443559095263481,0.03579475358128548,0.04595947265625,2.7434842249657064e-05,0.11911565810441971,0.15281061828136444,0.7744306565787445,0.0019053530413657427,5.4490024922415614e-05
p41002693_A22_s08,p41002693_A22,plate_41002693,Istradefylline,100.0,0.2491853982210159,0.223704531788826,test,53,468.3207547169811,0.4889259975935816,0.9635447853391785,0.060781463980674744,0.12284163385629654,0.1517333984375,0.030209190672153635,0.4391074478626251,0.06945076584815979,6.232827174782158,0.008096998557448387,0.0008598796557635069,0.11483080685138702,0.06265786290168762,0.18310546875,0.0,0.12935888767242432,0.171742781996727,0.7488526361401041,0.005108047742396593,0.0001451760035706684,0.13997061550617218,0.07823621481657028,0.2327880859375,0.0012791495198902607,0.19918912649154663,0.22022129595279694,0.9004066522331945,0.006452721077948809,0.00022968041594140232,0.20414145290851593,0.085739865899086,0.309814453125,0.001416323731138546,0.3197024166584015,0.2716066539287567,1.1727608701068346,0.005639036186039448,0.0001269317144760862,0.09848040342330933,0.0680694505572319,0.181640625,0.0,0.13177669048309326,0.15237590670585632,0.8591746468747145,0.005700844340026379,0.00019892716954927891
p41002693_B12_s08,p41002693_B12,plate_41002693,control,0.0,1.0117301940917969,0.0297692120075225,test,58,459.2241379310345,0.5166739354757869,0.9620079424549968,0.0637764260172844,0.12112278491258621,0.1768798828125,0.02620713305898491,0.42239028215408325,0.0653049424290657,6.370419258051004,0.00837228074669838,0.0009133651619777083,0.12685444951057434,0.05484539642930031,0.177978515625,0.0,0.12408395111560822,0.16767044365406036,0.735659125733385,0.005427569150924683,0.0001571448374306783,0.1515902727842331,0.07064159214496613,0.2255859375,0.0026131687242798352,0.19467350840568542,0.21134471893310547,0.9167805509070043,0.0069425068795681,0.0002568177005741745,0.2212086021900177,0.06969722360372543,0.300537109375,0.0028257887517146776,0.30413126945495605,0.26632389426231384,1.137688309884206,0.005644707009196281,0.00013013463467359543,0.10569880157709122,0.06415263563394547,0.1761474609375,0.0,0.1260911375284195,0.14644506573677063,0.8551736668728293,0.006045353598892689,0.00020598153059836477
p41002693_B17_s08,p41002693_B17,plate_41002693,Tolterodine,100.0,0.5502063632011414,0.2592138051986694,test,41,338.609756097561,0.47956506364475165,0.9565419592045451,0.039383795112371445,0.09584031254053116,0.04278564453125,0.018700274348422495,0.43869125843048096,0.06837521493434906,6.323458007958922,0.0056144907139241695,0.0005809044814668596,0.09903945028781891,0.0871955156326294,0.198486328125,1.3717421124828532e-05,0.16764086484909058,0.2179882824420929,0.7655243603886426,0.0053222766146063805,0.0001654349034652114,0.11753209680318832,0.10515957325696945,0.2486572265625,0.005034293552812072,0.23772236704826355,0.2790321707725525,0.8489109176007718,0.006473940797150135,0.0002443174016661942,0.16027694940567017,0.12487313896417618,0.3203125,0.006467764060356653,0.37204259634017944,0.315021812915802,1.177268723660234,0.0065947663970291615,0.00015509284276049584,0.09146127849817276,0.08943935483694077,0.214111328125,3.429355281207133e-06,0.1700768619775772,0.21568793058395386,0.7848931018872894,0.005926051642745733,0.00022329621424432844
p41002693_C11_s08,p41002693_C11,plate_41002693,Loratadine,100.0,0.640762448310852,0.0652784928679466,test,47,386.8085106382979,0.4601214008030259,0.9582660097066819,0.04825233668088913,0.10433895885944366,0.0701904296875,0.018580246913580248,0.42760738730430603,0.06349769234657288,6.6298090946664265,0.006575751584023237,0.0007158559164963663,0.11223826557397842,0.08017603307962418,0.1868896484375,1.02880658436214e-05,0.1327451765537262,0.1908782720565796,0.6918197413961666,0.00524302339181304,0.000152126100147143,0.13542252779006958,0.09604763239622116,0.2353515625,0.006868998628257888,0.2061026394367218,0.24349364638328552,0.8429774862681737,0.006300567649304867,0.00022292764333542436,0.18608076870441437,0.11463537812232971,0.306640625,0.005404663923182442,0.32473427057266235,0.291439950466156,1.1104306031204987,0.005640117917209864,0.00012488426000345498,0.10350807011127472,0.08088567107915878,0.19580078125,7.887517146776407e-05,0.1378042846918106,0.1799192875623703,0.7616892955335335,0.005984773393720388,0.00020120982662774622
p41002693_C15_s08,p41002693_C15,plate_41002693,Ethacrynic acid,100.0,0.0518355593085289,0.5460195541381836,test,80,1409.9,0.7368969081898001,0.9096445887094727,0.009152575396001339,0.008929477073252201,0.02056884765625,0.0,0.017512967810034752,0.005662292242050171,2.628670009324828,0.000968324311543256,1.3402159311226569e-05,0.003775958437472582,0.024033335968852043,0.01232147216796875,0.0,0.0011976093519479036,0.002292661229148507,0.3637207925753143,0.0017283062916249037,4.745499245473184e-05,0.014446607790887356,0.02677900157868862,0.0205841064453125,0.00018861454046639232,0.019665248692035675,0.01170316431671381,1.548059066366772,0.0017449453007429838,5.451538163470104e-05,0.010059360414743423,0.033605270087718964,0.015167236328125,0.0,0.013305330649018288,0.005957807879894972,1.9122877318106017,0.002061550272628665,8.312176214531064e-05,0.019212232902646065,0.024561094120144844,0.034210205078125,0.0,0.02915392443537712,0.013264341279864311,2.043832509569236,0.0017905650893226266,5.014779890188947e-05
p41002693_C21_s08,p41002693_C21,plate_41002693,Isradipine,100.0,0.6757358312606812,0.0543525628745555,test,46,358.8478260869565,0.5071480861537623,0.9601519718977554,0.04287189245223999,0.09709477424621582,0.050201416015625,0.013628257887517146,0.41316452622413635,0.06319909542798996,6.435675198688267,0.006217246875166893,0.0006432512891478837,0.09658132493495941,0.0640290230512619,0.16845703125,0.0,0.12108062952756882,0.17006926238536835,0.7077871725126753,0.004769159015268087,0.00013226836745161563,0.1163308322429657,0.07955368608236313,0.2103271484375,0.0014026063100137174,0.19460903108119965,0.21919463574886322,0.8838045959627985,0.005912173539400101,0.00020165005116723478,0.17086546123027802,0.09602368623018265,0.27880859375,0.001882716049382716,0.2999325394630432,0.27042895555496216,1.10501305525714,0.005359235219657421,0.00010823553748195991,0.08339538425207138,0.06476183235645294,0.1646728515625,0.0,0.12637090682983398,0.15422816574573517,0.8140977909693942,0.005315140821039677,0.00017555970407556742
p41002693_C24_s08,p41002693_C24,plate_41002693,Fluspirilene,100.0,0.0955522954463958,0.611575186252594,test,69,1680.0289855072465,0.7064359270692158,0.9239303703828745,0.009255998767912388,0.00798613578081131,0.0204010009765625,0.0,0.01715678907930851,0.0062677133828401566,2.360685978593695,0.000850068056024611,8.967255780589767e-06,0.0025442508049309254,0.01676538586616516,0.01194000244140625,0.0,-0.0012922671157866716,0.0015717432834208012,-0.5024868244499755,0.0014576727990061045,2.9255503250169568e-05,0.012830238789319992,0.016895830631256104,0.0198211669921875,0.0,0.015786167234182358,0.011464372277259827,1.2665031886910871,0.0014149092603474855,3.600131822167896e-05,0.008577153086662292,0.026428984478116035,0.01486968994140625,0.0,0.009341707453131676,0.0069011808373034,1.1823178896282436,0.0016332068480551243,4.977207208867185e-05,0.01865130476653576,0.016540929675102234,0.03448486328125,0.0,0.02703271433711052,0.012805686332285404,1.958085508135364,0.0014969994081184268,3.236641350667924e-05
p41002693_D10_s08,p41002693_D10,plate_41002693,Compound_255ef47f,100.0,0.0193602684885263,0.4558806121349334,test,61,3075.1803278688526,0.8690745418040082,0.9078448921544995,0.01295376569032669,0.008671190589666367,0.021942138671875,0.0,0.018322983756661415,0.0056830113753676414,2.7417256574179394,0.0007654571090824902,7.893180736573413e-06,0.007205117493867874,0.024632005020976067,0.0222015380859375,0.0,0.008142415434122086,0.007077045738697052,1.0080932679521484,0.0014676228165626526,2.149302963516675e-05,0.017993513494729996,0.022415729239583015,0.03240966796875,0.0,0.021765263751149178,0.012697585858404636,1.5889853859024605,0.0015075498959049582,3.028655737580266e-05,0.01598837412893772,0.04274130240082741,0.0215911865234375,0.0,0.018051069229841232,0.0235836673527956,0.7342708055227775,0.0015489970101043582,3.279008888057433e-05,0.031101325526833534,0.027425551787018776,0.06573486328125,0.0,0.04143326357007027,0.012651634402573109,3.0350405195630477,0.0018161613261327147,2.9730417736573145e-05
p41002693_D12_s08,p41002693_D12,plate_41002693,control,0.0,0.8755837678909302,-0.0494438037276268,test,45,453.0,0.43378090497008304,0.9645159509197848,0.052768245339393616,0.11482744663953781,0.07037963718175888,0.02757201646090535,0.4496053159236908,0.060506585985422134,7.309872735096257,0.007281946483999491,0.0008642685716040432,0.10711920261383057,0.045490190386772156,0.1595458984375,0.0,0.1123652383685112,0.14876015484333038,0.7503012966704036,0.004903858527541161,0.00013785508053842932,0.1265258491039276,0.05681886523962021,0.193115234375,0.0007338820301783265,0.1793007105588913,0.18883287906646729,0.9445187337442831,0.0057791294530034065,0.0002031899493886158,0.1929660141468048,0.059516146779060364,0.260009765625,0.0002503429355281207,0.28763091564178467,0.23726807534694672,1.2071735385571893,0.004998954478651285,0.00011533484939718619,0.08557609468698502,0.047296009957790375,0.1395263671875,0.0,0.11239467561244965,0.1218734085559845,0.9147192784290634,0.004911048803478479,0.0001613781350897625
p41002693_E19_s08,p41002693_E19,plate_41002693,Irinotecan,100.0,0.4708917140960693,0.163611888885498,test,36,413.1111111111111,0.4838475253446633,0.9616832215256229,0.042324747890233994,0.10365397483110428,0.04812927171587944,0.02345679012345679,0.46209049224853516,0.06720876693725586,6.774649550161268,0.006349509581923485,0.0006662469822913408,0.09734375774860382,0.09143595397472382,0.2120361328125,0.0,0.1742374449968338,0.222459077835083,0.7797286495804135,0.006042047403752804,0.0001981413079192862,0.11906611919403076,0.10975237190723419,0.26513671875,0.004838820301783265,0.23635776340961456,0.28627920150756836,0.8227458241643286,0.007385740987956524,0.0002852306643035263,0.1609533280134201,0.1298283189535141,0.34228515625,0.0060459533607681755,0.38537442684173584,0.32056987285614014,1.1984158323629397,0.007218027487397194,0.00017844491230789572,0.09606609493494034,0.09702850133180618,0.23583984375,2.05761316872428e-05,0.17134833335876465,0.22871875762939453,0.7459048408889668,0.007049550302326679,0.0002799856010824442
p41002693_E21_s08,p41002693_E21,plate_41002693,Gabapentin enacarbil,100.0,0.9911208748817444,-0.0467123202979564,test,50,402.38,0.4795586722641585,0.9564022248056083,0.052853941917419434,0.1103004515171051,0.08428955078125,0.02260631001371742,0.43396273255348206,0.06586238741874695,6.490386438576483,0.0070285433903336525,0.000770517042838037,0.11936099082231522,0.06490274518728256,0.177978515625,2.400548696844993e-05,0.12538132071495056,0.17825698852539062,0.6994501120785652,0.0051377201452851295,0.0001444982481189072,0.14115165174007416,0.08014089614152908,0.22119140625,0.0031035665294924554,0.19743405282497406,0.22391073405742645,0.8778329484913033,0.0062079294584691525,0.00021507150086108595,0.2037157565355301,0.08656363934278488,0.29345703125,0.0038751714677640603,0.31322234869003296,0.2784097194671631,1.1210145061787788,0.005559174809604883,0.00012020806752843782,0.09853491932153702,0.06935090571641922,0.169921875,3.429355281207133e-06,0.12811119854450226,0.1590697467327118,0.800346106365904,0.005409853532910347,0.00016941408102866262
p41002693_E22_s08,p41002693_E22,plate_41002693,Macitentan,100.0,0.8974421620368958,-0.0439808368682861,test,52,432.7307692307692,0.4986878051697582,0.9640653262433904,0.05769882723689079,0.11416592448949814,0.124755859375,0.02273662551440329,0.4278378486633301,0.06603536009788513,6.38227120789089,0.0077362060546875,0.0008627435308881104,0.1202617660164833,0.061197664588689804,0.17724609375,0.0,0.12136293202638626,0.16434746980667114,0.7339872340852096,0.005209113005548716,0.00014210860535968095,0.1433294415473938,0.07786895334720612,0.2249755859375,0.006179698216735254,0.1929774433374405,0.20966602861881256,0.9160349421435267,0.006232226267457008,0.00021016239770688117,0.20748844742774963,0.07533152401447296,0.296875,0.0008333333333333334,0.3008752465248108,0.25959786772727966,1.154557591544387,0.005408973433077335,0.0001188002570415847,0.09948479384183884,0.06715323030948639,0.1715087890625,0.0,0.1246572807431221,0.14217838644981384,0.8706431454779407,0.005350329913198948,0.00016644771676510572
p41002693_F10_s08,p41002693_F10,plate_41002693,Edoxaban (tosylate),100.0,0.785652220249176,-0.00027710487484,test,56,401.9107142857143,0.48615151858787253,0.9605528398663808,0.057115357369184494,0.11232797801494598,0.129638671875,0.020541838134430727,0.4197174608707428,0.06599388271570206,6.2650117272926655,0.007709168829023838,0.0008192462846636772,0.12453525513410568,0.0729738250374794,0.19580078125,0.0,0.12830190360546112,0.17412897944450378,0.732613779926231,0.005602738354355097,0.0001581220858497545,0.14951078593730927,0.090427927672863,0.245361328125,0.00492798353909465,0.200373575091362,0.2183193862438202,0.9136154287273269,0.006983793340623379,0.00024191520060412586,0.21379511058330536,0.0940738096833229,0.3212890625,0.0049382716049382715,0.31153497099876404,0.2758522033691406,1.12527538956726,0.006109303329139948,0.00013637788651976734,0.10707814991474152,0.08078495413064957,0.2049560546875,6.858710562414266e-06,0.1313718855381012,0.1547747403383255,0.8433452384691895,0.00598037987947464,0.00019139314827043563
p41002693_F12_s08,p41002693_F12,plate_41002693,control,0.0,0.8936949968338013,-0.0139345219358801,test,66,440.75757575757575,0.44109940519880253,0.9621233754570586,0.07114522904157639,0.13051585853099823,0.2298583984375,0.03546639231824417,0.43813520669937134,0.06804219633340836,6.3459048229519475,0.009485317394137383,0.0010645423317328095,0.13539059460163116,0.07044399529695511,0.211669921875,9.945130315500686e-05,0.12831830978393555,0.17250390350818634,0.7395701606095633,0.005621731281280518,0.0001602898701094091,0.16442793607711792,0.08747661858797073,0.266357421875,0.005984224965706447,0.19856849312782288,0.21779151260852814,0.9075694516684053,0.007142148911952972,0.0002566096081864089,0.23370376229286194,0.0830439105629921,0.34814453125,0.003374485596707819,0.31642451882362366,0.27344584465026855,1.1529579514197028,0.005614251364022493,0.00012634476297535002,0.11731123924255371,0.08022420108318329,0.2216796875,6.858710562414266e-06,0.13016672432422638,0.15048836171627045,0.8592523072367872,0.006136750802397728,0.00019946986867580563
p41002693_G22_s08,p41002693_G22,plate_41002693,Nifurtimox,100.0,0.4490333497524261,0.1554174423217773,test,15,464.3333333333333,0.450331692520046,0.9656559033884312,0.025277333334088326,0.06916239112615585,0.02951202355325222,0.008782578875171468,0.4387197494506836,0.0628741905093193,6.868497995081033,0.0035532042384147644,0.000299081060802564,0.057571206241846085,0.07350689172744751,0.154296875,0.0001234567901234568,0.13024388253688812,0.18105198442935944,0.7154213833215638,0.004100179299712181,0.00012008330668322742,0.07264555245637894,0.08558741956949234,0.184326171875,0.0049519890260631,0.20191283524036407,0.23712921142578125,0.847912921020591,0.004824332892894745,0.0001736737904138863,0.1021212637424469,0.10837827622890472,0.2447509765625,0.002908093278463649,0.31343233585357666,0.2705707252025604,1.154146256448637,0.0048017920926213264,0.00011571242066565901,0.059148553758859634,0.06925657391548157,0.143310546875,2.05761316872428e-05,0.13840541243553162,0.17430436611175537,0.7895149191395443,0.0045440285466611385,0.00016032739949878305
p41002693_H19_s08,p41002693_H19,plate_41002693,control,0.0,0.9730096459388732,-0.0712956711649894,test,49,440.1020408163265,0.478943830286396,0.9619391462911258,0.05388503894209862,0.11143819242715836,0.0897216796875,0.021375171467764062,0.4271734654903412,0.06021583825349808,6.978152675479063,0.007032036781311035,0.0007751400698907673,0.11636543273925781,0.05155295133590698,0.171142578125,0.0,0.12118002772331238,0.1599951535463333,0.7526936373798208,0.004975368268787861,0.00013522407971322536,0.13761547207832336,0.06514699757099152,0.209228515625,0.0023251028806584363,0.19017885625362396,0.19937865436077118,0.9490973819557496,0.00603596493601799,0.0002045517903752625,0.20454347133636475,0.06720449775457382,0.28125,0.0025137174211248285,0.29696863889694214,0.25415852665901184,1.1638593574958378,0.005255160387605429,0.00011321814963594079,0.09431152045726776,0.05729295685887337,0.161865234375,0.0,0.1216430738568306,0.13540196418762207,0.8917985498325339,0.00505238538607955,0.00015438924310728908
p41002693_I12_s08,p41002693_I12,plate_41002693,control,0.0,0.926170289516449,-0.0740271508693695,test,47,437.74468085106383,0.47431586803226644,0.9624534155990913,0.0540485717356205,0.10636293888092041,0.10211181640625,0.016724965706447187,0.41477352380752563,0.06563887000083923,6.22419803640581,0.0068803103640675545,0.0006494961562566459,0.12615005671977997,0.07133480161428452,0.184326171875,0.000720164609053498,0.12126204371452332,0.16635966300964355,0.7245595595369715,0.0053425258956849575,0.00014441407984122634,0.15004567801952362,0.08804643899202347,0.2322998046875,0.012157064471879286,0.191922128200531,0.2109101563692093,0.9056768749967165,0.006598274689167738,0.00022035156143829226,0.214121475815773,0.08669943362474442,0.3076171875,0.0065946502057613165,0.2989077866077423,0.26565322279930115,1.1209607124558094,0.005457185208797455,0.00011559609265532345,0.10682227462530136,0.0766896903514862,0.1878662109375,0.0,0.124019093811512,0.1439468264579773,0.8556178623715323,0.005844023544341326,0.00018824719882104546
p41002693_I13_s08,p41002693_I13,plate_41002693,Zalcitabine,100.0,0.872461199760437,-0.0631012246012687,test,50,428.58,0.46255253938807633,0.9645326151863404,0.0538499653339386,0.111020527780056,0.0972900390625,0.0203360768175583,0.4246777594089508,0.06124144047498703,6.823070869955461,0.0074904914945364,0.0008767610997892916,0.11462507396936417,0.05408582463860512,0.169189453125,5.486968449931413e-05,0.12249098718166351,0.16348639130592346,0.7446876681356944,0.005167603492736816,0.00014663439651485533,0.13624943792819977,0.0671553984284401,0.206298828125,0.0032098765432098763,0.19286614656448364,0.2052818089723587,0.9349643942201771,0.006104063242673874,0.00020639818103518337,0.2023853212594986,0.06976067274808884,0.275146484375,0.0033676268861454048,0.3001880347728729,0.25717368721961975,1.1627367529422663,0.005458161234855652,0.00011979693226749077,0.09372717142105103,0.058457061648368835,0.15626220405101776,0.0,0.12401069700717926,0.1405760645866394,0.875929821677514,0.005333512555807829,0.00017525895964354277
p41002693_I14_s08,p41002693_I14,plate_41002693,Ebrotidine,100.0,0.0574562847614288,0.2810656726360321,test,34,5521.470588235294,0.7835107200845352,0.8970232173499039,0.012867090292274952,0.009283864870667458,0.02191162109375,0.0,0.018233133479952812,0.004984015133231878,3.046973156651321,0.0008413756731897593,1.0351654964324553e-05,0.010344532318413258,0.033748820424079895,0.0276947021484375,3.429355281207133e-06,0.013844954781234264,0.003792443545535207,2.8889134842564115,0.0018016141839325428,3.780068800551817e-05,0.021981483325362206,0.03686540946364403,0.037017822265625,0.0017832647462277093,0.027598364278674126,0.014554619789123535,1.7742872955321027,0.001789327710866928,5.257159500615671e-05,0.016928577795624733,0.04564417153596878,0.023834228515625,0.0006104252400548697,0.02094075456261635,0.013731352984905243,1.4215092520064982,0.0019330503419041634,6.117393058957532e-05,0.035917866975069046,0.038454875349998474,0.0765380859375,1.02880658436214e-05,0.049031198024749756,0.011832031421363354,3.821000464752632,0.0021944441832602024,5.388727004174143e-05
p41002693_I15_s08,p41002693_I15,plate_41002693,Linagliptin,100.0,0.2448137253522873,0.1472229957580566,test,37,356.4864864864865,0.44953364915008615,0.9626444465444892,0.03872425854206085,0.09524344652891159,0.052032470703125,0.017657750342935527,0.44046908617019653,0.07187777757644653,6.043942348655707,0.00582487415522337,0.000557607680093497,0.10237957537174225,0.10219160467386246,0.2467041015625,0.0,0.1985383778810501,0.24830090999603271,0.7963804780504394,0.0061589377000927925,0.00018628696852829307,0.12429868429899216,0.12294227629899979,0.30078125,0.004855967078189301,0.2642878293991089,0.31391870975494385,0.8392255563499745,0.007673582527786493,0.00030366741702891886,0.16410726308822632,0.14419874548912048,0.375244140625,0.010956790123456791,0.41438642144203186,0.34954047203063965,1.1821357432468216,0.007619352545589209,0.0001817466109059751,0.10318198800086975,0.10815035551786423,0.276123046875,0.0,0.1946146935224533,0.2557515501976013,0.7579883875001876,0.006855943705886602,0.0002485604491084814
p41002693_I22_s08,p41002693_I22,plate_41002693,Thio-TEPA,100.0,0.9311665296554564,-0.0385178700089454,test,39,378.61538461538464,0.4948215528367534,0.9583710312637572,0.04344003647565842,0.09812724590301514,0.049407958984375,0.01857338820301783,0.44089075922966003,0.06439569592475891,6.741892612274168,0.006179432384669781,0.0006582922651432455,0.10285808145999908,0.06526286154985428,0.1785888671875,0.0,0.1344272345304489,0.17779092490673065,0.7518683322465901,0.005196633283048868,0.00014556451060343534,0.12118902057409286,0.07982798665761948,0.2188720703125,0.0009053497942386831,0.20471903681755066,0.22691650688648224,0.8982194383994948,0.006231093313544989,0.00021460081916302443,0.17709597945213318,0.09121725708246231,0.2783203125,0.0019513031550068586,0.3243090510368347,0.2668091952800751,1.210970559459962,0.005970490165054798,0.0001325740886386484,0.08716411143541336,0.06670395284891129,0.1707763671875,0.0,0.1367008537054062,0.16106393933296204,0.84349951178561,0.0054664467461407185,0.00017991289496421814
p41002693_I24_s08,p41002693_I24,plate_41002693,Aripiprazole,100.0,0.1729933768510818,0.2373619377613067,test,4,195.0,0.5671294269238202,0.9493076632039545,0.013462623581290245,0.019202111288905144,0.02215576171875,8.23045267489712e-05,0.2959177792072296,0.05812014266848564,5.0053630767872015,0.001156870275735855,3.750179530470632e-05,0.013912903144955635,0.054529234766960144,0.0225067138671875,0.00010973936899862826,0.2946666181087494,0.30039021372795105,0.97769139370507,0.002242962596938014,5.959844565950334e-05,0.02710728533565998,0.06282183527946472,0.034393310546875,0.004176954732510288,0.37690210342407227,0.37167781591415405,1.0113349583193094,0.0023261376190930605,7.61229675845243e-05,0.023826541379094124,0.07248679548501968,0.0222320556640625,0.002472565157750343,0.46369504928588867,0.39014413952827454,1.1854838215014842,0.0025121173821389675,8.018319931579754e-05,0.0359855554997921,0.05831540748476982,0.065185546875,0.00020919067215363513,0.3028331398963928,0.3416008949279785,0.8839239604439864,0.0026177619583904743,7.999302761163563e-05
p41002693_J16_s08,p41002693_J16,plate_41002693,6-Thioguanine,100.0,0.7250733375549316,-0.0248604547232389,test,44,422.72727272727275,0.41426321969265006,0.9617533175974196,0.04910049960017204,0.10912579298019409,0.05591125413775444,0.02389917695473251,0.44476330280303955,0.06178239360451698,7.084204301045323,0.006728289648890495,0.0007820507744327188,0.10566636919975281,0.05728458613157272,0.1627197265625,0.0,0.11853928864002228,0.1595059633255005,0.7385351060111626,0.00506133958697319,0.00014210882363840938,0.12278629839420319,0.06963235139846802,0.193115234375,0.003329903978052126,0.1857885718345642,0.19997477531433105,0.9244372660399041,0.005816925782710314,0.0001978311047423631,0.18525265157222748,0.07767915725708008,0.261474609375,0.004811385459533608,0.29294219613075256,0.249400794506073,1.1698932373940523,0.005396516062319279,0.00011985580204054713,0.08495365083217621,0.05806170403957367,0.140869140625,0.0,0.11765963584184647,0.13468541204929352,0.8671502268725955,0.004992250818759203,0.00015827750030439347
p41002693_K22_s08,p41002693_K22,plate_41002693,Flecainide,100.0,0.5776854753494263,0.0488895960152149,test,38,405.13157894736844,0.48616768933170323,0.9629759459348634,0.04151911288499832,0.09892425686120987,0.041107177734375,0.018823731138545952,0.4354269206523895,0.060352738946676254,7.097106471983815,0.0060045490972697735,0.0006439773715101182,0.09401015937328339,0.06333567947149277,0.1650390625,0.0,0.12274211645126343,0.16000035405158997,0.7623717175922029,0.004689677618443966,0.0001272787485504523,0.11139571666717529,0.07570412009954453,0.1962890625,0.0031790123456790125,0.19009970128536224,0.20111697912216187,0.9405429574051953,0.005529703106731176,0.00018203251238446683,0.16746552288532257,0.09000371396541595,0.263427734375,0.003401920438957476,0.30190277099609375,0.25263017416000366,1.1903267109127051,0.005326369311660528,0.0001086366901290603,0.0779854878783226,0.0625440925359726,0.1484375,0.0,0.12320175766944885,0.1386682093143463,0.882103080395074,0.004774314817041159,0.00015210252604447305
p41002693_L12_s08,p41002693_L12,plate_41002693,control,0.0,0.9904963374137878,-0.0112030385062098,test,48,441.5416666666667,0.4360681565218145,0.9666173232638244,0.053029291331768036,0.11279943585395813,0.09600830078125,0.021502057613168726,0.432465136051178,0.06249532848596573,6.8109756475512215,0.007404681295156479,0.0008041627006605268,0.11162324249744415,0.062174320220947266,0.1746826171875,4.458161865569273e-05,0.11835447698831558,0.16194334626197815,0.7263535437527275,0.005208762362599373,0.0001444093941245228,0.1359335035085678,0.07572446763515472,0.216796875,0.0052537722908093274,0.18748211860656738,0.20239140093326569,0.9217799658505805,0.006260139402002096,0.00021204633230809122,0.20183011889457703,0.07572737336158752,0.290283203125,0.002832647462277092,0.29521945118904114,0.255147784948349,1.1525356397228683,0.005315565038472414,0.00011671244283206761,0.0943947285413742,0.06784863770008087,0.1715087890625,3.429355281207133e-06,0.12057743221521378,0.13906119763851166,0.8608910551116081,0.005439739674329758,0.00018463132437318563
p41002693_M10_s08,p41002693_M10,plate_41002693,Troglitazone,100.0,0.6626208424568176,-0.1559716612100601,test,48,371.5416666666667,0.554717891819618,0.9536330233804495,0.04747451841831207,0.10152299702167511,0.085693359375,0.017184499314128944,0.4134286046028137,0.07303088903427124,5.58454193912793,0.0065806214697659016,0.0006326363072730601,0.11389268189668655,0.09005282819271088,0.224853515625,0.0,0.16187383234500885,0.20808707177639008,0.7741934064585599,0.0056215738877654076,0.00015462275769095868,0.14000312983989716,0.10939423739910126,0.283447265625,0.011169410150891632,0.23075136542320251,0.2645376920700073,0.868996652130148,0.006844828370958567,0.00022843346232548356,0.1942203789949417,0.11807530373334885,0.36279296875,0.006941015089163238,0.35546207427978516,0.3100169599056244,1.1429025426383412,0.006153421476483345,0.00012909040378872305,0.10438331216573715,0.0952240601181984,0.240234375,0.0,0.16175948083400726,0.19895528256893158,0.8089782813226908,0.006171849090605974,0.00021018271218053997
p41002693_M11_s08,p41002693_M11,plate_41002693,Rifapentine,100.0,0.2704192399978637,-0.0303234215825796,test,35,396.6857142857143,0.48708113979883344,0.9594796543582007,0.04046693071722984,0.09458751231431961,0.03857421875,0.016213991769547326,0.43913736939430237,0.06076808646321297,7.109454000260119,0.005587354302406311,0.0005746867973357439,0.09751938283443451,0.06229756772518158,0.1746826171875,0.0,0.13341931998729706,0.17034406960010529,0.7786631909623738,0.00485468003898859,0.00013044377556070685,0.11347602307796478,0.07549693435430527,0.210205078125,0.0,0.20244461297988892,0.218778595328331,0.9211297973647227,0.00554362777620554,0.00016911901184357703,0.16767586767673492,0.0891992449760437,0.266357421875,0.0015294924554183813,0.32008078694343567,0.2603931128978729,1.2245188229901536,0.005716276355087757,0.00012702874664682895,0.08197227120399475,0.06333065778017044,0.162353515625,0.0,0.13553181290626526,0.15539593994617462,0.8665941900596014,0.004890219774097204,0.00015043480379972607
p41002693_M23_s08,p41002693_M23,plate_41002693,Difenoconazole,100.0,0.2491853982210159,0.0543525628745555,test,10,286.9,0.4686931383882472,0.9590868514508907,0.017108682543039322,0.04237927496433258,0.023284912109375,0.0027126200274348424,0.4054751694202423,0.05907945707440376,6.748981917697636,0.00196518050506711,0.00013855265569873154,0.027705175802111626,0.06131543219089508,0.12261962890625,0.0,0.2073865532875061,0.235062837600708,0.8785226653857867,0.0028739613480865955,8.350850112037733e-05,0.04193514212965965,0.07348835468292236,0.1488037109375,0.0015500685871056242,0.27305126190185547,0.31044548749923706,0.8767224855120893,0.0032634506933391094,0.00011098079266957939,0.04650707542896271,0.09230531752109528,0.2044677734375,0.00030521262002743485,0.40651822090148926,0.32745498418807983,1.2376679924841965,0.0033980393782258034,9.019215212902054e-05,0.04709799215197563,0.0650520846247673,0.10955810546875,2.7434842249657064e-05,0.21251000463962555,0.25668391585350037,0.82469254604328,0.003576143179088831,0.00011607047053985298
p41002694_D12_s08,p41002694_D12,plate_41002694,control,0.0,0.8513052463531494,0.0277123302221298,test,59,442.77966101694915,0.5128919359486956,0.9555009982918449,0.06407478451728821,0.12427940964698792,0.17919921875,0.03118312757201646,0.43465539813041687,0.07181227952241898,5.9695342733581915,0.008476154878735542,0.0008765471284277737,0.125850647687912,0.0671503022313118,0.1966552734375,0.0,0.13816362619400024,0.1784554123878479,0.769905038558515,0.0055574215948581696,0.00016321431030519307,0.15382222831249237,0.0837731882929802,0.2496337890625,0.005565843621399177,0.20879268646240234,0.22933802008628845,0.906462104624261,0.0071373749524354935,0.0002666716172825545,0.22240836918354034,0.08561452478170395,0.33251953125,0.001340877914951989,0.3321915864944458,0.28051307797431946,1.1800218621628278,0.0058826846070587635,0.00013944599777460098,0.10868124663829803,0.07378815114498138,0.200439453125,0.0,0.14118368923664093,0.1591443121433258,0.8816028952079452,0.006147443316876888,0.00021230669517535716
p41002694_F11_s08,p41002694_F11,plate_41002694,Mitoxantrone,1.0,0.2068178504705429,0.3280357718467712,test,7,389.2857142857143,0.4685125553776877,0.963410008691387,0.015669016167521477,0.04214567318558693,0.022857666015625,0.0018964334705075445,0.41816118359565735,0.052612245082855225,7.7997327466777175,0.0019364248728379607,0.0001297318667639047,0.024421529844403267,0.05790792033076286,0.10235595703125,3.08641975308642e-05,0.1469525843858719,0.20614111423492432,0.7094322386390614,0.002748610218986869,7.776846905471757e-05,0.036650821566581726,0.06622792035341263,0.11505126953125,0.0019135802469135803,0.22354340553283691,0.26532861590385437,0.8393518089454455,0.002988705411553383,9.579358447808772e-05,0.044374797493219376,0.08634711056947708,0.1900634765625,0.0008641975308641976,0.34072238206863403,0.2978155314922333,1.1402432141566576,0.0033488760236650705,8.884779526852071e-05,0.03690847009420395,0.05305046960711479,0.0816650390625,0.0,0.15929484367370605,0.2084915190935135,0.7603880308042423,0.002969803288578987,8.7624357547611e-05
p41002694_H22_s08,p41002694_H22,plate_41002694,control,0.0,0.9879189133644104,-0.0411691926419734,test,51,445.01960784313724,0.48018453817803247,0.9603443303074659,0.058314885944128036,0.11434467881917953,0.13465575873851776,0.023635116598079563,0.4255332350730896,0.06648354977369308,6.305732826742525,0.007741251960396767,0.0008239769958890975,0.12204719334840775,0.060136828571558,0.181396484375,0.0,0.1208164319396019,0.17128528654575348,0.7012579794938955,0.005240695551037788,0.00014936309889890254,0.1468215435743332,0.07546653598546982,0.22900390625,0.0013717421124828531,0.19452111423015594,0.21837297081947327,0.886714135763934,0.00656058918684721,0.00023255101405084133,0.21194152534008026,0.08349226415157318,0.3037109375,0.0005041152263374485,0.308898001909256,0.2740137279033661,1.1232093912700827,0.005437868647277355,0.00011931081826332957,0.10359212756156921,0.06549342721700668,0.178955078125,0.0,0.12555913627147675,0.15144748985767365,0.8236221953454261,0.005723738111555576,0.00018369036843068898
p41002694_I14_s08,p41002694_I14,plate_41002694,Retinoic acid,1.0,0.9265692830085754,-0.0273928884416818,test,44,386.8636363636364,0.5292608161736658,0.9536334253223079,0.04609819874167442,0.1010747179389,0.060577392578125,0.017441700960219478,0.425406277179718,0.06588692218065262,6.360081512358315,0.006289204582571983,0.0006328150629997253,0.11234094947576523,0.07491501420736313,0.189453125,6.858710562414266e-06,0.13562236726284027,0.18268774449825287,0.7383310608625293,0.005430248565971851,0.000147906132042408,0.13434097170829773,0.09113836288452148,0.23583984375,0.007644032921810699,0.2046566605567932,0.2311025857925415,0.8817508855317964,0.00655137887224555,0.00022085406817495823,0.19418345391750336,0.09719807654619217,0.316162109375,0.003686556927297668,0.3186282217502594,0.2804742753505707,1.1319976624983374,0.00587195111438632,0.0001249168417416513,0.0970907136797905,0.08072793483734131,0.195068359375,0.0,0.1375078707933426,0.16701538860797882,0.8184242641855993,0.005774605553597212,0.00018895469838753343
p41002694_J22_s08,p41002694_J22,plate_41002694,Compound_567dbb1e,1.0,1.0992337465286257,-0.0329034104943275,test,52,426.4423076923077,0.4767869646446205,0.9648641989039205,0.0574883371591568,0.11628518253564835,0.1190185546875,0.025881344307270234,0.4384487271308899,0.062344636768102646,6.921639297356771,0.007899463176727295,0.000888675102032721,0.1250842958688736,0.0653001070022583,0.1844482421875,4.801097393689986e-05,0.12413354218006134,0.1649903655052185,0.7478358265086099,0.005424199625849724,0.0001502632803749293,0.1488928198814392,0.08171381801366806,0.23095703125,0.010233196159122085,0.19372029602527618,0.20569691061973572,0.9372191168433434,0.006754444446414709,0.00023223154130391777,0.21662837266921997,0.07676972448825836,0.30517578125,0.00549039780521262,0.3080254793167114,0.2607913911342621,1.1766066026164237,0.005576965399086475,0.00012544456694740802,0.10494929552078247,0.07236738502979279,0.183349609375,0.0,0.12653189897537231,0.14222699403762817,0.8834361136011151,0.00569344125688076,0.0001817265001591295
p41002694_K10_s08,p41002694_K10,plate_41002694,Lapatinib,1.0,0.8993730545043945,-0.0632112771272659,test,47,481.9574468085106,0.4780679568693849,0.9632135817275527,0.05769205838441849,0.11606235802173615,0.123291015625,0.02453017832647462,0.4327487647533417,0.06762462854385376,6.306027062526082,0.007547855377197266,0.0007690036436542869,0.12176326662302017,0.05640222132205963,0.175537109375,6.17283950617284e-05,0.12270095944404602,0.16354961693286896,0.745677575743638,0.005229107104241848,0.00014923742855899036,0.14508819580078125,0.07239047437906265,0.2210693359375,0.004567901234567902,0.1921587437391281,0.208729550242424,0.9162215983251478,0.006721667945384979,0.0002448264276608825,0.21365652978420258,0.06833313405513763,0.29833984375,0.0007407407407407407,0.3027220666408539,0.2593300938606262,1.1628393097070182,0.0053063202649354935,0.00012294216139707714,0.09999073296785355,0.06372322887182236,0.1680908203125,1.02880658436214e-05,0.12442602217197418,0.1395633965730667,0.885195045121835,0.005729339085519314,0.0001970497251022607
p41002694_K13_s08,p41002694_K13,plate_41002694,Olmesartan,1.0,0.9272017478942872,-0.0632112771272659,test,32,442.34375,0.48566233806520753,0.9646066780981988,0.04092434421181679,0.09461082518100739,0.039520263671875,0.01624142661179698,0.43630149960517883,0.05928374081850052,7.237465586596145,0.005584110040217638,0.000566480215638876,0.09683172404766083,0.058024611324071884,0.161376953125,0.0,0.11245150119066238,0.15057192742824554,0.7419019016162947,0.0048668948002159595,0.00013057603791821748,0.11330457031726837,0.07121261954307556,0.19287109375,0.003449931412894376,0.18190975487232208,0.18712328374385834,0.9669709737791077,0.005664498545229435,0.00018205668311566114,0.17588680982589722,0.07640914618968964,0.259765625,0.0006927297668038409,0.28865236043930054,0.24085354804992676,1.193500623690304,0.005341984331607819,0.00010911757271969691,0.07842814922332764,0.05925838649272919,0.142822265625,0.0,0.11387694627046585,0.12422004342079163,0.9094146844191051,0.004789167549461126,0.00015050670481286943
p41002694_K21_s08,p41002694_K21,plate_41002694,Thalidomide,1.0,1.0252346992492676,-0.0053508006967604,test,42,395.0,0.48746869184925956,0.9578091097425245,0.04670099541544914,0.09936406463384628,0.0634765625,0.017671467764060356,0.4234210252761841,0.06593234091997147,6.326105130290498,0.006301182322204113,0.0006245486438274384,0.11258399486541748,0.0666322112083435,0.1767578125,0.0,0.1227918416261673,0.17246444523334503,0.7078790207468005,0.005132393445819616,0.00013917041360400617,0.13445061445236206,0.08123551309108734,0.2178955078125,0.005288065843621399,0.1955122947692871,0.21952582895755768,0.8865732222546835,0.006130989640951157,0.00020332478743512183,0.19648222625255585,0.08960987627506256,0.2900390625,0.0023868312757201644,0.30663496255874634,0.273334801197052,1.117739933908325,0.005521673709154129,0.00011890711903106421,0.09656903892755508,0.0714777261018753,0.17431640625,0.0,0.12731987237930298,0.15439504384994507,0.8193303288504332,0.005592466332018375,0.00018366720178164542
p41002694_L16_s08,p41002694_L16,plate_41002694,Sorafenib,1.0,0.8051349520683289,-0.0191271062940359,test,37,486.02702702702703,0.5036692266848504,0.9657246271476277,0.04791012033820152,0.10669068247079849,0.05487365648150444,0.021910150891632372,0.44054415822029114,0.06278453022241592,6.906755551606616,0.006500305142253637,0.0006633898592554033,0.10415744036436081,0.04933416470885277,0.161376953125,0.0,0.11304178833961487,0.1501830816268921,0.7477145400342684,0.004809414502233267,0.0001311855303356424,0.12473225593566895,0.0597693994641304,0.1949462890625,0.0005727023319615913,0.17985889315605164,0.18984462320804596,0.9424362611462288,0.005761836189776659,0.00019835894636344165,0.18810494244098663,0.06500480324029922,0.2587890625,0.00029835390946502055,0.286826491355896,0.24011735618114471,1.1895721481800392,0.004943303298205137,0.00010727577318903059,0.083699069917202,0.04994802176952362,0.14013671875,0.0,0.1131730005145073,0.12290166318416595,0.9134098575116647,0.004918036982417107,0.0001627640740480274
p41002694_L18_s08,p41002694_L18,plate_41002694,Lercanidipine,1.0,0.9872864484786988,-0.0356586724519729,test,43,418.69767441860466,0.481562714983809,0.9618916238827936,0.04676532372832298,0.10401827841997147,0.06149597093462944,0.01827846364883402,0.428008496761322,0.0613657645881176,6.862875803544136,0.00653316592797637,0.0006948705995455384,0.10146062076091766,0.06152733042836189,0.1644287109375,0.0,0.11086975038051605,0.15458619594573975,0.712593747193238,0.004904734902083874,0.00013643586135003716,0.12111945450305939,0.07414625585079193,0.1962890625,0.0036488340192043895,0.17804472148418427,0.19255270063877106,0.9198772267015305,0.005830418784171343,0.00019843435438815504,0.18238979578018188,0.08229341357946396,0.26806640625,0.00203360768175583,0.2795090675354004,0.2458043396472931,1.1325127748355053,0.005110548343509436,0.00010958051279885694,0.08414994180202484,0.06318812072277069,0.149658203125,0.0,0.10979382693767548,0.12832613289356232,0.8489686073582493,0.005073688458651304,0.0001664747833274305
p41002694_M10_s08,p41002694_M10,plate_41002694,Raltegravir,1.0,0.970842182636261,-0.1045401915907859,test,47,423.1489361702128,0.5002440848478965,0.9596691261317075,0.05137741193175316,0.1028648391366005,0.09130859375,0.015137174211248286,0.4051109552383423,0.06403791159391403,6.228843228666198,0.006907796952873468,0.0006449344800785184,0.1181146427989006,0.06297433376312256,0.178466796875,0.0,0.12271573394536972,0.16157551109790802,0.7548229934302129,0.005386392120271921,0.0001490588765591383,0.13939833641052246,0.07936559617519379,0.2215576171875,0.006248285322359396,0.1894819289445877,0.20300933718681335,0.9287904737961932,0.006909963209182024,0.0002514349762350321,0.2057998925447464,0.07739830017089844,0.291259765625,0.0026337448559670784,0.2934992015361786,0.2585482597351074,1.1308078190765802,0.005590896587818861,0.00012015733955195174,0.09873874485492706,0.07165884971618652,0.1815185546875,0.0,0.12288522720336914,0.13955216109752655,0.8743033635612429,0.0059885685332119465,0.00020495022181421518
p41002695_A22_s08,p41002695_A22,plate_41002695,Istradefylline,11.0,0.6648803949356079,0.2165001779794693,test,59,440.45762711864404,0.44631307305049345,0.9605478995453939,0.06387770175933838,0.11873578280210495,0.1759033203125,0.021474622770919067,0.41893187165260315,0.0657564252614975,6.275528835038246,0.008116291835904121,0.0008041658438742161,0.13004660606384277,0.06514792889356613,0.1917724609375,0.0,0.11211249232292175,0.1600879281759262,0.6959707880809185,0.005415843799710274,0.00014380943321157247,0.15510982275009155,0.0814773365855217,0.239013671875,0.006258573388203018,0.18126945197582245,0.19939877092838287,0.9045437311619206,0.0067876186221838,0.0002292471908731386,0.22449526190757751,0.07658307999372482,0.31787109375,0.002805212620027435,0.28574731945991516,0.2599659562110901,1.0949601381292047,0.005333420354872942,0.0001112904938054271,0.10961506515741348,0.07464680075645447,0.196533203125,0.0,0.11327394098043442,0.1343100517988205,0.8371435785779652,0.005854529328644276,0.00017634440155234188
p41002695_E19_s08,p41002695_E19,plate_41002695,Irinotecan,11.0,0.9531100392341614,0.0380069240927696,test,56,442.73214285714283,0.47513966733484453,0.9634038570175188,0.06076478585600853,0.11788833141326904,0.1546630859375,0.023703703703703703,0.4237394332885742,0.06402450054883957,6.516611888011438,0.00812523439526558,0.0008640084997750819,0.12376318126916885,0.058576736599206924,0.182861328125,0.0,0.12386344373226166,0.16755570471286774,0.7348516856386516,0.005424206145107746,0.00015378727403003722,0.14706186950206757,0.07462577521800995,0.2293701171875,0.001289437585733882,0.19292089343070984,0.210814967751503,0.910799153991047,0.006776029244065285,0.00024309006403200328,0.2144230157136917,0.0754237249493599,0.30224609375,0.0010871056241426613,0.3031165599822998,0.26583579182624817,1.1359666479063502,0.00570379663258791,0.00012750635505653918,0.102558933198452,0.06613520532846451,0.18212890625,0.0,0.12442956119775772,0.14456836879253387,0.8547843341921109,0.005888371262699366,0.00019273394718766212
p41002695_E21_s08,p41002695_E21,plate_41002695,Gabapentin enacarbil,11.0,1.020287036895752,-0.0828192830085754,test,48,451.8958333333333,0.493168550824572,0.9619467812921595,0.05423974245786667,0.11214268207550049,0.0943603515625,0.021460905349794238,0.4276079535484314,0.061567869037389755,6.834305852623786,0.007114109583199024,0.0007848972454667091,0.11316625773906708,0.04624978080391884,0.1678466796875,0.0,0.11416572332382202,0.1535748541355133,0.7385788844007884,0.00479903956875205,0.00013305166794452816,0.13271141052246094,0.05780162662267685,0.202392578125,8.23045267489712e-05,0.18224652111530304,0.19507631659507751,0.9294672823320383,0.00550385657697916,0.00018218667537439615,0.19697995483875275,0.0617620013654232,0.26416015625,0.0018998628257887516,0.2848370373249054,0.2436300665140152,1.164358254828773,0.004922289401292801,0.00010644659050740302,0.09091996401548386,0.04837747663259506,0.149658203125,0.0,0.11446027457714081,0.1291913241147995,0.8791697553994655,0.00485491706058383,0.00015448976773768663
p41002695_E22_s08,p41002695_E22,plate_41002695,Macitentan,11.0,1.0271769762039185,-0.0196601282805204,test,47,475.6808510638298,0.4369653840692859,0.9581601327288053,0.055952347815036774,0.11485409736633301,0.10675659030675888,0.023103566529492456,0.4314989745616913,0.06365146487951279,6.674233528441329,0.007372261490672827,0.0007801369647495449,0.12098564207553864,0.06610490381717682,0.1876220703125,0.0,0.12886984646320343,0.17001090943813324,0.7535767565157869,0.005141371861100197,0.00013900507474318147,0.14427192509174347,0.08138053864240646,0.2349853515625,0.005411522633744856,0.19728226959705353,0.21187767386436462,0.9267400663291363,0.00609422056004405,0.0002026234578806907,0.20934802293777466,0.08096334338188171,0.31787109375,0.0026611796982167354,0.31227055191993713,0.2647865116596222,1.1748923975489187,0.005217731464654207,0.0001111807650886476,0.10168058425188065,0.07300247997045517,0.1871337890625,0.0,0.12989069521427155,0.1487172544002533,0.8675733183499509,0.005257089622318745,0.00016617805522400886
p41002695_F15_s08,p41002695_F15,plate_41002695,Edoxaban (tosylate),11.0,0.961722493171692,-0.0196601282805204,test,59,391.20338983050846,0.5014720841612109,0.9556557504506569,0.05695682391524315,0.11369328200817108,0.1375732421875,0.02421124828532236,0.4166416525840759,0.06869891285896301,5.977735311699305,0.007618584204465151,0.0008060681284405291,0.12278500944375992,0.07089944183826447,0.201171875,1.3717421124828532e-05,0.13909538090229034,0.18019716441631317,0.7676465652779696,0.00556952366605401,0.000155752117279917,0.14778761565685272,0.08719218522310257,0.251708984375,0.006117969821673525,0.20980219542980194,0.22485001385211945,0.9289447977062105,0.006648867856711149,0.00023079157108440995,0.21303388476371765,0.0859479010105133,0.3349609375,0.0039986282578875175,0.3209174871444702,0.275820791721344,1.1592969052249342,0.005703176837414503,0.00012329198943916708,0.10561258345842361,0.07909015566110611,0.210693359375,0.0,0.1413789838552475,0.16177323460578918,0.8685640744170554,0.00570562481880188,0.00018727999122347683
p41002695_G22_s08,p41002695_G22,plate_41002695,Nifurtimox,11.0,1.1523444652557373,-0.0086759282276034,test,51,410.078431372549,0.4985299181837805,0.9608452540064565,0.055136680603027344,0.11197762936353683,0.1033935546875,0.02436556927297668,0.4325522780418396,0.06607057899236679,6.449210436830548,0.007449676748365164,0.0008184284088201821,0.11695068329572678,0.05700923502445221,0.1749267578125,0.0,0.1223418265581131,0.16594256460666656,0.7328378286649826,0.00519902678206563,0.00014230070519261062,0.13775350153446198,0.07190937548875809,0.215087890625,0.00203360768175583,0.19226011633872986,0.20970085263252258,0.9124790618386595,0.006205222103744745,0.000206420460017398,0.20231838524341583,0.07581482082605362,0.285400390625,0.0017421124828532236,0.3043230473995209,0.2615370452404022,1.159162308392919,0.0056088026612997055,0.00012279453221708536,0.09530683606863022,0.061643362045288086,0.1624755859375,0.0,0.12348376959562302,0.1433420330286026,0.8554941828424549,0.005374210886657238,0.00016632537881378084
p41002695_H16_s08,p41002695_H16,plate_41002695,control,0.0,0.8962679505348206,-0.0361364297568798,test,49,432.3265306122449,0.4536471927903823,0.9627377794155364,0.053529877215623856,0.11200536042451859,0.08515014499425888,0.02196159122085048,0.43203088641166687,0.060024261474609375,7.079657761879245,0.0070808264426887035,0.000824750226456672,0.11300411820411682,0.0521070621907711,0.169921875,1.3717421124828532e-05,0.11334662139415741,0.1539629101753235,0.7314435516596725,0.004746376071125269,0.00013103759556543082,0.13331660628318787,0.06578974425792694,0.2086181640625,0.0035425240054869685,0.18281573057174683,0.1941184550523758,0.9369474072694634,0.005521864630281925,0.0001826218795031309,0.19825245440006256,0.06681941449642181,0.2734375,0.0008882030178326474,0.29127609729766846,0.24540787935256958,1.1820892175322841,0.0049551804549992085,0.00011245117639191449,0.09133408963680267,0.05532955750823021,0.156494140625,0.0,0.11539071053266525,0.12994833290576935,0.8811926656271417,0.004731310531497002,0.0001482501975260675
p41002695_I21_s08,p41002695_I21,plate_41002695,6-Thioguanine,11.0,0.9358851909637452,-0.0498666800558567,test,54,407.72222222222223,0.4463768685347684,0.9653679972213437,0.054475877434015274,0.11208196729421616,0.097900390625,0.02051097393689986,0.42500823736190796,0.058319736272096634,7.164702071708759,0.007480902597308159,0.000931121117901057,0.11828766763210297,0.06200878322124481,0.17578125,0.00011316872427983539,0.11792787164449692,0.16794373095035553,0.6980304683761854,0.005002423655241728,0.0001431463024346158,0.13885274529457092,0.07633624970912933,0.2144775390625,0.0047805212620027435,0.18918728828430176,0.21063628792762756,0.8939265101313694,0.005740010645240545,0.00019445754878688604,0.20016290247440338,0.08075594156980515,0.27734375,0.004303840877914952,0.29265645146369934,0.2581132650375366,1.1294537600045427,0.005166316870599985,0.0001149228191934526,0.09816683828830719,0.06553284823894501,0.16552734375,0.0,0.12111672759056091,0.14735537767410278,0.8163959371706907,0.005038523115217686,0.00016070908168330789
p41002695_I22_s08,p41002695_I22,plate_41002695,Zalcitabine,11.0,1.071387529373169,-0.0443745777010917,test,46,409.2391304347826,0.4771993877291797,0.9583118879026901,0.04943662881851196,0.10135003179311752,0.06964111328125,0.014595336076817558,0.41222265362739563,0.061357609927654266,6.610623051551302,0.0063406191766262054,0.000662240432575345,0.12046895176172256,0.06434395164251328,0.1734619140625,6.515775034293553e-05,0.11495596915483475,0.16673986613750458,0.6853228859775035,0.005125099793076515,0.00013460064656101167,0.14184699952602386,0.07963239401578903,0.2137451171875,0.008089849108367627,0.1842266023159027,0.20861846208572388,0.8788663006246219,0.005992537830024958,0.00018650687707122415,0.2057962417602539,0.07596874982118607,0.279541015625,0.0030281207133058983,0.2828710079193115,0.2606774866580963,1.0809909997679943,0.005247012712061405,0.00010868852405110374,0.09830200672149658,0.07064693421125412,0.1634521484375,3.429355281207133e-06,0.11499953269958496,0.14334769546985626,0.7966842305674356,0.005232655443251133,0.00015890027862042189
p41002695_I23_s08,p41002695_I23,plate_41002695,Ebrotidine,11.0,1.0530143976211548,-0.0443745777010917,test,43,424.2093023255814,0.5022938353689148,0.9630281344837003,0.049115367233753204,0.10223528742790222,0.0704345703125,0.015277777777777777,0.42094066739082336,0.06349348276853561,6.526871387944137,0.006405862979590893,0.0006397463730536401,0.11518151313066483,0.059253670275211334,0.17041015625,4.458161865569273e-05,0.11593922227621078,0.16810965538024902,0.6855860596221863,0.004900364670902491,0.00013103037781547755,0.1377437561750412,0.07316983491182327,0.2117919921875,0.00558641975308642,0.18983055651187897,0.21538108587265015,0.8772973651846939,0.006112700328230858,0.0001976089261006564,0.20175792276859283,0.0783415362238884,0.280029296875,0.0023593964334705075,0.29671552777290344,0.2686392366886139,1.100416732434078,0.005304836202412844,0.00010957379708997905,0.09580003470182419,0.06236201152205467,0.1617431640625,0.0,0.12245414406061172,0.1483500450849533,0.8199136732162173,0.005317946430295706,0.00016993611643556505
p41002695_J16_s08,p41002695_J16,plate_41002695,Thio-TEPA,11.0,0.9577033519744872,-0.0498666800558567,test,34,492.7647058823529,0.46499127537391277,0.9656329390347317,0.0464918352663517,0.10318056493997574,0.053192138671875,0.020493827160493826,0.44042670726776123,0.060241006314754486,7.1916961162287665,0.006178986746817827,0.0006752824992872775,0.10683164745569229,0.06457248330116272,0.1697998046875,3.429355281207133e-06,0.11958383768796921,0.16652025282382965,0.7138470463850595,0.004826944787055254,0.00013569249131251127,0.12480345368385315,0.07725302875041962,0.202392578125,0.004948559670781893,0.19020090997219086,0.21140500903129578,0.8954633925048662,0.005561430472880602,0.00018337676010560244,0.18220217525959015,0.08790712058544159,0.265625,0.002880658436213992,0.2994050085544586,0.2552430331707001,1.1684415566334854,0.00512831611558795,0.0001158901650342159,0.08973587304353714,0.06408527493476868,0.1533203125,6.858710562414266e-06,0.12369343638420105,0.14625129103660583,0.8400159721075149,0.005036062560975552,0.0001618172536836937
p41002695_M13_s08,p41002695_M13,plate_41002695,Lenvatinib,11.0,0.4570334851741791,-0.1020416319370269,test,48,398.0833333333333,0.4782511018278881,0.962829605189531,0.05031605437397957,0.10613980144262314,0.07861328125,0.019626200274348422,0.42595374584198,0.061900075525045395,6.771911516582755,0.007127521559596062,0.0007854971918277442,0.11299411952495575,0.06526267528533936,0.1773681640625,0.0,0.1164819747209549,0.16127599775791168,0.7178016239636763,0.005478051491081715,0.00015623352373950183,0.13438217341899872,0.08131515979766846,0.2200927734375,0.005480109739368999,0.18768714368343353,0.20594936609268188,0.9069230180650961,0.006716775707900524,0.00023133963986765593,0.19471152126789093,0.08471157401800156,0.287841796875,0.003556241426611797,0.29294273257255554,0.25635838508605957,1.1382676825338203,0.0059213899075984955,0.00012800487456843257,0.0959693044424057,0.07140080630779266,0.177734375,0.0,0.12051655352115631,0.14074775576591492,0.8502184240587185,0.0058661820366978645,0.0001935865293489769
p41002695_M17_s08,p41002695_M17,plate_41002695,Troglitazone,11.0,0.9904305934906006,-0.0471206307411193,test,44,438.6818181818182,0.4519866718744259,0.9626911916491412,0.050414275377988815,0.10749004036188126,0.06787109375,0.018978052126200275,0.43248143792152405,0.05913819000124931,7.191460832335321,0.006685800850391388,0.0007568681612610817,0.11582853645086288,0.06626179069280624,0.1761474609375,0.0001989026063100137,0.11979751288890839,0.16666385531425476,0.7145100693549614,0.005014633759856224,0.00013722463336307555,0.13605144619941711,0.08057794719934464,0.21630859375,0.0068381344307270235,0.1907859891653061,0.207975834608078,0.9129571824565941,0.005860611330717802,0.00019645041902549565,0.19839541614055634,0.08550731837749481,0.28955078125,0.003679698216735254,0.30083006620407104,0.2600730359554291,1.1522831728031437,0.005281318444758654,0.00011476039071567357,0.09589901566505432,0.0705026388168335,0.1688232421875,0.0,0.12149609625339508,0.14513155817985535,0.8314158677748478,0.005096162669360638,0.00015921524027362466
p41002696_F14_s08,p41002696_F14,plate_41002696,Mitoxantrone,11.0,0.0190293882042169,0.5425882339477539,test,74,1601.662162162162,0.7521671305318666,0.9089845800341394,0.00970327015966177,0.007957400754094124,0.020965576171875,0.0,0.01758967712521553,0.007307047955691814,2.117440180800142,0.0008175758412107825,7.820404789526947e-06,0.0015320483362302184,0.01210837997496128,0.011871337890625,0.0,-0.0032283361069858074,0.0011433928739279509,-1.5061802930554702,0.0013616231735795736,2.2183352484717034e-05,0.012590251863002777,0.011099444702267647,0.021728515625,0.0,0.014335541054606438,0.012095586396753788,1.0946849282106235,0.0013171022292226553,3.053201362490654e-05,0.006931515876203775,0.018445245921611786,0.014556884765625,0.0,0.00491479504853487,0.008162734098732471,0.536389574943003,0.0014463572297245264,3.807857501669787e-05,0.019226878881454468,0.014772982336580753,0.03814697265625,0.0,0.02795283868908882,0.013926703482866287,1.8726732745227146,0.0014226633356884122,2.7723275707103312e-05
p41002696_F17_s08,p41002696_F17,plate_41002696,Compound_516bb906,11.0,0.0464540943503379,0.2357145696878433,test,107,1045.1682242990655,0.7552982106247839,0.9100623885309455,0.008790568448603153,0.00813019834458828,0.0204925537109375,0.0,0.017116336151957512,0.005285921972244978,2.7229635091770823,0.0009924635523930192,1.1906719919352327e-05,0.004276668187230825,0.016643518581986427,0.01549530029296875,0.0,0.0005331156426109374,0.0061860051937401295,0.07418804025849367,0.0016648999880999327,3.83609403797891e-05,0.013949173502624035,0.01559078972786665,0.0235748291015625,0.0,0.017173519358038902,0.013828219845890999,1.158164603473815,0.0017229822697117925,5.165304901311174e-05,0.01173787284642458,0.0299775879830122,0.017486572265625,0.0,0.01266493834555149,0.01446500699967146,0.8189416497399934,0.002031838521361351,6.989164103288203e-05,0.018847348168492317,0.01609233394265175,0.03509521484375,0.0,0.027863040566444397,0.013501625508069992,1.9213736109058206,0.0017676149727776647,4.3223873944953084e-05
p41002696_F20_s08,p41002696_F20,plate_41002696,control,0.0,0.9637824892997742,-0.0273200180381536,test,45,473.8,0.4845929783734717,0.9633996818661857,0.054868075996637344,0.11390175670385361,0.08587646484375,0.025322359396433472,0.4400053322315216,0.05969654396176338,7.249265007719533,0.0071321940049529076,0.0008223792538046837,0.11596085876226425,0.051367755979299545,0.1636962890625,2.400548696844993e-05,0.10504966229200363,0.15049956738948822,0.6933990908497636,0.004967906512320042,0.0001353742991341278,0.13528963923454285,0.06384550780057907,0.1962890625,0.0023113854595336078,0.17482516169548035,0.18829095363616943,0.9235790635378521,0.005679457914084196,0.00018723374523688108,0.19984890520572662,0.0663205087184906,0.26708984375,0.0006927297668038409,0.27713868021965027,0.24148587882518768,1.1429064717597202,0.005096314009279013,0.00010933612793451175,0.09213999658823013,0.05552415922284126,0.14306640625,0.0,0.1069234237074852,0.12321484088897705,0.8607942733916402,0.004964091815054417,0.0001506648404756561
p41002696_I10_s08,p41002696_I10,plate_41002696,Compound_567dbb1e,11.0,0.7516608238220215,-0.1012984961271286,test,38,414.13157894736844,0.5165842850473302,0.9609504118527835,0.043714217841625214,0.0980643779039383,0.047698974609375,0.016128257887517147,0.4288238286972046,0.062485020607709885,6.754724572699066,0.005945940967649221,0.0006143670179881155,0.10567659884691238,0.07150708138942719,0.1829833984375,1.7146776406035666e-05,0.13266262412071228,0.17073902487754822,0.7724663873880859,0.005175913218408823,0.00013733004743698984,0.12482081353664398,0.08698423206806183,0.2264404296875,0.005637860082304527,0.2033107876777649,0.21619705855846405,0.9360660269855298,0.005987921264022589,0.00019354441610630602,0.18081305921077728,0.09861661493778229,0.298095703125,0.0033710562414266117,0.31717053055763245,0.26453834772109985,1.194443413840787,0.00566510297358036,0.00011948365863645449,0.09224744141101837,0.07407654076814651,0.1871337890625,3.429355281207133e-06,0.1352727860212326,0.15248064696788788,0.8813670563268812,0.00527856033295393,0.00016669668548274785
p41002696_I23_s08,p41002696_I23,plate_41002696,Retinoic acid,11.0,1.0757200717926023,-0.0684191733598709,test,44,490.20454545454544,0.4242225162809968,0.9652744508388902,0.0552913136780262,0.11724403500556946,0.09295654296875,0.028906035665294923,0.44870495796203613,0.06381157785654068,6.923222251358189,0.007199079263955355,0.0008253628038801253,0.11173037439584732,0.05981416627764702,0.177001953125,0.0,0.12120619416236877,0.1659746617078781,0.7258957312602244,0.0048307981342077255,0.0001356469001621008,0.13450175523757935,0.07347290962934494,0.2208251953125,0.0024176954732510287,0.19143985211849213,0.21253347396850586,0.896533215896294,0.00563780777156353,0.00019383765175007284,0.19623620808124542,0.07921892404556274,0.28955078125,0.0011145404663923182,0.3049792945384979,0.25716543197631836,1.1813328074320726,0.005048935767263174,0.00011282692139502615,0.09405107796192169,0.06448032706975937,0.168212890625,0.0,0.12323422729969025,0.14495636522769928,0.8443223911984835,0.005029858555644751,0.0001728380157146603
p41002696_K16_s08,p41002696_K16,plate_41002696,Lercanidipine,11.0,0.991207242012024,-0.0136202992871403,test,45,397.24444444444447,0.44244895755295205,0.9611129137507806,0.04830123484134674,0.10195974260568619,0.06988525390625,0.017170781893004115,0.4216793179512024,0.06118720397353172,6.780805230135103,0.006632441654801369,0.0006868691416457295,0.11432664096355438,0.0582253523170948,0.174072265625,0.0,0.11435866355895996,0.15999722480773926,0.7103145019768232,0.005141127854585648,0.00013491956633515656,0.13491244614124298,0.07206057012081146,0.2105712890625,0.0009979423868312757,0.18228766322135925,0.1985466629266739,0.9135089534839443,0.0062719485722482204,0.000204575844691135,0.20571166276931763,0.07377304881811142,0.29296875,0.002119341563786008,0.2863672375679016,0.2566377520561218,1.1115111635717174,0.005332233849912882,0.0001074516330845654,0.09629388153553009,0.06621932238340378,0.1800537109375,0.0,0.1128472238779068,0.1356898993253708,0.8255710512251537,0.005473002791404724,0.00017412833403795958
p41002696_K17_s08,p41002696_K17,plate_41002696,Lapatinib,11.0,0.7774064540863037,-0.0629392862319946,test,36,426.19444444444446,0.47742126460464196,0.9637974223873275,0.04301682114601135,0.09675727039575577,0.043212890625,0.016104252400548698,0.43015170097351074,0.061737217009067535,6.856403925461661,0.00580787006765604,0.0006049857474863529,0.10106907039880753,0.06422164291143417,0.1695556640625,6.858710562414266e-06,0.12088536471128464,0.15929387509822845,0.7541483705301018,0.0047500766813755035,0.00012721434177365154,0.11836174875497818,0.07752346992492676,0.2030029296875,0.0037448559670781893,0.18745827674865723,0.1992815136909485,0.9359739363560103,0.0054600234143435955,0.00017413283057976514,0.1759190559387207,0.0865776538848877,0.26611328125,0.003069272976680384,0.2921590507030487,0.24953418970108032,1.1661444334269595,0.00528728635981679,0.00011626046034507453,0.08415605872869492,0.06615924090147018,0.156005859375,1.02880658436214e-05,0.11967463046312332,0.13586531579494476,0.8743970652318007,0.0047997660003602505,0.00015172045095823705
p41002696_K21_s08,p41002696_K21,plate_41002696,Sorafenib,11.0,0.3106267750263214,-0.0519795082509517,test,50,444.56,0.5261230685141342,0.9626876801954201,0.05509457737207413,0.11327863484621048,0.1142578125,0.020486968449931413,0.42570146918296814,0.0622791163623333,6.727361152539191,0.007520359940826893,0.0008017167565412819,0.11371569335460663,0.06026579812169075,0.1763916015625,0.0,0.11174082010984421,0.1579868048429489,0.7028307803293773,0.005271607078611851,0.00015008944319561124,0.13490407168865204,0.07669039070606232,0.21923828125,0.002657750342935528,0.18044491112232208,0.20193001627922058,0.8891977363961759,0.006740435492247343,0.0002464311837684363,0.19873322546482086,0.07968470454216003,0.291259765625,0.0003909465020576132,0.28205931186676025,0.2516936957836151,1.1162103233010265,0.005332008469849825,0.00011346229439368472,0.09495925903320312,0.06620501726865768,0.1729736328125,0.0,0.11396069824695587,0.13419894874095917,0.8429111269593099,0.005869185086339712,0.0002027435984928161
p41002696_K22_s08,p41002696_K22,plate_41002696,Olmesartan,11.0,1.018072247505188,-0.0300599616020917,test,49,454.85714285714283,0.4763428532526327,0.9643106687208164,0.05785655230283737,0.11400288343429565,0.1209716796875,0.022733196159122084,0.43046772480010986,0.06543667614459991,6.479368773103484,0.007532909512519836,0.0007727936608716846,0.12577706575393677,0.06483059376478195,0.1846923828125,0.0001783264746227709,0.11482222378253937,0.16373516619205475,0.6970110052195844,0.005116656422615051,0.00014099109102971852,0.14951884746551514,0.08017110824584961,0.2308349609375,0.004670781893004115,0.18701916933059692,0.20587320625782013,0.9040279923806097,0.006402648985385895,0.00022014744172338396,0.21641439199447632,0.08068841695785522,0.30908203125,0.0013203017832647463,0.29827454686164856,0.26664257049560547,1.1144510617624115,0.00525887543335557,0.0001129556039813906,0.10554466396570206,0.07166838645935059,0.187255859375,0.0,0.11842130124568939,0.1411198526620865,0.8332495357088194,0.005577421747148037,0.00017539634427521378
p41002696_K23_s08,p41002696_K23,plate_41002696,Sunitinib,11.0,0.5373003482818604,0.1398165374994278,test,21,313.0952380952381,0.4652283506086369,0.9628725176798324,0.03326911851763725,0.06547730416059494,0.060302734375,0.0061488340192043895,0.4143761098384857,0.06123881787061691,6.657840299921789,0.004059261176735163,0.0003292906912975013,0.13639719784259796,0.12782298028469086,0.358642578125,4.801097393689986e-05,0.1479858160018921,0.21012239158153534,0.7009479898996884,0.005564265884459019,0.00012771594629157335,0.1581760048866272,0.15390726923942566,0.42431640625,0.02115912208504801,0.22477690875530243,0.26410025358200073,0.8478939786671101,0.006561260670423508,0.00016061683709267527,0.2053205519914627,0.15469953417778015,0.43994140625,0.0012174211248285323,0.34158211946487427,0.30857136845588684,1.1034034612718033,0.005421286448836327,9.31371541810222e-05,0.129940465092659,0.12989956140518188,0.3564453125,0.0,0.15316131711006165,0.2035311758518219,0.7488409357262165,0.005742195062339306,0.00015223394439090043
p41002696_L13_s08,p41002696_L13,plate_41002696,Thalidomide,11.0,0.9274027943611144,-0.0958186089992523,test,52,429.53846153846155,0.456471818328466,0.9604676474052743,0.05558713153004646,0.11193545907735825,0.116455078125,0.020459533607681754,0.4195548892021179,0.06337454915046692,6.517403146722851,0.0074190618470311165,0.0008158312411978841,0.12058699876070023,0.06285583972930908,0.17822265625,0.0,0.11714860796928406,0.15618768334388733,0.7452785452215884,0.005165921989828348,0.00013920717174187303,0.14210954308509827,0.07857349514961243,0.2210693359375,0.006546639231824417,0.18292316794395447,0.19273684918880463,0.944183663096989,0.006283643655478954,0.00021365219436120242,0.20922791957855225,0.07379133254289627,0.296875,0.0026200274348422495,0.28431206941604614,0.2476920634508133,1.1432293635388884,0.005147068295627832,0.00011054118658648804,0.0991360992193222,0.07113758474588394,0.17529296875,0.0,0.1145462840795517,0.1291915327310562,0.8798289848555377,0.005313666071742773,0.00016477855388075113
p41002696_M17_s08,p41002696_M17,plate_41002696,Raltegravir,11.0,0.9923266172409058,0.0274788551032543,test,48,416.1458333333333,0.48787569502249134,0.9629249554525213,0.05192933976650238,0.10703830420970917,0.08551025390625,0.01712962962962963,0.4229152798652649,0.06330017000436783,6.577203137045156,0.006896980106830597,0.0006942488253116608,0.11759738624095917,0.0643514022231102,0.1788330078125,0.0,0.11574683338403702,0.1583271473646164,0.7264727656182354,0.005122668109834194,0.00013478531036525965,0.1390349417924881,0.07936132699251175,0.220703125,0.004989711934156379,0.1839076727628708,0.1975511908531189,0.9262481477581221,0.006197480019181967,0.00020160518761258572,0.20350466668605804,0.08103787899017334,0.290283203125,0.0010871056241426613,0.28950464725494385,0.2543594539165497,1.1337142322898006,0.0053369104862213135,0.0001117887077271007,0.09860513359308243,0.07117888331413269,0.17578125,0.0,0.11608631908893585,0.13409560918807983,0.8592900967441564,0.005340933334082365,0.00016388467338401824
p41002697_E19_s08,p41002697_E19,plate_41002697,Irinotecan,1.0,0.9308834671974182,-0.0095288725569844,test,45,438.2888888888889,0.49083143612923186,0.9630207273730763,0.05288572981953621,0.1077846959233284,0.08294677734375,0.01960562414266118,0.4302240312099457,0.062496621161699295,6.77554212080585,0.006876652594655752,0.0007444719667546451,0.1259765625,0.06360165774822235,0.1796875,0.0,0.11331276595592499,0.16310863196849823,0.690474136532173,0.005545314401388168,0.0001484117383370176,0.1483040153980255,0.07915730774402618,0.2236328125,0.007486282578875171,0.1845061182975769,0.204126238822937,0.8994759488416341,0.006661924999207258,0.00022193050244823098,0.21548566222190857,0.07319413870573044,0.29833984375,0.0031310013717421124,0.2913581132888794,0.25921666622161865,1.119675067394563,0.005480644758790731,0.00011638413707260042,0.1040007695555687,0.07157966494560242,0.174560546875,1.02880658436214e-05,0.11553256958723068,0.1393999308347702,0.8228819551428077,0.005764546804130077,0.00017989781918004155
p41002697_E21_s08,p41002697_E21,plate_41002697,Gabapentin enacarbil,1.0,1.073294758796692,-0.0941845253109932,test,60,419.8833333333333,0.45491468392785905,0.9624920183122256,0.063719242811203,0.1198464035987854,0.1724853515625,0.026066529492455418,0.42701834440231323,0.068138986825943,6.176230864900139,0.008458851836621761,0.0009023266029544175,0.13123725354671478,0.06594347208738327,0.20142821967601776,0.0,0.12635371088981628,0.17097917199134827,0.7347035657095311,0.0053856451995670795,0.00015141906624194235,0.15701906383037567,0.08375094085931778,0.2548828125,0.00352880658436214,0.1956823468208313,0.21661421656608582,0.899216741942068,0.006900538690388203,0.0002455281501170248,0.2246113270521164,0.08056211471557617,0.3315673768520355,0.0034910836762688615,0.30847859382629395,0.2702499032020569,1.1372486780078408,0.005450327415019274,0.0001199934195028618,0.1115218847990036,0.0757925882935524,0.2076416015625,0.0,0.12730181217193604,0.14849506318569183,0.8515452581454883,0.005915380083024502,0.0001887201506178826
p41002697_E22_s08,p41002697_E22,plate_41002697,Macitentan,1.0,0.9939844012260436,-0.0292818583548069,test,72,400.81944444444446,0.4418872256095445,0.9629208324303227,0.06865440309047699,0.12463777512311935,0.2171630859375,0.026944444444444444,0.420063853263855,0.06783848255872726,6.102166079931983,0.008837024681270123,0.0009869066998362541,0.13667215406894684,0.062299348413944244,0.2047119140625,0.0,0.13013657927513123,0.17453095316886902,0.7413882106019998,0.005404793191701174,0.0001495905453339219,0.1635037511587143,0.07990658283233643,0.2607421875,0.003453360768175583,0.20225590467453003,0.22077323496341705,0.9119942030330822,0.006702888756990433,0.00023410697758663446,0.23256301879882812,0.07677438110113144,0.338623046875,0.003323045267489712,0.31323856115341187,0.27391013503074646,1.1394216554379804,0.00541133526712656,0.00011776412429753691,0.11569905281066895,0.0731687843799591,0.209716796875,0.0,0.13359665870666504,0.15286293625831604,0.8682835642911004,0.005777160171419382,0.0001758860016707331
p41002697_F10_s08,p41002697_F10,plate_41002697,Edoxaban (tosylate),1.0,0.8463629484176636,-0.0123507278040051,test,55,431.6909090909091,0.47784102865758926,0.9621072806992259,0.05920925363898277,0.12086296081542969,0.1361083984375,0.028988340192043896,0.4418841600418091,0.06348543614149094,6.85246447077209,0.008024352602660656,0.0009351978078484535,0.11643858999013901,0.05826948210597038,0.176513671875,4.801097393689986e-05,0.12450466305017471,0.1657341569662094,0.7467255978953791,0.0050214906223118305,0.00014427250425796956,0.13955233991146088,0.07241930812597275,0.21923828125,0.003559670781893004,0.19441556930541992,0.20998261868953705,0.9214767098492805,0.0059744687750935555,0.00020892827888019383,0.20385780930519104,0.0735919326543808,0.288818359375,0.0038203017832647464,0.30557703971862793,0.2571946084499359,1.1835144101309905,0.005231959279626608,0.00011924419231945649,0.09631143510341644,0.06352881342172623,0.1661376953125,3.429355281207133e-06,0.12675820291042328,0.14383192360401154,0.8752089992051473,0.005050937179476023,0.00016427818627562374
p41002697_G22_s08,p41002697_G22,plate_41002697,Nifurtimox,1.0,1.1416058540344238,0.0384426638484001,test,45,384.5777777777778,0.48501123166690097,0.9625642338315434,0.04755550995469093,0.1048288568854332,0.05997009202837944,0.02218792866941015,0.4388973116874695,0.06631213426589966,6.520329751448914,0.00661825155839324,0.0007050123531371355,0.11500084400177002,0.07451393455266953,0.1995849609375,6.515775034293553e-05,0.14538635313510895,0.19322624802589417,0.7485412224805275,0.005223950371146202,0.0001443280780222267,0.1396550089120865,0.08970583230257034,0.25,0.0035082304526748973,0.2168404757976532,0.2464786320924759,0.8761987811401266,0.0061788409948349,0.00021389266476035118,0.198623389005661,0.09603704512119293,0.325439453125,0.0041460905349794235,0.3379673957824707,0.2904309034347534,1.1596827645910106,0.005489893723279238,0.0001195678923977539,0.1014045923948288,0.08078259974718094,0.2119140625,3.429355281207133e-06,0.14846420288085938,0.18268077075481415,0.8082729741973724,0.005542191676795483,0.00019079595222137868
p41002697_I13_s08,p41002697_I13,plate_41002697,Zalcitabine,1.0,0.9065693616867064,-0.0603222623467445,test,33,462.3333333333333,0.4598690210327522,0.9631723041559094,0.04260878264904022,0.09710930287837982,0.0465087890625,0.01487997256515775,0.43068912625312805,0.06012583151459694,7.045943025744833,0.0060402583330869675,0.0006132376147434115,0.10072647035121918,0.06646084785461426,0.173583984375,2.400548696844993e-05,0.12719213962554932,0.16431516408920288,0.7693918481484091,0.005141593515872955,0.00014307790843304247,0.11974024027585983,0.08177114278078079,0.211669921875,0.0052366255144032925,0.19439850747585297,0.20695675909519196,0.9348025441523028,0.006356234662234783,0.0002230343088740483,0.17951491475105286,0.08833521604537964,0.280029296875,0.002414266117969822,0.3055470585823059,0.25618991255760193,1.1880211612649216,0.005744571797549725,0.0001236430834978819,0.08435207605361938,0.069951131939888,0.1683349609375,0.0,0.12580008804798126,0.14332744479179382,0.8716297044505981,0.0054402160458266735,0.0001837592280935496
p41002697_I14_s08,p41002697_I14,plate_41002697,Ebrotidine,1.0,0.9760382771492004,-0.0264600031077861,test,42,487.3333333333333,0.44860765517908435,0.9625885763419597,0.05309145152568817,0.11184069514274597,0.09796142578125,0.022626886145404663,0.4356638789176941,0.06504260003566742,6.596709982381167,0.006900823209434748,0.0006926372298039496,0.11270295083522797,0.05134619399905205,0.16259765625,0.0,0.11289077997207642,0.14841964840888977,0.7555283470025883,0.004694287199527025,0.00012453531962819397,0.13366295397281647,0.06500136107206345,0.19921875,0.0014300411522633744,0.18243445456027985,0.18587148189544678,0.976256262913089,0.005969959311187267,0.0002083489380311221,0.2041054517030716,0.06540557742118835,0.278076171875,0.0015020576131687243,0.29080650210380554,0.24745024740695953,1.1704818374661017,0.004851986188441515,0.0001035594250424765,0.08982764929533005,0.05661880224943161,0.14794921875,0.0,0.11497979611158371,0.11995694041252136,0.9505845280101107,0.0049765706062316895,0.00015796786465216428
p41002697_I22_s08,p41002697_I22,plate_41002697,Thio-TEPA,1.0,1.0582431554794312,-0.0292818583548069,test,49,388.3265306122449,0.5318173721371692,0.9619689770745349,0.04998137429356575,0.10260637104511261,0.08118285983800888,0.016152263374485595,0.411910742521286,0.06526578217744827,6.216039847205915,0.006798654794692993,0.0006868726341053843,0.11596404761075974,0.06591591238975525,0.1810302734375,0.0,0.13138094544410706,0.17805537581443787,0.7337447694408366,0.0051152645610272884,0.00014185857435222715,0.13833485543727875,0.08223223686218262,0.228515625,0.0033710562414266117,0.20198407769203186,0.22312158346176147,0.9012254624128755,0.006245695520192385,0.00021576594735961407,0.2003016471862793,0.08665008842945099,0.291015625,0.004735939643347051,0.3083888292312622,0.27407199144363403,1.1211204296474337,0.005400994326919317,0.00011891468602698296,0.09784043580293655,0.07095606625080109,0.1798095703125,6.858710562414266e-06,0.13399633765220642,0.15835462510585785,0.8408688330394795,0.0054596541449427605,0.0001749233779264614
p41002697_J16_s08,p41002697_J16,plate_41002697,6-Thioguanine,1.0,0.933199107646942,-0.0828971043229103,test,42,418.3333333333333,0.4975380963808282,0.9659356557027665,0.0473034493625164,0.09380663186311722,0.079833984375,0.011035665294924554,0.3887406885623932,0.07045669853687286,5.4402273897638365,0.006290481425821781,0.0004597179067786783,0.1273808628320694,0.060338109731674194,0.1983642578125,0.0,0.14594106376171112,0.19042785465717316,0.7623815458992422,0.005961729679256678,0.00016456941375508904,0.15128371119499207,0.07529136538505554,0.2476806640625,0.00037037037037037035,0.2235719859600067,0.24062834680080414,0.9252721748922824,0.0075096553191542625,0.00025174050824716687,0.23417679965496063,0.07747455686330795,0.331298828125,0.0007647462277091907,0.34261924028396606,0.3069591820240021,1.1125475721560483,0.006094894837588072,0.00012245461402926594,0.11352668702602386,0.07088515162467957,0.203125,0.0,0.15434198081493378,0.17579680681228638,0.8729907717100684,0.006967398803681135,0.00023721954494249076
p41002697_L12_s08,p41002697_L12,plate_41002697,control,0.0,0.970828115940094,-0.0575004070997238,test,34,425.44117647058823,0.5130830544215271,0.9636448548039295,0.040457215160131454,0.09626083821058273,0.038970947265625,0.01652949245541838,0.4384588301181793,0.06026284769177437,7.157010270305314,0.005514161195605993,0.0005714782746508718,0.09023284912109375,0.05662229284644127,0.1588134765625,0.0,0.11807906627655029,0.1588488668203354,0.7386919195946949,0.004429661203175783,0.00012012504885205999,0.1059831827878952,0.06832780689001083,0.18896484375,0.0,0.18746283650398254,0.20213499665260315,0.9228485469915222,0.005217343103140593,0.0001729516952764243,0.16125452518463135,0.08623911440372467,0.255615234375,0.0004252400548696845,0.2981218099594116,0.25177785754203796,1.1793826122995474,0.005125378258526325,0.0001066684490069747,0.07421620190143585,0.05374312773346901,0.1376953125,0.0,0.12068528681993484,0.1375425159931183,0.87110650441724,0.004648397210985422,0.0001482588122598827
p41002697_M10_s08,p41002697_M10,plate_41002697,Troglitazone,1.0,0.9957211017608644,-0.0970063805580139,test,54,435.64814814814815,0.4840383781590828,0.9570557612840291,0.059113968163728714,0.1159924641251564,0.136474609375,0.023532235939643348,0.42610570788383484,0.06645862013101578,6.316549420315257,0.007650814484804869,0.0008003393886610866,0.12498628348112106,0.06483251601457596,0.1888427734375,0.0,0.12589775025844574,0.17030559480190277,0.7349307557878275,0.005221377592533827,0.00014106552407611161,0.1485123634338379,0.0818941742181778,0.23828125,0.005579561042524005,0.1942654252052307,0.21563175320625305,0.8967541569045625,0.00647389842197299,0.00022201731917448342,0.2141665816307068,0.08031965047121048,0.314697265625,0.0037688614540466393,0.30367985367774963,0.26638928055763245,1.1357218697938611,0.00533505342900753,0.00011375394387869164,0.10436143726110458,0.0745544359087944,0.1910400390625,0.0,0.12663787603378296,0.14844678342342377,0.8473777296028051,0.005552674178034067,0.00017515891522634774
p41002698_E11_s01,p41002698_E11,plate_41002698,Raltegravir,0.1369294673204422,0.8776556849479675,-0.0926596894860267,test,48,444.3541666666667,0.4769936994828467,0.9646755528551944,0.05457852780818939,0.11128591746091843,0.10479736328125,0.019609053497942387,0.4266926944255829,0.061697687953710556,6.805557084347486,0.007283052895218134,0.0008085074368864298,0.12143705785274506,0.0732688158750534,0.1868896484375,0.0,0.11662048101425171,0.16468317806720734,0.7038764126491227,0.005242815241217613,0.00013924353697802871,0.14388497173786163,0.091067835688591,0.234375,0.008943758573388203,0.18660224974155426,0.20539866387844086,0.9040865199178529,0.0064393398351967335,0.00021375436335802078,0.20797188580036163,0.08926013112068176,0.317626953125,0.0032818930041152265,0.29242366552352905,0.26174160838127136,1.1129705238737264,0.005375071428716183,0.00010889690747717395,0.10248905420303345,0.08121975511312485,0.19056396186351776,0.0,0.11843376606702805,0.1413661539554596,0.8318955227524163,0.005465502850711346,0.00016363567556254566
p41002698_E24_s01,p41002698_E24,plate_41002698,Retinoic acid,0.1369294673204422,1.202947974205017,0.1095957309007644,test,47,385.1063829787234,0.5055729117174812,0.9606422826080624,0.04741077125072479,0.10217169672250748,0.06341552734375,0.01605281207133059,0.4209902584552765,0.06058734655380249,6.835661576806217,0.006569572724401951,0.0006930491654202342,0.10753621906042099,0.061366006731987,0.170166015625,1.3717421124828532e-05,0.12039411813020706,0.16414397954940796,0.7290251722085177,0.005086494609713554,0.00013414636487141252,0.12751856446266174,0.07680244743824005,0.2081298828125,0.004152949245541838,0.19194497168064117,0.2066115438938141,0.9245390120446009,0.006103571504354477,0.00019783673633355647,0.19025340676307678,0.0834328904747963,0.28125,0.0011042524005486969,0.2981363534927368,0.26091843843460083,1.1382793638912876,0.005456284154206514,0.00011241787433391437,0.09040707349777222,0.06598606705665588,0.1656494140625,3.429355281207133e-06,0.12422185391187668,0.14292311668395996,0.8631125893740532,0.0052951001562178135,0.00016436334408354014
p41002698_F20_s01,p41002698_F20,plate_41002698,control,0.0,0.9632033109664916,-0.0196230094879865,test,39,445.4871794871795,0.46526547654970896,0.9631340433277649,0.04766598343849182,0.10124915093183517,0.055816650390625,0.016872427983539096,0.4269670248031616,0.06313785165548325,6.657020991233334,0.006027526687830687,0.0006132497801445425,0.11679971218109131,0.059303514659404755,0.168701171875,0.0,0.11702108383178711,0.16410967707633972,0.7087475786030489,0.004734167363494635,0.00012098885054001585,0.13569805026054382,0.07212775200605392,0.201416015625,0.003216735253772291,0.18619169294834137,0.20370154082775116,0.9095764115669986,0.00538588035851717,0.00016217076336033642,0.19945791363716125,0.0768490806221962,0.2734375,0.001574074074074074,0.29365116357803345,0.2600480318069458,1.1248932295923182,0.005009564571082592,0.00010162702528759837,0.09430740773677826,0.06422935426235199,0.1522216796875,0.0,0.11821454018354416,0.1401563584804535,0.8374722999099883,0.004851393401622772,0.0001410272961948067
p41002698_I23_s01,p41002698_I23,plate_41002698,Lercanidipine,0.1369294673204422,1.1142319440841677,-0.0617595575749874,test,30,473.3666666666667,0.48415836144334823,0.9625322886111429,0.03949134424328804,0.09463714808225632,0.0364990234375,0.015277777777777777,0.4363170266151428,0.059498853981494904,7.2119882923501555,0.005216693039983511,0.0005429429584182799,0.08796488493680954,0.05362724885344505,0.1527099609375,0.0,0.11284351348876953,0.1511393040418625,0.7417117765815442,0.004188498016446829,0.00010348684008931741,0.1027202382683754,0.06533660739660263,0.177001953125,0.0006035665294924555,0.1813487410545349,0.18820716440677643,0.9584665655929038,0.00469905324280262,0.0001356146385660395,0.1585494875907898,0.07997062802314758,0.2445068359375,0.0005384087791495198,0.28493577241897583,0.2393420934677124,1.185542525272437,0.004680680111050606,9.284802217734978e-05,0.07089679688215256,0.0496198870241642,0.1256103515625,0.0,0.11336204409599304,0.12285947799682617,0.9152472295975435,0.004135340452194214,0.00011679976159939542
p41002698_J13_s01,p41002698_J13,plate_41002698,Compound_567dbb1e,0.1369294673204422,0.9558103084564208,-0.0729959681630134,test,38,450.6578947368421,0.45534406886044726,0.9619910545274765,0.04366810992360115,0.103275828063488,0.049957275390625,0.018957475994513032,0.4322780668735504,0.062304478138685226,6.828554307430365,0.006348916795104742,0.000641291553620249,0.09057781100273132,0.062112074345350266,0.1651611328125,0.0004938271604938272,0.1304423213005066,0.16473935544490814,0.7870328743004295,0.004569103941321373,0.0001235289528267458,0.11250077933073044,0.07466255128383636,0.2030029296875,0.0014986282578875172,0.20099030435085297,0.20914514362812042,0.9564356372019325,0.005491624586284161,0.00018312085012439638,0.16851726174354553,0.09349760413169861,0.2793212831020355,0.0007613168724279835,0.31786370277404785,0.263998419046402,1.1994928268548992,0.0051607778295874596,0.00010585291602183133,0.07886769622564316,0.06194036081433296,0.1588134765625,0.0,0.13467352092266083,0.14575912058353424,0.9176500948437178,0.004924476146697998,0.0001653622166486457
p41002698_J16_s01,p41002698_J16,plate_41002698,Lapatinib,0.1369294673204422,0.9119803309440612,-0.050523143261671,test,51,424.54901960784315,0.48602224274787403,0.9642187203528952,0.05398569628596306,0.1051173284649849,0.11077880859375,0.015624142661179698,0.3996206223964691,0.06766629964113235,5.819748908634784,0.007000490557402372,0.000609405804425478,0.12106919288635254,0.05329976603388786,0.1671142578125,0.0,0.11670095473527908,0.15742625296115875,0.7366263643431027,0.004984499886631966,0.0001262448786292225,0.14337100088596344,0.06667373329401016,0.2064208984375,0.003926611796982168,0.18760401010513306,0.1958572119474411,0.952995362726266,0.0064017679542303085,0.00021080409351270646,0.21688947081565857,0.06494002789258957,0.286865234375,0.0009670781893004115,0.29290318489074707,0.26332634687423706,1.1081119546138414,0.005108934827148914,0.0001028120968840085,0.09810705482959747,0.059227485209703445,0.1563720703125,0.0,0.1189621314406395,0.13046328723430634,0.9049076281548772,0.005453349091112614,0.0001641753187868744
p41002698_K10_s01,p41002698_K10,plate_41002698,Thalidomide,0.1369294673204422,0.9616191387176514,-0.0645686611533165,test,32,396.59375,0.5223620010108854,0.958985804939116,0.03479048237204552,0.08385604619979858,0.03924560546875,0.01020233196159122,0.39868998527526855,0.06319265067577362,6.210835369441047,0.005130419973284006,0.00043340036063455045,0.0946803167462349,0.07247663289308548,0.1708984375,0.00040809327846364884,0.13366945087909698,0.1681579351425171,0.7902050280199936,0.004882271401584148,0.00012899165449198335,0.1156403124332428,0.0854804515838623,0.2080078125,0.007469135802469135,0.20543846487998962,0.2115965485572815,0.9663301980870908,0.005799294915050268,0.00018482442828826606,0.17374065518379211,0.0966276079416275,0.28857421875,0.003713991769547325,0.310903400182724,0.26645591855049133,1.1624472618430035,0.00525287538766861,0.00010466238018125296,0.0836474671959877,0.07515261322259903,0.1785888671875,3.08641975308642e-05,0.13882789015769958,0.14976461231708527,0.9208254379066051,0.00515180267393589,0.0001720781874610111
p41002698_L19_s01,p41002698_L19,plate_41002698,Sorafenib,0.1369294673204422,0.9874946475028992,-0.0168139059096574,test,41,350.3170731707317,0.5475081224991829,0.951726423227427,0.0372203104197979,0.07379145175218582,0.06787109375,0.0036899862825788754,0.324489563703537,0.06901713460683823,4.634430779345913,0.005091697443276644,0.0002711481647565961,0.12609881162643433,0.09050101786851883,0.2366943359375,0.0016323731138545954,0.17827185988426208,0.21799589693546295,0.8140420089094087,0.005965615622699261,0.00015366579464171082,0.14830361306667328,0.10837189853191376,0.290771484375,0.010658436213991769,0.25833258032798767,0.27049046754837036,0.9515346253619811,0.007511995267122984,0.0002345912653254345,0.22697624564170837,0.11282401531934738,0.36328125,0.006841563786008231,0.3618292212486267,0.33378472924232483,1.0807817371703548,0.006190032232552767,0.00011049147724406794,0.1189410537481308,0.09749697893857956,0.248779296875,0.0,0.18589778244495392,0.21081994473934174,0.8776217115612662,0.006947519723325968,0.00023231998784467578
p41002698_M13_s01,p41002698_M13,plate_41002698,Olmesartan,0.1369294673204422,0.9352155327796936,0.0056589180603623,test,21,376.5238095238095,0.5599085330407739,0.9606162728691912,0.026125025004148483,0.06918782740831375,0.029541015625,0.007177640603566529,0.4089371860027313,0.06121425703167915,6.573046203774527,0.004099452868103981,0.00030710751889273524,0.0754513144493103,0.06661143898963928,0.1588134765625,0.0,0.15817119181156158,0.18657070398330688,0.8432617058665955,0.004589390940964222,0.00011838055070256814,0.09179384261369705,0.07790646702051163,0.1866455078125,0.0016255144032921811,0.22446900606155396,0.23195718228816986,0.9635633632616831,0.005217000376433134,0.00016156172205228359,0.14394156634807587,0.10272659361362457,0.271728515625,0.0030864197530864196,0.3448137044906616,0.2857475280761719,1.2024993094240903,0.005277036689221859,0.0001026237296173349,0.07205186784267426,0.06912802159786224,0.16748046875,0.0,0.15714718401432037,0.17809799313545227,0.8774368783432964,0.00496236328035593,0.00016299526032526046
p41002699_C24_s08,p41002699_C24,plate_41002699,Nifurtimox,0.1369294673204422,1.2413115501403809,0.1462916880846023,test,48,458.875,0.4731252485998918,0.9644465210032896,0.05669574812054634,0.1145506501197815,0.1156005859375,0.02378257887517147,0.4332321286201477,0.06356824934482574,6.7096774810554045,0.0076914275996387005,0.0008492507040500641,0.12025074660778046,0.05924751237034798,0.1724853515625,4.458161865569273e-05,0.1143687441945076,0.15577395260334015,0.7295136870336898,0.00519484793767333,0.00014588564226869494,0.14196167886257172,0.07390235364437103,0.211669921875,0.007705761316872428,0.18307200074195862,0.19689062237739563,0.9251171103642469,0.006503414362668991,0.0002359181671636179,0.20921382308006287,0.0693817287683487,0.28173828125,0.005510973936899863,0.2892214357852936,0.2490340918302536,1.1567280032422298,0.005304234568029642,0.00012163429346401244,0.09822732210159302,0.06386765837669373,0.158935546875,0.0,0.11579404026269913,0.13068825006484985,0.8793042675081214,0.005509075243026018,0.00018676694890018553
p41002699_I10_s08,p41002699_I10,plate_41002699,Irinotecan,0.1369294673204422,0.9667651057243348,-0.0902893990278244,test,44,436.1136363636364,0.5372458305605758,0.9608757132841839,0.049867160618305206,0.10422513633966446,0.0830078125,0.017424554183813442,0.4160897433757782,0.06801989674568176,6.028547752091659,0.006709859240800142,0.0006365325534716249,0.11408018320798874,0.06894698739051819,0.1785888671875,7.887517146776407e-05,0.1334630250930786,0.17425766587257385,0.7615246068044564,0.005412193015217781,0.000150726962601766,0.13624455034732819,0.08654233068227768,0.224853515625,0.01027434842249657,0.20240655541419983,0.21935026347637177,0.9185673401107776,0.006719307973980904,0.0002475876244716346,0.20236828923225403,0.08283497393131256,0.302978515625,0.0026508916323731138,0.31203582882881165,0.27184009552001953,1.1436582597366673,0.005526038818061352,0.00011898540833499283,0.09528137743473053,0.0760834738612175,0.1767578125,0.0,0.13440898060798645,0.1525166779756546,0.8755334103132538,0.005646102130413055,0.0001892098516691476
p41002699_I15_s08,p41002699_I15,plate_41002699,6-Thioguanine,0.1369294673204422,0.9204753041267396,-0.0705743059515953,test,33,463.030303030303,0.5143117642854569,0.9651285599702109,0.043987784534692764,0.09536338597536087,0.051025390625,0.015140603566529492,0.4239776134490967,0.062477175146341324,6.67921363027973,0.005879373289644718,0.000570557196624577,0.1087818518280983,0.06518100202083588,0.16796875,0.0006755829903978052,0.12187080085277557,0.16492852568626404,0.7344776936257943,0.004981855861842632,0.00013115712499711663,0.12804245948791504,0.07893436402082443,0.2022705078125,0.008885459533607682,0.19278156757354736,0.20975887775421143,0.9147020027235611,0.005734052509069443,0.0001775978016667068,0.18838927149772644,0.0821300819516182,0.267822265625,0.004633058984910837,0.2968696653842926,0.25980228185653687,1.1382939722421441,0.0053545511327683926,0.00011151572834933177,0.08909712731838226,0.06609203666448593,0.154296875,0.0,0.12470466643571854,0.1439008265733719,0.8606208079328875,0.005052193533629179,0.00015416565292980522
p41002699_J14_s08,p41002699_J14,plate_41002699,Gabapentin enacarbil,0.1369294673204422,0.9641047716140748,-0.0198783595114946,test,41,424.2682926829268,0.4640312035481475,0.9599620526186239,0.04744797572493553,0.10410226881504059,0.054168701171875,0.020949931412894376,0.43737584352493286,0.060015566647052765,7.16826651885334,0.00648631202057004,0.0007187285809777677,0.11118944734334946,0.0656440407037735,0.1751708984375,0.00048010973936899864,0.11540722101926804,0.1661481261253357,0.6904487875187435,0.00511054415255785,0.0001425550290150568,0.1308135837316513,0.08002983778715134,0.212158203125,0.006992455418381344,0.18360792100429535,0.20761947333812714,0.8801092154360228,0.005776462610810995,0.0001891495194286108,0.19241493940353394,0.08004286885261536,0.27685546875,0.004866255144032922,0.28918367624282837,0.25584280490875244,1.1259169839138206,0.005221301224082708,0.00011083260324085131,0.0914199948310852,0.06889894604682922,0.1624755859375,6.858710562414266e-06,0.11547105014324188,0.14401373267173767,0.7962766561193864,0.005020964425057173,0.00016094170860014856
p41002699_J15_s08,p41002699_J15,plate_41002699,Edoxaban (tosylate),0.1369294673204422,0.9492068886756896,-0.0705743059515953,test,33,444.42424242424244,0.47641345250424866,0.9655358559795669,0.040021076798439026,0.09411206841468811,0.04022216796875,0.014012345679012345,0.425275981426239,0.05911727994680405,7.074105511802144,0.005404014140367508,0.0005505366716533899,0.09546133875846863,0.06879111379384995,0.16796875,0.0001440329218106996,0.11794860661029816,0.1628851741552353,0.7197027261207588,0.004608547780662775,0.00012216174218337983,0.11287655681371689,0.08264952152967453,0.1998291015625,0.006807270233196159,0.18889804184436798,0.2062145471572876,0.9116060838189302,0.005310945678502321,0.00017197246779687703,0.16531668603420258,0.09778918325901031,0.264892578125,0.0021227709190672155,0.2934340834617615,0.2548601031303406,1.1468536120783157,0.004803013522177935,9.987071098294109e-05,0.08283055573701859,0.0660778060555458,0.154052734375,0.0,0.12220164388418198,0.14274242520332336,0.8501431898851575,0.004824967123568058,0.00015354606148321182
p41002699_J18_s08,p41002699_J18,plate_41002699,Zalcitabine,0.1369294673204422,1.0449788570404053,-0.073390744626522,test,47,435.6170212765957,0.5042069728653712,0.9649595714179975,0.048703987151384354,0.10563302040100098,0.076171875,0.01621056241426612,0.4096647799015045,0.06265314668416977,6.435892037422027,0.006743359845131636,0.0006261562812142074,0.10440171509981155,0.05678965523838997,0.15968017280101776,0.0,0.12577125430107117,0.15382760763168335,0.8123309287337577,0.004840156063437462,0.00012776543735526502,0.1235254555940628,0.07140854746103287,0.1966552734375,0.0026406035665294926,0.19247838854789734,0.19370760023593903,0.9885509775409875,0.0061811949126422405,0.00022050697589293122,0.19017305970191956,0.07545200735330582,0.265869140625,0.0015946502057613168,0.29459553956985474,0.24960285425186157,1.1755474232299825,0.005021980032324791,0.00010466505045769736,0.08490055799484253,0.06025528907775879,0.14697265625,0.0,0.12603825330734253,0.12824799120426178,0.9751660519671317,0.005058459006249905,0.0001612140767974779
p41002699_J19_s08,p41002699_J19,plate_41002699,Thio-TEPA,0.1369294673204422,0.9768743515014648,-0.0677578672766685,test,27,427.5925925925926,0.4901787038511507,0.9590295770319641,0.034421585500240326,0.08450721949338913,0.03460693359375,0.012722908093278463,0.42432525753974915,0.06048620492219925,6.901145680997281,0.004842732101678848,0.00045281299389898777,0.08287206292152405,0.06674308329820633,0.1630859375,0.00015432098765432098,0.12049709260463715,0.16243711113929749,0.7372688599588465,0.004609742667526007,0.0001243115111719817,0.09901228547096252,0.07920949161052704,0.1932373046875,0.003347050754458162,0.19108130037784576,0.2065184861421585,0.9207917035735669,0.005288777407258749,0.00015985913341864944,0.14795677363872528,0.09698546677827835,0.258544921875,0.00102880658436214,0.3015381693840027,0.2555888593196869,1.1751802871858632,0.005216576624661684,0.00010332475358154625,0.07175184041261673,0.06244872882962227,0.14697265625,0.0,0.12439462542533875,0.14457598328590393,0.8544996407891948,0.004734502173960209,0.00014149844355415553
p41002699_J24_s08,p41002699_J24,plate_41002699,Troglitazone,0.1369294673204422,0.9880477786064148,0.0674313232302665,test,41,420.9024390243902,0.47966044420176235,0.9653428439456663,0.04573745280504227,0.0995742455124855,0.059844970703125,0.01623113854595336,0.41649186611175537,0.06049862131476402,6.772377285989139,0.006285028997808695,0.0006247404380701482,0.10511956363916397,0.05847468972206116,0.166015625,0.0,0.12105543911457062,0.15481777489185333,0.7769039135528035,0.004793455824255943,0.00012697826605290174,0.12521636486053467,0.072119802236557,0.203369140625,0.004320987654320987,0.18856702744960785,0.1941886693239212,0.9660756851447941,0.005788031034171581,0.00019289966439828277,0.18854831159114838,0.07537677139043808,0.266357421875,0.0017832647462277093,0.2931656837463379,0.2481735646724701,1.176552111905185,0.00496557354927063,0.00010263856529491022,0.08508867770433426,0.05980326235294342,0.14794921875,0.0,0.12092747539281845,0.12927231192588806,0.9282669018848312,0.004863986279815435,0.00015169863763730973
p41002699_K17_s08,p41002699_K17,plate_41002699,Macitentan,0.1369294673204422,1.01465106010437,-0.073390744626522,test,38,445.44736842105266,0.5156557209614163,0.9578476018402456,0.04470616579055786,0.10008068382740021,0.04791259765625,0.015521262002743483,0.42397379875183105,0.06214815750718117,6.71395358928116,0.005873518530279398,0.0005652795662172139,0.10152825713157654,0.05755380541086197,0.161865234375,0.0,0.12349840253591537,0.15667957067489624,0.7832238634803516,0.004754774738103151,0.00012489050277508795,0.11997786909341812,0.07077797502279282,0.197265625,0.0005521262002743484,0.1900598108768463,0.19679255783557892,0.9609047628315688,0.005630109924823046,0.00018556801660452038,0.1799863874912262,0.08305645734071732,0.261962890625,0.0013717421124828531,0.29758456349372864,0.2518196105957031,1.1770628187922156,0.005019368138164282,0.00010505410318728536,0.08367857336997986,0.05837508663535118,0.147216796875,6.858710562414266e-06,0.12382745742797852,0.13277241587638855,0.9256576299137813,0.004833882208913565,0.0001467834081267938
p41002699_K22_s08,p41002699_K22,plate_41002699,Ebrotidine,0.1369294673204422,1.0167794227600098,-0.0311441253870725,test,48,442.2083333333333,0.4711085703270801,0.964817725156989,0.05630236491560936,0.11203157901763916,0.1094970703125,0.023679698216735254,0.4300556480884552,0.0649915412068367,6.516829887947845,0.007509710267186165,0.0007865724037401378,0.12703531980514526,0.06569807976484299,0.19068603217601776,3.429355281207133e-06,0.12019219249486923,0.16100861132144928,0.7418876781579836,0.005500453989952803,0.00014778807235416025,0.1523066908121109,0.08185362815856934,0.2384033203125,0.007932098765432098,0.1889544278383255,0.2030983418226242,0.9258008965234032,0.0070302244275808334,0.00024630705593153834,0.22037802636623383,0.0777163952589035,0.316162109375,0.003477366255144033,0.29719269275665283,0.2586749196052551,1.1444797718949151,0.0055191912688314915,0.00011856527999043465,0.10824483633041382,0.07534903287887573,0.2003173828125,0.0,0.12092407047748566,0.1370934396982193,0.8756684657992841,0.006104591302573681,0.0001968484721146524
p41002700_B15_s01,p41002700_B15,plate_41002700,Nifurtimox,33.5,1.0464487075805664,0.0706081464886665,test,60,425.95,0.4714350004038128,0.964021783198566,0.062336213886737823,0.1210893914103508,0.1646728515625,0.027043895747599453,0.42893001437187195,0.06564835458993912,6.435717986001427,0.008465037681162357,0.0009120125905610621,0.12808386981487274,0.06520256400108337,0.18505859375,1.7146776406035666e-05,0.12054581940174103,0.16228868067264557,0.7382374510294827,0.0055143446661531925,0.0001489046699134633,0.1535743772983551,0.08235173672437668,0.2353515625,0.008182441700960219,0.19193553924560547,0.20606322586536407,0.9269417031607782,0.007111649960279465,0.0002471603802405298,0.22453314065933228,0.07602571696043015,0.318359375,0.0018587105624142662,0.3011043071746826,0.2608761787414551,1.149796474890359,0.005491460673511028,0.00011978686961811036,0.10860992223024368,0.07392040640115738,0.1849365234375,0.0,0.12362413108348846,0.13835686445236206,0.8871047118439458,0.006096400786191225,0.0001957116328412667
p41002700_C11_s01,p41002700_C11,plate_41002700,Irinotecan,33.5,0.8090237975120544,0.0094305397942662,test,45,447.5777777777778,0.43461669114109974,0.9635298025051608,0.05231817811727524,0.11465222388505936,0.07904662936925888,0.027338820301783265,0.450296014547348,0.06240548938512802,7.101845895585289,0.007618507836014032,0.0008376953774131835,0.10364016145467758,0.06094862520694733,0.1746826171875,0.0,0.12027012556791306,0.16458244621753693,0.7263458676646557,0.005640992429107428,0.00017206194752361625,0.13039883971214294,0.07346763461828232,0.219482421875,0.0019787379972565156,0.19202199578285217,0.21329642832279205,0.896057845134086,0.006866589654237032,0.00025300230481661856,0.1900661438703537,0.08216747641563416,0.2861328125,0.000953360768175583,0.30962133407592773,0.2608018219470978,1.1826553832711402,0.006128289736807346,0.00014297914458438754,0.090409055352211,0.06236335635185242,0.1690673828125,0.0,0.12621884047985077,0.14749766886234283,0.849971864520348,0.006326045375317335,0.000247766642132774
p41002700_D11_s01,p41002700_D11,plate_41002700,Gabapentin enacarbil,33.5,0.9591519236564636,-0.0211582649499177,test,68,427.52941176470586,0.5147403297360086,0.9605255512610972,0.06744580715894699,0.12327659130096436,0.216552734375,0.02425582990397805,0.41074100136756897,0.0704062283039093,5.75217332050406,0.009015406481921673,0.0008699310128577054,0.13095806539058685,0.07034946233034134,0.212890625,0.0,0.1321409046649933,0.16597560048103333,0.7913785264692197,0.005566893145442009,0.00014936081424821168,0.15962421894073486,0.0887884795665741,0.2705078125,0.00844650205761317,0.2014680653810501,0.21069487929344177,0.9516907827599566,0.007443219888955355,0.00026552489725872874,0.22939345240592957,0.08245807886123657,0.344482421875,0.004111796982167353,0.3107089102268219,0.2678011357784271,1.1559062402286104,0.005698178894817829,0.00012411382340360433,0.11265774816274643,0.08101695030927658,0.2208251953125,0.0,0.13334348797798157,0.14303180575370789,0.925791961575465,0.006336435675621033,0.00020937521185260266
p41002700_E11_s01,p41002700_E11,plate_41002700,Macitentan,33.5,0.8373813629150391,-0.0712126716971397,test,34,387.0,0.5143004109645456,0.9574152028041043,0.038297973573207855,0.09086203575134277,0.041351318359375,0.014636488340192044,0.4291769564151764,0.0630916878581047,6.696296676806973,0.005561099853366613,0.0005459596868604422,0.09832952916622162,0.07232515513896942,0.1754150390625,4.801097393689986e-05,0.14271678030490875,0.1797245591878891,0.7896922307971115,0.004908512346446514,0.0001327696518274024,0.12043225765228271,0.08572092652320862,0.2142333984375,0.007342249657064472,0.21392440795898438,0.22871792316436768,0.9312482239616857,0.005828168708831072,0.00018675209139473736,0.17510508000850677,0.09649696201086044,0.277587890625,0.004667352537722908,0.3359827697277069,0.27358266711235046,1.2236124488886018,0.005532718263566494,0.00011907392035936937,0.08459816128015518,0.07141026854515076,0.1666259765625,1.02880658436214e-05,0.14552557468414307,0.1649179607629776,0.8770935588584884,0.005082129966467619,0.00016896589659154415
p41002700_E12_s01,p41002700_E12,plate_41002700,control,0.0,1.0030783414840698,-0.0628702715039253,test,45,407.93333333333334,0.5533044068680629,0.9582974756091394,0.04994720593094826,0.10381779074668884,0.0906982421875,0.019176954732510288,0.4182852804660797,0.07126056402921677,5.788569271296533,0.0069718207232654095,0.0006487432983703911,0.12048011273145676,0.07322927564382553,0.193359375,0.0,0.13965731859207153,0.17341148853302002,0.8007346291619503,0.006022789515554905,0.000173824344528839,0.1446657031774521,0.090613454580307,0.2464599609375,0.006941015089163238,0.21051476895809174,0.2214890867471695,0.946180201626316,0.00772499293088913,0.00028420344460755587,0.21212419867515564,0.09118225425481796,0.328857421875,0.001834705075445816,0.3300875723361969,0.27573463320732117,1.1927945863173017,0.006386972963809967,0.00014162655861582607,0.103418730199337,0.08018035441637039,0.1966552734375,0.0,0.14278924465179443,0.15475425124168396,0.9167598541514497,0.006539735943078995,0.00022264948347583413
p41002700_E13_s01,p41002700_E13,plate_41002700,Edoxaban (tosylate),33.5,0.8907602429389954,-0.0406238660216331,test,39,439.05128205128204,0.47599913292625146,0.9642410725556286,0.045237790793180466,0.10549978911876678,0.05517578125,0.022246227709190672,0.44228923320770264,0.06504414975643158,6.696872241354446,0.0065506836399436,0.0006501520983874798,0.09920362383127213,0.0618855357170105,0.17822265625,0.0,0.13913357257843018,0.17061731219291687,0.8107199139794744,0.004884198773652315,0.0001381462498102337,0.1231372058391571,0.07236764580011368,0.21875,1.02880658436214e-05,0.20955905318260193,0.21822558343410492,0.955906011971415,0.005966787692159414,0.00021224554802756757,0.18127992749214172,0.09174571931362152,0.2890625,0.00102880658436214,0.3377683460712433,0.2710210680961609,1.2416992126206945,0.00548400217667222,0.000121111428597942,0.08693103492259979,0.06178775429725647,0.1759033203125,0.0,0.14288948476314545,0.15424610674381256,0.9204062360091385,0.0053763967007398605,0.00018159602768719196
p41002700_G16_s01,p41002700_G16,plate_41002700,6-Thioguanine,33.5,0.9224539399147034,0.0038689391221851,test,31,379.6774193548387,0.4962623160349531,0.9560043763680263,0.03525906428694725,0.08757284283638,0.041839599609375,0.014142661179698217,0.42971596121788025,0.06694135069847107,6.3248074523126965,0.005426833871752024,0.0004968935390934348,0.09297525882720947,0.08573637157678604,0.1903076171875,0.0008093278463648834,0.15954697132110596,0.20117343962192535,0.7891589103863837,0.00547427125275135,0.00015821594570297748,0.11404792219400406,0.10121865570545197,0.2353515625,0.009753086419753086,0.22665996849536896,0.25347110629081726,0.8907100369828829,0.006594035774469376,0.00023101903207134455,0.16333982348442078,0.11504284292459488,0.3154296875,0.007067901234567901,0.3559916317462921,0.2994981110095978,1.1846717789680945,0.006260671652853489,0.0001319942093687132,0.08620152622461319,0.08785967528820038,0.19921875,2.400548696844993e-05,0.1583210676908493,0.19386930763721466,0.8124474275117419,0.005952987354248762,0.0002227289805887267
p41002700_I16_s01,p41002700_I16,plate_41002700,Zalcitabine,33.5,0.9752768278121948,0.0288961417973041,test,41,408.9024390243902,0.5324228700743483,0.9641494870678803,0.04382241889834404,0.098626509308815,0.053924560546875,0.015943072702331963,0.4175623655319214,0.062043748795986176,6.623374616937539,0.006323389708995819,0.0006114180432632565,0.09851108491420746,0.05219624191522598,0.1553955078125,3.429355281207133e-06,0.11373250186443329,0.14964920282363892,0.7549492445544299,0.004684135317802429,0.00012691754091065377,0.11829403042793274,0.06468046456575394,0.1907958984375,0.00237997256515775,0.183415487408638,0.18920427560806274,0.9643079096002353,0.005749323405325413,0.0001954761246452108,0.18267953395843506,0.07114389538764954,0.2587890625,0.0010356652949245542,0.2845333218574524,0.2433270514011383,1.1645592259463038,0.004854243248701096,9.95313748717308e-05,0.08136878162622452,0.05384691432118416,0.1436767578125,3.429355281207133e-06,0.11702315509319305,0.12495274841785431,0.9291036246780666,0.00501273712143302,0.00017157733964268118
p41002700_J16_s01,p41002700_J16,plate_41002700,Ebrotidine,33.5,0.5554741024971008,-0.068431869149208,test,22,319.1818181818182,0.5582909244689789,0.9617162335780182,0.025013523176312447,0.06648372113704681,0.032562255859375,0.007338820301783264,0.4094078838825226,0.07270733267068863,5.554506845495072,0.0035274107940495014,0.0002830766316037625,0.06044822931289673,0.0918915718793869,0.1929931640625,0.00015089163237311386,0.20991186797618866,0.25361648201942444,0.8244237227351789,0.004445671569555998,0.00013930413115303963,0.0763000026345253,0.10878981649875641,0.2344970703125,0.007798353909465021,0.26907461881637573,0.3209550678730011,0.8357520836494965,0.005125377327203751,0.0001915660104714334,0.09254574775695801,0.12980106472969055,0.312255859375,0.008494513031550069,0.4071262776851654,0.3543544113636017,1.1456907939397727,0.005189513321965933,0.00013569093425758183,0.07799220085144043,0.09443211555480957,0.2169189453125,3.429355281207133e-05,0.20359165966510773,0.2695087790489197,0.7526249624168003,0.005260753445327282,0.00021278636995702982
p41002700_J17_s01,p41002700_J17,plate_41002700,Thio-TEPA,33.5,0.9313504099845886,-0.0573086701333522,test,26,457.7307692307692,0.4624774380737224,0.9643352255174196,0.03350125625729561,0.08948750793933868,0.03326416015625,0.015298353909465021,0.4445267915725708,0.0579846017062664,7.536319288655045,0.00513248797506094,0.0005288479733280838,0.07705008238554001,0.06300273537635803,0.1639404296875,0.0,0.13011591136455536,0.1693272739648819,0.7639170658680458,0.004662929568439722,0.0001346302160527557,0.09693314880132675,0.07392363995313644,0.19764403998851776,0.0006927297668038409,0.2028709352016449,0.21785807609558105,0.9269520175853407,0.0053941733203828335,0.00017875961202662438,0.1439884752035141,0.0962049812078476,0.2607421875,0.00040123456790123454,0.32416582107543945,0.26199790835380554,1.232579464622,0.005498153157532215,0.00012224892270751297,0.06915604323148727,0.05875981226563454,0.1505126953125,0.0,0.13652276992797852,0.1571379005908966,0.8633146729395598,0.004886392038315535,0.00017175365064758807
p41002700_J22_s01,p41002700_J22,plate_41002700,Lenvatinib,33.5,0.2224120497703552,-0.0517470687627792,test,28,440.9642857142857,0.4960237820641549,0.9627414390299727,0.035783398896455765,0.09138324111700058,0.043731689453125,0.015949931412894375,0.4406239092350006,0.06839695572853088,6.349326200397703,0.005340933799743652,0.0005028964369557798,0.08505487442016602,0.08486399799585342,0.1832275390625,2.7434842249657064e-05,0.14471417665481567,0.186105415225029,0.773436602466957,0.005057105328887701,0.00015120903844945133,0.10539673268795013,0.10108073800802231,0.22998046875,0.008525377229080932,0.21283835172653198,0.24395762383937836,0.8688782508197933,0.006161322817206383,0.00023697757569607347,0.14580391347408295,0.1220245510339737,0.30615234375,0.004279835390946502,0.3397003412246704,0.28815799951553345,1.174791435110969,0.005637777969241142,0.00013255341036710888,0.08705343306064606,0.08499901741743088,0.19384765625,3.429355281207133e-06,0.14736217260360718,0.17996667325496674,0.8143055842994159,0.005998691078275442,0.00024330934684257954
p41002700_M16_s01,p41002700_M16,plate_41002700,Linagliptin,33.5,0.5971763134002686,0.0233345422893762,test,30,386.1666666666667,0.5269101862374731,0.9609734873567103,0.035623565316200256,0.0862550213932991,0.0406494140625,0.01353909465020576,0.429336279630661,0.0667729303240776,6.33492277193349,0.005209454335272312,0.00047185440780594945,0.09472060203552246,0.07374628633260727,0.1788330078125,0.0013340192043895748,0.143758162856102,0.18214383721351624,0.7849467666689931,0.005026436876505613,0.0001439429761376232,0.11582062393426895,0.08675191551446915,0.2222900390625,0.005521262002743484,0.21709409356117249,0.23561617732048035,0.9174947208581324,0.005966197699308395,0.00019809715740848333,0.17022264003753662,0.09811752289533615,0.283935546875,0.0035768175582990397,0.3389701843261719,0.2774599492549896,1.2173031893206738,0.005609522573649883,0.00011732653365470469,0.08312079310417175,0.07144559919834137,0.1756591796875,0.0,0.1493898630142212,0.1720547080039978,0.8632522324140992,0.005322998855262995,0.00018963661568704993
p41002700_N22_s01,p41002700_N22,plate_41002700,Troglitazone,33.5,0.8679630160331726,-0.068431869149208,test,25,409.2,0.49245055437169655,0.9598366317193294,0.030615907162427902,0.07917061448097229,0.03399658203125,0.010517832647462278,0.4182540774345398,0.06217372789978981,6.620696472084108,0.004614086356014013,0.0003778825921472162,0.08045224845409393,0.07228101789951324,0.168701171875,0.0,0.14709998667240143,0.18397216498851776,0.7952547167382332,0.004869664553552866,0.00013457841123454273,0.0991729274392128,0.08537421375513077,0.2041015625,0.0030315500685871057,0.21954701840877533,0.2375733107328415,0.9202497032647037,0.005804206244647503,0.0001922232040669769,0.1464381366968155,0.10503298044204712,0.272705078125,0.0020267489711934157,0.33735427260398865,0.28289058804512024,1.1883249632438366,0.005722470115870237,0.00011845197877846658,0.0735984817147255,0.07150430232286453,0.162109375,0.0,0.1505817323923111,0.17363736033439636,0.862253827611552,0.005373278167098761,0.00019454325956758112
p41002700_P12_s01,p41002700_P12,plate_41002700,control,0.0,0.9413589835166932,0.0789505466818809,test,37,417.2162162162162,0.5303328036058198,0.9650144282889509,0.0420384481549263,0.09398765861988068,0.044647216796875,0.0122119341563786,0.41542932391166687,0.06049663573503494,6.75531789578848,0.005830060690641403,0.000542675144970417,0.10704906284809113,0.06721393018960953,0.17724609375,2.400548696844993e-05,0.12680162489414215,0.16549527645111084,0.761592926820214,0.005092284642159939,0.00013495786697603762,0.12683604657649994,0.08125142008066177,0.211181640625,0.007061042524005487,0.19229337573051453,0.20531725883483887,0.9320275812914385,0.006142112426459789,0.00019814891857095063,0.19083568453788757,0.08016077429056168,0.2744140625,0.005013717421124829,0.2951851785182953,0.25975239276885986,1.13205165783448,0.005335191730409861,0.00010706984903663397,0.08984342962503433,0.07163753360509872,0.16748046875,0.0,0.12465424835681915,0.14421789348125458,0.8583945502067906,0.005228239111602306,0.00016632604820188135
p41002701_A19_s08,p41002701_A19,plate_41002701,Lapatinib,33.5,0.3876726925373077,0.2306445091962814,test,33,346.54545454545456,0.5297951412359709,0.9592316340514381,0.03264537453651428,0.08776982128620148,0.034759521484375,0.014900548696844993,0.43801799416542053,0.0615663044154644,7.000860898812435,0.004987799562513828,0.0005181878223083913,0.07205420732498169,0.07533968985080719,0.179443359375,6.858710562414266e-06,0.15057170391082764,0.1992303878068924,0.7519922703043609,0.004677142947912216,0.00014651015226263553,0.08984945714473724,0.09019070118665695,0.2218017578125,0.001135116598079561,0.22444942593574524,0.2525595724582672,0.8851940542401997,0.0054876250214874744,0.00020299613242968917,0.1243019551038742,0.1163252666592598,0.283935546875,0.0024691358024691358,0.3537850081920624,0.29558315873146057,1.1928695132429785,0.0057061235420405865,0.0001394726859871298,0.07028828561306,0.07353474199771881,0.1785888671875,6.858710562414266e-06,0.15506823360919952,0.19415777921676636,0.7945787978913286,0.005008920095860958,0.00017417575872968882
p41002701_C21_s08,p41002701_C21,plate_41002701,Thalidomide,33.5,1.0732742547988892,0.0432509109377861,test,60,404.1333333333333,0.5030020538345567,0.9630525384172818,0.06207655370235443,0.1183309331536293,0.1580810546875,0.026165980795610427,0.4269790053367615,0.07125449925661087,5.909376021282098,0.008222485892474651,0.0008053855272009969,0.13343532383441925,0.07086335122585297,0.1998291015625,4.801097393689986e-05,0.12159428745508194,0.164016991853714,0.7368591930391879,0.005546482279896736,0.00015099655138328671,0.15987513959407806,0.08856851607561111,0.251708984375,0.013199588477366256,0.19143347442150116,0.2071147859096527,0.9198456206980253,0.007229569833725691,0.0002450147003401071,0.23110933601856232,0.08000312745571136,0.3330078125,0.0048079561042524005,0.3032666742801666,0.26591217517852783,1.1362039744995618,0.005576044321060181,0.00011906141298823059,0.11475665122270584,0.08029364794492722,0.204833984375,3.429355281207133e-06,0.12382470816373825,0.14063586294651031,0.8742468580185898,0.006245143245905638,0.00020177048281766474
p41002701_D13_s08,p41002701_D13,plate_41002701,Mitoxantrone,33.5,0.0172183029353618,0.5690717697143555,test,25,7431.08,0.7791379725229658,0.913866524191265,0.012144775129854679,0.008737107738852501,0.0218505859375,0.0,0.017089448869228363,0.006613299250602722,2.2446837181495845,0.0008138081757351756,8.962500032794196e-06,0.0039048525504767895,0.016019731760025024,0.016510009765625,0.0,0.004132188390940428,-0.0007208040333352983,14.800315492748318,0.001507326029241085,3.028589708264917e-05,0.015941355377435684,0.01556883379817009,0.02972412109375,0.0,0.01924014464020729,0.010303789749741554,1.7020968247084733,0.0014666486531496048,3.727703733602539e-05,0.010424250736832619,0.026062872260808945,0.0176239013671875,0.0,0.011897008866071701,0.0061333696357905865,1.6677964935926335,0.001686653820797801,5.3882813517702743e-05,0.026984933763742447,0.02274918556213379,0.059814453125,0.0,0.035383258014917374,0.011694482527673244,2.787294238877709,0.001772482879459858,3.6940771678928286e-05
p41002701_D17_s08,p41002701_D17,plate_41002701,Alpha-Naphthoflavone,33.5,0.6141194701194763,0.0012971219839528,test,47,394.9574468085106,0.5084911319369336,0.9615155669045496,0.052054472267627716,0.10577962547540665,0.09027099609375,0.019993141289437584,0.43064939975738525,0.06475261598825455,6.549540170908372,0.007128143683075905,0.0007501267828047276,0.1246999055147171,0.0711202621459961,0.1982421875,6.858710562414266e-05,0.12760496139526367,0.17128126323223114,0.7406781155490783,0.005266458727419376,0.0001454162411391735,0.14876414835453033,0.08844016492366791,0.2471923828125,0.008179012345679013,0.19491922855377197,0.21645233035087585,0.8963768207921938,0.006509984843432903,0.00022393434483092278,0.21219591796398163,0.08518868684768677,0.3193359375,0.00659122085048011,0.3047436475753784,0.26579418778419495,1.1422424532796798,0.005531503353267908,0.0001231764181284234,0.10696426779031754,0.08141496032476425,0.2147216796875,0.0,0.12651240825653076,0.14986294507980347,0.8385916647034051,0.005695723928511143,0.00018707913113757968
p41002701_D19_s08,p41002701_D19,plate_41002701,Sorafenib,33.5,0.1226151883602142,-0.0602351017296314,test,35,330.14285714285717,0.4953046710375865,0.9558884346626059,0.0330980122089386,0.0840061828494072,0.03631591796875,0.012359396433470508,0.41679948568344116,0.0629284530878067,6.519780560167172,0.005015585571527481,0.0005030969041399658,0.08746064454317093,0.08722030371427536,0.1978759765625,5.829903978052126e-05,0.1751818060874939,0.2200203686952591,0.7926048043519147,0.005451921373605728,0.000164854820468463,0.10576775670051575,0.10578475892543793,0.24755859375,0.004619341563786008,0.24961461126804352,0.28305676579475403,0.8787490435922347,0.006606954149901867,0.00023581940331496298,0.14256638288497925,0.12706950306892395,0.31591796875,0.004410150891632373,0.3784249424934387,0.31852543354034424,1.184334337021274,0.00676081795245409,0.0001546168641652912,0.08728381991386414,0.09176986664533615,0.22021484375,3.429355281207133e-06,0.1799408346414566,0.2252960503101349,0.7951567621036724,0.006255905143916607,0.00022062947391532362
p41002701_E19_s08,p41002701_E19,plate_41002701,Olmesartan,33.5,0.9110047221183776,-0.012687474489212,test,69,443.0,0.4786357309322236,0.9605077011270484,0.07178427278995514,0.12955977022647858,0.2457275390625,0.02998971193415638,0.4267641603946686,0.06904241442680359,6.092939026832804,0.009180419147014618,0.000988747924566269,0.13433055579662323,0.06118333339691162,0.1971435546875,0.0,0.1237277239561081,0.17136606574058533,0.717819504810889,0.005374890752136707,0.00015521566092502326,0.16218040883541107,0.07856197655200958,0.251220703125,0.006313443072702332,0.19489094614982605,0.21816910803318024,0.8892263508245939,0.0066730668768286705,0.00024405517615377903,0.22977972030639648,0.07305891066789627,0.326904296875,0.0018792866941015089,0.3039221465587616,0.27059507369995117,1.1190267276148176,0.005371559876948595,0.00012434067321009934,0.11256641894578934,0.0714859664440155,0.2010498046875,0.0,0.1260666847229004,0.1492374986410141,0.839115972132438,0.005801260005682707,0.00019060283375438303
p41002701_F19_s08,p41002701_F19,plate_41002701,Sunitinib,33.5,0.0292189382016658,0.4068504273891449,test,81,1537.5555555555557,0.8006382890498536,0.9140242444985514,0.010159388184547424,0.009172042831778526,0.021087646484375,0.0,0.018514206632971764,0.005906945560127497,2.680520133219351,0.0008983154548332095,1.0355364793213084e-05,0.006793009117245674,0.04082615301012993,0.01287155132740736,0.00010973936899862826,0.008031299337744713,0.004248894285410643,1.5300935589554154,0.00175069784745574,4.0444345358991995e-05,0.01792159304022789,0.04573243483901024,0.0233154296875,0.00399519890260631,0.026440517976880074,0.013428250327706337,1.8325519294676202,0.0018045330652967095,5.43818277947139e-05,0.014523427002131939,0.051200948655605316,0.0164947509765625,0.0014540466392318244,0.01991870440542698,0.011447521857917309,1.6002144549565571,0.0020038422662764788,6.143864447949454e-05,0.02326151169836521,0.039327166974544525,0.041748046875,0.0,0.03705548867583275,0.014366723597049713,2.41141115357519,0.0019007996888831258,5.017285729991272e-05
p41002701_G13_s08,p41002701_G13,plate_41002701,Compound_516bb906,33.5,0.0203489027917385,0.2949736416339874,test,75,1239.5733333333333,0.7358986083892121,0.914922107889409,0.008253742940723896,0.00750612560659647,0.01995849609375,0.0,0.016967197880148888,0.006383207626640797,2.298079471438162,0.0008676577708683908,9.707977369544096e-06,0.0025851200334727764,0.013222012668848038,0.011871337890625,0.0,-0.003448129165917635,0.0011932671768590808,-1.5721427841981424,0.0014217142015695572,2.9771099434583448e-05,0.012376775965094566,0.012856834568083286,0.0182952880859375,0.0,0.015142446383833885,0.011242062784731388,1.2369195167598657,0.001412251847796142,3.732489494723268e-05,0.007361631840467453,0.02033468708395958,0.0144500732421875,0.0,0.006939207203686237,0.004659472499042749,1.2261226121091575,0.0016403725603595376,5.403075192589313e-05,0.016882559284567833,0.013028282672166824,0.0306243896484375,0.0,0.025912320241332054,0.01354141440242529,1.7819669754415546,0.0014367934782058,3.121643021586351e-05
p41002701_I10_s08,p41002701_I10,plate_41002701,Larotrectinib,33.5,0.6902974247932434,-0.0182813126593828,test,42,407.6904761904762,0.52719902788644,0.9549244878561628,0.045770805329084396,0.09854590147733688,0.06757201999425888,0.015219478737997257,0.4118884205818176,0.06623946130275726,6.125694831599246,0.006177137605845928,0.0005696691223420203,0.11040021479129791,0.07625996321439743,0.182861328125,0.0007338820301783265,0.1276969313621521,0.16105514764785767,0.7879844189808446,0.005055679939687252,0.0001313220855081454,0.13176599144935608,0.09306113421916962,0.227783203125,0.012729766803840878,0.1960313320159912,0.2021595686674118,0.9649131138731147,0.0062401979230344296,0.00020204010070301592,0.1918874830007553,0.0945359617471695,0.30322265625,0.004602194787379972,0.305397093296051,0.2587220370769501,1.1758613043896942,0.0054005044512450695,0.00010745723557192832,0.09376038610935211,0.07963944971561432,0.1802978515625,0.0,0.12849736213684082,0.13953927159309387,0.9143164090737695,0.005304440390318632,0.00016705619054846466
p41002701_I18_s08,p41002701_I18,plate_41002701,Ponatinib (hydrochloride),33.5,0.0354801379144191,0.4320226907730102,test,36,4856.25,0.7759633887902455,0.9038396766507368,0.011933570727705956,0.008257418870925903,0.0214691162109375,0.0,0.017346233129501343,0.007089877501130104,2.144189838112899,0.0007508656708523631,7.279000783455558e-06,0.00011442683899076656,0.011903498321771622,0.010589599609375,0.0,-0.002146967453882098,-0.001260877470485866,8.229792514790647,0.0012826015008613467,2.2678896129946224e-05,0.013063013553619385,0.011776614934206009,0.0237579345703125,0.0,0.01468160655349493,0.010300347581505775,1.299217253947387,0.0012281693052500486,2.7422322091297247e-05,0.006016754079610109,0.016541369259357452,0.01390838623046875,0.0,0.005226591601967812,0.005297892261296511,0.8298953658016124,0.0013552723685279489,4.063927917741239e-05,0.022173352539539337,0.016544394195079803,0.04583740234375,0.0,0.02871452458202839,0.011878779157996178,2.229599889070239,0.0015109871746972203,2.979387136292644e-05
p41002701_J15_s08,p41002701_J15,plate_41002701,Avapritinib,33.5,0.3198430240154266,-0.0182813126593828,test,38,413.44736842105266,0.49154033909900774,0.9547535798042527,0.041471876204013824,0.09952362626791,0.05279541015625,0.018257887517146777,0.42799797654151917,0.06953216344118118,6.068124890262853,0.005987080745398998,0.0006047526258043945,0.08826728165149689,0.08698029071092606,0.2025146484375,0.0,0.17915745079517365,0.21652133762836456,0.8236316158613567,0.0054408791474998,0.00016591498570051044,0.10833954811096191,0.10574792325496674,0.258056640625,0.0028669410150891634,0.2492716908454895,0.27937719225883484,0.8890583746746783,0.006580946035683155,0.0002482490672264248,0.14724989235401154,0.1303270161151886,0.336181640625,0.0039060356652949246,0.3847235441207886,0.31640782952308655,1.212079565582379,0.006640275940299034,0.0001518629869678989,0.08600787073373795,0.08710608631372452,0.210693359375,3.429355281207133e-06,0.1809070110321045,0.2131585031747818,0.8447341961689951,0.0060362135991454124,0.0002205950440838933
p41002701_J16_s08,p41002701_J16,plate_41002701,Retinoic acid,33.5,0.9110047221183776,-0.0322659090161323,test,38,406.57894736842104,0.5525200643482514,0.9550688096990573,0.04244023934006691,0.09411455690860748,0.046630859375,0.012256515775034293,0.4151468873023987,0.0627412348985672,6.513003520610024,0.005737845320254564,0.0005494884680956602,0.10277548432350159,0.06809922307729721,0.169677734375,0.00011316872427983539,0.12226609885692596,0.17477336525917053,0.6955894522281557,0.0050110542215406895,0.00013742544979322702,0.12242361903190613,0.08176793903112411,0.2083740234375,0.005504115226337448,0.19425244629383087,0.22063346207141876,0.8764581145749342,0.005902531556785107,0.0001929204590851441,0.1784244328737259,0.09444747865200043,0.276611328125,0.0025480109739368997,0.30174756050109863,0.27191048860549927,1.1056649454659995,0.005398167297244072,0.00011617084965109825,0.08708691596984863,0.06809569895267487,0.15966796875,5.1440329218106995e-05,0.12591181695461273,0.15591730177402496,0.8024087562755641,0.005278316326439381,0.0001692177465884015
p41002701_J17_s08,p41002701_J17,plate_41002701,Domperidone,33.5,0.4586329758167267,0.015281718224287,test,33,390.45454545454544,0.5151509899604884,0.96604527142665,0.03914171829819679,0.0923343226313591,0.040740966796875,0.016203703703703703,0.4425496757030487,0.061613306403160095,7.067981250718828,0.0055413818918168545,0.000563293055165559,0.09630714356899261,0.07269187271595001,0.1781005859375,8.573388203017832e-05,0.137343168258667,0.17437848448753357,0.7831243875780541,0.004927483387291431,0.00013805588241666555,0.11502057313919067,0.08644500374794006,0.2186279296875,0.004211248285322359,0.20918741822242737,0.2231186181306839,0.9333781368420265,0.005818687379360199,0.00019548818818293512,0.16639696061611176,0.10214937478303909,0.279541015625,0.0025,0.3317185640335083,0.26673784852027893,1.2389677659204144,0.00559257110580802,0.0001262781152036041,0.08468307554721832,0.07028117030858994,0.170654296875,0.0,0.14114397764205933,0.15828876197338104,0.8860887352847031,0.005102010443806648,0.0001655953674344346
p41002701_K12_s08,p41002701_K12,plate_41002701,control,0.0,0.9443978071212769,-0.0742197036743164,test,39,434.61538461538464,0.5426080073176356,0.9588551131758272,0.04557499289512634,0.09750594198703766,0.05255126953125,0.014084362139917695,0.41360315680503845,0.06204187870025635,6.560768259645101,0.005960409063845873,0.0005508754402399063,0.11033345013856888,0.05705902725458145,0.165283203125,0.0,0.11246553063392639,0.1500895470380783,0.7443634112264715,0.004796104039996862,0.00012299306399654597,0.12873415648937225,0.07045438140630722,0.197509765625,0.0047599451303155,0.18055839836597443,0.18709781765937805,0.9599175610476428,0.00568254804238677,0.00017861032392829657,0.1929190456867218,0.07379963994026184,0.270751953125,0.0005589849108367627,0.28257298469543457,0.24560685455799103,1.145844000167424,0.00510591734200716,0.0001063864110619761,0.08991996198892593,0.061717256903648376,0.1529541015625,3.429355281207133e-06,0.11317398399114609,0.12299364060163498,0.9127402295957248,0.004957057535648346,0.00015282757522072643
p41002701_L12_s08,p41002701_L12,plate_41002701,control,0.0,0.9882262349128724,-0.0742197036743164,test,38,416.63157894736844,0.46642749953732654,0.9607446874412569,0.04383433982729912,0.09992578625679016,0.0450439453125,0.01870713305898491,0.4368657171726227,0.060436517000198364,7.1108477254856775,0.006002787500619888,0.0006320624961517751,0.09525693953037262,0.05847182124853134,0.1619873046875,9.259259259259259e-05,0.11731449514627457,0.15748663246631622,0.7402169717449695,0.004530401900410652,0.0001202476050821133,0.11278435587882996,0.07039100676774979,0.1949462890625,0.0018895747599451302,0.18609434366226196,0.19871969521045685,0.9317776269694532,0.0054140109568834305,0.00017939062672667205,0.16933901607990265,0.087066650390625,0.261962890625,0.0010665294924554183,0.2961874306201935,0.25149115920066833,1.173060599657659,0.004971483256667852,0.00010385506902821362,0.08017045259475708,0.05621033534407616,0.1435546875,0.0,0.11815724521875381,0.13468888401985168,0.870795320281852,0.004761889111250639,0.00014895910862833261
p41002701_L13_s08,p41002701_L13,plate_41002701,Zanubrutinib,33.5,0.6438601613044739,-0.0070936358533799,test,18,404.77777777777777,0.4995571736551654,0.961246703720806,0.02456449158489704,0.06449370831251144,0.028533935546875,0.005802469135802469,0.39645206928253174,0.06145681068301201,6.3476194981304905,0.0033836362417787313,0.0002728345280047506,0.053986988961696625,0.08250974863767624,0.1761474609375,0.0,0.2196027636528015,0.24384140968322754,0.8969183927543979,0.00425042025744915,0.00012792000779882073,0.06882553547620773,0.09649620205163956,0.2069091796875,0.0013134430727023319,0.286475270986557,0.3046949505805969,0.9371279127851586,0.004841796588152647,0.00017691386165097356,0.08911924064159393,0.12359361350536346,0.28564453125,0.006117969821673525,0.4199879467487335,0.34452998638153076,1.215489142192675,0.005164020694792271,0.00014073637430556118,0.06649716943502426,0.08321662992238998,0.193359375,6.858710562414266e-06,0.21627356112003326,0.25382566452026367,0.8487118498334584,0.004784720949828625,0.00016368993965443224
p41002701_L15_s08,p41002701_L15,plate_41002701,Ruxolitinib,33.5,0.6323813199996948,-0.012687474489212,test,24,463.875,0.39645153988310006,0.9675007217593854,0.033994559198617935,0.08666003495454788,0.03314208984375,0.014207818930041152,0.4464436173439026,0.05813436582684517,7.549647503638756,0.004642766900360584,0.0004810676909983158,0.07519987225532532,0.06376814097166061,0.1588134765625,0.0,0.12482543289661407,0.16944164037704468,0.732364653499461,0.004110962152481079,0.00010890226985793561,0.08979807049036026,0.07423323392868042,0.185302734375,0.0,0.19182446599006653,0.2206593006849289,0.8654022880940592,0.004750806372612715,0.00015081696619745344,0.13095876574516296,0.10018721967935562,0.2481689453125,0.000850480109739369,0.2999294698238373,0.2581333816051483,1.1574327783089389,0.004619982093572617,9.941190364770591e-05,0.07025008648633957,0.05863543972373009,0.143310546875,0.0,0.1267535239458084,0.15668947994709015,0.8038172488636418,0.004526820965111256,0.000147030150401406
p41002701_L16_s08,p41002701_L16,plate_41002701,Compound_0a440abe,33.5,0.6678614616394043,-0.0602351017296314,test,24,373.0833333333333,0.4512935013934865,0.9652512823561356,0.028103157877922058,0.07725201547145844,0.0305023193359375,0.011008230452674897,0.43510547280311584,0.05856979638338089,7.304128924712994,0.004402993246912956,0.00039053699583746493,0.07338351011276245,0.06281277537345886,0.1580810546875,2.400548696844993e-05,0.13280892372131348,0.16636782884597778,0.7935152450566378,0.00434385659173131,0.00011633929534582421,0.09133937954902649,0.07337722927331924,0.1881103515625,0.002136488340192044,0.202225461602211,0.20814351737499237,0.9669219688967104,0.005118735134601593,0.00016153408796526492,0.14172819256782532,0.0935535877943039,0.257080078125,0.0018484224965706448,0.3215586841106415,0.2617463767528534,1.2238367968556558,0.005234814714640379,0.00010425834625493735,0.06544908136129379,0.06122717261314392,0.14453125,0.0,0.13561591506004333,0.15025100111961365,0.896628214399681,0.00458910595625639,0.00015233656449709088
p41002701_N15_s08,p41002701_N15,plate_41002701,Compound_567dbb1e,33.5,0.7184728384017944,-0.0434535890817642,test,34,444.20588235294116,0.46752451557736313,0.9639066559118928,0.043052010238170624,0.09692413359880447,0.044281005859375,0.017222222222222222,0.4341970384120941,0.060595471411943436,7.049171448144851,0.005751979071646929,0.00060101761482656,0.10282289981842041,0.06655970215797424,0.1710205078125,0.0,0.11794380098581314,0.16623203456401825,0.705270382515516,0.004911355674266815,0.0001335451379418373,0.12067930400371552,0.08079657703638077,0.20458984375,0.004585048010973937,0.18920548260211945,0.2114582657814026,0.8905536431178073,0.0057702818885445595,0.00018635677406564355,0.17661915719509125,0.09185592085123062,0.2705078125,0.00151920438957476,0.2975260019302368,0.25828874111175537,1.1474698078078172,0.0054613626562058926,0.0001166704241768457,0.08625747263431549,0.0677427351474762,0.15625,0.0,0.12147141993045807,0.14845941960811615,0.8127384694049873,0.0051690079271793365,0.00016576641064602882
p41002701_N22_s08,p41002701_N22,plate_41002701,Raltegravir,33.5,1.0336198806762695,-0.0406566672027111,test,24,429.375,0.46862529998207664,0.9641675037012426,0.03108692541718483,0.0799555554986,0.03114471398293972,0.010504115226337448,0.42307814955711365,0.058322641998529434,7.131815699772803,0.004451523069292307,0.00042748983833007514,0.07968436181545258,0.06061691418290138,0.150390625,0.0,0.1299421787261963,0.15990464389324188,0.8075725820095734,0.004316491540521383,0.0001098185675800778,0.09527051448822021,0.07106033712625504,0.1759033203125,0.0010459533607681756,0.19667977094650269,0.2001982182264328,0.977542309669736,0.00487041799351573,0.00014697606093250215,0.14588531851768494,0.09038570523262024,0.2420654296875,0.002993827160493827,0.3028409779071808,0.2495012730360031,1.2089398757812109,0.004915536846965551,0.00010141339589608833,0.06778266280889511,0.058003347367048264,0.1314697265625,0.0,0.13130050897598267,0.13996660709381104,0.9314298732366046,0.004407043568789959,0.00013735474203713238
p41002701_P18_s08,p41002701_P18,plate_41002701,Lercanidipine,33.5,1.0132709741592407,0.0712201073765754,test,28,430.64285714285717,0.5220726307433268,0.9564735710822285,0.03632792457938194,0.08724215626716614,0.0421142578125,0.013161865569272976,0.42770111560821533,0.0641295313835144,6.56693064609513,0.005016031675040722,0.00046051840763539076,0.09870610386133194,0.08985599875450134,0.185302734375,0.00029835390946502055,0.1313762068748474,0.18202006816864014,0.7178240516979453,0.004950772505253553,0.0001305626647081226,0.1191769540309906,0.10645649582147598,0.2322998046875,0.015435528120713306,0.20052562654018402,0.2282221019268036,0.8748093000395613,0.005935734137892723,0.00019305026216898113,0.16834013164043427,0.1171741783618927,0.30419921875,0.007390260631001372,0.31319084763526917,0.27738696336746216,1.1250198064119366,0.00537498202174902,0.0001020683630486019,0.0908917710185051,0.08994626998901367,0.1964111328125,0.0,0.13114860653877258,0.16308705508708954,0.7992623578329515,0.005288600921630859,0.0001706699258647859
p41002702_A12_s08,p41002702_A12,plate_41002702,control,0.0,1.063384771347046,0.0495402291417121,test,48,427.1875,0.4914745902499811,0.9612970527602057,0.053230781108140945,0.11234386265277863,0.0948486328125,0.024626200274348423,0.4367164671421051,0.0621415413916111,6.916468263477119,0.00742995273321867,0.0008147539338096976,0.11347613483667374,0.06448448449373245,0.1759033203125,0.0,0.1243528425693512,0.16090857982635498,0.7680435632424059,0.005401866976171732,0.0001549633452668786,0.13455690443515778,0.080782450735569,0.2169189453125,0.005679012345679012,0.19059410691261292,0.20110833644866943,0.9430294180914163,0.006593785248696804,0.00023909975425340235,0.20096455514431,0.07974725216627121,0.292236328125,0.003703703703703704,0.30122292041778564,0.25435397028923035,1.1796288895629905,0.0057171061635017395,0.0001280393626075238,0.09364630281925201,0.07092195004224777,0.171142578125,0.0,0.12240378558635712,0.1374349445104599,0.8841971658182628,0.005583316087722778,0.00018793411436490715
p41002702_A18_s08,p41002702_A18,plate_41002702,Irinotecan,0.0456431545317173,1.0922635793685913,0.1949425339698791,test,52,426.8076923076923,0.5146027185529795,0.964559528545625,0.05503920465707779,0.1114301085472107,0.1007080078125,0.020781893004115225,0.4194600284099579,0.062072545289993286,6.650437626726108,0.007510317489504814,0.0007957717753015459,0.1225721538066864,0.0656345933675766,0.1876220703125,6.858710562414266e-06,0.1334463506937027,0.17395392060279846,0.7627514161095522,0.005531076341867447,0.0001526953128632158,0.1466623693704605,0.08143328875303268,0.23388671875,0.008590534979423869,0.20161324739456177,0.21876651048660278,0.9173975004114757,0.0066901096142828465,0.00023635679099243134,0.21304160356521606,0.07769855856895447,0.31298828125,0.004629629629629629,0.3159184157848358,0.2707793116569519,1.1624078884400062,0.005602716933935881,0.00012461283768061548,0.10391005873680115,0.07394478470087051,0.1925048828125,1.3717421124828532e-05,0.13436123728752136,0.1561303585767746,0.8550940665095718,0.005726412869989872,0.00018949482182506472
p41002702_B12_s08,p41002702_B12,plate_41002702,control,0.0,0.9523614645004272,0.0891954004764556,test,50,426.0,0.4688017460630015,0.9597368290674275,0.05350937321782112,0.10975492745637894,0.10175170749425888,0.019609053497942387,0.4196118116378784,0.06406328827142715,6.449286883370647,0.0073079378344118595,0.0007433233549818397,0.11753520369529724,0.06561468541622162,0.18212890625,0.0,0.13302414119243622,0.17447838187217712,0.7580656931822768,0.0055974675342440605,0.00016122948727570474,0.13975365459918976,0.08118626475334167,0.2257080078125,0.003580246913580247,0.19873297214508057,0.21871986985206604,0.9044833873189729,0.0068723405711352825,0.000251118530286476,0.20435978472232819,0.08300770074129105,0.29736328125,0.006296296296296296,0.30791914463043213,0.26908648014068604,1.14007611365826,0.005856784526258707,0.0001293083478230983,0.09879589825868607,0.07417524605989456,0.18505859375,0.0,0.13110914826393127,0.15495401620864868,0.8406910668367924,0.00603990675881505,0.00021202173957135528
p41002702_C10_s08,p41002702_C10,plate_41002702,Nifurtimox,0.0456431545317173,0.9722558259963988,-0.0191954020410776,test,58,415.0,0.5027684504134707,0.9621963055423777,0.05910453572869301,0.11725150048732758,0.13232421875,0.024478737997256517,0.42794284224510193,0.06468068063259125,6.5155055965232105,0.007800559047609568,0.0009070704109035432,0.12199394404888153,0.058908626437187195,0.17822265625,6.515775034293553e-05,0.12211070954799652,0.16854596138000488,0.720221871132092,0.005374404601752758,0.0001540850062156096,0.14483943581581116,0.07444871217012405,0.2218017578125,0.004681069958847737,0.19265557825565338,0.21367207169532776,0.8974412774526107,0.006344846915453672,0.00022239293321035802,0.21027179062366486,0.07192416489124298,0.29150390625,0.0029972565157750345,0.2981586158275604,0.26211172342300415,1.1332015614834898,0.0054382020607590675,0.00012569421960506588,0.10056691616773605,0.06585188210010529,0.172119140625,0.0,0.12420765310525894,0.14588738977909088,0.8455977963258738,0.005582782439887524,0.0001835269358707592
p41002702_C20_s08,p41002702_C20,plate_41002702,control,0.0,1.0274465084075928,-0.0112643679603934,test,53,444.66037735849056,0.45808944309499605,0.9625493871261204,0.06040439009666443,0.11958687752485275,0.1514892578125,0.02786008230452675,0.43623125553131104,0.07112693786621094,6.048104472984577,0.008028769865632057,0.0008286561933346093,0.12133599072694778,0.07856728881597519,0.208251953125,0.0,0.12768106162548065,0.16982905566692352,0.7474200517412488,0.005278667900711298,0.00014510950131807476,0.14772890508174896,0.09752379357814789,0.2626953125,0.01144718792866941,0.19613316655158997,0.21568241715431213,0.9051641989571869,0.006575360894203186,0.00022016273578628898,0.2115757316350937,0.09956260770559311,0.341064453125,0.004170096021947874,0.3106573224067688,0.26980268955230713,1.1471722194500713,0.005462453234940767,0.00012059189612045884,0.10681506991386414,0.08578576147556305,0.21728515625,0.0,0.12882819771766663,0.1483488827943802,0.8625990051431056,0.005832582246512175,0.00019791137310676277
p41002702_C21_s08,p41002702_C21,plate_41002702,Macitentan,0.0456431545317173,1.1076656579971311,-0.0006896551931276,test,55,412.7090909090909,0.4697392111276673,0.9674499281420044,0.05536312982439995,0.11564729362726212,0.10833740234375,0.024375857338820302,0.4314335286617279,0.061747536063194275,6.87570470061522,0.007680809125304222,0.0008976314566098154,0.10973527282476425,0.049866728484630585,0.1671142578125,0.0,0.11946097016334534,0.16030913591384888,0.740571632763233,0.005057070404291153,0.0001433111319784075,0.13078859448432922,0.06351406127214432,0.2076416015625,0.0,0.19116446375846863,0.20280560851097107,0.9379745000892752,0.005888788029551506,0.00019862058979924768,0.19690962135791779,0.07234344631433487,0.282470703125,0.0006927297668038409,0.30156975984573364,0.25697898864746094,1.168970238339221,0.005404945928603411,0.00011891806207131594,0.09041108936071396,0.05380554869771004,0.159423828125,0.0,0.12412415444850922,0.13951703906059265,0.883338812704311,0.005063207354396582,0.00016071018762886524
p41002702_D17_s08,p41002702_D17,plate_41002702,6-Thioguanine,0.0456431545317173,1.0043435096740725,0.0706896558403968,test,55,410.8545454545455,0.46200351675576035,0.9583124019948117,0.058008141815662384,0.1175476610660553,0.1234130859375,0.026169410150891633,0.4395120143890381,0.06378645449876785,6.784010913846149,0.007982819341123104,0.0009188514086417854,0.11959630250930786,0.06534698605537415,0.18896484375,3.7722908093278466e-05,0.1312958151102066,0.17135724425315857,0.7617655740501346,0.00541664008051157,0.00015758558583911508,0.14378796517848969,0.08241599053144455,0.2388916015625,0.0045747599451303154,0.20182576775550842,0.21711665391921997,0.9253111311264434,0.006715511437505484,0.0002488243917468935,0.20939402282238007,0.08142552524805069,0.313720703125,0.002884087791495199,0.31881362199783325,0.2668613791465759,1.1902186982445717,0.005628842860460281,0.0001260868739336729,0.10154759883880615,0.07306400686502457,0.1903076171875,1.7146776406035666e-05,0.1339954435825348,0.15250104665756226,0.8729285337152031,0.005651737563312054,0.0001899644994409755
p41002702_G21_s08,p41002702_G21,plate_41002702,Ebrotidine,0.0456431545317173,1.0389981269836426,0.0045977011322975,test,60,421.06666666666666,0.48323737191491484,0.9639346730733739,0.06078309193253517,0.1204034611582756,0.15625,0.024519890260631002,0.4298643171787262,0.06061341613531113,6.976797329897889,0.008263371884822845,0.0009289025329053402,0.12063638865947723,0.062263280153274536,0.1761474609375,5.1440329218106995e-05,0.11880291998386383,0.16054347157478333,0.7354238387087428,0.005428936332464218,0.00015411469212267548,0.1440030336380005,0.07751254737377167,0.2178955078125,0.006872427983539094,0.18665115535259247,0.20014578104019165,0.9279396981997701,0.006656616926193237,0.0002331169816898182,0.21089844405651093,0.07439319044351578,0.2939453125,0.0032750342935528123,0.2927130162715912,0.254469096660614,1.1457863988161943,0.005469114985316992,0.00011976785026490688,0.09991452097892761,0.06934797763824463,0.16845703125,6.858710562414266e-06,0.118681401014328,0.1360951066017151,0.8656866313917237,0.005618410184979439,0.00018177839228883386
p41002702_J19_s08,p41002702_J19,plate_41002702,Gabapentin enacarbil,0.0456431545317173,0.9934336543083192,-0.066781610250473,test,49,452.53061224489795,0.4910518802073475,0.9597086776097001,0.05666583031415939,0.11375812441110611,0.11553955078125,0.022472565157750344,0.4292820990085602,0.06329727917909622,6.6765204451781015,0.007376085966825485,0.0008321937639266253,0.11850086599588394,0.0657128095626831,0.1815185546875,0.0,0.12416981905698776,0.16588561236858368,0.7440414862291796,0.0050594387575984,0.0001382355549139902,0.14138364791870117,0.08192335814237595,0.2279052734375,0.007534293552812071,0.19291353225708008,0.20788298547267914,0.9235483293219793,0.005805206019431353,0.00018825051665771753,0.20394496619701385,0.0822313204407692,0.29833984375,0.004701646090534979,0.29998207092285156,0.2585233449935913,1.1558962872116931,0.005221512634307146,0.00011439871741458774,0.09897926449775696,0.07078462094068527,0.1759033203125,0.0,0.12493019551038742,0.1435142159461975,0.8644837789307787,0.005033018533140421,0.00015362405974883586
p41002702_K19_s08,p41002702_K19,plate_41002702,Edoxaban (tosylate),0.0456431545317173,0.8894696831703186,-0.013908046297729,test,63,441.41269841269843,0.46913382171392265,0.9621682874363257,0.06666276603937149,0.12792398035526276,0.2056884765625,0.03389917695473251,0.4352838099002838,0.06796696037054062,6.311483173415545,0.009151512756943703,0.0010479227639734745,0.12261375784873962,0.06551600992679596,0.193359375,0.0,0.1323719322681427,0.17090384662151337,0.770034730866672,0.005319444462656975,0.0001538940123282373,0.14741286635398865,0.08356350660324097,0.244384765625,0.0040912208504801095,0.20068144798278809,0.216912642121315,0.9209261382415157,0.006697491742670536,0.00024673109874129295,0.21132388710975647,0.08658074587583542,0.320556640625,0.004698216735253773,0.31516361236572266,0.26697859168052673,1.1760775754111283,0.005722711328417063,0.00013463040522765368,0.10385766625404358,0.0713815689086914,0.19312743842601776,0.0,0.13246263563632965,0.14841295778751373,0.8865538678694131,0.0057247718796133995,0.00018922955496236682
p41002702_N19_s08,p41002702_N19,plate_41002702,Zalcitabine,0.0456431545317173,1.0402816534042358,-0.0271264370530843,test,59,432.91525423728814,0.4924909039163081,0.9596910155319004,0.06304540485143661,0.11883056163787842,0.17236328125,0.024128943758573388,0.42015719413757324,0.06731764227151871,6.15005407340784,0.00841001607477665,0.0009062747121788561,0.12984254956245422,0.07015807926654816,0.2047119140625,3.429355281207133e-06,0.13484454154968262,0.17514872550964355,0.7655152835170547,0.005512700416147709,0.0001559966040076688,0.15546847879886627,0.08990617841482162,0.26513671875,0.009869684499314128,0.20510490238666534,0.22201290726661682,0.9196996931727272,0.006818580441176891,0.00024179069441743195,0.2206001579761505,0.08455143123865128,0.3388671875,0.005761316872427984,0.3144034743309021,0.27145275473594666,1.1539742904622596,0.005744935479015112,0.00013186756405048072,0.10957258939743042,0.07906095683574677,0.2078857421875,1.02880658436214e-05,0.1363750845193863,0.1536996215581894,0.8815476285317839,0.0057785240933299065,0.00018382609414402395
p41002702_N22_s08,p41002702_N22,plate_41002702,Troglitazone,0.0456431545317173,1.1461708545684814,-0.0059770112857222,test,55,489.25454545454545,0.48906545225324577,0.964842986481905,0.06413623690605164,0.12584741413593292,0.1846923828125,0.03053840877914952,0.43760332465171814,0.0648990347981453,6.640511898120158,0.008335684426128864,0.0009525305358693004,0.12706628441810608,0.06162206828594208,0.1895751953125,0.0,0.13135018944740295,0.17251233756542206,0.7570077799100479,0.005300688557326794,0.00015197643369901925,0.15122389793395996,0.07701876014471054,0.237060546875,0.0032921810699588477,0.20051950216293335,0.21772810816764832,0.9167523270911362,0.006315427832305431,0.00022344225726556033,0.2175017148256302,0.07926519215106964,0.3193359375,0.0031275720164609055,0.31627437472343445,0.2682018578052521,1.1748595544694789,0.0054605635814368725,0.00012540502939373255,0.1064375787973404,0.06981711834669113,0.1895751953125,0.0,0.13303202390670776,0.15134379267692566,0.8732356046092917,0.00552536454051733,0.00017448609287384897
p41002702_O19_s08,p41002702_O19,plate_41002702,Thio-TEPA,0.0456431545317173,1.106382131576538,-0.016551723703742,test,60,381.1333333333333,0.4607981301835729,0.9628703420787933,0.053879063576459885,0.11022330820560455,0.12348022311925888,0.018031550068587105,0.4062535762786865,0.06340976804494858,6.30732866473267,0.007755940780043602,0.0007804713677614927,0.1074146255850792,0.052238307893276215,0.16259765625,0.0,0.11729882657527924,0.15219327807426453,0.765691733017264,0.004896492697298527,0.0001343164622085169,0.1296890676021576,0.06674347817897797,0.2037353515625,0.002884087791495199,0.18700909614562988,0.1882374882698059,0.9882243621781807,0.006400157697498798,0.00022508147230837494,0.20167414844036102,0.0678350105881691,0.28271484375,0.001186556927297668,0.28794988989830017,0.25220873951911926,1.1372035990746585,0.004994356073439121,0.00010627716255839914,0.08786289393901825,0.056470196694135666,0.1551513671875,0.0,0.11847687512636185,0.1240575909614563,0.9473785174934108,0.005218131002038717,0.00017096949159167707
p41002703_D11_s08,p41002703_D11,plate_41002703,Mitoxantrone,0.4107883870601654,0.6447983384132385,0.1439765691757202,test,29,428.7931034482759,0.5110541591013864,0.96354836720757,0.035063255578279495,0.08854679018259048,0.034576416015625,0.012325102880658436,0.432426780462265,0.05565376579761505,7.632798532881796,0.004954838193953037,0.000515962834469974,0.07928062230348587,0.06487075984477997,0.1533203125,0.0,0.10589561611413956,0.15719681978225708,0.6693915608410765,0.00430495198816061,0.0001254352246178314,0.0951090008020401,0.07791305333375931,0.1868896484375,0.0032681755829903976,0.17503690719604492,0.19947600364685059,0.873106526526646,0.005204387474805117,0.00017752153507899493,0.1406683772802353,0.09616638720035553,0.249755859375,0.0009362139917695473,0.2736436128616333,0.24763080477714539,1.1006022085916007,0.004824688192456961,0.00010853854473680258,0.06836114078760147,0.06182119995355606,0.1368408203125,0.0,0.10642324388027191,0.13561420142650604,0.7790057166020483,0.004744403995573521,0.00015772136976011097
p41002703_H23_s08,p41002703_H23,plate_41002703,control,0.0,1.0218585729599,-0.0609147548675537,test,36,422.22222222222223,0.5065794534412807,0.9566110118135183,0.042810458689928055,0.09591038525104523,0.04302978515625,0.01616941015089163,0.42567986249923706,0.060801632702350616,6.887841694238062,0.005831933580338955,0.0005927977617830038,0.10229362547397614,0.05187804996967316,0.1617431640625,0.0,0.11772472411394119,0.15262851119041443,0.7662947665230422,0.0046656387858092785,0.00012334085477050394,0.11978224664926529,0.0625777393579483,0.1898193359375,0.0010973936899862826,0.18540935218334198,0.19194220006465912,0.9609580077412162,0.0052961609326303005,0.00016653382044751197,0.18138699233531952,0.07106201350688934,0.25341796875,0.0005727023319615913,0.2888743281364441,0.24390123784542084,1.1795543815045093,0.004961990285664797,0.0001074417814379558,0.08204957842826843,0.05248359590768814,0.1402587890625,6.858710562414266e-06,0.11773265898227692,0.12914396822452545,0.9046340033151867,0.004634602926671505,0.00014199019642546773
p41002703_I19_s08,p41002703_I19,plate_41002703,Compound_567dbb1e,0.4107883870601654,0.9677035808563232,-0.0239204876124858,test,44,418.8863636363636,0.5037364516812095,0.96370908365056,0.050609562546014786,0.10523377358913422,0.0751953125,0.019766803840877915,0.43127164244651794,0.06281053274869919,6.75862782943635,0.0066904653795063496,0.0007198532694019377,0.12136595696210861,0.07009705901145935,0.1768798828125,0.0,0.11189652234315872,0.1590697169303894,0.6990486675991306,0.0053116269409656525,0.000140854375786148,0.1426415741443634,0.08630584925413132,0.21766357123851776,0.010421810699588478,0.18209925293922424,0.1999235451221466,0.9063111684024956,0.006565436255186796,0.00021974336414132267,0.20814035832881927,0.08099458366632462,0.294189453125,0.00512002743484225,0.28513672947883606,0.2519609034061432,1.127196834133031,0.0053552440367639065,0.00011202248424524441,0.10143230855464935,0.07759689539670944,0.175048828125,0.0,0.11313427239656448,0.13410240411758423,0.8373964411329045,0.00560520077124238,0.00017677550204098225
p41002703_J14_s08,p41002703_J14,plate_41002703,Retinoic acid,0.4107883870601654,0.9044384360313416,-0.0523776151239872,test,41,411.0,0.5287706583026547,0.962513544972672,0.04482419788837433,0.10038410872220993,0.0501708984375,0.01839506172839506,0.424998015165329,0.061716917902231216,6.776449311936122,0.006387041881680489,0.0006450279615819454,0.1049889549612999,0.06638617068529129,0.1805419921875,0.0,0.1353127807378769,0.17376364767551422,0.7742615958046022,0.005212095566093922,0.0001449643896194175,0.12819106876850128,0.07981178164482117,0.221923828125,0.0023388203017832647,0.20521964132785797,0.22176089882850647,0.9212552221108036,0.006185365375131369,0.00020781782222911716,0.18724453449249268,0.08754271268844604,0.289794921875,0.0007510288065843622,0.31944021582603455,0.2675279974937439,1.1895974304633794,0.005640047136694193,0.00012472886010073125,0.09151351451873779,0.07102326303720474,0.1834716796875,0.0,0.13771134614944458,0.1588335782289505,0.8615920864399509,0.00549596082419157,0.00018776366778183728
p41002703_L18_s08,p41002703_L18,plate_41002703,Lercanidipine,0.4107883870601654,0.902920126914978,-0.0495319031178951,test,33,453.0,0.4267710307678466,0.9630385703044572,0.04076243191957474,0.09705252945423126,0.04217529296875,0.0172599451303155,0.43301939964294434,0.061954908072948456,6.878246873797145,0.0057112653739750385,0.000596367463003844,0.0930238664150238,0.07005351781845093,0.170654296875,3.429355281207133e-06,0.12815643846988678,0.17306481301784515,0.7362570082257128,0.0046792300418019295,0.00012564937060233206,0.11158512532711029,0.08514925837516785,0.2061767578125,0.004986282578875172,0.19954481720924377,0.21984702348709106,0.9035431587825206,0.005409155040979385,0.00017268113151658326,0.16406778991222382,0.09747570008039474,0.26953125,0.0024348422496570645,0.3108360767364502,0.2659049332141876,1.1645947228971163,0.005213263910263777,0.00010865007061511278,0.07983502745628357,0.0696643590927124,0.156982421875,0.0,0.13021418452262878,0.15535122156143188,0.8328312578707061,0.004737530369311571,0.0001452453143429011
p41002703_L19_s08,p41002703_L19,plate_41002703,Lapatinib,0.4107883870601654,0.9267078042030334,-0.0210747756063938,test,41,486.3170731707317,0.5019950517284402,0.9657284498305511,0.049942951649427414,0.1085142120718956,0.0721435546875,0.019204389574759947,0.42784377932548523,0.06027384102344513,6.98248668892456,0.006771447136998177,0.0006899574655108154,0.10434030741453171,0.0496777705848217,0.1539306640625,0.000284636488340192,0.106621652841568,0.1403529942035675,0.7542935573619214,0.0045762876980006695,0.00012184533261461183,0.12365720421075821,0.06038841977715492,0.186767578125,0.0033710562414266117,0.17266012728214264,0.17586347460746765,0.9762339435281707,0.005370050668716431,0.0001788296503946185,0.18830469250679016,0.06093605235219002,0.25244140625,0.0015363511659807956,0.27110838890075684,0.23033681511878967,1.1719206420367843,0.0045549594797194,9.518145088804886e-05,0.08311902731657028,0.05155955255031586,0.1329345703125,6.858710562414266e-06,0.106210857629776,0.1106836125254631,0.9509976909599038,0.00459972582757473,0.00014630726946052164
p41002703_L23_s08,p41002703_L23,plate_41002703,Sorafenib,0.4107883870601654,0.956568956375122,-0.0495319031178951,test,32,367.5,0.5627527083250221,0.9538397502955368,0.035490889102220535,0.08224347233772278,0.035858154296875,0.009602194787379973,0.4088153839111328,0.062453750520944595,6.44273002864019,0.004879818297922611,0.00045807744027115405,0.09381282329559326,0.056835196912288666,0.1651611328125,0.0,0.113345667719841,0.1583528220653534,0.7112874830252831,0.004501798190176487,0.00011707431258400902,0.11035510152578354,0.0684850886464119,0.1962890625,0.0007887517146776406,0.18592853844165802,0.20403827726840973,0.9067991641300434,0.005161245819181204,0.00015395668742712587,0.16481834650039673,0.08261719346046448,0.258056640625,0.00011316872427983539,0.2836822271347046,0.25218549370765686,1.120452135627727,0.004969687666743994,9.862464503385127e-05,0.07745310664176941,0.053679127246141434,0.147216796875,0.0,0.11862834542989731,0.13827627897262573,0.8517483831773915,0.0046204798854887486,0.00014145129534881562
p41002703_L24_s08,p41002703_L24,plate_41002703,Olmesartan,0.4107883870601654,1.0031321048736572,0.0529137589037418,test,47,451.3829787234043,0.5015032606018401,0.9606379944883443,0.05336248129606247,0.11488740146160126,0.0936279296875,0.02502400548696845,0.4397224187850952,0.06438790261745453,6.724828312014346,0.007464801426976919,0.0008149797795340419,0.11355844140052795,0.06750661134719849,0.17847900092601776,0.0,0.12530481815338135,0.16706396639347076,0.7455781321977023,0.005543599836528301,0.0001609754399396479,0.1388428807258606,0.08079531043767929,0.221923828125,0.007589163237311385,0.19389735162258148,0.20950613915920258,0.9211006975712944,0.006634521298110485,0.00024000612029340118,0.20189958810806274,0.0833750069141388,0.29736328125,0.005596707818930041,0.3066205680370331,0.2610591948032379,1.1700431586354114,0.005804150830954313,0.00013306146138347685,0.09681221097707748,0.07172314822673798,0.1785888671875,3.429355281207133e-06,0.12569712102413177,0.14551158249378204,0.8579329967271794,0.005704350769519806,0.00020372391736600548
p41002703_M21_s08,p41002703_M21,plate_41002703,Thalidomide,0.4107883870601654,0.9823811054229736,-0.0694518908858299,test,42,411.76190476190476,0.5171053807468354,0.9590471244172457,0.046810828149318695,0.10028267651796341,0.066162109375,0.01607681755829904,0.4200628101825714,0.06424307078123093,6.438427945721628,0.006299215368926525,0.0006120930192992091,0.11371250450611115,0.07492214441299438,0.188720703125,0.0,0.1367688626050949,0.17517457902431488,0.7763257523448865,0.005364621989428997,0.00014528866449836642,0.13524769246578217,0.09231415390968323,0.2342529296875,0.010284636488340193,0.20419824123382568,0.2199951410293579,0.9239942574425161,0.006576864514499903,0.00022230527247302234,0.19591011106967926,0.09312941133975983,0.3056640625,0.005528120713305899,0.3151024878025055,0.26745662093162537,1.1737556954602382,0.005805018357932568,0.000123740202980116,0.09738647937774658,0.08168964833021164,0.1951904296875,0.0,0.13555453717708588,0.1562284529209137,0.8621501684893519,0.0056859287433326244,0.00018961599562317133
p41002703_N13_s08,p41002703_N13,plate_41002703,Raltegravir,0.4107883870601654,0.8573691844940186,-0.0836804583668708,test,27,401.5925925925926,0.4723642120326337,0.960393655445988,0.03564441204071045,0.08164186030626297,0.0364990234375,0.01070644718792867,0.42247474193573,0.06139254570007324,6.7712374482459055,0.004690872505307198,0.0004270501376595348,0.09230150282382965,0.07226471602916718,0.16943359375,3.429355281207133e-06,0.12337541580200195,0.17637646198272705,0.6955568648900905,0.004683183040469885,0.00012168726971140131,0.10917117446660995,0.08624403178691864,0.20556640625,0.0053669410150891635,0.19857992231845856,0.22481146454811096,0.8794058473330946,0.005382630042731762,0.00016209259047172964,0.15592385828495026,0.10551516711711884,0.274658203125,0.003089849108367627,0.30996644496917725,0.27383479475975037,1.1278282476574248,0.005122660659253597,0.00010817973816301674,0.08502309769392014,0.06950248777866364,0.1614990234375,0.0,0.13006339967250824,0.1620350480079651,0.7977634334560627,0.005003082565963268,0.00014817462943028659
