field_id,plate,well,site,compound,oasis_id,dose_um,mtt,ldh,target,smiles,file_Brightfield,file_DNA,file_ER,file_RNA,file_AGP,file_Mito,concentration,group,split,fold
p41002688_A10_s08,plate_41002688,p41002688_A10,8,β-Naphthoflavone,OASIS330,3.5,1.1830016374588013,0.1445420831441879,Apoptosis; Aryl Hydrocarbon Receptor,O=C1C2=C3C=CC=CC3=CC=C2OC(C4=CC=CC=C4)=C1,plate_41002688/r01c10f08p01-ch6sk1fk1fl1.tiff,plate_41002688/r01c10f08p01-ch1sk1fk1fl1.tiff,plate_41002688/r01c10f08p01-ch2sk1fk1fl1.tiff,plate_41002688/r01c10f08p01-ch4sk1fk1fl1.tiff,plate_41002688/r01c10f08p01-ch3sk1fk1fl1.tiff,plate_41002688/r01c10f08p01-ch5sk1fk1fl1.tiff,3.5,β-Naphthoflavone,train,0
p41002688_A15_s08,plate_41002688,p41002688_A15,8,Dasatinib,OASIS1044,3.5,0.5550062656402588,0.1510267406702041,Apoptosis; Autophagy; Bcr-Abl; Src,O=C(C1=CN=C(S1)NC2=NC(C)=NC(N3CCN(CC3)CCO)=C2)NC4=C(C=CC=C4Cl)C,plate_41002688/r01c15f08p01-ch6sk1fk1fl1.tiff,plate_41002688/r01c15f08p01-ch1sk1fk1fl1.tiff,plate_41002688/r01c15f08p01-ch2sk1fk1fl1.tiff,plate_41002688/r01c15f08p01-ch4sk1fk1fl1.tiff,plate_41002688/r01c15f08p01-ch3sk1fk1fl1.tiff,plate_41002688/r01c15f08p01-ch5sk1fk1fl1.tiff,3.5,Dasatinib,train,0
p41002688_C11_s08,plate_41002688,p41002688_C11,8,Irinotecan,OASIS744,3.5,0.9380184412002563,0.0116066001355648,Autophagy; Topoisomerase,O=C(N1CCC(N2CCCCC2)CC1)OC3=CC=C4N=C5C(CN6C(C(COC([C@@]7(CC)O)=O)=C7C=C65)=O)=C(CC)C4=C3,plate_41002688/r03c11f08p01-ch6sk1fk1fl1.tiff,plate_41002688/r03c11f08p01-ch1sk1fk1fl1.tiff,plate_41002688/r03c11f08p01-ch2sk1fk1fl1.tiff,plate_41002688/r03c11f08p01-ch4sk1fk1fl1.tiff,plate_41002688/r03c11f08p01-ch3sk1fk1fl1.tiff,plate_41002688/r03c11f08p01-ch5sk1fk1fl1.tiff,3.5,Irinotecan,test,0
p41002688_C12_s08,plate_41002688,p41002688_C12,8,control,,0.0,1.0854419469833374,-0.0305436756461858,,,plate_41002688/r03c12f08p01-ch6sk1fk1fl1.tiff,plate_41002688/r03c12f08p01-ch1sk1fk1fl1.tiff,plate_41002688/r03c12f08p01-ch2sk1fk1fl1.tiff,plate_41002688/r03c12f08p01-ch4sk1fk1fl1.tiff,plate_41002688/r03c12f08p01-ch3sk1fk1fl1.tiff,plate_41002688/r03c12f08p01-ch5sk1fk1fl1.tiff,none,control,val,0
p41002688_D11_s08,plate_41002688,p41002688_D11,8,Gabapentin enacarbil,OASIS1791,3.5,1.020402193069458,-0.0208166893571615,Calcium Channel,O=C(O)CC1(CNC(OC(OC(C(C)C)=O)C)=O)CCCCC1,plate_41002688/r04c11f08p01-ch6sk1fk1fl1.tiff,plate_41002688/r04c11f08p01-ch1sk1fk1fl1.tiff,plate_41002688/r04c11f08p01-ch2sk1fk1fl1.tiff,plate_41002688/r04c11f08p01-ch4sk1fk1fl1.tiff,plate_41002688/r04c11f08p01-ch3sk1fk1fl1.tiff,plate_41002688/r04c11f08p01-ch5sk1fk1fl1.tiff,3.5,Gabapentin enacarbil,test,1
p41002688_E11_s08,plate_41002688,p41002688_E11,8,Macitentan,OASIS1840,3.5,0.9531943798065186,-0.1213288828730583,Apoptosis; Endothelin Receptor,BrC1=CN=C(OCCOC2=C(C3=CC=C(Br)C=C3)C(NS(NCCC)(=O)=O)=NC=N2)N=C1,plate_41002688/r05c11f08p01-ch6sk1fk1fl1.tiff,plate_41002688/r05c11f08p01-ch1sk1fk1fl1.tiff,plate_41002688/r05c11f08p01-ch2sk1fk1fl1.tiff,plate_41002688/r05c11f08p01-ch4sk1fk1fl1.tiff,plate_41002688/r05c11f08p01-ch3sk1fk1fl1.tiff,plate_41002688/r05c11f08p01-ch5sk1fk1fl1.tiff,3.5,Macitentan,test,1
p41002688_F10_s08,plate_41002688,p41002688_F10,8,Tenofovir alafenamide,OASIS1847,3.5,0.6793045401573181,0.0505145452916622,HIV; Reverse Transcriptase,NC1=NC=NC2=C1N=CN2C[C@@H](C)OC[P@](OC3=CC=CC=C3)(N[C@@H](C)C(OC(C)C)=O)=O,plate_41002688/r06c10f08p01-ch6sk1fk1fl1.tiff,plate_41002688/r06c10f08p01-ch1sk1fk1fl1.tiff,plate_41002688/r06c10f08p01-ch2sk1fk1fl1.tiff,plate_41002688/r06c10f08p01-ch4sk1fk1fl1.tiff,plate_41002688/r06c10f08p01-ch3sk1fk1fl1.tiff,plate_41002688/r06c10f08p01-ch5sk1fk1fl1.tiff,3.5,Tenofovir alafenamide,train,1
p41002688_F11_s08,plate_41002688,p41002688_F11,8,Etravirine,OASIS886,3.5,0.9849916100502014,0.0278182439506053,HIV; Reverse Transcriptase,N#CC1=CC(C)=C(C(C)=C1)OC2=NC(NC3=CC=C(C=C3)C#N)=NC(N)=C2Br,plate_41002688/r06c11f08p01-ch6sk1fk1fl1.tiff,plate_41002688/r06c11f08p01-ch1sk1fk1fl1.tiff,plate_41002688/r06c11f08p01-ch2sk1fk1fl1.tiff,plate_41002688/r06c11f08p01-ch4sk1fk1fl1.tiff,plate_41002688/r06c11f08p01-ch3sk1fk1fl1.tiff,plate_41002688/r06c11f08p01-ch5sk1fk1fl1.tiff,3.5,Etravirine,train,0
p41002688_F15_s08,plate_41002688,p41002688_F15,8,Dantrolene,OASIS069,3.5,0.961143672466278,-0.0370283313095569,Autophagy; Calcium Channel,O=C1NC(CN1/N=C/C2=CC=C(C3=CC=C([N+]([O-])=O)C=C3)O2)=O,plate_41002688/r06c15f08p01-ch6sk1fk1fl1.tiff,plate_41002688/r06c15f08p01-ch1sk1fk1fl1.tiff,plate_41002688/r06c15f08p01-ch2sk1fk1fl1.tiff,plate_41002688/r06c15f08p01-ch4sk1fk1fl1.tiff,plate_41002688/r06c15f08p01-ch3sk1fk1fl1.tiff,plate_41002688/r06c15f08p01-ch5sk1fk1fl1.tiff,3.5,Dantrolene,train,1
p41002688_F18_s08,plate_41002688,p41002688_F18,8,Compound_06965c8b,,3.5,0.992218255996704,-0.0532399751245975,,,plate_41002688/r06c18f08p01-ch6sk1fk1fl1.tiff,plate_41002688/r06c18f08p01-ch1sk1fk1fl1.tiff,plate_41002688/r06c18f08p01-ch2sk1fk1fl1.tiff,plate_41002688/r06c18f08p01-ch4sk1fk1fl1.tiff,plate_41002688/r06c18f08p01-ch3sk1fk1fl1.tiff,plate_41002688/r06c18f08p01-ch5sk1fk1fl1.tiff,3.5,Compound_06965c8b,val,1
p41002688_F22_s08,plate_41002688,p41002688_F22,8,Tasimelteon,OASIS1885,3.5,1.114348530769348,-0.040270660072565,Melatonin Receptor,[H][C@]1(C2=C3C(OCC3)=CC=C2)[C@@](CNC(CC)=O)([H])C1,plate_41002688/r06c22f08p01-ch6sk1fk1fl1.tiff,plate_41002688/r06c22f08p01-ch1sk1fk1fl1.tiff,plate_41002688/r06c22f08p01-ch2sk1fk1fl1.tiff,plate_41002688/r06c22f08p01-ch4sk1fk1fl1.tiff,plate_41002688/r06c22f08p01-ch3sk1fk1fl1.tiff,plate_41002688/r06c22f08p01-ch5sk1fk1fl1.tiff,3.5,Tasimelteon,val,0
p41002688_G13_s08,plate_41002688,p41002688_G13,8,Bifenazate,OASIS411,3.5,0.9763196706771852,0.0213335864245891,GABA Receptor,COC1=CC=C(C2=CC=CC=C2)C=C1NNC(OC(C)C)=O,plate_41002688/r07c13f08p01-ch6sk1fk1fl1.tiff,plate_41002688/r07c13f08p01-ch1sk1fk1fl1.tiff,plate_41002688/r07c13f08p01-ch2sk1fk1fl1.tiff,plate_41002688/r07c13f08p01-ch4sk1fk1fl1.tiff,plate_41002688/r07c13f08p01-ch3sk1fk1fl1.tiff,plate_41002688/r07c13f08p01-ch5sk1fk1fl1.tiff,3.5,Bifenazate,train,1
p41002688_G15_s08,plate_41002688,p41002688_G15,8,6-Thioguanine,OASIS1225,3.5,0.8989945650100708,-0.0305436756461858,Apoptosis; Autophagy; Deubiquitinase; DNA Methyltransferase; Endogenous Metabolite; SARS-CoV,SC1=NC(N)=NC2=C1N=CN2,plate_41002688/r07c15f08p01-ch6sk1fk1fl1.tiff,plate_41002688/r07c15f08p01-ch1sk1fk1fl1.tiff,plate_41002688/r07c15f08p01-ch2sk1fk1fl1.tiff,plate_41002688/r07c15f08p01-ch4sk1fk1fl1.tiff,plate_41002688/r07c15f08p01-ch3sk1fk1fl1.tiff,plate_41002688/r07c15f08p01-ch5sk1fk1fl1.tiff,3.5,6-Thioguanine,test,0
p41002688_G18_s08,plate_41002688,p41002688_G18,8,Thio-TEPA,OASIS607,3.5,1.05798077583313,-0.0240590181201696,Antibiotic; Bacterial; DNA Alkylator/Crosslinker,S=P(N1CC1)(N2CC2)N3CC3,plate_41002688/r07c18f08p01-ch6sk1fk1fl1.tiff,plate_41002688/r07c18f08p01-ch1sk1fk1fl1.tiff,plate_41002688/r07c18f08p01-ch2sk1fk1fl1.tiff,plate_41002688/r07c18f08p01-ch4sk1fk1fl1.tiff,plate_41002688/r07c18f08p01-ch3sk1fk1fl1.tiff,plate_41002688/r07c18f08p01-ch5sk1fk1fl1.tiff,3.5,Thio-TEPA,test,0
p41002688_G20_s08,plate_41002688,p41002688_G20,8,control,,0.0,1.0153435468673706,-0.0986325815320015,,,plate_41002688/r07c20f08p01-ch6sk1fk1fl1.tiff,plate_41002688/r07c20f08p01-ch1sk1fk1fl1.tiff,plate_41002688/r07c20f08p01-ch2sk1fk1fl1.tiff,plate_41002688/r07c20f08p01-ch4sk1fk1fl1.tiff,plate_41002688/r07c20f08p01-ch3sk1fk1fl1.tiff,plate_41002688/r07c20f08p01-ch5sk1fk1fl1.tiff,none,control,train,1
p41002688_H18_s08,plate_41002688,p41002688_H18,8,control,,0.0,1.01100754737854,-0.085663266479969,,,plate_41002688/r08c18f08p01-ch6sk1fk1fl1.tiff,plate_41002688/r08c18f08p01-ch1sk1fk1fl1.tiff,plate_41002688/r08c18f08p01-ch2sk1fk1fl1.tiff,plate_41002688/r08c18f08p01-ch4sk1fk1fl1.tiff,plate_41002688/r08c18f08p01-ch3sk1fk1fl1.tiff,plate_41002688/r08c18f08p01-ch5sk1fk1fl1.tiff,none,control,train,0
p41002688_H23_s08,plate_41002688,p41002688_H23,8,control,,0.0,1.0767699480056765,-0.0240590181201696,,,plate_41002688/r08c23f08p01-ch6sk1fk1fl1.tiff,plate_41002688/r08c23f08p01-ch1sk1fk1fl1.tiff,plate_41002688/r08c23f08p01-ch2sk1fk1fl1.tiff,plate_41002688/r08c23f08p01-ch4sk1fk1fl1.tiff,plate_41002688/r08c23f08p01-ch3sk1fk1fl1.tiff,plate_41002688/r08c23f08p01-ch5sk1fk1fl1.tiff,none,control,train,1
p41002688_I13_s08,plate_41002688,p41002688_I13,8,Telaprevir,OASIS980,3.5,0.901162564754486,0.0051219421438872,HCV; HCV Protease; SARS-CoV,O=C(N([C@@H]1C(N[C@H](C(C(NC2CC2)=O)=O)CCC)=O)C[C@@]3(CCC[C@@]31[H])[H])[C@@H](NC([C@@H](NC(C4=NC=CN=C4)=O)C5CCCCC5)=O)C(C)(C)C,plate_41002688/r09c13f08p01-ch6sk1fk1fl1.tiff,plate_41002688/r09c13f08p01-ch1sk1fk1fl1.tiff,plate_41002688/r09c13f08p01-ch2sk1fk1fl1.tiff,plate_41002688/r09c13f08p01-ch4sk1fk1fl1.tiff,plate_41002688/r09c13f08p01-ch3sk1fk1fl1.tiff,plate_41002688/r09c13f08p01-ch5sk1fk1fl1.tiff,3.5,Telaprevir,train,0
p41002688_I15_s08,plate_41002688,p41002688_I15,8,Zalcitabine,OASIS648,3.5,0.8838186264038086,-0.040270660072565,HIV; Reverse Transcriptase,OC[C@@H]1CC[C@H](N2C=CC(N)=NC2=O)O1,plate_41002688/r09c15f08p01-ch6sk1fk1fl1.tiff,plate_41002688/r09c15f08p01-ch1sk1fk1fl1.tiff,plate_41002688/r09c15f08p01-ch2sk1fk1fl1.tiff,plate_41002688/r09c15f08p01-ch4sk1fk1fl1.tiff,plate_41002688/r09c15f08p01-ch3sk1fk1fl1.tiff,plate_41002688/r09c15f08p01-ch5sk1fk1fl1.tiff,3.5,Zalcitabine,test,1
p41002688_J15_s08,plate_41002688,p41002688_J15,8,Ebrotidine,OASIS1376,3.5,0.9213971495628356,-0.0726939514279365,Histamine Receptor,O=S(C1=CC=C(Br)C=C1)(/N=C/NCCSCC2=CSC(NC(N)=N)=N2)=O,plate_41002688/r10c15f08p01-ch6sk1fk1fl1.tiff,plate_41002688/r10c15f08p01-ch1sk1fk1fl1.tiff,plate_41002688/r10c15f08p01-ch2sk1fk1fl1.tiff,plate_41002688/r10c15f08p01-ch4sk1fk1fl1.tiff,plate_41002688/r10c15f08p01-ch3sk1fk1fl1.tiff,plate_41002688/r10c15f08p01-ch5sk1fk1fl1.tiff,3.5,Ebrotidine,test,0
p41002688_J21_s08,plate_41002688,p41002688_J21,8,Lenvatinib,OASIS1839,3.5,0.6843632459640503,-0.0564823076128959,c-Kit; FGFR; PDGFR; RET; VEGFR,O=C(N)C1=C(C=C2N=CC=C(C2=C1)OC3=CC=C(C(Cl)=C3)NC(NC4CC4)=O)OC,plate_41002688/r10c21f08p01-ch6sk1fk1fl1.tiff,plate_41002688/r10c21f08p01-ch1sk1fk1fl1.tiff,plate_41002688/r10c21f08p01-ch2sk1fk1fl1.tiff,plate_41002688/r10c21f08p01-ch4sk1fk1fl1.tiff,plate_41002688/r10c21f08p01-ch3sk1fk1fl1.tiff,plate_41002688/r10c21f08p01-ch5sk1fk1fl1.tiff,3.5,Lenvatinib,test,1
p41002688_K17_s08,plate_41002688,p41002688_K17,8,Ozagrel,OASIS1264,3.5,0.9185065031051636,-0.1051172390580177,Prostaglandin Receptor,O=C(O)/C=C/C1=CC=C(CN2C=CN=C2)C=C1,plate_41002688/r11c17f08p01-ch6sk1fk1fl1.tiff,plate_41002688/r11c17f08p01-ch1sk1fk1fl1.tiff,plate_41002688/r11c17f08p01-ch2sk1fk1fl1.tiff,plate_41002688/r11c17f08p01-ch4sk1fk1fl1.tiff,plate_41002688/r11c17f08p01-ch3sk1fk1fl1.tiff,plate_41002688/r11c17f08p01-ch5sk1fk1fl1.tiff,3.5,Ozagrel,train,1
p41002688_L14_s08,plate_41002688,p41002688_L14,8,Edoxaban (tosylate),OASIS1737,3.5,0.8895999193191528,-0.040270660072565,Factor Xa; Thrombin,O=C(N(C)C)[C@@H](CC1)C[C@H]([C@H]1NC(C(NC(C=C2)=NC=C2Cl)=O)=O)NC(C3=NC(CC4)=C(CN4C)S3)=O.O=S(C5=CC=C(C)C=C5)(O)=O,plate_41002688/r12c14f08p01-ch6sk1fk1fl1.tiff,plate_41002688/r12c14f08p01-ch1sk1fk1fl1.tiff,plate_41002688/r12c14f08p01-ch2sk1fk1fl1.tiff,plate_41002688/r12c14f08p01-ch4sk1fk1fl1.tiff,plate_41002688/r12c14f08p01-ch3sk1fk1fl1.tiff,plate_41002688/r12c14f08p01-ch5sk1fk1fl1.tiff,3.5,Edoxaban (tosylate),test,1
p41002688_L15_s08,plate_41002688,p41002688_L15,8,Fidaxomicin,OASIS1915,3.5,0.480571836233139,0.0278182439506053,Antibiotic; Apoptosis; Bacterial; DNA/RNA Synthesis,O=C(C(C(O)=C(Cl)C(O)=C1Cl)=C1CC)O[C@H]([C@H](O[C@H]2OC/C(C(O[C@](C/C=C3C)([H])[C@H](O)C)=O)=C\C=C\C[C@@H](/C(C)=C\[C@H](CC)[C@@H](O[C@@](OC(C)(C)[C@@H](OC(C(C)C)=O)[C@@H]4O)([H])[C@H]4O)\C(C)=C/3)O)C)[C@@H]([C@@H]2OC)O,plate_41002688/r12c15f08p01-ch6sk1fk1fl1.tiff,plate_41002688/r12c15f08p01-ch1sk1fk1fl1.tiff,plate_41002688/r12c15f08p01-ch2sk1fk1fl1.tiff,plate_41002688/r12c15f08p01-ch4sk1fk1fl1.tiff,plate_41002688/r12c15f08p01-ch3sk1fk1fl1.tiff,plate_41002688/r12c15f08p01-ch5sk1fk1fl1.tiff,3.5,Fidaxomicin,train,1
p41002688_L17_s08,plate_41002688,p41002688_L17,8,Mefenamic acid,OASIS057,3.5,0.9437997341156006,-0.0532399751245975,COX,O=C(O)C1=CC=CC=C1NC2=CC=CC(C)=C2C,plate_41002688/r12c17f08p01-ch6sk1fk1fl1.tiff,plate_41002688/r12c17f08p01-ch1sk1fk1fl1.tiff,plate_41002688/r12c17f08p01-ch2sk1fk1fl1.tiff,plate_41002688/r12c17f08p01-ch4sk1fk1fl1.tiff,plate_41002688/r12c17f08p01-ch3sk1fk1fl1.tiff,plate_41002688/r12c17f08p01-ch5sk1fk1fl1.tiff,3.5,Mefenamic acid,val,0
p41002688_L21_s08,plate_41002688,p41002688_L21,8,Dirithromycin,OASIS1367,3.5,1.0211248397827148,0.0472722165286541,Antibiotic; Bacterial,CC1[C@@]([C@](O)([C@H](OC([C@@H]2C)=O)CC)C)([H])O[C@H](COCCOC)N[C@@]1([H])[C@](C[C@@](O)([C@@H]([C@@H](C)[C@]2([H])O[C@@](O[C@@H](C)[C@@H]3O)([H])C[C@@]3(C)OC)O[C@@](O[C@H](C)C[C@@H]4N(C)C)([H])[C@@H]4O)C)([H])C,plate_41002688/r12c21f08p01-ch6sk1fk1fl1.tiff,plate_41002688/r12c21f08p01-ch1sk1fk1fl1.tiff,plate_41002688/r12c21f08p01-ch2sk1fk1fl1.tiff,plate_41002688/r12c21f08p01-ch4sk1fk1fl1.tiff,plate_41002688/r12c21f08p01-ch3sk1fk1fl1.tiff,plate_41002688/r12c21f08p01-ch5sk1fk1fl1.tiff,3.5,Dirithromycin,train,0
p41002688_M14_s08,plate_41002688,p41002688_M14,8,Oseltamivir,OASIS1570,3.5,0.7783095836639404,-0.0662092939019203,Influenza Virus,O=C(OCC)C1=C[C@H]([C@@H]([C@H](C1)N)NC(C)=O)OC(CC)CC,plate_41002688/r13c14f08p01-ch6sk1fk1fl1.tiff,plate_41002688/r13c14f08p01-ch1sk1fk1fl1.tiff,plate_41002688/r13c14f08p01-ch2sk1fk1fl1.tiff,plate_41002688/r13c14f08p01-ch4sk1fk1fl1.tiff,plate_41002688/r13c14f08p01-ch3sk1fk1fl1.tiff,plate_41002688/r13c14f08p01-ch5sk1fk1fl1.tiff,3.5,Oseltamivir,train,0
p41002688_M21_s08,plate_41002688,p41002688_M21,8,Siponimod,OASIS1805,3.5,0.982823610305786,-0.0370283313095569,LPL Receptor,O=C(C1CN(CC2=CC=C(/C(C)=N/OCC3=CC=C(C4CCCCC4)C(C(F)(F)F)=C3)C=C2CC)C1)O,plate_41002688/r13c21f08p01-ch6sk1fk1fl1.tiff,plate_41002688/r13c21f08p01-ch1sk1fk1fl1.tiff,plate_41002688/r13c21f08p01-ch2sk1fk1fl1.tiff,plate_41002688/r13c21f08p01-ch4sk1fk1fl1.tiff,plate_41002688/r13c21f08p01-ch3sk1fk1fl1.tiff,plate_41002688/r13c21f08p01-ch5sk1fk1fl1.tiff,3.5,Siponimod,train,1
p41002688_N21_s08,plate_41002688,p41002688_N21,8,Troglitazone,OASIS1444,3.5,1.117239236831665,-0.0921479240059852,Apoptosis; Autophagy; Ferroptosis; PPAR,O=C(SC1CC(C=C2)=CC=C2OCC3(C)OC(C(CC3)=C4C)=C(C)C(C)=C4O)NC1=O,plate_41002688/r14c21f08p01-ch6sk1fk1fl1.tiff,plate_41002688/r14c21f08p01-ch1sk1fk1fl1.tiff,plate_41002688/r14c21f08p01-ch2sk1fk1fl1.tiff,plate_41002688/r14c21f08p01-ch4sk1fk1fl1.tiff,plate_41002688/r14c21f08p01-ch3sk1fk1fl1.tiff,plate_41002688/r14c21f08p01-ch5sk1fk1fl1.tiff,3.5,Troglitazone,test,1
p41002688_O16_s08,plate_41002688,p41002688_O16,8,Nifurtimox,OASIS1788,3.5,0.992218255996704,0.0440298877656459,Lactate Dehydrogenase; Parasite,O=S1(CC(C)N(/N=C/C2=CC=C([N+]([O-])=O)O2)CC1)=O,plate_41002688/r15c16f08p01-ch6sk1fk1fl1.tiff,plate_41002688/r15c16f08p01-ch1sk1fk1fl1.tiff,plate_41002688/r15c16f08p01-ch2sk1fk1fl1.tiff,plate_41002688/r15c16f08p01-ch4sk1fk1fl1.tiff,plate_41002688/r15c16f08p01-ch3sk1fk1fl1.tiff,plate_41002688/r15c16f08p01-ch5sk1fk1fl1.tiff,3.5,Nifurtimox,test,0
p41002689_A19_s08,plate_41002689,p41002689_A19,8,Lapatinib,OASIS1355,3.5,0.9458366632461548,0.1685211062431335,Autophagy; EGFR; Ferroptosis,O=S(CCNCC1=CC=C(C2=CC=C3C(C(NC4=CC(Cl)=C(C=C4)OCC5=CC(F)=CC=C5)=NC=N3)=C2)O1)(C)=O,plate_41002689/r01c19f08p01-ch6sk1fk1fl1.tiff,plate_41002689/r01c19f08p01-ch1sk1fk1fl1.tiff,plate_41002689/r01c19f08p01-ch2sk1fk1fl1.tiff,plate_41002689/r01c19f08p01-ch4sk1fk1fl1.tiff,plate_41002689/r01c19f08p01-ch3sk1fk1fl1.tiff,plate_41002689/r01c19f08p01-ch5sk1fk1fl1.tiff,3.5,Lapatinib,test,1
p41002689_B24_s08,plate_41002689,p41002689_B24,8,Sulfasalazine,OASIS018,3.5,1.1173415184020996,0.1893410831689834,Antibiotic; Apoptosis; Autophagy; Bacterial; Ferroptosis; NF-κB,OC(C1=C(O)C=CC(/N=N/C2=CC=C(S(=O)(NC3=NC=CC=C3)=O)C=C2)=C1)=O,plate_41002689/r02c24f08p01-ch6sk1fk1fl1.tiff,plate_41002689/r02c24f08p01-ch1sk1fk1fl1.tiff,plate_41002689/r02c24f08p01-ch2sk1fk1fl1.tiff,plate_41002689/r02c24f08p01-ch4sk1fk1fl1.tiff,plate_41002689/r02c24f08p01-ch3sk1fk1fl1.tiff,plate_41002689/r02c24f08p01-ch5sk1fk1fl1.tiff,3.5,Sulfasalazine,train,0
p41002689_B24_s08,plate_41002689,p41002689_B24,8,Sulfasalazine,OASIS018,3.5,1.1173415184020996,0.1893410831689834,Antibiotic; Apoptosis; Autophagy; Bacterial; Ferroptosis; NF-κB,OC(C1=C(O)C=CC(/N=N/C2=CC=C(S(=O)(NC3=NC=CC=C3)=O)C=C2)=C1)=O,plate_41002689/r02c24f08p01-ch6sk1fk1fl1.tiff,plate_41002689/r02c24f08p01-ch1sk1fk1fl1.tiff,plate_41002689/r02c24f08p01-ch2sk1fk1fl1.tiff,plate_41002689/r02c24f08p01-ch4sk1fk1fl1.tiff,plate_41002689/r02c24f08p01-ch3sk1fk1fl1.tiff,plate_41002689/r02c24f08p01-ch5sk1fk1fl1.tiff,3.5,Sulfasalazine,train,0
p41002689_C10_s08,plate_41002689,p41002689_C10,8,Carmustine,OASIS1398,3.5,1.1039026975631714,-0.0136536723002791,DNA Alkylator/Crosslinker,O=C(NCCCl)N(CCCl)N=O,plate_41002689/r03c10f08p01-ch6sk1fk1fl1.tiff,plate_41002689/r03c10f08p01-ch1sk1fk1fl1.tiff,plate_41002689/r03c10f08p01-ch2sk1fk1fl1.tiff,plate_41002689/r03c10f08p01-ch4sk1fk1fl1.tiff,plate_41002689/r03c10f08p01-ch3sk1fk1fl1.tiff,plate_41002689/r03c10f08p01-ch5sk1fk1fl1.tiff,3.5,Carmustine,train,1
p41002689_C16_s08,plate_41002689,p41002689_C16,8,Compound_567dbb1e,,3.5,0.9599153995513916,0.0357937701046466,,,plate_41002689/r03c16f08p01-ch6sk1fk1fl1.tiff,plate_41002689/r03c16f08p01-ch1sk1fk1fl1.tiff,plate_41002689/r03c16f08p01-ch2sk1fk1fl1.tiff,plate_41002689/r03c16f08p01-ch4sk1fk1fl1.tiff,plate_41002689/r03c16f08p01-ch3sk1fk1fl1.tiff,plate_41002689/r03c16f08p01-ch5sk1fk1fl1.tiff,3.5,Compound_567dbb1e,test,0
p41002689_C20_s08,plate_41002689,p41002689_C20,8,control,,0.0,1.0527071952819824,0.0071663032285869,,,plate_41002689/r03c20f08p01-ch6sk1fk1fl1.tiff,plate_41002689/r03c20f08p01-ch1sk1fk1fl1.tiff,plate_41002689/r03c20f08p01-ch2sk1fk1fl1.tiff,plate_41002689/r03c20f08p01-ch4sk1fk1fl1.tiff,plate_41002689/r03c20f08p01-ch3sk1fk1fl1.tiff,plate_41002689/r03c20f08p01-ch5sk1fk1fl1.tiff,none,control,train,0
p41002689_C23_s08,plate_41002689,p41002689_C23,8,Famotidine,OASIS1103,3.5,1.106462478637695,-0.0032436843030154,Histamine Receptor,N=C(NS(=O)(N)=O)CCSCC1=CSC(NC(N)=N)=N1,plate_41002689/r03c23f08p01-ch6sk1fk1fl1.tiff,plate_41002689/r03c23f08p01-ch1sk1fk1fl1.tiff,plate_41002689/r03c23f08p01-ch2sk1fk1fl1.tiff,plate_41002689/r03c23f08p01-ch4sk1fk1fl1.tiff,plate_41002689/r03c23f08p01-ch3sk1fk1fl1.tiff,plate_41002689/r03c23f08p01-ch5sk1fk1fl1.tiff,3.5,Famotidine,train,1
p41002689_D10_s08,plate_41002689,p41002689_D10,8,Chlorothalonil,OASIS123,3.5,0.6597818732261658,0.2674160003662109,Estrogen Receptor/ERR; Fungal,N#CC1=C(Cl)C(Cl)=C(Cl)C(C#N)=C1Cl,plate_41002689/r04c10f08p01-ch6sk1fk1fl1.tiff,plate_41002689/r04c10f08p01-ch1sk1fk1fl1.tiff,plate_41002689/r04c10f08p01-ch2sk1fk1fl1.tiff,plate_41002689/r04c10f08p01-ch4sk1fk1fl1.tiff,plate_41002689/r04c10f08p01-ch3sk1fk1fl1.tiff,plate_41002689/r04c10f08p01-ch5sk1fk1fl1.tiff,3.5,Chlorothalonil,val,1
p41002689_D19_s08,plate_41002689,p41002689_D19,8,Sorafenib,OASIS1340,3.5,0.6053866744041443,-0.0058461814187467,Apoptosis; Autophagy; Ferroptosis; FLT3; Raf; VEGFR,O=C(NC(C=C1)=CC=C1OC2=CC(C(NC)=O)=NC=C2)NC3=CC=C(Cl)C(C(F)(F)F)=C3,plate_41002689/r04c19f08p01-ch6sk1fk1fl1.tiff,plate_41002689/r04c19f08p01-ch1sk1fk1fl1.tiff,plate_41002689/r04c19f08p01-ch2sk1fk1fl1.tiff,plate_41002689/r04c19f08p01-ch4sk1fk1fl1.tiff,plate_41002689/r04c19f08p01-ch3sk1fk1fl1.tiff,plate_41002689/r04c19f08p01-ch5sk1fk1fl1.tiff,3.5,Sorafenib,test,1
p41002689_D20_s08,plate_41002689,p41002689_D20,8,control,,0.0,0.9547958970069884,0.0227812845259904,,,plate_41002689/r04c20f08p01-ch6sk1fk1fl1.tiff,plate_41002689/r04c20f08p01-ch1sk1fk1fl1.tiff,plate_41002689/r04c20f08p01-ch2sk1fk1fl1.tiff,plate_41002689/r04c20f08p01-ch4sk1fk1fl1.tiff,plate_41002689/r04c20f08p01-ch3sk1fk1fl1.tiff,plate_41002689/r04c20f08p01-ch5sk1fk1fl1.tiff,none,control,test,1
p41002689_E11_s08,plate_41002689,p41002689_E11,8,Benzonatate,OASIS1521,3.5,0.9464765787124634,-0.0318711511790752,Sodium Channel,O=C(OCCOCCOCCOCCOCCOCCOCCOCCOCCOC)C1=CC=C(NCCCC)C=C1,plate_41002689/r05c11f08p01-ch6sk1fk1fl1.tiff,plate_41002689/r05c11f08p01-ch1sk1fk1fl1.tiff,plate_41002689/r05c11f08p01-ch2sk1fk1fl1.tiff,plate_41002689/r05c11f08p01-ch4sk1fk1fl1.tiff,plate_41002689/r05c11f08p01-ch3sk1fk1fl1.tiff,plate_41002689/r05c11f08p01-ch5sk1fk1fl1.tiff,3.5,Benzonatate,train,1
p41002689_E19_s08,plate_41002689,p41002689_E19,8,Olmesartan,OASIS831,3.5,0.9746341109275818,-0.029268654063344,Angiotensin Receptor,O=C(O)C1=C(N=C(N1CC2=CC=C(C=C2)C3=CC=CC=C3C4=NN=NN4)CCC)C(O)(C)C,plate_41002689/r05c19f08p01-ch6sk1fk1fl1.tiff,plate_41002689/r05c19f08p01-ch1sk1fk1fl1.tiff,plate_41002689/r05c19f08p01-ch2sk1fk1fl1.tiff,plate_41002689/r05c19f08p01-ch4sk1fk1fl1.tiff,plate_41002689/r05c19f08p01-ch3sk1fk1fl1.tiff,plate_41002689/r05c19f08p01-ch5sk1fk1fl1.tiff,3.5,Olmesartan,test,0
p41002689_F10_s08,plate_41002689,p41002689_F10,8,Lorlatinib,OASIS1760,3.5,0.3449296057224273,-0.0110511751845479,Anaplastic lymphoma kinase (ALK); Apoptosis; ROS Kinase,CN1C(C#N)=C2C(CN(C)C(C3=C([C@@H](C)OC4=C(N)N=CC2=C4)C=C(F)C=C3)=O)=N1,plate_41002689/r06c10f08p01-ch6sk1fk1fl1.tiff,plate_41002689/r06c10f08p01-ch1sk1fk1fl1.tiff,plate_41002689/r06c10f08p01-ch2sk1fk1fl1.tiff,plate_41002689/r06c10f08p01-ch4sk1fk1fl1.tiff,plate_41002689/r06c10f08p01-ch3sk1fk1fl1.tiff,plate_41002689/r06c10f08p01-ch5sk1fk1fl1.tiff,3.5,Lorlatinib,train,0
p41002689_F11_s08,plate_41002689,p41002689_F11,8,Ifosfamide,OASIS1281,3.5,0.9349576234817504,-0.0058461814187467,DNA Alkylator/Crosslinker,ClCCN1P(OCCC1)(NCCCl)=O,plate_41002689/r06c11f08p01-ch6sk1fk1fl1.tiff,plate_41002689/r06c11f08p01-ch1sk1fk1fl1.tiff,plate_41002689/r06c11f08p01-ch2sk1fk1fl1.tiff,plate_41002689/r06c11f08p01-ch4sk1fk1fl1.tiff,plate_41002689/r06c11f08p01-ch3sk1fk1fl1.tiff,plate_41002689/r06c11f08p01-ch5sk1fk1fl1.tiff,3.5,Ifosfamide,train,1
p41002689_F12_s08,plate_41002689,p41002689_F12,8,control,,0.0,0.9477564692497252,-0.0578961186110973,,,plate_41002689/r06c12f08p01-ch6sk1fk1fl1.tiff,plate_41002689/r06c12f08p01-ch1sk1fk1fl1.tiff,plate_41002689/r06c12f08p01-ch2sk1fk1fl1.tiff,plate_41002689/r06c12f08p01-ch4sk1fk1fl1.tiff,plate_41002689/r06c12f08p01-ch3sk1fk1fl1.tiff,plate_41002689/r06c12f08p01-ch5sk1fk1fl1.tiff,none,control,train,0
p41002689_G13_s08,plate_41002689,p41002689_G13,8,Ivermectin,OASIS1337,3.5,0.906800091266632,-0.0344736464321613,Antibiotic; Autophagy; Bacterial; Dengue virus; Flavivirus; HIV; HSV; Mitophagy; Parasite; SARS-CoV,CO[C@H]1C[C@H](O[C@H]2[C@H](C)O[C@@H](O[C@H](/C(C)=C/C[C@@H]3C[C@H]4C[C@@]5(O[C@]([H])(C(C)C)[C@@H](C)CC5)O3)[C@@H](C)/C=C/C=C6CO[C@@]7([H])[C@]\6(O)[C@H](C(O4)=O)C=C(C)[C@H]7O)C[C@@H]2OC)O[C@@H](C)[C@@H]1O.CO[C@H]8C[C@H](O[C@H]9[C@H](C)O[C@@H](O[C@H](/C(C)=C/C[C@@H]%10C[C@H]%11C[C@@]%12(O[C@]([H])([C@@H](C)CC)[C@@H](C)CC%12)O%10)[C@@H](C)/C=C/C=C%13CO[C@@]%14([H])[C@]\%13(O)[C@H](C(O%11)=O)C=C(C)[C@H]%14O)C[C@@H]9OC)O[C@@H](C)[C@@H]8O,plate_41002689/r07c13f08p01-ch6sk1fk1fl1.tiff,plate_41002689/r07c13f08p01-ch1sk1fk1fl1.tiff,plate_41002689/r07c13f08p01-ch2sk1fk1fl1.tiff,plate_41002689/r07c13f08p01-ch4sk1fk1fl1.tiff,plate_41002689/r07c13f08p01-ch3sk1fk1fl1.tiff,plate_41002689/r07c13f08p01-ch5sk1fk1fl1.tiff,3.5,Ivermectin,train,1
p41002689_G15_s08,plate_41002689,p41002689_G15,8,Deoxycholic acid,OASIS1721,3.5,0.9778338074684144,-0.0396786406636238,Endogenous Metabolite; G protein-coupled Bile Acid Receptor 1,C[C@@]1([C@@]2([H])[C@H](C)CCC(O)=O)[C@](CC2)([H])[C@@](CC[C@@]3([H])[C@@]4(CC[C@@H](O)C3)C)([H])[C@]4([H])C[C@@H]1O,plate_41002689/r07c15f08p01-ch6sk1fk1fl1.tiff,plate_41002689/r07c15f08p01-ch1sk1fk1fl1.tiff,plate_41002689/r07c15f08p01-ch2sk1fk1fl1.tiff,plate_41002689/r07c15f08p01-ch4sk1fk1fl1.tiff,plate_41002689/r07c15f08p01-ch3sk1fk1fl1.tiff,plate_41002689/r07c15f08p01-ch5sk1fk1fl1.tiff,3.5,Deoxycholic acid,train,1
p41002689_G21_s08,plate_41002689,p41002689_G21,8,Umbralisib,OASIS1859,3.5,1.031589150428772,-0.0162561684846878,Casein Kinase; PI3K,O=C1C(C2=CC=CC(F)=C2)=C([C@@H](N3N=C(C4=CC=C(OC(C)C)C(F)=C4)C5=C(N)N=CN=C53)C)OC6=CC=C(F)C=C16,plate_41002689/r07c21f08p01-ch6sk1fk1fl1.tiff,plate_41002689/r07c21f08p01-ch1sk1fk1fl1.tiff,plate_41002689/r07c21f08p01-ch2sk1fk1fl1.tiff,plate_41002689/r07c21f08p01-ch4sk1fk1fl1.tiff,plate_41002689/r07c21f08p01-ch3sk1fk1fl1.tiff,plate_41002689/r07c21f08p01-ch5sk1fk1fl1.tiff,3.5,Umbralisib,train,0
p41002689_H17_s08,plate_41002689,p41002689_H17,8,control,,0.0,0.9624751806259156,-0.0084486780688166,,,plate_41002689/r08c17f08p01-ch6sk1fk1fl1.tiff,plate_41002689/r08c17f08p01-ch1sk1fk1fl1.tiff,plate_41002689/r08c17f08p01-ch2sk1fk1fl1.tiff,plate_41002689/r08c17f08p01-ch4sk1fk1fl1.tiff,plate_41002689/r08c17f08p01-ch3sk1fk1fl1.tiff,plate_41002689/r08c17f08p01-ch5sk1fk1fl1.tiff,none,control,test,1
p41002689_I13_s08,plate_41002689,p41002689_I13,8,Darifenacin,OASIS859,3.5,0.8652037382125854,-0.0500886291265487,mAChR,O=C(N)C(C1=CC=CC=C1)([C@H]2CN(CCC3=CC=C(OCC4)C4=C3)CC2)C5=CC=CC=C5,plate_41002689/r09c13f08p01-ch6sk1fk1fl1.tiff,plate_41002689/r09c13f08p01-ch1sk1fk1fl1.tiff,plate_41002689/r09c13f08p01-ch2sk1fk1fl1.tiff,plate_41002689/r09c13f08p01-ch4sk1fk1fl1.tiff,plate_41002689/r09c13f08p01-ch3sk1fk1fl1.tiff,plate_41002689/r09c13f08p01-ch5sk1fk1fl1.tiff,3.5,Darifenacin,train,0
p41002689_I17_s08,plate_41002689,p41002689_I17,8,Ponatinib (hydrochloride),OASIS1836,3.5,0.6335441470146179,0.0279862787574529,Autophagy; Bcr-Abl; FGFR; PDGFR; Src; VEGFR,O=C(C1=CC=C(C)C(C#CC2=CN=C3C=CC=NN23)=C1)NC4=CC=C(CN5CCN(CC5)C)C(C(F)(F)F)=C4.Cl,plate_41002689/r09c17f08p01-ch6sk1fk1fl1.tiff,plate_41002689/r09c17f08p01-ch1sk1fk1fl1.tiff,plate_41002689/r09c17f08p01-ch2sk1fk1fl1.tiff,plate_41002689/r09c17f08p01-ch4sk1fk1fl1.tiff,plate_41002689/r09c17f08p01-ch3sk1fk1fl1.tiff,plate_41002689/r09c17f08p01-ch5sk1fk1fl1.tiff,3.5,Ponatinib (hydrochloride),test,1
p41002689_J15_s08,plate_41002689,p41002689_J15,8,Retinoic acid,OASIS140,3.5,0.8972009420394897,-0.0995360687375068,Autophagy; Endogenous Metabolite; Organoid; PPAR; RAR/RXR,CC1(C)C(/C=C/C(C)=C/C=C/C(C)=C/C(O)=O)=C(C)CCC1,plate_41002689/r10c15f08p01-ch6sk1fk1fl1.tiff,plate_41002689/r10c15f08p01-ch1sk1fk1fl1.tiff,plate_41002689/r10c15f08p01-ch2sk1fk1fl1.tiff,plate_41002689/r10c15f08p01-ch4sk1fk1fl1.tiff,plate_41002689/r10c15f08p01-ch3sk1fk1fl1.tiff,plate_41002689/r10c15f08p01-ch5sk1fk1fl1.tiff,3.5,Retinoic acid,test,1
p41002689_K15_s08,plate_41002689,p41002689_K15,8,Chlormezanone,OASIS040,3.5,0.9227986931800842,-0.0500886291265487,GABA Receptor,O=C(CC1)N(C)C(C2=CC=C(Cl)C=C2)S1(=O)=O,plate_41002689/r11c15f08p01-ch6sk1fk1fl1.tiff,plate_41002689/r11c15f08p01-ch1sk1fk1fl1.tiff,plate_41002689/r11c15f08p01-ch2sk1fk1fl1.tiff,plate_41002689/r11c15f08p01-ch4sk1fk1fl1.tiff,plate_41002689/r11c15f08p01-ch3sk1fk1fl1.tiff,plate_41002689/r11c15f08p01-ch5sk1fk1fl1.tiff,3.5,Chlormezanone,train,1
p41002689_K20_s08,plate_41002689,p41002689_K20,8,control,,0.0,1.0335088968276978,-0.0474861301481723,,,plate_41002689/r11c20f08p01-ch6sk1fk1fl1.tiff,plate_41002689/r11c20f08p01-ch1sk1fk1fl1.tiff,plate_41002689/r11c20f08p01-ch2sk1fk1fl1.tiff,plate_41002689/r11c20f08p01-ch4sk1fk1fl1.tiff,plate_41002689/r11c20f08p01-ch3sk1fk1fl1.tiff,plate_41002689/r11c20f08p01-ch5sk1fk1fl1.tiff,none,control,train,0
p41002689_K22_s08,plate_41002689,p41002689_K22,8,Panobinostat,OASIS1808,3.5,0.5861883759498596,0.0774337202310562,Apoptosis; Autophagy; HDAC; HIV,O=C(/C=C/C1=CC=C(CNCCC2=C(NC3=C2C=CC=C3)C)C=C1)NO,plate_41002689/r11c22f08p01-ch6sk1fk1fl1.tiff,plate_41002689/r11c22f08p01-ch1sk1fk1fl1.tiff,plate_41002689/r11c22f08p01-ch2sk1fk1fl1.tiff,plate_41002689/r11c22f08p01-ch4sk1fk1fl1.tiff,plate_41002689/r11c22f08p01-ch3sk1fk1fl1.tiff,plate_41002689/r11c22f08p01-ch5sk1fk1fl1.tiff,3.5,Panobinostat,val,0
p41002689_L13_s08,plate_41002689,p41002689_L13,8,Cephalothin,OASIS1000,3.5,0.8978408575057983,-0.0604986175894737,Antibiotic; Bacterial; Beta-lactamase,O=C(C(N12)=C(COC(C)=O)CS[C@]2([H])[C@H](NC(CC3=CC=CS3)=O)C1=O)O,plate_41002689/r12c13f08p01-ch6sk1fk1fl1.tiff,plate_41002689/r12c13f08p01-ch1sk1fk1fl1.tiff,plate_41002689/r12c13f08p01-ch2sk1fk1fl1.tiff,plate_41002689/r12c13f08p01-ch4sk1fk1fl1.tiff,plate_41002689/r12c13f08p01-ch3sk1fk1fl1.tiff,plate_41002689/r12c13f08p01-ch5sk1fk1fl1.tiff,3.5,Cephalothin,train,1
p41002689_L24_s08,plate_41002689,p41002689_L24,8,Compound_e48ed218,,3.5,0.0243178568780422,0.5016407370567322,,,plate_41002689/r12c24f08p01-ch6sk1fk1fl1.tiff,plate_41002689/r12c24f08p01-ch1sk1fk1fl1.tiff,plate_41002689/r12c24f08p01-ch2sk1fk1fl1.tiff,plate_41002689/r12c24f08p01-ch4sk1fk1fl1.tiff,plate_41002689/r12c24f08p01-ch3sk1fk1fl1.tiff,plate_41002689/r12c24f08p01-ch5sk1fk1fl1.tiff,3.5,Compound_e48ed218,train,0
p41002689_M12_s08,plate_41002689,p41002689_M12,8,control,,0.0,0.9048802852630616,-0.0084486780688166,,,plate_41002689/r13c12f08p01-ch6sk1fk1fl1.tiff,plate_41002689/r13c12f08p01-ch1sk1fk1fl1.tiff,plate_41002689/r13c12f08p01-ch2sk1fk1fl1.tiff,plate_41002689/r13c12f08p01-ch4sk1fk1fl1.tiff,plate_41002689/r13c12f08p01-ch3sk1fk1fl1.tiff,plate_41002689/r13c12f08p01-ch5sk1fk1fl1.tiff,none,control,train,1
p41002689_M13_s08,plate_41002689,p41002689_M13,8,Triheptanoin,OASIS1819,3.5,0.9285581707954408,-0.0162561684846878,Others,CCCCCCC(OCC(OC(CCCCCC)=O)COC(CCCCCC)=O)=O,plate_41002689/r13c13f08p01-ch6sk1fk1fl1.tiff,plate_41002689/r13c13f08p01-ch1sk1fk1fl1.tiff,plate_41002689/r13c13f08p01-ch2sk1fk1fl1.tiff,plate_41002689/r13c13f08p01-ch4sk1fk1fl1.tiff,plate_41002689/r13c13f08p01-ch3sk1fk1fl1.tiff,plate_41002689/r13c13f08p01-ch5sk1fk1fl1.tiff,3.5,Triheptanoin,val,1
p41002689_M14_s08,plate_41002689,p41002689_M14,8,Mitoxantrone,OASIS1060,3.5,0.0358368419110775,0.4053483307361603,Apoptosis; Endogenous Metabolite; Orthopoxvirus; PKC; Topoisomerase,O=C1C2=C(C(NCCNCCO)=CC=C2NCCNCCO)C(C3=C(O)C=CC(O)=C13)=O,plate_41002689/r13c14f08p01-ch6sk1fk1fl1.tiff,plate_41002689/r13c14f08p01-ch1sk1fk1fl1.tiff,plate_41002689/r13c14f08p01-ch2sk1fk1fl1.tiff,plate_41002689/r13c14f08p01-ch4sk1fk1fl1.tiff,plate_41002689/r13c14f08p01-ch3sk1fk1fl1.tiff,plate_41002689/r13c14f08p01-ch5sk1fk1fl1.tiff,3.5,Mitoxantrone,test,0
p41002689_M21_s08,plate_41002689,p41002689_M21,8,Compound_88f6068e,,3.5,0.9912726283073424,-0.0396786406636238,,,plate_41002689/r13c21f08p01-ch6sk1fk1fl1.tiff,plate_41002689/r13c21f08p01-ch1sk1fk1fl1.tiff,plate_41002689/r13c21f08p01-ch2sk1fk1fl1.tiff,plate_41002689/r13c21f08p01-ch4sk1fk1fl1.tiff,plate_41002689/r13c21f08p01-ch3sk1fk1fl1.tiff,plate_41002689/r13c21f08p01-ch5sk1fk1fl1.tiff,3.5,Compound_88f6068e,train,0
p41002689_M24_s08,plate_41002689,p41002689_M24,8,Griseofulvin,OASIS073,3.5,1.1327002048492432,0.085241213440895,Antibiotic; Apoptosis; Endogenous Metabolite; Fungal,O=C1[C@]2(C(OC)=CC(C[C@H]2C)=O)OC3=C(Cl)C(OC)=CC(OC)=C13,plate_41002689/r13c24f08p01-ch6sk1fk1fl1.tiff,plate_41002689/r13c24f08p01-ch1sk1fk1fl1.tiff,plate_41002689/r13c24f08p01-ch2sk1fk1fl1.tiff,plate_41002689/r13c24f08p01-ch4sk1fk1fl1.tiff,plate_41002689/r13c24f08p01-ch3sk1fk1fl1.tiff,plate_41002689/r13c24f08p01-ch5sk1fk1fl1.tiff,3.5,Griseofulvin,train,1
p41002689_N21_s08,plate_41002689,p41002689_N21,8,Raltegravir,OASIS869,3.5,1.127580642700195,-0.0578961186110973,HIV; HIV Integrase,O=C(C(O)=C(C(NCC1=CC=C(C=C1)F)=O)N=C2C(C)(C)NC(C3=NN=C(C)O3)=O)N2C,plate_41002689/r14c21f08p01-ch6sk1fk1fl1.tiff,plate_41002689/r14c21f08p01-ch1sk1fk1fl1.tiff,plate_41002689/r14c21f08p01-ch2sk1fk1fl1.tiff,plate_41002689/r14c21f08p01-ch4sk1fk1fl1.tiff,plate_41002689/r14c21f08p01-ch3sk1fk1fl1.tiff,plate_41002689/r14c21f08p01-ch5sk1fk1fl1.tiff,3.5,Raltegravir,test,0
p41002689_N22_s08,plate_41002689,p41002689_N22,8,Thalidomide,OASIS1517,3.5,1.1672571897506714,-0.0604986175894737,Autophagy; Ligands for E3 Ligase,O=C1N(C2CCC(NC2=O)=O)C(C3=CC=CC=C31)=O,plate_41002689/r14c22f08p01-ch6sk1fk1fl1.tiff,plate_41002689/r14c22f08p01-ch1sk1fk1fl1.tiff,plate_41002689/r14c22f08p01-ch2sk1fk1fl1.tiff,plate_41002689/r14c22f08p01-ch4sk1fk1fl1.tiff,plate_41002689/r14c22f08p01-ch3sk1fk1fl1.tiff,plate_41002689/r14c22f08p01-ch5sk1fk1fl1.tiff,3.5,Thalidomide,test,1
p41002689_O13_s08,plate_41002689,p41002689_O13,8,Droperidol,OASIS1204,3.5,1.1250208616256714,0.0618187375366687,Dopamine Receptor,O=C1NC2=CC=CC=C2N1C3=CCN(CCCC(C4=CC=C(F)C=C4)=O)CC3,plate_41002689/r15c13f08p01-ch6sk1fk1fl1.tiff,plate_41002689/r15c13f08p01-ch1sk1fk1fl1.tiff,plate_41002689/r15c13f08p01-ch2sk1fk1fl1.tiff,plate_41002689/r15c13f08p01-ch4sk1fk1fl1.tiff,plate_41002689/r15c13f08p01-ch3sk1fk1fl1.tiff,plate_41002689/r15c13f08p01-ch5sk1fk1fl1.tiff,3.5,Droperidol,train,1
p41002689_O22_s08,plate_41002689,p41002689_O22,8,Dapagliflozin,OASIS1775,3.5,1.0898239612579346,0.0201787874102592,SGLT,O[C@H]1[C@H](C2=CC(CC3=CC=C(OCC)C=C3)=C(Cl)C=C2)O[C@H](CO)[C@@H](O)[C@@H]1O,plate_41002689/r15c22f08p01-ch6sk1fk1fl1.tiff,plate_41002689/r15c22f08p01-ch1sk1fk1fl1.tiff,plate_41002689/r15c22f08p01-ch2sk1fk1fl1.tiff,plate_41002689/r15c22f08p01-ch4sk1fk1fl1.tiff,plate_41002689/r15c22f08p01-ch3sk1fk1fl1.tiff,plate_41002689/r15c22f08p01-ch5sk1fk1fl1.tiff,3.5,Dapagliflozin,train,0
p41002689_P13_s08,plate_41002689,p41002689_P13,8,Capsaicin,OASIS1503,3.5,1.1806960105895996,0.0279862787574529,Apoptosis; Autophagy; Endogenous Metabolite; TRP Channel,CC(C)/C=C/CCCCC(NCC1=CC=C(O)C(OC)=C1)=O,plate_41002689/r16c13f08p01-ch6sk1fk1fl1.tiff,plate_41002689/r16c13f08p01-ch1sk1fk1fl1.tiff,plate_41002689/r16c13f08p01-ch2sk1fk1fl1.tiff,plate_41002689/r16c13f08p01-ch4sk1fk1fl1.tiff,plate_41002689/r16c13f08p01-ch3sk1fk1fl1.tiff,plate_41002689/r16c13f08p01-ch5sk1fk1fl1.tiff,3.5,Capsaicin,train,1
p41002689_P17_s08,plate_41002689,p41002689_P17,8,Lercanidipine,OASIS861,3.5,1.0674259662628174,0.0800362154841423,Apoptosis; Calcium Channel; NF-κB; p38 MAPK; Reactive Oxygen Species,O=C(C1=C(C)NC(C)=C(C(OC)=O)C1C2=CC=CC([N+]([O-])=O)=C2)OC(C)(C)CN(CCC(C3=CC=CC=C3)C4=CC=CC=C4)C,plate_41002689/r16c17f08p01-ch6sk1fk1fl1.tiff,plate_41002689/r16c17f08p01-ch1sk1fk1fl1.tiff,plate_41002689/r16c17f08p01-ch2sk1fk1fl1.tiff,plate_41002689/r16c17f08p01-ch4sk1fk1fl1.tiff,plate_41002689/r16c17f08p01-ch3sk1fk1fl1.tiff,plate_41002689/r16c17f08p01-ch5sk1fk1fl1.tiff,3.5,Lercanidipine,test,1
p41002689_P21_s08,plate_41002689,p41002689_P21,8,Alpelisib,OASIS1957,3.5,0.98807293176651,0.1216761693358421,PI3K,CC(N=C(S1)NC(N2CCC[C@H]2C(N)=O)=O)=C1C3=CC(C(C)(C(F)(F)F)C)=NC=C3,plate_41002689/r16c21f08p01-ch6sk1fk1fl1.tiff,plate_41002689/r16c21f08p01-ch1sk1fk1fl1.tiff,plate_41002689/r16c21f08p01-ch2sk1fk1fl1.tiff,plate_41002689/r16c21f08p01-ch4sk1fk1fl1.tiff,plate_41002689/r16c21f08p01-ch3sk1fk1fl1.tiff,plate_41002689/r16c21f08p01-ch5sk1fk1fl1.tiff,3.5,Alpelisib,train,0
p41002689_P22_s08,plate_41002689,p41002689_P22,8,Neratinib,OASIS1886,3.5,0.5919478535652161,0.1138686761260032,EGFR,ClC1=C(OCC2=NC=CC=C2)C=CC(NC3=C(C#N)C=NC4=CC(OCC)=C(NC(/C=C/CN(C)C)=O)C=C43)=C1,plate_41002689/r16c22f08p01-ch6sk1fk1fl1.tiff,plate_41002689/r16c22f08p01-ch1sk1fk1fl1.tiff,plate_41002689/r16c22f08p01-ch2sk1fk1fl1.tiff,plate_41002689/r16c22f08p01-ch4sk1fk1fl1.tiff,plate_41002689/r16c22f08p01-ch3sk1fk1fl1.tiff,plate_41002689/r16c22f08p01-ch5sk1fk1fl1.tiff,3.5,Neratinib,val,0
p41002689_P24_s08,plate_41002689,p41002689_P24,8,Compound_59cfb866,,3.5,1.1186214685440063,0.2570060193538666,,,plate_41002689/r16c24f08p01-ch6sk1fk1fl1.tiff,plate_41002689/r16c24f08p01-ch1sk1fk1fl1.tiff,plate_41002689/r16c24f08p01-ch2sk1fk1fl1.tiff,plate_41002689/r16c24f08p01-ch4sk1fk1fl1.tiff,plate_41002689/r16c24f08p01-ch3sk1fk1fl1.tiff,plate_41002689/r16c24f08p01-ch5sk1fk1fl1.tiff,3.5,Compound_59cfb866,train,0
p41002690_A18_s08,plate_41002690,p41002690_A18,8,Oseltamivir,OASIS1570,0.4107883870601654,1.1457747220993042,0.2586831748485565,Influenza Virus,O=C(OCC)C1=C[C@H]([C@@H]([C@H](C1)N)NC(C)=O)OC(CC)CC,plate_41002690/r01c18f08p01-ch6sk1fk1fl1.tiff,plate_41002690/r01c18f08p01-ch1sk1fk1fl1.tiff,plate_41002690/r01c18f08p01-ch2sk1fk1fl1.tiff,plate_41002690/r01c18f08p01-ch4sk1fk1fl1.tiff,plate_41002690/r01c18f08p01-ch3sk1fk1fl1.tiff,plate_41002690/r01c18f08p01-ch5sk1fk1fl1.tiff,0.411,Oseltamivir,train,0
p41002690_B10_s08,plate_41002690,p41002690_B10,8,Plicamycin,OASIS1215,0.4107883870601654,0.1358687877655029,0.3148743808269501,Antibiotic; Bacterial; DNA/RNA Synthesis; Glutathione S-transferase,O=C([C@H]([C@@]([C@H](OC)C([C@@H](O)[C@H](O)C)=O)([H])C1)O[C@@](O[C@H](C)[C@H]2O)([H])C[C@H]2O[C@@](O[C@H](C)[C@@H]3O)([H])C[C@H]3O[C@@](O[C@H](C)[C@H]4O)([H])C[C@@]4(O)C)C(C1=CC5=CC(O[C@H](O[C@H](C)[C@H]6O)C[C@H]6O[C@@](O[C@H](C)[C@H]7O)([H])C[C@H]7O)=C(C)C(O)=C85)=C8O,plate_41002690/r02c10f08p01-ch6sk1fk1fl1.tiff,plate_41002690/r02c10f08p01-ch1sk1fk1fl1.tiff,plate_41002690/r02c10f08p01-ch2sk1fk1fl1.tiff,plate_41002690/r02c10f08p01-ch4sk1fk1fl1.tiff,plate_41002690/r02c10f08p01-ch3sk1fk1fl1.tiff,plate_41002690/r02c10f08p01-ch5sk1fk1fl1.tiff,0.411,Plicamycin,train,0
p41002690_C13_s08,plate_41002690,p41002690_C13,8,β-Naphthoflavone,OASIS330,0.4107883870601654,1.068730354309082,-0.0082250852137804,Apoptosis; Aryl Hydrocarbon Receptor,O=C1C2=C3C=CC=CC3=CC=C2OC(C4=CC=CC=C4)=C1,plate_41002690/r03c13f08p01-ch6sk1fk1fl1.tiff,plate_41002690/r03c13f08p01-ch1sk1fk1fl1.tiff,plate_41002690/r03c13f08p01-ch2sk1fk1fl1.tiff,plate_41002690/r03c13f08p01-ch4sk1fk1fl1.tiff,plate_41002690/r03c13f08p01-ch3sk1fk1fl1.tiff,plate_41002690/r03c13f08p01-ch5sk1fk1fl1.tiff,0.411,β-Naphthoflavone,train,0
p41002690_C21_s08,plate_41002690,p41002690_C21,8,Troglitazone,OASIS1444,0.4107883870601654,1.1478569507598877,0.017060961574316,Apoptosis; Autophagy; Ferroptosis; PPAR,O=C(SC1CC(C=C2)=CC=C2OCC3(C)OC(C(CC3)=C4C)=C(C)C(C)=C4O)NC1=O,plate_41002690/r03c21f08p01-ch6sk1fk1fl1.tiff,plate_41002690/r03c21f08p01-ch1sk1fk1fl1.tiff,plate_41002690/r03c21f08p01-ch2sk1fk1fl1.tiff,plate_41002690/r03c21f08p01-ch4sk1fk1fl1.tiff,plate_41002690/r03c21f08p01-ch3sk1fk1fl1.tiff,plate_41002690/r03c21f08p01-ch5sk1fk1fl1.tiff,0.411,Troglitazone,test,1
p41002690_C22_s08,plate_41002690,p41002690_C22,8,Macitentan,OASIS1840,0.4107883870601654,1.0661275386810305,0.0198705215007066,Apoptosis; Endothelin Receptor,BrC1=CN=C(OCCOC2=C(C3=CC=C(Br)C=C3)C(NS(NCCC)(=O)=O)=NC=N2)N=C1,plate_41002690/r03c22f08p01-ch6sk1fk1fl1.tiff,plate_41002690/r03c22f08p01-ch1sk1fk1fl1.tiff,plate_41002690/r03c22f08p01-ch2sk1fk1fl1.tiff,plate_41002690/r03c22f08p01-ch4sk1fk1fl1.tiff,plate_41002690/r03c22f08p01-ch3sk1fk1fl1.tiff,plate_41002690/r03c22f08p01-ch5sk1fk1fl1.tiff,0.411,Macitentan,test,1
p41002690_D18_s08,plate_41002690,p41002690_D18,8,6-Thioguanine,OASIS1225,0.4107883870601654,1.0015767812728882,-0.0054155243560671,Apoptosis; Autophagy; Deubiquitinase; DNA Methyltransferase; Endogenous Metabolite; SARS-CoV,SC1=NC(N)=NC2=C1N=CN2,plate_41002690/r04c18f08p01-ch6sk1fk1fl1.tiff,plate_41002690/r04c18f08p01-ch1sk1fk1fl1.tiff,plate_41002690/r04c18f08p01-ch2sk1fk1fl1.tiff,plate_41002690/r04c18f08p01-ch4sk1fk1fl1.tiff,plate_41002690/r04c18f08p01-ch3sk1fk1fl1.tiff,plate_41002690/r04c18f08p01-ch5sk1fk1fl1.tiff,0.411,6-Thioguanine,test,0
p41002690_E22_s08,plate_41002690,p41002690_E22,8,Bifenazate,OASIS411,0.4107883870601654,1.1046496629714966,-0.030701570212841,GABA Receptor,COC1=CC=C(C2=CC=CC=C2)C=C1NNC(OC(C)C)=O,plate_41002690/r05c22f08p01-ch6sk1fk1fl1.tiff,plate_41002690/r05c22f08p01-ch1sk1fk1fl1.tiff,plate_41002690/r05c22f08p01-ch2sk1fk1fl1.tiff,plate_41002690/r05c22f08p01-ch4sk1fk1fl1.tiff,plate_41002690/r05c22f08p01-ch3sk1fk1fl1.tiff,plate_41002690/r05c22f08p01-ch5sk1fk1fl1.tiff,0.411,Bifenazate,train,1
p41002690_G22_s08,plate_41002690,p41002690_G22,8,Ebrotidine,OASIS1376,0.4107883870601654,1.129116415977478,-0.0222728885710239,Histamine Receptor,O=S(C1=CC=C(Br)C=C1)(/N=C/NCCSCC2=CSC(NC(N)=N)=N2)=O,plate_41002690/r07c22f08p01-ch6sk1fk1fl1.tiff,plate_41002690/r07c22f08p01-ch1sk1fk1fl1.tiff,plate_41002690/r07c22f08p01-ch2sk1fk1fl1.tiff,plate_41002690/r07c22f08p01-ch4sk1fk1fl1.tiff,plate_41002690/r07c22f08p01-ch3sk1fk1fl1.tiff,plate_41002690/r07c22f08p01-ch5sk1fk1fl1.tiff,0.411,Ebrotidine,test,0
p41002690_H10_s08,plate_41002690,p41002690_H10,8,control,,0.0,0.9651368856430054,0.0030131575185805,,,plate_41002690/r08c10f08p01-ch6sk1fk1fl1.tiff,plate_41002690/r08c10f08p01-ch1sk1fk1fl1.tiff,plate_41002690/r08c10f08p01-ch2sk1fk1fl1.tiff,plate_41002690/r08c10f08p01-ch4sk1fk1fl1.tiff,plate_41002690/r08c10f08p01-ch3sk1fk1fl1.tiff,plate_41002690/r08c10f08p01-ch5sk1fk1fl1.tiff,none,control,train,0
p41002690_H17_s08,plate_41002690,p41002690_H17,8,control,,0.0,1.026564121246338,-0.0026059637311846,,,plate_41002690/r08c17f08p01-ch6sk1fk1fl1.tiff,plate_41002690/r08c17f08p01-ch1sk1fk1fl1.tiff,plate_41002690/r08c17f08p01-ch2sk1fk1fl1.tiff,plate_41002690/r08c17f08p01-ch4sk1fk1fl1.tiff,plate_41002690/r08c17f08p01-ch3sk1fk1fl1.tiff,plate_41002690/r08c17f08p01-ch5sk1fk1fl1.tiff,none,control,train,1
p41002690_I12_s08,plate_41002690,p41002690_I12,8,control,,0.0,1.019276142120361,-0.050368495285511,,,plate_41002690/r09c12f08p01-ch6sk1fk1fl1.tiff,plate_41002690/r09c12f08p01-ch1sk1fk1fl1.tiff,plate_41002690/r09c12f08p01-ch2sk1fk1fl1.tiff,plate_41002690/r09c12f08p01-ch4sk1fk1fl1.tiff,plate_41002690/r09c12f08p01-ch3sk1fk1fl1.tiff,plate_41002690/r09c12f08p01-ch5sk1fk1fl1.tiff,none,control,train,0
p41002690_I22_s08,plate_41002690,p41002690_I22,8,Compound_06965c8b,,0.4107883870601654,1.0385372638702393,-0.0278920102864503,,,plate_41002690/r09c22f08p01-ch6sk1fk1fl1.tiff,plate_41002690/r09c22f08p01-ch1sk1fk1fl1.tiff,plate_41002690/r09c22f08p01-ch2sk1fk1fl1.tiff,plate_41002690/r09c22f08p01-ch4sk1fk1fl1.tiff,plate_41002690/r09c22f08p01-ch3sk1fk1fl1.tiff,plate_41002690/r09c22f08p01-ch5sk1fk1fl1.tiff,0.411,Compound_06965c8b,val,1
p41002690_J18_s08,plate_41002690,p41002690_J18,8,Siponimod,OASIS1805,0.4107883870601654,0.9156827330589294,-0.050368495285511,LPL Receptor,O=C(C1CN(CC2=CC=C(/C(C)=N/OCC3=CC=C(C4CCCCC4)C(C(F)(F)F)=C3)C=C2CC)C1)O,plate_41002690/r10c18f08p01-ch6sk1fk1fl1.tiff,plate_41002690/r10c18f08p01-ch1sk1fk1fl1.tiff,plate_41002690/r10c18f08p01-ch2sk1fk1fl1.tiff,plate_41002690/r10c18f08p01-ch4sk1fk1fl1.tiff,plate_41002690/r10c18f08p01-ch3sk1fk1fl1.tiff,plate_41002690/r10c18f08p01-ch5sk1fk1fl1.tiff,0.411,Siponimod,train,1
p41002690_J19_s08,plate_41002690,p41002690_J19,8,Gabapentin enacarbil,OASIS1791,0.4107883870601654,1.0109471082687378,-0.0840832218527793,Calcium Channel,O=C(O)CC1(CNC(OC(OC(C(C)C)=O)C)=O)CCCCC1,plate_41002690/r10c19f08p01-ch6sk1fk1fl1.tiff,plate_41002690/r10c19f08p01-ch1sk1fk1fl1.tiff,plate_41002690/r10c19f08p01-ch2sk1fk1fl1.tiff,plate_41002690/r10c19f08p01-ch4sk1fk1fl1.tiff,plate_41002690/r10c19f08p01-ch3sk1fk1fl1.tiff,plate_41002690/r10c19f08p01-ch5sk1fk1fl1.tiff,0.411,Gabapentin enacarbil,test,1
p41002690_J22_s08,plate_41002690,p41002690_J22,8,Mefenamic acid,OASIS057,0.4107883870601654,1.0843474864959717,-0.0475589334964752,COX,O=C(O)C1=CC=CC=C1NC2=CC=CC(C)=C2C,plate_41002690/r10c22f08p01-ch6sk1fk1fl1.tiff,plate_41002690/r10c22f08p01-ch1sk1fk1fl1.tiff,plate_41002690/r10c22f08p01-ch2sk1fk1fl1.tiff,plate_41002690/r10c22f08p01-ch4sk1fk1fl1.tiff,plate_41002690/r10c22f08p01-ch3sk1fk1fl1.tiff,plate_41002690/r10c22f08p01-ch5sk1fk1fl1.tiff,0.411,Mefenamic acid,val,0
p41002690_K16_s08,plate_41002690,p41002690_K16,8,Dantrolene,OASIS069,0.4107883870601654,0.9250530004501344,-0.0222728885710239,Autophagy; Calcium Channel,O=C1NC(CN1/N=C/C2=CC=C(C3=CC=C([N+]([O-])=O)C=C3)O2)=O,plate_41002690/r11c16f08p01-ch6sk1fk1fl1.tiff,plate_41002690/r11c16f08p01-ch1sk1fk1fl1.tiff,plate_41002690/r11c16f08p01-ch2sk1fk1fl1.tiff,plate_41002690/r11c16f08p01-ch4sk1fk1fl1.tiff,plate_41002690/r11c16f08p01-ch3sk1fk1fl1.tiff,plate_41002690/r11c16f08p01-ch5sk1fk1fl1.tiff,0.411,Dantrolene,train,1
p41002690_K19_s08,plate_41002690,p41002690_K19,8,Edoxaban (tosylate),OASIS1737,0.4107883870601654,0.9417112469673156,-0.0054155243560671,Factor Xa; Thrombin,O=C(N(C)C)[C@@H](CC1)C[C@H]([C@H]1NC(C(NC(C=C2)=NC=C2Cl)=O)=O)NC(C3=NC(CC4)=C(CN4C)S3)=O.O=S(C5=CC=C(C)C=C5)(O)=O,plate_41002690/r11c19f08p01-ch6sk1fk1fl1.tiff,plate_41002690/r11c19f08p01-ch1sk1fk1fl1.tiff,plate_41002690/r11c19f08p01-ch2sk1fk1fl1.tiff,plate_41002690/r11c19f08p01-ch4sk1fk1fl1.tiff,plate_41002690/r11c19f08p01-ch3sk1fk1fl1.tiff,plate_41002690/r11c19f08p01-ch5sk1fk1fl1.tiff,0.411,Edoxaban (tosylate),test,1
p41002690_L10_s08,plate_41002690,p41002690_L10,8,Temsirolimus,OASIS834,0.4107883870601654,0.6580005288124084,-0.0250824484974145,Apoptosis; Autophagy; Bacterial; mTOR,O=C([C@@]1(O)[C@@H](CC[C@@H](C[C@@H](/C(C)=C/C=C/C=C/[C@H](C[C@@H](C)C([C@@H]([C@@H](/C(C)=C/[C@H]2C)O)OC)=O)C)OC)O1)C)C(N3CCCC[C@H]3C(O[C@@H](CC2=O)[C@@H](C[C@H]4C[C@H]([C@H](OC(C(C)(CO)CO)=O)CC4)OC)C)=O)=O,plate_41002690/r12c10f08p01-ch6sk1fk1fl1.tiff,plate_41002690/r12c10f08p01-ch1sk1fk1fl1.tiff,plate_41002690/r12c10f08p01-ch2sk1fk1fl1.tiff,plate_41002690/r12c10f08p01-ch4sk1fk1fl1.tiff,plate_41002690/r12c10f08p01-ch3sk1fk1fl1.tiff,plate_41002690/r12c10f08p01-ch5sk1fk1fl1.tiff,0.411,Temsirolimus,train,1
p41002690_L15_s08,plate_41002690,p41002690_L15,8,Selinexor,OASIS1893,0.4107883870601654,0.655918300151825,-0.0278920102864503,CRM1,O=C(NNC1=NC=CN=C1)/C=C\N2N=C(C3=CC(C(F)(F)F)=CC(C(F)(F)F)=C3)N=C2,plate_41002690/r12c15f08p01-ch6sk1fk1fl1.tiff,plate_41002690/r12c15f08p01-ch1sk1fk1fl1.tiff,plate_41002690/r12c15f08p01-ch2sk1fk1fl1.tiff,plate_41002690/r12c15f08p01-ch4sk1fk1fl1.tiff,plate_41002690/r12c15f08p01-ch3sk1fk1fl1.tiff,plate_41002690/r12c15f08p01-ch5sk1fk1fl1.tiff,0.411,Selinexor,val,1
p41002690_L20_s08,plate_41002690,p41002690_L20,8,control,,0.0,0.8906953930854797,-0.1037501469254493,,,plate_41002690/r12c20f08p01-ch6sk1fk1fl1.tiff,plate_41002690/r12c20f08p01-ch1sk1fk1fl1.tiff,plate_41002690/r12c20f08p01-ch2sk1fk1fl1.tiff,plate_41002690/r12c20f08p01-ch4sk1fk1fl1.tiff,plate_41002690/r12c20f08p01-ch3sk1fk1fl1.tiff,plate_41002690/r12c20f08p01-ch5sk1fk1fl1.tiff,none,control,train,1
p41002690_M10_s08,plate_41002690,p41002690_M10,8,Nifurtimox,OASIS1788,0.4107883870601654,0.8860102295875549,-0.0447493754327297,Lactate Dehydrogenase; Parasite,O=S1(CC(C)N(/N=C/C2=CC=C([N+]([O-])=O)O2)CC1)=O,plate_41002690/r13c10f08p01-ch6sk1fk1fl1.tiff,plate_41002690/r13c10f08p01-ch1sk1fk1fl1.tiff,plate_41002690/r13c10f08p01-ch2sk1fk1fl1.tiff,plate_41002690/r13c10f08p01-ch4sk1fk1fl1.tiff,plate_41002690/r13c10f08p01-ch3sk1fk1fl1.tiff,plate_41002690/r13c10f08p01-ch5sk1fk1fl1.tiff,0.411,Nifurtimox,test,0
p41002690_M23_s08,plate_41002690,p41002690_M23,8,Etravirine,OASIS886,0.4107883870601654,1.0760183334350586,-0.0054155243560671,HIV; Reverse Transcriptase,N#CC1=CC(C)=C(C(C)=C1)OC2=NC(NC3=CC=C(C=C3)C#N)=NC(N)=C2Br,plate_41002690/r13c23f08p01-ch6sk1fk1fl1.tiff,plate_41002690/r13c23f08p01-ch1sk1fk1fl1.tiff,plate_41002690/r13c23f08p01-ch2sk1fk1fl1.tiff,plate_41002690/r13c23f08p01-ch4sk1fk1fl1.tiff,plate_41002690/r13c23f08p01-ch3sk1fk1fl1.tiff,plate_41002690/r13c23f08p01-ch5sk1fk1fl1.tiff,0.411,Etravirine,train,0
p41002690_N19_s08,plate_41002690,p41002690_N19,8,Zalcitabine,OASIS648,0.4107883870601654,0.9162033200263976,0.0339183248579502,HIV; Reverse Transcriptase,OC[C@@H]1CC[C@H](N2C=CC(N)=NC2=O)O1,plate_41002690/r14c19f08p01-ch6sk1fk1fl1.tiff,plate_41002690/r14c19f08p01-ch1sk1fk1fl1.tiff,plate_41002690/r14c19f08p01-ch2sk1fk1fl1.tiff,plate_41002690/r14c19f08p01-ch4sk1fk1fl1.tiff,plate_41002690/r14c19f08p01-ch3sk1fk1fl1.tiff,plate_41002690/r14c19f08p01-ch5sk1fk1fl1.tiff,0.411,Zalcitabine,test,1
p41002690_O16_s08,plate_41002690,p41002690_O16,8,Tasimelteon,OASIS1885,0.4107883870601654,0.9427523612976074,0.084490418434143,Melatonin Receptor,[H][C@]1(C2=C3C(OCC3)=CC=C2)[C@@](CNC(CC)=O)([H])C1,plate_41002690/r15c16f08p01-ch6sk1fk1fl1.tiff,plate_41002690/r15c16f08p01-ch1sk1fk1fl1.tiff,plate_41002690/r15c16f08p01-ch2sk1fk1fl1.tiff,plate_41002690/r15c16f08p01-ch4sk1fk1fl1.tiff,plate_41002690/r15c16f08p01-ch3sk1fk1fl1.tiff,plate_41002690/r15c16f08p01-ch5sk1fk1fl1.tiff,0.411,Tasimelteon,val,0
p41002690_O19_s08,plate_41002690,p41002690_O19,8,Thio-TEPA,OASIS607,0.4107883870601654,0.950040340423584,0.0198705215007066,Antibiotic; Bacterial; DNA Alkylator/Crosslinker,S=P(N1CC1)(N2CC2)N3CC3,plate_41002690/r15c19f08p01-ch6sk1fk1fl1.tiff,plate_41002690/r15c19f08p01-ch1sk1fk1fl1.tiff,plate_41002690/r15c19f08p01-ch2sk1fk1fl1.tiff,plate_41002690/r15c19f08p01-ch4sk1fk1fl1.tiff,plate_41002690/r15c19f08p01-ch3sk1fk1fl1.tiff,plate_41002690/r15c19f08p01-ch5sk1fk1fl1.tiff,0.411,Thio-TEPA,test,0
p41002690_O23_s08,plate_41002690,p41002690_O23,8,Telaprevir,OASIS980,0.4107883870601654,0.9599311947822572,-0.0026059637311846,HCV; HCV Protease; SARS-CoV,O=C(N([C@@H]1C(N[C@H](C(C(NC2CC2)=O)=O)CCC)=O)C[C@@]3(CCC[C@@]31[H])[H])[C@@H](NC([C@@H](NC(C4=NC=CN=C4)=O)C5CCCCC5)=O)C(C)(C)C,plate_41002690/r15c23f08p01-ch6sk1fk1fl1.tiff,plate_41002690/r15c23f08p01-ch1sk1fk1fl1.tiff,plate_41002690/r15c23f08p01-ch2sk1fk1fl1.tiff,plate_41002690/r15c23f08p01-ch4sk1fk1fl1.tiff,plate_41002690/r15c23f08p01-ch3sk1fk1fl1.tiff,plate_41002690/r15c23f08p01-ch5sk1fk1fl1.tiff,0.411,Telaprevir,train,0
p41002690_P16_s08,plate_41002690,p41002690_P16,8,Dirithromycin,OASIS1367,0.4107883870601654,0.9521226286888124,0.109776459634304,Antibiotic; Bacterial,CC1[C@@]([C@](O)([C@H](OC([C@@H]2C)=O)CC)C)([H])O[C@H](COCCOC)N[C@@]1([H])[C@](C[C@@](O)([C@@H]([C@@H](C)[C@]2([H])O[C@@](O[C@@H](C)[C@@H]3O)([H])C[C@@]3(C)OC)O[C@@](O[C@H](C)C[C@@H]4N(C)C)([H])[C@@H]4O)C)([H])C,plate_41002690/r16c16f08p01-ch6sk1fk1fl1.tiff,plate_41002690/r16c16f08p01-ch1sk1fk1fl1.tiff,plate_41002690/r16c16f08p01-ch2sk1fk1fl1.tiff,plate_41002690/r16c16f08p01-ch4sk1fk1fl1.tiff,plate_41002690/r16c16f08p01-ch3sk1fk1fl1.tiff,plate_41002690/r16c16f08p01-ch5sk1fk1fl1.tiff,0.411,Dirithromycin,train,0
p41002690_P17_s08,plate_41002690,p41002690_P17,8,Irinotecan,OASIS744,0.4107883870601654,0.9620134830474854,0.1406816244125366,Autophagy; Topoisomerase,O=C(N1CCC(N2CCCCC2)CC1)OC3=CC=C4N=C5C(CN6C(C(COC([C@@]7(CC)O)=O)=C7C=C65)=O)=C(CC)C4=C3,plate_41002690/r16c17f08p01-ch6sk1fk1fl1.tiff,plate_41002690/r16c17f08p01-ch1sk1fk1fl1.tiff,plate_41002690/r16c17f08p01-ch2sk1fk1fl1.tiff,plate_41002690/r16c17f08p01-ch4sk1fk1fl1.tiff,plate_41002690/r16c17f08p01-ch3sk1fk1fl1.tiff,plate_41002690/r16c17f08p01-ch5sk1fk1fl1.tiff,0.411,Irinotecan,test,0
p41002690_P19_s08,plate_41002690,p41002690_P19,8,Ozagrel,OASIS1264,0.4107883870601654,0.9573283195495604,0.163158118724823,Prostaglandin Receptor,O=C(O)/C=C/C1=CC=C(CN2C=CN=C2)C=C1,plate_41002690/r16c19f08p01-ch6sk1fk1fl1.tiff,plate_41002690/r16c19f08p01-ch1sk1fk1fl1.tiff,plate_41002690/r16c19f08p01-ch2sk1fk1fl1.tiff,plate_41002690/r16c19f08p01-ch4sk1fk1fl1.tiff,plate_41002690/r16c19f08p01-ch3sk1fk1fl1.tiff,plate_41002690/r16c19f08p01-ch5sk1fk1fl1.tiff,0.411,Ozagrel,train,1
p41002691_A18_s08,plate_41002691,p41002691_A18,8,Famotidine,OASIS1103,0.0456431545317173,1.0590630769729614,0.2070689052343368,Histamine Receptor,N=C(NS(=O)(N)=O)CCSCC1=CSC(NC(N)=N)=N1,plate_41002691/r01c18f08p01-ch6sk1fk1fl1.tiff,plate_41002691/r01c18f08p01-ch1sk1fk1fl1.tiff,plate_41002691/r01c18f08p01-ch2sk1fk1fl1.tiff,plate_41002691/r01c18f08p01-ch4sk1fk1fl1.tiff,plate_41002691/r01c18f08p01-ch3sk1fk1fl1.tiff,plate_41002691/r01c18f08p01-ch5sk1fk1fl1.tiff,0.046,Famotidine,train,1
p41002691_B14_s08,plate_41002691,p41002691_B14,8,Sulfasalazine,OASIS018,0.0456431545317173,0.9423418641090392,0.0154706705361604,Antibiotic; Apoptosis; Autophagy; Bacterial; Ferroptosis; NF-κB,OC(C1=C(O)C=CC(/N=N/C2=CC=C(S(=O)(NC3=NC=CC=C3)=O)C=C2)=C1)=O,plate_41002691/r02c14f08p01-ch6sk1fk1fl1.tiff,plate_41002691/r02c14f08p01-ch1sk1fk1fl1.tiff,plate_41002691/r02c14f08p01-ch2sk1fk1fl1.tiff,plate_41002691/r02c14f08p01-ch4sk1fk1fl1.tiff,plate_41002691/r02c14f08p01-ch3sk1fk1fl1.tiff,plate_41002691/r02c14f08p01-ch5sk1fk1fl1.tiff,0.046,Sulfasalazine,train,0
p41002691_B14_s08,plate_41002691,p41002691_B14,8,Sulfasalazine,OASIS018,0.0456431545317173,0.9423418641090392,0.0154706705361604,Antibiotic; Apoptosis; Autophagy; Bacterial; Ferroptosis; NF-κB,OC(C1=C(O)C=CC(/N=N/C2=CC=C(S(=O)(NC3=NC=CC=C3)=O)C=C2)=C1)=O,plate_41002691/r02c14f08p01-ch6sk1fk1fl1.tiff,plate_41002691/r02c14f08p01-ch1sk1fk1fl1.tiff,plate_41002691/r02c14f08p01-ch2sk1fk1fl1.tiff,plate_41002691/r02c14f08p01-ch4sk1fk1fl1.tiff,plate_41002691/r02c14f08p01-ch3sk1fk1fl1.tiff,plate_41002691/r02c14f08p01-ch5sk1fk1fl1.tiff,0.046,Sulfasalazine,train,0
p41002691_B16_s08,plate_41002691,p41002691_B16,8,Alpelisib,OASIS1957,0.0456431545317173,0.9370663166046144,0.0373676121234893,PI3K,CC(N=C(S1)NC(N2CCC[C@H]2C(N)=O)=O)=C1C3=CC(C(C)(C(F)(F)F)C)=NC=C3,plate_41002691/r02c16f08p01-ch6sk1fk1fl1.tiff,plate_41002691/r02c16f08p01-ch1sk1fk1fl1.tiff,plate_41002691/r02c16f08p01-ch2sk1fk1fl1.tiff,plate_41002691/r02c16f08p01-ch4sk1fk1fl1.tiff,plate_41002691/r02c16f08p01-ch3sk1fk1fl1.tiff,plate_41002691/r02c16f08p01-ch5sk1fk1fl1.tiff,0.046,Alpelisib,train,0
p41002691_B22_s08,plate_41002691,p41002691_B22,8,Compound_e48ed218,,0.0456431545317173,0.5690979957580566,0.1687492579221725,,,plate_41002691/r02c22f08p01-ch6sk1fk1fl1.tiff,plate_41002691/r02c22f08p01-ch1sk1fk1fl1.tiff,plate_41002691/r02c22f08p01-ch2sk1fk1fl1.tiff,plate_41002691/r02c22f08p01-ch4sk1fk1fl1.tiff,plate_41002691/r02c22f08p01-ch3sk1fk1fl1.tiff,plate_41002691/r02c22f08p01-ch5sk1fk1fl1.tiff,0.046,Compound_e48ed218,train,0
p41002691_C12_s08,plate_41002691,p41002691_C12,8,control,,0.0,0.978611171245575,0.0209449063986539,,,plate_41002691/r03c12f08p01-ch6sk1fk1fl1.tiff,plate_41002691/r03c12f08p01-ch1sk1fk1fl1.tiff,plate_41002691/r03c12f08p01-ch2sk1fk1fl1.tiff,plate_41002691/r03c12f08p01-ch4sk1fk1fl1.tiff,plate_41002691/r03c12f08p01-ch3sk1fk1fl1.tiff,plate_41002691/r03c12f08p01-ch5sk1fk1fl1.tiff,none,control,test,0
p41002691_C14_s08,plate_41002691,p41002691_C14,8,Raltegravir,OASIS869,0.0456431545317173,0.97729229927063,0.0537903197109699,HIV; HIV Integrase,O=C(C(O)=C(C(NCC1=CC=C(C=C1)F)=O)N=C2C(C)(C)NC(C3=NN=C(C)O3)=O)N2C,plate_41002691/r03c14f08p01-ch6sk1fk1fl1.tiff,plate_41002691/r03c14f08p01-ch1sk1fk1fl1.tiff,plate_41002691/r03c14f08p01-ch2sk1fk1fl1.tiff,plate_41002691/r03c14f08p01-ch4sk1fk1fl1.tiff,plate_41002691/r03c14f08p01-ch3sk1fk1fl1.tiff,plate_41002691/r03c14f08p01-ch5sk1fk1fl1.tiff,0.046,Raltegravir,test,0
p41002691_D22_s08,plate_41002691,p41002691_D22,8,Thalidomide,OASIS1517,0.0456431545317173,1.032685399055481,0.0264191422611475,Autophagy; Ligands for E3 Ligase,O=C1N(C2CCC(NC2=O)=O)C(C3=CC=CC=C31)=O,plate_41002691/r04c22f08p01-ch6sk1fk1fl1.tiff,plate_41002691/r04c22f08p01-ch1sk1fk1fl1.tiff,plate_41002691/r04c22f08p01-ch2sk1fk1fl1.tiff,plate_41002691/r04c22f08p01-ch4sk1fk1fl1.tiff,plate_41002691/r04c22f08p01-ch3sk1fk1fl1.tiff,plate_41002691/r04c22f08p01-ch5sk1fk1fl1.tiff,0.046,Thalidomide,test,1
p41002691_E12_s08,plate_41002691,p41002691_E12,8,control,,0.0,0.9205803275108336,-0.1022253930568695,,,plate_41002691/r05c12f08p01-ch6sk1fk1fl1.tiff,plate_41002691/r05c12f08p01-ch1sk1fk1fl1.tiff,plate_41002691/r05c12f08p01-ch2sk1fk1fl1.tiff,plate_41002691/r05c12f08p01-ch4sk1fk1fl1.tiff,plate_41002691/r05c12f08p01-ch3sk1fk1fl1.tiff,plate_41002691/r05c12f08p01-ch5sk1fk1fl1.tiff,none,control,train,1
p41002691_E13_s08,plate_41002691,p41002691_E13,8,Benzonatate,OASIS1521,0.0456431545317173,0.9106886982917786,0.0318933762609958,Sodium Channel,O=C(OCCOCCOCCOCCOCCOCCOCCOCCOCCOC)C1=CC=C(NCCCC)C=C1,plate_41002691/r05c13f08p01-ch6sk1fk1fl1.tiff,plate_41002691/r05c13f08p01-ch1sk1fk1fl1.tiff,plate_41002691/r05c13f08p01-ch2sk1fk1fl1.tiff,plate_41002691/r05c13f08p01-ch4sk1fk1fl1.tiff,plate_41002691/r05c13f08p01-ch3sk1fk1fl1.tiff,plate_41002691/r05c13f08p01-ch5sk1fk1fl1.tiff,0.046,Benzonatate,train,1
p41002691_E24_s08,plate_41002691,p41002691_E24,8,Sorafenib,OASIS1340,0.0456431545317173,1.165892481803894,0.2015946805477142,Apoptosis; Autophagy; Ferroptosis; FLT3; Raf; VEGFR,O=C(NC(C=C1)=CC=C1OC2=CC(C(NC)=O)=NC=C2)NC3=CC=C(Cl)C(C(F)(F)F)=C3,plate_41002691/r05c24f08p01-ch6sk1fk1fl1.tiff,plate_41002691/r05c24f08p01-ch1sk1fk1fl1.tiff,plate_41002691/r05c24f08p01-ch2sk1fk1fl1.tiff,plate_41002691/r05c24f08p01-ch4sk1fk1fl1.tiff,plate_41002691/r05c24f08p01-ch3sk1fk1fl1.tiff,plate_41002691/r05c24f08p01-ch5sk1fk1fl1.tiff,0.046,Sorafenib,test,1
p41002691_G11_s08,plate_41002691,p41002691_G11,8,Deoxycholic acid,OASIS1721,0.0456431545317173,0.8612305521965027,-0.0611686259508132,Endogenous Metabolite; G protein-coupled Bile Acid Receptor 1,C[C@@]1([C@@]2([H])[C@H](C)CCC(O)=O)[C@](CC2)([H])[C@@](CC[C@@]3([H])[C@@]4(CC[C@@H](O)C3)C)([H])[C@]4([H])C[C@@H]1O,plate_41002691/r07c11f08p01-ch6sk1fk1fl1.tiff,plate_41002691/r07c11f08p01-ch1sk1fk1fl1.tiff,plate_41002691/r07c11f08p01-ch2sk1fk1fl1.tiff,plate_41002691/r07c11f08p01-ch4sk1fk1fl1.tiff,plate_41002691/r07c11f08p01-ch3sk1fk1fl1.tiff,plate_41002691/r07c11f08p01-ch5sk1fk1fl1.tiff,0.046,Deoxycholic acid,train,1
p41002691_G13_s08,plate_41002691,p41002691_G13,8,Ivermectin,OASIS1337,0.0456431545317173,0.8388095498085022,-0.0365345664322376,Antibiotic; Autophagy; Bacterial; Dengue virus; Flavivirus; HIV; HSV; Mitophagy; Parasite; SARS-CoV,CO[C@H]1C[C@H](O[C@H]2[C@H](C)O[C@@H](O[C@H](/C(C)=C/C[C@@H]3C[C@H]4C[C@@]5(O[C@]([H])(C(C)C)[C@@H](C)CC5)O3)[C@@H](C)/C=C/C=C6CO[C@@]7([H])[C@]\6(O)[C@H](C(O4)=O)C=C(C)[C@H]7O)C[C@@H]2OC)O[C@@H](C)[C@@H]1O.CO[C@H]8C[C@H](O[C@H]9[C@H](C)O[C@@H](O[C@H](/C(C)=C/C[C@@H]%10C[C@H]%11C[C@@]%12(O[C@]([H])([C@@H](C)CC)[C@@H](C)CC%12)O%10)[C@@H](C)/C=C/C=C%13CO[C@@]%14([H])[C@]\%13(O)[C@H](C(O%11)=O)C=C(C)[C@H]%14O)C[C@@H]9OC)O[C@@H](C)[C@@H]8O,plate_41002691/r07c13f08p01-ch6sk1fk1fl1.tiff,plate_41002691/r07c13f08p01-ch1sk1fk1fl1.tiff,plate_41002691/r07c13f08p01-ch2sk1fk1fl1.tiff,plate_41002691/r07c13f08p01-ch4sk1fk1fl1.tiff,plate_41002691/r07c13f08p01-ch3sk1fk1fl1.tiff,plate_41002691/r07c13f08p01-ch5sk1fk1fl1.tiff,0.046,Ivermectin,train,1
p41002691_G16_s08,plate_41002691,p41002691_G16,8,Chlormezanone,OASIS040,0.0456431545317173,0.8803544044494629,-0.0584315061569213,GABA Receptor,O=C(CC1)N(C)C(C2=CC=C(Cl)C=C2)S1(=O)=O,plate_41002691/r07c16f08p01-ch6sk1fk1fl1.tiff,plate_41002691/r07c16f08p01-ch1sk1fk1fl1.tiff,plate_41002691/r07c16f08p01-ch2sk1fk1fl1.tiff,plate_41002691/r07c16f08p01-ch4sk1fk1fl1.tiff,plate_41002691/r07c16f08p01-ch3sk1fk1fl1.tiff,plate_41002691/r07c16f08p01-ch5sk1fk1fl1.tiff,0.046,Chlormezanone,train,1
p41002691_G17_s08,plate_41002691,p41002691_G17,8,Cephalothin,OASIS1000,0.0456431545317173,0.9113481044769288,-0.0775913298130035,Antibiotic; Bacterial; Beta-lactamase,O=C(C(N12)=C(COC(C)=O)CS[C@]2([H])[C@H](NC(CC3=CC=CS3)=O)C1=O)O,plate_41002691/r07c17f08p01-ch6sk1fk1fl1.tiff,plate_41002691/r07c17f08p01-ch1sk1fk1fl1.tiff,plate_41002691/r07c17f08p01-ch2sk1fk1fl1.tiff,plate_41002691/r07c17f08p01-ch4sk1fk1fl1.tiff,plate_41002691/r07c17f08p01-ch3sk1fk1fl1.tiff,plate_41002691/r07c17f08p01-ch5sk1fk1fl1.tiff,0.046,Cephalothin,train,1
p41002691_G19_s08,plate_41002691,p41002691_G19,8,Triheptanoin,OASIS1819,0.0456431545317173,0.8843110203742981,-0.0173747409135103,Others,CCCCCCC(OCC(OC(CCCCCC)=O)COC(CCCCCC)=O)=O,plate_41002691/r07c19f08p01-ch6sk1fk1fl1.tiff,plate_41002691/r07c19f08p01-ch1sk1fk1fl1.tiff,plate_41002691/r07c19f08p01-ch2sk1fk1fl1.tiff,plate_41002691/r07c19f08p01-ch4sk1fk1fl1.tiff,plate_41002691/r07c19f08p01-ch3sk1fk1fl1.tiff,plate_41002691/r07c19f08p01-ch5sk1fk1fl1.tiff,0.046,Triheptanoin,val,1
p41002691_G21_s08,plate_41002691,p41002691_G21,8,Droperidol,OASIS1204,0.0456431545317173,0.9937782883644104,-0.0420088022947311,Dopamine Receptor,O=C1NC2=CC=CC=C2N1C3=CCN(CCCC(C4=CC=C(F)C=C4)=O)CC3,plate_41002691/r07c21f08p01-ch6sk1fk1fl1.tiff,plate_41002691/r07c21f08p01-ch1sk1fk1fl1.tiff,plate_41002691/r07c21f08p01-ch2sk1fk1fl1.tiff,plate_41002691/r07c21f08p01-ch4sk1fk1fl1.tiff,plate_41002691/r07c21f08p01-ch3sk1fk1fl1.tiff,plate_41002691/r07c21f08p01-ch5sk1fk1fl1.tiff,0.046,Droperidol,train,1
p41002691_H11_s08,plate_41002691,p41002691_H11,8,control,,0.0,0.98652446269989,-0.0420088022947311,,,plate_41002691/r08c11f08p01-ch6sk1fk1fl1.tiff,plate_41002691/r08c11f08p01-ch1sk1fk1fl1.tiff,plate_41002691/r08c11f08p01-ch2sk1fk1fl1.tiff,plate_41002691/r08c11f08p01-ch4sk1fk1fl1.tiff,plate_41002691/r08c11f08p01-ch3sk1fk1fl1.tiff,plate_41002691/r08c11f08p01-ch5sk1fk1fl1.tiff,none,control,train,0
p41002691_I19_s08,plate_41002691,p41002691_I19,8,Compound_567dbb1e,,0.0456431545317173,0.8539767265319824,-0.0420088022947311,,,plate_41002691/r09c19f08p01-ch6sk1fk1fl1.tiff,plate_41002691/r09c19f08p01-ch1sk1fk1fl1.tiff,plate_41002691/r09c19f08p01-ch2sk1fk1fl1.tiff,plate_41002691/r09c19f08p01-ch4sk1fk1fl1.tiff,plate_41002691/r09c19f08p01-ch3sk1fk1fl1.tiff,plate_41002691/r09c19f08p01-ch5sk1fk1fl1.tiff,0.046,Compound_567dbb1e,test,0
p41002691_J13_s08,plate_41002691,p41002691_J13,8,Retinoic acid,OASIS140,0.0456431545317173,0.8961809873580933,-0.0365345664322376,Autophagy; Endogenous Metabolite; Organoid; PPAR; RAR/RXR,CC1(C)C(/C=C/C(C)=C/C=C/C(C)=C/C(O)=O)=C(C)CCC1,plate_41002691/r10c13f08p01-ch6sk1fk1fl1.tiff,plate_41002691/r10c13f08p01-ch1sk1fk1fl1.tiff,plate_41002691/r10c13f08p01-ch2sk1fk1fl1.tiff,plate_41002691/r10c13f08p01-ch4sk1fk1fl1.tiff,plate_41002691/r10c13f08p01-ch3sk1fk1fl1.tiff,plate_41002691/r10c13f08p01-ch5sk1fk1fl1.tiff,0.046,Retinoic acid,test,1
p41002691_J16_s08,plate_41002691,p41002691_J16,8,Darifenacin,OASIS859,0.0456431545317173,0.8170480132102966,-0.0611686259508132,mAChR,O=C(N)C(C1=CC=CC=C1)([C@H]2CN(CCC3=CC=C(OCC4)C4=C3)CC2)C5=CC=CC=C5,plate_41002691/r10c16f08p01-ch6sk1fk1fl1.tiff,plate_41002691/r10c16f08p01-ch1sk1fk1fl1.tiff,plate_41002691/r10c16f08p01-ch2sk1fk1fl1.tiff,plate_41002691/r10c16f08p01-ch4sk1fk1fl1.tiff,plate_41002691/r10c16f08p01-ch3sk1fk1fl1.tiff,plate_41002691/r10c16f08p01-ch5sk1fk1fl1.tiff,0.046,Darifenacin,train,0
p41002691_J24_s08,plate_41002691,p41002691_J24,8,Capsaicin,OASIS1503,0.0456431545317173,0.8895865678787231,0.0866357311606407,Apoptosis; Autophagy; Endogenous Metabolite; TRP Channel,CC(C)/C=C/CCCCC(NCC1=CC=C(O)C(OC)=C1)=O,plate_41002691/r10c24f08p01-ch6sk1fk1fl1.tiff,plate_41002691/r10c24f08p01-ch1sk1fk1fl1.tiff,plate_41002691/r10c24f08p01-ch2sk1fk1fl1.tiff,plate_41002691/r10c24f08p01-ch4sk1fk1fl1.tiff,plate_41002691/r10c24f08p01-ch3sk1fk1fl1.tiff,plate_41002691/r10c24f08p01-ch5sk1fk1fl1.tiff,0.046,Capsaicin,train,1
p41002691_K20_s08,plate_41002691,p41002691_K20,8,control,,0.0,1.0082859992980957,-0.0556943900883197,,,plate_41002691/r11c20f08p01-ch6sk1fk1fl1.tiff,plate_41002691/r11c20f08p01-ch1sk1fk1fl1.tiff,plate_41002691/r11c20f08p01-ch2sk1fk1fl1.tiff,plate_41002691/r11c20f08p01-ch4sk1fk1fl1.tiff,plate_41002691/r11c20f08p01-ch3sk1fk1fl1.tiff,plate_41002691/r11c20f08p01-ch5sk1fk1fl1.tiff,none,control,test,1
p41002691_L16_s08,plate_41002691,p41002691_L16,8,Ifosfamide,OASIS1281,0.0456431545317173,0.8928837776184082,-0.0420088022947311,DNA Alkylator/Crosslinker,ClCCN1P(OCCC1)(NCCCl)=O,plate_41002691/r12c16f08p01-ch6sk1fk1fl1.tiff,plate_41002691/r12c16f08p01-ch1sk1fk1fl1.tiff,plate_41002691/r12c16f08p01-ch2sk1fk1fl1.tiff,plate_41002691/r12c16f08p01-ch4sk1fk1fl1.tiff,plate_41002691/r12c16f08p01-ch3sk1fk1fl1.tiff,plate_41002691/r12c16f08p01-ch5sk1fk1fl1.tiff,0.046,Ifosfamide,train,1
p41002691_L17_s08,plate_41002691,p41002691_L17,8,Lercanidipine,OASIS861,0.0456431545317173,0.9614656567573548,-0.0173747409135103,Apoptosis; Calcium Channel; NF-κB; p38 MAPK; Reactive Oxygen Species,O=C(C1=C(C)NC(C)=C(C(OC)=O)C1C2=CC=CC([N+]([O-])=O)=C2)OC(C)(C)CN(CCC(C3=CC=CC=C3)C4=CC=CC=C4)C,plate_41002691/r12c17f08p01-ch6sk1fk1fl1.tiff,plate_41002691/r12c17f08p01-ch1sk1fk1fl1.tiff,plate_41002691/r12c17f08p01-ch2sk1fk1fl1.tiff,plate_41002691/r12c17f08p01-ch4sk1fk1fl1.tiff,plate_41002691/r12c17f08p01-ch3sk1fk1fl1.tiff,plate_41002691/r12c17f08p01-ch5sk1fk1fl1.tiff,0.046,Lercanidipine,test,1
p41002691_L19_s08,plate_41002691,p41002691_L19,8,Lapatinib,OASIS1355,0.0456431545317173,0.9218991994857788,-0.0611686259508132,Autophagy; EGFR; Ferroptosis,O=S(CCNCC1=CC=C(C2=CC=C3C(C(NC4=CC(Cl)=C(C=C4)OCC5=CC(F)=CC=C5)=NC=N3)=C2)O1)(C)=O,plate_41002691/r12c19f08p01-ch6sk1fk1fl1.tiff,plate_41002691/r12c19f08p01-ch1sk1fk1fl1.tiff,plate_41002691/r12c19f08p01-ch2sk1fk1fl1.tiff,plate_41002691/r12c19f08p01-ch4sk1fk1fl1.tiff,plate_41002691/r12c19f08p01-ch3sk1fk1fl1.tiff,plate_41002691/r12c19f08p01-ch5sk1fk1fl1.tiff,0.046,Lapatinib,test,1
p41002691_L23_s08,plate_41002691,p41002691_L23,8,Olmesartan,OASIS831,0.0456431545317173,1.0966511964797974,-0.0064262710511684,Angiotensin Receptor,O=C(O)C1=C(N=C(N1CC2=CC=C(C=C2)C3=CC=CC=C3C4=NN=NN4)CCC)C(O)(C)C,plate_41002691/r12c23f08p01-ch6sk1fk1fl1.tiff,plate_41002691/r12c23f08p01-ch1sk1fk1fl1.tiff,plate_41002691/r12c23f08p01-ch2sk1fk1fl1.tiff,plate_41002691/r12c23f08p01-ch4sk1fk1fl1.tiff,plate_41002691/r12c23f08p01-ch3sk1fk1fl1.tiff,plate_41002691/r12c23f08p01-ch5sk1fk1fl1.tiff,0.046,Olmesartan,test,0
p41002691_M11_s08,plate_41002691,p41002691_M11,8,Compound_88f6068e,,0.0456431545317173,1.0333447456359863,-0.0940140411257743,,,plate_41002691/r13c11f08p01-ch6sk1fk1fl1.tiff,plate_41002691/r13c11f08p01-ch1sk1fk1fl1.tiff,plate_41002691/r13c11f08p01-ch2sk1fk1fl1.tiff,plate_41002691/r13c11f08p01-ch4sk1fk1fl1.tiff,plate_41002691/r13c11f08p01-ch3sk1fk1fl1.tiff,plate_41002691/r13c11f08p01-ch5sk1fk1fl1.tiff,0.046,Compound_88f6068e,train,0
p41002691_M19_s08,plate_41002691,p41002691_M19,8,Dapagliflozin,OASIS1775,0.0456431545317173,1.0577441453933716,-0.0830655694007873,SGLT,O[C@H]1[C@H](C2=CC(CC3=CC=C(OCC)C=C3)=C(Cl)C=C2)O[C@H](CO)[C@@H](O)[C@@H]1O,plate_41002691/r13c19f08p01-ch6sk1fk1fl1.tiff,plate_41002691/r13c19f08p01-ch1sk1fk1fl1.tiff,plate_41002691/r13c19f08p01-ch2sk1fk1fl1.tiff,plate_41002691/r13c19f08p01-ch4sk1fk1fl1.tiff,plate_41002691/r13c19f08p01-ch3sk1fk1fl1.tiff,plate_41002691/r13c19f08p01-ch5sk1fk1fl1.tiff,0.046,Dapagliflozin,train,0
p41002691_M23_s08,plate_41002691,p41002691_M23,8,Panobinostat,OASIS1808,0.0456431545317173,1.076208472251892,-0.0310603305697441,Apoptosis; Autophagy; HDAC; HIV,O=C(/C=C/C1=CC=C(CNCCC2=C(NC3=C2C=CC=C3)C)C=C1)NO,plate_41002691/r13c23f08p01-ch6sk1fk1fl1.tiff,plate_41002691/r13c23f08p01-ch1sk1fk1fl1.tiff,plate_41002691/r13c23f08p01-ch2sk1fk1fl1.tiff,plate_41002691/r13c23f08p01-ch4sk1fk1fl1.tiff,plate_41002691/r13c23f08p01-ch3sk1fk1fl1.tiff,plate_41002691/r13c23f08p01-ch5sk1fk1fl1.tiff,0.046,Panobinostat,val,0
p41002691_M24_s08,plate_41002691,p41002691_M24,8,Carmustine,OASIS1398,0.0456431545317173,1.171168088912964,0.0866357311606407,DNA Alkylator/Crosslinker,O=C(NCCCl)N(CCCl)N=O,plate_41002691/r13c24f08p01-ch6sk1fk1fl1.tiff,plate_41002691/r13c24f08p01-ch1sk1fk1fl1.tiff,plate_41002691/r13c24f08p01-ch2sk1fk1fl1.tiff,plate_41002691/r13c24f08p01-ch4sk1fk1fl1.tiff,plate_41002691/r13c24f08p01-ch3sk1fk1fl1.tiff,plate_41002691/r13c24f08p01-ch5sk1fk1fl1.tiff,0.046,Carmustine,train,1
p41002691_N23_s08,plate_41002691,p41002691_N23,8,Umbralisib,OASIS1859,0.0456431545317173,1.0524686574935913,0.0072593176737427,Casein Kinase; PI3K,O=C1C(C2=CC=CC(F)=C2)=C([C@@H](N3N=C(C4=CC=C(OC(C)C)C(F)=C4)C5=C(N)N=CN=C53)C)OC6=CC=C(F)C=C16,plate_41002691/r14c23f08p01-ch6sk1fk1fl1.tiff,plate_41002691/r14c23f08p01-ch1sk1fk1fl1.tiff,plate_41002691/r14c23f08p01-ch2sk1fk1fl1.tiff,plate_41002691/r14c23f08p01-ch4sk1fk1fl1.tiff,plate_41002691/r14c23f08p01-ch3sk1fk1fl1.tiff,plate_41002691/r14c23f08p01-ch5sk1fk1fl1.tiff,0.046,Umbralisib,train,0
p41002691_O15_s08,plate_41002691,p41002691_O15,8,Compound_59cfb866,,0.0456431545317173,0.97993004322052,0.0318933762609958,,,plate_41002691/r15c15f08p01-ch6sk1fk1fl1.tiff,plate_41002691/r15c15f08p01-ch1sk1fk1fl1.tiff,plate_41002691/r15c15f08p01-ch2sk1fk1fl1.tiff,plate_41002691/r15c15f08p01-ch4sk1fk1fl1.tiff,plate_41002691/r15c15f08p01-ch3sk1fk1fl1.tiff,plate_41002691/r15c15f08p01-ch5sk1fk1fl1.tiff,0.046,Compound_59cfb866,train,0
p41002691_O19_s08,plate_41002691,p41002691_O19,8,Griseofulvin,OASIS073,0.0456431545317173,1.0781868696212769,-0.0310603305697441,Antibiotic; Apoptosis; Endogenous Metabolite; Fungal,O=C1[C@]2(C(OC)=CC(C[C@H]2C)=O)OC3=C(Cl)C(OC)=CC(OC)=C13,plate_41002691/r15c19f08p01-ch6sk1fk1fl1.tiff,plate_41002691/r15c19f08p01-ch1sk1fk1fl1.tiff,plate_41002691/r15c19f08p01-ch2sk1fk1fl1.tiff,plate_41002691/r15c19f08p01-ch4sk1fk1fl1.tiff,plate_41002691/r15c19f08p01-ch3sk1fk1fl1.tiff,plate_41002691/r15c19f08p01-ch5sk1fk1fl1.tiff,0.046,Griseofulvin,train,1
p41002691_P12_s08,plate_41002691,p41002691_P12,8,control,,0.0,1.2028212547302246,0.1441152095794677,,,plate_41002691/r16c12f08p01-ch6sk1fk1fl1.tiff,plate_41002691/r16c12f08p01-ch1sk1fk1fl1.tiff,plate_41002691/r16c12f08p01-ch2sk1fk1fl1.tiff,plate_41002691/r16c12f08p01-ch4sk1fk1fl1.tiff,plate_41002691/r16c12f08p01-ch3sk1fk1fl1.tiff,plate_41002691/r16c12f08p01-ch5sk1fk1fl1.tiff,none,control,val,0
p41002692_A11_s08,plate_41002692,p41002692_A11,8,Buspirone,OASIS797,100.0,0.6821378469467163,0.2023076117038726,5-HT Receptor; Dopamine Receptor; Reactive Oxygen Species,O=C(N(CCCCN1CCN(C2=NC=CC=N2)CC1)C(C3)=O)CC43CCCC4,plate_41002692/r01c11f08p01-ch6sk1fk1fl1.tiff,plate_41002692/r01c11f08p01-ch1sk1fk1fl1.tiff,plate_41002692/r01c11f08p01-ch2sk1fk1fl1.tiff,plate_41002692/r01c11f08p01-ch4sk1fk1fl1.tiff,plate_41002692/r01c11f08p01-ch3sk1fk1fl1.tiff,plate_41002692/r01c11f08p01-ch5sk1fk1fl1.tiff,100.0,Buspirone,train,1
p41002692_A15_s08,plate_41002692,p41002692_A15,8,Rifampicin,OASIS092,100.0,0.6131716966629028,0.2050155103206634,Antibiotic; Bacterial; Influenza Virus; Orthopoxvirus,OC(C(/C=N/N1CCN(C)CC1)=C(NC(/C(C)=C\C=C\[C@@H]([C@@H]([C@@H](C)[C@H]2O)O)C)=O)C(O)=C3C(O)=C4C)=C3C5=C4O[C@](C)(O/C=C/[C@@H]([C@H]([C@@]([C@@H]2C)([H])OC(C)=O)C)OC)C5=O,plate_41002692/r01c15f08p01-ch6sk1fk1fl1.tiff,plate_41002692/r01c15f08p01-ch1sk1fk1fl1.tiff,plate_41002692/r01c15f08p01-ch2sk1fk1fl1.tiff,plate_41002692/r01c15f08p01-ch4sk1fk1fl1.tiff,plate_41002692/r01c15f08p01-ch3sk1fk1fl1.tiff,plate_41002692/r01c15f08p01-ch5sk1fk1fl1.tiff,100.0,Rifampicin,test,1
p41002692_A18_s08,plate_41002692,p41002692_A18,8,Amoxapine,OASIS1288,100.0,0.0213168077170848,0.7682587504386902,Others,ClC1=CC=C(OC2=CC=CC=C2N=C3N4CCNCC4)C3=C1,plate_41002692/r01c18f08p01-ch6sk1fk1fl1.tiff,plate_41002692/r01c18f08p01-ch1sk1fk1fl1.tiff,plate_41002692/r01c18f08p01-ch2sk1fk1fl1.tiff,plate_41002692/r01c18f08p01-ch4sk1fk1fl1.tiff,plate_41002692/r01c18f08p01-ch3sk1fk1fl1.tiff,plate_41002692/r01c18f08p01-ch5sk1fk1fl1.tiff,100.0,Amoxapine,train,1
p41002692_A22_s08,plate_41002692,p41002692_A22,8,Bosutinib (hydrate),OASIS1770,100.0,0.0175550188869237,0.6761901378631592,Bcr-Abl; Src,CN1CCN(CC1)CCCOC2=C(C=C3C(NC4=CC(OC)=C(C=C4Cl)Cl)=C(C=NC3=C2)C#N)OC.O,plate_41002692/r01c22f08p01-ch6sk1fk1fl1.tiff,plate_41002692/r01c22f08p01-ch1sk1fk1fl1.tiff,plate_41002692/r01c22f08p01-ch2sk1fk1fl1.tiff,plate_41002692/r01c22f08p01-ch4sk1fk1fl1.tiff,plate_41002692/r01c22f08p01-ch3sk1fk1fl1.tiff,plate_41002692/r01c22f08p01-ch5sk1fk1fl1.tiff,100.0,Bosutinib (hydrate),train,0
p41002692_B10_s08,plate_41002692,p41002692_B10,8,Pexidartinib,OASIS1778,100.0,0.3931070268154144,0.1048232167959213,Apoptosis; c-Fms; c-Kit,FC(C1=CC=C(CNC2=NC=C(CC3=CNC4=NC=C(Cl)C=C43)C=C2)C=N1)(F)F,plate_41002692/r02c10f08p01-ch6sk1fk1fl1.tiff,plate_41002692/r02c10f08p01-ch1sk1fk1fl1.tiff,plate_41002692/r02c10f08p01-ch2sk1fk1fl1.tiff,plate_41002692/r02c10f08p01-ch4sk1fk1fl1.tiff,plate_41002692/r02c10f08p01-ch3sk1fk1fl1.tiff,plate_41002692/r02c10f08p01-ch5sk1fk1fl1.tiff,100.0,Pexidartinib,test,1
p41002692_B23_s08,plate_41002692,p41002692_B23,8,Fedratinib (hydrochloride hydrate),OASIS1917,100.0,0.0213168077170848,0.6328637003898621,Apoptosis; JAK,[H]Cl.[H]O[H].[H]Cl.O=S(C1=CC=CC(NC2=NC(NC3=CC=C(C=C3)OCCN4CCCC4)=NC=C2C)=C1)(NC(C)(C)C)=O,plate_41002692/r02c23f08p01-ch6sk1fk1fl1.tiff,plate_41002692/r02c23f08p01-ch1sk1fk1fl1.tiff,plate_41002692/r02c23f08p01-ch2sk1fk1fl1.tiff,plate_41002692/r02c23f08p01-ch4sk1fk1fl1.tiff,plate_41002692/r02c23f08p01-ch3sk1fk1fl1.tiff,plate_41002692/r02c23f08p01-ch5sk1fk1fl1.tiff,100.0,Fedratinib (hydrochloride hydrate),train,0
p41002692_C14_s08,plate_41002692,p41002692_C14,8,Rifaximin,OASIS1351,100.0,0.6294727921485901,0.0804521143436431,Antibiotic; Bacterial; DNA/RNA Synthesis,O=C1C2=C(O[C@@]1(O/C=C/[C@@H]([C@H]([C@H]([C@@H]([C@@H]([C@@H]([C@@H](O)[C@@H](C)/C=C/C=C(C)\C3=O)C)O)C)OC(C)=O)C)OC)C)C(C)=C(O)C4=C2C5=C(C(N3)=C4O)N6C(C=C(C)C=C6)=N5,plate_41002692/r03c14f08p01-ch6sk1fk1fl1.tiff,plate_41002692/r03c14f08p01-ch1sk1fk1fl1.tiff,plate_41002692/r03c14f08p01-ch2sk1fk1fl1.tiff,plate_41002692/r03c14f08p01-ch4sk1fk1fl1.tiff,plate_41002692/r03c14f08p01-ch3sk1fk1fl1.tiff,plate_41002692/r03c14f08p01-ch5sk1fk1fl1.tiff,100.0,Rifaximin,train,0
p41002692_C16_s08,plate_41002692,p41002692_C16,8,Benzethonium (chloride),OASIS249,100.0,0.0163010880351066,0.6734822392463684,Bacterial; nAChR,CC(C)(C)CC(C1=CC=C(OCCOCC[N+](C)(C)CC2=CC=CC=C2)C=C1)(C)C.[Cl-],plate_41002692/r03c16f08p01-ch6sk1fk1fl1.tiff,plate_41002692/r03c16f08p01-ch1sk1fk1fl1.tiff,plate_41002692/r03c16f08p01-ch2sk1fk1fl1.tiff,plate_41002692/r03c16f08p01-ch4sk1fk1fl1.tiff,plate_41002692/r03c16f08p01-ch3sk1fk1fl1.tiff,plate_41002692/r03c16f08p01-ch5sk1fk1fl1.tiff,100.0,Benzethonium (chloride),test,0
p41002692_C20_s08,plate_41002692,p41002692_C20,8,control,,0.0,1.0351191759109497,0.0181704126298427,,,plate_41002692/r03c20f08p01-ch6sk1fk1fl1.tiff,plate_41002692/r03c20f08p01-ch1sk1fk1fl1.tiff,plate_41002692/r03c20f08p01-ch2sk1fk1fl1.tiff,plate_41002692/r03c20f08p01-ch4sk1fk1fl1.tiff,plate_41002692/r03c20f08p01-ch3sk1fk1fl1.tiff,plate_41002692/r03c20f08p01-ch5sk1fk1fl1.tiff,none,control,test,1
p41002692_D12_s08,plate_41002692,p41002692_D12,8,control,,0.0,0.9153687953948976,-0.0007848874665796,,,plate_41002692/r04c12f08p01-ch6sk1fk1fl1.tiff,plate_41002692/r04c12f08p01-ch1sk1fk1fl1.tiff,plate_41002692/r04c12f08p01-ch2sk1fk1fl1.tiff,plate_41002692/r04c12f08p01-ch4sk1fk1fl1.tiff,plate_41002692/r04c12f08p01-ch3sk1fk1fl1.tiff,plate_41002692/r04c12f08p01-ch5sk1fk1fl1.tiff,none,control,test,0
p41002692_D13_s08,plate_41002692,p41002692_D13,8,Compound_6d31e50a,,100.0,0.0213168077170848,0.6301558017730713,,,plate_41002692/r04c13f08p01-ch6sk1fk1fl1.tiff,plate_41002692/r04c13f08p01-ch1sk1fk1fl1.tiff,plate_41002692/r04c13f08p01-ch2sk1fk1fl1.tiff,plate_41002692/r04c13f08p01-ch4sk1fk1fl1.tiff,plate_41002692/r04c13f08p01-ch3sk1fk1fl1.tiff,plate_41002692/r04c13f08p01-ch5sk1fk1fl1.tiff,100.0,Compound_6d31e50a,train,1
p41002692_D15_s08,plate_41002692,p41002692_D15,8,Azoxystrobin,OASIS419,100.0,0.0758627578616142,0.5218397974967957,Apoptosis; Bacterial; Fungal; Phosphatase; Reactive Oxygen Species,CO/C=C(C(OC)=O)\C(C=CC=C1)=C1OC2=NC=NC(OC3=C(C#N)C=CC=C3)=C2,plate_41002692/r04c15f08p01-ch6sk1fk1fl1.tiff,plate_41002692/r04c15f08p01-ch1sk1fk1fl1.tiff,plate_41002692/r04c15f08p01-ch2sk1fk1fl1.tiff,plate_41002692/r04c15f08p01-ch4sk1fk1fl1.tiff,plate_41002692/r04c15f08p01-ch3sk1fk1fl1.tiff,plate_41002692/r04c15f08p01-ch5sk1fk1fl1.tiff,100.0,Azoxystrobin,train,0
p41002692_D19_s08,plate_41002692,p41002692_D19,8,Selpercatinib,OASIS1918,100.0,0.6934232115745544,0.1481496095657348,RET,N#CC1=C2C(C3=CC=C(N4CC(C5)N(CC6=CC=C(OC)N=C6)C5C4)N=C3)=CC(OCC(C)(O)C)=CN2N=C1,plate_41002692/r04c19f08p01-ch6sk1fk1fl1.tiff,plate_41002692/r04c19f08p01-ch1sk1fk1fl1.tiff,plate_41002692/r04c19f08p01-ch2sk1fk1fl1.tiff,plate_41002692/r04c19f08p01-ch4sk1fk1fl1.tiff,plate_41002692/r04c19f08p01-ch3sk1fk1fl1.tiff,plate_41002692/r04c19f08p01-ch5sk1fk1fl1.tiff,100.0,Selpercatinib,train,1
p41002692_D20_s08,plate_41002692,p41002692_D20,8,control,,0.0,1.02069890499115,-0.0116164879873394,,,plate_41002692/r04c20f08p01-ch6sk1fk1fl1.tiff,plate_41002692/r04c20f08p01-ch1sk1fk1fl1.tiff,plate_41002692/r04c20f08p01-ch2sk1fk1fl1.tiff,plate_41002692/r04c20f08p01-ch4sk1fk1fl1.tiff,plate_41002692/r04c20f08p01-ch3sk1fk1fl1.tiff,plate_41002692/r04c20f08p01-ch5sk1fk1fl1.tiff,none,control,train,1
p41002692_D21_s08,plate_41002692,p41002692_D21,8,Compound_f7ec0534,,100.0,0.416304737329483,0.0750363171100616,,,plate_41002692/r04c21f08p01-ch6sk1fk1fl1.tiff,plate_41002692/r04c21f08p01-ch1sk1fk1fl1.tiff,plate_41002692/r04c21f08p01-ch2sk1fk1fl1.tiff,plate_41002692/r04c21f08p01-ch4sk1fk1fl1.tiff,plate_41002692/r04c21f08p01-ch3sk1fk1fl1.tiff,plate_41002692/r04c21f08p01-ch5sk1fk1fl1.tiff,100.0,Compound_f7ec0534,test,1
p41002692_E13_s08,plate_41002692,p41002692_E13,8,Carmustine,OASIS1398,100.0,0.9448361992836,0.0533731132745742,DNA Alkylator/Crosslinker,O=C(NCCCl)N(CCCl)N=O,plate_41002692/r05c13f08p01-ch6sk1fk1fl1.tiff,plate_41002692/r05c13f08p01-ch1sk1fk1fl1.tiff,plate_41002692/r05c13f08p01-ch2sk1fk1fl1.tiff,plate_41002692/r05c13f08p01-ch4sk1fk1fl1.tiff,plate_41002692/r05c13f08p01-ch3sk1fk1fl1.tiff,plate_41002692/r05c13f08p01-ch5sk1fk1fl1.tiff,100.0,Carmustine,train,1
p41002692_E19_s08,plate_41002692,p41002692_E19,8,Saquinavir,OASIS1238,100.0,0.0344830714166164,0.4108159244060516,HIV; HIV Protease; SARS-CoV,O=C(N[C@@H](CC(N)=O)C(N[C@@H](CC1=CC=CC=C1)[C@H](O)CN2[C@H](C(NC(C)(C)C)=O)C[C@@](CCCC3)([H])[C@@]3([H])C2)=O)C4=NC5=CC=CC=C5C=C4,plate_41002692/r05c19f08p01-ch6sk1fk1fl1.tiff,plate_41002692/r05c19f08p01-ch1sk1fk1fl1.tiff,plate_41002692/r05c19f08p01-ch2sk1fk1fl1.tiff,plate_41002692/r05c19f08p01-ch4sk1fk1fl1.tiff,plate_41002692/r05c19f08p01-ch3sk1fk1fl1.tiff,plate_41002692/r05c19f08p01-ch5sk1fk1fl1.tiff,100.0,Saquinavir,val,0
p41002692_E22_s08,plate_41002692,p41002692_E22,8,Benzonatate,OASIS1521,100.0,1.0062787532806396,-0.0332796871662139,Sodium Channel,O=C(OCCOCCOCCOCCOCCOCCOCCOCCOCCOC)C1=CC=C(NCCCC)C=C1,plate_41002692/r05c22f08p01-ch6sk1fk1fl1.tiff,plate_41002692/r05c22f08p01-ch1sk1fk1fl1.tiff,plate_41002692/r05c22f08p01-ch2sk1fk1fl1.tiff,plate_41002692/r05c22f08p01-ch4sk1fk1fl1.tiff,plate_41002692/r05c22f08p01-ch3sk1fk1fl1.tiff,plate_41002692/r05c22f08p01-ch5sk1fk1fl1.tiff,100.0,Benzonatate,train,1
p41002692_E23_s08,plate_41002692,p41002692_E23,8,Ifosfamide,OASIS1281,100.0,1.1134897470474243,0.0100467130541801,DNA Alkylator/Crosslinker,ClCCN1P(OCCC1)(NCCCl)=O,plate_41002692/r05c23f08p01-ch6sk1fk1fl1.tiff,plate_41002692/r05c23f08p01-ch1sk1fk1fl1.tiff,plate_41002692/r05c23f08p01-ch2sk1fk1fl1.tiff,plate_41002692/r05c23f08p01-ch4sk1fk1fl1.tiff,plate_41002692/r05c23f08p01-ch3sk1fk1fl1.tiff,plate_41002692/r05c23f08p01-ch5sk1fk1fl1.tiff,100.0,Ifosfamide,train,1
p41002692_F11_s08,plate_41002692,p41002692_F11,8,Mitoxantrone,OASIS1060,100.0,0.0087775094434618,0.5922452211380005,Apoptosis; Endogenous Metabolite; Orthopoxvirus; PKC; Topoisomerase,O=C1C2=C(C(NCCNCCO)=CC=C2NCCNCCO)C(C3=C(O)C=CC(O)=C13)=O,plate_41002692/r06c11f08p01-ch6sk1fk1fl1.tiff,plate_41002692/r06c11f08p01-ch1sk1fk1fl1.tiff,plate_41002692/r06c11f08p01-ch2sk1fk1fl1.tiff,plate_41002692/r06c11f08p01-ch4sk1fk1fl1.tiff,plate_41002692/r06c11f08p01-ch3sk1fk1fl1.tiff,plate_41002692/r06c11f08p01-ch5sk1fk1fl1.tiff,100.0,Mitoxantrone,test,0
p41002692_F17_s08,plate_41002692,p41002692_F17,8,Compound_fee2a120,,100.0,0.0087775094434618,0.3918606042861938,,,plate_41002692/r06c17f08p01-ch6sk1fk1fl1.tiff,plate_41002692/r06c17f08p01-ch1sk1fk1fl1.tiff,plate_41002692/r06c17f08p01-ch2sk1fk1fl1.tiff,plate_41002692/r06c17f08p01-ch4sk1fk1fl1.tiff,plate_41002692/r06c17f08p01-ch3sk1fk1fl1.tiff,plate_41002692/r06c17f08p01-ch5sk1fk1fl1.tiff,100.0,Compound_fee2a120,train,0
p41002692_F18_s08,plate_41002692,p41002692_F18,8,Rapamycin,OASIS1120,100.0,0.3774328827857971,0.1914760172367096,Antibiotic; Autophagy; Bacterial; Endogenous Metabolite; FKBP; Fungal; mTOR,O=C([C@@]1(O)[C@@H](CC[C@@H](C[C@@H](/C(C)=C/C=C/C=C/[C@H](C[C@@H](C)C([C@@H]([C@@H](/C(C)=C/[C@H]2C)O)OC)=O)C)OC)O1)C)C(N3CCCC[C@H]3C(O[C@@H](CC2=O)[C@@H](C[C@H]4C[C@H]([C@H](O)CC4)OC)C)=O)=O,plate_41002692/r06c18f08p01-ch6sk1fk1fl1.tiff,plate_41002692/r06c18f08p01-ch1sk1fk1fl1.tiff,plate_41002692/r06c18f08p01-ch2sk1fk1fl1.tiff,plate_41002692/r06c18f08p01-ch4sk1fk1fl1.tiff,plate_41002692/r06c18f08p01-ch3sk1fk1fl1.tiff,plate_41002692/r06c18f08p01-ch5sk1fk1fl1.tiff,100.0,Rapamycin,train,0
p41002692_F19_s08,plate_41002692,p41002692_F19,8,Dacomitinib,OASIS1835,100.0,0.0175550188869237,0.4406028091907501,Apoptosis; EGFR,O=C(/C=C/CN1CCCCC1)NC2=CC3=C(C=C2OC)N=CN=C3NC4=CC=C(C(Cl)=C4)F,plate_41002692/r06c19f08p01-ch6sk1fk1fl1.tiff,plate_41002692/r06c19f08p01-ch1sk1fk1fl1.tiff,plate_41002692/r06c19f08p01-ch2sk1fk1fl1.tiff,plate_41002692/r06c19f08p01-ch4sk1fk1fl1.tiff,plate_41002692/r06c19f08p01-ch3sk1fk1fl1.tiff,plate_41002692/r06c19f08p01-ch5sk1fk1fl1.tiff,100.0,Dacomitinib,train,1
p41002692_F21_s08,plate_41002692,p41002692_F21,8,Maropitant,OASIS188,100.0,0.0213168077170848,0.4839292168617248,Neurokinin Receptor,CC(C)(C)C1=CC=C(OC)C(CN[C@@H]2[C@H](C(C3=CC=CC=C3)C4=CC=CC=C4)N5CCC2CC5)=C1,plate_41002692/r06c21f08p01-ch6sk1fk1fl1.tiff,plate_41002692/r06c21f08p01-ch1sk1fk1fl1.tiff,plate_41002692/r06c21f08p01-ch2sk1fk1fl1.tiff,plate_41002692/r06c21f08p01-ch4sk1fk1fl1.tiff,plate_41002692/r06c21f08p01-ch3sk1fk1fl1.tiff,plate_41002692/r06c21f08p01-ch5sk1fk1fl1.tiff,100.0,Maropitant,val,1
p41002692_F23_s08,plate_41002692,p41002692_F23,8,Raloxifene,OASIS926,100.0,0.1673996448516845,0.3593658208847046,Estrogen Receptor/ERR,O=C(C1=C(C2=CC=C(O)C=C2)SC3=CC(O)=CC=C31)C4=CC=C(OCCN5CCCCC5)C=C4,plate_41002692/r06c23f08p01-ch6sk1fk1fl1.tiff,plate_41002692/r06c23f08p01-ch1sk1fk1fl1.tiff,plate_41002692/r06c23f08p01-ch2sk1fk1fl1.tiff,plate_41002692/r06c23f08p01-ch4sk1fk1fl1.tiff,plate_41002692/r06c23f08p01-ch3sk1fk1fl1.tiff,plate_41002692/r06c23f08p01-ch5sk1fk1fl1.tiff,100.0,Raloxifene,val,0
p41002692_G10_s08,plate_41002692,p41002692_G10,8,Ivermectin,OASIS1337,100.0,0.0959256365895271,0.0858679115772247,Antibiotic; Autophagy; Bacterial; Dengue virus; Flavivirus; HIV; HSV; Mitophagy; Parasite; SARS-CoV,CO[C@H]1C[C@H](O[C@H]2[C@H](C)O[C@@H](O[C@H](/C(C)=C/C[C@@H]3C[C@H]4C[C@@]5(O[C@]([H])(C(C)C)[C@@H](C)CC5)O3)[C@@H](C)/C=C/C=C6CO[C@@]7([H])[C@]\6(O)[C@H](C(O4)=O)C=C(C)[C@H]7O)C[C@@H]2OC)O[C@@H](C)[C@@H]1O.CO[C@H]8C[C@H](O[C@H]9[C@H](C)O[C@@H](O[C@H](/C(C)=C/C[C@@H]%10C[C@H]%11C[C@@]%12(O[C@]([H])([C@@H](C)CC)[C@@H](C)CC%12)O%10)[C@@H](C)/C=C/C=C%13CO[C@@]%14([H])[C@]\%13(O)[C@H](C(O%11)=O)C=C(C)[C@H]%14O)C[C@@H]9OC)O[C@@H](C)[C@@H]8O,plate_41002692/r07c10f08p01-ch6sk1fk1fl1.tiff,plate_41002692/r07c10f08p01-ch1sk1fk1fl1.tiff,plate_41002692/r07c10f08p01-ch2sk1fk1fl1.tiff,plate_41002692/r07c10f08p01-ch4sk1fk1fl1.tiff,plate_41002692/r07c10f08p01-ch3sk1fk1fl1.tiff,plate_41002692/r07c10f08p01-ch5sk1fk1fl1.tiff,100.0,Ivermectin,train,1
p41002692_G11_s08,plate_41002692,p41002692_G11,8,Darifenacin,OASIS859,100.0,0.3617587685585022,0.0966995134949684,mAChR,O=C(N)C(C1=CC=CC=C1)([C@H]2CN(CCC3=CC=C(OCC4)C4=C3)CC2)C5=CC=CC=C5,plate_41002692/r07c11f08p01-ch6sk1fk1fl1.tiff,plate_41002692/r07c11f08p01-ch1sk1fk1fl1.tiff,plate_41002692/r07c11f08p01-ch2sk1fk1fl1.tiff,plate_41002692/r07c11f08p01-ch4sk1fk1fl1.tiff,plate_41002692/r07c11f08p01-ch3sk1fk1fl1.tiff,plate_41002692/r07c11f08p01-ch5sk1fk1fl1.tiff,100.0,Darifenacin,train,0
p41002692_G12_s08,plate_41002692,p41002692_G12,8,control,,0.0,0.9304159879684448,-0.0414033867418766,,,plate_41002692/r07c12f08p01-ch6sk1fk1fl1.tiff,plate_41002692/r07c12f08p01-ch1sk1fk1fl1.tiff,plate_41002692/r07c12f08p01-ch2sk1fk1fl1.tiff,plate_41002692/r07c12f08p01-ch4sk1fk1fl1.tiff,plate_41002692/r07c12f08p01-ch3sk1fk1fl1.tiff,plate_41002692/r07c12f08p01-ch5sk1fk1fl1.tiff,none,control,test,0
p41002692_G15_s08,plate_41002692,p41002692_G15,8,Cephalothin,OASIS1000,100.0,0.8852745294570923,0.0073388125747442,Antibiotic; Bacterial; Beta-lactamase,O=C(C(N12)=C(COC(C)=O)CS[C@]2([H])[C@H](NC(CC3=CC=CS3)=O)C1=O)O,plate_41002692/r07c15f08p01-ch6sk1fk1fl1.tiff,plate_41002692/r07c15f08p01-ch1sk1fk1fl1.tiff,plate_41002692/r07c15f08p01-ch2sk1fk1fl1.tiff,plate_41002692/r07c15f08p01-ch4sk1fk1fl1.tiff,plate_41002692/r07c15f08p01-ch3sk1fk1fl1.tiff,plate_41002692/r07c15f08p01-ch5sk1fk1fl1.tiff,100.0,Cephalothin,train,1
p41002692_G16_s08,plate_41002692,p41002692_G16,8,Triheptanoin,OASIS1819,100.0,0.8815127015113831,-0.0495270863175392,Others,CCCCCCC(OCC(OC(CCCCCC)=O)COC(CCCCCC)=O)=O,plate_41002692/r07c16f08p01-ch6sk1fk1fl1.tiff,plate_41002692/r07c16f08p01-ch1sk1fk1fl1.tiff,plate_41002692/r07c16f08p01-ch2sk1fk1fl1.tiff,plate_41002692/r07c16f08p01-ch4sk1fk1fl1.tiff,plate_41002692/r07c16f08p01-ch3sk1fk1fl1.tiff,plate_41002692/r07c16f08p01-ch5sk1fk1fl1.tiff,100.0,Triheptanoin,val,1
p41002692_G18_s08,plate_41002692,p41002692_G18,8,Droperidol,OASIS1204,100.0,0.488405704498291,0.1319022178649902,Dopamine Receptor,O=C1NC2=CC=CC=C2N1C3=CCN(CCCC(C4=CC=C(F)C=C4)=O)CC3,plate_41002692/r07c18f08p01-ch6sk1fk1fl1.tiff,plate_41002692/r07c18f08p01-ch1sk1fk1fl1.tiff,plate_41002692/r07c18f08p01-ch2sk1fk1fl1.tiff,plate_41002692/r07c18f08p01-ch4sk1fk1fl1.tiff,plate_41002692/r07c18f08p01-ch3sk1fk1fl1.tiff,plate_41002692/r07c18f08p01-ch5sk1fk1fl1.tiff,100.0,Droperidol,train,1
p41002692_G19_s08,plate_41002692,p41002692_G19,8,Capsaicin,OASIS1503,100.0,0.9210115075111388,0.1048232167959213,Apoptosis; Autophagy; Endogenous Metabolite; TRP Channel,CC(C)/C=C/CCCCC(NCC1=CC=C(O)C(OC)=C1)=O,plate_41002692/r07c19f08p01-ch6sk1fk1fl1.tiff,plate_41002692/r07c19f08p01-ch1sk1fk1fl1.tiff,plate_41002692/r07c19f08p01-ch2sk1fk1fl1.tiff,plate_41002692/r07c19f08p01-ch4sk1fk1fl1.tiff,plate_41002692/r07c19f08p01-ch3sk1fk1fl1.tiff,plate_41002692/r07c19f08p01-ch5sk1fk1fl1.tiff,100.0,Capsaicin,train,1
p41002692_G23_s08,plate_41002692,p41002692_G23,8,Haloperidol,OASIS1038,100.0,0.0457684397697448,0.3756132125854492,Dopamine Receptor,ClC(C=C1)=CC=C1C2(O)CCN(CCCC(C3=CC=C(F)C=C3)=O)CC2,plate_41002692/r07c23f08p01-ch6sk1fk1fl1.tiff,plate_41002692/r07c23f08p01-ch1sk1fk1fl1.tiff,plate_41002692/r07c23f08p01-ch2sk1fk1fl1.tiff,plate_41002692/r07c23f08p01-ch4sk1fk1fl1.tiff,plate_41002692/r07c23f08p01-ch3sk1fk1fl1.tiff,plate_41002692/r07c23f08p01-ch5sk1fk1fl1.tiff,100.0,Haloperidol,test,1
p41002692_H10_s08,plate_41002692,p41002692_H10,8,control,,0.0,0.8407599925994873,-0.0089085875079035,,,plate_41002692/r08c10f08p01-ch6sk1fk1fl1.tiff,plate_41002692/r08c10f08p01-ch1sk1fk1fl1.tiff,plate_41002692/r08c10f08p01-ch2sk1fk1fl1.tiff,plate_41002692/r08c10f08p01-ch4sk1fk1fl1.tiff,plate_41002692/r08c10f08p01-ch3sk1fk1fl1.tiff,plate_41002692/r08c10f08p01-ch5sk1fk1fl1.tiff,none,control,test,1
p41002692_H14_s08,plate_41002692,p41002692_H14,8,control,,0.0,0.9222654104232788,-0.0630665868520736,,,plate_41002692/r08c14f08p01-ch6sk1fk1fl1.tiff,plate_41002692/r08c14f08p01-ch1sk1fk1fl1.tiff,plate_41002692/r08c14f08p01-ch2sk1fk1fl1.tiff,plate_41002692/r08c14f08p01-ch4sk1fk1fl1.tiff,plate_41002692/r08c14f08p01-ch3sk1fk1fl1.tiff,plate_41002692/r08c14f08p01-ch5sk1fk1fl1.tiff,none,control,train,0
p41002692_H21_s08,plate_41002692,p41002692_H21,8,control,,0.0,1.0150562524795532,-0.0089085875079035,,,plate_41002692/r08c21f08p01-ch6sk1fk1fl1.tiff,plate_41002692/r08c21f08p01-ch1sk1fk1fl1.tiff,plate_41002692/r08c21f08p01-ch2sk1fk1fl1.tiff,plate_41002692/r08c21f08p01-ch4sk1fk1fl1.tiff,plate_41002692/r08c21f08p01-ch3sk1fk1fl1.tiff,plate_41002692/r08c21f08p01-ch5sk1fk1fl1.tiff,none,control,train,1
p41002692_H23_s08,plate_41002692,p41002692_H23,8,control,,0.0,1.0871572494506836,-0.0224480871111154,,,plate_41002692/r08c23f08p01-ch6sk1fk1fl1.tiff,plate_41002692/r08c23f08p01-ch1sk1fk1fl1.tiff,plate_41002692/r08c23f08p01-ch2sk1fk1fl1.tiff,plate_41002692/r08c23f08p01-ch4sk1fk1fl1.tiff,plate_41002692/r08c23f08p01-ch3sk1fk1fl1.tiff,plate_41002692/r08c23f08p01-ch5sk1fk1fl1.tiff,none,control,train,0
p41002692_H24_s08,plate_41002692,p41002692_H24,8,control,,0.0,1.0877841711044312,0.0858679115772247,,,plate_41002692/r08c24f08p01-ch6sk1fk1fl1.tiff,plate_41002692/r08c24f08p01-ch1sk1fk1fl1.tiff,plate_41002692/r08c24f08p01-ch2sk1fk1fl1.tiff,plate_41002692/r08c24f08p01-ch4sk1fk1fl1.tiff,plate_41002692/r08c24f08p01-ch3sk1fk1fl1.tiff,plate_41002692/r08c24f08p01-ch5sk1fk1fl1.tiff,none,control,val,1
p41002692_I11_s08,plate_41002692,p41002692_I11,8,Bicalutamide,OASIS794,100.0,0.6601940989494324,-0.084729790687561,Androgen Receptor; Autophagy,FC1=CC=C(S(=O)(CC(O)(C(NC2=CC=C(C#N)C(C(F)(F)F)=C2)=O)C)=O)C=C1,plate_41002692/r09c11f08p01-ch6sk1fk1fl1.tiff,plate_41002692/r09c11f08p01-ch1sk1fk1fl1.tiff,plate_41002692/r09c11f08p01-ch2sk1fk1fl1.tiff,plate_41002692/r09c11f08p01-ch4sk1fk1fl1.tiff,plate_41002692/r09c11f08p01-ch3sk1fk1fl1.tiff,plate_41002692/r09c11f08p01-ch5sk1fk1fl1.tiff,100.0,Bicalutamide,train,1
p41002692_I14_s08,plate_41002692,p41002692_I14,8,Retinoic acid,OASIS140,100.0,0.9310429692268372,-0.1009771898388862,Autophagy; Endogenous Metabolite; Organoid; PPAR; RAR/RXR,CC1(C)C(/C=C/C(C)=C/C=C/C(C)=C/C(O)=O)=C(C)CCC1,plate_41002692/r09c14f08p01-ch6sk1fk1fl1.tiff,plate_41002692/r09c14f08p01-ch1sk1fk1fl1.tiff,plate_41002692/r09c14f08p01-ch2sk1fk1fl1.tiff,plate_41002692/r09c14f08p01-ch4sk1fk1fl1.tiff,plate_41002692/r09c14f08p01-ch3sk1fk1fl1.tiff,plate_41002692/r09c14f08p01-ch5sk1fk1fl1.tiff,100.0,Retinoic acid,test,1
p41002692_I17_s08,plate_41002692,p41002692_I17,8,Disulfiram,OASIS027,100.0,0.4971832036972046,0.1210706159472465,Aldehyde Dehydrogenase (ALDH); Apoptosis; Cuproptosis; Interleukin Related; Pyroptosis,S=C(SSC(N(CC)CC)=S)N(CC)CC,plate_41002692/r09c17f08p01-ch6sk1fk1fl1.tiff,plate_41002692/r09c17f08p01-ch1sk1fk1fl1.tiff,plate_41002692/r09c17f08p01-ch2sk1fk1fl1.tiff,plate_41002692/r09c17f08p01-ch4sk1fk1fl1.tiff,plate_41002692/r09c17f08p01-ch3sk1fk1fl1.tiff,plate_41002692/r09c17f08p01-ch5sk1fk1fl1.tiff,100.0,Disulfiram,train,1
p41002692_I19_s08,plate_41002692,p41002692_I19,8,Triclabendazole,OASIS1889,100.0,0.5210078954696655,-0.0332796871662139,Bcl-2 Family; Caspase; Parasite; PARP; Pyroptosis,CSC1=NC2=CC(OC3=CC=CC(Cl)=C3Cl)=C(Cl)C=C2N1,plate_41002692/r09c19f08p01-ch6sk1fk1fl1.tiff,plate_41002692/r09c19f08p01-ch1sk1fk1fl1.tiff,plate_41002692/r09c19f08p01-ch2sk1fk1fl1.tiff,plate_41002692/r09c19f08p01-ch4sk1fk1fl1.tiff,plate_41002692/r09c19f08p01-ch3sk1fk1fl1.tiff,plate_41002692/r09c19f08p01-ch5sk1fk1fl1.tiff,100.0,Triclabendazole,train,0
p41002692_I22_s08,plate_41002692,p41002692_I22,8,Domperidone,OASIS750,100.0,0.1034492179751396,0.2537577152252197,Dopamine Receptor,O=C1NC2=CC(Cl)=CC=C2N1C3CCN(CCCN4C5=CC=CC=C5NC4=O)CC3,plate_41002692/r09c22f08p01-ch6sk1fk1fl1.tiff,plate_41002692/r09c22f08p01-ch1sk1fk1fl1.tiff,plate_41002692/r09c22f08p01-ch2sk1fk1fl1.tiff,plate_41002692/r09c22f08p01-ch4sk1fk1fl1.tiff,plate_41002692/r09c22f08p01-ch3sk1fk1fl1.tiff,plate_41002692/r09c22f08p01-ch5sk1fk1fl1.tiff,100.0,Domperidone,test,1
p41002692_I23_s08,plate_41002692,p41002692_I23,8,Mequitazine,OASIS1418,100.0,0.0219437722116708,0.4406028091907501,Histamine Receptor,C12=CC=CC=C1N(CC3CN4CCC3CC4)C5=C(C=CC=C5)S2,plate_41002692/r09c23f08p01-ch6sk1fk1fl1.tiff,plate_41002692/r09c23f08p01-ch1sk1fk1fl1.tiff,plate_41002692/r09c23f08p01-ch2sk1fk1fl1.tiff,plate_41002692/r09c23f08p01-ch4sk1fk1fl1.tiff,plate_41002692/r09c23f08p01-ch3sk1fk1fl1.tiff,plate_41002692/r09c23f08p01-ch5sk1fk1fl1.tiff,100.0,Mequitazine,val,1
p41002692_J10_s08,plate_41002692,p41002692_J10,8,Vismodegib,OASIS1030,100.0,0.551729142665863,0.0587889142334461,Autophagy; Hedgehog,O=C(C1=CC=C(C=C1Cl)S(=O)(C)=O)NC2=CC=C(C(C3=NC=CC=C3)=C2)Cl,plate_41002692/r10c10f08p01-ch6sk1fk1fl1.tiff,plate_41002692/r10c10f08p01-ch1sk1fk1fl1.tiff,plate_41002692/r10c10f08p01-ch2sk1fk1fl1.tiff,plate_41002692/r10c10f08p01-ch4sk1fk1fl1.tiff,plate_41002692/r10c10f08p01-ch3sk1fk1fl1.tiff,plate_41002692/r10c10f08p01-ch5sk1fk1fl1.tiff,100.0,Vismodegib,val,0
p41002692_J12_s08,plate_41002692,p41002692_J12,8,control,,0.0,1.0106674432754517,-0.0143243875354528,,,plate_41002692/r10c12f08p01-ch6sk1fk1fl1.tiff,plate_41002692/r10c12f08p01-ch1sk1fk1fl1.tiff,plate_41002692/r10c12f08p01-ch2sk1fk1fl1.tiff,plate_41002692/r10c12f08p01-ch4sk1fk1fl1.tiff,plate_41002692/r10c12f08p01-ch3sk1fk1fl1.tiff,plate_41002692/r10c12f08p01-ch5sk1fk1fl1.tiff,none,control,train,0
p41002692_J14_s08,plate_41002692,p41002692_J14,8,Compound_0a440abe,,100.0,0.3473385870456695,-0.0901455879211425,,,plate_41002692/r10c14f08p01-ch6sk1fk1fl1.tiff,plate_41002692/r10c14f08p01-ch1sk1fk1fl1.tiff,plate_41002692/r10c14f08p01-ch2sk1fk1fl1.tiff,plate_41002692/r10c14f08p01-ch4sk1fk1fl1.tiff,plate_41002692/r10c14f08p01-ch3sk1fk1fl1.tiff,plate_41002692/r10c14f08p01-ch5sk1fk1fl1.tiff,100.0,Compound_0a440abe,test,0
p41002692_J15_s08,plate_41002692,p41002692_J15,8,Chlormezanone,OASIS040,100.0,0.9786922931671144,-0.0386954881250858,GABA Receptor,O=C(CC1)N(C)C(C2=CC=C(Cl)C=C2)S1(=O)=O,plate_41002692/r10c15f08p01-ch6sk1fk1fl1.tiff,plate_41002692/r10c15f08p01-ch1sk1fk1fl1.tiff,plate_41002692/r10c15f08p01-ch2sk1fk1fl1.tiff,plate_41002692/r10c15f08p01-ch4sk1fk1fl1.tiff,plate_41002692/r10c15f08p01-ch3sk1fk1fl1.tiff,plate_41002692/r10c15f08p01-ch5sk1fk1fl1.tiff,100.0,Chlormezanone,train,1
p41002692_J16_s08,plate_41002692,p41002692_J16,8,Deoxycholic acid,OASIS1721,100.0,0.789348840713501,-0.0278638880699872,Endogenous Metabolite; G protein-coupled Bile Acid Receptor 1,C[C@@]1([C@@]2([H])[C@H](C)CCC(O)=O)[C@](CC2)([H])[C@@](CC[C@@]3([H])[C@@]4(CC[C@@H](O)C3)C)([H])[C@]4([H])C[C@@H]1O,plate_41002692/r10c16f08p01-ch6sk1fk1fl1.tiff,plate_41002692/r10c16f08p01-ch1sk1fk1fl1.tiff,plate_41002692/r10c16f08p01-ch2sk1fk1fl1.tiff,plate_41002692/r10c16f08p01-ch4sk1fk1fl1.tiff,plate_41002692/r10c16f08p01-ch3sk1fk1fl1.tiff,plate_41002692/r10c16f08p01-ch5sk1fk1fl1.tiff,100.0,Deoxycholic acid,train,1
p41002692_J17_s08,plate_41002692,p41002692_J17,8,Bithionol,OASIS1513,100.0,0.045141477137804,0.4460186064243316,Bacterial; Parasite,OC1=C(Cl)C=C(Cl)C=C1SC2=CC(Cl)=CC(Cl)=C2O,plate_41002692/r10c17f08p01-ch6sk1fk1fl1.tiff,plate_41002692/r10c17f08p01-ch1sk1fk1fl1.tiff,plate_41002692/r10c17f08p01-ch2sk1fk1fl1.tiff,plate_41002692/r10c17f08p01-ch4sk1fk1fl1.tiff,plate_41002692/r10c17f08p01-ch3sk1fk1fl1.tiff,plate_41002692/r10c17f08p01-ch5sk1fk1fl1.tiff,100.0,Bithionol,train,1
p41002692_J18_s08,plate_41002692,p41002692_J18,8,Clomipramine,OASIS093,100.0,0.1931052058935165,0.2429261207580566,Serotonin Transporter,CN(C)CCCN1C2=CC(Cl)=CC=C2CCC3=CC=CC=C31,plate_41002692/r10c18f08p01-ch6sk1fk1fl1.tiff,plate_41002692/r10c18f08p01-ch1sk1fk1fl1.tiff,plate_41002692/r10c18f08p01-ch2sk1fk1fl1.tiff,plate_41002692/r10c18f08p01-ch4sk1fk1fl1.tiff,plate_41002692/r10c18f08p01-ch3sk1fk1fl1.tiff,plate_41002692/r10c18f08p01-ch5sk1fk1fl1.tiff,100.0,Clomipramine,train,0
p41002692_J20_s08,plate_41002692,p41002692_J20,8,control,,0.0,1.041388750076294,-0.0441112890839576,,,plate_41002692/r10c20f08p01-ch6sk1fk1fl1.tiff,plate_41002692/r10c20f08p01-ch1sk1fk1fl1.tiff,plate_41002692/r10c20f08p01-ch2sk1fk1fl1.tiff,plate_41002692/r10c20f08p01-ch4sk1fk1fl1.tiff,plate_41002692/r10c20f08p01-ch3sk1fk1fl1.tiff,plate_41002692/r10c20f08p01-ch5sk1fk1fl1.tiff,none,control,train,1
p41002692_J22_s08,plate_41002692,p41002692_J22,8,Compound_567dbb1e,,100.0,0.4144238233566284,0.0019230125471949,,,plate_41002692/r10c22f08p01-ch6sk1fk1fl1.tiff,plate_41002692/r10c22f08p01-ch1sk1fk1fl1.tiff,plate_41002692/r10c22f08p01-ch2sk1fk1fl1.tiff,plate_41002692/r10c22f08p01-ch4sk1fk1fl1.tiff,plate_41002692/r10c22f08p01-ch3sk1fk1fl1.tiff,plate_41002692/r10c22f08p01-ch5sk1fk1fl1.tiff,100.0,Compound_567dbb1e,test,0
p41002692_J24_s08,plate_41002692,p41002692_J24,8,Avapritinib,OASIS1779,100.0,0.2482781112194061,0.1833523213863372,c-Kit; PDGFR,CN1N=CC(C2=CN3C(C(N4CCN(C5=NC=C([C@@](C)(N)C6=CC=C(F)C=C6)C=N5)CC4)=NC=N3)=C2)=C1,plate_41002692/r10c24f08p01-ch6sk1fk1fl1.tiff,plate_41002692/r10c24f08p01-ch1sk1fk1fl1.tiff,plate_41002692/r10c24f08p01-ch2sk1fk1fl1.tiff,plate_41002692/r10c24f08p01-ch4sk1fk1fl1.tiff,plate_41002692/r10c24f08p01-ch3sk1fk1fl1.tiff,plate_41002692/r10c24f08p01-ch5sk1fk1fl1.tiff,100.0,Avapritinib,test,1
p41002692_K10_s08,plate_41002692,p41002692_K10,8,Lapatinib,OASIS1355,100.0,0.045141477137804,0.1129469126462936,Autophagy; EGFR; Ferroptosis,O=S(CCNCC1=CC=C(C2=CC=C3C(C(NC4=CC(Cl)=C(C=C4)OCC5=CC(F)=CC=C5)=NC=N3)=C2)O1)(C)=O,plate_41002692/r11c10f08p01-ch6sk1fk1fl1.tiff,plate_41002692/r11c10f08p01-ch1sk1fk1fl1.tiff,plate_41002692/r11c10f08p01-ch2sk1fk1fl1.tiff,plate_41002692/r11c10f08p01-ch4sk1fk1fl1.tiff,plate_41002692/r11c10f08p01-ch3sk1fk1fl1.tiff,plate_41002692/r11c10f08p01-ch5sk1fk1fl1.tiff,100.0,Lapatinib,test,1
p41002692_K11_s08,plate_41002692,p41002692_K11,8,Duvelisib,OASIS1898,100.0,0.3636396825313568,0.0506652146577835,PI3K,O=C1N(C2=CC=CC=C2)C([C@@H](NC3=C4N=CNC4=NC=N3)C)=CC5=C1C(Cl)=CC=C5,plate_41002692/r11c11f08p01-ch6sk1fk1fl1.tiff,plate_41002692/r11c11f08p01-ch1sk1fk1fl1.tiff,plate_41002692/r11c11f08p01-ch2sk1fk1fl1.tiff,plate_41002692/r11c11f08p01-ch4sk1fk1fl1.tiff,plate_41002692/r11c11f08p01-ch3sk1fk1fl1.tiff,plate_41002692/r11c11f08p01-ch5sk1fk1fl1.tiff,100.0,Duvelisib,test,1
p41002692_K12_s08,plate_41002692,p41002692_K12,8,control,,0.0,0.9159957766532898,-0.0522349886596202,,,plate_41002692/r11c12f08p01-ch6sk1fk1fl1.tiff,plate_41002692/r11c12f08p01-ch1sk1fk1fl1.tiff,plate_41002692/r11c12f08p01-ch2sk1fk1fl1.tiff,plate_41002692/r11c12f08p01-ch4sk1fk1fl1.tiff,plate_41002692/r11c12f08p01-ch3sk1fk1fl1.tiff,plate_41002692/r11c12f08p01-ch5sk1fk1fl1.tiff,none,control,train,0
p41002692_K13_s08,plate_41002692,p41002692_K13,8,Olmesartan,OASIS831,100.0,0.797499418258667,-0.0738981887698173,Angiotensin Receptor,O=C(O)C1=C(N=C(N1CC2=CC=C(C=C2)C3=CC=CC=C3C4=NN=NN4)CCC)C(O)(C)C,plate_41002692/r11c13f08p01-ch6sk1fk1fl1.tiff,plate_41002692/r11c13f08p01-ch1sk1fk1fl1.tiff,plate_41002692/r11c13f08p01-ch2sk1fk1fl1.tiff,plate_41002692/r11c13f08p01-ch4sk1fk1fl1.tiff,plate_41002692/r11c13f08p01-ch3sk1fk1fl1.tiff,plate_41002692/r11c13f08p01-ch5sk1fk1fl1.tiff,100.0,Olmesartan,test,0
p41002692_K14_s08,plate_41002692,p41002692_K14,8,Sunitinib,OASIS745,100.0,0.0125392992049455,0.5516267418861389,Apoptosis; Autophagy; IRE1; Mitophagy; PDGFR; VEGFR,O=C(NCCN(CC)CC)C1=C(NC(/C=C2C(NC3=C\2C=C(C=C3)F)=O)=C1C)C,plate_41002692/r11c14f08p01-ch6sk1fk1fl1.tiff,plate_41002692/r11c14f08p01-ch1sk1fk1fl1.tiff,plate_41002692/r11c14f08p01-ch2sk1fk1fl1.tiff,plate_41002692/r11c14f08p01-ch4sk1fk1fl1.tiff,plate_41002692/r11c14f08p01-ch3sk1fk1fl1.tiff,plate_41002692/r11c14f08p01-ch5sk1fk1fl1.tiff,100.0,Sunitinib,test,0
p41002692_K16_s08,plate_41002692,p41002692_K16,8,Tadalafil,OASIS1578,100.0,0.6156795620918274,0.0614968128502368,Apoptosis; Phosphodiesterase (PDE),O=C([C@@]1([H])CC2=C([C@@H](C3=CC=C(OCO4)C4=C3)N15)NC6=C2C=CC=C6)N(C)CC5=O,plate_41002692/r11c16f08p01-ch6sk1fk1fl1.tiff,plate_41002692/r11c16f08p01-ch1sk1fk1fl1.tiff,plate_41002692/r11c16f08p01-ch2sk1fk1fl1.tiff,plate_41002692/r11c16f08p01-ch4sk1fk1fl1.tiff,plate_41002692/r11c16f08p01-ch3sk1fk1fl1.tiff,plate_41002692/r11c16f08p01-ch5sk1fk1fl1.tiff,100.0,Tadalafil,test,1
p41002692_K18_s08,plate_41002692,p41002692_K18,8,Tigecycline,OASIS867,100.0,0.6357424259185791,-0.1118087917566299,Antibiotic; Autophagy; Bacterial,O=C(C(C1=O)=C(O)[C@@H](N(C)C)[C@]2([H])C[C@]3([H])CC4=C(C(C3=C(O)[C@@]21O)=O)C(O)=C(NC(CNC(C)(C)C)=O)C=C4N(C)C)N,plate_41002692/r11c18f08p01-ch6sk1fk1fl1.tiff,plate_41002692/r11c18f08p01-ch1sk1fk1fl1.tiff,plate_41002692/r11c18f08p01-ch2sk1fk1fl1.tiff,plate_41002692/r11c18f08p01-ch4sk1fk1fl1.tiff,plate_41002692/r11c18f08p01-ch3sk1fk1fl1.tiff,plate_41002692/r11c18f08p01-ch5sk1fk1fl1.tiff,100.0,Tigecycline,train,1
p41002692_K19_s08,plate_41002692,p41002692_K19,8,Dapagliflozin,OASIS1775,100.0,0.8006342053413391,-0.084729790687561,SGLT,O[C@H]1[C@H](C2=CC(CC3=CC=C(OCC)C=C3)=C(Cl)C=C2)O[C@H](CO)[C@@H](O)[C@@H]1O,plate_41002692/r11c19f08p01-ch6sk1fk1fl1.tiff,plate_41002692/r11c19f08p01-ch1sk1fk1fl1.tiff,plate_41002692/r11c19f08p01-ch2sk1fk1fl1.tiff,plate_41002692/r11c19f08p01-ch4sk1fk1fl1.tiff,plate_41002692/r11c19f08p01-ch3sk1fk1fl1.tiff,plate_41002692/r11c19f08p01-ch5sk1fk1fl1.tiff,100.0,Dapagliflozin,train,0
p41002692_K21_s08,plate_41002692,p41002692_K21,8,Thalidomide,OASIS1517,100.0,0.95925635099411,-0.0251559875905513,Autophagy; Ligands for E3 Ligase,O=C1N(C2CCC(NC2=O)=O)C(C3=CC=CC=C31)=O,plate_41002692/r11c21f08p01-ch6sk1fk1fl1.tiff,plate_41002692/r11c21f08p01-ch1sk1fk1fl1.tiff,plate_41002692/r11c21f08p01-ch2sk1fk1fl1.tiff,plate_41002692/r11c21f08p01-ch4sk1fk1fl1.tiff,plate_41002692/r11c21f08p01-ch3sk1fk1fl1.tiff,plate_41002692/r11c21f08p01-ch5sk1fk1fl1.tiff,100.0,Thalidomide,test,1
p41002692_K22_s08,plate_41002692,p41002692_K22,8,Panobinostat,OASIS1808,100.0,0.1028222516179084,0.3133315145969391,Apoptosis; Autophagy; HDAC; HIV,O=C(/C=C/C1=CC=C(CNCCC2=C(NC3=C2C=CC=C3)C)C=C1)NO,plate_41002692/r11c22f08p01-ch6sk1fk1fl1.tiff,plate_41002692/r11c22f08p01-ch1sk1fk1fl1.tiff,plate_41002692/r11c22f08p01-ch2sk1fk1fl1.tiff,plate_41002692/r11c22f08p01-ch4sk1fk1fl1.tiff,plate_41002692/r11c22f08p01-ch3sk1fk1fl1.tiff,plate_41002692/r11c22f08p01-ch5sk1fk1fl1.tiff,100.0,Panobinostat,val,0
p41002692_K23_s08,plate_41002692,p41002692_K23,8,Tamsulosin,OASIS928,100.0,0.5297853946685791,0.0398336127400398,Adrenergic Receptor; Endogenous Metabolite,O=S(C1=CC(C[C@H](NCCOC2=CC=CC=C2OCC)C)=CC=C1OC)(N)=O,plate_41002692/r11c23f08p01-ch6sk1fk1fl1.tiff,plate_41002692/r11c23f08p01-ch1sk1fk1fl1.tiff,plate_41002692/r11c23f08p01-ch2sk1fk1fl1.tiff,plate_41002692/r11c23f08p01-ch4sk1fk1fl1.tiff,plate_41002692/r11c23f08p01-ch3sk1fk1fl1.tiff,plate_41002692/r11c23f08p01-ch5sk1fk1fl1.tiff,100.0,Tamsulosin,train,0
p41002692_L10_s08,plate_41002692,p41002692_L10,8,Cyclosporin A,OASIS011,100.0,0.1554872989654541,0.2835446298122406,Antibiotic; Complement System; Molecular Glues; Phosphatase,C/C=C/C[C@H]([C@@H](O)[C@@]1(N(C)C([C@]([H])(C(C)C)N(C)C([C@H](CC(C)C)N(C)C([C@]([H])(CC(C)C)N(C)C([C@@H](C)NC([C@H](C)NC([C@@H](N(C([C@@]([H])(NC([C@@H](N(C(CN(C([C@@H](NC1=O)CC)=O)C)=O)C)CC(C)C)=O)C(C)C)=O)C)CC(C)C)=O)=O)=O)=O)=O)=O)[H])C,plate_41002692/r12c10f08p01-ch6sk1fk1fl1.tiff,plate_41002692/r12c10f08p01-ch1sk1fk1fl1.tiff,plate_41002692/r12c10f08p01-ch2sk1fk1fl1.tiff,plate_41002692/r12c10f08p01-ch4sk1fk1fl1.tiff,plate_41002692/r12c10f08p01-ch3sk1fk1fl1.tiff,plate_41002692/r12c10f08p01-ch5sk1fk1fl1.tiff,100.0,Cyclosporin A,train,1
p41002692_L11_s08,plate_41002692,p41002692_L11,8,Lusutrombopag,OASIS1881,100.0,0.5442055463790894,-0.084729790687561,Thrombopoietin Receptor,O=C(O)/C(C)=C/C1=C(Cl)C=C(C(NC2=NC(C3=CC=CC([C@@H](OCCCCCC)C)=C3OC)=CS2)=O)C=C1Cl,plate_41002692/r12c11f08p01-ch6sk1fk1fl1.tiff,plate_41002692/r12c11f08p01-ch1sk1fk1fl1.tiff,plate_41002692/r12c11f08p01-ch2sk1fk1fl1.tiff,plate_41002692/r12c11f08p01-ch4sk1fk1fl1.tiff,plate_41002692/r12c11f08p01-ch3sk1fk1fl1.tiff,plate_41002692/r12c11f08p01-ch5sk1fk1fl1.tiff,100.0,Lusutrombopag,train,0
p41002692_L14_s08,plate_41002692,p41002692_L14,8,Cobimetinib,OASIS1868,100.0,0.0200628787279129,0.4785134196281433,Apoptosis; MEK,OC1([C@H]2NCCCC2)CN(C1)C(C3=C(C(F)=C(C=C3)F)NC4=C(C=C(C=C4)I)F)=O,plate_41002692/r12c14f08p01-ch6sk1fk1fl1.tiff,plate_41002692/r12c14f08p01-ch1sk1fk1fl1.tiff,plate_41002692/r12c14f08p01-ch2sk1fk1fl1.tiff,plate_41002692/r12c14f08p01-ch4sk1fk1fl1.tiff,plate_41002692/r12c14f08p01-ch3sk1fk1fl1.tiff,plate_41002692/r12c14f08p01-ch5sk1fk1fl1.tiff,100.0,Cobimetinib,train,1
p41002692_L16_s08,plate_41002692,p41002692_L16,8,Sorafenib,OASIS1340,100.0,0.0200628787279129,0.4676818251609802,Apoptosis; Autophagy; Ferroptosis; FLT3; Raf; VEGFR,O=C(NC(C=C1)=CC=C1OC2=CC(C(NC)=O)=NC=C2)NC3=CC=C(Cl)C(C(F)(F)F)=C3,plate_41002692/r12c16f08p01-ch6sk1fk1fl1.tiff,plate_41002692/r12c16f08p01-ch1sk1fk1fl1.tiff,plate_41002692/r12c16f08p01-ch2sk1fk1fl1.tiff,plate_41002692/r12c16f08p01-ch4sk1fk1fl1.tiff,plate_41002692/r12c16f08p01-ch3sk1fk1fl1.tiff,plate_41002692/r12c16f08p01-ch5sk1fk1fl1.tiff,100.0,Sorafenib,test,1
p41002692_L18_s08,plate_41002692,p41002692_L18,8,Lercanidipine,OASIS861,100.0,0.9034565091133118,-0.0955613851547241,Apoptosis; Calcium Channel; NF-κB; p38 MAPK; Reactive Oxygen Species,O=C(C1=C(C)NC(C)=C(C(OC)=O)C1C2=CC=CC([N+]([O-])=O)=C2)OC(C)(C)CN(CCC(C3=CC=CC=C3)C4=CC=CC=C4)C,plate_41002692/r12c18f08p01-ch6sk1fk1fl1.tiff,plate_41002692/r12c18f08p01-ch1sk1fk1fl1.tiff,plate_41002692/r12c18f08p01-ch2sk1fk1fl1.tiff,plate_41002692/r12c18f08p01-ch4sk1fk1fl1.tiff,plate_41002692/r12c18f08p01-ch3sk1fk1fl1.tiff,plate_41002692/r12c18f08p01-ch5sk1fk1fl1.tiff,100.0,Lercanidipine,test,1
p41002692_L20_s08,plate_41002692,p41002692_L20,8,control,,0.0,1.000636100769043,-0.0143243875354528,,,plate_41002692/r12c20f08p01-ch6sk1fk1fl1.tiff,plate_41002692/r12c20f08p01-ch1sk1fk1fl1.tiff,plate_41002692/r12c20f08p01-ch2sk1fk1fl1.tiff,plate_41002692/r12c20f08p01-ch4sk1fk1fl1.tiff,plate_41002692/r12c20f08p01-ch3sk1fk1fl1.tiff,plate_41002692/r12c20f08p01-ch5sk1fk1fl1.tiff,none,control,test,1
p41002692_L21_s08,plate_41002692,p41002692_L21,8,Acalabrutinib,OASIS1795,100.0,0.1730423271656036,0.1833523213863372,Btk,O=C(NC1=NC=CC=C1)C2=CC=C(C3=C4C(N)=NC=CN4C([C@H]5N(C(C#CC)=O)CCC5)=N3)C=C2,plate_41002692/r12c21f08p01-ch6sk1fk1fl1.tiff,plate_41002692/r12c21f08p01-ch1sk1fk1fl1.tiff,plate_41002692/r12c21f08p01-ch2sk1fk1fl1.tiff,plate_41002692/r12c21f08p01-ch4sk1fk1fl1.tiff,plate_41002692/r12c21f08p01-ch3sk1fk1fl1.tiff,plate_41002692/r12c21f08p01-ch5sk1fk1fl1.tiff,100.0,Acalabrutinib,val,1
p41002692_L22_s08,plate_41002692,p41002692_L22,8,Nintedanib,OASIS1756,100.0,0.5749268531799316,0.186060220003128,FGFR; PDGFR; VEGFR,O=C1NC2=CC(C(OC)=O)=CC=C2/C1=C(NC3=CC=C(N(C(CN4CCN(C)CC4)=O)C)C=C3)\C5=CC=CC=C5,plate_41002692/r12c22f08p01-ch6sk1fk1fl1.tiff,plate_41002692/r12c22f08p01-ch1sk1fk1fl1.tiff,plate_41002692/r12c22f08p01-ch2sk1fk1fl1.tiff,plate_41002692/r12c22f08p01-ch4sk1fk1fl1.tiff,plate_41002692/r12c22f08p01-ch3sk1fk1fl1.tiff,plate_41002692/r12c22f08p01-ch5sk1fk1fl1.tiff,100.0,Nintedanib,train,0
p41002692_M10_s08,plate_41002692,p41002692_M10,8,Raltegravir,OASIS869,100.0,0.9529867172241212,-0.136179894208908,HIV; HIV Integrase,O=C(C(O)=C(C(NCC1=CC=C(C=C1)F)=O)N=C2C(C)(C)NC(C3=NN=C(C)O3)=O)N2C,plate_41002692/r13c10f08p01-ch6sk1fk1fl1.tiff,plate_41002692/r13c10f08p01-ch1sk1fk1fl1.tiff,plate_41002692/r13c10f08p01-ch2sk1fk1fl1.tiff,plate_41002692/r13c10f08p01-ch4sk1fk1fl1.tiff,plate_41002692/r13c10f08p01-ch3sk1fk1fl1.tiff,plate_41002692/r13c10f08p01-ch5sk1fk1fl1.tiff,100.0,Raltegravir,test,0
p41002692_M11_s08,plate_41002692,p41002692_M11,8,Gefitinib,OASIS1455,100.0,0.0420066528022289,0.3593658208847046,Apoptosis; Autophagy; EGFR,ClC1=C(C=CC(NC2=NC=NC3=C2C=C(C(OC)=C3)OCCCN4CCOCC4)=C1)F,plate_41002692/r13c11f08p01-ch6sk1fk1fl1.tiff,plate_41002692/r13c11f08p01-ch1sk1fk1fl1.tiff,plate_41002692/r13c11f08p01-ch2sk1fk1fl1.tiff,plate_41002692/r13c11f08p01-ch4sk1fk1fl1.tiff,plate_41002692/r13c11f08p01-ch3sk1fk1fl1.tiff,plate_41002692/r13c11f08p01-ch5sk1fk1fl1.tiff,100.0,Gefitinib,train,1
p41002692_M17_s08,plate_41002692,p41002692_M17,8,Compound_a166b3a5,,100.0,0.6627019643783569,-0.035987589508295,,,plate_41002692/r13c17f08p01-ch6sk1fk1fl1.tiff,plate_41002692/r13c17f08p01-ch1sk1fk1fl1.tiff,plate_41002692/r13c17f08p01-ch2sk1fk1fl1.tiff,plate_41002692/r13c17f08p01-ch4sk1fk1fl1.tiff,plate_41002692/r13c17f08p01-ch3sk1fk1fl1.tiff,plate_41002692/r13c17f08p01-ch5sk1fk1fl1.tiff,100.0,Compound_a166b3a5,train,0
p41002692_M18_s08,plate_41002692,p41002692_M18,8,Compound_fdb8d1f5,,100.0,0.559879720211029,-0.0576507896184921,,,plate_41002692/r13c18f08p01-ch6sk1fk1fl1.tiff,plate_41002692/r13c18f08p01-ch1sk1fk1fl1.tiff,plate_41002692/r13c18f08p01-ch2sk1fk1fl1.tiff,plate_41002692/r13c18f08p01-ch4sk1fk1fl1.tiff,plate_41002692/r13c18f08p01-ch3sk1fk1fl1.tiff,plate_41002692/r13c18f08p01-ch5sk1fk1fl1.tiff,100.0,Compound_fdb8d1f5,test,0
p41002692_M19_s08,plate_41002692,p41002692_M19,8,Sulfasalazine,OASIS018,100.0,0.7498500943183899,-0.0738981887698173,Antibiotic; Apoptosis; Autophagy; Bacterial; Ferroptosis; NF-κB,OC(C1=C(O)C=CC(/N=N/C2=CC=C(S(=O)(NC3=NC=CC=C3)=O)C=C2)=C1)=O,plate_41002692/r13c19f08p01-ch6sk1fk1fl1.tiff,plate_41002692/r13c19f08p01-ch1sk1fk1fl1.tiff,plate_41002692/r13c19f08p01-ch2sk1fk1fl1.tiff,plate_41002692/r13c19f08p01-ch4sk1fk1fl1.tiff,plate_41002692/r13c19f08p01-ch3sk1fk1fl1.tiff,plate_41002692/r13c19f08p01-ch5sk1fk1fl1.tiff,100.0,Sulfasalazine,train,0
p41002692_M19_s08,plate_41002692,p41002692_M19,8,Sulfasalazine,OASIS018,100.0,0.7498500943183899,-0.0738981887698173,Antibiotic; Apoptosis; Autophagy; Bacterial; Ferroptosis; NF-κB,OC(C1=C(O)C=CC(/N=N/C2=CC=C(S(=O)(NC3=NC=CC=C3)=O)C=C2)=C1)=O,plate_41002692/r13c19f08p01-ch6sk1fk1fl1.tiff,plate_41002692/r13c19f08p01-ch1sk1fk1fl1.tiff,plate_41002692/r13c19f08p01-ch2sk1fk1fl1.tiff,plate_41002692/r13c19f08p01-ch4sk1fk1fl1.tiff,plate_41002692/r13c19f08p01-ch3sk1fk1fl1.tiff,plate_41002692/r13c19f08p01-ch5sk1fk1fl1.tiff,100.0,Sulfasalazine,train,0
p41002692_M21_s08,plate_41002692,p41002692_M21,8,Vitamin K1,OASIS1431,100.0,0.6420121192932129,-0.0305717885494232,Endogenous Metabolite,O=C1C(C)=C(C/C=C(C)/CCC[C@H](C)CCC[C@H](C)CCCC(C)C)C(C2=C1C=CC=C2)=O,plate_41002692/r13c21f08p01-ch6sk1fk1fl1.tiff,plate_41002692/r13c21f08p01-ch1sk1fk1fl1.tiff,plate_41002692/r13c21f08p01-ch2sk1fk1fl1.tiff,plate_41002692/r13c21f08p01-ch4sk1fk1fl1.tiff,plate_41002692/r13c21f08p01-ch3sk1fk1fl1.tiff,plate_41002692/r13c21f08p01-ch5sk1fk1fl1.tiff,100.0,Vitamin K1,test,0
p41002692_M22_s08,plate_41002692,p41002692_M22,8,Famotidine,OASIS1103,100.0,1.0119214057922363,-0.0738981887698173,Histamine Receptor,N=C(NS(=O)(N)=O)CCSCC1=CSC(NC(N)=N)=N1,plate_41002692/r13c22f08p01-ch6sk1fk1fl1.tiff,plate_41002692/r13c22f08p01-ch1sk1fk1fl1.tiff,plate_41002692/r13c22f08p01-ch2sk1fk1fl1.tiff,plate_41002692/r13c22f08p01-ch4sk1fk1fl1.tiff,plate_41002692/r13c22f08p01-ch3sk1fk1fl1.tiff,plate_41002692/r13c22f08p01-ch5sk1fk1fl1.tiff,100.0,Famotidine,train,1
p41002692_N11_s08,plate_41002692,p41002692_N11,8,Flutamide,OASIS014,100.0,0.4545495808124542,-0.1091008856892585,Androgen Receptor,CC(C)C(NC1=CC=C([N+]([O-])=O)C(C(F)(F)F)=C1)=O,plate_41002692/r14c11f08p01-ch6sk1fk1fl1.tiff,plate_41002692/r14c11f08p01-ch1sk1fk1fl1.tiff,plate_41002692/r14c11f08p01-ch2sk1fk1fl1.tiff,plate_41002692/r14c11f08p01-ch4sk1fk1fl1.tiff,plate_41002692/r14c11f08p01-ch3sk1fk1fl1.tiff,plate_41002692/r14c11f08p01-ch5sk1fk1fl1.tiff,100.0,Flutamide,train,1
p41002692_N12_s08,plate_41002692,p41002692_N12,8,control,,0.0,1.0294764041900637,-0.0711902901530265,,,plate_41002692/r14c12f08p01-ch6sk1fk1fl1.tiff,plate_41002692/r14c12f08p01-ch1sk1fk1fl1.tiff,plate_41002692/r14c12f08p01-ch2sk1fk1fl1.tiff,plate_41002692/r14c12f08p01-ch4sk1fk1fl1.tiff,plate_41002692/r14c12f08p01-ch3sk1fk1fl1.tiff,plate_41002692/r14c12f08p01-ch5sk1fk1fl1.tiff,none,control,train,0
p41002692_N14_s08,plate_41002692,p41002692_N14,8,Compound_e48ed218,,100.0,0.022570738568902,0.4730976223945617,,,plate_41002692/r14c14f08p01-ch6sk1fk1fl1.tiff,plate_41002692/r14c14f08p01-ch1sk1fk1fl1.tiff,plate_41002692/r14c14f08p01-ch2sk1fk1fl1.tiff,plate_41002692/r14c14f08p01-ch4sk1fk1fl1.tiff,plate_41002692/r14c14f08p01-ch3sk1fk1fl1.tiff,plate_41002692/r14c14f08p01-ch5sk1fk1fl1.tiff,100.0,Compound_e48ed218,train,0
p41002692_N15_s08,plate_41002692,p41002692_N15,8,Griseofulvin,OASIS073,100.0,0.8294746279716492,-0.035987589508295,Antibiotic; Apoptosis; Endogenous Metabolite; Fungal,O=C1[C@]2(C(OC)=CC(C[C@H]2C)=O)OC3=C(Cl)C(OC)=CC(OC)=C13,plate_41002692/r14c15f08p01-ch6sk1fk1fl1.tiff,plate_41002692/r14c15f08p01-ch1sk1fk1fl1.tiff,plate_41002692/r14c15f08p01-ch2sk1fk1fl1.tiff,plate_41002692/r14c15f08p01-ch4sk1fk1fl1.tiff,plate_41002692/r14c15f08p01-ch3sk1fk1fl1.tiff,plate_41002692/r14c15f08p01-ch5sk1fk1fl1.tiff,100.0,Griseofulvin,train,1
p41002692_N16_s08,plate_41002692,p41002692_N16,8,Compound_59cfb866,,100.0,0.9661529660224916,-0.0522349886596202,,,plate_41002692/r14c16f08p01-ch6sk1fk1fl1.tiff,plate_41002692/r14c16f08p01-ch1sk1fk1fl1.tiff,plate_41002692/r14c16f08p01-ch2sk1fk1fl1.tiff,plate_41002692/r14c16f08p01-ch4sk1fk1fl1.tiff,plate_41002692/r14c16f08p01-ch3sk1fk1fl1.tiff,plate_41002692/r14c16f08p01-ch5sk1fk1fl1.tiff,100.0,Compound_59cfb866,train,0
p41002692_N17_s08,plate_41002692,p41002692_N17,8,Alpelisib,OASIS1957,100.0,0.3279026746749878,0.1481496095657348,PI3K,CC(N=C(S1)NC(N2CCC[C@H]2C(N)=O)=O)=C1C3=CC(C(C)(C(F)(F)F)C)=NC=C3,plate_41002692/r14c17f08p01-ch6sk1fk1fl1.tiff,plate_41002692/r14c17f08p01-ch1sk1fk1fl1.tiff,plate_41002692/r14c17f08p01-ch2sk1fk1fl1.tiff,plate_41002692/r14c17f08p01-ch4sk1fk1fl1.tiff,plate_41002692/r14c17f08p01-ch3sk1fk1fl1.tiff,plate_41002692/r14c17f08p01-ch5sk1fk1fl1.tiff,100.0,Alpelisib,train,0
p41002692_N18_s08,plate_41002692,p41002692_N18,8,Compound_88f6068e,,100.0,0.7956185340881348,-0.0603586882352829,,,plate_41002692/r14c18f08p01-ch6sk1fk1fl1.tiff,plate_41002692/r14c18f08p01-ch1sk1fk1fl1.tiff,plate_41002692/r14c18f08p01-ch2sk1fk1fl1.tiff,plate_41002692/r14c18f08p01-ch4sk1fk1fl1.tiff,plate_41002692/r14c18f08p01-ch3sk1fk1fl1.tiff,plate_41002692/r14c18f08p01-ch5sk1fk1fl1.tiff,100.0,Compound_88f6068e,train,0
p41002692_N19_s08,plate_41002692,p41002692_N19,8,Nitazoxanide,OASIS1131,100.0,0.023197703063488,0.429771214723587,Autophagy; Influenza Virus; Parasite,O=C(NC1=NC=C([N+]([O-])=O)S1)C2=CC=CC=C2OC(C)=O,plate_41002692/r14c19f08p01-ch6sk1fk1fl1.tiff,plate_41002692/r14c19f08p01-ch1sk1fk1fl1.tiff,plate_41002692/r14c19f08p01-ch2sk1fk1fl1.tiff,plate_41002692/r14c19f08p01-ch4sk1fk1fl1.tiff,plate_41002692/r14c19f08p01-ch3sk1fk1fl1.tiff,plate_41002692/r14c19f08p01-ch5sk1fk1fl1.tiff,100.0,Nitazoxanide,train,0
p41002692_N22_s08,plate_41002692,p41002692_N22,8,Umbralisib,OASIS1859,100.0,0.4827629923820495,0.0696205124258995,Casein Kinase; PI3K,O=C1C(C2=CC=CC(F)=C2)=C([C@@H](N3N=C(C4=CC=C(OC(C)C)C(F)=C4)C5=C(N)N=CN=C53)C)OC6=CC=C(F)C=C16,plate_41002692/r14c22f08p01-ch6sk1fk1fl1.tiff,plate_41002692/r14c22f08p01-ch1sk1fk1fl1.tiff,plate_41002692/r14c22f08p01-ch2sk1fk1fl1.tiff,plate_41002692/r14c22f08p01-ch4sk1fk1fl1.tiff,plate_41002692/r14c22f08p01-ch3sk1fk1fl1.tiff,plate_41002692/r14c22f08p01-ch5sk1fk1fl1.tiff,100.0,Umbralisib,train,0
p41002692_O13_s08,plate_41002692,p41002692_O13,8,Lopinavir,OASIS1473,100.0,0.5366820096969604,0.2564656138420105,HIV; HIV Protease; SARS-CoV,CC1=C(OCC(N[C@@H](CC2=CC=CC=C2)[C@@H](O)C[C@H](CC3=CC=CC=C3)NC([C@H](C(C)C)N4C(NCCC4)=O)=O)=O)C(C)=CC=C1,plate_41002692/r15c13f08p01-ch6sk1fk1fl1.tiff,plate_41002692/r15c13f08p01-ch1sk1fk1fl1.tiff,plate_41002692/r15c13f08p01-ch2sk1fk1fl1.tiff,plate_41002692/r15c13f08p01-ch4sk1fk1fl1.tiff,plate_41002692/r15c13f08p01-ch3sk1fk1fl1.tiff,plate_41002692/r15c13f08p01-ch5sk1fk1fl1.tiff,100.0,Lopinavir,test,0
p41002692_O14_s08,plate_41002692,p41002692_O14,8,Tenapanor (hydrochloride),OASIS1878,100.0,0.1109727919101715,0.1562733203172683,Na+/H+ Exchanger (NHE),O=S(C1=CC=CC([C@@H]2CN(C)CC3=C2C=C(Cl)C=C3Cl)=C1)(NCCOCCOCCNC(NCCCCNC(NCCOCCOCCNS(=O)(C4=CC=CC([C@@H]5CN(C)CC6=C5C=C(Cl)C=C6Cl)=C4)=O)=O)=O)=O.[H]Cl.[H]Cl,plate_41002692/r15c14f08p01-ch6sk1fk1fl1.tiff,plate_41002692/r15c14f08p01-ch1sk1fk1fl1.tiff,plate_41002692/r15c14f08p01-ch2sk1fk1fl1.tiff,plate_41002692/r15c14f08p01-ch4sk1fk1fl1.tiff,plate_41002692/r15c14f08p01-ch3sk1fk1fl1.tiff,plate_41002692/r15c14f08p01-ch5sk1fk1fl1.tiff,100.0,Tenapanor (hydrochloride),test,1
p41002692_O17_s08,plate_41002692,p41002692_O17,8,Plicamycin,OASIS1215,100.0,0.2206916660070419,0.337702602148056,Antibiotic; Bacterial; DNA/RNA Synthesis; Glutathione S-transferase,O=C([C@H]([C@@]([C@H](OC)C([C@@H](O)[C@H](O)C)=O)([H])C1)O[C@@](O[C@H](C)[C@H]2O)([H])C[C@H]2O[C@@](O[C@H](C)[C@@H]3O)([H])C[C@H]3O[C@@](O[C@H](C)[C@H]4O)([H])C[C@@]4(O)C)C(C1=CC5=CC(O[C@H](O[C@H](C)[C@H]6O)C[C@H]6O[C@@](O[C@H](C)[C@H]7O)([H])C[C@H]7O)=C(C)C(O)=C85)=C8O,plate_41002692/r15c17f08p01-ch6sk1fk1fl1.tiff,plate_41002692/r15c17f08p01-ch1sk1fk1fl1.tiff,plate_41002692/r15c17f08p01-ch2sk1fk1fl1.tiff,plate_41002692/r15c17f08p01-ch4sk1fk1fl1.tiff,plate_41002692/r15c17f08p01-ch3sk1fk1fl1.tiff,plate_41002692/r15c17f08p01-ch5sk1fk1fl1.tiff,100.0,Plicamycin,train,0
p41002692_O19_s08,plate_41002692,p41002692_O19,8,Curcumin,OASIS595,100.0,0.5348011255264282,0.2212629169225692,Autophagy; Epigenetic Reader Domain; Ferroptosis; Histone Acetyltransferase; Influenza Virus; Keap1-Nrf2; Mitophagy,O=C(CC(/C=C/C1=CC=C(O)C(OC)=C1)=O)/C=C/C2=CC=C(O)C(OC)=C2,plate_41002692/r15c19f08p01-ch6sk1fk1fl1.tiff,plate_41002692/r15c19f08p01-ch1sk1fk1fl1.tiff,plate_41002692/r15c19f08p01-ch2sk1fk1fl1.tiff,plate_41002692/r15c19f08p01-ch4sk1fk1fl1.tiff,plate_41002692/r15c19f08p01-ch3sk1fk1fl1.tiff,plate_41002692/r15c19f08p01-ch5sk1fk1fl1.tiff,100.0,Curcumin,train,1
p41002692_O21_s08,plate_41002692,p41002692_O21,8,Primaquine,OASIS1434,100.0,0.0300943180918693,0.2050155103206634,Parasite,CC(NC1=C2N=CC=CC2=CC(OC)=C1)CCCN,plate_41002692/r15c21f08p01-ch6sk1fk1fl1.tiff,plate_41002692/r15c21f08p01-ch1sk1fk1fl1.tiff,plate_41002692/r15c21f08p01-ch2sk1fk1fl1.tiff,plate_41002692/r15c21f08p01-ch4sk1fk1fl1.tiff,plate_41002692/r15c21f08p01-ch3sk1fk1fl1.tiff,plate_41002692/r15c21f08p01-ch5sk1fk1fl1.tiff,100.0,Primaquine,train,1
p41002692_P10_s08,plate_41002692,p41002692_P10,8,Metopimazine,OASIS1377,100.0,0.4990640878677368,0.4351870119571686,Others,O=C(N)C1CCN(CC1)CCCN2C3=C(SC4=CC=C(C=C24)S(=O)(C)=O)C=CC=C3,plate_41002692/r16c10f08p01-ch6sk1fk1fl1.tiff,plate_41002692/r16c10f08p01-ch1sk1fk1fl1.tiff,plate_41002692/r16c10f08p01-ch2sk1fk1fl1.tiff,plate_41002692/r16c10f08p01-ch4sk1fk1fl1.tiff,plate_41002692/r16c10f08p01-ch3sk1fk1fl1.tiff,plate_41002692/r16c10f08p01-ch5sk1fk1fl1.tiff,100.0,Metopimazine,train,0
p41002692_P17_s08,plate_41002692,p41002692_P17,8,Rivaroxaban,OASIS970,100.0,0.4125429391860962,0.2077234089374542,Factor Xa,O=C(N(C1=CC=C(N2C(COCC2)=O)C=C1)C3)O[C@H]3CNC(C4=CC=C(S4)Cl)=O,plate_41002692/r16c17f08p01-ch6sk1fk1fl1.tiff,plate_41002692/r16c17f08p01-ch1sk1fk1fl1.tiff,plate_41002692/r16c17f08p01-ch2sk1fk1fl1.tiff,plate_41002692/r16c17f08p01-ch4sk1fk1fl1.tiff,plate_41002692/r16c17f08p01-ch3sk1fk1fl1.tiff,plate_41002692/r16c17f08p01-ch5sk1fk1fl1.tiff,100.0,Rivaroxaban,test,0
p41002692_P23_s08,plate_41002692,p41002692_P23,8,Oxyphenbutazone,OASIS754,100.0,0.5548639893531799,0.3404105305671692,Bacterial; COX,O=C(C1CCCC)N(C2=CC=CC=C2)N(C3=CC=C(O)C=C3)C1=O,plate_41002692/r16c23f08p01-ch6sk1fk1fl1.tiff,plate_41002692/r16c23f08p01-ch1sk1fk1fl1.tiff,plate_41002692/r16c23f08p01-ch2sk1fk1fl1.tiff,plate_41002692/r16c23f08p01-ch4sk1fk1fl1.tiff,plate_41002692/r16c23f08p01-ch3sk1fk1fl1.tiff,plate_41002692/r16c23f08p01-ch5sk1fk1fl1.tiff,100.0,Oxyphenbutazone,test,0
p41002692_P24_s08,plate_41002692,p41002692_P24,8,Sildenafil,OASIS1223,100.0,0.5467134118080139,0.3349947035312652,Apoptosis; Autophagy; Bacterial; Phosphodiesterase (PDE),O=C1C(N(C)N=C2CCC)=C2N=C(C3=CC(S(=O)(N4CCN(C)CC4)=O)=CC=C3OCC)N1,plate_41002692/r16c24f08p01-ch6sk1fk1fl1.tiff,plate_41002692/r16c24f08p01-ch1sk1fk1fl1.tiff,plate_41002692/r16c24f08p01-ch2sk1fk1fl1.tiff,plate_41002692/r16c24f08p01-ch4sk1fk1fl1.tiff,plate_41002692/r16c24f08p01-ch3sk1fk1fl1.tiff,plate_41002692/r16c24f08p01-ch5sk1fk1fl1.tiff,100.0,Sildenafil,train,1
p41002693_A14_s08,plate_41002693,p41002693_A14,8,Prazosin,OASIS1067,100.0,0.0293526668101549,0.5924547910690308,Adrenergic Receptor,O=C(N1CCN(C2=NC(N)=C3C=C(OC)C(OC)=CC3=N2)CC1)C4=CC=CO4,plate_41002693/r01c14f08p01-ch6sk1fk1fl1.tiff,plate_41002693/r01c14f08p01-ch1sk1fk1fl1.tiff,plate_41002693/r01c14f08p01-ch2sk1fk1fl1.tiff,plate_41002693/r01c14f08p01-ch4sk1fk1fl1.tiff,plate_41002693/r01c14f08p01-ch3sk1fk1fl1.tiff,plate_41002693/r01c14f08p01-ch5sk1fk1fl1.tiff,100.0,Prazosin,test,1
p41002693_A19_s08,plate_41002693,p41002693_A19,8,Compound_700a50fe,,100.0,0.4209297299385071,0.1281026154756546,,,plate_41002693/r01c19f08p01-ch6sk1fk1fl1.tiff,plate_41002693/r01c19f08p01-ch1sk1fk1fl1.tiff,plate_41002693/r01c19f08p01-ch2sk1fk1fl1.tiff,plate_41002693/r01c19f08p01-ch4sk1fk1fl1.tiff,plate_41002693/r01c19f08p01-ch3sk1fk1fl1.tiff,plate_41002693/r01c19f08p01-ch5sk1fk1fl1.tiff,100.0,Compound_700a50fe,train,0
p41002693_A22_s08,plate_41002693,p41002693_A22,8,Istradefylline,OASIS1891,100.0,0.2491853982210159,0.223704531788826,Adenosine Receptor,O=C1C2=C(N=C(/C=C/C3=CC(OC)=C(OC)C=C3)N2C)N(CC)C(N1CC)=O,plate_41002693/r01c22f08p01-ch6sk1fk1fl1.tiff,plate_41002693/r01c22f08p01-ch1sk1fk1fl1.tiff,plate_41002693/r01c22f08p01-ch2sk1fk1fl1.tiff,plate_41002693/r01c22f08p01-ch4sk1fk1fl1.tiff,plate_41002693/r01c22f08p01-ch3sk1fk1fl1.tiff,plate_41002693/r01c22f08p01-ch5sk1fk1fl1.tiff,100.0,Istradefylline,test,1
p41002693_B10_s08,plate_41002693,p41002693_B10,8,Ivosidenib,OASIS1896,100.0,0.5552025437355042,0.0215747617185115,Isocitrate Dehydrogenase (IDH),ClC1=C([C@H](N(C2=CC(F)=CN=C2)C([C@H]3N(C4=NC=CC(C#N)=C4)C(CC3)=O)=O)C(NC5CC(F)(F)C5)=O)C=CC=C1,plate_41002693/r02c10f08p01-ch6sk1fk1fl1.tiff,plate_41002693/r02c10f08p01-ch1sk1fk1fl1.tiff,plate_41002693/r02c10f08p01-ch2sk1fk1fl1.tiff,plate_41002693/r02c10f08p01-ch4sk1fk1fl1.tiff,plate_41002693/r02c10f08p01-ch3sk1fk1fl1.tiff,plate_41002693/r02c10f08p01-ch5sk1fk1fl1.tiff,100.0,Ivosidenib,train,0
p41002693_B12_s08,plate_41002693,p41002693_B12,8,control,,0.0,1.0117301940917969,0.0297692120075225,,,plate_41002693/r02c12f08p01-ch6sk1fk1fl1.tiff,plate_41002693/r02c12f08p01-ch1sk1fk1fl1.tiff,plate_41002693/r02c12f08p01-ch2sk1fk1fl1.tiff,plate_41002693/r02c12f08p01-ch4sk1fk1fl1.tiff,plate_41002693/r02c12f08p01-ch3sk1fk1fl1.tiff,plate_41002693/r02c12f08p01-ch5sk1fk1fl1.tiff,none,control,test,1
p41002693_B15_s08,plate_41002693,p41002693_B15,8,Trazodone,OASIS1146,100.0,0.2466873079538345,0.0789359137415885,5-HT Receptor,O=C1N(CCCN2CCN(C3=CC=CC(Cl)=C3)CC2)N=C4C=CC=CN41,plate_41002693/r02c15f08p01-ch6sk1fk1fl1.tiff,plate_41002693/r02c15f08p01-ch1sk1fk1fl1.tiff,plate_41002693/r02c15f08p01-ch2sk1fk1fl1.tiff,plate_41002693/r02c15f08p01-ch4sk1fk1fl1.tiff,plate_41002693/r02c15f08p01-ch3sk1fk1fl1.tiff,plate_41002693/r02c15f08p01-ch5sk1fk1fl1.tiff,100.0,Trazodone,train,1
p41002693_B17_s08,plate_41002693,p41002693_B17,8,Tolterodine,OASIS931,100.0,0.5502063632011414,0.2592138051986694,mAChR,CC(C)N(C(C)C)CC[C@H](C1=CC=CC=C1)C2=C(O)C=CC(C)=C2,plate_41002693/r02c17f08p01-ch6sk1fk1fl1.tiff,plate_41002693/r02c17f08p01-ch1sk1fk1fl1.tiff,plate_41002693/r02c17f08p01-ch2sk1fk1fl1.tiff,plate_41002693/r02c17f08p01-ch4sk1fk1fl1.tiff,plate_41002693/r02c17f08p01-ch3sk1fk1fl1.tiff,plate_41002693/r02c17f08p01-ch5sk1fk1fl1.tiff,100.0,Tolterodine,test,0
p41002693_B20_s08,plate_41002693,p41002693_B20,8,control,,0.0,1.137884259223938,0.0024543784093111,,,plate_41002693/r02c20f08p01-ch6sk1fk1fl1.tiff,plate_41002693/r02c20f08p01-ch1sk1fk1fl1.tiff,plate_41002693/r02c20f08p01-ch2sk1fk1fl1.tiff,plate_41002693/r02c20f08p01-ch4sk1fk1fl1.tiff,plate_41002693/r02c20f08p01-ch3sk1fk1fl1.tiff,plate_41002693/r02c20f08p01-ch5sk1fk1fl1.tiff,none,control,val,0
p41002693_B21_s08,plate_41002693,p41002693_B21,8,Piperacetazine,OASIS1320,100.0,0.031850766390562,0.5487510561943054,Others,CC(C(C=C1N2CCCN3CCC(CCO)CC3)=CC=C1SC4=C2C=CC=C4)=O,plate_41002693/r02c21f08p01-ch6sk1fk1fl1.tiff,plate_41002693/r02c21f08p01-ch1sk1fk1fl1.tiff,plate_41002693/r02c21f08p01-ch2sk1fk1fl1.tiff,plate_41002693/r02c21f08p01-ch4sk1fk1fl1.tiff,plate_41002693/r02c21f08p01-ch3sk1fk1fl1.tiff,plate_41002693/r02c21f08p01-ch5sk1fk1fl1.tiff,100.0,Piperacetazine,val,1
p41002693_B23_s08,plate_41002693,p41002693_B23,8,Terfenadine,OASIS822,100.0,0.0206093192100524,0.7153715491294861,Apoptosis; Caspase; Histamine Receptor; Na+/Ca2+ Exchanger; Potassium Channel,OC(C1=CC=C(C(C)(C)C)C=C1)CCCN2CCC(C(C3=CC=CC=C3)(O)C4=CC=CC=C4)CC2,plate_41002693/r02c23f08p01-ch6sk1fk1fl1.tiff,plate_41002693/r02c23f08p01-ch1sk1fk1fl1.tiff,plate_41002693/r02c23f08p01-ch2sk1fk1fl1.tiff,plate_41002693/r02c23f08p01-ch4sk1fk1fl1.tiff,plate_41002693/r02c23f08p01-ch3sk1fk1fl1.tiff,plate_41002693/r02c23f08p01-ch5sk1fk1fl1.tiff,100.0,Terfenadine,train,0
p41002693_C11_s08,plate_41002693,p41002693_C11,8,Loratadine,OASIS302,100.0,0.640762448310852,0.0652784928679466,Dengue virus; Flavivirus; Histamine Receptor,O=C(N1CC/C(CC1)=C2C3=CC=C(Cl)C=C3CCC4=CC=CN=C4\2)OCC,plate_41002693/r03c11f08p01-ch6sk1fk1fl1.tiff,plate_41002693/r03c11f08p01-ch1sk1fk1fl1.tiff,plate_41002693/r03c11f08p01-ch2sk1fk1fl1.tiff,plate_41002693/r03c11f08p01-ch4sk1fk1fl1.tiff,plate_41002693/r03c11f08p01-ch3sk1fk1fl1.tiff,plate_41002693/r03c11f08p01-ch5sk1fk1fl1.tiff,100.0,Loratadine,test,0
p41002693_C15_s08,plate_41002693,p41002693_C15,8,Ethacrynic acid,OASIS934,100.0,0.0518355593085289,0.5460195541381836,Calcium Channel; Glutathione S-transferase; NF-κB; NO Synthase,O=C(O)COC1=CC=C(C(C(CC)=C)=O)C(Cl)=C1Cl,plate_41002693/r03c15f08p01-ch6sk1fk1fl1.tiff,plate_41002693/r03c15f08p01-ch1sk1fk1fl1.tiff,plate_41002693/r03c15f08p01-ch2sk1fk1fl1.tiff,plate_41002693/r03c15f08p01-ch4sk1fk1fl1.tiff,plate_41002693/r03c15f08p01-ch3sk1fk1fl1.tiff,plate_41002693/r03c15f08p01-ch5sk1fk1fl1.tiff,100.0,Ethacrynic acid,test,0
p41002693_C21_s08,plate_41002693,p41002693_C21,8,Isradipine,OASIS1014,100.0,0.6757358312606812,0.0543525628745555,Autophagy; Calcium Channel,O=C(C1=C(C)NC(C)=C(C(OC(C)C)=O)C1C2=CC=CC3=NON=C23)OC,plate_41002693/r03c21f08p01-ch6sk1fk1fl1.tiff,plate_41002693/r03c21f08p01-ch1sk1fk1fl1.tiff,plate_41002693/r03c21f08p01-ch2sk1fk1fl1.tiff,plate_41002693/r03c21f08p01-ch4sk1fk1fl1.tiff,plate_41002693/r03c21f08p01-ch3sk1fk1fl1.tiff,plate_41002693/r03c21f08p01-ch5sk1fk1fl1.tiff,100.0,Isradipine,test,0
p41002693_C24_s08,plate_41002693,p41002693_C24,8,Fluspirilene,OASIS1345,100.0,0.0955522954463958,0.611575186252594,Calcium Channel,O=C1NCN(C2=CC=CC=C2)C13CCN(CCCC(C4=CC=C(F)C=C4)C5=CC=C(F)C=C5)CC3,plate_41002693/r03c24f08p01-ch6sk1fk1fl1.tiff,plate_41002693/r03c24f08p01-ch1sk1fk1fl1.tiff,plate_41002693/r03c24f08p01-ch2sk1fk1fl1.tiff,plate_41002693/r03c24f08p01-ch4sk1fk1fl1.tiff,plate_41002693/r03c24f08p01-ch3sk1fk1fl1.tiff,plate_41002693/r03c24f08p01-ch5sk1fk1fl1.tiff,100.0,Fluspirilene,test,0
p41002693_D10_s08,plate_41002693,p41002693_D10,8,Compound_255ef47f,,100.0,0.0193602684885263,0.4558806121349334,,,plate_41002693/r04c10f08p01-ch6sk1fk1fl1.tiff,plate_41002693/r04c10f08p01-ch1sk1fk1fl1.tiff,plate_41002693/r04c10f08p01-ch2sk1fk1fl1.tiff,plate_41002693/r04c10f08p01-ch4sk1fk1fl1.tiff,plate_41002693/r04c10f08p01-ch3sk1fk1fl1.tiff,plate_41002693/r04c10f08p01-ch5sk1fk1fl1.tiff,100.0,Compound_255ef47f,test,1
p41002693_D12_s08,plate_41002693,p41002693_D12,8,control,,0.0,0.8755837678909302,-0.0494438037276268,,,plate_41002693/r04c12f08p01-ch6sk1fk1fl1.tiff,plate_41002693/r04c12f08p01-ch1sk1fk1fl1.tiff,plate_41002693/r04c12f08p01-ch2sk1fk1fl1.tiff,plate_41002693/r04c12f08p01-ch4sk1fk1fl1.tiff,plate_41002693/r04c12f08p01-ch3sk1fk1fl1.tiff,plate_41002693/r04c12f08p01-ch5sk1fk1fl1.tiff,none,control,test,1
p41002693_D13_s08,plate_41002693,p41002693_D13,8,Omeprazole,OASIS062,100.0,0.6688660979270935,0.0625470131635665,Autophagy; Bacterial; Phospholipase; Proton Pump,O=S(C1=NC2=CC=C(OC)C=C2N1)CC3=NC=C(C)C(OC)=C3C,plate_41002693/r04c13f08p01-ch6sk1fk1fl1.tiff,plate_41002693/r04c13f08p01-ch1sk1fk1fl1.tiff,plate_41002693/r04c13f08p01-ch2sk1fk1fl1.tiff,plate_41002693/r04c13f08p01-ch4sk1fk1fl1.tiff,plate_41002693/r04c13f08p01-ch3sk1fk1fl1.tiff,plate_41002693/r04c13f08p01-ch5sk1fk1fl1.tiff,100.0,Omeprazole,val,0
p41002693_D17_s08,plate_41002693,p41002693_D17,8,Vortioxetine,OASIS1912,100.0,0.0187357440590858,0.5569455027580261,5-HT Receptor; Serotonin Transporter,CC1=CC=C(SC2=CC=CC=C2N3CCNCC3)C(C)=C1,plate_41002693/r04c17f08p01-ch6sk1fk1fl1.tiff,plate_41002693/r04c17f08p01-ch1sk1fk1fl1.tiff,plate_41002693/r04c17f08p01-ch2sk1fk1fl1.tiff,plate_41002693/r04c17f08p01-ch4sk1fk1fl1.tiff,plate_41002693/r04c17f08p01-ch3sk1fk1fl1.tiff,plate_41002693/r04c17f08p01-ch5sk1fk1fl1.tiff,100.0,Vortioxetine,val,1
p41002693_D18_s08,plate_41002693,p41002693_D18,8,Pitolisant (hydrochloride),OASIS1843,100.0,0.685103714466095,0.1335655748844146,Histamine Receptor,ClC(C=C1)=CC=C1CCCOCCCN2CCCCC2.Cl,plate_41002693/r04c18f08p01-ch6sk1fk1fl1.tiff,plate_41002693/r04c18f08p01-ch1sk1fk1fl1.tiff,plate_41002693/r04c18f08p01-ch2sk1fk1fl1.tiff,plate_41002693/r04c18f08p01-ch4sk1fk1fl1.tiff,plate_41002693/r04c18f08p01-ch3sk1fk1fl1.tiff,plate_41002693/r04c18f08p01-ch5sk1fk1fl1.tiff,100.0,Pitolisant (hydrochloride),train,1
p41002693_D19_s08,plate_41002693,p41002693_D19,8,Levomepromazine,OASIS720,100.0,0.5726892352104187,0.2182415574789047,5-HT Receptor; Dopamine Receptor,COC1=CC=C2SC3=C(N(C2=C1)C[C@@H](CN(C)C)C)C=CC=C3,plate_41002693/r04c19f08p01-ch6sk1fk1fl1.tiff,plate_41002693/r04c19f08p01-ch1sk1fk1fl1.tiff,plate_41002693/r04c19f08p01-ch2sk1fk1fl1.tiff,plate_41002693/r04c19f08p01-ch4sk1fk1fl1.tiff,plate_41002693/r04c19f08p01-ch3sk1fk1fl1.tiff,plate_41002693/r04c19f08p01-ch5sk1fk1fl1.tiff,100.0,Levomepromazine,val,1
p41002693_E10_s08,plate_41002693,p41002693_E10,8,Fluvoxamine,OASIS840,100.0,0.0274790916591882,0.3684731423854828,Serotonin Transporter,FC(C1=CC=C(/C(CCCCOC)=N/OCCN)C=C1)(F)F,plate_41002693/r05c10f08p01-ch6sk1fk1fl1.tiff,plate_41002693/r05c10f08p01-ch1sk1fk1fl1.tiff,plate_41002693/r05c10f08p01-ch2sk1fk1fl1.tiff,plate_41002693/r05c10f08p01-ch4sk1fk1fl1.tiff,plate_41002693/r05c10f08p01-ch3sk1fk1fl1.tiff,plate_41002693/r05c10f08p01-ch5sk1fk1fl1.tiff,100.0,Fluvoxamine,train,0
p41002693_E11_s08,plate_41002693,p41002693_E11,8,Tivozanib,OASIS1776,100.0,0.1711197942495346,0.0461581125855445,VEGFR,O=C(NC1=CC=C(C=C1Cl)OC2=CC=NC3=CC(OC)=C(C=C23)OC)NC4=NOC(C)=C4,plate_41002693/r05c11f08p01-ch6sk1fk1fl1.tiff,plate_41002693/r05c11f08p01-ch1sk1fk1fl1.tiff,plate_41002693/r05c11f08p01-ch2sk1fk1fl1.tiff,plate_41002693/r05c11f08p01-ch4sk1fk1fl1.tiff,plate_41002693/r05c11f08p01-ch3sk1fk1fl1.tiff,plate_41002693/r05c11f08p01-ch5sk1fk1fl1.tiff,100.0,Tivozanib,train,1
p41002693_E14_s08,plate_41002693,p41002693_E14,8,Compound_f4ce8b04,,100.0,0.6107852458953857,0.0079173455014824,,,plate_41002693/r05c14f08p01-ch6sk1fk1fl1.tiff,plate_41002693/r05c14f08p01-ch1sk1fk1fl1.tiff,plate_41002693/r05c14f08p01-ch2sk1fk1fl1.tiff,plate_41002693/r05c14f08p01-ch4sk1fk1fl1.tiff,plate_41002693/r05c14f08p01-ch3sk1fk1fl1.tiff,plate_41002693/r05c14f08p01-ch5sk1fk1fl1.tiff,100.0,Compound_f4ce8b04,train,0
p41002693_E16_s08,plate_41002693,p41002693_E16,8,β-Naphthoflavone,OASIS330,100.0,0.8043879866600037,-0.0112030385062098,Apoptosis; Aryl Hydrocarbon Receptor,O=C1C2=C3C=CC=CC3=CC=C2OC(C4=CC=CC=C4)=C1,plate_41002693/r05c16f08p01-ch6sk1fk1fl1.tiff,plate_41002693/r05c16f08p01-ch1sk1fk1fl1.tiff,plate_41002693/r05c16f08p01-ch2sk1fk1fl1.tiff,plate_41002693/r05c16f08p01-ch4sk1fk1fl1.tiff,plate_41002693/r05c16f08p01-ch3sk1fk1fl1.tiff,plate_41002693/r05c16f08p01-ch5sk1fk1fl1.tiff,100.0,β-Naphthoflavone,train,0
p41002693_E19_s08,plate_41002693,p41002693_E19,8,Irinotecan,OASIS744,100.0,0.4708917140960693,0.163611888885498,Autophagy; Topoisomerase,O=C(N1CCC(N2CCCCC2)CC1)OC3=CC=C4N=C5C(CN6C(C(COC([C@@]7(CC)O)=O)=C7C=C65)=O)=C(CC)C4=C3,plate_41002693/r05c19f08p01-ch6sk1fk1fl1.tiff,plate_41002693/r05c19f08p01-ch1sk1fk1fl1.tiff,plate_41002693/r05c19f08p01-ch2sk1fk1fl1.tiff,plate_41002693/r05c19f08p01-ch4sk1fk1fl1.tiff,plate_41002693/r05c19f08p01-ch3sk1fk1fl1.tiff,plate_41002693/r05c19f08p01-ch5sk1fk1fl1.tiff,100.0,Irinotecan,test,0
p41002693_E21_s08,plate_41002693,p41002693_E21,8,Gabapentin enacarbil,OASIS1791,100.0,0.9911208748817444,-0.0467123202979564,Calcium Channel,O=C(O)CC1(CNC(OC(OC(C(C)C)=O)C)=O)CCCCC1,plate_41002693/r05c21f08p01-ch6sk1fk1fl1.tiff,plate_41002693/r05c21f08p01-ch1sk1fk1fl1.tiff,plate_41002693/r05c21f08p01-ch2sk1fk1fl1.tiff,plate_41002693/r05c21f08p01-ch4sk1fk1fl1.tiff,plate_41002693/r05c21f08p01-ch3sk1fk1fl1.tiff,plate_41002693/r05c21f08p01-ch5sk1fk1fl1.tiff,100.0,Gabapentin enacarbil,test,1
p41002693_E22_s08,plate_41002693,p41002693_E22,8,Macitentan,OASIS1840,100.0,0.8974421620368958,-0.0439808368682861,Apoptosis; Endothelin Receptor,BrC1=CN=C(OCCOC2=C(C3=CC=C(Br)C=C3)C(NS(NCCC)(=O)=O)=NC=N2)N=C1,plate_41002693/r05c22f08p01-ch6sk1fk1fl1.tiff,plate_41002693/r05c22f08p01-ch1sk1fk1fl1.tiff,plate_41002693/r05c22f08p01-ch2sk1fk1fl1.tiff,plate_41002693/r05c22f08p01-ch4sk1fk1fl1.tiff,plate_41002693/r05c22f08p01-ch3sk1fk1fl1.tiff,plate_41002693/r05c22f08p01-ch5sk1fk1fl1.tiff,100.0,Macitentan,test,1
p41002693_E23_s08,plate_41002693,p41002693_E23,8,Etravirine,OASIS886,100.0,0.8212501406669617,0.1881952434778213,HIV; Reverse Transcriptase,N#CC1=CC(C)=C(C(C)=C1)OC2=NC(NC3=CC=C(C=C3)C#N)=NC(N)=C2Br,plate_41002693/r05c23f08p01-ch6sk1fk1fl1.tiff,plate_41002693/r05c23f08p01-ch1sk1fk1fl1.tiff,plate_41002693/r05c23f08p01-ch2sk1fk1fl1.tiff,plate_41002693/r05c23f08p01-ch4sk1fk1fl1.tiff,plate_41002693/r05c23f08p01-ch3sk1fk1fl1.tiff,plate_41002693/r05c23f08p01-ch5sk1fk1fl1.tiff,100.0,Etravirine,train,0
p41002693_E24_s08,plate_41002693,p41002693_E24,8,Enzalutamide,OASIS1748,100.0,0.2491853982210159,0.1281026154756546,Androgen Receptor; Autophagy,S=C(N(C(C1(C)C)=O)C2=CC=C(C#N)C(C(F)(F)F)=C2)N1C3=CC(F)=C(C(NC)=O)C=C3,plate_41002693/r05c24f08p01-ch6sk1fk1fl1.tiff,plate_41002693/r05c24f08p01-ch1sk1fk1fl1.tiff,plate_41002693/r05c24f08p01-ch2sk1fk1fl1.tiff,plate_41002693/r05c24f08p01-ch4sk1fk1fl1.tiff,plate_41002693/r05c24f08p01-ch3sk1fk1fl1.tiff,plate_41002693/r05c24f08p01-ch5sk1fk1fl1.tiff,100.0,Enzalutamide,train,0
p41002693_F10_s08,plate_41002693,p41002693_F10,8,Edoxaban (tosylate),OASIS1737,100.0,0.785652220249176,-0.00027710487484,Factor Xa; Thrombin,O=C(N(C)C)[C@@H](CC1)C[C@H]([C@H]1NC(C(NC(C=C2)=NC=C2Cl)=O)=O)NC(C3=NC(CC4)=C(CN4C)S3)=O.O=S(C5=CC=C(C)C=C5)(O)=O,plate_41002693/r06c10f08p01-ch6sk1fk1fl1.tiff,plate_41002693/r06c10f08p01-ch1sk1fk1fl1.tiff,plate_41002693/r06c10f08p01-ch2sk1fk1fl1.tiff,plate_41002693/r06c10f08p01-ch4sk1fk1fl1.tiff,plate_41002693/r06c10f08p01-ch3sk1fk1fl1.tiff,plate_41002693/r06c10f08p01-ch5sk1fk1fl1.tiff,100.0,Edoxaban (tosylate),test,1
p41002693_F11_s08,plate_41002693,p41002693_F11,8,Oseltamivir,OASIS1570,100.0,0.7325676083564758,0.0898618474602699,Influenza Virus,O=C(OCC)C1=C[C@H]([C@@H]([C@H](C1)N)NC(C)=O)OC(CC)CC,plate_41002693/r06c11f08p01-ch6sk1fk1fl1.tiff,plate_41002693/r06c11f08p01-ch1sk1fk1fl1.tiff,plate_41002693/r06c11f08p01-ch2sk1fk1fl1.tiff,plate_41002693/r06c11f08p01-ch4sk1fk1fl1.tiff,plate_41002693/r06c11f08p01-ch3sk1fk1fl1.tiff,plate_41002693/r06c11f08p01-ch5sk1fk1fl1.tiff,100.0,Oseltamivir,train,0
p41002693_F12_s08,plate_41002693,p41002693_F12,8,control,,0.0,0.8936949968338013,-0.0139345219358801,,,plate_41002693/r06c12f08p01-ch6sk1fk1fl1.tiff,plate_41002693/r06c12f08p01-ch1sk1fk1fl1.tiff,plate_41002693/r06c12f08p01-ch2sk1fk1fl1.tiff,plate_41002693/r06c12f08p01-ch4sk1fk1fl1.tiff,plate_41002693/r06c12f08p01-ch3sk1fk1fl1.tiff,plate_41002693/r06c12f08p01-ch5sk1fk1fl1.tiff,none,control,test,0
p41002693_F18_s08,plate_41002693,p41002693_F18,8,Letermovir,OASIS1812,100.0,0.5196046233177185,-0.0685641914606094,CMV,FC1=C(N=C(N2CCN(C3=CC=CC(OC)=C3)CC2)N(C4=CC(C(F)(F)F)=CC=C4OC)[C@H]5CC(O)=O)C5=CC=C1,plate_41002693/r06c18f08p01-ch6sk1fk1fl1.tiff,plate_41002693/r06c18f08p01-ch1sk1fk1fl1.tiff,plate_41002693/r06c18f08p01-ch2sk1fk1fl1.tiff,plate_41002693/r06c18f08p01-ch4sk1fk1fl1.tiff,plate_41002693/r06c18f08p01-ch3sk1fk1fl1.tiff,plate_41002693/r06c18f08p01-ch5sk1fk1fl1.tiff,100.0,Letermovir,train,1
p41002693_G10_s08,plate_41002693,p41002693_G10,8,Bifenazate,OASIS411,100.0,0.0549581833183765,0.1827322840690612,GABA Receptor,COC1=CC=C(C2=CC=CC=C2)C=C1NNC(OC(C)C)=O,plate_41002693/r07c10f08p01-ch6sk1fk1fl1.tiff,plate_41002693/r07c10f08p01-ch1sk1fk1fl1.tiff,plate_41002693/r07c10f08p01-ch2sk1fk1fl1.tiff,plate_41002693/r07c10f08p01-ch4sk1fk1fl1.tiff,plate_41002693/r07c10f08p01-ch3sk1fk1fl1.tiff,plate_41002693/r07c10f08p01-ch5sk1fk1fl1.tiff,100.0,Bifenazate,train,1
p41002693_G11_s08,plate_41002693,p41002693_G11,8,Telaprevir,OASIS980,100.0,0.805637001991272,-0.0467123202979564,HCV; HCV Protease; SARS-CoV,O=C(N([C@@H]1C(N[C@H](C(C(NC2CC2)=O)=O)CCC)=O)C[C@@]3(CCC[C@@]31[H])[H])[C@@H](NC([C@@H](NC(C4=NC=CN=C4)=O)C5CCCCC5)=O)C(C)(C)C,plate_41002693/r07c11f08p01-ch6sk1fk1fl1.tiff,plate_41002693/r07c11f08p01-ch1sk1fk1fl1.tiff,plate_41002693/r07c11f08p01-ch2sk1fk1fl1.tiff,plate_41002693/r07c11f08p01-ch4sk1fk1fl1.tiff,plate_41002693/r07c11f08p01-ch3sk1fk1fl1.tiff,plate_41002693/r07c11f08p01-ch5sk1fk1fl1.tiff,100.0,Telaprevir,train,0
p41002693_G12_s08,plate_41002693,p41002693_G12,8,control,,0.0,0.8630933165550232,-0.0494438037276268,,,plate_41002693/r07c12f08p01-ch6sk1fk1fl1.tiff,plate_41002693/r07c12f08p01-ch1sk1fk1fl1.tiff,plate_41002693/r07c12f08p01-ch2sk1fk1fl1.tiff,plate_41002693/r07c12f08p01-ch4sk1fk1fl1.tiff,plate_41002693/r07c12f08p01-ch3sk1fk1fl1.tiff,plate_41002693/r07c12f08p01-ch5sk1fk1fl1.tiff,none,control,train,1
p41002693_G13_s08,plate_41002693,p41002693_G13,8,"N-Decyl-N,N-dimethyldecan-1-aminium (chloride)",OASIS573,100.0,0.0199847947806119,0.6470844149589539,Bacterial; Fungal,CCCCCCCCCC[N+](C)(CCCCCCCCCC)C.[Cl-],plate_41002693/r07c13f08p01-ch6sk1fk1fl1.tiff,plate_41002693/r07c13f08p01-ch1sk1fk1fl1.tiff,plate_41002693/r07c13f08p01-ch2sk1fk1fl1.tiff,plate_41002693/r07c13f08p01-ch4sk1fk1fl1.tiff,plate_41002693/r07c13f08p01-ch3sk1fk1fl1.tiff,plate_41002693/r07c13f08p01-ch5sk1fk1fl1.tiff,100.0,"N-Decyl-N,N-dimethyldecan-1-aminium (chloride)",val,0
p41002693_G14_s08,plate_41002693,p41002693_G14,8,Citalopram,OASIS1401,100.0,0.6051645278930664,0.1199081614613533,Serotonin Transporter,N#CC1=CC=C2C(CCCN(C)C)(OCC2=C1)C3=CC=C(C=C3)F,plate_41002693/r07c14f08p01-ch6sk1fk1fl1.tiff,plate_41002693/r07c14f08p01-ch1sk1fk1fl1.tiff,plate_41002693/r07c14f08p01-ch2sk1fk1fl1.tiff,plate_41002693/r07c14f08p01-ch4sk1fk1fl1.tiff,plate_41002693/r07c14f08p01-ch3sk1fk1fl1.tiff,plate_41002693/r07c14f08p01-ch5sk1fk1fl1.tiff,100.0,Citalopram,train,1
p41002693_G17_s08,plate_41002693,p41002693_G17,8,Compound_c7b43962,,100.0,0.648256778717041,0.1581489294767379,,,plate_41002693/r07c17f08p01-ch6sk1fk1fl1.tiff,plate_41002693/r07c17f08p01-ch1sk1fk1fl1.tiff,plate_41002693/r07c17f08p01-ch2sk1fk1fl1.tiff,plate_41002693/r07c17f08p01-ch4sk1fk1fl1.tiff,plate_41002693/r07c17f08p01-ch3sk1fk1fl1.tiff,plate_41002693/r07c17f08p01-ch5sk1fk1fl1.tiff,100.0,Compound_c7b43962,train,0
p41002693_G20_s08,plate_41002693,p41002693_G20,8,control,,0.0,0.9730096459388732,0.0270377285778522,,,plate_41002693/r07c20f08p01-ch6sk1fk1fl1.tiff,plate_41002693/r07c20f08p01-ch1sk1fk1fl1.tiff,plate_41002693/r07c20f08p01-ch2sk1fk1fl1.tiff,plate_41002693/r07c20f08p01-ch4sk1fk1fl1.tiff,plate_41002693/r07c20f08p01-ch3sk1fk1fl1.tiff,plate_41002693/r07c20f08p01-ch5sk1fk1fl1.tiff,none,control,train,0
p41002693_G22_s08,plate_41002693,p41002693_G22,8,Nifurtimox,OASIS1788,100.0,0.4490333497524261,0.1554174423217773,Lactate Dehydrogenase; Parasite,O=S1(CC(C)N(/N=C/C2=CC=C([N+]([O-])=O)O2)CC1)=O,plate_41002693/r07c22f08p01-ch6sk1fk1fl1.tiff,plate_41002693/r07c22f08p01-ch1sk1fk1fl1.tiff,plate_41002693/r07c22f08p01-ch2sk1fk1fl1.tiff,plate_41002693/r07c22f08p01-ch4sk1fk1fl1.tiff,plate_41002693/r07c22f08p01-ch3sk1fk1fl1.tiff,plate_41002693/r07c22f08p01-ch5sk1fk1fl1.tiff,100.0,Nifurtimox,test,0
p41002693_H19_s08,plate_41002693,p41002693_H19,8,control,,0.0,0.9730096459388732,-0.0712956711649894,,,plate_41002693/r08c19f08p01-ch6sk1fk1fl1.tiff,plate_41002693/r08c19f08p01-ch1sk1fk1fl1.tiff,plate_41002693/r08c19f08p01-ch2sk1fk1fl1.tiff,plate_41002693/r08c19f08p01-ch4sk1fk1fl1.tiff,plate_41002693/r08c19f08p01-ch3sk1fk1fl1.tiff,plate_41002693/r08c19f08p01-ch5sk1fk1fl1.tiff,none,control,test,1
p41002693_H22_s08,plate_41002693,p41002693_H22,8,control,,0.0,1.005484938621521,-0.0275919381529092,,,plate_41002693/r08c22f08p01-ch6sk1fk1fl1.tiff,plate_41002693/r08c22f08p01-ch1sk1fk1fl1.tiff,plate_41002693/r08c22f08p01-ch2sk1fk1fl1.tiff,plate_41002693/r08c22f08p01-ch4sk1fk1fl1.tiff,plate_41002693/r08c22f08p01-ch3sk1fk1fl1.tiff,plate_41002693/r08c22f08p01-ch5sk1fk1fl1.tiff,none,control,val,0
p41002693_I12_s08,plate_41002693,p41002693_I12,8,control,,0.0,0.926170289516449,-0.0740271508693695,,,plate_41002693/r09c12f08p01-ch6sk1fk1fl1.tiff,plate_41002693/r09c12f08p01-ch1sk1fk1fl1.tiff,plate_41002693/r09c12f08p01-ch2sk1fk1fl1.tiff,plate_41002693/r09c12f08p01-ch4sk1fk1fl1.tiff,plate_41002693/r09c12f08p01-ch3sk1fk1fl1.tiff,plate_41002693/r09c12f08p01-ch5sk1fk1fl1.tiff,none,control,test,1
p41002693_I13_s08,plate_41002693,p41002693_I13,8,Zalcitabine,OASIS648,100.0,0.872461199760437,-0.0631012246012687,HIV; Reverse Transcriptase,OC[C@@H]1CC[C@H](N2C=CC(N)=NC2=O)O1,plate_41002693/r09c13f08p01-ch6sk1fk1fl1.tiff,plate_41002693/r09c13f08p01-ch1sk1fk1fl1.tiff,plate_41002693/r09c13f08p01-ch2sk1fk1fl1.tiff,plate_41002693/r09c13f08p01-ch4sk1fk1fl1.tiff,plate_41002693/r09c13f08p01-ch3sk1fk1fl1.tiff,plate_41002693/r09c13f08p01-ch5sk1fk1fl1.tiff,100.0,Zalcitabine,test,1
p41002693_I14_s08,plate_41002693,p41002693_I14,8,Ebrotidine,OASIS1376,100.0,0.0574562847614288,0.2810656726360321,Histamine Receptor,O=S(C1=CC=C(Br)C=C1)(/N=C/NCCSCC2=CSC(NC(N)=N)=N2)=O,plate_41002693/r09c14f08p01-ch6sk1fk1fl1.tiff,plate_41002693/r09c14f08p01-ch1sk1fk1fl1.tiff,plate_41002693/r09c14f08p01-ch2sk1fk1fl1.tiff,plate_41002693/r09c14f08p01-ch4sk1fk1fl1.tiff,plate_41002693/r09c14f08p01-ch3sk1fk1fl1.tiff,plate_41002693/r09c14f08p01-ch5sk1fk1fl1.tiff,100.0,Ebrotidine,test,0
p41002693_I15_s08,plate_41002693,p41002693_I15,8,Linagliptin,OASIS1753,100.0,0.2448137253522873,0.1472229957580566,Autophagy; Dipeptidyl Peptidase; Ferroptosis,O=C1N(C2=C(C(N1CC3=NC(C)=C4C=CC=CC4=N3)=O)N(CC#CC)C(N5CCC[C@@H](N)C5)=N2)C,plate_41002693/r09c15f08p01-ch6sk1fk1fl1.tiff,plate_41002693/r09c15f08p01-ch1sk1fk1fl1.tiff,plate_41002693/r09c15f08p01-ch2sk1fk1fl1.tiff,plate_41002693/r09c15f08p01-ch4sk1fk1fl1.tiff,plate_41002693/r09c15f08p01-ch3sk1fk1fl1.tiff,plate_41002693/r09c15f08p01-ch5sk1fk1fl1.tiff,100.0,Linagliptin,test,0
p41002693_I20_s08,plate_41002693,p41002693_I20,8,control,,0.0,0.9449060559272766,-0.0685641914606094,,,plate_41002693/r09c20f08p01-ch6sk1fk1fl1.tiff,plate_41002693/r09c20f08p01-ch1sk1fk1fl1.tiff,plate_41002693/r09c20f08p01-ch2sk1fk1fl1.tiff,plate_41002693/r09c20f08p01-ch4sk1fk1fl1.tiff,plate_41002693/r09c20f08p01-ch3sk1fk1fl1.tiff,plate_41002693/r09c20f08p01-ch5sk1fk1fl1.tiff,none,control,train,0
p41002693_I21_s08,plate_41002693,p41002693_I21,8,Nelivaptan,OASIS274,100.0,0.6382643580436707,-0.0166660044342279,Vasopressin Receptor,O=S(N(C(C=C1)=C2C=C1Cl)C([C@@]2(C3=CC=CC=C3OC)N4[C@@H](C[C@@H](O)C4)C(N(C)C)=O)=O)(C(C(OC)=C5)=CC=C5OC)=O,plate_41002693/r09c21f08p01-ch6sk1fk1fl1.tiff,plate_41002693/r09c21f08p01-ch1sk1fk1fl1.tiff,plate_41002693/r09c21f08p01-ch2sk1fk1fl1.tiff,plate_41002693/r09c21f08p01-ch4sk1fk1fl1.tiff,plate_41002693/r09c21f08p01-ch3sk1fk1fl1.tiff,plate_41002693/r09c21f08p01-ch5sk1fk1fl1.tiff,100.0,Nelivaptan,val,0
p41002693_I22_s08,plate_41002693,p41002693_I22,8,Thio-TEPA,OASIS607,100.0,0.9311665296554564,-0.0385178700089454,Antibiotic; Bacterial; DNA Alkylator/Crosslinker,S=P(N1CC1)(N2CC2)N3CC3,plate_41002693/r09c22f08p01-ch6sk1fk1fl1.tiff,plate_41002693/r09c22f08p01-ch1sk1fk1fl1.tiff,plate_41002693/r09c22f08p01-ch2sk1fk1fl1.tiff,plate_41002693/r09c22f08p01-ch4sk1fk1fl1.tiff,plate_41002693/r09c22f08p01-ch3sk1fk1fl1.tiff,plate_41002693/r09c22f08p01-ch5sk1fk1fl1.tiff,100.0,Thio-TEPA,test,0
p41002693_I23_s08,plate_41002693,p41002693_I23,8,Compound_06965c8b,,100.0,0.6719887256622314,0.0953248143196106,,,plate_41002693/r09c23f08p01-ch6sk1fk1fl1.tiff,plate_41002693/r09c23f08p01-ch1sk1fk1fl1.tiff,plate_41002693/r09c23f08p01-ch2sk1fk1fl1.tiff,plate_41002693/r09c23f08p01-ch4sk1fk1fl1.tiff,plate_41002693/r09c23f08p01-ch3sk1fk1fl1.tiff,plate_41002693/r09c23f08p01-ch5sk1fk1fl1.tiff,100.0,Compound_06965c8b,val,1
p41002693_I24_s08,plate_41002693,p41002693_I24,8,Aripiprazole,OASIS955,100.0,0.1729933768510818,0.2373619377613067,5-HT Receptor; Dopamine Receptor,O=C1NC2=C(C=CC(OCCCCN3CCN(C4=CC=CC(Cl)=C4Cl)CC3)=C2)CC1,plate_41002693/r09c24f08p01-ch6sk1fk1fl1.tiff,plate_41002693/r09c24f08p01-ch1sk1fk1fl1.tiff,plate_41002693/r09c24f08p01-ch2sk1fk1fl1.tiff,plate_41002693/r09c24f08p01-ch4sk1fk1fl1.tiff,plate_41002693/r09c24f08p01-ch3sk1fk1fl1.tiff,plate_41002693/r09c24f08p01-ch5sk1fk1fl1.tiff,100.0,Aripiprazole,test,1
p41002693_J10_s08,plate_41002693,p41002693_J10,8,Sonidegib,OASIS1824,100.0,0.5745628476142883,-0.0084715550765395,Smo,O=C(C1=C(C)C(C(C=C2)=CC=C2OC(F)(F)F)=CC=C1)NC3=CC=C(N=C3)N4C[C@@H](C)O[C@@H](C)C4,plate_41002693/r10c10f08p01-ch6sk1fk1fl1.tiff,plate_41002693/r10c10f08p01-ch1sk1fk1fl1.tiff,plate_41002693/r10c10f08p01-ch2sk1fk1fl1.tiff,plate_41002693/r10c10f08p01-ch4sk1fk1fl1.tiff,plate_41002693/r10c10f08p01-ch3sk1fk1fl1.tiff,plate_41002693/r10c10f08p01-ch5sk1fk1fl1.tiff,100.0,Sonidegib,train,1
p41002693_J14_s08,plate_41002693,p41002693_J14,8,Fidaxomicin,OASIS1915,100.0,0.0137395458295941,0.2892601191997528,Antibiotic; Apoptosis; Bacterial; DNA/RNA Synthesis,O=C(C(C(O)=C(Cl)C(O)=C1Cl)=C1CC)O[C@H]([C@H](O[C@H]2OC/C(C(O[C@](C/C=C3C)([H])[C@H](O)C)=O)=C\C=C\C[C@@H](/C(C)=C\[C@H](CC)[C@@H](O[C@@](OC(C)(C)[C@@H](OC(C(C)C)=O)[C@@H]4O)([H])[C@H]4O)\C(C)=C/3)O)C)[C@@H]([C@@H]2OC)O,plate_41002693/r10c14f08p01-ch6sk1fk1fl1.tiff,plate_41002693/r10c14f08p01-ch1sk1fk1fl1.tiff,plate_41002693/r10c14f08p01-ch2sk1fk1fl1.tiff,plate_41002693/r10c14f08p01-ch4sk1fk1fl1.tiff,plate_41002693/r10c14f08p01-ch3sk1fk1fl1.tiff,plate_41002693/r10c14f08p01-ch5sk1fk1fl1.tiff,100.0,Fidaxomicin,train,1
p41002693_J16_s08,plate_41002693,p41002693_J16,8,6-Thioguanine,OASIS1225,100.0,0.7250733375549316,-0.0248604547232389,Apoptosis; Autophagy; Deubiquitinase; DNA Methyltransferase; Endogenous Metabolite; SARS-CoV,SC1=NC(N)=NC2=C1N=CN2,plate_41002693/r10c16f08p01-ch6sk1fk1fl1.tiff,plate_41002693/r10c16f08p01-ch1sk1fk1fl1.tiff,plate_41002693/r10c16f08p01-ch2sk1fk1fl1.tiff,plate_41002693/r10c16f08p01-ch4sk1fk1fl1.tiff,plate_41002693/r10c16f08p01-ch3sk1fk1fl1.tiff,plate_41002693/r10c16f08p01-ch5sk1fk1fl1.tiff,100.0,6-Thioguanine,test,0
p41002693_J17_s08,plate_41002693,p41002693_J17,8,Dantrolene,OASIS069,100.0,0.6551265120506287,-0.0248604547232389,Autophagy; Calcium Channel,O=C1NC(CN1/N=C/C2=CC=C(C3=CC=C([N+]([O-])=O)C=C3)O2)=O,plate_41002693/r10c17f08p01-ch6sk1fk1fl1.tiff,plate_41002693/r10c17f08p01-ch1sk1fk1fl1.tiff,plate_41002693/r10c17f08p01-ch2sk1fk1fl1.tiff,plate_41002693/r10c17f08p01-ch4sk1fk1fl1.tiff,plate_41002693/r10c17f08p01-ch3sk1fk1fl1.tiff,plate_41002693/r10c17f08p01-ch5sk1fk1fl1.tiff,100.0,Dantrolene,train,1
p41002693_K13_s08,plate_41002693,p41002693_K13,8,Venetoclax,OASIS1782,100.0,0.4727652966976166,-0.0658327043056488,Autophagy; Bcl-2 Family,O=C(NS(=O)(C1=CC=C(NCC2CCOCC2)C([N+]([O-])=O)=C1)=O)C3=CC=C(N4CCN(CC5=C(C6=CC=C(Cl)C=C6)CC(C)(C)CC5)CC4)C=C3OC7=CN=C(NC=C8)C8=C7,plate_41002693/r11c13f08p01-ch6sk1fk1fl1.tiff,plate_41002693/r11c13f08p01-ch1sk1fk1fl1.tiff,plate_41002693/r11c13f08p01-ch2sk1fk1fl1.tiff,plate_41002693/r11c13f08p01-ch4sk1fk1fl1.tiff,plate_41002693/r11c13f08p01-ch3sk1fk1fl1.tiff,plate_41002693/r11c13f08p01-ch5sk1fk1fl1.tiff,100.0,Venetoclax,train,1
p41002693_K14_s08,plate_41002693,p41002693_K14,8,Compound_1dccd867,,100.0,0.6913489699363708,0.0051858616061508,,,plate_41002693/r11c14f08p01-ch6sk1fk1fl1.tiff,plate_41002693/r11c14f08p01-ch1sk1fk1fl1.tiff,plate_41002693/r11c14f08p01-ch2sk1fk1fl1.tiff,plate_41002693/r11c14f08p01-ch4sk1fk1fl1.tiff,plate_41002693/r11c14f08p01-ch3sk1fk1fl1.tiff,plate_41002693/r11c14f08p01-ch5sk1fk1fl1.tiff,100.0,Compound_1dccd867,train,0
p41002693_K18_s08,plate_41002693,p41002693_K18,8,Volinanserin,OASIS261,100.0,0.6763603687286377,0.0516210794448852,5-HT Receptor,FC1=CC=C(CCN2CCC([C@@]([H])(O)C3=CC=CC(OC)=C3OC)CC2)C=C1,plate_41002693/r11c18f08p01-ch6sk1fk1fl1.tiff,plate_41002693/r11c18f08p01-ch1sk1fk1fl1.tiff,plate_41002693/r11c18f08p01-ch2sk1fk1fl1.tiff,plate_41002693/r11c18f08p01-ch4sk1fk1fl1.tiff,plate_41002693/r11c18f08p01-ch3sk1fk1fl1.tiff,plate_41002693/r11c18f08p01-ch5sk1fk1fl1.tiff,100.0,Volinanserin,train,0
p41002693_K20_s08,plate_41002693,p41002693_K20,8,control,,0.0,1.0317150354385376,-0.0439808368682861,,,plate_41002693/r11c20f08p01-ch6sk1fk1fl1.tiff,plate_41002693/r11c20f08p01-ch1sk1fk1fl1.tiff,plate_41002693/r11c20f08p01-ch2sk1fk1fl1.tiff,plate_41002693/r11c20f08p01-ch4sk1fk1fl1.tiff,plate_41002693/r11c20f08p01-ch3sk1fk1fl1.tiff,plate_41002693/r11c20f08p01-ch5sk1fk1fl1.tiff,none,control,train,1
p41002693_K22_s08,plate_41002693,p41002693_K22,8,Flecainide,OASIS1408,100.0,0.5776854753494263,0.0488895960152149,Potassium Channel; Sodium Channel,O=C(C1=CC(OCC(F)(F)F)=CC=C1OCC(F)(F)F)NCC2NCCCC2,plate_41002693/r11c22f08p01-ch6sk1fk1fl1.tiff,plate_41002693/r11c22f08p01-ch1sk1fk1fl1.tiff,plate_41002693/r11c22f08p01-ch2sk1fk1fl1.tiff,plate_41002693/r11c22f08p01-ch4sk1fk1fl1.tiff,plate_41002693/r11c22f08p01-ch3sk1fk1fl1.tiff,plate_41002693/r11c22f08p01-ch5sk1fk1fl1.tiff,100.0,Flecainide,test,1
p41002693_K23_s08,plate_41002693,p41002693_K23,8,Everolimus,OASIS657,100.0,0.4396654665470123,0.1663433760404586,Apoptosis; Autophagy; Bacterial; FKBP; mTOR,O=C([C@@]1(O)[C@@H](CC[C@@H](C[C@@H](/C(C)=C/C=C/C=C/[C@H](C[C@@H](C)C([C@@H]([C@@H](/C(C)=C/[C@H]2C)O)OC)=O)C)OC)O1)C)C(N3CCCC[C@H]3C(O[C@@H](CC2=O)[C@@H](C[C@H]4C[C@H]([C@H](OCCO)CC4)OC)C)=O)=O,plate_41002693/r11c23f08p01-ch6sk1fk1fl1.tiff,plate_41002693/r11c23f08p01-ch1sk1fk1fl1.tiff,plate_41002693/r11c23f08p01-ch2sk1fk1fl1.tiff,plate_41002693/r11c23f08p01-ch4sk1fk1fl1.tiff,plate_41002693/r11c23f08p01-ch3sk1fk1fl1.tiff,plate_41002693/r11c23f08p01-ch5sk1fk1fl1.tiff,100.0,Everolimus,train,1
p41002693_K24_s08,plate_41002693,p41002693_K24,8,Tasimelteon,OASIS1885,100.0,1.238432765007019,0.0488895960152149,Melatonin Receptor,[H][C@]1(C2=C3C(OCC3)=CC=C2)[C@@](CNC(CC)=O)([H])C1,plate_41002693/r11c24f08p01-ch6sk1fk1fl1.tiff,plate_41002693/r11c24f08p01-ch1sk1fk1fl1.tiff,plate_41002693/r11c24f08p01-ch2sk1fk1fl1.tiff,plate_41002693/r11c24f08p01-ch4sk1fk1fl1.tiff,plate_41002693/r11c24f08p01-ch3sk1fk1fl1.tiff,plate_41002693/r11c24f08p01-ch5sk1fk1fl1.tiff,100.0,Tasimelteon,val,0
p41002693_L12_s08,plate_41002693,p41002693_L12,8,control,,0.0,0.9904963374137878,-0.0112030385062098,,,plate_41002693/r12c12f08p01-ch6sk1fk1fl1.tiff,plate_41002693/r12c12f08p01-ch1sk1fk1fl1.tiff,plate_41002693/r12c12f08p01-ch2sk1fk1fl1.tiff,plate_41002693/r12c12f08p01-ch4sk1fk1fl1.tiff,plate_41002693/r12c12f08p01-ch3sk1fk1fl1.tiff,plate_41002693/r12c12f08p01-ch5sk1fk1fl1.tiff,none,control,test,0
p41002693_L16_s08,plate_41002693,p41002693_L16,8,Atazanavir,OASIS1586,100.0,0.5701911449432373,0.196389690041542,Cytochrome P450; Endogenous Metabolite; HIV; HIV Protease; P-glycoprotein; SARS-CoV,O=C(OC)N[C@@H](C(C)(C)C)C(NN(CC1=CC=C(C2=NC=CC=C2)C=C1)C[C@H](O)[C@H](CC3=CC=CC=C3)NC([C@H](C(C)(C)C)NC(OC)=O)=O)=O,plate_41002693/r12c16f08p01-ch6sk1fk1fl1.tiff,plate_41002693/r12c16f08p01-ch1sk1fk1fl1.tiff,plate_41002693/r12c16f08p01-ch2sk1fk1fl1.tiff,plate_41002693/r12c16f08p01-ch4sk1fk1fl1.tiff,plate_41002693/r12c16f08p01-ch3sk1fk1fl1.tiff,plate_41002693/r12c16f08p01-ch5sk1fk1fl1.tiff,100.0,Atazanavir,train,1
p41002693_L17_s08,plate_41002693,p41002693_L17,8,Tegaserod,OASIS1249,100.0,0.0162376444786787,0.5378251075744629,5-HT Receptor; Apoptosis,COC1=CC=C(NC=C2/C=N/NC(NCCCCC)=N)C2=C1,plate_41002693/r12c17f08p01-ch6sk1fk1fl1.tiff,plate_41002693/r12c17f08p01-ch1sk1fk1fl1.tiff,plate_41002693/r12c17f08p01-ch2sk1fk1fl1.tiff,plate_41002693/r12c17f08p01-ch4sk1fk1fl1.tiff,plate_41002693/r12c17f08p01-ch3sk1fk1fl1.tiff,plate_41002693/r12c17f08p01-ch5sk1fk1fl1.tiff,100.0,Tegaserod,train,0
p41002693_L21_s08,plate_41002693,p41002693_L21,8,Mefenamic acid,OASIS057,100.0,0.9848756194114684,-0.0385178700089454,COX,O=C(O)C1=CC=CC=C1NC2=CC=CC(C)=C2C,plate_41002693/r12c21f08p01-ch6sk1fk1fl1.tiff,plate_41002693/r12c21f08p01-ch1sk1fk1fl1.tiff,plate_41002693/r12c21f08p01-ch2sk1fk1fl1.tiff,plate_41002693/r12c21f08p01-ch4sk1fk1fl1.tiff,plate_41002693/r12c21f08p01-ch3sk1fk1fl1.tiff,plate_41002693/r12c21f08p01-ch5sk1fk1fl1.tiff,100.0,Mefenamic acid,val,0
p41002693_L22_s08,plate_41002693,p41002693_L22,8,Ozagrel,OASIS1264,100.0,0.9786303639411926,-0.0330549031496048,Prostaglandin Receptor,O=C(O)/C=C/C1=CC=C(CN2C=CN=C2)C=C1,plate_41002693/r12c22f08p01-ch6sk1fk1fl1.tiff,plate_41002693/r12c22f08p01-ch1sk1fk1fl1.tiff,plate_41002693/r12c22f08p01-ch2sk1fk1fl1.tiff,plate_41002693/r12c22f08p01-ch4sk1fk1fl1.tiff,plate_41002693/r12c22f08p01-ch3sk1fk1fl1.tiff,plate_41002693/r12c22f08p01-ch5sk1fk1fl1.tiff,100.0,Ozagrel,train,1
p41002693_L24_s08,plate_41002693,p41002693_L24,8,Dichlorphenamide,OASIS706,100.0,0.610160768032074,0.1253711283206939,Carbonic Anhydrase,O=S(C1=CC(Cl)=C(Cl)C(S(=O)(N)=O)=C1)(N)=O,plate_41002693/r12c24f08p01-ch6sk1fk1fl1.tiff,plate_41002693/r12c24f08p01-ch1sk1fk1fl1.tiff,plate_41002693/r12c24f08p01-ch2sk1fk1fl1.tiff,plate_41002693/r12c24f08p01-ch4sk1fk1fl1.tiff,plate_41002693/r12c24f08p01-ch3sk1fk1fl1.tiff,plate_41002693/r12c24f08p01-ch5sk1fk1fl1.tiff,100.0,Dichlorphenamide,val,0
p41002693_M10_s08,plate_41002693,p41002693_M10,8,Troglitazone,OASIS1444,100.0,0.6626208424568176,-0.1559716612100601,Apoptosis; Autophagy; Ferroptosis; PPAR,O=C(SC1CC(C=C2)=CC=C2OCC3(C)OC(C(CC3)=C4C)=C(C)C(C)=C4O)NC1=O,plate_41002693/r13c10f08p01-ch6sk1fk1fl1.tiff,plate_41002693/r13c10f08p01-ch1sk1fk1fl1.tiff,plate_41002693/r13c10f08p01-ch2sk1fk1fl1.tiff,plate_41002693/r13c10f08p01-ch4sk1fk1fl1.tiff,plate_41002693/r13c10f08p01-ch3sk1fk1fl1.tiff,plate_41002693/r13c10f08p01-ch5sk1fk1fl1.tiff,100.0,Troglitazone,test,1
p41002693_M11_s08,plate_41002693,p41002693_M11,8,Rifapentine,OASIS1456,100.0,0.2704192399978637,-0.0303234215825796,Antibiotic; Bacterial,OC(C1=C(C2=O)C(O[C@@]2(O/C=C/[C@@H]([C@H]([C@@]([C@@H]3C)([H])OC(C)=O)C)OC)C)=C(C)C(O)=C1C(O)=C4NC(/C(C)=C\C=C\[C@@H]([C@@H]([C@@H](C)[C@H]3O)O)C)=O)=C4/C=N/N5CCN(C6CCCC6)CC5,plate_41002693/r13c11f08p01-ch6sk1fk1fl1.tiff,plate_41002693/r13c11f08p01-ch1sk1fk1fl1.tiff,plate_41002693/r13c11f08p01-ch2sk1fk1fl1.tiff,plate_41002693/r13c11f08p01-ch4sk1fk1fl1.tiff,plate_41002693/r13c11f08p01-ch3sk1fk1fl1.tiff,plate_41002693/r13c11f08p01-ch5sk1fk1fl1.tiff,100.0,Rifapentine,test,0
p41002693_M14_s08,plate_41002693,p41002693_M14,8,Risperidone,OASIS1459,100.0,0.0630770102143287,0.0079173455014824,5-HT Receptor; Dopamine Receptor; P-glycoprotein,O=C1C(CCN2CCC(C3=NOC4=C3C=CC(F)=C4)CC2)=C(C)N=C5N1CCCC5,plate_41002693/r13c14f08p01-ch6sk1fk1fl1.tiff,plate_41002693/r13c14f08p01-ch1sk1fk1fl1.tiff,plate_41002693/r13c14f08p01-ch2sk1fk1fl1.tiff,plate_41002693/r13c14f08p01-ch4sk1fk1fl1.tiff,plate_41002693/r13c14f08p01-ch3sk1fk1fl1.tiff,plate_41002693/r13c14f08p01-ch5sk1fk1fl1.tiff,100.0,Risperidone,train,0
p41002693_M23_s08,plate_41002693,p41002693_M23,8,Difenoconazole,OASIS492,100.0,0.2491853982210159,0.0543525628745555,Fungal,CC1OC(CN2N=CN=C2)(C3=CC=C(OC4=CC=C(Cl)C=C4)C=C3Cl)OC1,plate_41002693/r13c23f08p01-ch6sk1fk1fl1.tiff,plate_41002693/r13c23f08p01-ch1sk1fk1fl1.tiff,plate_41002693/r13c23f08p01-ch2sk1fk1fl1.tiff,plate_41002693/r13c23f08p01-ch4sk1fk1fl1.tiff,plate_41002693/r13c23f08p01-ch3sk1fk1fl1.tiff,plate_41002693/r13c23f08p01-ch5sk1fk1fl1.tiff,100.0,Difenoconazole,test,0
p41002693_M24_s08,plate_41002693,p41002693_M24,8,Lomitapide (mesylate),OASIS1863,100.0,0.0212338436394929,0.5815288424491882,Microsomal Triglyceride Transfer Protein (MTP),O=C(C1(CCCCN2CCC(NC(C3=CC=CC=C3C4=CC=C(C(F)(F)F)C=C4)=O)CC2)C5=C(C6=C1C=CC=C6)C=CC=C5)NCC(F)(F)F.O=S(C)(O)=O,plate_41002693/r13c24f08p01-ch6sk1fk1fl1.tiff,plate_41002693/r13c24f08p01-ch1sk1fk1fl1.tiff,plate_41002693/r13c24f08p01-ch2sk1fk1fl1.tiff,plate_41002693/r13c24f08p01-ch4sk1fk1fl1.tiff,plate_41002693/r13c24f08p01-ch3sk1fk1fl1.tiff,plate_41002693/r13c24f08p01-ch5sk1fk1fl1.tiff,100.0,Lomitapide (mesylate),train,0
p41002693_N11_s08,plate_41002693,p41002693_N11,8,Fluazinam,OASIS557,100.0,0.0137395458295941,0.1499544829130172,Fungal,FC(C1=CN=C(NC2=C([N+]([O-])=O)C=C(C(F)(F)F)C(Cl)=C2[N+]([O-])=O)C(Cl)=C1)(F)F,plate_41002693/r14c11f08p01-ch6sk1fk1fl1.tiff,plate_41002693/r14c11f08p01-ch1sk1fk1fl1.tiff,plate_41002693/r14c11f08p01-ch2sk1fk1fl1.tiff,plate_41002693/r14c11f08p01-ch4sk1fk1fl1.tiff,plate_41002693/r14c11f08p01-ch3sk1fk1fl1.tiff,plate_41002693/r14c11f08p01-ch5sk1fk1fl1.tiff,100.0,Fluazinam,train,1
p41002693_N18_s08,plate_41002693,p41002693_N18,8,Siponimod,OASIS1805,100.0,0.884951651096344,-0.0330549031496048,LPL Receptor,O=C(C1CN(CC2=CC=C(/C(C)=N/OCC3=CC=C(C4CCCCC4)C(C(F)(F)F)=C3)C=C2CC)C1)O,plate_41002693/r14c18f08p01-ch6sk1fk1fl1.tiff,plate_41002693/r14c18f08p01-ch1sk1fk1fl1.tiff,plate_41002693/r14c18f08p01-ch2sk1fk1fl1.tiff,plate_41002693/r14c18f08p01-ch4sk1fk1fl1.tiff,plate_41002693/r14c18f08p01-ch3sk1fk1fl1.tiff,plate_41002693/r14c18f08p01-ch5sk1fk1fl1.tiff,100.0,Siponimod,train,1
p41002693_N19_s08,plate_41002693,p41002693_N19,8,Dirithromycin,OASIS1367,100.0,0.954898476600647,-0.0303234215825796,Antibiotic; Bacterial,CC1[C@@]([C@](O)([C@H](OC([C@@H]2C)=O)CC)C)([H])O[C@H](COCCOC)N[C@@]1([H])[C@](C[C@@](O)([C@@H]([C@@H](C)[C@]2([H])O[C@@](O[C@@H](C)[C@@H]3O)([H])C[C@@]3(C)OC)O[C@@](O[C@H](C)C[C@@H]4N(C)C)([H])[C@@H]4O)C)([H])C,plate_41002693/r14c19f08p01-ch6sk1fk1fl1.tiff,plate_41002693/r14c19f08p01-ch1sk1fk1fl1.tiff,plate_41002693/r14c19f08p01-ch2sk1fk1fl1.tiff,plate_41002693/r14c19f08p01-ch4sk1fk1fl1.tiff,plate_41002693/r14c19f08p01-ch3sk1fk1fl1.tiff,plate_41002693/r14c19f08p01-ch5sk1fk1fl1.tiff,100.0,Dirithromycin,train,0
p41002693_O10_s08,plate_41002693,p41002693_O10,8,Compound_4850ff1d,,100.0,0.0224828943610191,0.5132417678833008,,,plate_41002693/r15c10f08p01-ch6sk1fk1fl1.tiff,plate_41002693/r15c10f08p01-ch1sk1fk1fl1.tiff,plate_41002693/r15c10f08p01-ch2sk1fk1fl1.tiff,plate_41002693/r15c10f08p01-ch4sk1fk1fl1.tiff,plate_41002693/r15c10f08p01-ch3sk1fk1fl1.tiff,plate_41002693/r15c10f08p01-ch5sk1fk1fl1.tiff,100.0,Compound_4850ff1d,train,1
p41002693_O13_s08,plate_41002693,p41002693_O13,8,Cisapride,OASIS900,100.0,0.1523840576410293,0.1007877811789512,5-HT Receptor; Potassium Channel,ClC1=C(N)C=C(OC)C(C(N[C@H]2[C@@H](OC)CN(CCCOC3=CC=C(F)C=C3)CC2)=O)=C1,plate_41002693/r15c13f08p01-ch6sk1fk1fl1.tiff,plate_41002693/r15c13f08p01-ch1sk1fk1fl1.tiff,plate_41002693/r15c13f08p01-ch2sk1fk1fl1.tiff,plate_41002693/r15c13f08p01-ch4sk1fk1fl1.tiff,plate_41002693/r15c13f08p01-ch3sk1fk1fl1.tiff,plate_41002693/r15c13f08p01-ch5sk1fk1fl1.tiff,100.0,Cisapride,val,1
p41002693_O21_s08,plate_41002693,p41002693_O21,8,Valdecoxib,OASIS1240,100.0,0.4527804851531982,-0.0576382540166378,COX; Endogenous Metabolite,O=S(C1=CC=C(C2=C(C)ON=C2C3=CC=CC=C3)C=C1)(N)=O,plate_41002693/r15c21f08p01-ch6sk1fk1fl1.tiff,plate_41002693/r15c21f08p01-ch1sk1fk1fl1.tiff,plate_41002693/r15c21f08p01-ch2sk1fk1fl1.tiff,plate_41002693/r15c21f08p01-ch4sk1fk1fl1.tiff,plate_41002693/r15c21f08p01-ch3sk1fk1fl1.tiff,plate_41002693/r15c21f08p01-ch5sk1fk1fl1.tiff,100.0,Valdecoxib,val,1
p41002693_O24_s08,plate_41002693,p41002693_O24,8,Compound_66f5ba33,,100.0,0.0206093192100524,0.7044456005096436,,,plate_41002693/r15c24f08p01-ch6sk1fk1fl1.tiff,plate_41002693/r15c24f08p01-ch1sk1fk1fl1.tiff,plate_41002693/r15c24f08p01-ch2sk1fk1fl1.tiff,plate_41002693/r15c24f08p01-ch4sk1fk1fl1.tiff,plate_41002693/r15c24f08p01-ch3sk1fk1fl1.tiff,plate_41002693/r15c24f08p01-ch5sk1fk1fl1.tiff,100.0,Compound_66f5ba33,val,0
p41002693_P14_s08,plate_41002693,p41002693_P14,8,Paclitaxel,OASIS1549,100.0,0.5427120923995972,0.1800007969141006,ADC Cytotoxin; Apoptosis; Autophagy; Microtubule/Tubulin,O=C(C1=CC=CC=C1)N[C@@H](C2=CC=CC=C2)[C@H](C(O[C@@H]3C(C)=C([C@@H](OC(C)=O)C([C@@]4(C)[C@]([C@@](CO5)(OC(C)=O)[C@@]5([H])C[C@@H]4O)([H])[C@@H]6OC(C7=CC=CC=C7)=O)=O)C(C)(C)[C@@]6(O)C3)=O)O,plate_41002693/r16c14f08p01-ch6sk1fk1fl1.tiff,plate_41002693/r16c14f08p01-ch1sk1fk1fl1.tiff,plate_41002693/r16c14f08p01-ch2sk1fk1fl1.tiff,plate_41002693/r16c14f08p01-ch4sk1fk1fl1.tiff,plate_41002693/r16c14f08p01-ch3sk1fk1fl1.tiff,plate_41002693/r16c14f08p01-ch5sk1fk1fl1.tiff,100.0,Paclitaxel,train,1
p41002693_P19_s08,plate_41002693,p41002693_P19,8,Ferric maltol,OASIS1749,100.0,0.0131150214001536,0.5651399493217468,Others,CC1=C2[O-][Fe+3]([O-]C3=C4C)([O-]C5=C6C)(O=C5C=CO6)(O=C3C=CO4)O=C2C=CO1,plate_41002693/r16c19f08p01-ch6sk1fk1fl1.tiff,plate_41002693/r16c19f08p01-ch1sk1fk1fl1.tiff,plate_41002693/r16c19f08p01-ch2sk1fk1fl1.tiff,plate_41002693/r16c19f08p01-ch4sk1fk1fl1.tiff,plate_41002693/r16c19f08p01-ch3sk1fk1fl1.tiff,plate_41002693/r16c19f08p01-ch5sk1fk1fl1.tiff,100.0,Ferric maltol,val,0
p41002693_P23_s08,plate_41002693,p41002693_P23,8,Apixaban,OASIS1905,100.0,0.6032909750938416,0.1417600214481353,Factor Xa,NC(C1=NN(C2=C1CCN(C2=O)C3=CC=C(C=C3)N4CCCCC4=O)C5=CC=C(C=C5)OC)=O,plate_41002693/r16c23f08p01-ch6sk1fk1fl1.tiff,plate_41002693/r16c23f08p01-ch1sk1fk1fl1.tiff,plate_41002693/r16c23f08p01-ch2sk1fk1fl1.tiff,plate_41002693/r16c23f08p01-ch4sk1fk1fl1.tiff,plate_41002693/r16c23f08p01-ch3sk1fk1fl1.tiff,plate_41002693/r16c23f08p01-ch5sk1fk1fl1.tiff,100.0,Apixaban,train,0
p41002693_P24_s08,plate_41002693,p41002693_P24,8,Paliperidone,OASIS1369,100.0,0.2554306387901306,0.3356953561306,5-HT Receptor; Adrenergic Receptor; Dopamine Receptor; Drug Metabolite,CC1=C(C(N2CCCC(C2=N1)O)=O)CCN3CCC(CC3)C4=NOC5=C4C=CC(F)=C5,plate_41002693/r16c24f08p01-ch6sk1fk1fl1.tiff,plate_41002693/r16c24f08p01-ch1sk1fk1fl1.tiff,plate_41002693/r16c24f08p01-ch2sk1fk1fl1.tiff,plate_41002693/r16c24f08p01-ch4sk1fk1fl1.tiff,plate_41002693/r16c24f08p01-ch3sk1fk1fl1.tiff,plate_41002693/r16c24f08p01-ch5sk1fk1fl1.tiff,100.0,Paliperidone,val,0
p41002694_A20_s08,plate_41002694,p41002694_A20,8,control,,0.0,1.1941043138504028,0.2343568950891494,,,plate_41002694/r01c20f08p01-ch6sk1fk1fl1.tiff,plate_41002694/r01c20f08p01-ch1sk1fk1fl1.tiff,plate_41002694/r01c20f08p01-ch2sk1fk1fl1.tiff,plate_41002694/r01c20f08p01-ch4sk1fk1fl1.tiff,plate_41002694/r01c20f08p01-ch3sk1fk1fl1.tiff,plate_41002694/r01c20f08p01-ch5sk1fk1fl1.tiff,none,control,train,1
p41002694_C20_s08,plate_41002694,p41002694_C20,8,control,,0.0,0.9967734813690186,0.0828175470232963,,,plate_41002694/r03c20f08p01-ch6sk1fk1fl1.tiff,plate_41002694/r03c20f08p01-ch1sk1fk1fl1.tiff,plate_41002694/r03c20f08p01-ch2sk1fk1fl1.tiff,plate_41002694/r03c20f08p01-ch4sk1fk1fl1.tiff,plate_41002694/r03c20f08p01-ch3sk1fk1fl1.tiff,plate_41002694/r03c20f08p01-ch5sk1fk1fl1.tiff,none,control,val,0
p41002694_D12_s08,plate_41002694,p41002694_D12,8,control,,0.0,0.8513052463531494,0.0277123302221298,,,plate_41002694/r04c12f08p01-ch6sk1fk1fl1.tiff,plate_41002694/r04c12f08p01-ch1sk1fk1fl1.tiff,plate_41002694/r04c12f08p01-ch2sk1fk1fl1.tiff,plate_41002694/r04c12f08p01-ch4sk1fk1fl1.tiff,plate_41002694/r04c12f08p01-ch3sk1fk1fl1.tiff,plate_41002694/r04c12f08p01-ch5sk1fk1fl1.tiff,none,control,test,1
p41002694_D20_s08,plate_41002694,p41002694_D20,8,control,,0.0,0.974004566669464,0.0249570701271295,,,plate_41002694/r04c20f08p01-ch6sk1fk1fl1.tiff,plate_41002694/r04c20f08p01-ch1sk1fk1fl1.tiff,plate_41002694/r04c20f08p01-ch2sk1fk1fl1.tiff,plate_41002694/r04c20f08p01-ch4sk1fk1fl1.tiff,plate_41002694/r04c20f08p01-ch3sk1fk1fl1.tiff,plate_41002694/r04c20f08p01-ch5sk1fk1fl1.tiff,none,control,train,0
p41002694_E13_s08,plate_41002694,p41002694_E13,8,Carmustine,OASIS1398,1.0,0.907595157623291,-0.0136165833100676,DNA Alkylator/Crosslinker,O=C(NCCCl)N(CCCl)N=O,plate_41002694/r05c13f08p01-ch6sk1fk1fl1.tiff,plate_41002694/r05c13f08p01-ch1sk1fk1fl1.tiff,plate_41002694/r05c13f08p01-ch2sk1fk1fl1.tiff,plate_41002694/r05c13f08p01-ch4sk1fk1fl1.tiff,plate_41002694/r05c13f08p01-ch3sk1fk1fl1.tiff,plate_41002694/r05c13f08p01-ch5sk1fk1fl1.tiff,1.0,Carmustine,train,1
p41002694_E22_s08,plate_41002694,p41002694_E22,8,Benzonatate,OASIS1521,1.0,1.0644478797912598,-0.0053508006967604,Sodium Channel,O=C(OCCOCCOCCOCCOCCOCCOCCOCCOCCOC)C1=CC=C(NCCCC)C=C1,plate_41002694/r05c22f08p01-ch6sk1fk1fl1.tiff,plate_41002694/r05c22f08p01-ch1sk1fk1fl1.tiff,plate_41002694/r05c22f08p01-ch2sk1fk1fl1.tiff,plate_41002694/r05c22f08p01-ch4sk1fk1fl1.tiff,plate_41002694/r05c22f08p01-ch3sk1fk1fl1.tiff,plate_41002694/r05c22f08p01-ch5sk1fk1fl1.tiff,1.0,Benzonatate,train,1
p41002694_E23_s08,plate_41002694,p41002694_E23,8,Ifosfamide,OASIS1281,1.0,1.1099857091903689,0.0056702429428696,DNA Alkylator/Crosslinker,ClCCN1P(OCCC1)(NCCCl)=O,plate_41002694/r05c23f08p01-ch6sk1fk1fl1.tiff,plate_41002694/r05c23f08p01-ch1sk1fk1fl1.tiff,plate_41002694/r05c23f08p01-ch2sk1fk1fl1.tiff,plate_41002694/r05c23f08p01-ch4sk1fk1fl1.tiff,plate_41002694/r05c23f08p01-ch3sk1fk1fl1.tiff,plate_41002694/r05c23f08p01-ch5sk1fk1fl1.tiff,1.0,Ifosfamide,train,1
p41002694_F11_s08,plate_41002694,p41002694_F11,8,Mitoxantrone,OASIS1060,1.0,0.2068178504705429,0.3280357718467712,Apoptosis; Endogenous Metabolite; Orthopoxvirus; PKC; Topoisomerase,O=C1C2=C(C(NCCNCCO)=CC=C2NCCNCCO)C(C3=C(O)C=CC(O)=C13)=O,plate_41002694/r06c11f08p01-ch6sk1fk1fl1.tiff,plate_41002694/r06c11f08p01-ch1sk1fk1fl1.tiff,plate_41002694/r06c11f08p01-ch2sk1fk1fl1.tiff,plate_41002694/r06c11f08p01-ch4sk1fk1fl1.tiff,plate_41002694/r06c11f08p01-ch3sk1fk1fl1.tiff,plate_41002694/r06c11f08p01-ch5sk1fk1fl1.tiff,1.0,Mitoxantrone,test,0
p41002694_F18_s08,plate_41002694,p41002694_F18,8,Rapamycin,OASIS1120,1.0,0.6489146947860718,-0.0273928884416818,Antibiotic; Autophagy; Bacterial; Endogenous Metabolite; FKBP; Fungal; mTOR,O=C([C@@]1(O)[C@@H](CC[C@@H](C[C@@H](/C(C)=C/C=C/C=C/[C@H](C[C@@H](C)C([C@@H]([C@@H](/C(C)=C/[C@H]2C)O)OC)=O)C)OC)O1)C)C(N3CCCC[C@H]3C(O[C@@H](CC2=O)[C@@H](C[C@H]4C[C@H]([C@H](O)CC4)OC)C)=O)=O,plate_41002694/r06c18f08p01-ch6sk1fk1fl1.tiff,plate_41002694/r06c18f08p01-ch1sk1fk1fl1.tiff,plate_41002694/r06c18f08p01-ch2sk1fk1fl1.tiff,plate_41002694/r06c18f08p01-ch4sk1fk1fl1.tiff,plate_41002694/r06c18f08p01-ch3sk1fk1fl1.tiff,plate_41002694/r06c18f08p01-ch5sk1fk1fl1.tiff,1.0,Rapamycin,train,0
p41002694_G10_s08,plate_41002694,p41002694_G10,8,Ivermectin,OASIS1337,1.0,0.9721071124076844,-0.0466797165572643,Antibiotic; Autophagy; Bacterial; Dengue virus; Flavivirus; HIV; HSV; Mitophagy; Parasite; SARS-CoV,CO[C@H]1C[C@H](O[C@H]2[C@H](C)O[C@@H](O[C@H](/C(C)=C/C[C@@H]3C[C@H]4C[C@@]5(O[C@]([H])(C(C)C)[C@@H](C)CC5)O3)[C@@H](C)/C=C/C=C6CO[C@@]7([H])[C@]\6(O)[C@H](C(O4)=O)C=C(C)[C@H]7O)C[C@@H]2OC)O[C@@H](C)[C@@H]1O.CO[C@H]8C[C@H](O[C@H]9[C@H](C)O[C@@H](O[C@H](/C(C)=C/C[C@@H]%10C[C@H]%11C[C@@]%12(O[C@]([H])([C@@H](C)CC)[C@@H](C)CC%12)O%10)[C@@H](C)/C=C/C=C%13CO[C@@]%14([H])[C@]\%13(O)[C@H](C(O%11)=O)C=C(C)[C@H]%14O)C[C@@H]9OC)O[C@@H](C)[C@@H]8O,plate_41002694/r07c10f08p01-ch6sk1fk1fl1.tiff,plate_41002694/r07c10f08p01-ch1sk1fk1fl1.tiff,plate_41002694/r07c10f08p01-ch2sk1fk1fl1.tiff,plate_41002694/r07c10f08p01-ch4sk1fk1fl1.tiff,plate_41002694/r07c10f08p01-ch3sk1fk1fl1.tiff,plate_41002694/r07c10f08p01-ch5sk1fk1fl1.tiff,1.0,Ivermectin,train,1
p41002694_G11_s08,plate_41002694,p41002694_G11,8,Darifenacin,OASIS859,1.0,0.8949457406997681,-0.1210717633366584,mAChR,O=C(N)C(C1=CC=CC=C1)([C@H]2CN(CCC3=CC=C(OCC4)C4=C3)CC2)C5=CC=CC=C5,plate_41002694/r07c11f08p01-ch6sk1fk1fl1.tiff,plate_41002694/r07c11f08p01-ch1sk1fk1fl1.tiff,plate_41002694/r07c11f08p01-ch2sk1fk1fl1.tiff,plate_41002694/r07c11f08p01-ch4sk1fk1fl1.tiff,plate_41002694/r07c11f08p01-ch3sk1fk1fl1.tiff,plate_41002694/r07c11f08p01-ch5sk1fk1fl1.tiff,1.0,Darifenacin,train,0
p41002694_G15_s08,plate_41002694,p41002694_G15,8,Cephalothin,OASIS1000,1.0,0.8544676303863525,0.0111807649955153,Antibiotic; Bacterial; Beta-lactamase,O=C(C(N12)=C(COC(C)=O)CS[C@]2([H])[C@H](NC(CC3=CC=CS3)=O)C1=O)O,plate_41002694/r07c15f08p01-ch6sk1fk1fl1.tiff,plate_41002694/r07c15f08p01-ch1sk1fk1fl1.tiff,plate_41002694/r07c15f08p01-ch2sk1fk1fl1.tiff,plate_41002694/r07c15f08p01-ch4sk1fk1fl1.tiff,plate_41002694/r07c15f08p01-ch3sk1fk1fl1.tiff,plate_41002694/r07c15f08p01-ch5sk1fk1fl1.tiff,1.0,Cephalothin,train,1
p41002694_G16_s08,plate_41002694,p41002694_G16,8,Triheptanoin,OASIS1819,1.0,0.9132874011993408,-0.0081060621887445,Others,CCCCCCC(OCC(OC(CCCCCC)=O)COC(CCCCCC)=O)=O,plate_41002694/r07c16f08p01-ch6sk1fk1fl1.tiff,plate_41002694/r07c16f08p01-ch1sk1fk1fl1.tiff,plate_41002694/r07c16f08p01-ch2sk1fk1fl1.tiff,plate_41002694/r07c16f08p01-ch4sk1fk1fl1.tiff,plate_41002694/r07c16f08p01-ch3sk1fk1fl1.tiff,plate_41002694/r07c16f08p01-ch5sk1fk1fl1.tiff,1.0,Triheptanoin,val,1
p41002694_G18_s08,plate_41002694,p41002694_G18,8,Droperidol,OASIS1204,1.0,0.992346167564392,0.0194465480744838,Dopamine Receptor,O=C1NC2=CC=CC=C2N1C3=CCN(CCCC(C4=CC=C(F)C=C4)=O)CC3,plate_41002694/r07c18f08p01-ch6sk1fk1fl1.tiff,plate_41002694/r07c18f08p01-ch1sk1fk1fl1.tiff,plate_41002694/r07c18f08p01-ch2sk1fk1fl1.tiff,plate_41002694/r07c18f08p01-ch4sk1fk1fl1.tiff,plate_41002694/r07c18f08p01-ch3sk1fk1fl1.tiff,plate_41002694/r07c18f08p01-ch5sk1fk1fl1.tiff,1.0,Droperidol,train,1
p41002694_G19_s08,plate_41002694,p41002694_G19,8,Capsaicin,OASIS1503,1.0,0.9411160945892334,0.0029149819165468,Apoptosis; Autophagy; Endogenous Metabolite; TRP Channel,CC(C)/C=C/CCCCC(NCC1=CC=C(O)C(OC)=C1)=O,plate_41002694/r07c19f08p01-ch6sk1fk1fl1.tiff,plate_41002694/r07c19f08p01-ch1sk1fk1fl1.tiff,plate_41002694/r07c19f08p01-ch2sk1fk1fl1.tiff,plate_41002694/r07c19f08p01-ch4sk1fk1fl1.tiff,plate_41002694/r07c19f08p01-ch3sk1fk1fl1.tiff,plate_41002694/r07c19f08p01-ch5sk1fk1fl1.tiff,1.0,Capsaicin,train,1
p41002694_H22_s08,plate_41002694,p41002694_H22,8,control,,0.0,0.9879189133644104,-0.0411691926419734,,,plate_41002694/r08c22f08p01-ch6sk1fk1fl1.tiff,plate_41002694/r08c22f08p01-ch1sk1fk1fl1.tiff,plate_41002694/r08c22f08p01-ch2sk1fk1fl1.tiff,plate_41002694/r08c22f08p01-ch4sk1fk1fl1.tiff,plate_41002694/r08c22f08p01-ch3sk1fk1fl1.tiff,plate_41002694/r08c22f08p01-ch5sk1fk1fl1.tiff,none,control,test,1
p41002694_I14_s08,plate_41002694,p41002694_I14,8,Retinoic acid,OASIS140,1.0,0.9265692830085754,-0.0273928884416818,Autophagy; Endogenous Metabolite; Organoid; PPAR; RAR/RXR,CC1(C)C(/C=C/C(C)=C/C=C/C(C)=C/C(O)=O)=C(C)CCC1,plate_41002694/r09c14f08p01-ch6sk1fk1fl1.tiff,plate_41002694/r09c14f08p01-ch1sk1fk1fl1.tiff,plate_41002694/r09c14f08p01-ch2sk1fk1fl1.tiff,plate_41002694/r09c14f08p01-ch4sk1fk1fl1.tiff,plate_41002694/r09c14f08p01-ch3sk1fk1fl1.tiff,plate_41002694/r09c14f08p01-ch5sk1fk1fl1.tiff,1.0,Retinoic acid,test,1
p41002694_J15_s08,plate_41002694,p41002694_J15,8,Chlormezanone,OASIS040,1.0,0.9208770394325256,-0.1100507155060768,GABA Receptor,O=C(CC1)N(C)C(C2=CC=C(Cl)C=C2)S1(=O)=O,plate_41002694/r10c15f08p01-ch6sk1fk1fl1.tiff,plate_41002694/r10c15f08p01-ch1sk1fk1fl1.tiff,plate_41002694/r10c15f08p01-ch2sk1fk1fl1.tiff,plate_41002694/r10c15f08p01-ch4sk1fk1fl1.tiff,plate_41002694/r10c15f08p01-ch3sk1fk1fl1.tiff,plate_41002694/r10c15f08p01-ch5sk1fk1fl1.tiff,1.0,Chlormezanone,train,1
p41002694_J16_s08,plate_41002694,p41002694_J16,8,Deoxycholic acid,OASIS1721,1.0,0.9189795851707458,-0.0246376283466815,Endogenous Metabolite; G protein-coupled Bile Acid Receptor 1,C[C@@]1([C@@]2([H])[C@H](C)CCC(O)=O)[C@](CC2)([H])[C@@](CC[C@@]3([H])[C@@]4(CC[C@@H](O)C3)C)([H])[C@]4([H])C[C@@H]1O,plate_41002694/r10c16f08p01-ch6sk1fk1fl1.tiff,plate_41002694/r10c16f08p01-ch1sk1fk1fl1.tiff,plate_41002694/r10c16f08p01-ch2sk1fk1fl1.tiff,plate_41002694/r10c16f08p01-ch4sk1fk1fl1.tiff,plate_41002694/r10c16f08p01-ch3sk1fk1fl1.tiff,plate_41002694/r10c16f08p01-ch5sk1fk1fl1.tiff,1.0,Deoxycholic acid,train,1
p41002694_J22_s08,plate_41002694,p41002694_J22,8,Compound_567dbb1e,,1.0,1.0992337465286257,-0.0329034104943275,,,plate_41002694/r10c22f08p01-ch6sk1fk1fl1.tiff,plate_41002694/r10c22f08p01-ch1sk1fk1fl1.tiff,plate_41002694/r10c22f08p01-ch2sk1fk1fl1.tiff,plate_41002694/r10c22f08p01-ch4sk1fk1fl1.tiff,plate_41002694/r10c22f08p01-ch3sk1fk1fl1.tiff,plate_41002694/r10c22f08p01-ch5sk1fk1fl1.tiff,1.0,Compound_567dbb1e,test,0
p41002694_K10_s08,plate_41002694,p41002694_K10,8,Lapatinib,OASIS1355,1.0,0.8993730545043945,-0.0632112771272659,Autophagy; EGFR; Ferroptosis,O=S(CCNCC1=CC=C(C2=CC=C3C(C(NC4=CC(Cl)=C(C=C4)OCC5=CC(F)=CC=C5)=NC=N3)=C2)O1)(C)=O,plate_41002694/r11c10f08p01-ch6sk1fk1fl1.tiff,plate_41002694/r11c10f08p01-ch1sk1fk1fl1.tiff,plate_41002694/r11c10f08p01-ch2sk1fk1fl1.tiff,plate_41002694/r11c10f08p01-ch4sk1fk1fl1.tiff,plate_41002694/r11c10f08p01-ch3sk1fk1fl1.tiff,plate_41002694/r11c10f08p01-ch5sk1fk1fl1.tiff,1.0,Lapatinib,test,1
p41002694_K13_s08,plate_41002694,p41002694_K13,8,Olmesartan,OASIS831,1.0,0.9272017478942872,-0.0632112771272659,Angiotensin Receptor,O=C(O)C1=C(N=C(N1CC2=CC=C(C=C2)C3=CC=CC=C3C4=NN=NN4)CCC)C(O)(C)C,plate_41002694/r11c13f08p01-ch6sk1fk1fl1.tiff,plate_41002694/r11c13f08p01-ch1sk1fk1fl1.tiff,plate_41002694/r11c13f08p01-ch2sk1fk1fl1.tiff,plate_41002694/r11c13f08p01-ch4sk1fk1fl1.tiff,plate_41002694/r11c13f08p01-ch3sk1fk1fl1.tiff,plate_41002694/r11c13f08p01-ch5sk1fk1fl1.tiff,1.0,Olmesartan,test,0
p41002694_K19_s08,plate_41002694,p41002694_K19,8,Dapagliflozin,OASIS1775,1.0,0.9297316074371338,-0.0163718443363904,SGLT,O[C@H]1[C@H](C2=CC(CC3=CC=C(OCC)C=C3)=C(Cl)C=C2)O[C@H](CO)[C@@H](O)[C@@H]1O,plate_41002694/r11c19f08p01-ch6sk1fk1fl1.tiff,plate_41002694/r11c19f08p01-ch1sk1fk1fl1.tiff,plate_41002694/r11c19f08p01-ch2sk1fk1fl1.tiff,plate_41002694/r11c19f08p01-ch4sk1fk1fl1.tiff,plate_41002694/r11c19f08p01-ch3sk1fk1fl1.tiff,plate_41002694/r11c19f08p01-ch5sk1fk1fl1.tiff,1.0,Dapagliflozin,train,0
p41002694_K21_s08,plate_41002694,p41002694_K21,8,Thalidomide,OASIS1517,1.0,1.0252346992492676,-0.0053508006967604,Autophagy; Ligands for E3 Ligase,O=C1N(C2CCC(NC2=O)=O)C(C3=CC=CC=C31)=O,plate_41002694/r11c21f08p01-ch6sk1fk1fl1.tiff,plate_41002694/r11c21f08p01-ch1sk1fk1fl1.tiff,plate_41002694/r11c21f08p01-ch2sk1fk1fl1.tiff,plate_41002694/r11c21f08p01-ch4sk1fk1fl1.tiff,plate_41002694/r11c21f08p01-ch3sk1fk1fl1.tiff,plate_41002694/r11c21f08p01-ch5sk1fk1fl1.tiff,1.0,Thalidomide,test,1
p41002694_K22_s08,plate_41002694,p41002694_K22,8,Panobinostat,OASIS1808,1.0,0.7102643251419067,0.0828175470232963,Apoptosis; Autophagy; HDAC; HIV,O=C(/C=C/C1=CC=C(CNCCC2=C(NC3=C2C=CC=C3)C)C=C1)NO,plate_41002694/r11c22f08p01-ch6sk1fk1fl1.tiff,plate_41002694/r11c22f08p01-ch1sk1fk1fl1.tiff,plate_41002694/r11c22f08p01-ch2sk1fk1fl1.tiff,plate_41002694/r11c22f08p01-ch4sk1fk1fl1.tiff,plate_41002694/r11c22f08p01-ch3sk1fk1fl1.tiff,plate_41002694/r11c22f08p01-ch5sk1fk1fl1.tiff,1.0,Panobinostat,val,0
p41002694_L16_s08,plate_41002694,p41002694_L16,8,Sorafenib,OASIS1340,1.0,0.8051349520683289,-0.0191271062940359,Apoptosis; Autophagy; Ferroptosis; FLT3; Raf; VEGFR,O=C(NC(C=C1)=CC=C1OC2=CC(C(NC)=O)=NC=C2)NC3=CC=C(Cl)C(C(F)(F)F)=C3,plate_41002694/r12c16f08p01-ch6sk1fk1fl1.tiff,plate_41002694/r12c16f08p01-ch1sk1fk1fl1.tiff,plate_41002694/r12c16f08p01-ch2sk1fk1fl1.tiff,plate_41002694/r12c16f08p01-ch4sk1fk1fl1.tiff,plate_41002694/r12c16f08p01-ch3sk1fk1fl1.tiff,plate_41002694/r12c16f08p01-ch5sk1fk1fl1.tiff,1.0,Sorafenib,test,1
p41002694_L18_s08,plate_41002694,p41002694_L18,8,Lercanidipine,OASIS861,1.0,0.9872864484786988,-0.0356586724519729,Apoptosis; Calcium Channel; NF-κB; p38 MAPK; Reactive Oxygen Species,O=C(C1=C(C)NC(C)=C(C(OC)=O)C1C2=CC=CC([N+]([O-])=O)=C2)OC(C)(C)CN(CCC(C3=CC=CC=C3)C4=CC=CC=C4)C,plate_41002694/r12c18f08p01-ch6sk1fk1fl1.tiff,plate_41002694/r12c18f08p01-ch1sk1fk1fl1.tiff,plate_41002694/r12c18f08p01-ch2sk1fk1fl1.tiff,plate_41002694/r12c18f08p01-ch4sk1fk1fl1.tiff,plate_41002694/r12c18f08p01-ch3sk1fk1fl1.tiff,plate_41002694/r12c18f08p01-ch5sk1fk1fl1.tiff,1.0,Lercanidipine,test,1
p41002694_M10_s08,plate_41002694,p41002694_M10,8,Raltegravir,OASIS869,1.0,0.970842182636261,-0.1045401915907859,HIV; HIV Integrase,O=C(C(O)=C(C(NCC1=CC=C(C=C1)F)=O)N=C2C(C)(C)NC(C3=NN=C(C)O3)=O)N2C,plate_41002694/r13c10f08p01-ch6sk1fk1fl1.tiff,plate_41002694/r13c10f08p01-ch1sk1fk1fl1.tiff,plate_41002694/r13c10f08p01-ch2sk1fk1fl1.tiff,plate_41002694/r13c10f08p01-ch4sk1fk1fl1.tiff,plate_41002694/r13c10f08p01-ch3sk1fk1fl1.tiff,plate_41002694/r13c10f08p01-ch5sk1fk1fl1.tiff,1.0,Raltegravir,test,0
p41002694_M19_s08,plate_41002694,p41002694_M19,8,Sulfasalazine,OASIS018,1.0,1.0695075988769531,-0.0632112771272659,Antibiotic; Apoptosis; Autophagy; Bacterial; Ferroptosis; NF-κB,OC(C1=C(O)C=CC(/N=N/C2=CC=C(S(=O)(NC3=NC=CC=C3)=O)C=C2)=C1)=O,plate_41002694/r13c19f08p01-ch6sk1fk1fl1.tiff,plate_41002694/r13c19f08p01-ch1sk1fk1fl1.tiff,plate_41002694/r13c19f08p01-ch2sk1fk1fl1.tiff,plate_41002694/r13c19f08p01-ch4sk1fk1fl1.tiff,plate_41002694/r13c19f08p01-ch3sk1fk1fl1.tiff,plate_41002694/r13c19f08p01-ch5sk1fk1fl1.tiff,1.0,Sulfasalazine,train,0
p41002694_M19_s08,plate_41002694,p41002694_M19,8,Sulfasalazine,OASIS018,1.0,1.0695075988769531,-0.0632112771272659,Antibiotic; Apoptosis; Autophagy; Bacterial; Ferroptosis; NF-κB,OC(C1=C(O)C=CC(/N=N/C2=CC=C(S(=O)(NC3=NC=CC=C3)=O)C=C2)=C1)=O,plate_41002694/r13c19f08p01-ch6sk1fk1fl1.tiff,plate_41002694/r13c19f08p01-ch1sk1fk1fl1.tiff,plate_41002694/r13c19f08p01-ch2sk1fk1fl1.tiff,plate_41002694/r13c19f08p01-ch4sk1fk1fl1.tiff,plate_41002694/r13c19f08p01-ch3sk1fk1fl1.tiff,plate_41002694/r13c19f08p01-ch5sk1fk1fl1.tiff,1.0,Sulfasalazine,train,0
p41002694_M22_s08,plate_41002694,p41002694_M22,8,Famotidine,OASIS1103,1.0,1.0296618938446045,-0.0687218010425567,Histamine Receptor,N=C(NS(=O)(N)=O)CCSCC1=CSC(NC(N)=N)=N1,plate_41002694/r13c22f08p01-ch6sk1fk1fl1.tiff,plate_41002694/r13c22f08p01-ch1sk1fk1fl1.tiff,plate_41002694/r13c22f08p01-ch2sk1fk1fl1.tiff,plate_41002694/r13c22f08p01-ch4sk1fk1fl1.tiff,plate_41002694/r13c22f08p01-ch3sk1fk1fl1.tiff,plate_41002694/r13c22f08p01-ch5sk1fk1fl1.tiff,1.0,Famotidine,train,1
p41002694_N14_s08,plate_41002694,p41002694_N14,8,Compound_e48ed218,,1.0,0.0404781103134155,0.3445673286914825,,,plate_41002694/r14c14f08p01-ch6sk1fk1fl1.tiff,plate_41002694/r14c14f08p01-ch1sk1fk1fl1.tiff,plate_41002694/r14c14f08p01-ch2sk1fk1fl1.tiff,plate_41002694/r14c14f08p01-ch4sk1fk1fl1.tiff,plate_41002694/r14c14f08p01-ch3sk1fk1fl1.tiff,plate_41002694/r14c14f08p01-ch5sk1fk1fl1.tiff,1.0,Compound_e48ed218,train,0
p41002694_N15_s08,plate_41002694,p41002694_N15,8,Griseofulvin,OASIS073,1.0,1.0094228982925415,-0.0962744131684303,Antibiotic; Apoptosis; Endogenous Metabolite; Fungal,O=C1[C@]2(C(OC)=CC(C[C@H]2C)=O)OC3=C(Cl)C(OC)=CC(OC)=C13,plate_41002694/r14c15f08p01-ch6sk1fk1fl1.tiff,plate_41002694/r14c15f08p01-ch1sk1fk1fl1.tiff,plate_41002694/r14c15f08p01-ch2sk1fk1fl1.tiff,plate_41002694/r14c15f08p01-ch4sk1fk1fl1.tiff,plate_41002694/r14c15f08p01-ch3sk1fk1fl1.tiff,plate_41002694/r14c15f08p01-ch5sk1fk1fl1.tiff,1.0,Griseofulvin,train,1
p41002694_N16_s08,plate_41002694,p41002694_N16,8,Compound_59cfb866,,1.0,0.911389946937561,-0.0659665390849113,,,plate_41002694/r14c16f08p01-ch6sk1fk1fl1.tiff,plate_41002694/r14c16f08p01-ch1sk1fk1fl1.tiff,plate_41002694/r14c16f08p01-ch2sk1fk1fl1.tiff,plate_41002694/r14c16f08p01-ch4sk1fk1fl1.tiff,plate_41002694/r14c16f08p01-ch3sk1fk1fl1.tiff,plate_41002694/r14c16f08p01-ch5sk1fk1fl1.tiff,1.0,Compound_59cfb866,train,0
p41002694_N17_s08,plate_41002694,p41002694_N17,8,Alpelisib,OASIS1957,1.0,1.033456802368164,-0.0329034104943275,PI3K,CC(N=C(S1)NC(N2CCC[C@H]2C(N)=O)=O)=C1C3=CC(C(C)(C(F)(F)F)C)=NC=C3,plate_41002694/r14c17f08p01-ch6sk1fk1fl1.tiff,plate_41002694/r14c17f08p01-ch1sk1fk1fl1.tiff,plate_41002694/r14c17f08p01-ch2sk1fk1fl1.tiff,plate_41002694/r14c17f08p01-ch4sk1fk1fl1.tiff,plate_41002694/r14c17f08p01-ch3sk1fk1fl1.tiff,plate_41002694/r14c17f08p01-ch5sk1fk1fl1.tiff,1.0,Alpelisib,train,0
p41002694_N18_s08,plate_41002694,p41002694_N18,8,Compound_88f6068e,,1.0,1.0619179010391235,-0.0797428488731384,,,plate_41002694/r14c18f08p01-ch6sk1fk1fl1.tiff,plate_41002694/r14c18f08p01-ch1sk1fk1fl1.tiff,plate_41002694/r14c18f08p01-ch2sk1fk1fl1.tiff,plate_41002694/r14c18f08p01-ch4sk1fk1fl1.tiff,plate_41002694/r14c18f08p01-ch3sk1fk1fl1.tiff,plate_41002694/r14c18f08p01-ch5sk1fk1fl1.tiff,1.0,Compound_88f6068e,train,0
p41002694_N22_s08,plate_41002694,p41002694_N22,8,Umbralisib,OASIS1859,1.0,1.1416091918945312,-0.0025955399032682,Casein Kinase; PI3K,O=C1C(C2=CC=CC(F)=C2)=C([C@@H](N3N=C(C4=CC=C(OC(C)C)C(F)=C4)C5=C(N)N=CN=C53)C)OC6=CC=C(F)C=C16,plate_41002694/r14c22f08p01-ch6sk1fk1fl1.tiff,plate_41002694/r14c22f08p01-ch1sk1fk1fl1.tiff,plate_41002694/r14c22f08p01-ch2sk1fk1fl1.tiff,plate_41002694/r14c22f08p01-ch4sk1fk1fl1.tiff,plate_41002694/r14c22f08p01-ch3sk1fk1fl1.tiff,plate_41002694/r14c22f08p01-ch5sk1fk1fl1.tiff,1.0,Umbralisib,train,0
p41002694_O17_s08,plate_41002694,p41002694_O17,8,Plicamycin,OASIS1215,1.0,0.1536903232336044,0.3969172835350036,Antibiotic; Bacterial; DNA/RNA Synthesis; Glutathione S-transferase,O=C([C@H]([C@@]([C@H](OC)C([C@@H](O)[C@H](O)C)=O)([H])C1)O[C@@](O[C@H](C)[C@H]2O)([H])C[C@H]2O[C@@](O[C@H](C)[C@@H]3O)([H])C[C@H]3O[C@@](O[C@H](C)[C@H]4O)([H])C[C@@]4(O)C)C(C1=CC5=CC(O[C@H](O[C@H](C)[C@H]6O)C[C@H]6O[C@@](O[C@H](C)[C@H]7O)([H])C[C@H]7O)=C(C)C(O)=C85)=C8O,plate_41002694/r15c17f08p01-ch6sk1fk1fl1.tiff,plate_41002694/r15c17f08p01-ch1sk1fk1fl1.tiff,plate_41002694/r15c17f08p01-ch2sk1fk1fl1.tiff,plate_41002694/r15c17f08p01-ch4sk1fk1fl1.tiff,plate_41002694/r15c17f08p01-ch3sk1fk1fl1.tiff,plate_41002694/r15c17f08p01-ch5sk1fk1fl1.tiff,1.0,Plicamycin,train,0
p41002695_A22_s08,plate_41002695,p41002695_A22,8,Istradefylline,OASIS1891,11.0,0.6648803949356079,0.2165001779794693,Adenosine Receptor,O=C1C2=C(N=C(/C=C/C3=CC(OC)=C(OC)C=C3)N2C)N(CC)C(N1CC)=O,plate_41002695/r01c22f08p01-ch6sk1fk1fl1.tiff,plate_41002695/r01c22f08p01-ch1sk1fk1fl1.tiff,plate_41002695/r01c22f08p01-ch2sk1fk1fl1.tiff,plate_41002695/r01c22f08p01-ch4sk1fk1fl1.tiff,plate_41002695/r01c22f08p01-ch3sk1fk1fl1.tiff,plate_41002695/r01c22f08p01-ch5sk1fk1fl1.tiff,11.0,Istradefylline,test,1
p41002695_C12_s08,plate_41002695,p41002695_C12,8,control,,0.0,1.0306220054626465,-0.0169140789657831,,,plate_41002695/r03c12f08p01-ch6sk1fk1fl1.tiff,plate_41002695/r03c12f08p01-ch1sk1fk1fl1.tiff,plate_41002695/r03c12f08p01-ch2sk1fk1fl1.tiff,plate_41002695/r03c12f08p01-ch4sk1fk1fl1.tiff,plate_41002695/r03c12f08p01-ch3sk1fk1fl1.tiff,plate_41002695/r03c12f08p01-ch5sk1fk1fl1.tiff,none,control,train,0
p41002695_E11_s08,plate_41002695,p41002695_E11,8,Tivozanib,OASIS1776,11.0,0.6143540740013123,-0.0581048280000686,VEGFR,O=C(NC1=CC=C(C=C1Cl)OC2=CC=NC3=CC(OC)=C(C=C23)OC)NC4=NOC(C)=C4,plate_41002695/r05c11f08p01-ch6sk1fk1fl1.tiff,plate_41002695/r05c11f08p01-ch1sk1fk1fl1.tiff,plate_41002695/r05c11f08p01-ch2sk1fk1fl1.tiff,plate_41002695/r05c11f08p01-ch4sk1fk1fl1.tiff,plate_41002695/r05c11f08p01-ch3sk1fk1fl1.tiff,plate_41002695/r05c11f08p01-ch5sk1fk1fl1.tiff,11.0,Tivozanib,train,1
p41002695_E16_s08,plate_41002695,p41002695_E16,8,β-Naphthoflavone,OASIS330,11.0,0.9732057452201844,-0.0141680277884006,Apoptosis; Aryl Hydrocarbon Receptor,O=C1C2=C3C=CC=CC3=CC=C2OC(C4=CC=CC=C4)=C1,plate_41002695/r05c16f08p01-ch6sk1fk1fl1.tiff,plate_41002695/r05c16f08p01-ch1sk1fk1fl1.tiff,plate_41002695/r05c16f08p01-ch2sk1fk1fl1.tiff,plate_41002695/r05c16f08p01-ch4sk1fk1fl1.tiff,plate_41002695/r05c16f08p01-ch3sk1fk1fl1.tiff,plate_41002695/r05c16f08p01-ch5sk1fk1fl1.tiff,11.0,β-Naphthoflavone,train,0
p41002695_E19_s08,plate_41002695,p41002695_E19,8,Irinotecan,OASIS744,11.0,0.9531100392341614,0.0380069240927696,Autophagy; Topoisomerase,O=C(N1CCC(N2CCCCC2)CC1)OC3=CC=C4N=C5C(CN6C(C(COC([C@@]7(CC)O)=O)=C7C=C65)=O)=C(CC)C4=C3,plate_41002695/r05c19f08p01-ch6sk1fk1fl1.tiff,plate_41002695/r05c19f08p01-ch1sk1fk1fl1.tiff,plate_41002695/r05c19f08p01-ch2sk1fk1fl1.tiff,plate_41002695/r05c19f08p01-ch4sk1fk1fl1.tiff,plate_41002695/r05c19f08p01-ch3sk1fk1fl1.tiff,plate_41002695/r05c19f08p01-ch5sk1fk1fl1.tiff,11.0,Irinotecan,test,0
p41002695_E21_s08,plate_41002695,p41002695_E21,8,Gabapentin enacarbil,OASIS1791,11.0,1.020287036895752,-0.0828192830085754,Calcium Channel,O=C(O)CC1(CNC(OC(OC(C(C)C)=O)C)=O)CCCCC1,plate_41002695/r05c21f08p01-ch6sk1fk1fl1.tiff,plate_41002695/r05c21f08p01-ch1sk1fk1fl1.tiff,plate_41002695/r05c21f08p01-ch2sk1fk1fl1.tiff,plate_41002695/r05c21f08p01-ch4sk1fk1fl1.tiff,plate_41002695/r05c21f08p01-ch3sk1fk1fl1.tiff,plate_41002695/r05c21f08p01-ch5sk1fk1fl1.tiff,11.0,Gabapentin enacarbil,test,1
p41002695_E22_s08,plate_41002695,p41002695_E22,8,Macitentan,OASIS1840,11.0,1.0271769762039185,-0.0196601282805204,Apoptosis; Endothelin Receptor,BrC1=CN=C(OCCOC2=C(C3=CC=C(Br)C=C3)C(NS(NCCC)(=O)=O)=NC=N2)N=C1,plate_41002695/r05c22f08p01-ch6sk1fk1fl1.tiff,plate_41002695/r05c22f08p01-ch1sk1fk1fl1.tiff,plate_41002695/r05c22f08p01-ch2sk1fk1fl1.tiff,plate_41002695/r05c22f08p01-ch4sk1fk1fl1.tiff,plate_41002695/r05c22f08p01-ch3sk1fk1fl1.tiff,plate_41002695/r05c22f08p01-ch5sk1fk1fl1.tiff,11.0,Macitentan,test,1
p41002695_E23_s08,plate_41002695,p41002695_E23,8,Etravirine,OASIS886,11.0,1.054736852645874,-0.0224061775952577,HIV; Reverse Transcriptase,N#CC1=CC(C)=C(C(C)=C1)OC2=NC(NC3=CC=C(C=C3)C#N)=NC(N)=C2Br,plate_41002695/r05c23f08p01-ch6sk1fk1fl1.tiff,plate_41002695/r05c23f08p01-ch1sk1fk1fl1.tiff,plate_41002695/r05c23f08p01-ch2sk1fk1fl1.tiff,plate_41002695/r05c23f08p01-ch4sk1fk1fl1.tiff,plate_41002695/r05c23f08p01-ch3sk1fk1fl1.tiff,plate_41002695/r05c23f08p01-ch5sk1fk1fl1.tiff,11.0,Etravirine,train,0
p41002695_F14_s08,plate_41002695,p41002695_F14,8,Oseltamivir,OASIS1570,11.0,0.920382797718048,0.0160385221242904,Influenza Virus,O=C(OCC)C1=C[C@H]([C@@H]([C@H](C1)N)NC(C)=O)OC(CC)CC,plate_41002695/r06c14f08p01-ch6sk1fk1fl1.tiff,plate_41002695/r06c14f08p01-ch1sk1fk1fl1.tiff,plate_41002695/r06c14f08p01-ch2sk1fk1fl1.tiff,plate_41002695/r06c14f08p01-ch4sk1fk1fl1.tiff,plate_41002695/r06c14f08p01-ch3sk1fk1fl1.tiff,plate_41002695/r06c14f08p01-ch5sk1fk1fl1.tiff,11.0,Oseltamivir,train,0
p41002695_F15_s08,plate_41002695,p41002695_F15,8,Edoxaban (tosylate),OASIS1737,11.0,0.961722493171692,-0.0196601282805204,Factor Xa; Thrombin,O=C(N(C)C)[C@@H](CC1)C[C@H]([C@H]1NC(C(NC(C=C2)=NC=C2Cl)=O)=O)NC(C3=NC(CC4)=C(CN4C)S3)=O.O=S(C5=CC=C(C)C=C5)(O)=O,plate_41002695/r06c15f08p01-ch6sk1fk1fl1.tiff,plate_41002695/r06c15f08p01-ch1sk1fk1fl1.tiff,plate_41002695/r06c15f08p01-ch2sk1fk1fl1.tiff,plate_41002695/r06c15f08p01-ch4sk1fk1fl1.tiff,plate_41002695/r06c15f08p01-ch3sk1fk1fl1.tiff,plate_41002695/r06c15f08p01-ch5sk1fk1fl1.tiff,11.0,Edoxaban (tosylate),test,1
p41002695_F24_s08,plate_41002695,p41002695_F24,8,Amodiaquine,OASIS791,11.0,0.2509090900421142,0.1396107822656631,Histone Methyltransferase; Nuclear Hormone Receptor 4A/NR4A; Parasite,OC1=CC=C(NC2=CC=NC3=CC(Cl)=CC=C23)C=C1CN(CC)CC,plate_41002695/r06c24f08p01-ch6sk1fk1fl1.tiff,plate_41002695/r06c24f08p01-ch1sk1fk1fl1.tiff,plate_41002695/r06c24f08p01-ch2sk1fk1fl1.tiff,plate_41002695/r06c24f08p01-ch4sk1fk1fl1.tiff,plate_41002695/r06c24f08p01-ch3sk1fk1fl1.tiff,plate_41002695/r06c24f08p01-ch5sk1fk1fl1.tiff,11.0,Amodiaquine,train,1
p41002695_G10_s08,plate_41002695,p41002695_G10,8,Bifenazate,OASIS411,11.0,1.0271769762039185,-0.0800732299685478,GABA Receptor,COC1=CC=C(C2=CC=CC=C2)C=C1NNC(OC(C)C)=O,plate_41002695/r07c10f08p01-ch6sk1fk1fl1.tiff,plate_41002695/r07c10f08p01-ch1sk1fk1fl1.tiff,plate_41002695/r07c10f08p01-ch2sk1fk1fl1.tiff,plate_41002695/r07c10f08p01-ch4sk1fk1fl1.tiff,plate_41002695/r07c10f08p01-ch3sk1fk1fl1.tiff,plate_41002695/r07c10f08p01-ch5sk1fk1fl1.tiff,11.0,Bifenazate,train,1
p41002695_G11_s08,plate_41002695,p41002695_G11,8,Telaprevir,OASIS980,11.0,0.9146411418914796,-0.1020416319370269,HCV; HCV Protease; SARS-CoV,O=C(N([C@@H]1C(N[C@H](C(C(NC2CC2)=O)=O)CCC)=O)C[C@@]3(CCC[C@@]31[H])[H])[C@@H](NC([C@@H](NC(C4=NC=CN=C4)=O)C5CCCCC5)=O)C(C)(C)C,plate_41002695/r07c11f08p01-ch6sk1fk1fl1.tiff,plate_41002695/r07c11f08p01-ch1sk1fk1fl1.tiff,plate_41002695/r07c11f08p01-ch2sk1fk1fl1.tiff,plate_41002695/r07c11f08p01-ch4sk1fk1fl1.tiff,plate_41002695/r07c11f08p01-ch3sk1fk1fl1.tiff,plate_41002695/r07c11f08p01-ch5sk1fk1fl1.tiff,11.0,Telaprevir,train,0
p41002695_G22_s08,plate_41002695,p41002695_G22,8,Nifurtimox,OASIS1788,11.0,1.1523444652557373,-0.0086759282276034,Lactate Dehydrogenase; Parasite,O=S1(CC(C)N(/N=C/C2=CC=C([N+]([O-])=O)O2)CC1)=O,plate_41002695/r07c22f08p01-ch6sk1fk1fl1.tiff,plate_41002695/r07c22f08p01-ch1sk1fk1fl1.tiff,plate_41002695/r07c22f08p01-ch2sk1fk1fl1.tiff,plate_41002695/r07c22f08p01-ch4sk1fk1fl1.tiff,plate_41002695/r07c22f08p01-ch3sk1fk1fl1.tiff,plate_41002695/r07c22f08p01-ch5sk1fk1fl1.tiff,11.0,Nifurtimox,test,0
p41002695_H10_s08,plate_41002695,p41002695_H10,8,control,,0.0,0.9502392411231996,-0.0141680277884006,,,plate_41002695/r08c10f08p01-ch6sk1fk1fl1.tiff,plate_41002695/r08c10f08p01-ch1sk1fk1fl1.tiff,plate_41002695/r08c10f08p01-ch2sk1fk1fl1.tiff,plate_41002695/r08c10f08p01-ch4sk1fk1fl1.tiff,plate_41002695/r08c10f08p01-ch3sk1fk1fl1.tiff,plate_41002695/r08c10f08p01-ch5sk1fk1fl1.tiff,none,control,val,1
p41002695_H16_s08,plate_41002695,p41002695_H16,8,control,,0.0,0.8962679505348206,-0.0361364297568798,,,plate_41002695/r08c16f08p01-ch6sk1fk1fl1.tiff,plate_41002695/r08c16f08p01-ch1sk1fk1fl1.tiff,plate_41002695/r08c16f08p01-ch2sk1fk1fl1.tiff,plate_41002695/r08c16f08p01-ch4sk1fk1fl1.tiff,plate_41002695/r08c16f08p01-ch3sk1fk1fl1.tiff,plate_41002695/r08c16f08p01-ch5sk1fk1fl1.tiff,none,control,test,0
p41002695_I14_s08,plate_41002695,p41002695_I14,8,Dasatinib,OASIS1044,11.0,0.4943540692329407,0.0187845733016729,Apoptosis; Autophagy; Bcr-Abl; Src,O=C(C1=CN=C(S1)NC2=NC(C)=NC(N3CCN(CC3)CCO)=C2)NC4=C(C=CC=C4Cl)C,plate_41002695/r09c14f08p01-ch6sk1fk1fl1.tiff,plate_41002695/r09c14f08p01-ch1sk1fk1fl1.tiff,plate_41002695/r09c14f08p01-ch2sk1fk1fl1.tiff,plate_41002695/r09c14f08p01-ch4sk1fk1fl1.tiff,plate_41002695/r09c14f08p01-ch3sk1fk1fl1.tiff,plate_41002695/r09c14f08p01-ch5sk1fk1fl1.tiff,11.0,Dasatinib,train,0
p41002695_I19_s08,plate_41002695,p41002695_I19,8,Dantrolene,OASIS069,11.0,0.9410526156425476,-0.0169140789657831,Autophagy; Calcium Channel,O=C1NC(CN1/N=C/C2=CC=C(C3=CC=C([N+]([O-])=O)C=C3)O2)=O,plate_41002695/r09c19f08p01-ch6sk1fk1fl1.tiff,plate_41002695/r09c19f08p01-ch1sk1fk1fl1.tiff,plate_41002695/r09c19f08p01-ch2sk1fk1fl1.tiff,plate_41002695/r09c19f08p01-ch4sk1fk1fl1.tiff,plate_41002695/r09c19f08p01-ch3sk1fk1fl1.tiff,plate_41002695/r09c19f08p01-ch5sk1fk1fl1.tiff,11.0,Dantrolene,train,1
p41002695_I21_s08,plate_41002695,p41002695_I21,8,6-Thioguanine,OASIS1225,11.0,0.9358851909637452,-0.0498666800558567,Apoptosis; Autophagy; Deubiquitinase; DNA Methyltransferase; Endogenous Metabolite; SARS-CoV,SC1=NC(N)=NC2=C1N=CN2,plate_41002695/r09c21f08p01-ch6sk1fk1fl1.tiff,plate_41002695/r09c21f08p01-ch1sk1fk1fl1.tiff,plate_41002695/r09c21f08p01-ch2sk1fk1fl1.tiff,plate_41002695/r09c21f08p01-ch4sk1fk1fl1.tiff,plate_41002695/r09c21f08p01-ch3sk1fk1fl1.tiff,plate_41002695/r09c21f08p01-ch5sk1fk1fl1.tiff,11.0,6-Thioguanine,test,0
p41002695_I22_s08,plate_41002695,p41002695_I22,8,Zalcitabine,OASIS648,11.0,1.071387529373169,-0.0443745777010917,HIV; Reverse Transcriptase,OC[C@@H]1CC[C@H](N2C=CC(N)=NC2=O)O1,plate_41002695/r09c22f08p01-ch6sk1fk1fl1.tiff,plate_41002695/r09c22f08p01-ch1sk1fk1fl1.tiff,plate_41002695/r09c22f08p01-ch2sk1fk1fl1.tiff,plate_41002695/r09c22f08p01-ch4sk1fk1fl1.tiff,plate_41002695/r09c22f08p01-ch3sk1fk1fl1.tiff,plate_41002695/r09c22f08p01-ch5sk1fk1fl1.tiff,11.0,Zalcitabine,test,1
p41002695_I23_s08,plate_41002695,p41002695_I23,8,Ebrotidine,OASIS1376,11.0,1.0530143976211548,-0.0443745777010917,Histamine Receptor,O=S(C1=CC=C(Br)C=C1)(/N=C/NCCSCC2=CSC(NC(N)=N)=N2)=O,plate_41002695/r09c23f08p01-ch6sk1fk1fl1.tiff,plate_41002695/r09c23f08p01-ch1sk1fk1fl1.tiff,plate_41002695/r09c23f08p01-ch2sk1fk1fl1.tiff,plate_41002695/r09c23f08p01-ch4sk1fk1fl1.tiff,plate_41002695/r09c23f08p01-ch3sk1fk1fl1.tiff,plate_41002695/r09c23f08p01-ch5sk1fk1fl1.tiff,11.0,Ebrotidine,test,0
p41002695_J10_s08,plate_41002695,p41002695_J10,8,Puromycin aminonucleoside,OASIS104,11.0,0.6809569597244263,-0.0141680277884006,Aminopeptidase; Antibiotic; Apoptosis; Bacterial; Dipeptidyl Peptidase,N[C@H]1[C@@H](O)[C@H](N(C=N2)C3=C2C(N(C)C)=NC=N3)O[C@@H]1CO,plate_41002695/r10c10f08p01-ch6sk1fk1fl1.tiff,plate_41002695/r10c10f08p01-ch1sk1fk1fl1.tiff,plate_41002695/r10c10f08p01-ch2sk1fk1fl1.tiff,plate_41002695/r10c10f08p01-ch4sk1fk1fl1.tiff,plate_41002695/r10c10f08p01-ch3sk1fk1fl1.tiff,plate_41002695/r10c10f08p01-ch5sk1fk1fl1.tiff,11.0,Puromycin aminonucleoside,train,1
p41002695_J12_s08,plate_41002695,p41002695_J12,8,control,,0.0,0.9577033519744872,-0.0745811313390731,,,plate_41002695/r10c12f08p01-ch6sk1fk1fl1.tiff,plate_41002695/r10c12f08p01-ch1sk1fk1fl1.tiff,plate_41002695/r10c12f08p01-ch2sk1fk1fl1.tiff,plate_41002695/r10c12f08p01-ch4sk1fk1fl1.tiff,plate_41002695/r10c12f08p01-ch3sk1fk1fl1.tiff,plate_41002695/r10c12f08p01-ch5sk1fk1fl1.tiff,none,control,train,1
p41002695_J16_s08,plate_41002695,p41002695_J16,8,Thio-TEPA,OASIS607,11.0,0.9577033519744872,-0.0498666800558567,Antibiotic; Bacterial; DNA Alkylator/Crosslinker,S=P(N1CC1)(N2CC2)N3CC3,plate_41002695/r10c16f08p01-ch6sk1fk1fl1.tiff,plate_41002695/r10c16f08p01-ch1sk1fk1fl1.tiff,plate_41002695/r10c16f08p01-ch2sk1fk1fl1.tiff,plate_41002695/r10c16f08p01-ch4sk1fk1fl1.tiff,plate_41002695/r10c16f08p01-ch3sk1fk1fl1.tiff,plate_41002695/r10c16f08p01-ch5sk1fk1fl1.tiff,11.0,Thio-TEPA,test,0
p41002695_J17_s08,plate_41002695,p41002695_J17,8,Compound_06965c8b,,11.0,0.9192344546318054,-0.0938034802675247,,,plate_41002695/r10c17f08p01-ch6sk1fk1fl1.tiff,plate_41002695/r10c17f08p01-ch1sk1fk1fl1.tiff,plate_41002695/r10c17f08p01-ch2sk1fk1fl1.tiff,plate_41002695/r10c17f08p01-ch4sk1fk1fl1.tiff,plate_41002695/r10c17f08p01-ch3sk1fk1fl1.tiff,plate_41002695/r10c17f08p01-ch5sk1fk1fl1.tiff,11.0,Compound_06965c8b,val,1
p41002695_K10_s08,plate_41002695,p41002695_K10,8,Ozagrel,OASIS1264,11.0,0.9502392411231996,-0.0690890327095985,Prostaglandin Receptor,O=C(O)/C=C/C1=CC=C(CN2C=CN=C2)C=C1,plate_41002695/r11c10f08p01-ch6sk1fk1fl1.tiff,plate_41002695/r11c10f08p01-ch1sk1fk1fl1.tiff,plate_41002695/r11c10f08p01-ch2sk1fk1fl1.tiff,plate_41002695/r11c10f08p01-ch4sk1fk1fl1.tiff,plate_41002695/r11c10f08p01-ch3sk1fk1fl1.tiff,plate_41002695/r11c10f08p01-ch5sk1fk1fl1.tiff,11.0,Ozagrel,train,1
p41002695_K11_s08,plate_41002695,p41002695_K11,8,Mefenamic acid,OASIS057,11.0,0.95253586769104,-0.0635969266295433,COX,O=C(O)C1=CC=CC=C1NC2=CC=CC(C)=C2C,plate_41002695/r11c11f08p01-ch6sk1fk1fl1.tiff,plate_41002695/r11c11f08p01-ch1sk1fk1fl1.tiff,plate_41002695/r11c11f08p01-ch2sk1fk1fl1.tiff,plate_41002695/r11c11f08p01-ch4sk1fk1fl1.tiff,plate_41002695/r11c11f08p01-ch3sk1fk1fl1.tiff,plate_41002695/r11c11f08p01-ch5sk1fk1fl1.tiff,11.0,Mefenamic acid,val,0
p41002695_L21_s08,plate_41002695,p41002695_L21,8,Tasimelteon,OASIS1885,11.0,1.0616267919540403,-0.0443745777010917,Melatonin Receptor,[H][C@]1(C2=C3C(OCC3)=CC=C2)[C@@](CNC(CC)=O)([H])C1,plate_41002695/r12c21f08p01-ch6sk1fk1fl1.tiff,plate_41002695/r12c21f08p01-ch1sk1fk1fl1.tiff,plate_41002695/r12c21f08p01-ch2sk1fk1fl1.tiff,plate_41002695/r12c21f08p01-ch4sk1fk1fl1.tiff,plate_41002695/r12c21f08p01-ch3sk1fk1fl1.tiff,plate_41002695/r12c21f08p01-ch5sk1fk1fl1.tiff,11.0,Tasimelteon,val,0
p41002695_M12_s08,plate_41002695,p41002695_M12,8,control,,0.0,0.937033474445343,-0.0745811313390731,,,plate_41002695/r13c12f08p01-ch6sk1fk1fl1.tiff,plate_41002695/r13c12f08p01-ch1sk1fk1fl1.tiff,plate_41002695/r13c12f08p01-ch2sk1fk1fl1.tiff,plate_41002695/r13c12f08p01-ch4sk1fk1fl1.tiff,plate_41002695/r13c12f08p01-ch3sk1fk1fl1.tiff,plate_41002695/r13c12f08p01-ch5sk1fk1fl1.tiff,none,control,train,0
p41002695_M13_s08,plate_41002695,p41002695_M13,8,Lenvatinib,OASIS1839,11.0,0.4570334851741791,-0.1020416319370269,c-Kit; FGFR; PDGFR; RET; VEGFR,O=C(N)C1=C(C=C2N=CC=C(C2=C1)OC3=CC=C(C(Cl)=C3)NC(NC4CC4)=O)OC,plate_41002695/r13c13f08p01-ch6sk1fk1fl1.tiff,plate_41002695/r13c13f08p01-ch1sk1fk1fl1.tiff,plate_41002695/r13c13f08p01-ch2sk1fk1fl1.tiff,plate_41002695/r13c13f08p01-ch4sk1fk1fl1.tiff,plate_41002695/r13c13f08p01-ch3sk1fk1fl1.tiff,plate_41002695/r13c13f08p01-ch5sk1fk1fl1.tiff,11.0,Lenvatinib,test,1
p41002695_M15_s08,plate_41002695,p41002695_M15,8,Dirithromycin,OASIS1367,11.0,1.0352152585983276,0.02702272310853,Antibiotic; Bacterial,CC1[C@@]([C@](O)([C@H](OC([C@@H]2C)=O)CC)C)([H])O[C@H](COCCOC)N[C@@]1([H])[C@](C[C@@](O)([C@@H]([C@@H](C)[C@]2([H])O[C@@](O[C@@H](C)[C@@H]3O)([H])C[C@@]3(C)OC)O[C@@](O[C@H](C)C[C@@H]4N(C)C)([H])[C@@H]4O)C)([H])C,plate_41002695/r13c15f08p01-ch6sk1fk1fl1.tiff,plate_41002695/r13c15f08p01-ch1sk1fk1fl1.tiff,plate_41002695/r13c15f08p01-ch2sk1fk1fl1.tiff,plate_41002695/r13c15f08p01-ch4sk1fk1fl1.tiff,plate_41002695/r13c15f08p01-ch3sk1fk1fl1.tiff,plate_41002695/r13c15f08p01-ch5sk1fk1fl1.tiff,11.0,Dirithromycin,train,0
p41002695_M16_s08,plate_41002695,p41002695_M16,8,Siponimod,OASIS1805,11.0,0.9697607755661012,-0.0361364297568798,LPL Receptor,O=C(C1CN(CC2=CC=C(/C(C)=N/OCC3=CC=C(C4CCCCC4)C(C(F)(F)F)=C3)C=C2CC)C1)O,plate_41002695/r13c16f08p01-ch6sk1fk1fl1.tiff,plate_41002695/r13c16f08p01-ch1sk1fk1fl1.tiff,plate_41002695/r13c16f08p01-ch2sk1fk1fl1.tiff,plate_41002695/r13c16f08p01-ch4sk1fk1fl1.tiff,plate_41002695/r13c16f08p01-ch3sk1fk1fl1.tiff,plate_41002695/r13c16f08p01-ch5sk1fk1fl1.tiff,11.0,Siponimod,train,1
p41002695_M17_s08,plate_41002695,p41002695_M17,8,Troglitazone,OASIS1444,11.0,0.9904305934906006,-0.0471206307411193,Apoptosis; Autophagy; Ferroptosis; PPAR,O=C(SC1CC(C=C2)=CC=C2OCC3(C)OC(C(CC3)=C4C)=C(C)C(C)=C4O)NC1=O,plate_41002695/r13c17f08p01-ch6sk1fk1fl1.tiff,plate_41002695/r13c17f08p01-ch1sk1fk1fl1.tiff,plate_41002695/r13c17f08p01-ch2sk1fk1fl1.tiff,plate_41002695/r13c17f08p01-ch4sk1fk1fl1.tiff,plate_41002695/r13c17f08p01-ch3sk1fk1fl1.tiff,plate_41002695/r13c17f08p01-ch5sk1fk1fl1.tiff,11.0,Troglitazone,test,1
p41002695_N15_s08,plate_41002695,p41002695_N15,8,Entrectinib,OASIS1729,11.0,0.577033519744873,0.0682134702801704,Anaplastic lymphoma kinase (ALK); Autophagy; ROS Kinase; Trk Receptor,O=C(NC1=NNC2=C1C=C(CC3=CC(F)=CC(F)=C3)C=C2)C4=C(NC5CCOCC5)C=C(N6CCN(C)CC6)C=C4,plate_41002695/r14c15f08p01-ch6sk1fk1fl1.tiff,plate_41002695/r14c15f08p01-ch1sk1fk1fl1.tiff,plate_41002695/r14c15f08p01-ch2sk1fk1fl1.tiff,plate_41002695/r14c15f08p01-ch4sk1fk1fl1.tiff,plate_41002695/r14c15f08p01-ch3sk1fk1fl1.tiff,plate_41002695/r14c15f08p01-ch5sk1fk1fl1.tiff,11.0,Entrectinib,train,1
p41002696_A12_s08,plate_41002696,p41002696_A12,8,control,,0.0,1.0354225635528564,0.1124171093106269,,,plate_41002696/r01c12f08p01-ch6sk1fk1fl1.tiff,plate_41002696/r01c12f08p01-ch1sk1fk1fl1.tiff,plate_41002696/r01c12f08p01-ch2sk1fk1fl1.tiff,plate_41002696/r01c12f08p01-ch4sk1fk1fl1.tiff,plate_41002696/r01c12f08p01-ch3sk1fk1fl1.tiff,plate_41002696/r01c12f08p01-ch5sk1fk1fl1.tiff,none,control,train,1
p41002696_A22_s08,plate_41002696,p41002696_A22,8,Bosutinib (hydrate),OASIS1770,11.0,0.6464394927024841,0.2685939073562622,Bcr-Abl; Src,CN1CCN(CC1)CCCOC2=C(C=C3C(NC4=CC(OC)=C(C=C4Cl)Cl)=C(C=NC3=C2)C#N)OC.O,plate_41002696/r01c22f08p01-ch6sk1fk1fl1.tiff,plate_41002696/r01c22f08p01-ch1sk1fk1fl1.tiff,plate_41002696/r01c22f08p01-ch2sk1fk1fl1.tiff,plate_41002696/r01c22f08p01-ch4sk1fk1fl1.tiff,plate_41002696/r01c22f08p01-ch3sk1fk1fl1.tiff,plate_41002696/r01c22f08p01-ch5sk1fk1fl1.tiff,11.0,Bosutinib (hydrate),train,0
p41002696_B22_s08,plate_41002696,p41002696_B22,8,Aflatoxin B1,OASIS307,11.0,0.0917888134717941,0.5151888132095337,Bacterial; Endogenous Metabolite; Parasite,COC1=CC(O[C@]2([H])[C@@]3([H])C=CO2)=C3C(O4)=C1C(CCC5=O)=C5C4=O,plate_41002696/r02c22f08p01-ch6sk1fk1fl1.tiff,plate_41002696/r02c22f08p01-ch1sk1fk1fl1.tiff,plate_41002696/r02c22f08p01-ch2sk1fk1fl1.tiff,plate_41002696/r02c22f08p01-ch4sk1fk1fl1.tiff,plate_41002696/r02c22f08p01-ch3sk1fk1fl1.tiff,plate_41002696/r02c22f08p01-ch5sk1fk1fl1.tiff,11.0,Aflatoxin B1,train,0
p41002696_E13_s08,plate_41002696,p41002696_E13,8,Carmustine,OASIS1398,11.0,0.8389720916748047,0.0137791372835636,DNA Alkylator/Crosslinker,O=C(NCCCl)N(CCCl)N=O,plate_41002696/r05c13f08p01-ch6sk1fk1fl1.tiff,plate_41002696/r05c13f08p01-ch1sk1fk1fl1.tiff,plate_41002696/r05c13f08p01-ch2sk1fk1fl1.tiff,plate_41002696/r05c13f08p01-ch4sk1fk1fl1.tiff,plate_41002696/r05c13f08p01-ch3sk1fk1fl1.tiff,plate_41002696/r05c13f08p01-ch5sk1fk1fl1.tiff,11.0,Carmustine,train,1
p41002696_E22_s08,plate_41002696,p41002696_E22,8,Benzonatate,OASIS1521,11.0,1.0550116300582886,7.941896183183417e-05,Sodium Channel,O=C(OCCOCCOCCOCCOCCOCCOCCOCCOCCOC)C1=CC=C(NCCCC)C=C1,plate_41002696/r05c22f08p01-ch6sk1fk1fl1.tiff,plate_41002696/r05c22f08p01-ch1sk1fk1fl1.tiff,plate_41002696/r05c22f08p01-ch2sk1fk1fl1.tiff,plate_41002696/r05c22f08p01-ch4sk1fk1fl1.tiff,plate_41002696/r05c22f08p01-ch3sk1fk1fl1.tiff,plate_41002696/r05c22f08p01-ch5sk1fk1fl1.tiff,11.0,Benzonatate,train,1
p41002696_E23_s08,plate_41002696,p41002696_E23,8,Ifosfamide,OASIS1281,11.0,1.066765069961548,0.0247389115393161,DNA Alkylator/Crosslinker,ClCCN1P(OCCC1)(NCCCl)=O,plate_41002696/r05c23f08p01-ch6sk1fk1fl1.tiff,plate_41002696/r05c23f08p01-ch1sk1fk1fl1.tiff,plate_41002696/r05c23f08p01-ch2sk1fk1fl1.tiff,plate_41002696/r05c23f08p01-ch4sk1fk1fl1.tiff,plate_41002696/r05c23f08p01-ch3sk1fk1fl1.tiff,plate_41002696/r05c23f08p01-ch5sk1fk1fl1.tiff,11.0,Ifosfamide,train,1
p41002696_F14_s08,plate_41002696,p41002696_F14,8,Mitoxantrone,OASIS1060,11.0,0.0190293882042169,0.5425882339477539,Apoptosis; Endogenous Metabolite; Orthopoxvirus; PKC; Topoisomerase,O=C1C2=C(C(NCCNCCO)=CC=C2NCCNCCO)C(C3=C(O)C=CC(O)=C13)=O,plate_41002696/r06c14f08p01-ch6sk1fk1fl1.tiff,plate_41002696/r06c14f08p01-ch1sk1fk1fl1.tiff,plate_41002696/r06c14f08p01-ch2sk1fk1fl1.tiff,plate_41002696/r06c14f08p01-ch4sk1fk1fl1.tiff,plate_41002696/r06c14f08p01-ch3sk1fk1fl1.tiff,plate_41002696/r06c14f08p01-ch5sk1fk1fl1.tiff,11.0,Mitoxantrone,test,0
p41002696_F17_s08,plate_41002696,p41002696_F17,8,Compound_516bb906,,11.0,0.0464540943503379,0.2357145696878433,,,plate_41002696/r06c17f08p01-ch6sk1fk1fl1.tiff,plate_41002696/r06c17f08p01-ch1sk1fk1fl1.tiff,plate_41002696/r06c17f08p01-ch2sk1fk1fl1.tiff,plate_41002696/r06c17f08p01-ch4sk1fk1fl1.tiff,plate_41002696/r06c17f08p01-ch3sk1fk1fl1.tiff,plate_41002696/r06c17f08p01-ch5sk1fk1fl1.tiff,11.0,Compound_516bb906,test,0
p41002696_F20_s08,plate_41002696,p41002696_F20,8,control,,0.0,0.9637824892997742,-0.0273200180381536,,,plate_41002696/r06c20f08p01-ch6sk1fk1fl1.tiff,plate_41002696/r06c20f08p01-ch1sk1fk1fl1.tiff,plate_41002696/r06c20f08p01-ch2sk1fk1fl1.tiff,plate_41002696/r06c20f08p01-ch4sk1fk1fl1.tiff,plate_41002696/r06c20f08p01-ch3sk1fk1fl1.tiff,plate_41002696/r06c20f08p01-ch5sk1fk1fl1.tiff,none,control,test,0
p41002696_G10_s08,plate_41002696,p41002696_G10,8,Ivermectin,OASIS1337,11.0,0.9302012324333192,-0.1040384396910667,Antibiotic; Autophagy; Bacterial; Dengue virus; Flavivirus; HIV; HSV; Mitophagy; Parasite; SARS-CoV,CO[C@H]1C[C@H](O[C@H]2[C@H](C)O[C@@H](O[C@H](/C(C)=C/C[C@@H]3C[C@H]4C[C@@]5(O[C@]([H])(C(C)C)[C@@H](C)CC5)O3)[C@@H](C)/C=C/C=C6CO[C@@]7([H])[C@]\6(O)[C@H](C(O4)=O)C=C(C)[C@H]7O)C[C@@H]2OC)O[C@@H](C)[C@@H]1O.CO[C@H]8C[C@H](O[C@H]9[C@H](C)O[C@@H](O[C@H](/C(C)=C/C[C@@H]%10C[C@H]%11C[C@@]%12(O[C@]([H])([C@@H](C)CC)[C@@H](C)CC%12)O%10)[C@@H](C)/C=C/C=C%13CO[C@@]%14([H])[C@]\%13(O)[C@H](C(O%11)=O)C=C(C)[C@H]%14O)C[C@@H]9OC)O[C@@H](C)[C@@H]8O,plate_41002696/r07c10f08p01-ch6sk1fk1fl1.tiff,plate_41002696/r07c10f08p01-ch1sk1fk1fl1.tiff,plate_41002696/r07c10f08p01-ch2sk1fk1fl1.tiff,plate_41002696/r07c10f08p01-ch4sk1fk1fl1.tiff,plate_41002696/r07c10f08p01-ch3sk1fk1fl1.tiff,plate_41002696/r07c10f08p01-ch5sk1fk1fl1.tiff,11.0,Ivermectin,train,1
p41002696_G11_s08,plate_41002696,p41002696_G11,8,Darifenacin,OASIS859,11.0,0.8927021622657776,-0.1560973674058914,mAChR,O=C(N)C(C1=CC=CC=C1)([C@H]2CN(CCC3=CC=C(OCC4)C4=C3)CC2)C5=CC=CC=C5,plate_41002696/r07c11f08p01-ch6sk1fk1fl1.tiff,plate_41002696/r07c11f08p01-ch1sk1fk1fl1.tiff,plate_41002696/r07c11f08p01-ch2sk1fk1fl1.tiff,plate_41002696/r07c11f08p01-ch4sk1fk1fl1.tiff,plate_41002696/r07c11f08p01-ch3sk1fk1fl1.tiff,plate_41002696/r07c11f08p01-ch5sk1fk1fl1.tiff,11.0,Darifenacin,train,0
p41002696_G15_s08,plate_41002696,p41002696_G15,8,Cephalothin,OASIS1000,11.0,0.9050152897834778,-0.0136202992871403,Antibiotic; Bacterial; Beta-lactamase,O=C(C(N12)=C(COC(C)=O)CS[C@]2([H])[C@H](NC(CC3=CC=CS3)=O)C1=O)O,plate_41002696/r07c15f08p01-ch6sk1fk1fl1.tiff,plate_41002696/r07c15f08p01-ch1sk1fk1fl1.tiff,plate_41002696/r07c15f08p01-ch2sk1fk1fl1.tiff,plate_41002696/r07c15f08p01-ch4sk1fk1fl1.tiff,plate_41002696/r07c15f08p01-ch3sk1fk1fl1.tiff,plate_41002696/r07c15f08p01-ch5sk1fk1fl1.tiff,11.0,Cephalothin,train,1
p41002696_G16_s08,plate_41002696,p41002696_G16,8,Triheptanoin,OASIS1819,11.0,0.9626631140708924,-0.0492395646870136,Others,CCCCCCC(OCC(OC(CCCCCC)=O)COC(CCCCCC)=O)=O,plate_41002696/r07c16f08p01-ch6sk1fk1fl1.tiff,plate_41002696/r07c16f08p01-ch1sk1fk1fl1.tiff,plate_41002696/r07c16f08p01-ch2sk1fk1fl1.tiff,plate_41002696/r07c16f08p01-ch4sk1fk1fl1.tiff,plate_41002696/r07c16f08p01-ch3sk1fk1fl1.tiff,plate_41002696/r07c16f08p01-ch5sk1fk1fl1.tiff,11.0,Triheptanoin,val,1
p41002696_G18_s08,plate_41002696,p41002696_G18,8,Droperidol,OASIS1204,11.0,1.0645263195037842,0.0247389115393161,Dopamine Receptor,O=C1NC2=CC=CC=C2N1C3=CCN(CCCC(C4=CC=C(F)C=C4)=O)CC3,plate_41002696/r07c18f08p01-ch6sk1fk1fl1.tiff,plate_41002696/r07c18f08p01-ch1sk1fk1fl1.tiff,plate_41002696/r07c18f08p01-ch2sk1fk1fl1.tiff,plate_41002696/r07c18f08p01-ch4sk1fk1fl1.tiff,plate_41002696/r07c18f08p01-ch3sk1fk1fl1.tiff,plate_41002696/r07c18f08p01-ch5sk1fk1fl1.tiff,11.0,Droperidol,train,1
p41002696_G19_s08,plate_41002696,p41002696_G19,8,Capsaicin,OASIS1503,11.0,0.9531484246253968,0.0576182343065738,Apoptosis; Autophagy; Endogenous Metabolite; TRP Channel,CC(C)/C=C/CCCCC(NCC1=CC=C(O)C(OC)=C1)=O,plate_41002696/r07c19f08p01-ch6sk1fk1fl1.tiff,plate_41002696/r07c19f08p01-ch1sk1fk1fl1.tiff,plate_41002696/r07c19f08p01-ch2sk1fk1fl1.tiff,plate_41002696/r07c19f08p01-ch4sk1fk1fl1.tiff,plate_41002696/r07c19f08p01-ch3sk1fk1fl1.tiff,plate_41002696/r07c19f08p01-ch5sk1fk1fl1.tiff,11.0,Capsaicin,train,1
p41002696_I10_s08,plate_41002696,p41002696_I10,8,Compound_567dbb1e,,11.0,0.7516608238220215,-0.1012984961271286,,,plate_41002696/r09c10f08p01-ch6sk1fk1fl1.tiff,plate_41002696/r09c10f08p01-ch1sk1fk1fl1.tiff,plate_41002696/r09c10f08p01-ch2sk1fk1fl1.tiff,plate_41002696/r09c10f08p01-ch4sk1fk1fl1.tiff,plate_41002696/r09c10f08p01-ch3sk1fk1fl1.tiff,plate_41002696/r09c10f08p01-ch5sk1fk1fl1.tiff,11.0,Compound_567dbb1e,test,0
p41002696_I21_s08,plate_41002696,p41002696_I21,8,Deoxycholic acid,OASIS1721,11.0,1.0147141218185425,-0.0629392862319946,Endogenous Metabolite; G protein-coupled Bile Acid Receptor 1,C[C@@]1([C@@]2([H])[C@H](C)CCC(O)=O)[C@](CC2)([H])[C@@](CC[C@@]3([H])[C@@]4(CC[C@@H](O)C3)C)([H])[C@]4([H])C[C@@H]1O,plate_41002696/r09c21f08p01-ch6sk1fk1fl1.tiff,plate_41002696/r09c21f08p01-ch1sk1fk1fl1.tiff,plate_41002696/r09c21f08p01-ch2sk1fk1fl1.tiff,plate_41002696/r09c21f08p01-ch4sk1fk1fl1.tiff,plate_41002696/r09c21f08p01-ch3sk1fk1fl1.tiff,plate_41002696/r09c21f08p01-ch5sk1fk1fl1.tiff,11.0,Deoxycholic acid,train,1
p41002696_I23_s08,plate_41002696,p41002696_I23,8,Retinoic acid,OASIS140,11.0,1.0757200717926023,-0.0684191733598709,Autophagy; Endogenous Metabolite; Organoid; PPAR; RAR/RXR,CC1(C)C(/C=C/C(C)=C/C=C/C(C)=C/C(O)=O)=C(C)CCC1,plate_41002696/r09c23f08p01-ch6sk1fk1fl1.tiff,plate_41002696/r09c23f08p01-ch1sk1fk1fl1.tiff,plate_41002696/r09c23f08p01-ch2sk1fk1fl1.tiff,plate_41002696/r09c23f08p01-ch4sk1fk1fl1.tiff,plate_41002696/r09c23f08p01-ch3sk1fk1fl1.tiff,plate_41002696/r09c23f08p01-ch5sk1fk1fl1.tiff,11.0,Retinoic acid,test,1
p41002696_I24_s08,plate_41002696,p41002696_I24,8,Chlormezanone,OASIS040,11.0,1.126651644706726,0.0493984036147594,GABA Receptor,O=C(CC1)N(C)C(C2=CC=C(Cl)C=C2)S1(=O)=O,plate_41002696/r09c24f08p01-ch6sk1fk1fl1.tiff,plate_41002696/r09c24f08p01-ch1sk1fk1fl1.tiff,plate_41002696/r09c24f08p01-ch2sk1fk1fl1.tiff,plate_41002696/r09c24f08p01-ch4sk1fk1fl1.tiff,plate_41002696/r09c24f08p01-ch3sk1fk1fl1.tiff,plate_41002696/r09c24f08p01-ch5sk1fk1fl1.tiff,11.0,Chlormezanone,train,1
p41002696_J12_s08,plate_41002696,p41002696_J12,8,control,,0.0,0.9934459924697876,-0.0136202992871403,,,plate_41002696/r10c12f08p01-ch6sk1fk1fl1.tiff,plate_41002696/r10c12f08p01-ch1sk1fk1fl1.tiff,plate_41002696/r10c12f08p01-ch2sk1fk1fl1.tiff,plate_41002696/r10c12f08p01-ch4sk1fk1fl1.tiff,plate_41002696/r10c12f08p01-ch3sk1fk1fl1.tiff,plate_41002696/r10c12f08p01-ch5sk1fk1fl1.tiff,none,control,train,1
p41002696_K16_s08,plate_41002696,p41002696_K16,8,Lercanidipine,OASIS861,11.0,0.991207242012024,-0.0136202992871403,Apoptosis; Calcium Channel; NF-κB; p38 MAPK; Reactive Oxygen Species,O=C(C1=C(C)NC(C)=C(C(OC)=O)C1C2=CC=CC([N+]([O-])=O)=C2)OC(C)(C)CN(CCC(C3=CC=CC=C3)C4=CC=CC=C4)C,plate_41002696/r11c16f08p01-ch6sk1fk1fl1.tiff,plate_41002696/r11c16f08p01-ch1sk1fk1fl1.tiff,plate_41002696/r11c16f08p01-ch2sk1fk1fl1.tiff,plate_41002696/r11c16f08p01-ch4sk1fk1fl1.tiff,plate_41002696/r11c16f08p01-ch3sk1fk1fl1.tiff,plate_41002696/r11c16f08p01-ch5sk1fk1fl1.tiff,11.0,Lercanidipine,test,1
p41002696_K17_s08,plate_41002696,p41002696_K17,8,Lapatinib,OASIS1355,11.0,0.7774064540863037,-0.0629392862319946,Autophagy; EGFR; Ferroptosis,O=S(CCNCC1=CC=C(C2=CC=C3C(C(NC4=CC(Cl)=C(C=C4)OCC5=CC(F)=CC=C5)=NC=N3)=C2)O1)(C)=O,plate_41002696/r11c17f08p01-ch6sk1fk1fl1.tiff,plate_41002696/r11c17f08p01-ch1sk1fk1fl1.tiff,plate_41002696/r11c17f08p01-ch2sk1fk1fl1.tiff,plate_41002696/r11c17f08p01-ch4sk1fk1fl1.tiff,plate_41002696/r11c17f08p01-ch3sk1fk1fl1.tiff,plate_41002696/r11c17f08p01-ch5sk1fk1fl1.tiff,11.0,Lapatinib,test,1
p41002696_K21_s08,plate_41002696,p41002696_K21,8,Sorafenib,OASIS1340,11.0,0.3106267750263214,-0.0519795082509517,Apoptosis; Autophagy; Ferroptosis; FLT3; Raf; VEGFR,O=C(NC(C=C1)=CC=C1OC2=CC(C(NC)=O)=NC=C2)NC3=CC=C(Cl)C(C(F)(F)F)=C3,plate_41002696/r11c21f08p01-ch6sk1fk1fl1.tiff,plate_41002696/r11c21f08p01-ch1sk1fk1fl1.tiff,plate_41002696/r11c21f08p01-ch2sk1fk1fl1.tiff,plate_41002696/r11c21f08p01-ch4sk1fk1fl1.tiff,plate_41002696/r11c21f08p01-ch3sk1fk1fl1.tiff,plate_41002696/r11c21f08p01-ch5sk1fk1fl1.tiff,11.0,Sorafenib,test,1
p41002696_K22_s08,plate_41002696,p41002696_K22,8,Olmesartan,OASIS831,11.0,1.018072247505188,-0.0300599616020917,Angiotensin Receptor,O=C(O)C1=C(N=C(N1CC2=CC=C(C=C2)C3=CC=CC=C3C4=NN=NN4)CCC)C(O)(C)C,plate_41002696/r11c22f08p01-ch6sk1fk1fl1.tiff,plate_41002696/r11c22f08p01-ch1sk1fk1fl1.tiff,plate_41002696/r11c22f08p01-ch2sk1fk1fl1.tiff,plate_41002696/r11c22f08p01-ch4sk1fk1fl1.tiff,plate_41002696/r11c22f08p01-ch3sk1fk1fl1.tiff,plate_41002696/r11c22f08p01-ch5sk1fk1fl1.tiff,11.0,Olmesartan,test,0
p41002696_K23_s08,plate_41002696,p41002696_K23,8,Sunitinib,OASIS745,11.0,0.5373003482818604,0.1398165374994278,Apoptosis; Autophagy; IRE1; Mitophagy; PDGFR; VEGFR,O=C(NCCN(CC)CC)C1=C(NC(/C=C2C(NC3=C\2C=C(C=C3)F)=O)=C1C)C,plate_41002696/r11c23f08p01-ch6sk1fk1fl1.tiff,plate_41002696/r11c23f08p01-ch1sk1fk1fl1.tiff,plate_41002696/r11c23f08p01-ch2sk1fk1fl1.tiff,plate_41002696/r11c23f08p01-ch4sk1fk1fl1.tiff,plate_41002696/r11c23f08p01-ch3sk1fk1fl1.tiff,plate_41002696/r11c23f08p01-ch5sk1fk1fl1.tiff,11.0,Sunitinib,test,0
p41002696_L10_s08,plate_41002696,p41002696_L10,8,Neratinib,OASIS1886,11.0,0.2115620225667953,-0.0684191733598709,EGFR,ClC1=C(OCC2=NC=CC=C2)C=CC(NC3=C(C#N)C=NC4=CC(OCC)=C(NC(/C=C/CN(C)C)=O)C=C43)=C1,plate_41002696/r12c10f08p01-ch6sk1fk1fl1.tiff,plate_41002696/r12c10f08p01-ch1sk1fk1fl1.tiff,plate_41002696/r12c10f08p01-ch2sk1fk1fl1.tiff,plate_41002696/r12c10f08p01-ch4sk1fk1fl1.tiff,plate_41002696/r12c10f08p01-ch3sk1fk1fl1.tiff,plate_41002696/r12c10f08p01-ch5sk1fk1fl1.tiff,11.0,Neratinib,val,0
p41002696_L11_s08,plate_41002696,p41002696_L11,8,Dapagliflozin,OASIS1775,11.0,0.9677003026008606,-0.0930786654353141,SGLT,O[C@H]1[C@H](C2=CC(CC3=CC=C(OCC)C=C3)=C(Cl)C=C2)O[C@H](CO)[C@@H](O)[C@@H]1O,plate_41002696/r12c11f08p01-ch6sk1fk1fl1.tiff,plate_41002696/r12c11f08p01-ch1sk1fk1fl1.tiff,plate_41002696/r12c11f08p01-ch2sk1fk1fl1.tiff,plate_41002696/r12c11f08p01-ch4sk1fk1fl1.tiff,plate_41002696/r12c11f08p01-ch3sk1fk1fl1.tiff,plate_41002696/r12c11f08p01-ch5sk1fk1fl1.tiff,11.0,Dapagliflozin,train,0
p41002696_L12_s08,plate_41002696,p41002696_L12,8,control,,0.0,0.9609840512275696,-0.0355398468673229,,,plate_41002696/r12c12f08p01-ch6sk1fk1fl1.tiff,plate_41002696/r12c12f08p01-ch1sk1fk1fl1.tiff,plate_41002696/r12c12f08p01-ch2sk1fk1fl1.tiff,plate_41002696/r12c12f08p01-ch4sk1fk1fl1.tiff,plate_41002696/r12c12f08p01-ch3sk1fk1fl1.tiff,plate_41002696/r12c12f08p01-ch5sk1fk1fl1.tiff,none,control,train,0
p41002696_L13_s08,plate_41002696,p41002696_L13,8,Thalidomide,OASIS1517,11.0,0.9274027943611144,-0.0958186089992523,Autophagy; Ligands for E3 Ligase,O=C1N(C2CCC(NC2=O)=O)C(C3=CC=CC=C31)=O,plate_41002696/r12c13f08p01-ch6sk1fk1fl1.tiff,plate_41002696/r12c13f08p01-ch1sk1fk1fl1.tiff,plate_41002696/r12c13f08p01-ch2sk1fk1fl1.tiff,plate_41002696/r12c13f08p01-ch4sk1fk1fl1.tiff,plate_41002696/r12c13f08p01-ch3sk1fk1fl1.tiff,plate_41002696/r12c13f08p01-ch5sk1fk1fl1.tiff,11.0,Thalidomide,test,1
p41002696_L16_s08,plate_41002696,p41002696_L16,8,Panobinostat,OASIS1808,11.0,0.4897269010543823,0.0713179558515548,Apoptosis; Autophagy; HDAC; HIV,O=C(/C=C/C1=CC=C(CNCCC2=C(NC3=C2C=CC=C3)C)C=C1)NO,plate_41002696/r12c16f08p01-ch6sk1fk1fl1.tiff,plate_41002696/r12c16f08p01-ch1sk1fk1fl1.tiff,plate_41002696/r12c16f08p01-ch2sk1fk1fl1.tiff,plate_41002696/r12c16f08p01-ch4sk1fk1fl1.tiff,plate_41002696/r12c16f08p01-ch3sk1fk1fl1.tiff,plate_41002696/r12c16f08p01-ch5sk1fk1fl1.tiff,11.0,Panobinostat,val,0
p41002696_M10_s08,plate_41002696,p41002696_M10,8,Umbralisib,OASIS1859,11.0,0.916209042072296,-0.0985585525631904,Casein Kinase; PI3K,O=C1C(C2=CC=CC(F)=C2)=C([C@@H](N3N=C(C4=CC=C(OC(C)C)C(F)=C4)C5=C(N)N=CN=C53)C)OC6=CC=C(F)C=C16,plate_41002696/r13c10f08p01-ch6sk1fk1fl1.tiff,plate_41002696/r13c10f08p01-ch1sk1fk1fl1.tiff,plate_41002696/r13c10f08p01-ch2sk1fk1fl1.tiff,plate_41002696/r13c10f08p01-ch4sk1fk1fl1.tiff,plate_41002696/r13c10f08p01-ch3sk1fk1fl1.tiff,plate_41002696/r13c10f08p01-ch5sk1fk1fl1.tiff,11.0,Umbralisib,train,0
p41002696_M14_s08,plate_41002696,p41002696_M14,8,Osimertinib,OASIS1825,11.0,0.6996098160743713,0.09323750436306,EGFR,C=CC(NC1=CC(NC2=NC=CC(C3=CN(C)C4=C3C=CC=C4)=N2)=C(OC)C=C1N(CCN(C)C)C)=O,plate_41002696/r13c14f08p01-ch6sk1fk1fl1.tiff,plate_41002696/r13c14f08p01-ch1sk1fk1fl1.tiff,plate_41002696/r13c14f08p01-ch2sk1fk1fl1.tiff,plate_41002696/r13c14f08p01-ch4sk1fk1fl1.tiff,plate_41002696/r13c14f08p01-ch3sk1fk1fl1.tiff,plate_41002696/r13c14f08p01-ch5sk1fk1fl1.tiff,11.0,Osimertinib,train,0
p41002696_M16_s08,plate_41002696,p41002696_M16,8,Compound_88f6068e,,11.0,0.964901864528656,-0.0519795082509517,,,plate_41002696/r13c16f08p01-ch6sk1fk1fl1.tiff,plate_41002696/r13c16f08p01-ch1sk1fk1fl1.tiff,plate_41002696/r13c16f08p01-ch2sk1fk1fl1.tiff,plate_41002696/r13c16f08p01-ch4sk1fk1fl1.tiff,plate_41002696/r13c16f08p01-ch3sk1fk1fl1.tiff,plate_41002696/r13c16f08p01-ch5sk1fk1fl1.tiff,11.0,Compound_88f6068e,train,0
p41002696_M17_s08,plate_41002696,p41002696_M17,8,Raltegravir,OASIS869,11.0,0.9923266172409058,0.0274788551032543,HIV; HIV Integrase,O=C(C(O)=C(C(NCC1=CC=C(C=C1)F)=O)N=C2C(C)(C)NC(C3=NN=C(C)O3)=O)N2C,plate_41002696/r13c17f08p01-ch6sk1fk1fl1.tiff,plate_41002696/r13c17f08p01-ch1sk1fk1fl1.tiff,plate_41002696/r13c17f08p01-ch2sk1fk1fl1.tiff,plate_41002696/r13c17f08p01-ch4sk1fk1fl1.tiff,plate_41002696/r13c17f08p01-ch3sk1fk1fl1.tiff,plate_41002696/r13c17f08p01-ch5sk1fk1fl1.tiff,11.0,Raltegravir,test,0
p41002696_M19_s08,plate_41002696,p41002696_M19,8,Alpelisib,OASIS1957,11.0,0.7858017683029175,-0.0273200180381536,PI3K,CC(N=C(S1)NC(N2CCC[C@H]2C(N)=O)=O)=C1C3=CC(C(C)(C(F)(F)F)C)=NC=C3,plate_41002696/r13c19f08p01-ch6sk1fk1fl1.tiff,plate_41002696/r13c19f08p01-ch1sk1fk1fl1.tiff,plate_41002696/r13c19f08p01-ch2sk1fk1fl1.tiff,plate_41002696/r13c19f08p01-ch4sk1fk1fl1.tiff,plate_41002696/r13c19f08p01-ch3sk1fk1fl1.tiff,plate_41002696/r13c19f08p01-ch5sk1fk1fl1.tiff,11.0,Alpelisib,train,0
p41002696_M20_s08,plate_41002696,p41002696_M20,8,control,,0.0,1.0773991346359253,-0.1067783832550048,,,plate_41002696/r13c20f08p01-ch6sk1fk1fl1.tiff,plate_41002696/r13c20f08p01-ch1sk1fk1fl1.tiff,plate_41002696/r13c20f08p01-ch2sk1fk1fl1.tiff,plate_41002696/r13c20f08p01-ch4sk1fk1fl1.tiff,plate_41002696/r13c20f08p01-ch3sk1fk1fl1.tiff,plate_41002696/r13c20f08p01-ch5sk1fk1fl1.tiff,none,control,val,1
p41002696_M21_s08,plate_41002696,p41002696_M21,8,Compound_59cfb866,,11.0,1.0303853750228882,-0.0410197339951992,,,plate_41002696/r13c21f08p01-ch6sk1fk1fl1.tiff,plate_41002696/r13c21f08p01-ch1sk1fk1fl1.tiff,plate_41002696/r13c21f08p01-ch2sk1fk1fl1.tiff,plate_41002696/r13c21f08p01-ch4sk1fk1fl1.tiff,plate_41002696/r13c21f08p01-ch3sk1fk1fl1.tiff,plate_41002696/r13c21f08p01-ch5sk1fk1fl1.tiff,11.0,Compound_59cfb866,train,0
p41002696_M24_s08,plate_41002696,p41002696_M24,8,Griseofulvin,OASIS073,11.0,1.058929443359375,0.145296424627304,Antibiotic; Apoptosis; Endogenous Metabolite; Fungal,O=C1[C@]2(C(OC)=CC(C[C@H]2C)=O)OC3=C(Cl)C(OC)=CC(OC)=C13,plate_41002696/r13c24f08p01-ch6sk1fk1fl1.tiff,plate_41002696/r13c24f08p01-ch1sk1fk1fl1.tiff,plate_41002696/r13c24f08p01-ch2sk1fk1fl1.tiff,plate_41002696/r13c24f08p01-ch4sk1fk1fl1.tiff,plate_41002696/r13c24f08p01-ch3sk1fk1fl1.tiff,plate_41002696/r13c24f08p01-ch5sk1fk1fl1.tiff,11.0,Griseofulvin,train,1
p41002696_N11_s08,plate_41002696,p41002696_N11,8,Sulfasalazine,OASIS018,11.0,1.024228811264038,-0.0300599616020917,Antibiotic; Apoptosis; Autophagy; Bacterial; Ferroptosis; NF-κB,OC(C1=C(O)C=CC(/N=N/C2=CC=C(S(=O)(NC3=NC=CC=C3)=O)C=C2)=C1)=O,plate_41002696/r14c11f08p01-ch6sk1fk1fl1.tiff,plate_41002696/r14c11f08p01-ch1sk1fk1fl1.tiff,plate_41002696/r14c11f08p01-ch2sk1fk1fl1.tiff,plate_41002696/r14c11f08p01-ch4sk1fk1fl1.tiff,plate_41002696/r14c11f08p01-ch3sk1fk1fl1.tiff,plate_41002696/r14c11f08p01-ch5sk1fk1fl1.tiff,11.0,Sulfasalazine,train,0
p41002696_N11_s08,plate_41002696,p41002696_N11,8,Sulfasalazine,OASIS018,11.0,1.024228811264038,-0.0300599616020917,Antibiotic; Apoptosis; Autophagy; Bacterial; Ferroptosis; NF-κB,OC(C1=C(O)C=CC(/N=N/C2=CC=C(S(=O)(NC3=NC=CC=C3)=O)C=C2)=C1)=O,plate_41002696/r14c11f08p01-ch6sk1fk1fl1.tiff,plate_41002696/r14c11f08p01-ch1sk1fk1fl1.tiff,plate_41002696/r14c11f08p01-ch2sk1fk1fl1.tiff,plate_41002696/r14c11f08p01-ch4sk1fk1fl1.tiff,plate_41002696/r14c11f08p01-ch3sk1fk1fl1.tiff,plate_41002696/r14c11f08p01-ch5sk1fk1fl1.tiff,11.0,Sulfasalazine,train,0
p41002696_N16_s08,plate_41002696,p41002696_N16,8,Famotidine,OASIS1103,11.0,1.0024009943008425,-0.0821188911795616,Histamine Receptor,N=C(NS(=O)(N)=O)CCSCC1=CSC(NC(N)=N)=N1,plate_41002696/r14c16f08p01-ch6sk1fk1fl1.tiff,plate_41002696/r14c16f08p01-ch1sk1fk1fl1.tiff,plate_41002696/r14c16f08p01-ch2sk1fk1fl1.tiff,plate_41002696/r14c16f08p01-ch4sk1fk1fl1.tiff,plate_41002696/r14c16f08p01-ch3sk1fk1fl1.tiff,plate_41002696/r14c16f08p01-ch5sk1fk1fl1.tiff,11.0,Famotidine,train,1
p41002696_P10_s08,plate_41002696,p41002696_P10,8,Afatinib,OASIS1772,11.0,0.5983063578605652,0.2987332642078399,Akt; Apoptosis; Autophagy; c-Met/HGFR; EGFR; p38 MAPK,O=C(NC1=C(C=C2C(C(NC3=CC(Cl)=C(C=C3)F)=NC=N2)=C1)O[C@H]4CCOC4)/C=C/CN(C)C,plate_41002696/r16c10f08p01-ch6sk1fk1fl1.tiff,plate_41002696/r16c10f08p01-ch1sk1fk1fl1.tiff,plate_41002696/r16c10f08p01-ch2sk1fk1fl1.tiff,plate_41002696/r16c10f08p01-ch4sk1fk1fl1.tiff,plate_41002696/r16c10f08p01-ch3sk1fk1fl1.tiff,plate_41002696/r16c10f08p01-ch5sk1fk1fl1.tiff,11.0,Afatinib,val,1
p41002696_P20_s08,plate_41002696,p41002696_P20,8,control,,0.0,1.0813169479370115,0.191875472664833,,,plate_41002696/r16c20f08p01-ch6sk1fk1fl1.tiff,plate_41002696/r16c20f08p01-ch1sk1fk1fl1.tiff,plate_41002696/r16c20f08p01-ch2sk1fk1fl1.tiff,plate_41002696/r16c20f08p01-ch4sk1fk1fl1.tiff,plate_41002696/r16c20f08p01-ch3sk1fk1fl1.tiff,plate_41002696/r16c20f08p01-ch5sk1fk1fl1.tiff,none,control,train,0
p41002697_E16_s08,plate_41002697,p41002697_E16,8,β-Naphthoflavone,OASIS330,1.0,0.9899320602416992,0.0356208086013793,Apoptosis; Aryl Hydrocarbon Receptor,O=C1C2=C3C=CC=CC3=CC=C2OC(C4=CC=CC=C4)=C1,plate_41002697/r05c16f08p01-ch6sk1fk1fl1.tiff,plate_41002697/r05c16f08p01-ch1sk1fk1fl1.tiff,plate_41002697/r05c16f08p01-ch2sk1fk1fl1.tiff,plate_41002697/r05c16f08p01-ch4sk1fk1fl1.tiff,plate_41002697/r05c16f08p01-ch3sk1fk1fl1.tiff,plate_41002697/r05c16f08p01-ch5sk1fk1fl1.tiff,1.0,β-Naphthoflavone,train,0
p41002697_E19_s08,plate_41002697,p41002697_E19,8,Irinotecan,OASIS744,1.0,0.9308834671974182,-0.0095288725569844,Autophagy; Topoisomerase,O=C(N1CCC(N2CCCCC2)CC1)OC3=CC=C4N=C5C(CN6C(C(COC([C@@]7(CC)O)=O)=C7C=C65)=O)=C(CC)C4=C3,plate_41002697/r05c19f08p01-ch6sk1fk1fl1.tiff,plate_41002697/r05c19f08p01-ch1sk1fk1fl1.tiff,plate_41002697/r05c19f08p01-ch2sk1fk1fl1.tiff,plate_41002697/r05c19f08p01-ch4sk1fk1fl1.tiff,plate_41002697/r05c19f08p01-ch3sk1fk1fl1.tiff,plate_41002697/r05c19f08p01-ch5sk1fk1fl1.tiff,1.0,Irinotecan,test,0
p41002697_E21_s08,plate_41002697,p41002697_E21,8,Gabapentin enacarbil,OASIS1791,1.0,1.073294758796692,-0.0941845253109932,Calcium Channel,O=C(O)CC1(CNC(OC(OC(C(C)C)=O)C)=O)CCCCC1,plate_41002697/r05c21f08p01-ch6sk1fk1fl1.tiff,plate_41002697/r05c21f08p01-ch1sk1fk1fl1.tiff,plate_41002697/r05c21f08p01-ch2sk1fk1fl1.tiff,plate_41002697/r05c21f08p01-ch4sk1fk1fl1.tiff,plate_41002697/r05c21f08p01-ch3sk1fk1fl1.tiff,plate_41002697/r05c21f08p01-ch5sk1fk1fl1.tiff,1.0,Gabapentin enacarbil,test,1
p41002697_E22_s08,plate_41002697,p41002697_E22,8,Macitentan,OASIS1840,1.0,0.9939844012260436,-0.0292818583548069,Apoptosis; Endothelin Receptor,BrC1=CN=C(OCCOC2=C(C3=CC=C(Br)C=C3)C(NS(NCCC)(=O)=O)=NC=N2)N=C1,plate_41002697/r05c22f08p01-ch6sk1fk1fl1.tiff,plate_41002697/r05c22f08p01-ch1sk1fk1fl1.tiff,plate_41002697/r05c22f08p01-ch2sk1fk1fl1.tiff,plate_41002697/r05c22f08p01-ch4sk1fk1fl1.tiff,plate_41002697/r05c22f08p01-ch3sk1fk1fl1.tiff,plate_41002697/r05c22f08p01-ch5sk1fk1fl1.tiff,1.0,Macitentan,test,1
p41002697_E23_s08,plate_41002697,p41002697_E23,8,Etravirine,OASIS886,1.0,1.1300276517868042,0.0469082295894622,HIV; Reverse Transcriptase,N#CC1=CC(C)=C(C(C)=C1)OC2=NC(NC3=CC=C(C=C3)C#N)=NC(N)=C2Br,plate_41002697/r05c23f08p01-ch6sk1fk1fl1.tiff,plate_41002697/r05c23f08p01-ch1sk1fk1fl1.tiff,plate_41002697/r05c23f08p01-ch2sk1fk1fl1.tiff,plate_41002697/r05c23f08p01-ch4sk1fk1fl1.tiff,plate_41002697/r05c23f08p01-ch3sk1fk1fl1.tiff,plate_41002697/r05c23f08p01-ch5sk1fk1fl1.tiff,1.0,Etravirine,train,0
p41002697_F10_s08,plate_41002697,p41002697_F10,8,Edoxaban (tosylate),OASIS1737,1.0,0.8463629484176636,-0.0123507278040051,Factor Xa; Thrombin,O=C(N(C)C)[C@@H](CC1)C[C@H]([C@H]1NC(C(NC(C=C2)=NC=C2Cl)=O)=O)NC(C3=NC(CC4)=C(CN4C)S3)=O.O=S(C5=CC=C(C)C=C5)(O)=O,plate_41002697/r06c10f08p01-ch6sk1fk1fl1.tiff,plate_41002697/r06c10f08p01-ch1sk1fk1fl1.tiff,plate_41002697/r06c10f08p01-ch2sk1fk1fl1.tiff,plate_41002697/r06c10f08p01-ch4sk1fk1fl1.tiff,plate_41002697/r06c10f08p01-ch3sk1fk1fl1.tiff,plate_41002697/r06c10f08p01-ch5sk1fk1fl1.tiff,1.0,Edoxaban (tosylate),test,1
p41002697_F11_s08,plate_41002697,p41002697_F11,8,Oseltamivir,OASIS1570,1.0,0.9083060622215272,-0.0321037136018276,Influenza Virus,O=C(OCC)C1=C[C@H]([C@@H]([C@H](C1)N)NC(C)=O)OC(CC)CC,plate_41002697/r06c11f08p01-ch6sk1fk1fl1.tiff,plate_41002697/r06c11f08p01-ch1sk1fk1fl1.tiff,plate_41002697/r06c11f08p01-ch2sk1fk1fl1.tiff,plate_41002697/r06c11f08p01-ch4sk1fk1fl1.tiff,plate_41002697/r06c11f08p01-ch3sk1fk1fl1.tiff,plate_41002697/r06c11f08p01-ch5sk1fk1fl1.tiff,1.0,Oseltamivir,train,0
p41002697_G10_s08,plate_41002697,p41002697_G10,8,Bifenazate,OASIS411,1.0,0.9679335355758668,-0.0659659728407859,GABA Receptor,COC1=CC=C(C2=CC=CC=C2)C=C1NNC(OC(C)C)=O,plate_41002697/r07c10f08p01-ch6sk1fk1fl1.tiff,plate_41002697/r07c10f08p01-ch1sk1fk1fl1.tiff,plate_41002697/r07c10f08p01-ch2sk1fk1fl1.tiff,plate_41002697/r07c10f08p01-ch4sk1fk1fl1.tiff,plate_41002697/r07c10f08p01-ch3sk1fk1fl1.tiff,plate_41002697/r07c10f08p01-ch5sk1fk1fl1.tiff,1.0,Bifenazate,train,1
p41002697_G11_s08,plate_41002697,p41002697_G11,8,Telaprevir,OASIS980,1.0,0.9285678267478944,-0.105471946299076,HCV; HCV Protease; SARS-CoV,O=C(N([C@@H]1C(N[C@H](C(C(NC2CC2)=O)=O)CCC)=O)C[C@@]3(CCC[C@@]31[H])[H])[C@@H](NC([C@@H](NC(C4=NC=CN=C4)=O)C5CCCCC5)=O)C(C)(C)C,plate_41002697/r07c11f08p01-ch6sk1fk1fl1.tiff,plate_41002697/r07c11f08p01-ch1sk1fk1fl1.tiff,plate_41002697/r07c11f08p01-ch2sk1fk1fl1.tiff,plate_41002697/r07c11f08p01-ch4sk1fk1fl1.tiff,plate_41002697/r07c11f08p01-ch3sk1fk1fl1.tiff,plate_41002697/r07c11f08p01-ch5sk1fk1fl1.tiff,1.0,Telaprevir,train,0
p41002697_G22_s08,plate_41002697,p41002697_G22,8,Nifurtimox,OASIS1788,1.0,1.1416058540344238,0.0384426638484001,Lactate Dehydrogenase; Parasite,O=S1(CC(C)N(/N=C/C2=CC=C([N+]([O-])=O)O2)CC1)=O,plate_41002697/r07c22f08p01-ch6sk1fk1fl1.tiff,plate_41002697/r07c22f08p01-ch1sk1fk1fl1.tiff,plate_41002697/r07c22f08p01-ch2sk1fk1fl1.tiff,plate_41002697/r07c22f08p01-ch4sk1fk1fl1.tiff,plate_41002697/r07c22f08p01-ch3sk1fk1fl1.tiff,plate_41002697/r07c22f08p01-ch5sk1fk1fl1.tiff,1.0,Nifurtimox,test,0
p41002697_H13_s08,plate_41002697,p41002697_H13,8,control,,0.0,0.9702491760253906,-0.0687878280878067,,,plate_41002697/r08c13f08p01-ch6sk1fk1fl1.tiff,plate_41002697/r08c13f08p01-ch1sk1fk1fl1.tiff,plate_41002697/r08c13f08p01-ch2sk1fk1fl1.tiff,plate_41002697/r08c13f08p01-ch4sk1fk1fl1.tiff,plate_41002697/r08c13f08p01-ch3sk1fk1fl1.tiff,plate_41002697/r08c13f08p01-ch5sk1fk1fl1.tiff,none,control,train,1
p41002697_I13_s08,plate_41002697,p41002697_I13,8,Zalcitabine,OASIS648,1.0,0.9065693616867064,-0.0603222623467445,HIV; Reverse Transcriptase,OC[C@@H]1CC[C@H](N2C=CC(N)=NC2=O)O1,plate_41002697/r09c13f08p01-ch6sk1fk1fl1.tiff,plate_41002697/r09c13f08p01-ch1sk1fk1fl1.tiff,plate_41002697/r09c13f08p01-ch2sk1fk1fl1.tiff,plate_41002697/r09c13f08p01-ch4sk1fk1fl1.tiff,plate_41002697/r09c13f08p01-ch3sk1fk1fl1.tiff,plate_41002697/r09c13f08p01-ch5sk1fk1fl1.tiff,1.0,Zalcitabine,test,1
p41002697_I14_s08,plate_41002697,p41002697_I14,8,Ebrotidine,OASIS1376,1.0,0.9760382771492004,-0.0264600031077861,Histamine Receptor,O=S(C1=CC=C(Br)C=C1)(/N=C/NCCSCC2=CSC(NC(N)=N)=N2)=O,plate_41002697/r09c14f08p01-ch6sk1fk1fl1.tiff,plate_41002697/r09c14f08p01-ch1sk1fk1fl1.tiff,plate_41002697/r09c14f08p01-ch2sk1fk1fl1.tiff,plate_41002697/r09c14f08p01-ch4sk1fk1fl1.tiff,plate_41002697/r09c14f08p01-ch3sk1fk1fl1.tiff,plate_41002697/r09c14f08p01-ch5sk1fk1fl1.tiff,1.0,Ebrotidine,test,0
p41002697_I22_s08,plate_41002697,p41002697_I22,8,Thio-TEPA,OASIS607,1.0,1.0582431554794312,-0.0292818583548069,Antibiotic; Bacterial; DNA Alkylator/Crosslinker,S=P(N1CC1)(N2CC2)N3CC3,plate_41002697/r09c22f08p01-ch6sk1fk1fl1.tiff,plate_41002697/r09c22f08p01-ch1sk1fk1fl1.tiff,plate_41002697/r09c22f08p01-ch2sk1fk1fl1.tiff,plate_41002697/r09c22f08p01-ch4sk1fk1fl1.tiff,plate_41002697/r09c22f08p01-ch3sk1fk1fl1.tiff,plate_41002697/r09c22f08p01-ch5sk1fk1fl1.tiff,1.0,Thio-TEPA,test,0
p41002697_I23_s08,plate_41002697,p41002697_I23,8,Compound_06965c8b,,1.0,1.0808205604553225,-0.0433911345899105,,,plate_41002697/r09c23f08p01-ch6sk1fk1fl1.tiff,plate_41002697/r09c23f08p01-ch1sk1fk1fl1.tiff,plate_41002697/r09c23f08p01-ch2sk1fk1fl1.tiff,plate_41002697/r09c23f08p01-ch4sk1fk1fl1.tiff,plate_41002697/r09c23f08p01-ch3sk1fk1fl1.tiff,plate_41002697/r09c23f08p01-ch5sk1fk1fl1.tiff,1.0,Compound_06965c8b,val,1
p41002697_J12_s08,plate_41002697,p41002697_J12,8,control,,0.0,1.002668023109436,-0.0349255688488483,,,plate_41002697/r10c12f08p01-ch6sk1fk1fl1.tiff,plate_41002697/r10c12f08p01-ch1sk1fk1fl1.tiff,plate_41002697/r10c12f08p01-ch2sk1fk1fl1.tiff,plate_41002697/r10c12f08p01-ch4sk1fk1fl1.tiff,plate_41002697/r10c12f08p01-ch3sk1fk1fl1.tiff,plate_41002697/r10c12f08p01-ch5sk1fk1fl1.tiff,none,control,train,0
p41002697_J16_s08,plate_41002697,p41002697_J16,8,6-Thioguanine,OASIS1225,1.0,0.933199107646942,-0.0828971043229103,Apoptosis; Autophagy; Deubiquitinase; DNA Methyltransferase; Endogenous Metabolite; SARS-CoV,SC1=NC(N)=NC2=C1N=CN2,plate_41002697/r10c16f08p01-ch6sk1fk1fl1.tiff,plate_41002697/r10c16f08p01-ch1sk1fk1fl1.tiff,plate_41002697/r10c16f08p01-ch2sk1fk1fl1.tiff,plate_41002697/r10c16f08p01-ch4sk1fk1fl1.tiff,plate_41002697/r10c16f08p01-ch3sk1fk1fl1.tiff,plate_41002697/r10c16f08p01-ch5sk1fk1fl1.tiff,1.0,6-Thioguanine,test,0
p41002697_J17_s08,plate_41002697,p41002697_J17,8,Dantrolene,OASIS069,1.0,0.9077271819114684,-0.0292818583548069,Autophagy; Calcium Channel,O=C1NC(CN1/N=C/C2=CC=C(C3=CC=C([N+]([O-])=O)C=C3)O2)=O,plate_41002697/r10c17f08p01-ch6sk1fk1fl1.tiff,plate_41002697/r10c17f08p01-ch1sk1fk1fl1.tiff,plate_41002697/r10c17f08p01-ch2sk1fk1fl1.tiff,plate_41002697/r10c17f08p01-ch4sk1fk1fl1.tiff,plate_41002697/r10c17f08p01-ch3sk1fk1fl1.tiff,plate_41002697/r10c17f08p01-ch5sk1fk1fl1.tiff,1.0,Dantrolene,train,1
p41002697_K12_s08,plate_41002697,p41002697_K12,8,control,,0.0,0.9002013802528381,-0.0518566966056823,,,plate_41002697/r11c12f08p01-ch6sk1fk1fl1.tiff,plate_41002697/r11c12f08p01-ch1sk1fk1fl1.tiff,plate_41002697/r11c12f08p01-ch2sk1fk1fl1.tiff,plate_41002697/r11c12f08p01-ch4sk1fk1fl1.tiff,plate_41002697/r11c12f08p01-ch3sk1fk1fl1.tiff,plate_41002697/r11c12f08p01-ch5sk1fk1fl1.tiff,none,control,val,1
p41002697_K24_s08,plate_41002697,p41002697_K24,8,Tasimelteon,OASIS1885,1.0,1.2261263132095337,0.134385734796524,Melatonin Receptor,[H][C@]1(C2=C3C(OCC3)=CC=C2)[C@@](CNC(CC)=O)([H])C1,plate_41002697/r11c24f08p01-ch6sk1fk1fl1.tiff,plate_41002697/r11c24f08p01-ch1sk1fk1fl1.tiff,plate_41002697/r11c24f08p01-ch2sk1fk1fl1.tiff,plate_41002697/r11c24f08p01-ch4sk1fk1fl1.tiff,plate_41002697/r11c24f08p01-ch3sk1fk1fl1.tiff,plate_41002697/r11c24f08p01-ch5sk1fk1fl1.tiff,1.0,Tasimelteon,val,0
p41002697_L12_s08,plate_41002697,p41002697_L12,8,control,,0.0,0.970828115940094,-0.0575004070997238,,,plate_41002697/r12c12f08p01-ch6sk1fk1fl1.tiff,plate_41002697/r12c12f08p01-ch1sk1fk1fl1.tiff,plate_41002697/r12c12f08p01-ch2sk1fk1fl1.tiff,plate_41002697/r12c12f08p01-ch4sk1fk1fl1.tiff,plate_41002697/r12c12f08p01-ch3sk1fk1fl1.tiff,plate_41002697/r12c12f08p01-ch5sk1fk1fl1.tiff,none,control,test,0
p41002697_L21_s08,plate_41002697,p41002697_L21,8,Mefenamic acid,OASIS057,1.0,1.0038257837295532,-0.054678551852703,COX,O=C(O)C1=CC=CC=C1NC2=CC=CC(C)=C2C,plate_41002697/r12c21f08p01-ch6sk1fk1fl1.tiff,plate_41002697/r12c21f08p01-ch1sk1fk1fl1.tiff,plate_41002697/r12c21f08p01-ch2sk1fk1fl1.tiff,plate_41002697/r12c21f08p01-ch4sk1fk1fl1.tiff,plate_41002697/r12c21f08p01-ch3sk1fk1fl1.tiff,plate_41002697/r12c21f08p01-ch5sk1fk1fl1.tiff,1.0,Mefenamic acid,val,0
p41002697_L22_s08,plate_41002697,p41002697_L22,8,Ozagrel,OASIS1264,1.0,1.0640321969985962,-0.0349255688488483,Prostaglandin Receptor,O=C(O)/C=C/C1=CC=C(CN2C=CN=C2)C=C1,plate_41002697/r12c22f08p01-ch6sk1fk1fl1.tiff,plate_41002697/r12c22f08p01-ch1sk1fk1fl1.tiff,plate_41002697/r12c22f08p01-ch2sk1fk1fl1.tiff,plate_41002697/r12c22f08p01-ch4sk1fk1fl1.tiff,plate_41002697/r12c22f08p01-ch3sk1fk1fl1.tiff,plate_41002697/r12c22f08p01-ch5sk1fk1fl1.tiff,1.0,Ozagrel,train,1
p41002697_M10_s08,plate_41002697,p41002697_M10,8,Troglitazone,OASIS1444,1.0,0.9957211017608644,-0.0970063805580139,Apoptosis; Autophagy; Ferroptosis; PPAR,O=C(SC1CC(C=C2)=CC=C2OCC3(C)OC(C(CC3)=C4C)=C(C)C(C)=C4O)NC1=O,plate_41002697/r13c10f08p01-ch6sk1fk1fl1.tiff,plate_41002697/r13c10f08p01-ch1sk1fk1fl1.tiff,plate_41002697/r13c10f08p01-ch2sk1fk1fl1.tiff,plate_41002697/r13c10f08p01-ch4sk1fk1fl1.tiff,plate_41002697/r13c10f08p01-ch3sk1fk1fl1.tiff,plate_41002697/r13c10f08p01-ch5sk1fk1fl1.tiff,1.0,Troglitazone,test,1
p41002697_N18_s08,plate_41002697,p41002697_N18,8,Siponimod,OASIS1805,1.0,1.0582431554794312,-0.0321037136018276,LPL Receptor,O=C(C1CN(CC2=CC=C(/C(C)=N/OCC3=CC=C(C4CCCCC4)C(C(F)(F)F)=C3)C=C2CC)C1)O,plate_41002697/r14c18f08p01-ch6sk1fk1fl1.tiff,plate_41002697/r14c18f08p01-ch1sk1fk1fl1.tiff,plate_41002697/r14c18f08p01-ch2sk1fk1fl1.tiff,plate_41002697/r14c18f08p01-ch4sk1fk1fl1.tiff,plate_41002697/r14c18f08p01-ch3sk1fk1fl1.tiff,plate_41002697/r14c18f08p01-ch5sk1fk1fl1.tiff,1.0,Siponimod,train,1
p41002697_N19_s08,plate_41002697,p41002697_N19,8,Dirithromycin,OASIS1367,1.0,1.0420336723327637,-0.0349255688488483,Antibiotic; Bacterial,CC1[C@@]([C@](O)([C@H](OC([C@@H]2C)=O)CC)C)([H])O[C@H](COCCOC)N[C@@]1([H])[C@](C[C@@](O)([C@@H]([C@@H](C)[C@]2([H])O[C@@](O[C@@H](C)[C@@H]3O)([H])C[C@@]3(C)OC)O[C@@](O[C@H](C)C[C@@H]4N(C)C)([H])[C@@H]4O)C)([H])C,plate_41002697/r14c19f08p01-ch6sk1fk1fl1.tiff,plate_41002697/r14c19f08p01-ch1sk1fk1fl1.tiff,plate_41002697/r14c19f08p01-ch2sk1fk1fl1.tiff,plate_41002697/r14c19f08p01-ch4sk1fk1fl1.tiff,plate_41002697/r14c19f08p01-ch3sk1fk1fl1.tiff,plate_41002697/r14c19f08p01-ch5sk1fk1fl1.tiff,1.0,Dirithromycin,train,0
p41002698_D11_s01,plate_41002698,p41002698_D11,1,Deoxycholic acid,OASIS1721,0.1369294673204422,0.9478892683982848,0.0056589180603623,Endogenous Metabolite; G protein-coupled Bile Acid Receptor 1,C[C@@]1([C@@]2([H])[C@H](C)CCC(O)=O)[C@](CC2)([H])[C@@](CC[C@@]3([H])[C@@]4(CC[C@@H](O)C3)C)([H])[C@]4([H])C[C@@H]1O,plate_41002698/r04c11f01p01-ch6sk1fk1fl1.tiff,plate_41002698/r04c11f01p01-ch1sk1fk1fl1.tiff,plate_41002698/r04c11f01p01-ch2sk1fk1fl1.tiff,plate_41002698/r04c11f01p01-ch4sk1fk1fl1.tiff,plate_41002698/r04c11f01p01-ch3sk1fk1fl1.tiff,plate_41002698/r04c11f01p01-ch5sk1fk1fl1.tiff,0.137,Deoxycholic acid,train,1
p41002698_D17_s01,plate_41002698,p41002698_D17,1,Compound_88f6068e,,0.1369294673204422,1.0387176275253296,0.0590318776667118,,,plate_41002698/r04c17f01p01-ch6sk1fk1fl1.tiff,plate_41002698/r04c17f01p01-ch1sk1fk1fl1.tiff,plate_41002698/r04c17f01p01-ch2sk1fk1fl1.tiff,plate_41002698/r04c17f01p01-ch4sk1fk1fl1.tiff,plate_41002698/r04c17f01p01-ch3sk1fk1fl1.tiff,plate_41002698/r04c17f01p01-ch5sk1fk1fl1.tiff,0.137,Compound_88f6068e,train,0
p41002698_E11_s01,plate_41002698,p41002698_E11,1,Raltegravir,OASIS869,0.1369294673204422,0.8776556849479675,-0.0926596894860267,HIV; HIV Integrase,O=C(C(O)=C(C(NCC1=CC=C(C=C1)F)=O)N=C2C(C)(C)NC(C3=NN=C(C)O3)=O)N2C,plate_41002698/r05c11f01p01-ch6sk1fk1fl1.tiff,plate_41002698/r05c11f01p01-ch1sk1fk1fl1.tiff,plate_41002698/r05c11f01p01-ch2sk1fk1fl1.tiff,plate_41002698/r05c11f01p01-ch4sk1fk1fl1.tiff,plate_41002698/r05c11f01p01-ch3sk1fk1fl1.tiff,plate_41002698/r05c11f01p01-ch5sk1fk1fl1.tiff,0.137,Raltegravir,test,0
p41002698_E13_s01,plate_41002698,p41002698_E13,1,Sulfasalazine,OASIS018,0.1369294673204422,0.9209575653076172,0.0225135367363691,Antibiotic; Apoptosis; Autophagy; Bacterial; Ferroptosis; NF-κB,OC(C1=C(O)C=CC(/N=N/C2=CC=C(S(=O)(NC3=NC=CC=C3)=O)C=C2)=C1)=O,plate_41002698/r05c13f01p01-ch6sk1fk1fl1.tiff,plate_41002698/r05c13f01p01-ch1sk1fk1fl1.tiff,plate_41002698/r05c13f01p01-ch2sk1fk1fl1.tiff,plate_41002698/r05c13f01p01-ch4sk1fk1fl1.tiff,plate_41002698/r05c13f01p01-ch3sk1fk1fl1.tiff,plate_41002698/r05c13f01p01-ch5sk1fk1fl1.tiff,0.137,Sulfasalazine,train,0
p41002698_E13_s01,plate_41002698,p41002698_E13,1,Sulfasalazine,OASIS018,0.1369294673204422,0.9209575653076172,0.0225135367363691,Antibiotic; Apoptosis; Autophagy; Bacterial; Ferroptosis; NF-κB,OC(C1=C(O)C=CC(/N=N/C2=CC=C(S(=O)(NC3=NC=CC=C3)=O)C=C2)=C1)=O,plate_41002698/r05c13f01p01-ch6sk1fk1fl1.tiff,plate_41002698/r05c13f01p01-ch1sk1fk1fl1.tiff,plate_41002698/r05c13f01p01-ch2sk1fk1fl1.tiff,plate_41002698/r05c13f01p01-ch4sk1fk1fl1.tiff,plate_41002698/r05c13f01p01-ch3sk1fk1fl1.tiff,plate_41002698/r05c13f01p01-ch5sk1fk1fl1.tiff,0.137,Sulfasalazine,train,0
p41002698_E19_s01,plate_41002698,p41002698_E19,1,Benzonatate,OASIS1521,0.1369294673204422,0.9547541737556458,0.0112771242856979,Sodium Channel,O=C(OCCOCCOCCOCCOCCOCCOCCOCCOCCOC)C1=CC=C(NCCCC)C=C1,plate_41002698/r05c19f01p01-ch6sk1fk1fl1.tiff,plate_41002698/r05c19f01p01-ch1sk1fk1fl1.tiff,plate_41002698/r05c19f01p01-ch2sk1fk1fl1.tiff,plate_41002698/r05c19f01p01-ch4sk1fk1fl1.tiff,plate_41002698/r05c19f01p01-ch3sk1fk1fl1.tiff,plate_41002698/r05c19f01p01-ch5sk1fk1fl1.tiff,0.137,Benzonatate,train,1
p41002698_E22_s01,plate_41002698,p41002698_E22,1,Ivermectin,OASIS1337,0.1369294673204422,1.1274337768554688,0.0168953314423561,Antibiotic; Autophagy; Bacterial; Dengue virus; Flavivirus; HIV; HSV; Mitophagy; Parasite; SARS-CoV,CO[C@H]1C[C@H](O[C@H]2[C@H](C)O[C@@H](O[C@H](/C(C)=C/C[C@@H]3C[C@H]4C[C@@]5(O[C@]([H])(C(C)C)[C@@H](C)CC5)O3)[C@@H](C)/C=C/C=C6CO[C@@]7([H])[C@]\6(O)[C@H](C(O4)=O)C=C(C)[C@H]7O)C[C@@H]2OC)O[C@@H](C)[C@@H]1O.CO[C@H]8C[C@H](O[C@H]9[C@H](C)O[C@@H](O[C@H](/C(C)=C/C[C@@H]%10C[C@H]%11C[C@@]%12(O[C@]([H])([C@@H](C)CC)[C@@H](C)CC%12)O%10)[C@@H](C)/C=C/C=C%13CO[C@@]%14([H])[C@]\%13(O)[C@H](C(O%11)=O)C=C(C)[C@H]%14O)C[C@@H]9OC)O[C@@H](C)[C@@H]8O,plate_41002698/r05c22f01p01-ch6sk1fk1fl1.tiff,plate_41002698/r05c22f01p01-ch1sk1fk1fl1.tiff,plate_41002698/r05c22f01p01-ch2sk1fk1fl1.tiff,plate_41002698/r05c22f01p01-ch4sk1fk1fl1.tiff,plate_41002698/r05c22f01p01-ch3sk1fk1fl1.tiff,plate_41002698/r05c22f01p01-ch5sk1fk1fl1.tiff,0.137,Ivermectin,train,1
p41002698_E24_s01,plate_41002698,p41002698_E24,1,Retinoic acid,OASIS140,0.1369294673204422,1.202947974205017,0.1095957309007644,Autophagy; Endogenous Metabolite; Organoid; PPAR; RAR/RXR,CC1(C)C(/C=C/C(C)=C/C=C/C(C)=C/C(O)=O)=C(C)CCC1,plate_41002698/r05c24f01p01-ch6sk1fk1fl1.tiff,plate_41002698/r05c24f01p01-ch1sk1fk1fl1.tiff,plate_41002698/r05c24f01p01-ch2sk1fk1fl1.tiff,plate_41002698/r05c24f01p01-ch4sk1fk1fl1.tiff,plate_41002698/r05c24f01p01-ch3sk1fk1fl1.tiff,plate_41002698/r05c24f01p01-ch5sk1fk1fl1.tiff,0.137,Retinoic acid,test,1
p41002698_F13_s01,plate_41002698,p41002698_F13,1,Ifosfamide,OASIS1281,0.1369294673204422,0.946833074092865,-0.0252412166446447,DNA Alkylator/Crosslinker,ClCCN1P(OCCC1)(NCCCl)=O,plate_41002698/r06c13f01p01-ch6sk1fk1fl1.tiff,plate_41002698/r06c13f01p01-ch1sk1fk1fl1.tiff,plate_41002698/r06c13f01p01-ch2sk1fk1fl1.tiff,plate_41002698/r06c13f01p01-ch4sk1fk1fl1.tiff,plate_41002698/r06c13f01p01-ch3sk1fk1fl1.tiff,plate_41002698/r06c13f01p01-ch5sk1fk1fl1.tiff,0.137,Ifosfamide,train,1
p41002698_F15_s01,plate_41002698,p41002698_F15,1,Darifenacin,OASIS859,0.1369294673204422,0.976405143737793,0.014086227864027,mAChR,O=C(N)C(C1=CC=CC=C1)([C@H]2CN(CCC3=CC=C(OCC4)C4=C3)CC2)C5=CC=CC=C5,plate_41002698/r06c15f01p01-ch6sk1fk1fl1.tiff,plate_41002698/r06c15f01p01-ch1sk1fk1fl1.tiff,plate_41002698/r06c15f01p01-ch2sk1fk1fl1.tiff,plate_41002698/r06c15f01p01-ch4sk1fk1fl1.tiff,plate_41002698/r06c15f01p01-ch3sk1fk1fl1.tiff,plate_41002698/r06c15f01p01-ch5sk1fk1fl1.tiff,0.137,Darifenacin,train,0
p41002698_F17_s01,plate_41002698,p41002698_F17,1,Chlormezanone,OASIS040,0.1369294673204422,1.022875428199768,0.0084680216386914,GABA Receptor,O=C(CC1)N(C)C(C2=CC=C(Cl)C=C2)S1(=O)=O,plate_41002698/r06c17f01p01-ch6sk1fk1fl1.tiff,plate_41002698/r06c17f01p01-ch1sk1fk1fl1.tiff,plate_41002698/r06c17f01p01-ch2sk1fk1fl1.tiff,plate_41002698/r06c17f01p01-ch4sk1fk1fl1.tiff,plate_41002698/r06c17f01p01-ch3sk1fk1fl1.tiff,plate_41002698/r06c17f01p01-ch5sk1fk1fl1.tiff,0.137,Chlormezanone,train,1
p41002698_F20_s01,plate_41002698,p41002698_F20,1,control,,0.0,0.9632033109664916,-0.0196230094879865,,,plate_41002698/r06c20f01p01-ch6sk1fk1fl1.tiff,plate_41002698/r06c20f01p01-ch1sk1fk1fl1.tiff,plate_41002698/r06c20f01p01-ch2sk1fk1fl1.tiff,plate_41002698/r06c20f01p01-ch4sk1fk1fl1.tiff,plate_41002698/r06c20f01p01-ch3sk1fk1fl1.tiff,plate_41002698/r06c20f01p01-ch5sk1fk1fl1.tiff,none,control,test,1
p41002698_F23_s01,plate_41002698,p41002698_F23,1,Alpelisib,OASIS1957,0.1369294673204422,1.0968055725097656,4.0711951442062855e-05,PI3K,CC(N=C(S1)NC(N2CCC[C@H]2C(N)=O)=O)=C1C3=CC(C(C)(C(F)(F)F)C)=NC=C3,plate_41002698/r06c23f01p01-ch6sk1fk1fl1.tiff,plate_41002698/r06c23f01p01-ch1sk1fk1fl1.tiff,plate_41002698/r06c23f01p01-ch2sk1fk1fl1.tiff,plate_41002698/r06c23f01p01-ch4sk1fk1fl1.tiff,plate_41002698/r06c23f01p01-ch3sk1fk1fl1.tiff,plate_41002698/r06c23f01p01-ch5sk1fk1fl1.tiff,0.137,Alpelisib,train,0
p41002698_G16_s01,plate_41002698,p41002698_G16,1,Compound_59cfb866,,0.1369294673204422,0.9700682759284972,0.0056589180603623,,,plate_41002698/r07c16f01p01-ch6sk1fk1fl1.tiff,plate_41002698/r07c16f01p01-ch1sk1fk1fl1.tiff,plate_41002698/r07c16f01p01-ch2sk1fk1fl1.tiff,plate_41002698/r07c16f01p01-ch4sk1fk1fl1.tiff,plate_41002698/r07c16f01p01-ch3sk1fk1fl1.tiff,plate_41002698/r07c16f01p01-ch5sk1fk1fl1.tiff,0.137,Compound_59cfb866,train,0
p41002698_H12_s01,plate_41002698,p41002698_H12,1,control,,0.0,0.9436646699905396,-0.0140048032626509,,,plate_41002698/r08c12f01p01-ch6sk1fk1fl1.tiff,plate_41002698/r08c12f01p01-ch1sk1fk1fl1.tiff,plate_41002698/r08c12f01p01-ch2sk1fk1fl1.tiff,plate_41002698/r08c12f01p01-ch4sk1fk1fl1.tiff,plate_41002698/r08c12f01p01-ch3sk1fk1fl1.tiff,plate_41002698/r08c12f01p01-ch5sk1fk1fl1.tiff,none,control,train,0
p41002698_H15_s01,plate_41002698,p41002698_H15,1,control,,0.0,0.974820911884308,-0.0168139059096574,,,plate_41002698/r08c15f01p01-ch6sk1fk1fl1.tiff,plate_41002698/r08c15f01p01-ch1sk1fk1fl1.tiff,plate_41002698/r08c15f01p01-ch2sk1fk1fl1.tiff,plate_41002698/r08c15f01p01-ch4sk1fk1fl1.tiff,plate_41002698/r08c15f01p01-ch3sk1fk1fl1.tiff,plate_41002698/r08c15f01p01-ch5sk1fk1fl1.tiff,none,control,val,1
p41002698_I10_s01,plate_41002698,p41002698_I10,1,Famotidine,OASIS1103,0.1369294673204422,0.9605629444122314,-0.0898505896329879,Histamine Receptor,N=C(NS(=O)(N)=O)CCSCC1=CSC(NC(N)=N)=N1,plate_41002698/r09c10f01p01-ch6sk1fk1fl1.tiff,plate_41002698/r09c10f01p01-ch1sk1fk1fl1.tiff,plate_41002698/r09c10f01p01-ch2sk1fk1fl1.tiff,plate_41002698/r09c10f01p01-ch4sk1fk1fl1.tiff,plate_41002698/r09c10f01p01-ch3sk1fk1fl1.tiff,plate_41002698/r09c10f01p01-ch5sk1fk1fl1.tiff,0.137,Famotidine,train,1
p41002698_I18_s01,plate_41002698,p41002698_I18,1,Cephalothin,OASIS1000,0.1369294673204422,0.9996402859687804,-0.0336685255169868,Antibiotic; Bacterial; Beta-lactamase,O=C(C(N12)=C(COC(C)=O)CS[C@]2([H])[C@H](NC(CC3=CC=CS3)=O)C1=O)O,plate_41002698/r09c18f01p01-ch6sk1fk1fl1.tiff,plate_41002698/r09c18f01p01-ch1sk1fk1fl1.tiff,plate_41002698/r09c18f01p01-ch2sk1fk1fl1.tiff,plate_41002698/r09c18f01p01-ch4sk1fk1fl1.tiff,plate_41002698/r09c18f01p01-ch3sk1fk1fl1.tiff,plate_41002698/r09c18f01p01-ch5sk1fk1fl1.tiff,0.137,Cephalothin,train,1
p41002698_I23_s01,plate_41002698,p41002698_I23,1,Lercanidipine,OASIS861,0.1369294673204422,1.1142319440841677,-0.0617595575749874,Apoptosis; Calcium Channel; NF-κB; p38 MAPK; Reactive Oxygen Species,O=C(C1=C(C)NC(C)=C(C(OC)=O)C1C2=CC=CC([N+]([O-])=O)=C2)OC(C)(C)CN(CCC(C3=CC=CC=C3)C4=CC=CC=C4)C,plate_41002698/r09c23f01p01-ch6sk1fk1fl1.tiff,plate_41002698/r09c23f01p01-ch1sk1fk1fl1.tiff,plate_41002698/r09c23f01p01-ch2sk1fk1fl1.tiff,plate_41002698/r09c23f01p01-ch4sk1fk1fl1.tiff,plate_41002698/r09c23f01p01-ch3sk1fk1fl1.tiff,plate_41002698/r09c23f01p01-ch5sk1fk1fl1.tiff,0.137,Lercanidipine,test,1
p41002698_J11_s01,plate_41002698,p41002698_J11,1,Triheptanoin,OASIS1819,0.1369294673204422,1.0175946950912476,-0.0561413504183292,Others,CCCCCCC(OCC(OC(CCCCCC)=O)COC(CCCCCC)=O)=O,plate_41002698/r10c11f01p01-ch6sk1fk1fl1.tiff,plate_41002698/r10c11f01p01-ch1sk1fk1fl1.tiff,plate_41002698/r10c11f01p01-ch2sk1fk1fl1.tiff,plate_41002698/r10c11f01p01-ch4sk1fk1fl1.tiff,plate_41002698/r10c11f01p01-ch3sk1fk1fl1.tiff,plate_41002698/r10c11f01p01-ch5sk1fk1fl1.tiff,0.137,Triheptanoin,val,1
p41002698_J13_s01,plate_41002698,p41002698_J13,1,Compound_567dbb1e,,0.1369294673204422,0.9558103084564208,-0.0729959681630134,,,plate_41002698/r10c13f01p01-ch6sk1fk1fl1.tiff,plate_41002698/r10c13f01p01-ch1sk1fk1fl1.tiff,plate_41002698/r10c13f01p01-ch2sk1fk1fl1.tiff,plate_41002698/r10c13f01p01-ch4sk1fk1fl1.tiff,plate_41002698/r10c13f01p01-ch3sk1fk1fl1.tiff,plate_41002698/r10c13f01p01-ch5sk1fk1fl1.tiff,0.137,Compound_567dbb1e,test,0
p41002698_J16_s01,plate_41002698,p41002698_J16,1,Lapatinib,OASIS1355,0.1369294673204422,0.9119803309440612,-0.050523143261671,Autophagy; EGFR; Ferroptosis,O=S(CCNCC1=CC=C(C2=CC=C3C(C(NC4=CC(Cl)=C(C=C4)OCC5=CC(F)=CC=C5)=NC=N3)=C2)O1)(C)=O,plate_41002698/r10c16f01p01-ch6sk1fk1fl1.tiff,plate_41002698/r10c16f01p01-ch1sk1fk1fl1.tiff,plate_41002698/r10c16f01p01-ch2sk1fk1fl1.tiff,plate_41002698/r10c16f01p01-ch4sk1fk1fl1.tiff,plate_41002698/r10c16f01p01-ch3sk1fk1fl1.tiff,plate_41002698/r10c16f01p01-ch5sk1fk1fl1.tiff,0.137,Lapatinib,test,1
p41002698_J17_s01,plate_41002698,p41002698_J17,1,Dapagliflozin,OASIS1775,0.1369294673204422,0.9536980390548706,-0.0477140396833419,SGLT,O[C@H]1[C@H](C2=CC(CC3=CC=C(OCC)C=C3)=C(Cl)C=C2)O[C@H](CO)[C@@H](O)[C@@H]1O,plate_41002698/r10c17f01p01-ch6sk1fk1fl1.tiff,plate_41002698/r10c17f01p01-ch1sk1fk1fl1.tiff,plate_41002698/r10c17f01p01-ch2sk1fk1fl1.tiff,plate_41002698/r10c17f01p01-ch4sk1fk1fl1.tiff,plate_41002698/r10c17f01p01-ch3sk1fk1fl1.tiff,plate_41002698/r10c17f01p01-ch5sk1fk1fl1.tiff,0.137,Dapagliflozin,train,0
p41002698_J19_s01,plate_41002698,p41002698_J19,1,Griseofulvin,OASIS073,0.1369294673204422,1.04082989692688,-0.0420958362519741,Antibiotic; Apoptosis; Endogenous Metabolite; Fungal,O=C1[C@]2(C(OC)=CC(C[C@H]2C)=O)OC3=C(Cl)C(OC)=CC(OC)=C13,plate_41002698/r10c19f01p01-ch6sk1fk1fl1.tiff,plate_41002698/r10c19f01p01-ch1sk1fk1fl1.tiff,plate_41002698/r10c19f01p01-ch2sk1fk1fl1.tiff,plate_41002698/r10c19f01p01-ch4sk1fk1fl1.tiff,plate_41002698/r10c19f01p01-ch3sk1fk1fl1.tiff,plate_41002698/r10c19f01p01-ch5sk1fk1fl1.tiff,0.137,Griseofulvin,train,1
p41002698_K10_s01,plate_41002698,p41002698_K10,1,Thalidomide,OASIS1517,0.1369294673204422,0.9616191387176514,-0.0645686611533165,Autophagy; Ligands for E3 Ligase,O=C1N(C2CCC(NC2=O)=O)C(C3=CC=CC=C31)=O,plate_41002698/r11c10f01p01-ch6sk1fk1fl1.tiff,plate_41002698/r11c10f01p01-ch1sk1fk1fl1.tiff,plate_41002698/r11c10f01p01-ch2sk1fk1fl1.tiff,plate_41002698/r11c10f01p01-ch4sk1fk1fl1.tiff,plate_41002698/r11c10f01p01-ch3sk1fk1fl1.tiff,plate_41002698/r11c10f01p01-ch5sk1fk1fl1.tiff,0.137,Thalidomide,test,1
p41002698_K13_s01,plate_41002698,p41002698_K13,1,Compound_e48ed218,,0.1369294673204422,0.2070042192935943,0.233196273446083,,,plate_41002698/r11c13f01p01-ch6sk1fk1fl1.tiff,plate_41002698/r11c13f01p01-ch1sk1fk1fl1.tiff,plate_41002698/r11c13f01p01-ch2sk1fk1fl1.tiff,plate_41002698/r11c13f01p01-ch4sk1fk1fl1.tiff,plate_41002698/r11c13f01p01-ch3sk1fk1fl1.tiff,plate_41002698/r11c13f01p01-ch5sk1fk1fl1.tiff,0.137,Compound_e48ed218,train,0
p41002698_K22_s01,plate_41002698,p41002698_K22,1,Droperidol,OASIS1204,0.1369294673204422,1.0249876976013184,-0.0196230094879865,Dopamine Receptor,O=C1NC2=CC=CC=C2N1C3=CCN(CCCC(C4=CC=C(F)C=C4)=O)CC3,plate_41002698/r11c22f01p01-ch6sk1fk1fl1.tiff,plate_41002698/r11c22f01p01-ch1sk1fk1fl1.tiff,plate_41002698/r11c22f01p01-ch2sk1fk1fl1.tiff,plate_41002698/r11c22f01p01-ch4sk1fk1fl1.tiff,plate_41002698/r11c22f01p01-ch3sk1fk1fl1.tiff,plate_41002698/r11c22f01p01-ch5sk1fk1fl1.tiff,0.137,Droperidol,train,1
p41002698_L11_s01,plate_41002698,p41002698_L11,1,Carmustine,OASIS1398,0.1369294673204422,1.0054490566253662,-0.0477140396833419,DNA Alkylator/Crosslinker,O=C(NCCCl)N(CCCl)N=O,plate_41002698/r12c11f01p01-ch6sk1fk1fl1.tiff,plate_41002698/r12c11f01p01-ch1sk1fk1fl1.tiff,plate_41002698/r12c11f01p01-ch2sk1fk1fl1.tiff,plate_41002698/r12c11f01p01-ch4sk1fk1fl1.tiff,plate_41002698/r12c11f01p01-ch3sk1fk1fl1.tiff,plate_41002698/r12c11f01p01-ch5sk1fk1fl1.tiff,0.137,Carmustine,train,1
p41002698_L15_s01,plate_41002698,p41002698_L15,1,Capsaicin,OASIS1503,0.1369294673204422,0.9816858768463136,-0.039286732673645,Apoptosis; Autophagy; Endogenous Metabolite; TRP Channel,CC(C)/C=C/CCCCC(NCC1=CC=C(O)C(OC)=C1)=O,plate_41002698/r12c15f01p01-ch6sk1fk1fl1.tiff,plate_41002698/r12c15f01p01-ch1sk1fk1fl1.tiff,plate_41002698/r12c15f01p01-ch2sk1fk1fl1.tiff,plate_41002698/r12c15f01p01-ch4sk1fk1fl1.tiff,plate_41002698/r12c15f01p01-ch3sk1fk1fl1.tiff,plate_41002698/r12c15f01p01-ch5sk1fk1fl1.tiff,0.137,Capsaicin,train,1
p41002698_L19_s01,plate_41002698,p41002698_L19,1,Sorafenib,OASIS1340,0.1369294673204422,0.9874946475028992,-0.0168139059096574,Apoptosis; Autophagy; Ferroptosis; FLT3; Raf; VEGFR,O=C(NC(C=C1)=CC=C1OC2=CC(C(NC)=O)=NC=C2)NC3=CC=C(Cl)C(C(F)(F)F)=C3,plate_41002698/r12c19f01p01-ch6sk1fk1fl1.tiff,plate_41002698/r12c19f01p01-ch1sk1fk1fl1.tiff,plate_41002698/r12c19f01p01-ch2sk1fk1fl1.tiff,plate_41002698/r12c19f01p01-ch4sk1fk1fl1.tiff,plate_41002698/r12c19f01p01-ch3sk1fk1fl1.tiff,plate_41002698/r12c19f01p01-ch5sk1fk1fl1.tiff,0.137,Sorafenib,test,1
p41002698_M13_s01,plate_41002698,p41002698_M13,1,Olmesartan,OASIS831,0.1369294673204422,0.9352155327796936,0.0056589180603623,Angiotensin Receptor,O=C(O)C1=C(N=C(N1CC2=CC=C(C=C2)C3=CC=CC=C3C4=NN=NN4)CCC)C(O)(C)C,plate_41002698/r13c13f01p01-ch6sk1fk1fl1.tiff,plate_41002698/r13c13f01p01-ch1sk1fk1fl1.tiff,plate_41002698/r13c13f01p01-ch2sk1fk1fl1.tiff,plate_41002698/r13c13f01p01-ch4sk1fk1fl1.tiff,plate_41002698/r13c13f01p01-ch3sk1fk1fl1.tiff,plate_41002698/r13c13f01p01-ch5sk1fk1fl1.tiff,0.137,Olmesartan,test,0
p41002698_M14_s01,plate_41002698,p41002698_M14,1,Panobinostat,OASIS1808,0.1369294673204422,0.8628696799278259,0.0730773955583572,Apoptosis; Autophagy; HDAC; HIV,O=C(/C=C/C1=CC=C(CNCCC2=C(NC3=C2C=CC=C3)C)C=C1)NO,plate_41002698/r13c14f01p01-ch6sk1fk1fl1.tiff,plate_41002698/r13c14f01p01-ch1sk1fk1fl1.tiff,plate_41002698/r13c14f01p01-ch2sk1fk1fl1.tiff,plate_41002698/r13c14f01p01-ch4sk1fk1fl1.tiff,plate_41002698/r13c14f01p01-ch3sk1fk1fl1.tiff,plate_41002698/r13c14f01p01-ch5sk1fk1fl1.tiff,0.137,Panobinostat,val,0
p41002698_M15_s01,plate_41002698,p41002698_M15,1,Umbralisib,OASIS1859,0.1369294673204422,1.0307965278625488,4.0711951442062855e-05,Casein Kinase; PI3K,O=C1C(C2=CC=CC(F)=C2)=C([C@@H](N3N=C(C4=CC=C(OC(C)C)C(F)=C4)C5=C(N)N=CN=C53)C)OC6=CC=C(F)C=C16,plate_41002698/r13c15f01p01-ch6sk1fk1fl1.tiff,plate_41002698/r13c15f01p01-ch1sk1fk1fl1.tiff,plate_41002698/r13c15f01p01-ch2sk1fk1fl1.tiff,plate_41002698/r13c15f01p01-ch4sk1fk1fl1.tiff,plate_41002698/r13c15f01p01-ch3sk1fk1fl1.tiff,plate_41002698/r13c15f01p01-ch5sk1fk1fl1.tiff,0.137,Umbralisib,train,0
p41002698_O12_s01,plate_41002698,p41002698_O12,1,control,,0.0,1.0012245178222656,0.0786956027150154,,,plate_41002698/r15c12f01p01-ch6sk1fk1fl1.tiff,plate_41002698/r15c12f01p01-ch1sk1fk1fl1.tiff,plate_41002698/r15c12f01p01-ch2sk1fk1fl1.tiff,plate_41002698/r15c12f01p01-ch4sk1fk1fl1.tiff,plate_41002698/r15c12f01p01-ch3sk1fk1fl1.tiff,plate_41002698/r15c12f01p01-ch5sk1fk1fl1.tiff,none,control,val,0
p41002698_P20_s01,plate_41002698,p41002698_P20,1,control,,0.0,1.1279617547988892,0.0927411168813705,,,plate_41002698/r16c20f01p01-ch6sk1fk1fl1.tiff,plate_41002698/r16c20f01p01-ch1sk1fk1fl1.tiff,plate_41002698/r16c20f01p01-ch2sk1fk1fl1.tiff,plate_41002698/r16c20f01p01-ch4sk1fk1fl1.tiff,plate_41002698/r16c20f01p01-ch3sk1fk1fl1.tiff,plate_41002698/r16c20f01p01-ch5sk1fk1fl1.tiff,none,control,train,1
p41002699_C13_s08,plate_41002699,p41002699_C13,8,Plicamycin,OASIS1215,0.1369294673204422,0.3724466562271118,0.2251520454883575,Antibiotic; Bacterial; DNA/RNA Synthesis; Glutathione S-transferase,O=C([C@H]([C@@]([C@H](OC)C([C@@H](O)[C@H](O)C)=O)([H])C1)O[C@@](O[C@H](C)[C@H]2O)([H])C[C@H]2O[C@@](O[C@H](C)[C@@H]3O)([H])C[C@H]3O[C@@](O[C@H](C)[C@H]4O)([H])C[C@@]4(O)C)C(C1=CC5=CC(O[C@H](O[C@H](C)[C@H]6O)C[C@H]6O[C@@](O[C@H](C)[C@H]7O)([H])C[C@H]7O)=C(C)C(O)=C85)=C8O,plate_41002699/r03c13f08p01-ch6sk1fk1fl1.tiff,plate_41002699/r03c13f08p01-ch1sk1fk1fl1.tiff,plate_41002699/r03c13f08p01-ch2sk1fk1fl1.tiff,plate_41002699/r03c13f08p01-ch4sk1fk1fl1.tiff,plate_41002699/r03c13f08p01-ch3sk1fk1fl1.tiff,plate_41002699/r03c13f08p01-ch5sk1fk1fl1.tiff,0.137,Plicamycin,train,0
p41002699_C20_s08,plate_41002699,p41002699_C20,8,control,,0.0,1.0646653175354004,0.0139189381152391,,,plate_41002699/r03c20f08p01-ch6sk1fk1fl1.tiff,plate_41002699/r03c20f08p01-ch1sk1fk1fl1.tiff,plate_41002699/r03c20f08p01-ch2sk1fk1fl1.tiff,plate_41002699/r03c20f08p01-ch4sk1fk1fl1.tiff,plate_41002699/r03c20f08p01-ch3sk1fk1fl1.tiff,plate_41002699/r03c20f08p01-ch5sk1fk1fl1.tiff,none,control,val,0
p41002699_C24_s08,plate_41002699,p41002699_C24,8,Nifurtimox,OASIS1788,0.1369294673204422,1.2413115501403809,0.1462916880846023,Lactate Dehydrogenase; Parasite,O=S1(CC(C)N(/N=C/C2=CC=C([N+]([O-])=O)O2)CC1)=O,plate_41002699/r03c24f08p01-ch6sk1fk1fl1.tiff,plate_41002699/r03c24f08p01-ch1sk1fk1fl1.tiff,plate_41002699/r03c24f08p01-ch2sk1fk1fl1.tiff,plate_41002699/r03c24f08p01-ch4sk1fk1fl1.tiff,plate_41002699/r03c24f08p01-ch3sk1fk1fl1.tiff,plate_41002699/r03c24f08p01-ch5sk1fk1fl1.tiff,0.137,Nifurtimox,test,0
p41002699_D24_s08,plate_41002699,p41002699_D24,8,β-Naphthoflavone,OASIS330,0.1369294673204422,1.057748556137085,0.1631903350353241,Apoptosis; Aryl Hydrocarbon Receptor,O=C1C2=C3C=CC=CC3=CC=C2OC(C4=CC=CC=C4)=C1,plate_41002699/r04c24f08p01-ch6sk1fk1fl1.tiff,plate_41002699/r04c24f08p01-ch1sk1fk1fl1.tiff,plate_41002699/r04c24f08p01-ch2sk1fk1fl1.tiff,plate_41002699/r04c24f08p01-ch4sk1fk1fl1.tiff,plate_41002699/r04c24f08p01-ch3sk1fk1fl1.tiff,plate_41002699/r04c24f08p01-ch5sk1fk1fl1.tiff,0.137,β-Naphthoflavone,train,0
p41002699_F12_s08,plate_41002699,p41002699_F12,8,control,,0.0,0.8965322971343994,0.0054696137085556,,,plate_41002699/r06c12f08p01-ch6sk1fk1fl1.tiff,plate_41002699/r06c12f08p01-ch1sk1fk1fl1.tiff,plate_41002699/r06c12f08p01-ch2sk1fk1fl1.tiff,plate_41002699/r06c12f08p01-ch4sk1fk1fl1.tiff,plate_41002699/r06c12f08p01-ch3sk1fk1fl1.tiff,plate_41002699/r06c12f08p01-ch5sk1fk1fl1.tiff,none,control,val,1
p41002699_G11_s08,plate_41002699,p41002699_G11,8,Dantrolene,OASIS069,0.1369294673204422,0.8906795978546143,-0.1100044846534729,Autophagy; Calcium Channel,O=C1NC(CN1/N=C/C2=CC=C(C3=CC=C([N+]([O-])=O)C=C3)O2)=O,plate_41002699/r07c11f08p01-ch6sk1fk1fl1.tiff,plate_41002699/r07c11f08p01-ch1sk1fk1fl1.tiff,plate_41002699/r07c11f08p01-ch2sk1fk1fl1.tiff,plate_41002699/r07c11f08p01-ch4sk1fk1fl1.tiff,plate_41002699/r07c11f08p01-ch3sk1fk1fl1.tiff,plate_41002699/r07c11f08p01-ch5sk1fk1fl1.tiff,0.137,Dantrolene,train,1
p41002699_G16_s08,plate_41002699,p41002699_G16,8,Tasimelteon,OASIS1885,0.1369294673204422,0.9662330746650696,0.0139189381152391,Melatonin Receptor,[H][C@]1(C2=C3C(OCC3)=CC=C2)[C@@](CNC(CC)=O)([H])C1,plate_41002699/r07c16f08p01-ch6sk1fk1fl1.tiff,plate_41002699/r07c16f08p01-ch1sk1fk1fl1.tiff,plate_41002699/r07c16f08p01-ch2sk1fk1fl1.tiff,plate_41002699/r07c16f08p01-ch4sk1fk1fl1.tiff,plate_41002699/r07c16f08p01-ch3sk1fk1fl1.tiff,plate_41002699/r07c16f08p01-ch5sk1fk1fl1.tiff,0.137,Tasimelteon,val,0
p41002699_G17_s08,plate_41002699,p41002699_G17,8,Dirithromycin,OASIS1367,0.1369294673204422,0.9688933491706848,-0.0367770083248615,Antibiotic; Bacterial,CC1[C@@]([C@](O)([C@H](OC([C@@H]2C)=O)CC)C)([H])O[C@H](COCCOC)N[C@@]1([H])[C@](C[C@@](O)([C@@H]([C@@H](C)[C@]2([H])O[C@@](O[C@@H](C)[C@@H]3O)([H])C[C@@]3(C)OC)O[C@@](O[C@H](C)C[C@@H]4N(C)C)([H])[C@@H]4O)C)([H])C,plate_41002699/r07c17f08p01-ch6sk1fk1fl1.tiff,plate_41002699/r07c17f08p01-ch1sk1fk1fl1.tiff,plate_41002699/r07c17f08p01-ch2sk1fk1fl1.tiff,plate_41002699/r07c17f08p01-ch4sk1fk1fl1.tiff,plate_41002699/r07c17f08p01-ch3sk1fk1fl1.tiff,plate_41002699/r07c17f08p01-ch5sk1fk1fl1.tiff,0.137,Dirithromycin,train,0
p41002699_H11_s08,plate_41002699,p41002699_H11,8,control,,0.0,0.9805988669395448,-0.0367770083248615,,,plate_41002699/r08c11f08p01-ch6sk1fk1fl1.tiff,plate_41002699/r08c11f08p01-ch1sk1fk1fl1.tiff,plate_41002699/r08c11f08p01-ch2sk1fk1fl1.tiff,plate_41002699/r08c11f08p01-ch4sk1fk1fl1.tiff,plate_41002699/r08c11f08p01-ch3sk1fk1fl1.tiff,plate_41002699/r08c11f08p01-ch5sk1fk1fl1.tiff,none,control,train,0
p41002699_I10_s08,plate_41002699,p41002699_I10,8,Irinotecan,OASIS744,0.1369294673204422,0.9667651057243348,-0.0902893990278244,Autophagy; Topoisomerase,O=C(N1CCC(N2CCCCC2)CC1)OC3=CC=C4N=C5C(CN6C(C(COC([C@@]7(CC)O)=O)=C7C=C65)=O)=C(CC)C4=C3,plate_41002699/r09c10f08p01-ch6sk1fk1fl1.tiff,plate_41002699/r09c10f08p01-ch1sk1fk1fl1.tiff,plate_41002699/r09c10f08p01-ch2sk1fk1fl1.tiff,plate_41002699/r09c10f08p01-ch4sk1fk1fl1.tiff,plate_41002699/r09c10f08p01-ch3sk1fk1fl1.tiff,plate_41002699/r09c10f08p01-ch5sk1fk1fl1.tiff,0.137,Irinotecan,test,0
p41002699_I11_s08,plate_41002699,p41002699_I11,8,Oseltamivir,OASIS1570,0.1369294673204422,0.9055774211883544,-0.0621249824762344,Influenza Virus,O=C(OCC)C1=C[C@H]([C@@H]([C@H](C1)N)NC(C)=O)OC(CC)CC,plate_41002699/r09c11f08p01-ch6sk1fk1fl1.tiff,plate_41002699/r09c11f08p01-ch1sk1fk1fl1.tiff,plate_41002699/r09c11f08p01-ch2sk1fk1fl1.tiff,plate_41002699/r09c11f08p01-ch4sk1fk1fl1.tiff,plate_41002699/r09c11f08p01-ch3sk1fk1fl1.tiff,plate_41002699/r09c11f08p01-ch5sk1fk1fl1.tiff,0.137,Oseltamivir,train,0
p41002699_I15_s08,plate_41002699,p41002699_I15,8,6-Thioguanine,OASIS1225,0.1369294673204422,0.9204753041267396,-0.0705743059515953,Apoptosis; Autophagy; Deubiquitinase; DNA Methyltransferase; Endogenous Metabolite; SARS-CoV,SC1=NC(N)=NC2=C1N=CN2,plate_41002699/r09c15f08p01-ch6sk1fk1fl1.tiff,plate_41002699/r09c15f08p01-ch1sk1fk1fl1.tiff,plate_41002699/r09c15f08p01-ch2sk1fk1fl1.tiff,plate_41002699/r09c15f08p01-ch4sk1fk1fl1.tiff,plate_41002699/r09c15f08p01-ch3sk1fk1fl1.tiff,plate_41002699/r09c15f08p01-ch5sk1fk1fl1.tiff,0.137,6-Thioguanine,test,0
p41002699_I21_s08,plate_41002699,p41002699_I21,8,Siponimod,OASIS1805,0.1369294673204422,1.014119029045105,-0.0508592166006565,LPL Receptor,O=C(C1CN(CC2=CC=C(/C(C)=N/OCC3=CC=C(C4CCCCC4)C(C(F)(F)F)=C3)C=C2CC)C1)O,plate_41002699/r09c21f08p01-ch6sk1fk1fl1.tiff,plate_41002699/r09c21f08p01-ch1sk1fk1fl1.tiff,plate_41002699/r09c21f08p01-ch2sk1fk1fl1.tiff,plate_41002699/r09c21f08p01-ch4sk1fk1fl1.tiff,plate_41002699/r09c21f08p01-ch3sk1fk1fl1.tiff,plate_41002699/r09c21f08p01-ch5sk1fk1fl1.tiff,0.137,Siponimod,train,1
p41002699_J14_s08,plate_41002699,p41002699_J14,8,Gabapentin enacarbil,OASIS1791,0.1369294673204422,0.9641047716140748,-0.0198783595114946,Calcium Channel,O=C(O)CC1(CNC(OC(OC(C(C)C)=O)C)=O)CCCCC1,plate_41002699/r10c14f08p01-ch6sk1fk1fl1.tiff,plate_41002699/r10c14f08p01-ch1sk1fk1fl1.tiff,plate_41002699/r10c14f08p01-ch2sk1fk1fl1.tiff,plate_41002699/r10c14f08p01-ch4sk1fk1fl1.tiff,plate_41002699/r10c14f08p01-ch3sk1fk1fl1.tiff,plate_41002699/r10c14f08p01-ch5sk1fk1fl1.tiff,0.137,Gabapentin enacarbil,test,1
p41002699_J15_s08,plate_41002699,p41002699_J15,8,Edoxaban (tosylate),OASIS1737,0.1369294673204422,0.9492068886756896,-0.0705743059515953,Factor Xa; Thrombin,O=C(N(C)C)[C@@H](CC1)C[C@H]([C@H]1NC(C(NC(C=C2)=NC=C2Cl)=O)=O)NC(C3=NC(CC4)=C(CN4C)S3)=O.O=S(C5=CC=C(C)C=C5)(O)=O,plate_41002699/r10c15f08p01-ch6sk1fk1fl1.tiff,plate_41002699/r10c15f08p01-ch1sk1fk1fl1.tiff,plate_41002699/r10c15f08p01-ch2sk1fk1fl1.tiff,plate_41002699/r10c15f08p01-ch4sk1fk1fl1.tiff,plate_41002699/r10c15f08p01-ch3sk1fk1fl1.tiff,plate_41002699/r10c15f08p01-ch5sk1fk1fl1.tiff,0.137,Edoxaban (tosylate),test,1
p41002699_J18_s08,plate_41002699,p41002699_J18,8,Zalcitabine,OASIS648,0.1369294673204422,1.0449788570404053,-0.073390744626522,HIV; Reverse Transcriptase,OC[C@@H]1CC[C@H](N2C=CC(N)=NC2=O)O1,plate_41002699/r10c18f08p01-ch6sk1fk1fl1.tiff,plate_41002699/r10c18f08p01-ch1sk1fk1fl1.tiff,plate_41002699/r10c18f08p01-ch2sk1fk1fl1.tiff,plate_41002699/r10c18f08p01-ch4sk1fk1fl1.tiff,plate_41002699/r10c18f08p01-ch3sk1fk1fl1.tiff,plate_41002699/r10c18f08p01-ch5sk1fk1fl1.tiff,0.137,Zalcitabine,test,1
p41002699_J19_s08,plate_41002699,p41002699_J19,8,Thio-TEPA,OASIS607,0.1369294673204422,0.9768743515014648,-0.0677578672766685,Antibiotic; Bacterial; DNA Alkylator/Crosslinker,S=P(N1CC1)(N2CC2)N3CC3,plate_41002699/r10c19f08p01-ch6sk1fk1fl1.tiff,plate_41002699/r10c19f08p01-ch1sk1fk1fl1.tiff,plate_41002699/r10c19f08p01-ch2sk1fk1fl1.tiff,plate_41002699/r10c19f08p01-ch4sk1fk1fl1.tiff,plate_41002699/r10c19f08p01-ch3sk1fk1fl1.tiff,plate_41002699/r10c19f08p01-ch5sk1fk1fl1.tiff,0.137,Thio-TEPA,test,0
p41002699_J21_s08,plate_41002699,p41002699_J21,8,Ozagrel,OASIS1264,0.1369294673204422,1.0396581888198853,-0.087472952902317,Prostaglandin Receptor,O=C(O)/C=C/C1=CC=C(CN2C=CN=C2)C=C1,plate_41002699/r10c21f08p01-ch6sk1fk1fl1.tiff,plate_41002699/r10c21f08p01-ch1sk1fk1fl1.tiff,plate_41002699/r10c21f08p01-ch2sk1fk1fl1.tiff,plate_41002699/r10c21f08p01-ch4sk1fk1fl1.tiff,plate_41002699/r10c21f08p01-ch3sk1fk1fl1.tiff,plate_41002699/r10c21f08p01-ch5sk1fk1fl1.tiff,0.137,Ozagrel,train,1
p41002699_J24_s08,plate_41002699,p41002699_J24,8,Troglitazone,OASIS1444,0.1369294673204422,0.9880477786064148,0.0674313232302665,Apoptosis; Autophagy; Ferroptosis; PPAR,O=C(SC1CC(C=C2)=CC=C2OCC3(C)OC(C(CC3)=C4C)=C(C)C(C)=C4O)NC1=O,plate_41002699/r10c24f08p01-ch6sk1fk1fl1.tiff,plate_41002699/r10c24f08p01-ch1sk1fk1fl1.tiff,plate_41002699/r10c24f08p01-ch2sk1fk1fl1.tiff,plate_41002699/r10c24f08p01-ch4sk1fk1fl1.tiff,plate_41002699/r10c24f08p01-ch3sk1fk1fl1.tiff,plate_41002699/r10c24f08p01-ch5sk1fk1fl1.tiff,0.137,Troglitazone,test,1
p41002699_K17_s08,plate_41002699,p41002699_K17,8,Macitentan,OASIS1840,0.1369294673204422,1.01465106010437,-0.073390744626522,Apoptosis; Endothelin Receptor,BrC1=CN=C(OCCOC2=C(C3=CC=C(Br)C=C3)C(NS(NCCC)(=O)=O)=NC=N2)N=C1,plate_41002699/r11c17f08p01-ch6sk1fk1fl1.tiff,plate_41002699/r11c17f08p01-ch1sk1fk1fl1.tiff,plate_41002699/r11c17f08p01-ch2sk1fk1fl1.tiff,plate_41002699/r11c17f08p01-ch4sk1fk1fl1.tiff,plate_41002699/r11c17f08p01-ch3sk1fk1fl1.tiff,plate_41002699/r11c17f08p01-ch5sk1fk1fl1.tiff,0.137,Macitentan,test,1
p41002699_K19_s08,plate_41002699,p41002699_K19,8,Bifenazate,OASIS411,0.1369294673204422,0.9204753041267396,-0.0536756590008735,GABA Receptor,COC1=CC=C(C2=CC=CC=C2)C=C1NNC(OC(C)C)=O,plate_41002699/r11c19f08p01-ch6sk1fk1fl1.tiff,plate_41002699/r11c19f08p01-ch1sk1fk1fl1.tiff,plate_41002699/r11c19f08p01-ch2sk1fk1fl1.tiff,plate_41002699/r11c19f08p01-ch4sk1fk1fl1.tiff,plate_41002699/r11c19f08p01-ch3sk1fk1fl1.tiff,plate_41002699/r11c19f08p01-ch5sk1fk1fl1.tiff,0.137,Bifenazate,train,1
p41002699_K22_s08,plate_41002699,p41002699_K22,8,Ebrotidine,OASIS1376,0.1369294673204422,1.0167794227600098,-0.0311441253870725,Histamine Receptor,O=S(C1=CC=C(Br)C=C1)(/N=C/NCCSCC2=CSC(NC(N)=N)=N2)=O,plate_41002699/r11c22f08p01-ch6sk1fk1fl1.tiff,plate_41002699/r11c22f08p01-ch1sk1fk1fl1.tiff,plate_41002699/r11c22f08p01-ch2sk1fk1fl1.tiff,plate_41002699/r11c22f08p01-ch4sk1fk1fl1.tiff,plate_41002699/r11c22f08p01-ch3sk1fk1fl1.tiff,plate_41002699/r11c22f08p01-ch5sk1fk1fl1.tiff,0.137,Ebrotidine,test,0
p41002699_K23_s08,plate_41002699,p41002699_K23,8,Compound_06965c8b,,0.1369294673204422,1.04231858253479,-0.0142454765737056,,,plate_41002699/r11c23f08p01-ch6sk1fk1fl1.tiff,plate_41002699/r11c23f08p01-ch1sk1fk1fl1.tiff,plate_41002699/r11c23f08p01-ch2sk1fk1fl1.tiff,plate_41002699/r11c23f08p01-ch4sk1fk1fl1.tiff,plate_41002699/r11c23f08p01-ch3sk1fk1fl1.tiff,plate_41002699/r11c23f08p01-ch5sk1fk1fl1.tiff,0.137,Compound_06965c8b,val,1
p41002699_K24_s08,plate_41002699,p41002699_K24,8,Mefenamic acid,OASIS057,0.1369294673204422,1.1428791284561155,0.1293930411338806,COX,O=C(O)C1=CC=CC=C1NC2=CC=CC(C)=C2C,plate_41002699/r11c24f08p01-ch6sk1fk1fl1.tiff,plate_41002699/r11c24f08p01-ch1sk1fk1fl1.tiff,plate_41002699/r11c24f08p01-ch2sk1fk1fl1.tiff,plate_41002699/r11c24f08p01-ch4sk1fk1fl1.tiff,plate_41002699/r11c24f08p01-ch3sk1fk1fl1.tiff,plate_41002699/r11c24f08p01-ch5sk1fk1fl1.tiff,0.137,Mefenamic acid,val,0
p41002699_L21_s08,plate_41002699,p41002699_L21,8,Etravirine,OASIS886,0.1369294673204422,1.060940861701965,-0.0226948019117116,HIV; Reverse Transcriptase,N#CC1=CC(C)=C(C(C)=C1)OC2=NC(NC3=CC=C(C=C3)C#N)=NC(N)=C2Br,plate_41002699/r12c21f08p01-ch6sk1fk1fl1.tiff,plate_41002699/r12c21f08p01-ch1sk1fk1fl1.tiff,plate_41002699/r12c21f08p01-ch2sk1fk1fl1.tiff,plate_41002699/r12c21f08p01-ch4sk1fk1fl1.tiff,plate_41002699/r12c21f08p01-ch3sk1fk1fl1.tiff,plate_41002699/r12c21f08p01-ch5sk1fk1fl1.tiff,0.137,Etravirine,train,0
p41002699_L23_s08,plate_41002699,p41002699_L23,8,Telaprevir,OASIS980,0.1369294673204422,1.047107219696045,-0.0818400755524635,HCV; HCV Protease; SARS-CoV,O=C(N([C@@H]1C(N[C@H](C(C(NC2CC2)=O)=O)CCC)=O)C[C@@]3(CCC[C@@]31[H])[H])[C@@H](NC([C@@H](NC(C4=NC=CN=C4)=O)C5CCCCC5)=O)C(C)(C)C,plate_41002699/r12c23f08p01-ch6sk1fk1fl1.tiff,plate_41002699/r12c23f08p01-ch1sk1fk1fl1.tiff,plate_41002699/r12c23f08p01-ch2sk1fk1fl1.tiff,plate_41002699/r12c23f08p01-ch4sk1fk1fl1.tiff,plate_41002699/r12c23f08p01-ch3sk1fk1fl1.tiff,plate_41002699/r12c23f08p01-ch5sk1fk1fl1.tiff,0.137,Telaprevir,train,0
p41002699_O12_s08,plate_41002699,p41002699_O12,8,control,,0.0,0.9907081127166748,0.1124943867325782,,,plate_41002699/r15c12f08p01-ch6sk1fk1fl1.tiff,plate_41002699/r15c12f08p01-ch1sk1fk1fl1.tiff,plate_41002699/r15c12f08p01-ch2sk1fk1fl1.tiff,plate_41002699/r15c12f08p01-ch4sk1fk1fl1.tiff,plate_41002699/r15c12f08p01-ch3sk1fk1fl1.tiff,plate_41002699/r15c12f08p01-ch5sk1fk1fl1.tiff,none,control,train,1
p41002700_A16_s01,plate_41002700,p41002700_A16,1,Dasatinib,OASIS1044,33.5,0.4470482170581817,0.2569217681884765,Apoptosis; Autophagy; Bcr-Abl; Src,O=C(C1=CN=C(S1)NC2=NC(C)=NC(N3CCN(CC3)CCO)=C2)NC4=C(C=CC=C4Cl)C,plate_41002700/r01c16f01p01-ch6sk1fk1fl1.tiff,plate_41002700/r01c16f01p01-ch1sk1fk1fl1.tiff,plate_41002700/r01c16f01p01-ch2sk1fk1fl1.tiff,plate_41002700/r01c16f01p01-ch4sk1fk1fl1.tiff,plate_41002700/r01c16f01p01-ch3sk1fk1fl1.tiff,plate_41002700/r01c16f01p01-ch5sk1fk1fl1.tiff,33.5,Dasatinib,train,0
p41002700_A18_s01,plate_41002700,p41002700_A18,1,Compound_d60a93f5,,33.5,0.6561155319213867,0.4126465916633606,,,plate_41002700/r01c18f01p01-ch6sk1fk1fl1.tiff,plate_41002700/r01c18f01p01-ch1sk1fk1fl1.tiff,plate_41002700/r01c18f01p01-ch2sk1fk1fl1.tiff,plate_41002700/r01c18f01p01-ch4sk1fk1fl1.tiff,plate_41002700/r01c18f01p01-ch3sk1fk1fl1.tiff,plate_41002700/r01c18f01p01-ch5sk1fk1fl1.tiff,33.5,Compound_d60a93f5,train,1
p41002700_B15_s01,plate_41002700,p41002700_B15,1,Nifurtimox,OASIS1788,33.5,1.0464487075805664,0.0706081464886665,Lactate Dehydrogenase; Parasite,O=S1(CC(C)N(/N=C/C2=CC=C([N+]([O-])=O)O2)CC1)=O,plate_41002700/r02c15f01p01-ch6sk1fk1fl1.tiff,plate_41002700/r02c15f01p01-ch1sk1fk1fl1.tiff,plate_41002700/r02c15f01p01-ch2sk1fk1fl1.tiff,plate_41002700/r02c15f01p01-ch4sk1fk1fl1.tiff,plate_41002700/r02c15f01p01-ch3sk1fk1fl1.tiff,plate_41002700/r02c15f01p01-ch5sk1fk1fl1.tiff,33.5,Nifurtimox,test,0
p41002700_B24_s01,plate_41002700,p41002700_B24,1,Entrectinib,OASIS1729,33.5,0.088964819908142,0.7797122597694397,Anaplastic lymphoma kinase (ALK); Autophagy; ROS Kinase; Trk Receptor,O=C(NC1=NNC2=C1C=C(CC3=CC(F)=CC(F)=C3)C=C2)C4=C(NC5CCOCC5)C=C(N6CCN(C)CC6)C=C4,plate_41002700/r02c24f01p01-ch6sk1fk1fl1.tiff,plate_41002700/r02c24f01p01-ch1sk1fk1fl1.tiff,plate_41002700/r02c24f01p01-ch2sk1fk1fl1.tiff,plate_41002700/r02c24f01p01-ch4sk1fk1fl1.tiff,plate_41002700/r02c24f01p01-ch3sk1fk1fl1.tiff,plate_41002700/r02c24f01p01-ch5sk1fk1fl1.tiff,33.5,Entrectinib,train,1
p41002700_C11_s01,plate_41002700,p41002700_C11,1,Irinotecan,OASIS744,33.5,0.8090237975120544,0.0094305397942662,Autophagy; Topoisomerase,O=C(N1CCC(N2CCCCC2)CC1)OC3=CC=C4N=C5C(CN6C(C(COC([C@@]7(CC)O)=O)=C7C=C65)=O)=C(CC)C4=C3,plate_41002700/r03c11f01p01-ch6sk1fk1fl1.tiff,plate_41002700/r03c11f01p01-ch1sk1fk1fl1.tiff,plate_41002700/r03c11f01p01-ch2sk1fk1fl1.tiff,plate_41002700/r03c11f01p01-ch4sk1fk1fl1.tiff,plate_41002700/r03c11f01p01-ch3sk1fk1fl1.tiff,plate_41002700/r03c11f01p01-ch5sk1fk1fl1.tiff,33.5,Irinotecan,test,0
p41002700_C19_s01,plate_41002700,p41002700_C19,1,Tegaserod,OASIS1249,33.5,0.0222412049770355,0.6017410159111023,5-HT Receptor; Apoptosis,COC1=CC=C(NC=C2/C=N/NC(NCCCCC)=N)C2=C1,plate_41002700/r03c19f01p01-ch6sk1fk1fl1.tiff,plate_41002700/r03c19f01p01-ch1sk1fk1fl1.tiff,plate_41002700/r03c19f01p01-ch2sk1fk1fl1.tiff,plate_41002700/r03c19f01p01-ch4sk1fk1fl1.tiff,plate_41002700/r03c19f01p01-ch3sk1fk1fl1.tiff,plate_41002700/r03c19f01p01-ch5sk1fk1fl1.tiff,33.5,Tegaserod,train,0
p41002700_C23_s01,plate_41002700,p41002700_C23,1,Risperidone,OASIS1459,33.5,0.1640288829803466,0.0288961417973041,5-HT Receptor; Dopamine Receptor; P-glycoprotein,O=C1C(CCN2CCC(C3=NOC4=C3C=CC(F)=C4)CC2)=C(C)N=C5N1CCCC5,plate_41002700/r03c23f01p01-ch6sk1fk1fl1.tiff,plate_41002700/r03c23f01p01-ch1sk1fk1fl1.tiff,plate_41002700/r03c23f01p01-ch2sk1fk1fl1.tiff,plate_41002700/r03c23f01p01-ch4sk1fk1fl1.tiff,plate_41002700/r03c23f01p01-ch3sk1fk1fl1.tiff,plate_41002700/r03c23f01p01-ch5sk1fk1fl1.tiff,33.5,Risperidone,train,0
p41002700_D11_s01,plate_41002700,p41002700_D11,1,Gabapentin enacarbil,OASIS1791,33.5,0.9591519236564636,-0.0211582649499177,Calcium Channel,O=C(O)CC1(CNC(OC(OC(C(C)C)=O)C)=O)CCCCC1,plate_41002700/r04c11f01p01-ch6sk1fk1fl1.tiff,plate_41002700/r04c11f01p01-ch1sk1fk1fl1.tiff,plate_41002700/r04c11f01p01-ch2sk1fk1fl1.tiff,plate_41002700/r04c11f01p01-ch4sk1fk1fl1.tiff,plate_41002700/r04c11f01p01-ch3sk1fk1fl1.tiff,plate_41002700/r04c11f01p01-ch5sk1fk1fl1.tiff,33.5,Gabapentin enacarbil,test,1
p41002700_D13_s01,plate_41002700,p41002700_D13,1,Oseltamivir,OASIS1570,33.5,0.9747207760810852,0.0122113404795527,Influenza Virus,O=C(OCC)C1=C[C@H]([C@@H]([C@H](C1)N)NC(C)=O)OC(CC)CC,plate_41002700/r04c13f01p01-ch6sk1fk1fl1.tiff,plate_41002700/r04c13f01p01-ch1sk1fk1fl1.tiff,plate_41002700/r04c13f01p01-ch2sk1fk1fl1.tiff,plate_41002700/r04c13f01p01-ch4sk1fk1fl1.tiff,plate_41002700/r04c13f01p01-ch3sk1fk1fl1.tiff,plate_41002700/r04c13f01p01-ch5sk1fk1fl1.tiff,33.5,Oseltamivir,train,0
p41002700_D17_s01,plate_41002700,p41002700_D17,1,Puromycin aminonucleoside,OASIS104,33.5,0.5287846326828003,0.1651553660631179,Aminopeptidase; Antibiotic; Apoptosis; Bacterial; Dipeptidyl Peptidase,N[C@H]1[C@@H](O)[C@H](N(C=N2)C3=C2C(N(C)C)=NC=N3)O[C@@H]1CO,plate_41002700/r04c17f01p01-ch6sk1fk1fl1.tiff,plate_41002700/r04c17f01p01-ch1sk1fk1fl1.tiff,plate_41002700/r04c17f01p01-ch2sk1fk1fl1.tiff,plate_41002700/r04c17f01p01-ch4sk1fk1fl1.tiff,plate_41002700/r04c17f01p01-ch3sk1fk1fl1.tiff,plate_41002700/r04c17f01p01-ch5sk1fk1fl1.tiff,33.5,Puromycin aminonucleoside,train,1
p41002700_E10_s01,plate_41002700,p41002700_E10,1,Tenofovir alafenamide,OASIS1847,33.5,0.5054313540458679,0.0372385419905185,HIV; Reverse Transcriptase,NC1=NC=NC2=C1N=CN2C[C@@H](C)OC[P@](OC3=CC=CC=C3)(N[C@@H](C)C(OC(C)C)=O)=O,plate_41002700/r05c10f01p01-ch6sk1fk1fl1.tiff,plate_41002700/r05c10f01p01-ch1sk1fk1fl1.tiff,plate_41002700/r05c10f01p01-ch2sk1fk1fl1.tiff,plate_41002700/r05c10f01p01-ch4sk1fk1fl1.tiff,plate_41002700/r05c10f01p01-ch3sk1fk1fl1.tiff,plate_41002700/r05c10f01p01-ch5sk1fk1fl1.tiff,33.5,Tenofovir alafenamide,train,1
p41002700_E11_s01,plate_41002700,p41002700_E11,1,Macitentan,OASIS1840,33.5,0.8373813629150391,-0.0712126716971397,Apoptosis; Endothelin Receptor,BrC1=CN=C(OCCOC2=C(C3=CC=C(Br)C=C3)C(NS(NCCC)(=O)=O)=NC=N2)N=C1,plate_41002700/r05c11f01p01-ch6sk1fk1fl1.tiff,plate_41002700/r05c11f01p01-ch1sk1fk1fl1.tiff,plate_41002700/r05c11f01p01-ch2sk1fk1fl1.tiff,plate_41002700/r05c11f01p01-ch4sk1fk1fl1.tiff,plate_41002700/r05c11f01p01-ch3sk1fk1fl1.tiff,plate_41002700/r05c11f01p01-ch5sk1fk1fl1.tiff,33.5,Macitentan,test,1
p41002700_E12_s01,plate_41002700,p41002700_E12,1,control,,0.0,1.0030783414840698,-0.0628702715039253,,,plate_41002700/r05c12f01p01-ch6sk1fk1fl1.tiff,plate_41002700/r05c12f01p01-ch1sk1fk1fl1.tiff,plate_41002700/r05c12f01p01-ch2sk1fk1fl1.tiff,plate_41002700/r05c12f01p01-ch4sk1fk1fl1.tiff,plate_41002700/r05c12f01p01-ch3sk1fk1fl1.tiff,plate_41002700/r05c12f01p01-ch5sk1fk1fl1.tiff,none,control,test,0
p41002700_E13_s01,plate_41002700,p41002700_E13,1,Edoxaban (tosylate),OASIS1737,33.5,0.8907602429389954,-0.0406238660216331,Factor Xa; Thrombin,O=C(N(C)C)[C@@H](CC1)C[C@H]([C@H]1NC(C(NC(C=C2)=NC=C2Cl)=O)=O)NC(C3=NC(CC4)=C(CN4C)S3)=O.O=S(C5=CC=C(C)C=C5)(O)=O,plate_41002700/r05c13f01p01-ch6sk1fk1fl1.tiff,plate_41002700/r05c13f01p01-ch1sk1fk1fl1.tiff,plate_41002700/r05c13f01p01-ch2sk1fk1fl1.tiff,plate_41002700/r05c13f01p01-ch4sk1fk1fl1.tiff,plate_41002700/r05c13f01p01-ch3sk1fk1fl1.tiff,plate_41002700/r05c13f01p01-ch5sk1fk1fl1.tiff,33.5,Edoxaban (tosylate),test,1
p41002700_E20_s01,plate_41002700,p41002700_E20,1,control,,0.0,1.1242928504943848,-0.068431869149208,,,plate_41002700/r05c20f01p01-ch6sk1fk1fl1.tiff,plate_41002700/r05c20f01p01-ch1sk1fk1fl1.tiff,plate_41002700/r05c20f01p01-ch2sk1fk1fl1.tiff,plate_41002700/r05c20f01p01-ch4sk1fk1fl1.tiff,plate_41002700/r05c20f01p01-ch3sk1fk1fl1.tiff,plate_41002700/r05c20f01p01-ch5sk1fk1fl1.tiff,none,control,train,1
p41002700_F11_s01,plate_41002700,p41002700_F11,1,Etravirine,OASIS886,33.5,1.014198899269104,-0.0406238660216331,HIV; Reverse Transcriptase,N#CC1=CC(C)=C(C(C)=C1)OC2=NC(NC3=CC=C(C=C3)C#N)=NC(N)=C2Br,plate_41002700/r06c11f01p01-ch6sk1fk1fl1.tiff,plate_41002700/r06c11f01p01-ch1sk1fk1fl1.tiff,plate_41002700/r06c11f01p01-ch2sk1fk1fl1.tiff,plate_41002700/r06c11f01p01-ch4sk1fk1fl1.tiff,plate_41002700/r06c11f01p01-ch3sk1fk1fl1.tiff,plate_41002700/r06c11f01p01-ch5sk1fk1fl1.tiff,33.5,Etravirine,train,0
p41002700_F16_s01,plate_41002700,p41002700_F16,1,Dantrolene,OASIS069,33.5,0.8340451717376709,0.0261153429746627,Autophagy; Calcium Channel,O=C1NC(CN1/N=C/C2=CC=C(C3=CC=C([N+]([O-])=O)C=C3)O2)=O,plate_41002700/r06c16f01p01-ch6sk1fk1fl1.tiff,plate_41002700/r06c16f01p01-ch1sk1fk1fl1.tiff,plate_41002700/r06c16f01p01-ch2sk1fk1fl1.tiff,plate_41002700/r06c16f01p01-ch4sk1fk1fl1.tiff,plate_41002700/r06c16f01p01-ch3sk1fk1fl1.tiff,plate_41002700/r06c16f01p01-ch5sk1fk1fl1.tiff,33.5,Dantrolene,train,1
p41002700_G11_s01,plate_41002700,p41002700_G11,1,Enzalutamide,OASIS1748,33.5,0.4153544902801513,-0.0545278675854206,Androgen Receptor; Autophagy,S=C(N(C(C1(C)C)=O)C2=CC=C(C#N)C(C(F)(F)F)=C2)N1C3=CC(F)=C(C(NC)=O)C=C3,plate_41002700/r07c11f01p01-ch6sk1fk1fl1.tiff,plate_41002700/r07c11f01p01-ch1sk1fk1fl1.tiff,plate_41002700/r07c11f01p01-ch2sk1fk1fl1.tiff,plate_41002700/r07c11f01p01-ch4sk1fk1fl1.tiff,plate_41002700/r07c11f01p01-ch3sk1fk1fl1.tiff,plate_41002700/r07c11f01p01-ch5sk1fk1fl1.tiff,33.5,Enzalutamide,train,0
p41002700_G14_s01,plate_41002700,p41002700_G14,1,Bifenazate,OASIS411,33.5,1.249955654144287,-0.0183774642646312,GABA Receptor,COC1=CC=C(C2=CC=CC=C2)C=C1NNC(OC(C)C)=O,plate_41002700/r07c14f01p01-ch6sk1fk1fl1.tiff,plate_41002700/r07c14f01p01-ch1sk1fk1fl1.tiff,plate_41002700/r07c14f01p01-ch2sk1fk1fl1.tiff,plate_41002700/r07c14f01p01-ch4sk1fk1fl1.tiff,plate_41002700/r07c14f01p01-ch3sk1fk1fl1.tiff,plate_41002700/r07c14f01p01-ch5sk1fk1fl1.tiff,33.5,Bifenazate,train,1
p41002700_G16_s01,plate_41002700,p41002700_G16,1,6-Thioguanine,OASIS1225,33.5,0.9224539399147034,0.0038689391221851,Apoptosis; Autophagy; Deubiquitinase; DNA Methyltransferase; Endogenous Metabolite; SARS-CoV,SC1=NC(N)=NC2=C1N=CN2,plate_41002700/r07c16f01p01-ch6sk1fk1fl1.tiff,plate_41002700/r07c16f01p01-ch1sk1fk1fl1.tiff,plate_41002700/r07c16f01p01-ch2sk1fk1fl1.tiff,plate_41002700/r07c16f01p01-ch4sk1fk1fl1.tiff,plate_41002700/r07c16f01p01-ch3sk1fk1fl1.tiff,plate_41002700/r07c16f01p01-ch5sk1fk1fl1.tiff,33.5,6-Thioguanine,test,0
p41002700_G24_s01,plate_41002700,p41002700_G24,1,Lomitapide (mesylate),OASIS1863,33.5,0.2846873998641968,0.2680449783802032,Microsomal Triglyceride Transfer Protein (MTP),O=C(C1(CCCCN2CCC(NC(C3=CC=CC=C3C4=CC=C(C(F)(F)F)C=C4)=O)CC2)C5=C(C6=C1C=CC=C6)C=CC=C5)NCC(F)(F)F.O=S(C)(O)=O,plate_41002700/r07c24f01p01-ch6sk1fk1fl1.tiff,plate_41002700/r07c24f01p01-ch1sk1fk1fl1.tiff,plate_41002700/r07c24f01p01-ch2sk1fk1fl1.tiff,plate_41002700/r07c24f01p01-ch4sk1fk1fl1.tiff,plate_41002700/r07c24f01p01-ch3sk1fk1fl1.tiff,plate_41002700/r07c24f01p01-ch5sk1fk1fl1.tiff,33.5,Lomitapide (mesylate),train,0
p41002700_I14_s01,plate_41002700,p41002700_I14,1,Telaprevir,OASIS980,33.5,1.0225393772125244,-0.0183774642646312,HCV; HCV Protease; SARS-CoV,O=C(N([C@@H]1C(N[C@H](C(C(NC2CC2)=O)=O)CCC)=O)C[C@@]3(CCC[C@@]31[H])[H])[C@@H](NC([C@@H](NC(C4=NC=CN=C4)=O)C5CCCCC5)=O)C(C)(C)C,plate_41002700/r09c14f01p01-ch6sk1fk1fl1.tiff,plate_41002700/r09c14f01p01-ch1sk1fk1fl1.tiff,plate_41002700/r09c14f01p01-ch2sk1fk1fl1.tiff,plate_41002700/r09c14f01p01-ch4sk1fk1fl1.tiff,plate_41002700/r09c14f01p01-ch3sk1fk1fl1.tiff,plate_41002700/r09c14f01p01-ch5sk1fk1fl1.tiff,33.5,Telaprevir,train,0
p41002700_I15_s01,plate_41002700,p41002700_I15,1,Cobicistat,OASIS597,33.5,0.6171934008598328,0.1151009574532508,Cytochrome P450; HIV,CN(C(N[C@@H](CCN1CCOCC1)C(N[C@@H](CC2=CC=CC=C2)CC[C@@H](NC(OCC3=CN=CS3)=O)CC4=CC=CC=C4)=O)=O)CC5=CSC(C(C)C)=N5,plate_41002700/r09c15f01p01-ch6sk1fk1fl1.tiff,plate_41002700/r09c15f01p01-ch1sk1fk1fl1.tiff,plate_41002700/r09c15f01p01-ch2sk1fk1fl1.tiff,plate_41002700/r09c15f01p01-ch4sk1fk1fl1.tiff,plate_41002700/r09c15f01p01-ch3sk1fk1fl1.tiff,plate_41002700/r09c15f01p01-ch5sk1fk1fl1.tiff,33.5,Cobicistat,train,0
p41002700_I16_s01,plate_41002700,p41002700_I16,1,Zalcitabine,OASIS648,33.5,0.9752768278121948,0.0288961417973041,HIV; Reverse Transcriptase,OC[C@@H]1CC[C@H](N2C=CC(N)=NC2=O)O1,plate_41002700/r09c16f01p01-ch6sk1fk1fl1.tiff,plate_41002700/r09c16f01p01-ch1sk1fk1fl1.tiff,plate_41002700/r09c16f01p01-ch2sk1fk1fl1.tiff,plate_41002700/r09c16f01p01-ch4sk1fk1fl1.tiff,plate_41002700/r09c16f01p01-ch3sk1fk1fl1.tiff,plate_41002700/r09c16f01p01-ch5sk1fk1fl1.tiff,33.5,Zalcitabine,test,1
p41002700_I17_s01,plate_41002700,p41002700_I17,1,Baloxavir marboxil,OASIS1853,33.5,0.5493577718734741,0.2291137725114822,Influenza Virus,O=C(C=C1)C(OCOC(OC)=O)=C2N1N([C@H]3C4=CC=C(F)C(F)=C4CSC5=CC=CC=C35)[C@@]6([H])N(CCOC6)C2=O,plate_41002700/r09c17f01p01-ch6sk1fk1fl1.tiff,plate_41002700/r09c17f01p01-ch1sk1fk1fl1.tiff,plate_41002700/r09c17f01p01-ch2sk1fk1fl1.tiff,plate_41002700/r09c17f01p01-ch4sk1fk1fl1.tiff,plate_41002700/r09c17f01p01-ch3sk1fk1fl1.tiff,plate_41002700/r09c17f01p01-ch5sk1fk1fl1.tiff,33.5,Baloxavir marboxil,train,0
p41002700_J16_s01,plate_41002700,p41002700_J16,1,Ebrotidine,OASIS1376,33.5,0.5554741024971008,-0.068431869149208,Histamine Receptor,O=S(C1=CC=C(Br)C=C1)(/N=C/NCCSCC2=CSC(NC(N)=N)=N2)=O,plate_41002700/r10c16f01p01-ch6sk1fk1fl1.tiff,plate_41002700/r10c16f01p01-ch1sk1fk1fl1.tiff,plate_41002700/r10c16f01p01-ch2sk1fk1fl1.tiff,plate_41002700/r10c16f01p01-ch4sk1fk1fl1.tiff,plate_41002700/r10c16f01p01-ch3sk1fk1fl1.tiff,plate_41002700/r10c16f01p01-ch5sk1fk1fl1.tiff,33.5,Ebrotidine,test,0
p41002700_J17_s01,plate_41002700,p41002700_J17,1,Thio-TEPA,OASIS607,33.5,0.9313504099845886,-0.0573086701333522,Antibiotic; Bacterial; DNA Alkylator/Crosslinker,S=P(N1CC1)(N2CC2)N3CC3,plate_41002700/r10c17f01p01-ch6sk1fk1fl1.tiff,plate_41002700/r10c17f01p01-ch1sk1fk1fl1.tiff,plate_41002700/r10c17f01p01-ch2sk1fk1fl1.tiff,plate_41002700/r10c17f01p01-ch4sk1fk1fl1.tiff,plate_41002700/r10c17f01p01-ch3sk1fk1fl1.tiff,plate_41002700/r10c17f01p01-ch5sk1fk1fl1.tiff,33.5,Thio-TEPA,test,0
p41002700_J22_s01,plate_41002700,p41002700_J22,1,Lenvatinib,OASIS1839,33.5,0.2224120497703552,-0.0517470687627792,c-Kit; FGFR; PDGFR; RET; VEGFR,O=C(N)C1=C(C=C2N=CC=C(C2=C1)OC3=CC=C(C(Cl)=C3)NC(NC4CC4)=O)OC,plate_41002700/r10c22f01p01-ch6sk1fk1fl1.tiff,plate_41002700/r10c22f01p01-ch1sk1fk1fl1.tiff,plate_41002700/r10c22f01p01-ch2sk1fk1fl1.tiff,plate_41002700/r10c22f01p01-ch4sk1fk1fl1.tiff,plate_41002700/r10c22f01p01-ch3sk1fk1fl1.tiff,plate_41002700/r10c22f01p01-ch5sk1fk1fl1.tiff,33.5,Lenvatinib,test,1
p41002700_J23_s01,plate_41002700,p41002700_J23,1,Fluazinam,OASIS557,33.5,0.0950811505317688,0.1484705656766891,Fungal,FC(C1=CN=C(NC2=C([N+]([O-])=O)C=C(C(F)(F)F)C(Cl)=C2[N+]([O-])=O)C(Cl)=C1)(F)F,plate_41002700/r10c23f01p01-ch6sk1fk1fl1.tiff,plate_41002700/r10c23f01p01-ch1sk1fk1fl1.tiff,plate_41002700/r10c23f01p01-ch2sk1fk1fl1.tiff,plate_41002700/r10c23f01p01-ch4sk1fk1fl1.tiff,plate_41002700/r10c23f01p01-ch3sk1fk1fl1.tiff,plate_41002700/r10c23f01p01-ch5sk1fk1fl1.tiff,33.5,Fluazinam,train,1
p41002700_K17_s01,plate_41002700,p41002700_K17,1,Compound_06965c8b,,33.5,0.9280142188072203,-0.0322814658284187,,,plate_41002700/r11c17f01p01-ch6sk1fk1fl1.tiff,plate_41002700/r11c17f01p01-ch1sk1fk1fl1.tiff,plate_41002700/r11c17f01p01-ch2sk1fk1fl1.tiff,plate_41002700/r11c17f01p01-ch4sk1fk1fl1.tiff,plate_41002700/r11c17f01p01-ch3sk1fk1fl1.tiff,plate_41002700/r11c17f01p01-ch5sk1fk1fl1.tiff,33.5,Compound_06965c8b,val,1
p41002700_K18_s01,plate_41002700,p41002700_K18,1,Ozagrel,OASIS1264,33.5,1.0247634649276731,-0.0434046685695648,Prostaglandin Receptor,O=C(O)/C=C/C1=CC=C(CN2C=CN=C2)C=C1,plate_41002700/r11c18f01p01-ch6sk1fk1fl1.tiff,plate_41002700/r11c18f01p01-ch1sk1fk1fl1.tiff,plate_41002700/r11c18f01p01-ch2sk1fk1fl1.tiff,plate_41002700/r11c18f01p01-ch4sk1fk1fl1.tiff,plate_41002700/r11c18f01p01-ch3sk1fk1fl1.tiff,plate_41002700/r11c18f01p01-ch5sk1fk1fl1.tiff,33.5,Ozagrel,train,1
p41002700_K21_s01,plate_41002700,p41002700_K21,1,Tasimelteon,OASIS1885,33.5,1.1103920936584473,-0.0823358744382858,Melatonin Receptor,[H][C@]1(C2=C3C(OCC3)=CC=C2)[C@@](CNC(CC)=O)([H])C1,plate_41002700/r11c21f01p01-ch6sk1fk1fl1.tiff,plate_41002700/r11c21f01p01-ch1sk1fk1fl1.tiff,plate_41002700/r11c21f01p01-ch2sk1fk1fl1.tiff,plate_41002700/r11c21f01p01-ch4sk1fk1fl1.tiff,plate_41002700/r11c21f01p01-ch3sk1fk1fl1.tiff,plate_41002700/r11c21f01p01-ch5sk1fk1fl1.tiff,33.5,Tasimelteon,val,0
p41002700_L10_s01,plate_41002700,p41002700_L10,1,Tivozanib,OASIS1776,33.5,0.3508549928665161,-0.0378430671989917,VEGFR,O=C(NC1=CC=C(C=C1Cl)OC2=CC=NC3=CC(OC)=C(C=C23)OC)NC4=NOC(C)=C4,plate_41002700/r12c10f01p01-ch6sk1fk1fl1.tiff,plate_41002700/r12c10f01p01-ch1sk1fk1fl1.tiff,plate_41002700/r12c10f01p01-ch2sk1fk1fl1.tiff,plate_41002700/r12c10f01p01-ch4sk1fk1fl1.tiff,plate_41002700/r12c10f01p01-ch3sk1fk1fl1.tiff,plate_41002700/r12c10f01p01-ch5sk1fk1fl1.tiff,33.5,Tivozanib,train,1
p41002700_L16_s01,plate_41002700,p41002700_L16,1,Fidaxomicin,OASIS1915,33.5,0.0672796443104744,0.0094305397942662,Antibiotic; Apoptosis; Bacterial; DNA/RNA Synthesis,O=C(C(C(O)=C(Cl)C(O)=C1Cl)=C1CC)O[C@H]([C@H](O[C@H]2OC/C(C(O[C@](C/C=C3C)([H])[C@H](O)C)=O)=C\C=C\C[C@@H](/C(C)=C\[C@H](CC)[C@@H](O[C@@](OC(C)(C)[C@@H](OC(C(C)C)=O)[C@@H]4O)([H])[C@H]4O)\C(C)=C/3)O)C)[C@@H]([C@@H]2OC)O,plate_41002700/r12c16f01p01-ch6sk1fk1fl1.tiff,plate_41002700/r12c16f01p01-ch1sk1fk1fl1.tiff,plate_41002700/r12c16f01p01-ch2sk1fk1fl1.tiff,plate_41002700/r12c16f01p01-ch4sk1fk1fl1.tiff,plate_41002700/r12c16f01p01-ch3sk1fk1fl1.tiff,plate_41002700/r12c16f01p01-ch5sk1fk1fl1.tiff,33.5,Fidaxomicin,train,1
p41002700_L18_s01,plate_41002700,p41002700_L18,1,Mefenamic acid,OASIS057,33.5,0.9997421503067015,-0.0434046685695648,COX,O=C(O)C1=CC=CC=C1NC2=CC=CC(C)=C2C,plate_41002700/r12c18f01p01-ch6sk1fk1fl1.tiff,plate_41002700/r12c18f01p01-ch1sk1fk1fl1.tiff,plate_41002700/r12c18f01p01-ch2sk1fk1fl1.tiff,plate_41002700/r12c18f01p01-ch4sk1fk1fl1.tiff,plate_41002700/r12c18f01p01-ch3sk1fk1fl1.tiff,plate_41002700/r12c18f01p01-ch5sk1fk1fl1.tiff,33.5,Mefenamic acid,val,0
p41002700_L22_s01,plate_41002700,p41002700_L22,1,Dirithromycin,OASIS1367,33.5,1.010306715965271,0.0177729409188032,Antibiotic; Bacterial,CC1[C@@]([C@](O)([C@H](OC([C@@H]2C)=O)CC)C)([H])O[C@H](COCCOC)N[C@@]1([H])[C@](C[C@@](O)([C@@H]([C@@H](C)[C@]2([H])O[C@@](O[C@@H](C)[C@@H]3O)([H])C[C@@]3(C)OC)O[C@@](O[C@H](C)C[C@@H]4N(C)C)([H])[C@@H]4O)C)([H])C,plate_41002700/r12c22f01p01-ch6sk1fk1fl1.tiff,plate_41002700/r12c22f01p01-ch1sk1fk1fl1.tiff,plate_41002700/r12c22f01p01-ch2sk1fk1fl1.tiff,plate_41002700/r12c22f01p01-ch4sk1fk1fl1.tiff,plate_41002700/r12c22f01p01-ch3sk1fk1fl1.tiff,plate_41002700/r12c22f01p01-ch5sk1fk1fl1.tiff,33.5,Dirithromycin,train,0
p41002700_M16_s01,plate_41002700,p41002700_M16,1,Linagliptin,OASIS1753,33.5,0.5971763134002686,0.0233345422893762,Autophagy; Dipeptidyl Peptidase; Ferroptosis,O=C1N(C2=C(C(N1CC3=NC(C)=C4C=CC=CC4=N3)=O)N(CC#CC)C(N5CCC[C@@H](N)C5)=N2)C,plate_41002700/r13c16f01p01-ch6sk1fk1fl1.tiff,plate_41002700/r13c16f01p01-ch1sk1fk1fl1.tiff,plate_41002700/r13c16f01p01-ch2sk1fk1fl1.tiff,plate_41002700/r13c16f01p01-ch4sk1fk1fl1.tiff,plate_41002700/r13c16f01p01-ch3sk1fk1fl1.tiff,plate_41002700/r13c16f01p01-ch5sk1fk1fl1.tiff,33.5,Linagliptin,test,0
p41002700_M22_s01,plate_41002700,p41002700_M22,1,Siponimod,OASIS1805,33.5,0.9747207760810852,-0.0489662699401378,LPL Receptor,O=C(C1CN(CC2=CC=C(/C(C)=N/OCC3=CC=C(C4CCCCC4)C(C(F)(F)F)=C3)C=C2CC)C1)O,plate_41002700/r13c22f01p01-ch6sk1fk1fl1.tiff,plate_41002700/r13c22f01p01-ch1sk1fk1fl1.tiff,plate_41002700/r13c22f01p01-ch2sk1fk1fl1.tiff,plate_41002700/r13c22f01p01-ch4sk1fk1fl1.tiff,plate_41002700/r13c22f01p01-ch3sk1fk1fl1.tiff,plate_41002700/r13c22f01p01-ch5sk1fk1fl1.tiff,33.5,Siponimod,train,1
p41002700_N13_s01,plate_41002700,p41002700_N13,1,Amodiaquine,OASIS791,33.5,0.1695891767740249,0.1651553660631179,Histone Methyltransferase; Nuclear Hormone Receptor 4A/NR4A; Parasite,OC1=CC=C(NC2=CC=NC3=CC(Cl)=CC=C23)C=C1CN(CC)CC,plate_41002700/r14c13f01p01-ch6sk1fk1fl1.tiff,plate_41002700/r14c13f01p01-ch1sk1fk1fl1.tiff,plate_41002700/r14c13f01p01-ch2sk1fk1fl1.tiff,plate_41002700/r14c13f01p01-ch4sk1fk1fl1.tiff,plate_41002700/r14c13f01p01-ch3sk1fk1fl1.tiff,plate_41002700/r14c13f01p01-ch5sk1fk1fl1.tiff,33.5,Amodiaquine,train,1
p41002700_N20_s01,plate_41002700,p41002700_N20,1,control,,0.0,1.0236514806747437,0.0316769443452358,,,plate_41002700/r14c20f01p01-ch6sk1fk1fl1.tiff,plate_41002700/r14c20f01p01-ch1sk1fk1fl1.tiff,plate_41002700/r14c20f01p01-ch2sk1fk1fl1.tiff,plate_41002700/r14c20f01p01-ch4sk1fk1fl1.tiff,plate_41002700/r14c20f01p01-ch3sk1fk1fl1.tiff,plate_41002700/r14c20f01p01-ch5sk1fk1fl1.tiff,none,control,train,0
p41002700_N22_s01,plate_41002700,p41002700_N22,1,Troglitazone,OASIS1444,33.5,0.8679630160331726,-0.068431869149208,Apoptosis; Autophagy; Ferroptosis; PPAR,O=C(SC1CC(C=C2)=CC=C2OCC3(C)OC(C(CC3)=C4C)=C(C)C(C)=C4O)NC1=O,plate_41002700/r14c22f01p01-ch6sk1fk1fl1.tiff,plate_41002700/r14c22f01p01-ch1sk1fk1fl1.tiff,plate_41002700/r14c22f01p01-ch2sk1fk1fl1.tiff,plate_41002700/r14c22f01p01-ch4sk1fk1fl1.tiff,plate_41002700/r14c22f01p01-ch3sk1fk1fl1.tiff,plate_41002700/r14c22f01p01-ch5sk1fk1fl1.tiff,33.5,Troglitazone,test,1
p41002700_O20_s01,plate_41002700,p41002700_O20,1,control,,0.0,1.0225393772125244,0.0010881387861445,,,plate_41002700/r15c20f01p01-ch6sk1fk1fl1.tiff,plate_41002700/r15c20f01p01-ch1sk1fk1fl1.tiff,plate_41002700/r15c20f01p01-ch2sk1fk1fl1.tiff,plate_41002700/r15c20f01p01-ch4sk1fk1fl1.tiff,plate_41002700/r15c20f01p01-ch3sk1fk1fl1.tiff,plate_41002700/r15c20f01p01-ch5sk1fk1fl1.tiff,none,control,train,1
p41002700_P10_s01,plate_41002700,p41002700_P10,1,β-Naphthoflavone,OASIS330,33.5,1.0553451776504517,0.0650465488433837,Apoptosis; Aryl Hydrocarbon Receptor,O=C1C2=C3C=CC=CC3=CC=C2OC(C4=CC=CC=C4)=C1,plate_41002700/r16c10f01p01-ch6sk1fk1fl1.tiff,plate_41002700/r16c10f01p01-ch1sk1fk1fl1.tiff,plate_41002700/r16c10f01p01-ch2sk1fk1fl1.tiff,plate_41002700/r16c10f01p01-ch4sk1fk1fl1.tiff,plate_41002700/r16c10f01p01-ch3sk1fk1fl1.tiff,plate_41002700/r16c10f01p01-ch5sk1fk1fl1.tiff,33.5,β-Naphthoflavone,train,0
p41002700_P12_s01,plate_41002700,p41002700_P12,1,control,,0.0,0.9413589835166932,0.0789505466818809,,,plate_41002700/r16c12f01p01-ch6sk1fk1fl1.tiff,plate_41002700/r16c12f01p01-ch1sk1fk1fl1.tiff,plate_41002700/r16c12f01p01-ch2sk1fk1fl1.tiff,plate_41002700/r16c12f01p01-ch4sk1fk1fl1.tiff,plate_41002700/r16c12f01p01-ch3sk1fk1fl1.tiff,plate_41002700/r16c12f01p01-ch5sk1fk1fl1.tiff,none,control,test,0
p41002700_P20_s01,plate_41002700,p41002700_P20,1,control,,0.0,0.9647122621536256,0.0928545519709587,,,plate_41002700/r16c20f01p01-ch6sk1fk1fl1.tiff,plate_41002700/r16c20f01p01-ch1sk1fk1fl1.tiff,plate_41002700/r16c20f01p01-ch2sk1fk1fl1.tiff,plate_41002700/r16c20f01p01-ch4sk1fk1fl1.tiff,plate_41002700/r16c20f01p01-ch3sk1fk1fl1.tiff,plate_41002700/r16c20f01p01-ch5sk1fk1fl1.tiff,none,control,val,1
p41002700_P24_s01,plate_41002700,p41002700_P24,1,Paliperidone,OASIS1369,33.5,0.3391783535480499,0.2235521674156189,5-HT Receptor; Adrenergic Receptor; Dopamine Receptor; Drug Metabolite,CC1=C(C(N2CCCC(C2=N1)O)=O)CCN3CCC(CC3)C4=NOC5=C4C=CC(F)=C5,plate_41002700/r16c24f01p01-ch6sk1fk1fl1.tiff,plate_41002700/r16c24f01p01-ch1sk1fk1fl1.tiff,plate_41002700/r16c24f01p01-ch2sk1fk1fl1.tiff,plate_41002700/r16c24f01p01-ch4sk1fk1fl1.tiff,plate_41002700/r16c24f01p01-ch3sk1fk1fl1.tiff,plate_41002700/r16c24f01p01-ch5sk1fk1fl1.tiff,33.5,Paliperidone,val,0
p41002701_A12_s08,plate_41002701,p41002701_A12,8,control,,0.0,1.051360011100769,0.1299554109573364,,,plate_41002701/r01c12f08p01-ch6sk1fk1fl1.tiff,plate_41002701/r01c12f08p01-ch1sk1fk1fl1.tiff,plate_41002701/r01c12f08p01-ch2sk1fk1fl1.tiff,plate_41002701/r01c12f08p01-ch4sk1fk1fl1.tiff,plate_41002701/r01c12f08p01-ch3sk1fk1fl1.tiff,plate_41002701/r01c12f08p01-ch5sk1fk1fl1.tiff,none,control,train,0
p41002701_A19_s08,plate_41002701,p41002701_A19,8,Lapatinib,OASIS1355,33.5,0.3876726925373077,0.2306445091962814,Autophagy; EGFR; Ferroptosis,O=S(CCNCC1=CC=C(C2=CC=C3C(C(NC4=CC(Cl)=C(C=C4)OCC5=CC(F)=CC=C5)=NC=N3)=C2)O1)(C)=O,plate_41002701/r01c19f08p01-ch6sk1fk1fl1.tiff,plate_41002701/r01c19f08p01-ch1sk1fk1fl1.tiff,plate_41002701/r01c19f08p01-ch2sk1fk1fl1.tiff,plate_41002701/r01c19f08p01-ch4sk1fk1fl1.tiff,plate_41002701/r01c19f08p01-ch3sk1fk1fl1.tiff,plate_41002701/r01c19f08p01-ch5sk1fk1fl1.tiff,33.5,Lapatinib,test,1
p41002701_A21_s08,plate_41002701,p41002701_A21,8,Neratinib,OASIS1886,33.5,0.0229577366262674,0.5215241312980652,EGFR,ClC1=C(OCC2=NC=CC=C2)C=CC(NC3=C(C#N)C=NC4=CC(OCC)=C(NC(/C=C/CN(C)C)=O)C=C43)=C1,plate_41002701/r01c21f08p01-ch6sk1fk1fl1.tiff,plate_41002701/r01c21f08p01-ch1sk1fk1fl1.tiff,plate_41002701/r01c21f08p01-ch2sk1fk1fl1.tiff,plate_41002701/r01c21f08p01-ch4sk1fk1fl1.tiff,plate_41002701/r01c21f08p01-ch3sk1fk1fl1.tiff,plate_41002701/r01c21f08p01-ch5sk1fk1fl1.tiff,33.5,Neratinib,val,0
p41002701_A23_s08,plate_41002701,p41002701_A23,8,Compound_59cfb866,,33.5,1.1812798976898191,0.1719091981649398,,,plate_41002701/r01c23f08p01-ch6sk1fk1fl1.tiff,plate_41002701/r01c23f08p01-ch1sk1fk1fl1.tiff,plate_41002701/r01c23f08p01-ch2sk1fk1fl1.tiff,plate_41002701/r01c23f08p01-ch4sk1fk1fl1.tiff,plate_41002701/r01c23f08p01-ch3sk1fk1fl1.tiff,plate_41002701/r01c23f08p01-ch5sk1fk1fl1.tiff,33.5,Compound_59cfb866,train,0
p41002701_B14_s08,plate_41002701,p41002701_B14,8,Astemizole,OASIS1501,33.5,0.1367028951644897,0.4264288544654846,Histamine Receptor; Potassium Channel,COC1=CC=C(CCN2CCC(NC3=NC4=CC=CC=C4N3CC5=CC=C(F)C=C5)CC2)C=C1,plate_41002701/r02c14f08p01-ch6sk1fk1fl1.tiff,plate_41002701/r02c14f08p01-ch1sk1fk1fl1.tiff,plate_41002701/r02c14f08p01-ch2sk1fk1fl1.tiff,plate_41002701/r02c14f08p01-ch4sk1fk1fl1.tiff,plate_41002701/r02c14f08p01-ch3sk1fk1fl1.tiff,plate_41002701/r02c14f08p01-ch5sk1fk1fl1.tiff,33.5,Astemizole,train,0
p41002701_B21_s08,plate_41002701,p41002701_B21,8,Dapagliflozin,OASIS1775,33.5,1.0737959146499634,0.0068909605033695,SGLT,O[C@H]1[C@H](C2=CC(CC3=CC=C(OCC)C=C3)=C(Cl)C=C2)O[C@H](CO)[C@@H](O)[C@@H]1O,plate_41002701/r02c21f08p01-ch6sk1fk1fl1.tiff,plate_41002701/r02c21f08p01-ch1sk1fk1fl1.tiff,plate_41002701/r02c21f08p01-ch2sk1fk1fl1.tiff,plate_41002701/r02c21f08p01-ch4sk1fk1fl1.tiff,plate_41002701/r02c21f08p01-ch3sk1fk1fl1.tiff,plate_41002701/r02c21f08p01-ch5sk1fk1fl1.tiff,33.5,Dapagliflozin,train,0
p41002701_C20_s08,plate_41002701,p41002701_C20,8,control,,0.0,1.065969467163086,0.018078638240695,,,plate_41002701/r03c20f08p01-ch6sk1fk1fl1.tiff,plate_41002701/r03c20f08p01-ch1sk1fk1fl1.tiff,plate_41002701/r03c20f08p01-ch2sk1fk1fl1.tiff,plate_41002701/r03c20f08p01-ch4sk1fk1fl1.tiff,plate_41002701/r03c20f08p01-ch3sk1fk1fl1.tiff,plate_41002701/r03c20f08p01-ch5sk1fk1fl1.tiff,none,control,train,1
p41002701_C21_s08,plate_41002701,p41002701_C21,8,Thalidomide,OASIS1517,33.5,1.0732742547988892,0.0432509109377861,Autophagy; Ligands for E3 Ligase,O=C1N(C2CCC(NC2=O)=O)C(C3=CC=CC=C31)=O,plate_41002701/r03c21f08p01-ch6sk1fk1fl1.tiff,plate_41002701/r03c21f08p01-ch1sk1fk1fl1.tiff,plate_41002701/r03c21f08p01-ch2sk1fk1fl1.tiff,plate_41002701/r03c21f08p01-ch4sk1fk1fl1.tiff,plate_41002701/r03c21f08p01-ch3sk1fk1fl1.tiff,plate_41002701/r03c21f08p01-ch5sk1fk1fl1.tiff,33.5,Thalidomide,test,1
p41002701_C24_s08,plate_41002701,p41002701_C24,8,Famotidine,OASIS1103,33.5,1.147886872291565,0.1858938038349151,Histamine Receptor,N=C(NS(=O)(N)=O)CCSCC1=CSC(NC(N)=N)=N1,plate_41002701/r03c24f08p01-ch6sk1fk1fl1.tiff,plate_41002701/r03c24f08p01-ch1sk1fk1fl1.tiff,plate_41002701/r03c24f08p01-ch2sk1fk1fl1.tiff,plate_41002701/r03c24f08p01-ch4sk1fk1fl1.tiff,plate_41002701/r03c24f08p01-ch3sk1fk1fl1.tiff,plate_41002701/r03c24f08p01-ch5sk1fk1fl1.tiff,33.5,Famotidine,train,1
p41002701_D13_s08,plate_41002701,p41002701_D13,8,Mitoxantrone,OASIS1060,33.5,0.0172183029353618,0.5690717697143555,Apoptosis; Endogenous Metabolite; Orthopoxvirus; PKC; Topoisomerase,O=C1C2=C(C(NCCNCCO)=CC=C2NCCNCCO)C(C3=C(O)C=CC(O)=C13)=O,plate_41002701/r04c13f08p01-ch6sk1fk1fl1.tiff,plate_41002701/r04c13f08p01-ch1sk1fk1fl1.tiff,plate_41002701/r04c13f08p01-ch2sk1fk1fl1.tiff,plate_41002701/r04c13f08p01-ch4sk1fk1fl1.tiff,plate_41002701/r04c13f08p01-ch3sk1fk1fl1.tiff,plate_41002701/r04c13f08p01-ch5sk1fk1fl1.tiff,33.5,Mitoxantrone,test,0
p41002701_D17_s08,plate_41002701,p41002701_D17,8,Alpha-Naphthoflavone,OASIS320,33.5,0.6141194701194763,0.0012971219839528,Apoptosis; Aryl Hydrocarbon Receptor; Cytochrome P450,O=C1C=C(C2=CC=CC=C2)OC3=C1C=CC4=CC=CC=C43,plate_41002701/r04c17f08p01-ch6sk1fk1fl1.tiff,plate_41002701/r04c17f08p01-ch1sk1fk1fl1.tiff,plate_41002701/r04c17f08p01-ch2sk1fk1fl1.tiff,plate_41002701/r04c17f08p01-ch4sk1fk1fl1.tiff,plate_41002701/r04c17f08p01-ch3sk1fk1fl1.tiff,plate_41002701/r04c17f08p01-ch5sk1fk1fl1.tiff,33.5,Alpha-Naphthoflavone,test,0
p41002701_D19_s08,plate_41002701,p41002701_D19,8,Sorafenib,OASIS1340,33.5,0.1226151883602142,-0.0602351017296314,Apoptosis; Autophagy; Ferroptosis; FLT3; Raf; VEGFR,O=C(NC(C=C1)=CC=C1OC2=CC(C(NC)=O)=NC=C2)NC3=CC=C(Cl)C(C(F)(F)F)=C3,plate_41002701/r04c19f08p01-ch6sk1fk1fl1.tiff,plate_41002701/r04c19f08p01-ch1sk1fk1fl1.tiff,plate_41002701/r04c19f08p01-ch2sk1fk1fl1.tiff,plate_41002701/r04c19f08p01-ch4sk1fk1fl1.tiff,plate_41002701/r04c19f08p01-ch3sk1fk1fl1.tiff,plate_41002701/r04c19f08p01-ch5sk1fk1fl1.tiff,33.5,Sorafenib,test,1
p41002701_D23_s08,plate_41002701,p41002701_D23,8,Griseofulvin,OASIS073,33.5,1.1009278297424316,0.0404539927840232,Antibiotic; Apoptosis; Endogenous Metabolite; Fungal,O=C1[C@]2(C(OC)=CC(C[C@H]2C)=O)OC3=C(Cl)C(OC)=CC(OC)=C13,plate_41002701/r04c23f08p01-ch6sk1fk1fl1.tiff,plate_41002701/r04c23f08p01-ch1sk1fk1fl1.tiff,plate_41002701/r04c23f08p01-ch2sk1fk1fl1.tiff,plate_41002701/r04c23f08p01-ch4sk1fk1fl1.tiff,plate_41002701/r04c23f08p01-ch3sk1fk1fl1.tiff,plate_41002701/r04c23f08p01-ch5sk1fk1fl1.tiff,33.5,Griseofulvin,train,1
p41002701_E10_s08,plate_41002701,p41002701_E10,8,Lorlatinib,OASIS1760,33.5,0.0829609110951423,0.0320632345974445,Anaplastic lymphoma kinase (ALK); Apoptosis; ROS Kinase,CN1C(C#N)=C2C(CN(C)C(C3=C([C@@H](C)OC4=C(N)N=CC2=C4)C=C(F)C=C3)=O)=N1,plate_41002701/r05c10f08p01-ch6sk1fk1fl1.tiff,plate_41002701/r05c10f08p01-ch1sk1fk1fl1.tiff,plate_41002701/r05c10f08p01-ch2sk1fk1fl1.tiff,plate_41002701/r05c10f08p01-ch4sk1fk1fl1.tiff,plate_41002701/r05c10f08p01-ch3sk1fk1fl1.tiff,plate_41002701/r05c10f08p01-ch5sk1fk1fl1.tiff,33.5,Lorlatinib,train,0
p41002701_E11_s08,plate_41002701,p41002701_E11,8,Benzonatate,OASIS1521,33.5,0.9699643850326538,-0.0714227780699729,Sodium Channel,O=C(OCCOCCOCCOCCOCCOCCOCCOCCOCCOC)C1=CC=C(NCCCC)C=C1,plate_41002701/r05c11f08p01-ch6sk1fk1fl1.tiff,plate_41002701/r05c11f08p01-ch1sk1fk1fl1.tiff,plate_41002701/r05c11f08p01-ch2sk1fk1fl1.tiff,plate_41002701/r05c11f08p01-ch4sk1fk1fl1.tiff,plate_41002701/r05c11f08p01-ch3sk1fk1fl1.tiff,plate_41002701/r05c11f08p01-ch5sk1fk1fl1.tiff,33.5,Benzonatate,train,1
p41002701_E19_s08,plate_41002701,p41002701_E19,8,Olmesartan,OASIS831,33.5,0.9110047221183776,-0.012687474489212,Angiotensin Receptor,O=C(O)C1=C(N=C(N1CC2=CC=C(C=C2)C3=CC=CC=C3C4=NN=NN4)CCC)C(O)(C)C,plate_41002701/r05c19f08p01-ch6sk1fk1fl1.tiff,plate_41002701/r05c19f08p01-ch1sk1fk1fl1.tiff,plate_41002701/r05c19f08p01-ch2sk1fk1fl1.tiff,plate_41002701/r05c19f08p01-ch4sk1fk1fl1.tiff,plate_41002701/r05c19f08p01-ch3sk1fk1fl1.tiff,plate_41002701/r05c19f08p01-ch5sk1fk1fl1.tiff,33.5,Olmesartan,test,0
p41002701_E20_s08,plate_41002701,p41002701_E20,8,control,,0.0,1.0017921924591064,-0.0490474253892898,,,plate_41002701/r05c20f08p01-ch6sk1fk1fl1.tiff,plate_41002701/r05c20f08p01-ch1sk1fk1fl1.tiff,plate_41002701/r05c20f08p01-ch2sk1fk1fl1.tiff,plate_41002701/r05c20f08p01-ch4sk1fk1fl1.tiff,plate_41002701/r05c20f08p01-ch3sk1fk1fl1.tiff,plate_41002701/r05c20f08p01-ch5sk1fk1fl1.tiff,none,control,train,0
p41002701_E23_s08,plate_41002701,p41002701_E23,8,Compound_e48ed218,,33.5,0.0245230365544557,0.3816781640052795,,,plate_41002701/r05c23f08p01-ch6sk1fk1fl1.tiff,plate_41002701/r05c23f08p01-ch1sk1fk1fl1.tiff,plate_41002701/r05c23f08p01-ch2sk1fk1fl1.tiff,plate_41002701/r05c23f08p01-ch4sk1fk1fl1.tiff,plate_41002701/r05c23f08p01-ch3sk1fk1fl1.tiff,plate_41002701/r05c23f08p01-ch5sk1fk1fl1.tiff,33.5,Compound_e48ed218,train,0
p41002701_F10_s08,plate_41002701,p41002701_F10,8,Amsacrine,OASIS995,33.5,0.6099453568458557,0.0712201073765754,Autophagy; Topoisomerase,CS(=O)(NC1=CC=C(NC2=C(C=CC=C3)C3=NC4=CC=CC=C42)C(OC)=C1)=O,plate_41002701/r06c10f08p01-ch6sk1fk1fl1.tiff,plate_41002701/r06c10f08p01-ch1sk1fk1fl1.tiff,plate_41002701/r06c10f08p01-ch2sk1fk1fl1.tiff,plate_41002701/r06c10f08p01-ch4sk1fk1fl1.tiff,plate_41002701/r06c10f08p01-ch3sk1fk1fl1.tiff,plate_41002701/r06c10f08p01-ch5sk1fk1fl1.tiff,33.5,Amsacrine,train,0
p41002701_F11_s08,plate_41002701,p41002701_F11,8,Ifosfamide,OASIS1281,33.5,0.9934439063072203,-0.0294689908623695,DNA Alkylator/Crosslinker,ClCCN1P(OCCC1)(NCCCl)=O,plate_41002701/r06c11f08p01-ch6sk1fk1fl1.tiff,plate_41002701/r06c11f08p01-ch1sk1fk1fl1.tiff,plate_41002701/r06c11f08p01-ch2sk1fk1fl1.tiff,plate_41002701/r06c11f08p01-ch4sk1fk1fl1.tiff,plate_41002701/r06c11f08p01-ch3sk1fk1fl1.tiff,plate_41002701/r06c11f08p01-ch5sk1fk1fl1.tiff,33.5,Ifosfamide,train,1
p41002701_F19_s08,plate_41002701,p41002701_F19,8,Sunitinib,OASIS745,33.5,0.0292189382016658,0.4068504273891449,Apoptosis; Autophagy; IRE1; Mitophagy; PDGFR; VEGFR,O=C(NCCN(CC)CC)C1=C(NC(/C=C2C(NC3=C\2C=C(C=C3)F)=O)=C1C)C,plate_41002701/r06c19f08p01-ch6sk1fk1fl1.tiff,plate_41002701/r06c19f08p01-ch1sk1fk1fl1.tiff,plate_41002701/r06c19f08p01-ch2sk1fk1fl1.tiff,plate_41002701/r06c19f08p01-ch4sk1fk1fl1.tiff,plate_41002701/r06c19f08p01-ch3sk1fk1fl1.tiff,plate_41002701/r06c19f08p01-ch5sk1fk1fl1.tiff,33.5,Sunitinib,test,0
p41002701_F21_s08,plate_41002701,p41002701_F21,8,Panobinostat,OASIS1808,33.5,0.447675883769989,0.1103769764304161,Apoptosis; Autophagy; HDAC; HIV,O=C(/C=C/C1=CC=C(CNCCC2=C(NC3=C2C=CC=C3)C)C=C1)NO,plate_41002701/r06c21f08p01-ch6sk1fk1fl1.tiff,plate_41002701/r06c21f08p01-ch1sk1fk1fl1.tiff,plate_41002701/r06c21f08p01-ch2sk1fk1fl1.tiff,plate_41002701/r06c21f08p01-ch4sk1fk1fl1.tiff,plate_41002701/r06c21f08p01-ch3sk1fk1fl1.tiff,plate_41002701/r06c21f08p01-ch5sk1fk1fl1.tiff,33.5,Panobinostat,val,0
p41002701_G12_s08,plate_41002701,p41002701_G12,8,control,,0.0,1.001270413398743,0.0040940414182841,,,plate_41002701/r07c12f08p01-ch6sk1fk1fl1.tiff,plate_41002701/r07c12f08p01-ch1sk1fk1fl1.tiff,plate_41002701/r07c12f08p01-ch2sk1fk1fl1.tiff,plate_41002701/r07c12f08p01-ch4sk1fk1fl1.tiff,plate_41002701/r07c12f08p01-ch3sk1fk1fl1.tiff,plate_41002701/r07c12f08p01-ch5sk1fk1fl1.tiff,none,control,val,1
p41002701_G13_s08,plate_41002701,p41002701_G13,8,Compound_516bb906,,33.5,0.0203489027917385,0.2949736416339874,,,plate_41002701/r07c13f08p01-ch6sk1fk1fl1.tiff,plate_41002701/r07c13f08p01-ch1sk1fk1fl1.tiff,plate_41002701/r07c13f08p01-ch2sk1fk1fl1.tiff,plate_41002701/r07c13f08p01-ch4sk1fk1fl1.tiff,plate_41002701/r07c13f08p01-ch3sk1fk1fl1.tiff,plate_41002701/r07c13f08p01-ch5sk1fk1fl1.tiff,33.5,Compound_516bb906,test,0
p41002701_G14_s08,plate_41002701,p41002701_G14,8,Ivermectin,OASIS1337,33.5,0.8457838892936707,0.0236724764108657,Antibiotic; Autophagy; Bacterial; Dengue virus; Flavivirus; HIV; HSV; Mitophagy; Parasite; SARS-CoV,CO[C@H]1C[C@H](O[C@H]2[C@H](C)O[C@@H](O[C@H](/C(C)=C/C[C@@H]3C[C@H]4C[C@@]5(O[C@]([H])(C(C)C)[C@@H](C)CC5)O3)[C@@H](C)/C=C/C=C6CO[C@@]7([H])[C@]\6(O)[C@H](C(O4)=O)C=C(C)[C@H]7O)C[C@@H]2OC)O[C@@H](C)[C@@H]1O.CO[C@H]8C[C@H](O[C@H]9[C@H](C)O[C@@H](O[C@H](/C(C)=C/C[C@@H]%10C[C@H]%11C[C@@]%12(O[C@]([H])([C@@H](C)CC)[C@@H](C)CC%12)O%10)[C@@H](C)/C=C/C=C%13CO[C@@]%14([H])[C@]\%13(O)[C@H](C(O%11)=O)C=C(C)[C@H]%14O)C[C@@H]9OC)O[C@@H](C)[C@@H]8O,plate_41002701/r07c14f08p01-ch6sk1fk1fl1.tiff,plate_41002701/r07c14f08p01-ch1sk1fk1fl1.tiff,plate_41002701/r07c14f08p01-ch2sk1fk1fl1.tiff,plate_41002701/r07c14f08p01-ch4sk1fk1fl1.tiff,plate_41002701/r07c14f08p01-ch3sk1fk1fl1.tiff,plate_41002701/r07c14f08p01-ch5sk1fk1fl1.tiff,33.5,Ivermectin,train,1
p41002701_G16_s08,plate_41002701,p41002701_G16,8,Deoxycholic acid,OASIS1721,33.5,0.9365713000297546,0.0068909605033695,Endogenous Metabolite; G protein-coupled Bile Acid Receptor 1,C[C@@]1([C@@]2([H])[C@H](C)CCC(O)=O)[C@](CC2)([H])[C@@](CC[C@@]3([H])[C@@]4(CC[C@@H](O)C3)C)([H])[C@]4([H])C[C@@H]1O,plate_41002701/r07c16f08p01-ch6sk1fk1fl1.tiff,plate_41002701/r07c16f08p01-ch1sk1fk1fl1.tiff,plate_41002701/r07c16f08p01-ch2sk1fk1fl1.tiff,plate_41002701/r07c16f08p01-ch4sk1fk1fl1.tiff,plate_41002701/r07c16f08p01-ch3sk1fk1fl1.tiff,plate_41002701/r07c16f08p01-ch5sk1fk1fl1.tiff,33.5,Deoxycholic acid,train,1
p41002701_G22_s08,plate_41002701,p41002701_G22,8,Umbralisib,OASIS1859,33.5,0.9172659516334534,0.0320632345974445,Casein Kinase; PI3K,O=C1C(C2=CC=CC(F)=C2)=C([C@@H](N3N=C(C4=CC=C(OC(C)C)C(F)=C4)C5=C(N)N=CN=C53)C)OC6=CC=C(F)C=C16,plate_41002701/r07c22f08p01-ch6sk1fk1fl1.tiff,plate_41002701/r07c22f08p01-ch1sk1fk1fl1.tiff,plate_41002701/r07c22f08p01-ch2sk1fk1fl1.tiff,plate_41002701/r07c22f08p01-ch4sk1fk1fl1.tiff,plate_41002701/r07c22f08p01-ch3sk1fk1fl1.tiff,plate_41002701/r07c22f08p01-ch5sk1fk1fl1.tiff,33.5,Umbralisib,train,0
p41002701_H18_s08,plate_41002701,p41002701_H18,8,control,,0.0,1.1082326173782349,-0.0490474253892898,,,plate_41002701/r08c18f08p01-ch6sk1fk1fl1.tiff,plate_41002701/r08c18f08p01-ch1sk1fk1fl1.tiff,plate_41002701/r08c18f08p01-ch2sk1fk1fl1.tiff,plate_41002701/r08c18f08p01-ch4sk1fk1fl1.tiff,plate_41002701/r08c18f08p01-ch3sk1fk1fl1.tiff,plate_41002701/r08c18f08p01-ch5sk1fk1fl1.tiff,none,control,train,0
p41002701_I10_s08,plate_41002701,p41002701_I10,8,Larotrectinib,OASIS1725,33.5,0.6902974247932434,-0.0182813126593828,Apoptosis; Trk Receptor,O=C(N1C[C@@H](O)CC1)NC2=C3N=C(N4[C@@H](C5=CC(F)=CC=C5F)CCC4)C=CN3N=C2,plate_41002701/r09c10f08p01-ch6sk1fk1fl1.tiff,plate_41002701/r09c10f08p01-ch1sk1fk1fl1.tiff,plate_41002701/r09c10f08p01-ch2sk1fk1fl1.tiff,plate_41002701/r09c10f08p01-ch4sk1fk1fl1.tiff,plate_41002701/r09c10f08p01-ch3sk1fk1fl1.tiff,plate_41002701/r09c10f08p01-ch5sk1fk1fl1.tiff,33.5,Larotrectinib,test,1
p41002701_I13_s08,plate_41002701,p41002701_I13,8,Mobocertinib,OASIS1764,33.5,0.2781016826629638,0.2977705597877502,EGFR,O=C(C1=CN=C(NC2=CC(NC(C=C)=O)=C(N(CCN(C)C)C)C=C2OC)N=C1C3=CN(C)C4=C3C=CC=C4)OC(C)C,plate_41002701/r09c13f08p01-ch6sk1fk1fl1.tiff,plate_41002701/r09c13f08p01-ch1sk1fk1fl1.tiff,plate_41002701/r09c13f08p01-ch2sk1fk1fl1.tiff,plate_41002701/r09c13f08p01-ch4sk1fk1fl1.tiff,plate_41002701/r09c13f08p01-ch3sk1fk1fl1.tiff,plate_41002701/r09c13f08p01-ch5sk1fk1fl1.tiff,33.5,Mobocertinib,train,0
p41002701_I14_s08,plate_41002701,p41002701_I14,8,Darifenacin,OASIS859,33.5,0.8536103963851929,0.0348601527512073,mAChR,O=C(N)C(C1=CC=CC=C1)([C@H]2CN(CCC3=CC=C(OCC4)C4=C3)CC2)C5=CC=CC=C5,plate_41002701/r09c14f08p01-ch6sk1fk1fl1.tiff,plate_41002701/r09c14f08p01-ch1sk1fk1fl1.tiff,plate_41002701/r09c14f08p01-ch2sk1fk1fl1.tiff,plate_41002701/r09c14f08p01-ch4sk1fk1fl1.tiff,plate_41002701/r09c14f08p01-ch3sk1fk1fl1.tiff,plate_41002701/r09c14f08p01-ch5sk1fk1fl1.tiff,33.5,Darifenacin,train,0
p41002701_I18_s08,plate_41002701,p41002701_I18,8,Ponatinib (hydrochloride),OASIS1836,33.5,0.0354801379144191,0.4320226907730102,Autophagy; Bcr-Abl; FGFR; PDGFR; Src; VEGFR,O=C(C1=CC=C(C)C(C#CC2=CN=C3C=CC=NN23)=C1)NC4=CC=C(CN5CCN(CC5)C)C(C(F)(F)F)=C4.Cl,plate_41002701/r09c18f08p01-ch6sk1fk1fl1.tiff,plate_41002701/r09c18f08p01-ch1sk1fk1fl1.tiff,plate_41002701/r09c18f08p01-ch2sk1fk1fl1.tiff,plate_41002701/r09c18f08p01-ch4sk1fk1fl1.tiff,plate_41002701/r09c18f08p01-ch3sk1fk1fl1.tiff,plate_41002701/r09c18f08p01-ch5sk1fk1fl1.tiff,33.5,Ponatinib (hydrochloride),test,1
p41002701_I19_s08,plate_41002701,p41002701_I19,8,Cobimetinib,OASIS1868,33.5,0.1179192885756492,0.3033643960952759,Apoptosis; MEK,OC1([C@H]2NCCCC2)CN(C1)C(C3=C(C(F)=C(C=C3)F)NC4=C(C=C(C=C4)I)F)=O,plate_41002701/r09c19f08p01-ch6sk1fk1fl1.tiff,plate_41002701/r09c19f08p01-ch1sk1fk1fl1.tiff,plate_41002701/r09c19f08p01-ch2sk1fk1fl1.tiff,plate_41002701/r09c19f08p01-ch4sk1fk1fl1.tiff,plate_41002701/r09c19f08p01-ch3sk1fk1fl1.tiff,plate_41002701/r09c19f08p01-ch5sk1fk1fl1.tiff,33.5,Cobimetinib,train,1
p41002701_J10_s08,plate_41002701,p41002701_J10,8,Chlorothalonil,OASIS123,33.5,0.0182618368417024,0.4124442636966705,Estrogen Receptor/ERR; Fungal,N#CC1=C(Cl)C(Cl)=C(Cl)C(C#N)=C1Cl,plate_41002701/r10c10f08p01-ch6sk1fk1fl1.tiff,plate_41002701/r10c10f08p01-ch1sk1fk1fl1.tiff,plate_41002701/r10c10f08p01-ch2sk1fk1fl1.tiff,plate_41002701/r10c10f08p01-ch4sk1fk1fl1.tiff,plate_41002701/r10c10f08p01-ch3sk1fk1fl1.tiff,plate_41002701/r10c10f08p01-ch5sk1fk1fl1.tiff,33.5,Chlorothalonil,val,1
p41002701_J15_s08,plate_41002701,p41002701_J15,8,Avapritinib,OASIS1779,33.5,0.3198430240154266,-0.0182813126593828,c-Kit; PDGFR,CN1N=CC(C2=CN3C(C(N4CCN(C5=NC=C([C@@](C)(N)C6=CC=C(F)C=C6)C=N5)CC4)=NC=N3)=C2)=C1,plate_41002701/r10c15f08p01-ch6sk1fk1fl1.tiff,plate_41002701/r10c15f08p01-ch1sk1fk1fl1.tiff,plate_41002701/r10c15f08p01-ch2sk1fk1fl1.tiff,plate_41002701/r10c15f08p01-ch4sk1fk1fl1.tiff,plate_41002701/r10c15f08p01-ch3sk1fk1fl1.tiff,plate_41002701/r10c15f08p01-ch5sk1fk1fl1.tiff,33.5,Avapritinib,test,1
p41002701_J16_s08,plate_41002701,p41002701_J16,8,Retinoic acid,OASIS140,33.5,0.9110047221183776,-0.0322659090161323,Autophagy; Endogenous Metabolite; Organoid; PPAR; RAR/RXR,CC1(C)C(/C=C/C(C)=C/C=C/C(C)=C/C(O)=O)=C(C)CCC1,plate_41002701/r10c16f08p01-ch6sk1fk1fl1.tiff,plate_41002701/r10c16f08p01-ch1sk1fk1fl1.tiff,plate_41002701/r10c16f08p01-ch2sk1fk1fl1.tiff,plate_41002701/r10c16f08p01-ch4sk1fk1fl1.tiff,plate_41002701/r10c16f08p01-ch3sk1fk1fl1.tiff,plate_41002701/r10c16f08p01-ch5sk1fk1fl1.tiff,33.5,Retinoic acid,test,1
p41002701_J17_s08,plate_41002701,p41002701_J17,8,Domperidone,OASIS750,33.5,0.4586329758167267,0.015281718224287,Dopamine Receptor,O=C1NC2=CC(Cl)=CC=C2N1C3CCN(CCCN4C5=CC=CC=C5NC4=O)CC3,plate_41002701/r10c17f08p01-ch6sk1fk1fl1.tiff,plate_41002701/r10c17f08p01-ch1sk1fk1fl1.tiff,plate_41002701/r10c17f08p01-ch2sk1fk1fl1.tiff,plate_41002701/r10c17f08p01-ch4sk1fk1fl1.tiff,plate_41002701/r10c17f08p01-ch3sk1fk1fl1.tiff,plate_41002701/r10c17f08p01-ch5sk1fk1fl1.tiff,33.5,Domperidone,test,1
p41002701_K12_s08,plate_41002701,p41002701_K12,8,control,,0.0,0.9443978071212769,-0.0742197036743164,,,plate_41002701/r11c12f08p01-ch6sk1fk1fl1.tiff,plate_41002701/r11c12f08p01-ch1sk1fk1fl1.tiff,plate_41002701/r11c12f08p01-ch2sk1fk1fl1.tiff,plate_41002701/r11c12f08p01-ch4sk1fk1fl1.tiff,plate_41002701/r11c12f08p01-ch3sk1fk1fl1.tiff,plate_41002701/r11c12f08p01-ch5sk1fk1fl1.tiff,none,control,test,1
p41002701_K16_s08,plate_41002701,p41002701_K16,8,Chlormezanone,OASIS040,33.5,1.0122275352478027,0.0012971219839528,GABA Receptor,O=C(CC1)N(C)C(C2=CC=C(Cl)C=C2)S1(=O)=O,plate_41002701/r11c16f08p01-ch6sk1fk1fl1.tiff,plate_41002701/r11c16f08p01-ch1sk1fk1fl1.tiff,plate_41002701/r11c16f08p01-ch2sk1fk1fl1.tiff,plate_41002701/r11c16f08p01-ch4sk1fk1fl1.tiff,plate_41002701/r11c16f08p01-ch3sk1fk1fl1.tiff,plate_41002701/r11c16f08p01-ch5sk1fk1fl1.tiff,33.5,Chlormezanone,train,1
p41002701_K22_s08,plate_41002701,p41002701_K22,8,Osimertinib,OASIS1825,33.5,0.2290555983781814,0.2670044600963592,EGFR,C=CC(NC1=CC(NC2=NC=CC(C3=CN(C)C4=C3C=CC=C4)=N2)=C(OC)C=C1N(CCN(C)C)C)=O,plate_41002701/r11c22f08p01-ch6sk1fk1fl1.tiff,plate_41002701/r11c22f08p01-ch1sk1fk1fl1.tiff,plate_41002701/r11c22f08p01-ch2sk1fk1fl1.tiff,plate_41002701/r11c22f08p01-ch4sk1fk1fl1.tiff,plate_41002701/r11c22f08p01-ch3sk1fk1fl1.tiff,plate_41002701/r11c22f08p01-ch5sk1fk1fl1.tiff,33.5,Osimertinib,train,0
p41002701_L12_s08,plate_41002701,p41002701_L12,8,control,,0.0,0.9882262349128724,-0.0742197036743164,,,plate_41002701/r12c12f08p01-ch6sk1fk1fl1.tiff,plate_41002701/r12c12f08p01-ch1sk1fk1fl1.tiff,plate_41002701/r12c12f08p01-ch2sk1fk1fl1.tiff,plate_41002701/r12c12f08p01-ch4sk1fk1fl1.tiff,plate_41002701/r12c12f08p01-ch3sk1fk1fl1.tiff,plate_41002701/r12c12f08p01-ch5sk1fk1fl1.tiff,none,control,test,0
p41002701_L13_s08,plate_41002701,p41002701_L13,8,Zanubrutinib,OASIS1876,33.5,0.6438601613044739,-0.0070936358533799,Btk,NC(C1=C2N(N=C1C3=CC=C(OC4=CC=CC=C4)C=C3)[C@H](C5CCN(C(C=C)=O)CC5)CCN2)=O,plate_41002701/r12c13f08p01-ch6sk1fk1fl1.tiff,plate_41002701/r12c13f08p01-ch1sk1fk1fl1.tiff,plate_41002701/r12c13f08p01-ch2sk1fk1fl1.tiff,plate_41002701/r12c13f08p01-ch4sk1fk1fl1.tiff,plate_41002701/r12c13f08p01-ch3sk1fk1fl1.tiff,plate_41002701/r12c13f08p01-ch5sk1fk1fl1.tiff,33.5,Zanubrutinib,test,0
p41002701_L14_s08,plate_41002701,p41002701_L14,8,Cephalothin,OASIS1000,33.5,0.9443978071212769,-0.0378597490489482,Antibiotic; Bacterial; Beta-lactamase,O=C(C(N12)=C(COC(C)=O)CS[C@]2([H])[C@H](NC(CC3=CC=CS3)=O)C1=O)O,plate_41002701/r12c14f08p01-ch6sk1fk1fl1.tiff,plate_41002701/r12c14f08p01-ch1sk1fk1fl1.tiff,plate_41002701/r12c14f08p01-ch2sk1fk1fl1.tiff,plate_41002701/r12c14f08p01-ch4sk1fk1fl1.tiff,plate_41002701/r12c14f08p01-ch3sk1fk1fl1.tiff,plate_41002701/r12c14f08p01-ch5sk1fk1fl1.tiff,33.5,Cephalothin,train,1
p41002701_L15_s08,plate_41002701,p41002701_L15,8,Ruxolitinib,OASIS1740,33.5,0.6323813199996948,-0.012687474489212,Apoptosis; Autophagy; JAK; Mitophagy,N#CC[C@H](C1CCCC1)N2N=CC(C3=C4C=CNC4=NC=N3)=C2,plate_41002701/r12c15f08p01-ch6sk1fk1fl1.tiff,plate_41002701/r12c15f08p01-ch1sk1fk1fl1.tiff,plate_41002701/r12c15f08p01-ch2sk1fk1fl1.tiff,plate_41002701/r12c15f08p01-ch4sk1fk1fl1.tiff,plate_41002701/r12c15f08p01-ch3sk1fk1fl1.tiff,plate_41002701/r12c15f08p01-ch5sk1fk1fl1.tiff,33.5,Ruxolitinib,test,1
p41002701_L16_s08,plate_41002701,p41002701_L16,8,Compound_0a440abe,,33.5,0.6678614616394043,-0.0602351017296314,,,plate_41002701/r12c16f08p01-ch6sk1fk1fl1.tiff,plate_41002701/r12c16f08p01-ch1sk1fk1fl1.tiff,plate_41002701/r12c16f08p01-ch2sk1fk1fl1.tiff,plate_41002701/r12c16f08p01-ch4sk1fk1fl1.tiff,plate_41002701/r12c16f08p01-ch3sk1fk1fl1.tiff,plate_41002701/r12c16f08p01-ch5sk1fk1fl1.tiff,33.5,Compound_0a440abe,test,0
p41002701_L18_s08,plate_41002701,p41002701_L18,8,Acalabrutinib,OASIS1795,33.5,0.4455887973308563,-0.0182813126593828,Btk,O=C(NC1=NC=CC=C1)C2=CC=C(C3=C4C(N)=NC=CN4C([C@H]5N(C(C#CC)=O)CCC5)=N3)C=C2,plate_41002701/r12c18f08p01-ch6sk1fk1fl1.tiff,plate_41002701/r12c18f08p01-ch1sk1fk1fl1.tiff,plate_41002701/r12c18f08p01-ch2sk1fk1fl1.tiff,plate_41002701/r12c18f08p01-ch4sk1fk1fl1.tiff,plate_41002701/r12c18f08p01-ch3sk1fk1fl1.tiff,plate_41002701/r12c18f08p01-ch5sk1fk1fl1.tiff,33.5,Acalabrutinib,val,1
p41002701_M10_s08,plate_41002701,p41002701_M10,8,Carmustine,OASIS1398,33.5,0.9438760280609132,-0.0714227780699729,DNA Alkylator/Crosslinker,O=C(NCCCl)N(CCCl)N=O,plate_41002701/r13c10f08p01-ch6sk1fk1fl1.tiff,plate_41002701/r13c10f08p01-ch1sk1fk1fl1.tiff,plate_41002701/r13c10f08p01-ch2sk1fk1fl1.tiff,plate_41002701/r13c10f08p01-ch4sk1fk1fl1.tiff,plate_41002701/r13c10f08p01-ch3sk1fk1fl1.tiff,plate_41002701/r13c10f08p01-ch5sk1fk1fl1.tiff,33.5,Carmustine,train,1
p41002701_M11_s08,plate_41002701,p41002701_M11,8,Dacomitinib,OASIS1835,33.5,0.0808738470077514,0.236238345503807,Apoptosis; EGFR,O=C(/C=C/CN1CCCCC1)NC2=CC3=C(C=C2OC)N=CN=C3NC4=CC=C(C(Cl)=C4)F,plate_41002701/r13c11f08p01-ch6sk1fk1fl1.tiff,plate_41002701/r13c11f08p01-ch1sk1fk1fl1.tiff,plate_41002701/r13c11f08p01-ch2sk1fk1fl1.tiff,plate_41002701/r13c11f08p01-ch4sk1fk1fl1.tiff,plate_41002701/r13c11f08p01-ch3sk1fk1fl1.tiff,plate_41002701/r13c11f08p01-ch5sk1fk1fl1.tiff,33.5,Dacomitinib,train,1
p41002701_M12_s08,plate_41002701,p41002701_M12,8,control,,0.0,0.92978835105896,-0.0098905554041266,,,plate_41002701/r13c12f08p01-ch6sk1fk1fl1.tiff,plate_41002701/r13c12f08p01-ch1sk1fk1fl1.tiff,plate_41002701/r13c12f08p01-ch2sk1fk1fl1.tiff,plate_41002701/r13c12f08p01-ch4sk1fk1fl1.tiff,plate_41002701/r13c12f08p01-ch3sk1fk1fl1.tiff,plate_41002701/r13c12f08p01-ch5sk1fk1fl1.tiff,none,control,train,1
p41002701_M14_s08,plate_41002701,p41002701_M14,8,Triheptanoin,OASIS1819,33.5,0.9438760280609132,-0.0434535890817642,Others,CCCCCCC(OCC(OC(CCCCCC)=O)COC(CCCCCC)=O)=O,plate_41002701/r13c14f08p01-ch6sk1fk1fl1.tiff,plate_41002701/r13c14f08p01-ch1sk1fk1fl1.tiff,plate_41002701/r13c14f08p01-ch2sk1fk1fl1.tiff,plate_41002701/r13c14f08p01-ch4sk1fk1fl1.tiff,plate_41002701/r13c14f08p01-ch3sk1fk1fl1.tiff,plate_41002701/r13c14f08p01-ch5sk1fk1fl1.tiff,33.5,Triheptanoin,val,1
p41002701_M20_s08,plate_41002701,p41002701_M20,8,control,,0.0,1.0278805494308472,-0.0770166218280792,,,plate_41002701/r13c20f08p01-ch6sk1fk1fl1.tiff,plate_41002701/r13c20f08p01-ch1sk1fk1fl1.tiff,plate_41002701/r13c20f08p01-ch2sk1fk1fl1.tiff,plate_41002701/r13c20f08p01-ch4sk1fk1fl1.tiff,plate_41002701/r13c20f08p01-ch3sk1fk1fl1.tiff,plate_41002701/r13c20f08p01-ch5sk1fk1fl1.tiff,none,control,train,0
p41002701_M22_s08,plate_41002701,p41002701_M22,8,Compound_88f6068e,,33.5,0.7388216853141785,-0.0042967167682945,,,plate_41002701/r13c22f08p01-ch6sk1fk1fl1.tiff,plate_41002701/r13c22f08p01-ch1sk1fk1fl1.tiff,plate_41002701/r13c22f08p01-ch2sk1fk1fl1.tiff,plate_41002701/r13c22f08p01-ch4sk1fk1fl1.tiff,plate_41002701/r13c22f08p01-ch3sk1fk1fl1.tiff,plate_41002701/r13c22f08p01-ch5sk1fk1fl1.tiff,33.5,Compound_88f6068e,train,0
p41002701_N11_s08,plate_41002701,p41002701_N11,8,Rapamycin,OASIS1120,33.5,0.601075291633606,-0.0546412654221057,Antibiotic; Autophagy; Bacterial; Endogenous Metabolite; FKBP; Fungal; mTOR,O=C([C@@]1(O)[C@@H](CC[C@@H](C[C@@H](/C(C)=C/C=C/C=C/[C@H](C[C@@H](C)C([C@@H]([C@@H](/C(C)=C/[C@H]2C)O)OC)=O)C)OC)O1)C)C(N3CCCC[C@H]3C(O[C@@H](CC2=O)[C@@H](C[C@H]4C[C@H]([C@H](O)CC4)OC)C)=O)=O,plate_41002701/r14c11f08p01-ch6sk1fk1fl1.tiff,plate_41002701/r14c11f08p01-ch1sk1fk1fl1.tiff,plate_41002701/r14c11f08p01-ch2sk1fk1fl1.tiff,plate_41002701/r14c11f08p01-ch4sk1fk1fl1.tiff,plate_41002701/r14c11f08p01-ch3sk1fk1fl1.tiff,plate_41002701/r14c11f08p01-ch5sk1fk1fl1.tiff,33.5,Rapamycin,train,0
p41002701_N13_s08,plate_41002701,p41002701_N13,8,Baricitinib,OASIS1781,33.5,0.6516866683959961,-0.0098905554041266,JAK,N#CCC1(N2N=CC(C3=C4C(NC=C4)=NC=N3)=C2)CN(S(=O)(CC)=O)C1,plate_41002701/r14c13f08p01-ch6sk1fk1fl1.tiff,plate_41002701/r14c13f08p01-ch1sk1fk1fl1.tiff,plate_41002701/r14c13f08p01-ch2sk1fk1fl1.tiff,plate_41002701/r14c13f08p01-ch4sk1fk1fl1.tiff,plate_41002701/r14c13f08p01-ch3sk1fk1fl1.tiff,plate_41002701/r14c13f08p01-ch5sk1fk1fl1.tiff,33.5,Baricitinib,val,1
p41002701_N15_s08,plate_41002701,p41002701_N15,8,Compound_567dbb1e,,33.5,0.7184728384017944,-0.0434535890817642,,,plate_41002701/r14c15f08p01-ch6sk1fk1fl1.tiff,plate_41002701/r14c15f08p01-ch1sk1fk1fl1.tiff,plate_41002701/r14c15f08p01-ch2sk1fk1fl1.tiff,plate_41002701/r14c15f08p01-ch4sk1fk1fl1.tiff,plate_41002701/r14c15f08p01-ch3sk1fk1fl1.tiff,plate_41002701/r14c15f08p01-ch5sk1fk1fl1.tiff,33.5,Compound_567dbb1e,test,0
p41002701_N22_s08,plate_41002701,p41002701_N22,8,Raltegravir,OASIS869,33.5,1.0336198806762695,-0.0406566672027111,HIV; HIV Integrase,O=C(C(O)=C(C(NCC1=CC=C(C=C1)F)=O)N=C2C(C)(C)NC(C3=NN=C(C)O3)=O)N2C,plate_41002701/r14c22f08p01-ch6sk1fk1fl1.tiff,plate_41002701/r14c22f08p01-ch1sk1fk1fl1.tiff,plate_41002701/r14c22f08p01-ch2sk1fk1fl1.tiff,plate_41002701/r14c22f08p01-ch4sk1fk1fl1.tiff,plate_41002701/r14c22f08p01-ch3sk1fk1fl1.tiff,plate_41002701/r14c22f08p01-ch5sk1fk1fl1.tiff,33.5,Raltegravir,test,0
p41002701_O11_s08,plate_41002701,p41002701_O11,8,Compound_fee2a120,,33.5,0.583856999874115,0.0348601527512073,,,plate_41002701/r15c11f08p01-ch6sk1fk1fl1.tiff,plate_41002701/r15c11f08p01-ch1sk1fk1fl1.tiff,plate_41002701/r15c11f08p01-ch2sk1fk1fl1.tiff,plate_41002701/r15c11f08p01-ch4sk1fk1fl1.tiff,plate_41002701/r15c11f08p01-ch3sk1fk1fl1.tiff,plate_41002701/r15c11f08p01-ch5sk1fk1fl1.tiff,33.5,Compound_fee2a120,train,0
p41002701_O14_s08,plate_41002701,p41002701_O14,8,Droperidol,OASIS1204,33.5,0.8661327958106995,0.0880016237497329,Dopamine Receptor,O=C1NC2=CC=CC=C2N1C3=CCN(CCCC(C4=CC=C(F)C=C4)=O)CC3,plate_41002701/r15c14f08p01-ch6sk1fk1fl1.tiff,plate_41002701/r15c14f08p01-ch1sk1fk1fl1.tiff,plate_41002701/r15c14f08p01-ch2sk1fk1fl1.tiff,plate_41002701/r15c14f08p01-ch4sk1fk1fl1.tiff,plate_41002701/r15c14f08p01-ch3sk1fk1fl1.tiff,plate_41002701/r15c14f08p01-ch5sk1fk1fl1.tiff,33.5,Droperidol,train,1
p41002701_O22_s08,plate_41002701,p41002701_O22,8,Gefitinib,OASIS1455,33.5,0.4268051981925964,0.0824077799916267,Apoptosis; Autophagy; EGFR,ClC1=C(C=CC(NC2=NC=NC3=C2C=C(C(OC)=C3)OCCCN4CCOCC4)=C1)F,plate_41002701/r15c22f08p01-ch6sk1fk1fl1.tiff,plate_41002701/r15c22f08p01-ch1sk1fk1fl1.tiff,plate_41002701/r15c22f08p01-ch2sk1fk1fl1.tiff,plate_41002701/r15c22f08p01-ch4sk1fk1fl1.tiff,plate_41002701/r15c22f08p01-ch3sk1fk1fl1.tiff,plate_41002701/r15c22f08p01-ch5sk1fk1fl1.tiff,33.5,Gefitinib,train,1
p41002701_O23_s08,plate_41002701,p41002701_O23,8,Sulfasalazine,OASIS018,33.5,0.8468274474143982,0.0124847991392016,Antibiotic; Apoptosis; Autophagy; Bacterial; Ferroptosis; NF-κB,OC(C1=C(O)C=CC(/N=N/C2=CC=C(S(=O)(NC3=NC=CC=C3)=O)C=C2)=C1)=O,plate_41002701/r15c23f08p01-ch6sk1fk1fl1.tiff,plate_41002701/r15c23f08p01-ch1sk1fk1fl1.tiff,plate_41002701/r15c23f08p01-ch2sk1fk1fl1.tiff,plate_41002701/r15c23f08p01-ch4sk1fk1fl1.tiff,plate_41002701/r15c23f08p01-ch3sk1fk1fl1.tiff,plate_41002701/r15c23f08p01-ch5sk1fk1fl1.tiff,33.5,Sulfasalazine,train,0
p41002701_O23_s08,plate_41002701,p41002701_O23,8,Sulfasalazine,OASIS018,33.5,0.8468274474143982,0.0124847991392016,Antibiotic; Apoptosis; Autophagy; Bacterial; Ferroptosis; NF-κB,OC(C1=C(O)C=CC(/N=N/C2=CC=C(S(=O)(NC3=NC=CC=C3)=O)C=C2)=C1)=O,plate_41002701/r15c23f08p01-ch6sk1fk1fl1.tiff,plate_41002701/r15c23f08p01-ch1sk1fk1fl1.tiff,plate_41002701/r15c23f08p01-ch2sk1fk1fl1.tiff,plate_41002701/r15c23f08p01-ch4sk1fk1fl1.tiff,plate_41002701/r15c23f08p01-ch3sk1fk1fl1.tiff,plate_41002701/r15c23f08p01-ch5sk1fk1fl1.tiff,33.5,Sulfasalazine,train,0
p41002701_P14_s08,plate_41002701,p41002701_P14,8,Capsaicin,OASIS1503,33.5,1.0137927532196045,0.1131738945841789,Apoptosis; Autophagy; Endogenous Metabolite; TRP Channel,CC(C)/C=C/CCCCC(NCC1=CC=C(O)C(OC)=C1)=O,plate_41002701/r16c14f08p01-ch6sk1fk1fl1.tiff,plate_41002701/r16c14f08p01-ch1sk1fk1fl1.tiff,plate_41002701/r16c14f08p01-ch2sk1fk1fl1.tiff,plate_41002701/r16c14f08p01-ch4sk1fk1fl1.tiff,plate_41002701/r16c14f08p01-ch3sk1fk1fl1.tiff,plate_41002701/r16c14f08p01-ch5sk1fk1fl1.tiff,33.5,Capsaicin,train,1
p41002701_P18_s08,plate_41002701,p41002701_P18,8,Lercanidipine,OASIS861,33.5,1.0132709741592407,0.0712201073765754,Apoptosis; Calcium Channel; NF-κB; p38 MAPK; Reactive Oxygen Species,O=C(C1=C(C)NC(C)=C(C(OC)=O)C1C2=CC=CC([N+]([O-])=O)=C2)OC(C)(C)CN(CCC(C3=CC=CC=C3)C4=CC=CC=C4)C,plate_41002701/r16c18f08p01-ch6sk1fk1fl1.tiff,plate_41002701/r16c18f08p01-ch1sk1fk1fl1.tiff,plate_41002701/r16c18f08p01-ch2sk1fk1fl1.tiff,plate_41002701/r16c18f08p01-ch4sk1fk1fl1.tiff,plate_41002701/r16c18f08p01-ch3sk1fk1fl1.tiff,plate_41002701/r16c18f08p01-ch5sk1fk1fl1.tiff,33.5,Lercanidipine,test,1
p41002701_P19_s08,plate_41002701,p41002701_P19,8,Cyclosporin A,OASIS011,33.5,0.6819491386413574,0.2278475910425186,Antibiotic; Complement System; Molecular Glues; Phosphatase,C/C=C/C[C@H]([C@@H](O)[C@@]1(N(C)C([C@]([H])(C(C)C)N(C)C([C@H](CC(C)C)N(C)C([C@]([H])(CC(C)C)N(C)C([C@@H](C)NC([C@H](C)NC([C@@H](N(C([C@@]([H])(NC([C@@H](N(C(CN(C([C@@H](NC1=O)CC)=O)C)=O)C)CC(C)C)=O)C(C)C)=O)C)CC(C)C)=O)=O)=O)=O)=O)=O)[H])C,plate_41002701/r16c19f08p01-ch6sk1fk1fl1.tiff,plate_41002701/r16c19f08p01-ch1sk1fk1fl1.tiff,plate_41002701/r16c19f08p01-ch2sk1fk1fl1.tiff,plate_41002701/r16c19f08p01-ch4sk1fk1fl1.tiff,plate_41002701/r16c19f08p01-ch3sk1fk1fl1.tiff,plate_41002701/r16c19f08p01-ch5sk1fk1fl1.tiff,33.5,Cyclosporin A,train,1
p41002701_P22_s08,plate_41002701,p41002701_P22,8,Alpelisib,OASIS1957,33.5,0.4601982831954956,0.135549247264862,PI3K,CC(N=C(S1)NC(N2CCC[C@H]2C(N)=O)=O)=C1C3=CC(C(C)(C(F)(F)F)C)=NC=C3,plate_41002701/r16c22f08p01-ch6sk1fk1fl1.tiff,plate_41002701/r16c22f08p01-ch1sk1fk1fl1.tiff,plate_41002701/r16c22f08p01-ch2sk1fk1fl1.tiff,plate_41002701/r16c22f08p01-ch4sk1fk1fl1.tiff,plate_41002701/r16c22f08p01-ch3sk1fk1fl1.tiff,plate_41002701/r16c22f08p01-ch5sk1fk1fl1.tiff,33.5,Alpelisib,train,0
p41002702_A12_s08,plate_41002702,p41002702_A12,8,control,,0.0,1.063384771347046,0.0495402291417121,,,plate_41002702/r01c12f08p01-ch6sk1fk1fl1.tiff,plate_41002702/r01c12f08p01-ch1sk1fk1fl1.tiff,plate_41002702/r01c12f08p01-ch2sk1fk1fl1.tiff,plate_41002702/r01c12f08p01-ch4sk1fk1fl1.tiff,plate_41002702/r01c12f08p01-ch3sk1fk1fl1.tiff,plate_41002702/r01c12f08p01-ch5sk1fk1fl1.tiff,none,control,test,1
p41002702_A17_s08,plate_41002702,p41002702_A17,8,Oseltamivir,OASIS1570,0.0456431545317173,1.1127997636795044,0.2134482711553573,Influenza Virus,O=C(OCC)C1=C[C@H]([C@@H]([C@H](C1)N)NC(C)=O)OC(CC)CC,plate_41002702/r01c17f08p01-ch6sk1fk1fl1.tiff,plate_41002702/r01c17f08p01-ch1sk1fk1fl1.tiff,plate_41002702/r01c17f08p01-ch2sk1fk1fl1.tiff,plate_41002702/r01c17f08p01-ch4sk1fk1fl1.tiff,plate_41002702/r01c17f08p01-ch3sk1fk1fl1.tiff,plate_41002702/r01c17f08p01-ch5sk1fk1fl1.tiff,0.046,Oseltamivir,train,0
p41002702_A18_s08,plate_41002702,p41002702_A18,8,Irinotecan,OASIS744,0.0456431545317173,1.0922635793685913,0.1949425339698791,Autophagy; Topoisomerase,O=C(N1CCC(N2CCCCC2)CC1)OC3=CC=C4N=C5C(CN6C(C(COC([C@@]7(CC)O)=O)=C7C=C65)=O)=C(CC)C4=C3,plate_41002702/r01c18f08p01-ch6sk1fk1fl1.tiff,plate_41002702/r01c18f08p01-ch1sk1fk1fl1.tiff,plate_41002702/r01c18f08p01-ch2sk1fk1fl1.tiff,plate_41002702/r01c18f08p01-ch4sk1fk1fl1.tiff,plate_41002702/r01c18f08p01-ch3sk1fk1fl1.tiff,plate_41002702/r01c18f08p01-ch5sk1fk1fl1.tiff,0.046,Irinotecan,test,0
p41002702_B12_s08,plate_41002702,p41002702_B12,8,control,,0.0,0.9523614645004272,0.0891954004764556,,,plate_41002702/r02c12f08p01-ch6sk1fk1fl1.tiff,plate_41002702/r02c12f08p01-ch1sk1fk1fl1.tiff,plate_41002702/r02c12f08p01-ch2sk1fk1fl1.tiff,plate_41002702/r02c12f08p01-ch4sk1fk1fl1.tiff,plate_41002702/r02c12f08p01-ch3sk1fk1fl1.tiff,plate_41002702/r02c12f08p01-ch5sk1fk1fl1.tiff,none,control,test,0
p41002702_B24_s08,plate_41002702,p41002702_B24,8,Telaprevir,OASIS980,0.0456431545317173,1.1359028816223145,0.2055172473192215,HCV; HCV Protease; SARS-CoV,O=C(N([C@@H]1C(N[C@H](C(C(NC2CC2)=O)=O)CCC)=O)C[C@@]3(CCC[C@@]31[H])[H])[C@@H](NC([C@@H](NC(C4=NC=CN=C4)=O)C5CCCCC5)=O)C(C)(C)C,plate_41002702/r02c24f08p01-ch6sk1fk1fl1.tiff,plate_41002702/r02c24f08p01-ch1sk1fk1fl1.tiff,plate_41002702/r02c24f08p01-ch2sk1fk1fl1.tiff,plate_41002702/r02c24f08p01-ch4sk1fk1fl1.tiff,plate_41002702/r02c24f08p01-ch3sk1fk1fl1.tiff,plate_41002702/r02c24f08p01-ch5sk1fk1fl1.tiff,0.046,Telaprevir,train,0
p41002702_C10_s08,plate_41002702,p41002702_C10,8,Nifurtimox,OASIS1788,0.0456431545317173,0.9722558259963988,-0.0191954020410776,Lactate Dehydrogenase; Parasite,O=S1(CC(C)N(/N=C/C2=CC=C([N+]([O-])=O)O2)CC1)=O,plate_41002702/r03c10f08p01-ch6sk1fk1fl1.tiff,plate_41002702/r03c10f08p01-ch1sk1fk1fl1.tiff,plate_41002702/r03c10f08p01-ch2sk1fk1fl1.tiff,plate_41002702/r03c10f08p01-ch4sk1fk1fl1.tiff,plate_41002702/r03c10f08p01-ch3sk1fk1fl1.tiff,plate_41002702/r03c10f08p01-ch5sk1fk1fl1.tiff,0.046,Nifurtimox,test,0
p41002702_C20_s08,plate_41002702,p41002702_C20,8,control,,0.0,1.0274465084075928,-0.0112643679603934,,,plate_41002702/r03c20f08p01-ch6sk1fk1fl1.tiff,plate_41002702/r03c20f08p01-ch1sk1fk1fl1.tiff,plate_41002702/r03c20f08p01-ch2sk1fk1fl1.tiff,plate_41002702/r03c20f08p01-ch4sk1fk1fl1.tiff,plate_41002702/r03c20f08p01-ch3sk1fk1fl1.tiff,plate_41002702/r03c20f08p01-ch5sk1fk1fl1.tiff,none,control,test,1
p41002702_C21_s08,plate_41002702,p41002702_C21,8,Macitentan,OASIS1840,0.0456431545317173,1.1076656579971311,-0.0006896551931276,Apoptosis; Endothelin Receptor,BrC1=CN=C(OCCOC2=C(C3=CC=C(Br)C=C3)C(NS(NCCC)(=O)=O)=NC=N2)N=C1,plate_41002702/r03c21f08p01-ch6sk1fk1fl1.tiff,plate_41002702/r03c21f08p01-ch1sk1fk1fl1.tiff,plate_41002702/r03c21f08p01-ch2sk1fk1fl1.tiff,plate_41002702/r03c21f08p01-ch4sk1fk1fl1.tiff,plate_41002702/r03c21f08p01-ch3sk1fk1fl1.tiff,plate_41002702/r03c21f08p01-ch5sk1fk1fl1.tiff,0.046,Macitentan,test,1
p41002702_D17_s08,plate_41002702,p41002702_D17,8,6-Thioguanine,OASIS1225,0.0456431545317173,1.0043435096740725,0.0706896558403968,Apoptosis; Autophagy; Deubiquitinase; DNA Methyltransferase; Endogenous Metabolite; SARS-CoV,SC1=NC(N)=NC2=C1N=CN2,plate_41002702/r04c17f08p01-ch6sk1fk1fl1.tiff,plate_41002702/r04c17f08p01-ch1sk1fk1fl1.tiff,plate_41002702/r04c17f08p01-ch2sk1fk1fl1.tiff,plate_41002702/r04c17f08p01-ch4sk1fk1fl1.tiff,plate_41002702/r04c17f08p01-ch3sk1fk1fl1.tiff,plate_41002702/r04c17f08p01-ch5sk1fk1fl1.tiff,0.046,6-Thioguanine,test,0
p41002702_D24_s08,plate_41002702,p41002702_D24,8,Etravirine,OASIS886,0.0456431545317173,1.2334493398666382,0.1870114952325821,HIV; Reverse Transcriptase,N#CC1=CC(C)=C(C(C)=C1)OC2=NC(NC3=CC=C(C=C3)C#N)=NC(N)=C2Br,plate_41002702/r04c24f08p01-ch6sk1fk1fl1.tiff,plate_41002702/r04c24f08p01-ch1sk1fk1fl1.tiff,plate_41002702/r04c24f08p01-ch2sk1fk1fl1.tiff,plate_41002702/r04c24f08p01-ch4sk1fk1fl1.tiff,plate_41002702/r04c24f08p01-ch3sk1fk1fl1.tiff,plate_41002702/r04c24f08p01-ch5sk1fk1fl1.tiff,0.046,Etravirine,train,0
p41002702_E20_s08,plate_41002702,p41002702_E20,8,control,,0.0,0.9767481088638306,-0.0588505752384662,,,plate_41002702/r05c20f08p01-ch6sk1fk1fl1.tiff,plate_41002702/r05c20f08p01-ch1sk1fk1fl1.tiff,plate_41002702/r05c20f08p01-ch2sk1fk1fl1.tiff,plate_41002702/r05c20f08p01-ch4sk1fk1fl1.tiff,plate_41002702/r05c20f08p01-ch3sk1fk1fl1.tiff,plate_41002702/r05c20f08p01-ch5sk1fk1fl1.tiff,none,control,train,0
p41002702_E21_s08,plate_41002702,p41002702_E21,8,Bifenazate,OASIS411,0.0456431545317173,1.0473408699035645,-0.0218390803784132,GABA Receptor,COC1=CC=C(C2=CC=CC=C2)C=C1NNC(OC(C)C)=O,plate_41002702/r05c21f08p01-ch6sk1fk1fl1.tiff,plate_41002702/r05c21f08p01-ch1sk1fk1fl1.tiff,plate_41002702/r05c21f08p01-ch2sk1fk1fl1.tiff,plate_41002702/r05c21f08p01-ch4sk1fk1fl1.tiff,plate_41002702/r05c21f08p01-ch3sk1fk1fl1.tiff,plate_41002702/r05c21f08p01-ch5sk1fk1fl1.tiff,0.046,Bifenazate,train,1
p41002702_G21_s08,plate_41002702,p41002702_G21,8,Ebrotidine,OASIS1376,0.0456431545317173,1.0389981269836426,0.0045977011322975,Histamine Receptor,O=S(C1=CC=C(Br)C=C1)(/N=C/NCCSCC2=CSC(NC(N)=N)=N2)=O,plate_41002702/r07c21f08p01-ch6sk1fk1fl1.tiff,plate_41002702/r07c21f08p01-ch1sk1fk1fl1.tiff,plate_41002702/r07c21f08p01-ch2sk1fk1fl1.tiff,plate_41002702/r07c21f08p01-ch4sk1fk1fl1.tiff,plate_41002702/r07c21f08p01-ch3sk1fk1fl1.tiff,plate_41002702/r07c21f08p01-ch5sk1fk1fl1.tiff,0.046,Ebrotidine,test,0
p41002702_I21_s08,plate_41002702,p41002702_I21,8,Compound_06965c8b,,0.0456431545317173,1.0685187578201294,-0.0747126415371894,,,plate_41002702/r09c21f08p01-ch6sk1fk1fl1.tiff,plate_41002702/r09c21f08p01-ch1sk1fk1fl1.tiff,plate_41002702/r09c21f08p01-ch2sk1fk1fl1.tiff,plate_41002702/r09c21f08p01-ch4sk1fk1fl1.tiff,plate_41002702/r09c21f08p01-ch3sk1fk1fl1.tiff,plate_41002702/r09c21f08p01-ch5sk1fk1fl1.tiff,0.046,Compound_06965c8b,val,1
p41002702_J17_s08,plate_41002702,p41002702_J17,8,Siponimod,OASIS1805,0.0456431545317173,0.8567402958869934,-0.013908046297729,LPL Receptor,O=C(C1CN(CC2=CC=C(/C(C)=N/OCC3=CC=C(C4CCCCC4)C(C(F)(F)F)=C3)C=C2CC)C1)O,plate_41002702/r10c17f08p01-ch6sk1fk1fl1.tiff,plate_41002702/r10c17f08p01-ch1sk1fk1fl1.tiff,plate_41002702/r10c17f08p01-ch2sk1fk1fl1.tiff,plate_41002702/r10c17f08p01-ch4sk1fk1fl1.tiff,plate_41002702/r10c17f08p01-ch3sk1fk1fl1.tiff,plate_41002702/r10c17f08p01-ch5sk1fk1fl1.tiff,0.046,Siponimod,train,1
p41002702_J19_s08,plate_41002702,p41002702_J19,8,Gabapentin enacarbil,OASIS1791,0.0456431545317173,0.9934336543083192,-0.066781610250473,Calcium Channel,O=C(O)CC1(CNC(OC(OC(C(C)C)=O)C)=O)CCCCC1,plate_41002702/r10c19f08p01-ch6sk1fk1fl1.tiff,plate_41002702/r10c19f08p01-ch1sk1fk1fl1.tiff,plate_41002702/r10c19f08p01-ch2sk1fk1fl1.tiff,plate_41002702/r10c19f08p01-ch4sk1fk1fl1.tiff,plate_41002702/r10c19f08p01-ch3sk1fk1fl1.tiff,plate_41002702/r10c19f08p01-ch5sk1fk1fl1.tiff,0.046,Gabapentin enacarbil,test,1
p41002702_J21_s08,plate_41002702,p41002702_J21,8,Mefenamic acid,OASIS057,0.0456431545317173,1.0524749755859375,-0.0562068969011306,COX,O=C(O)C1=CC=CC=C1NC2=CC=CC(C)=C2C,plate_41002702/r10c21f08p01-ch6sk1fk1fl1.tiff,plate_41002702/r10c21f08p01-ch1sk1fk1fl1.tiff,plate_41002702/r10c21f08p01-ch2sk1fk1fl1.tiff,plate_41002702/r10c21f08p01-ch4sk1fk1fl1.tiff,plate_41002702/r10c21f08p01-ch3sk1fk1fl1.tiff,plate_41002702/r10c21f08p01-ch5sk1fk1fl1.tiff,0.046,Mefenamic acid,val,0
p41002702_K15_s08,plate_41002702,p41002702_K15,8,Dantrolene,OASIS069,0.0456431545317173,0.9144980311393738,-0.0033333334140479,Autophagy; Calcium Channel,O=C1NC(CN1/N=C/C2=CC=C(C3=CC=C([N+]([O-])=O)C=C3)O2)=O,plate_41002702/r11c15f08p01-ch6sk1fk1fl1.tiff,plate_41002702/r11c15f08p01-ch1sk1fk1fl1.tiff,plate_41002702/r11c15f08p01-ch2sk1fk1fl1.tiff,plate_41002702/r11c15f08p01-ch4sk1fk1fl1.tiff,plate_41002702/r11c15f08p01-ch3sk1fk1fl1.tiff,plate_41002702/r11c15f08p01-ch5sk1fk1fl1.tiff,0.046,Dantrolene,train,1
p41002702_K19_s08,plate_41002702,p41002702_K19,8,Edoxaban (tosylate),OASIS1737,0.0456431545317173,0.8894696831703186,-0.013908046297729,Factor Xa; Thrombin,O=C(N(C)C)[C@@H](CC1)C[C@H]([C@H]1NC(C(NC(C=C2)=NC=C2Cl)=O)=O)NC(C3=NC(CC4)=C(CN4C)S3)=O.O=S(C5=CC=C(C)C=C5)(O)=O,plate_41002702/r11c19f08p01-ch6sk1fk1fl1.tiff,plate_41002702/r11c19f08p01-ch1sk1fk1fl1.tiff,plate_41002702/r11c19f08p01-ch2sk1fk1fl1.tiff,plate_41002702/r11c19f08p01-ch4sk1fk1fl1.tiff,plate_41002702/r11c19f08p01-ch3sk1fk1fl1.tiff,plate_41002702/r11c19f08p01-ch5sk1fk1fl1.tiff,0.046,Edoxaban (tosylate),test,1
p41002702_N14_s08,plate_41002702,p41002702_N14,8,β-Naphthoflavone,OASIS330,0.0456431545317173,0.968405306339264,-0.0694252848625183,Apoptosis; Aryl Hydrocarbon Receptor,O=C1C2=C3C=CC=CC3=CC=C2OC(C4=CC=CC=C4)=C1,plate_41002702/r14c14f08p01-ch6sk1fk1fl1.tiff,plate_41002702/r14c14f08p01-ch1sk1fk1fl1.tiff,plate_41002702/r14c14f08p01-ch2sk1fk1fl1.tiff,plate_41002702/r14c14f08p01-ch4sk1fk1fl1.tiff,plate_41002702/r14c14f08p01-ch3sk1fk1fl1.tiff,plate_41002702/r14c14f08p01-ch5sk1fk1fl1.tiff,0.046,β-Naphthoflavone,train,0
p41002702_N19_s08,plate_41002702,p41002702_N19,8,Zalcitabine,OASIS648,0.0456431545317173,1.0402816534042358,-0.0271264370530843,HIV; Reverse Transcriptase,OC[C@@H]1CC[C@H](N2C=CC(N)=NC2=O)O1,plate_41002702/r14c19f08p01-ch6sk1fk1fl1.tiff,plate_41002702/r14c19f08p01-ch1sk1fk1fl1.tiff,plate_41002702/r14c19f08p01-ch2sk1fk1fl1.tiff,plate_41002702/r14c19f08p01-ch4sk1fk1fl1.tiff,plate_41002702/r14c19f08p01-ch3sk1fk1fl1.tiff,plate_41002702/r14c19f08p01-ch5sk1fk1fl1.tiff,0.046,Zalcitabine,test,1
p41002702_N22_s08,plate_41002702,p41002702_N22,8,Troglitazone,OASIS1444,0.0456431545317173,1.1461708545684814,-0.0059770112857222,Apoptosis; Autophagy; Ferroptosis; PPAR,O=C(SC1CC(C=C2)=CC=C2OCC3(C)OC(C(CC3)=C4C)=C(C)C(C)=C4O)NC1=O,plate_41002702/r14c22f08p01-ch6sk1fk1fl1.tiff,plate_41002702/r14c22f08p01-ch1sk1fk1fl1.tiff,plate_41002702/r14c22f08p01-ch2sk1fk1fl1.tiff,plate_41002702/r14c22f08p01-ch4sk1fk1fl1.tiff,plate_41002702/r14c22f08p01-ch3sk1fk1fl1.tiff,plate_41002702/r14c22f08p01-ch5sk1fk1fl1.tiff,0.046,Troglitazone,test,1
p41002702_O15_s08,plate_41002702,p41002702_O15,8,Tasimelteon,OASIS1885,0.0456431545317173,1.037714600563049,0.0918390825390815,Melatonin Receptor,[H][C@]1(C2=C3C(OCC3)=CC=C2)[C@@](CNC(CC)=O)([H])C1,plate_41002702/r15c15f08p01-ch6sk1fk1fl1.tiff,plate_41002702/r15c15f08p01-ch1sk1fk1fl1.tiff,plate_41002702/r15c15f08p01-ch2sk1fk1fl1.tiff,plate_41002702/r15c15f08p01-ch4sk1fk1fl1.tiff,plate_41002702/r15c15f08p01-ch3sk1fk1fl1.tiff,plate_41002702/r15c15f08p01-ch5sk1fk1fl1.tiff,0.046,Tasimelteon,val,0
p41002702_O19_s08,plate_41002702,p41002702_O19,8,Thio-TEPA,OASIS607,0.0456431545317173,1.106382131576538,-0.016551723703742,Antibiotic; Bacterial; DNA Alkylator/Crosslinker,S=P(N1CC1)(N2CC2)N3CC3,plate_41002702/r15c19f08p01-ch6sk1fk1fl1.tiff,plate_41002702/r15c19f08p01-ch1sk1fk1fl1.tiff,plate_41002702/r15c19f08p01-ch2sk1fk1fl1.tiff,plate_41002702/r15c19f08p01-ch4sk1fk1fl1.tiff,plate_41002702/r15c19f08p01-ch3sk1fk1fl1.tiff,plate_41002702/r15c19f08p01-ch5sk1fk1fl1.tiff,0.046,Thio-TEPA,test,0
p41002702_P15_s08,plate_41002702,p41002702_P15,8,Dirithromycin,OASIS1367,0.0456431545317173,1.0216708183288574,0.250459760427475,Antibiotic; Bacterial,CC1[C@@]([C@](O)([C@H](OC([C@@H]2C)=O)CC)C)([H])O[C@H](COCCOC)N[C@@]1([H])[C@](C[C@@](O)([C@@H]([C@@H](C)[C@]2([H])O[C@@](O[C@@H](C)[C@@H]3O)([H])C[C@@]3(C)OC)O[C@@](O[C@H](C)C[C@@H]4N(C)C)([H])[C@@H]4O)C)([H])C,plate_41002702/r16c15f08p01-ch6sk1fk1fl1.tiff,plate_41002702/r16c15f08p01-ch1sk1fk1fl1.tiff,plate_41002702/r16c15f08p01-ch2sk1fk1fl1.tiff,plate_41002702/r16c15f08p01-ch4sk1fk1fl1.tiff,plate_41002702/r16c15f08p01-ch3sk1fk1fl1.tiff,plate_41002702/r16c15f08p01-ch5sk1fk1fl1.tiff,0.046,Dirithromycin,train,0
p41002702_P19_s08,plate_41002702,p41002702_P19,8,Ozagrel,OASIS1264,0.0456431545317173,1.1917353868484497,0.0733333304524421,Prostaglandin Receptor,O=C(O)/C=C/C1=CC=C(CN2C=CN=C2)C=C1,plate_41002702/r16c19f08p01-ch6sk1fk1fl1.tiff,plate_41002702/r16c19f08p01-ch1sk1fk1fl1.tiff,plate_41002702/r16c19f08p01-ch2sk1fk1fl1.tiff,plate_41002702/r16c19f08p01-ch4sk1fk1fl1.tiff,plate_41002702/r16c19f08p01-ch3sk1fk1fl1.tiff,plate_41002702/r16c19f08p01-ch5sk1fk1fl1.tiff,0.046,Ozagrel,train,1
p41002703_A12_s08,plate_41002703,p41002703_A12,8,control,,0.0,1.0679155588150024,0.0870623141527175,,,plate_41002703/r01c12f08p01-ch6sk1fk1fl1.tiff,plate_41002703/r01c12f08p01-ch1sk1fk1fl1.tiff,plate_41002703/r01c12f08p01-ch2sk1fk1fl1.tiff,plate_41002703/r01c12f08p01-ch4sk1fk1fl1.tiff,plate_41002703/r01c12f08p01-ch3sk1fk1fl1.tiff,plate_41002703/r01c12f08p01-ch5sk1fk1fl1.tiff,none,control,train,1
p41002703_D11_s08,plate_41002703,p41002703_D11,8,Mitoxantrone,OASIS1060,0.4107883870601654,0.6447983384132385,0.1439765691757202,Apoptosis; Endogenous Metabolite; Orthopoxvirus; PKC; Topoisomerase,O=C1C2=C(C(NCCNCCO)=CC=C2NCCNCCO)C(C3=C(O)C=CC(O)=C13)=O,plate_41002703/r04c11f08p01-ch6sk1fk1fl1.tiff,plate_41002703/r04c11f08p01-ch1sk1fk1fl1.tiff,plate_41002703/r04c11f08p01-ch2sk1fk1fl1.tiff,plate_41002703/r04c11f08p01-ch4sk1fk1fl1.tiff,plate_41002703/r04c11f08p01-ch3sk1fk1fl1.tiff,plate_41002703/r04c11f08p01-ch5sk1fk1fl1.tiff,0.411,Mitoxantrone,test,0
p41002703_D23_s08,plate_41002703,p41002703_D23,8,Carmustine,OASIS1398,0.4107883870601654,1.0896787643432615,0.0614508986473083,DNA Alkylator/Crosslinker,O=C(NCCCl)N(CCCl)N=O,plate_41002703/r04c23f08p01-ch6sk1fk1fl1.tiff,plate_41002703/r04c23f08p01-ch1sk1fk1fl1.tiff,plate_41002703/r04c23f08p01-ch2sk1fk1fl1.tiff,plate_41002703/r04c23f08p01-ch4sk1fk1fl1.tiff,plate_41002703/r04c23f08p01-ch3sk1fk1fl1.tiff,plate_41002703/r04c23f08p01-ch5sk1fk1fl1.tiff,0.411,Carmustine,train,1
p41002703_E14_s08,plate_41002703,p41002703_E14,8,Benzonatate,OASIS1521,0.4107883870601654,1.006674885749817,0.0187652055174112,Sodium Channel,O=C(OCCOCCOCCOCCOCCOCCOCCOCCOCCOC)C1=CC=C(NCCCC)C=C1,plate_41002703/r05c14f08p01-ch6sk1fk1fl1.tiff,plate_41002703/r05c14f08p01-ch1sk1fk1fl1.tiff,plate_41002703/r05c14f08p01-ch2sk1fk1fl1.tiff,plate_41002703/r05c14f08p01-ch4sk1fk1fl1.tiff,plate_41002703/r05c14f08p01-ch3sk1fk1fl1.tiff,plate_41002703/r05c14f08p01-ch5sk1fk1fl1.tiff,0.411,Benzonatate,train,1
p41002703_E15_s08,plate_41002703,p41002703_E15,8,Ifosfamide,OASIS1281,0.4107883870601654,0.9100058078765868,-0.0267661996185779,DNA Alkylator/Crosslinker,ClCCN1P(OCCC1)(NCCCl)=O,plate_41002703/r05c15f08p01-ch6sk1fk1fl1.tiff,plate_41002703/r05c15f08p01-ch1sk1fk1fl1.tiff,plate_41002703/r05c15f08p01-ch2sk1fk1fl1.tiff,plate_41002703/r05c15f08p01-ch4sk1fk1fl1.tiff,plate_41002703/r05c15f08p01-ch3sk1fk1fl1.tiff,plate_41002703/r05c15f08p01-ch5sk1fk1fl1.tiff,0.411,Ifosfamide,train,1
p41002703_G11_s08,plate_41002703,p41002703_G11,8,Deoxycholic acid,OASIS1721,0.4107883870601654,0.9282261729240416,-0.0694518908858299,Endogenous Metabolite; G protein-coupled Bile Acid Receptor 1,C[C@@]1([C@@]2([H])[C@H](C)CCC(O)=O)[C@](CC2)([H])[C@@](CC[C@@]3([H])[C@@]4(CC[C@@H](O)C3)C)([H])[C@]4([H])C[C@@H]1O,plate_41002703/r07c11f08p01-ch6sk1fk1fl1.tiff,plate_41002703/r07c11f08p01-ch1sk1fk1fl1.tiff,plate_41002703/r07c11f08p01-ch2sk1fk1fl1.tiff,plate_41002703/r07c11f08p01-ch4sk1fk1fl1.tiff,plate_41002703/r07c11f08p01-ch3sk1fk1fl1.tiff,plate_41002703/r07c11f08p01-ch5sk1fk1fl1.tiff,0.411,Deoxycholic acid,train,1
p41002703_G14_s08,plate_41002703,p41002703_G14,8,Ivermectin,OASIS1337,0.4107883870601654,0.968209743499756,0.0016909281257539,Antibiotic; Autophagy; Bacterial; Dengue virus; Flavivirus; HIV; HSV; Mitophagy; Parasite; SARS-CoV,CO[C@H]1C[C@H](O[C@H]2[C@H](C)O[C@@H](O[C@H](/C(C)=C/C[C@@H]3C[C@H]4C[C@@]5(O[C@]([H])(C(C)C)[C@@H](C)CC5)O3)[C@@H](C)/C=C/C=C6CO[C@@]7([H])[C@]\6(O)[C@H](C(O4)=O)C=C(C)[C@H]7O)C[C@@H]2OC)O[C@@H](C)[C@@H]1O.CO[C@H]8C[C@H](O[C@H]9[C@H](C)O[C@@H](O[C@H](/C(C)=C/C[C@@H]%10C[C@H]%11C[C@@]%12(O[C@]([H])([C@@H](C)CC)[C@@H](C)CC%12)O%10)[C@@H](C)/C=C/C=C%13CO[C@@]%14([H])[C@]\%13(O)[C@H](C(O%11)=O)C=C(C)[C@H]%14O)C[C@@H]9OC)O[C@@H](C)[C@@H]8O,plate_41002703/r07c14f08p01-ch6sk1fk1fl1.tiff,plate_41002703/r07c14f08p01-ch1sk1fk1fl1.tiff,plate_41002703/r07c14f08p01-ch2sk1fk1fl1.tiff,plate_41002703/r07c14f08p01-ch4sk1fk1fl1.tiff,plate_41002703/r07c14f08p01-ch3sk1fk1fl1.tiff,plate_41002703/r07c14f08p01-ch5sk1fk1fl1.tiff,0.411,Ivermectin,train,1
p41002703_G15_s08,plate_41002703,p41002703_G15,8,Darifenacin,OASIS859,0.4107883870601654,0.9277200102806092,0.0130737796425819,mAChR,O=C(N)C(C1=CC=CC=C1)([C@H]2CN(CCC3=CC=C(OCC4)C4=C3)CC2)C5=CC=CC=C5,plate_41002703/r07c15f08p01-ch6sk1fk1fl1.tiff,plate_41002703/r07c15f08p01-ch1sk1fk1fl1.tiff,plate_41002703/r07c15f08p01-ch2sk1fk1fl1.tiff,plate_41002703/r07c15f08p01-ch4sk1fk1fl1.tiff,plate_41002703/r07c15f08p01-ch3sk1fk1fl1.tiff,plate_41002703/r07c15f08p01-ch5sk1fk1fl1.tiff,0.411,Darifenacin,train,0
p41002703_G18_s08,plate_41002703,p41002703_G18,8,Cephalothin,OASIS1000,0.4107883870601654,1.1165032386779783,-0.0040004975162446,Antibiotic; Bacterial; Beta-lactamase,O=C(C(N12)=C(COC(C)=O)CS[C@]2([H])[C@H](NC(CC3=CC=CS3)=O)C1=O)O,plate_41002703/r07c18f08p01-ch6sk1fk1fl1.tiff,plate_41002703/r07c18f08p01-ch1sk1fk1fl1.tiff,plate_41002703/r07c18f08p01-ch2sk1fk1fl1.tiff,plate_41002703/r07c18f08p01-ch4sk1fk1fl1.tiff,plate_41002703/r07c18f08p01-ch3sk1fk1fl1.tiff,plate_41002703/r07c18f08p01-ch5sk1fk1fl1.tiff,0.411,Cephalothin,train,1
p41002703_G19_s08,plate_41002703,p41002703_G19,8,Triheptanoin,OASIS1819,0.4107883870601654,1.0456463098526,-0.0495319031178951,Others,CCCCCCC(OCC(OC(CCCCCC)=O)COC(CCCCCC)=O)=O,plate_41002703/r07c19f08p01-ch6sk1fk1fl1.tiff,plate_41002703/r07c19f08p01-ch1sk1fk1fl1.tiff,plate_41002703/r07c19f08p01-ch2sk1fk1fl1.tiff,plate_41002703/r07c19f08p01-ch4sk1fk1fl1.tiff,plate_41002703/r07c19f08p01-ch3sk1fk1fl1.tiff,plate_41002703/r07c19f08p01-ch5sk1fk1fl1.tiff,0.411,Triheptanoin,val,1
p41002703_G22_s08,plate_41002703,p41002703_G22,8,Droperidol,OASIS1204,0.4107883870601654,1.133711338043213,-0.0011547846952453,Dopamine Receptor,O=C1NC2=CC=CC=C2N1C3=CCN(CCCC(C4=CC=C(F)C=C4)=O)CC3,plate_41002703/r07c22f08p01-ch6sk1fk1fl1.tiff,plate_41002703/r07c22f08p01-ch1sk1fk1fl1.tiff,plate_41002703/r07c22f08p01-ch2sk1fk1fl1.tiff,plate_41002703/r07c22f08p01-ch4sk1fk1fl1.tiff,plate_41002703/r07c22f08p01-ch3sk1fk1fl1.tiff,plate_41002703/r07c22f08p01-ch5sk1fk1fl1.tiff,0.411,Droperidol,train,1
p41002703_G23_s08,plate_41002703,p41002703_G23,8,Capsaicin,OASIS1503,0.4107883870601654,1.090691089630127,-0.0267661996185779,Apoptosis; Autophagy; Endogenous Metabolite; TRP Channel,CC(C)/C=C/CCCCC(NCC1=CC=C(O)C(OC)=C1)=O,plate_41002703/r07c23f08p01-ch6sk1fk1fl1.tiff,plate_41002703/r07c23f08p01-ch1sk1fk1fl1.tiff,plate_41002703/r07c23f08p01-ch2sk1fk1fl1.tiff,plate_41002703/r07c23f08p01-ch4sk1fk1fl1.tiff,plate_41002703/r07c23f08p01-ch3sk1fk1fl1.tiff,plate_41002703/r07c23f08p01-ch5sk1fk1fl1.tiff,0.411,Capsaicin,train,1
p41002703_H14_s08,plate_41002703,p41002703_H14,8,control,,0.0,0.9677035808563232,-0.0495319031178951,,,plate_41002703/r08c14f08p01-ch6sk1fk1fl1.tiff,plate_41002703/r08c14f08p01-ch1sk1fk1fl1.tiff,plate_41002703/r08c14f08p01-ch2sk1fk1fl1.tiff,plate_41002703/r08c14f08p01-ch4sk1fk1fl1.tiff,plate_41002703/r08c14f08p01-ch3sk1fk1fl1.tiff,plate_41002703/r08c14f08p01-ch5sk1fk1fl1.tiff,none,control,train,0
p41002703_H19_s08,plate_41002703,p41002703_H19,8,control,,0.0,1.026919722557068,0.0358394831418991,,,plate_41002703/r08c19f08p01-ch6sk1fk1fl1.tiff,plate_41002703/r08c19f08p01-ch1sk1fk1fl1.tiff,plate_41002703/r08c19f08p01-ch2sk1fk1fl1.tiff,plate_41002703/r08c19f08p01-ch4sk1fk1fl1.tiff,plate_41002703/r08c19f08p01-ch3sk1fk1fl1.tiff,plate_41002703/r08c19f08p01-ch5sk1fk1fl1.tiff,none,control,train,1
p41002703_H21_s08,plate_41002703,p41002703_H21,8,control,,0.0,1.110935926437378,0.0216109175235033,,,plate_41002703/r08c21f08p01-ch6sk1fk1fl1.tiff,plate_41002703/r08c21f08p01-ch1sk1fk1fl1.tiff,plate_41002703/r08c21f08p01-ch2sk1fk1fl1.tiff,plate_41002703/r08c21f08p01-ch4sk1fk1fl1.tiff,plate_41002703/r08c21f08p01-ch3sk1fk1fl1.tiff,plate_41002703/r08c21f08p01-ch5sk1fk1fl1.tiff,none,control,train,0
p41002703_H23_s08,plate_41002703,p41002703_H23,8,control,,0.0,1.0218585729599,-0.0609147548675537,,,plate_41002703/r08c23f08p01-ch6sk1fk1fl1.tiff,plate_41002703/r08c23f08p01-ch1sk1fk1fl1.tiff,plate_41002703/r08c23f08p01-ch2sk1fk1fl1.tiff,plate_41002703/r08c23f08p01-ch4sk1fk1fl1.tiff,plate_41002703/r08c23f08p01-ch3sk1fk1fl1.tiff,plate_41002703/r08c23f08p01-ch5sk1fk1fl1.tiff,none,control,test,1
p41002703_I19_s08,plate_41002703,p41002703_I19,8,Compound_567dbb1e,,0.4107883870601654,0.9677035808563232,-0.0239204876124858,,,plate_41002703/r09c19f08p01-ch6sk1fk1fl1.tiff,plate_41002703/r09c19f08p01-ch1sk1fk1fl1.tiff,plate_41002703/r09c19f08p01-ch2sk1fk1fl1.tiff,plate_41002703/r09c19f08p01-ch4sk1fk1fl1.tiff,plate_41002703/r09c19f08p01-ch3sk1fk1fl1.tiff,plate_41002703/r09c19f08p01-ch5sk1fk1fl1.tiff,0.411,Compound_567dbb1e,test,0
p41002703_J14_s08,plate_41002703,p41002703_J14,8,Retinoic acid,OASIS140,0.4107883870601654,0.9044384360313416,-0.0523776151239872,Autophagy; Endogenous Metabolite; Organoid; PPAR; RAR/RXR,CC1(C)C(/C=C/C(C)=C/C=C/C(C)=C/C(O)=O)=C(C)CCC1,plate_41002703/r10c14f08p01-ch6sk1fk1fl1.tiff,plate_41002703/r10c14f08p01-ch1sk1fk1fl1.tiff,plate_41002703/r10c14f08p01-ch2sk1fk1fl1.tiff,plate_41002703/r10c14f08p01-ch4sk1fk1fl1.tiff,plate_41002703/r10c14f08p01-ch3sk1fk1fl1.tiff,plate_41002703/r10c14f08p01-ch5sk1fk1fl1.tiff,0.411,Retinoic acid,test,1
p41002703_J15_s08,plate_41002703,p41002703_J15,8,Chlormezanone,OASIS040,0.4107883870601654,0.903426229953766,-0.0381490513682365,GABA Receptor,O=C(CC1)N(C)C(C2=CC=C(Cl)C=C2)S1(=O)=O,plate_41002703/r10c15f08p01-ch6sk1fk1fl1.tiff,plate_41002703/r10c15f08p01-ch1sk1fk1fl1.tiff,plate_41002703/r10c15f08p01-ch2sk1fk1fl1.tiff,plate_41002703/r10c15f08p01-ch4sk1fk1fl1.tiff,plate_41002703/r10c15f08p01-ch3sk1fk1fl1.tiff,plate_41002703/r10c15f08p01-ch5sk1fk1fl1.tiff,0.411,Chlormezanone,train,1
p41002703_J18_s08,plate_41002703,p41002703_J18,8,Compound_0b860169,,0.4107883870601654,0.2970930933952331,-0.0353033393621444,,,plate_41002703/r10c18f08p01-ch6sk1fk1fl1.tiff,plate_41002703/r10c18f08p01-ch1sk1fk1fl1.tiff,plate_41002703/r10c18f08p01-ch2sk1fk1fl1.tiff,plate_41002703/r10c18f08p01-ch4sk1fk1fl1.tiff,plate_41002703/r10c18f08p01-ch3sk1fk1fl1.tiff,plate_41002703/r10c18f08p01-ch5sk1fk1fl1.tiff,0.411,Compound_0b860169,train,1
p41002703_L18_s08,plate_41002703,p41002703_L18,8,Lercanidipine,OASIS861,0.4107883870601654,0.902920126914978,-0.0495319031178951,Apoptosis; Calcium Channel; NF-κB; p38 MAPK; Reactive Oxygen Species,O=C(C1=C(C)NC(C)=C(C(OC)=O)C1C2=CC=CC([N+]([O-])=O)=C2)OC(C)(C)CN(CCC(C3=CC=CC=C3)C4=CC=CC=C4)C,plate_41002703/r12c18f08p01-ch6sk1fk1fl1.tiff,plate_41002703/r12c18f08p01-ch1sk1fk1fl1.tiff,plate_41002703/r12c18f08p01-ch2sk1fk1fl1.tiff,plate_41002703/r12c18f08p01-ch4sk1fk1fl1.tiff,plate_41002703/r12c18f08p01-ch3sk1fk1fl1.tiff,plate_41002703/r12c18f08p01-ch5sk1fk1fl1.tiff,0.411,Lercanidipine,test,1
p41002703_L19_s08,plate_41002703,p41002703_L19,8,Lapatinib,OASIS1355,0.4107883870601654,0.9267078042030334,-0.0210747756063938,Autophagy; EGFR; Ferroptosis,O=S(CCNCC1=CC=C(C2=CC=C3C(C(NC4=CC(Cl)=C(C=C4)OCC5=CC(F)=CC=C5)=NC=N3)=C2)O1)(C)=O,plate_41002703/r12c19f08p01-ch6sk1fk1fl1.tiff,plate_41002703/r12c19f08p01-ch1sk1fk1fl1.tiff,plate_41002703/r12c19f08p01-ch2sk1fk1fl1.tiff,plate_41002703/r12c19f08p01-ch4sk1fk1fl1.tiff,plate_41002703/r12c19f08p01-ch3sk1fk1fl1.tiff,plate_41002703/r12c19f08p01-ch5sk1fk1fl1.tiff,0.411,Lapatinib,test,1
p41002703_L23_s08,plate_41002703,p41002703_L23,8,Sorafenib,OASIS1340,0.4107883870601654,0.956568956375122,-0.0495319031178951,Apoptosis; Autophagy; Ferroptosis; FLT3; Raf; VEGFR,O=C(NC(C=C1)=CC=C1OC2=CC(C(NC)=O)=NC=C2)NC3=CC=C(Cl)C(C(F)(F)F)=C3,plate_41002703/r12c23f08p01-ch6sk1fk1fl1.tiff,plate_41002703/r12c23f08p01-ch1sk1fk1fl1.tiff,plate_41002703/r12c23f08p01-ch2sk1fk1fl1.tiff,plate_41002703/r12c23f08p01-ch4sk1fk1fl1.tiff,plate_41002703/r12c23f08p01-ch3sk1fk1fl1.tiff,plate_41002703/r12c23f08p01-ch5sk1fk1fl1.tiff,0.411,Sorafenib,test,1
p41002703_L24_s08,plate_41002703,p41002703_L24,8,Olmesartan,OASIS831,0.4107883870601654,1.0031321048736572,0.0529137589037418,Angiotensin Receptor,O=C(O)C1=C(N=C(N1CC2=CC=C(C=C2)C3=CC=CC=C3C4=NN=NN4)CCC)C(O)(C)C,plate_41002703/r12c24f08p01-ch6sk1fk1fl1.tiff,plate_41002703/r12c24f08p01-ch1sk1fk1fl1.tiff,plate_41002703/r12c24f08p01-ch2sk1fk1fl1.tiff,plate_41002703/r12c24f08p01-ch4sk1fk1fl1.tiff,plate_41002703/r12c24f08p01-ch3sk1fk1fl1.tiff,plate_41002703/r12c24f08p01-ch5sk1fk1fl1.tiff,0.411,Olmesartan,test,0
p41002703_M11_s08,plate_41002703,p41002703_M11,8,Compound_88f6068e,,0.4107883870601654,0.959099531173706,-0.0751433223485946,,,plate_41002703/r13c11f08p01-ch6sk1fk1fl1.tiff,plate_41002703/r13c11f08p01-ch1sk1fk1fl1.tiff,plate_41002703/r13c11f08p01-ch2sk1fk1fl1.tiff,plate_41002703/r13c11f08p01-ch4sk1fk1fl1.tiff,plate_41002703/r13c11f08p01-ch3sk1fk1fl1.tiff,plate_41002703/r13c11f08p01-ch5sk1fk1fl1.tiff,0.411,Compound_88f6068e,train,0
p41002703_M19_s08,plate_41002703,p41002703_M19,8,Dapagliflozin,OASIS1775,0.4107883870601654,1.026919722557068,-0.0324576273560524,SGLT,O[C@H]1[C@H](C2=CC(CC3=CC=C(OCC)C=C3)=C(Cl)C=C2)O[C@H](CO)[C@@H](O)[C@@H]1O,plate_41002703/r13c19f08p01-ch6sk1fk1fl1.tiff,plate_41002703/r13c19f08p01-ch1sk1fk1fl1.tiff,plate_41002703/r13c19f08p01-ch2sk1fk1fl1.tiff,plate_41002703/r13c19f08p01-ch4sk1fk1fl1.tiff,plate_41002703/r13c19f08p01-ch3sk1fk1fl1.tiff,plate_41002703/r13c19f08p01-ch5sk1fk1fl1.tiff,0.411,Dapagliflozin,train,0
p41002703_M21_s08,plate_41002703,p41002703_M21,8,Thalidomide,OASIS1517,0.4107883870601654,0.9823811054229736,-0.0694518908858299,Autophagy; Ligands for E3 Ligase,O=C1N(C2CCC(NC2=O)=O)C(C3=CC=CC=C31)=O,plate_41002703/r13c21f08p01-ch6sk1fk1fl1.tiff,plate_41002703/r13c21f08p01-ch1sk1fk1fl1.tiff,plate_41002703/r13c21f08p01-ch2sk1fk1fl1.tiff,plate_41002703/r13c21f08p01-ch4sk1fk1fl1.tiff,plate_41002703/r13c21f08p01-ch3sk1fk1fl1.tiff,plate_41002703/r13c21f08p01-ch5sk1fk1fl1.tiff,0.411,Thalidomide,test,1
p41002703_M24_s08,plate_41002703,p41002703_M24,8,Panobinostat,OASIS1808,0.4107883870601654,0.5425618290901184,0.1695879846811294,Apoptosis; Autophagy; HDAC; HIV,O=C(/C=C/C1=CC=C(CNCCC2=C(NC3=C2C=CC=C3)C)C=C1)NO,plate_41002703/r13c24f08p01-ch6sk1fk1fl1.tiff,plate_41002703/r13c24f08p01-ch1sk1fk1fl1.tiff,plate_41002703/r13c24f08p01-ch2sk1fk1fl1.tiff,plate_41002703/r13c24f08p01-ch4sk1fk1fl1.tiff,plate_41002703/r13c24f08p01-ch3sk1fk1fl1.tiff,plate_41002703/r13c24f08p01-ch5sk1fk1fl1.tiff,0.411,Panobinostat,val,0
p41002703_N13_s08,plate_41002703,p41002703_N13,8,Raltegravir,OASIS869,0.4107883870601654,0.8573691844940186,-0.0836804583668708,HIV; HIV Integrase,O=C(C(O)=C(C(NCC1=CC=C(C=C1)F)=O)N=C2C(C)(C)NC(C3=NN=C(C)O3)=O)N2C,plate_41002703/r14c13f08p01-ch6sk1fk1fl1.tiff,plate_41002703/r14c13f08p01-ch1sk1fk1fl1.tiff,plate_41002703/r14c13f08p01-ch2sk1fk1fl1.tiff,plate_41002703/r14c13f08p01-ch4sk1fk1fl1.tiff,plate_41002703/r14c13f08p01-ch3sk1fk1fl1.tiff,plate_41002703/r14c13f08p01-ch5sk1fk1fl1.tiff,0.411,Raltegravir,test,0
p41002703_N24_s08,plate_41002703,p41002703_N24,8,Umbralisib,OASIS1859,0.4107883870601654,1.027932047843933,0.0671423226594924,Casein Kinase; PI3K,O=C1C(C2=CC=CC(F)=C2)=C([C@@H](N3N=C(C4=CC=C(OC(C)C)C(F)=C4)C5=C(N)N=CN=C53)C)OC6=CC=C(F)C=C16,plate_41002703/r14c24f08p01-ch6sk1fk1fl1.tiff,plate_41002703/r14c24f08p01-ch1sk1fk1fl1.tiff,plate_41002703/r14c24f08p01-ch2sk1fk1fl1.tiff,plate_41002703/r14c24f08p01-ch4sk1fk1fl1.tiff,plate_41002703/r14c24f08p01-ch3sk1fk1fl1.tiff,plate_41002703/r14c24f08p01-ch5sk1fk1fl1.tiff,0.411,Umbralisib,train,0
p41002703_O13_s08,plate_41002703,p41002703_O13,8,Sulfasalazine,OASIS018,0.4107883870601654,0.9666913747787476,-0.0381490513682365,Antibiotic; Apoptosis; Autophagy; Bacterial; Ferroptosis; NF-κB,OC(C1=C(O)C=CC(/N=N/C2=CC=C(S(=O)(NC3=NC=CC=C3)=O)C=C2)=C1)=O,plate_41002703/r15c13f08p01-ch6sk1fk1fl1.tiff,plate_41002703/r15c13f08p01-ch1sk1fk1fl1.tiff,plate_41002703/r15c13f08p01-ch2sk1fk1fl1.tiff,plate_41002703/r15c13f08p01-ch4sk1fk1fl1.tiff,plate_41002703/r15c13f08p01-ch3sk1fk1fl1.tiff,plate_41002703/r15c13f08p01-ch5sk1fk1fl1.tiff,0.411,Sulfasalazine,train,0
p41002703_O13_s08,plate_41002703,p41002703_O13,8,Sulfasalazine,OASIS018,0.4107883870601654,0.9666913747787476,-0.0381490513682365,Antibiotic; Apoptosis; Autophagy; Bacterial; Ferroptosis; NF-κB,OC(C1=C(O)C=CC(/N=N/C2=CC=C(S(=O)(NC3=NC=CC=C3)=O)C=C2)=C1)=O,plate_41002703/r15c13f08p01-ch6sk1fk1fl1.tiff,plate_41002703/r15c13f08p01-ch1sk1fk1fl1.tiff,plate_41002703/r15c13f08p01-ch2sk1fk1fl1.tiff,plate_41002703/r15c13f08p01-ch4sk1fk1fl1.tiff,plate_41002703/r15c13f08p01-ch3sk1fk1fl1.tiff,plate_41002703/r15c13f08p01-ch5sk1fk1fl1.tiff,0.411,Sulfasalazine,train,0
p41002703_O15_s08,plate_41002703,p41002703_O15,8,Alpelisib,OASIS1957,0.4107883870601654,0.854332447052002,0.0130737796425819,PI3K,CC(N=C(S1)NC(N2CCC[C@H]2C(N)=O)=O)=C1C3=CC(C(C)(C(F)(F)F)C)=NC=C3,plate_41002703/r15c15f08p01-ch6sk1fk1fl1.tiff,plate_41002703/r15c15f08p01-ch1sk1fk1fl1.tiff,plate_41002703/r15c15f08p01-ch2sk1fk1fl1.tiff,plate_41002703/r15c15f08p01-ch4sk1fk1fl1.tiff,plate_41002703/r15c15f08p01-ch3sk1fk1fl1.tiff,plate_41002703/r15c15f08p01-ch5sk1fk1fl1.tiff,0.411,Alpelisib,train,0
p41002703_O16_s08,plate_41002703,p41002703_O16,8,Compound_59cfb866,,0.4107883870601654,0.9378424286842346,0.0216109175235033,,,plate_41002703/r15c16f08p01-ch6sk1fk1fl1.tiff,plate_41002703/r15c16f08p01-ch1sk1fk1fl1.tiff,plate_41002703/r15c16f08p01-ch2sk1fk1fl1.tiff,plate_41002703/r15c16f08p01-ch4sk1fk1fl1.tiff,plate_41002703/r15c16f08p01-ch3sk1fk1fl1.tiff,plate_41002703/r15c16f08p01-ch5sk1fk1fl1.tiff,0.411,Compound_59cfb866,train,0
p41002703_O19_s08,plate_41002703,p41002703_O19,8,Griseofulvin,OASIS073,0.4107883870601654,0.9024139642715454,0.0073823537677526,Antibiotic; Apoptosis; Endogenous Metabolite; Fungal,O=C1[C@]2(C(OC)=CC(C[C@H]2C)=O)OC3=C(Cl)C(OC)=CC(OC)=C13,plate_41002703/r15c19f08p01-ch6sk1fk1fl1.tiff,plate_41002703/r15c19f08p01-ch1sk1fk1fl1.tiff,plate_41002703/r15c19f08p01-ch2sk1fk1fl1.tiff,plate_41002703/r15c19f08p01-ch4sk1fk1fl1.tiff,plate_41002703/r15c19f08p01-ch3sk1fk1fl1.tiff,plate_41002703/r15c19f08p01-ch5sk1fk1fl1.tiff,0.411,Griseofulvin,train,1
p41002703_O21_s08,plate_41002703,p41002703_O21,8,Compound_e48ed218,,0.4107883870601654,0.0693385973572731,0.2947993576526642,,,plate_41002703/r15c21f08p01-ch6sk1fk1fl1.tiff,plate_41002703/r15c21f08p01-ch1sk1fk1fl1.tiff,plate_41002703/r15c21f08p01-ch2sk1fk1fl1.tiff,plate_41002703/r15c21f08p01-ch4sk1fk1fl1.tiff,plate_41002703/r15c21f08p01-ch3sk1fk1fl1.tiff,plate_41002703/r15c21f08p01-ch5sk1fk1fl1.tiff,0.411,Compound_e48ed218,train,0
p41002703_P17_s08,plate_41002703,p41002703_P17,8,Famotidine,OASIS1103,0.4107883870601654,0.9677035808563232,0.1098280176520347,Histamine Receptor,N=C(NS(=O)(N)=O)CCSCC1=CSC(NC(N)=N)=N1,plate_41002703/r16c17f08p01-ch6sk1fk1fl1.tiff,plate_41002703/r16c17f08p01-ch1sk1fk1fl1.tiff,plate_41002703/r16c17f08p01-ch2sk1fk1fl1.tiff,plate_41002703/r16c17f08p01-ch4sk1fk1fl1.tiff,plate_41002703/r16c17f08p01-ch3sk1fk1fl1.tiff,plate_41002703/r16c17f08p01-ch5sk1fk1fl1.tiff,0.411,Famotidine,train,1
p41002703_P24_s08,plate_41002703,p41002703_P24,8,Chlorzoxazone,OASIS1528,0.4107883870601654,0.2641952335834503,0.2606508135795593,Cytochrome P450,O=C1OC2=CC=C(Cl)C=C2N1,plate_41002703/r16c24f08p01-ch6sk1fk1fl1.tiff,plate_41002703/r16c24f08p01-ch1sk1fk1fl1.tiff,plate_41002703/r16c24f08p01-ch2sk1fk1fl1.tiff,plate_41002703/r16c24f08p01-ch4sk1fk1fl1.tiff,plate_41002703/r16c24f08p01-ch3sk1fk1fl1.tiff,plate_41002703/r16c24f08p01-ch5sk1fk1fl1.tiff,0.411,Chlorzoxazone,train,0
