field_id,Metadata_Plate,Metadata_Well,Metadata_Site,compound_name,OASIS_ID,compound_concentration_um,mtt_normalized,ldh_normalized,compound_target,compound_smiles,URL_OrigBrightfield,URL_OrigDNA,URL_OrigER,URL_OrigRNA,URL_OrigAGP,URL_OrigMito
p41002688_A10_s08,plate_41002688,A10,8.0,β-Naphthoflavone,OASIS330,3.5,1.1830016374588013,0.14454208314418793,Apoptosis; Aryl Hydrocarbon Receptor,O=C1C2=C3C=CC=CC3=CC=C2OC(C4=CC=CC=C4)=C1,s3://cellpainting-gallery/cpg0037-oasis/axiom/images/prod_25/images/plate_41002688/r01c10f08p01-ch6sk1fk1fl1.tiff,s3://cellpainting-gallery/cpg0037-oasis/axiom/images/prod_25/images/plate_41002688/r01c10f08p01-ch1sk1fk1fl1.tiff,s3://cellpainting-gallery/cpg0037-oasis/axiom/images/prod_25/images/plate_41002688/r01c10f08p01-ch2sk1fk1fl1.tiff,s3://cellpainting-gallery/cpg0037-oasis/axiom/images/prod_25/images/plate_41002688/r01c10f08p01-ch4sk1fk1fl1.tiff,s3://cellpainting-gallery/cpg0037-oasis/axiom/images/prod_25/images/plate_41002688/r01c10f08p01-ch3sk1fk1fl1.tiff,s3://cellpainting-gallery/cpg0037-oasis/axiom/images/prod_25/images/plate_41002688/r01c10f08p01-ch5sk1fk1fl1.tiff
p41002688_A15_s08,plate_41002688,A15,8.0,Dasatinib,OASIS1044,3.5,0.5550062656402588,0.15102674067020416,Apoptosis; Autophagy; Bcr-Abl; Src,O=C(C1=CN=C(S1)NC2=NC(C)=NC(N3CCN(CC3)CCO)=C2)NC4=C(C=CC=C4Cl)C,s3://cellpainting-gallery/cpg0037-oasis/axiom/images/prod_25/images/plate_41002688/r01c15f08p01-ch6sk1fk1fl1.tiff,s3://cellpainting-gallery/cpg0037-oasis/axiom/images/prod_25/images/plate_41002688/r01c15f08p01-ch1sk1fk1fl1.tiff,s3://cellpainting-gallery/cpg0037-oasis/axiom/images/prod_25/images/plate_41002688/r01c15f08p01-ch2sk1fk1fl1.tiff,s3://cellpainting-gallery/cpg0037-oasis/axiom/images/prod_25/images/plate_41002688/r01c15f08p01-ch4sk1fk1fl1.tiff,s3://cellpainting-gallery/cpg0037-oasis/axiom/images/prod_25/images/plate_41002688/r01c15f08p01-ch3sk1fk1fl1.tiff,s3://cellpainting-gallery/cpg0037-oasis/axiom/images/prod_25/images/plate_41002688/r01c15f08p01-ch5sk1fk1fl1.tiff
p41002688_C11_s08,plate_41002688,C11,8.0,Irinotecan,OASIS744,3.5,0.9380184412002563,0.011606600135564804,Autophagy; Topoisomerase,O=C(N1CCC(N2CCCCC2)CC1)OC3=CC=C4N=C5C(CN6C(C(COC([C@@]7(CC)O)=O)=C7C=C65)=O)=C(CC)C4=C3,s3://cellpainting-gallery/cpg0037-oasis/axiom/images/prod_25/images/plate_41002688/r03c11f08p01-ch6sk1fk1fl1.tiff,s3://cellpainting-gallery/cpg0037-oasis/axiom/images/prod_25/images/plate_41002688/r03c11f08p01-ch1sk1fk1fl1.tiff,s3://cellpainting-gallery/cpg0037-oasis/axiom/images/prod_25/images/plate_41002688/r03c11f08p01-ch2sk1fk1fl1.tiff,s3://cellpainting-gallery/cpg0037-oasis/axiom/images/prod_25/images/plate_41002688/r03c11f08p01-ch4sk1fk1fl1.tiff,s3://cellpainting-gallery/cpg0037-oasis/axiom/images/prod_25/images/plate_41002688/r03c11f08p01-ch3sk1fk1fl1.tiff,s3://cellpainting-gallery/cpg0037-oasis/axiom/images/prod_25/images/plate_41002688/r03c11f08p01-ch5sk1fk1fl1.tiff
p41002688_C12_s08,plate_41002688,C12,8.0,DMSO,,0.0,1.0854419469833374,-0.030543675646185875,,,s3://cellpainting-gallery/cpg0037-oasis/axiom/images/prod_25/images/plate_41002688/r03c12f08p01-ch6sk1fk1fl1.tiff,s3://cellpainting-gallery/cpg0037-oasis/axiom/images/prod_25/images/plate_41002688/r03c12f08p01-ch1sk1fk1fl1.tiff,s3://cellpainting-gallery/cpg0037-oasis/axiom/images/prod_25/images/plate_41002688/r03c12f08p01-ch2sk1fk1fl1.tiff,s3://cellpainting-gallery/cpg0037-oasis/axiom/images/prod_25/images/plate_41002688/r03c12f08p01-ch4sk1fk1fl1.tiff,s3://cellpainting-gallery/cpg0037-oasis/axiom/images/prod_25/images/plate_41002688/r03c12f08p01-ch3sk1fk1fl1.tiff,s3://cellpainting-gallery/cpg0037-oasis/axiom/images/prod_25/images/plate_41002688/r03c12f08p01-ch5sk1fk1fl1.tiff
p41002688_D11_s08,plate_41002688,D11,8.0,Gabapentin enacarbil,OASIS1791,3.5,1.020402193069458,-0.020816689357161522,Calcium Channel,O=C(O)CC1(CNC(OC(OC(C(C)C)=O)C)=O)CCCCC1,s3://cellpainting-gallery/cpg0037-oasis/axiom/images/prod_25/images/plate_41002688/r04c11f08p01-ch6sk1fk1fl1.tiff,s3://cellpainting-gallery/cpg0037-oasis/axiom/images/prod_25/images/plate_41002688/r04c11f08p01-ch1sk1fk1fl1.tiff,s3://cellpainting-gallery/cpg0037-oasis/axiom/images/prod_25/images/plate_41002688/r04c11f08p01-ch2sk1fk1fl1.tiff,s3://cellpainting-gallery/cpg0037-oasis/axiom/images/prod_25/images/plate_41002688/r04c11f08p01-ch4sk1fk1fl1.tiff,s3://cellpainting-gallery/cpg0037-oasis/axiom/images/prod_25/images/plate_41002688/r04c11f08p01-ch3sk1fk1fl1.tiff,s3://cellpainting-gallery/cpg0037-oasis/axiom/images/prod_25/images/plate_41002688/r04c11f08p01-ch5sk1fk1fl1.tiff
p41002688_E11_s08,plate_41002688,E11,8.0,Macitentan,OASIS1840,3.5,0.9531943798065186,-0.12132888287305832,Apoptosis; Endothelin Receptor,BrC1=CN=C(OCCOC2=C(C3=CC=C(Br)C=C3)C(NS(NCCC)(=O)=O)=NC=N2)N=C1,s3://cellpainting-gallery/cpg0037-oasis/axiom/images/prod_25/images/plate_41002688/r05c11f08p01-ch6sk1fk1fl1.tiff,s3://cellpainting-gallery/cpg0037-oasis/axiom/images/prod_25/images/plate_41002688/r05c11f08p01-ch1sk1fk1fl1.tiff,s3://cellpainting-gallery/cpg0037-oasis/axiom/images/prod_25/images/plate_41002688/r05c11f08p01-ch2sk1fk1fl1.tiff,s3://cellpainting-gallery/cpg0037-oasis/axiom/images/prod_25/images/plate_41002688/r05c11f08p01-ch4sk1fk1fl1.tiff,s3://cellpainting-gallery/cpg0037-oasis/axiom/images/prod_25/images/plate_41002688/r05c11f08p01-ch3sk1fk1fl1.tiff,s3://cellpainting-gallery/cpg0037-oasis/axiom/images/prod_25/images/plate_41002688/r05c11f08p01-ch5sk1fk1fl1.tiff
p41002688_F10_s08,plate_41002688,F10,8.0,Tenofovir alafenamide,OASIS1847,3.5,0.6793045401573181,0.050514545291662216,HIV; Reverse Transcriptase,NC1=NC=NC2=C1N=CN2C[C@@H](C)OC[P@](OC3=CC=CC=C3)(N[C@@H](C)C(OC(C)C)=O)=O,s3://cellpainting-gallery/cpg0037-oasis/axiom/images/prod_25/images/plate_41002688/r06c10f08p01-ch6sk1fk1fl1.tiff,s3://cellpainting-gallery/cpg0037-oasis/axiom/images/prod_25/images/plate_41002688/r06c10f08p01-ch1sk1fk1fl1.tiff,s3://cellpainting-gallery/cpg0037-oasis/axiom/images/prod_25/images/plate_41002688/r06c10f08p01-ch2sk1fk1fl1.tiff,s3://cellpainting-gallery/cpg0037-oasis/axiom/images/prod_25/images/plate_41002688/r06c10f08p01-ch4sk1fk1fl1.tiff,s3://cellpainting-gallery/cpg0037-oasis/axiom/images/prod_25/images/plate_41002688/r06c10f08p01-ch3sk1fk1fl1.tiff,s3://cellpainting-gallery/cpg0037-oasis/axiom/images/prod_25/images/plate_41002688/r06c10f08p01-ch5sk1fk1fl1.tiff
p41002688_F11_s08,plate_41002688,F11,8.0,Etravirine,OASIS886,3.5,0.9849916100502014,0.027818243950605392,HIV; Reverse Transcriptase,N#CC1=CC(C)=C(C(C)=C1)OC2=NC(NC3=CC=C(C=C3)C#N)=NC(N)=C2Br,s3://cellpainting-gallery/cpg0037-oasis/axiom/images/prod_25/images/plate_41002688/r06c11f08p01-ch6sk1fk1fl1.tiff,s3://cellpainting-gallery/cpg0037-oasis/axiom/images/prod_25/images/plate_41002688/r06c11f08p01-ch1sk1fk1fl1.tiff,s3://cellpainting-gallery/cpg0037-oasis/axiom/images/prod_25/images/plate_41002688/r06c11f08p01-ch2sk1fk1fl1.tiff,s3://cellpainting-gallery/cpg0037-oasis/axiom/images/prod_25/images/plate_41002688/r06c11f08p01-ch4sk1fk1fl1.tiff,s3://cellpainting-gallery/cpg0037-oasis/axiom/images/prod_25/images/plate_41002688/r06c11f08p01-ch3sk1fk1fl1.tiff,s3://cellpainting-gallery/cpg0037-oasis/axiom/images/prod_25/images/plate_41002688/r06c11f08p01-ch5sk1fk1fl1.tiff
p41002688_F15_s08,plate_41002688,F15,8.0,Dantrolene,OASIS069,3.5,0.9611436724662781,-0.03702833130955696,Autophagy; Calcium Channel,O=C1NC(CN1/N=C/C2=CC=C(C3=CC=C([N+]([O-])=O)C=C3)O2)=O,s3://cellpainting-gallery/cpg0037-oasis/axiom/images/prod_25/images/plate_41002688/r06c15f08p01-ch6sk1fk1fl1.tiff,s3://cellpainting-gallery/cpg0037-oasis/axiom/images/prod_25/images/plate_41002688/r06c15f08p01-ch1sk1fk1fl1.tiff,s3://cellpainting-gallery/cpg0037-oasis/axiom/images/prod_25/images/plate_41002688/r06c15f08p01-ch2sk1fk1fl1.tiff,s3://cellpainting-gallery/cpg0037-oasis/axiom/images/prod_25/images/plate_41002688/r06c15f08p01-ch4sk1fk1fl1.tiff,s3://cellpainting-gallery/cpg0037-oasis/axiom/images/prod_25/images/plate_41002688/r06c15f08p01-ch3sk1fk1fl1.tiff,s3://cellpainting-gallery/cpg0037-oasis/axiom/images/prod_25/images/plate_41002688/r06c15f08p01-ch5sk1fk1fl1.tiff
p41002688_F18_s08,plate_41002688,F18,8.0,Compound_06965c8b,,3.5,0.9922182559967041,-0.05323997512459755,,,s3://cellpainting-gallery/cpg0037-oasis/axiom/images/prod_25/images/plate_41002688/r06c18f08p01-ch6sk1fk1fl1.tiff,s3://cellpainting-gallery/cpg0037-oasis/axiom/images/prod_25/images/plate_41002688/r06c18f08p01-ch1sk1fk1fl1.tiff,s3://cellpainting-gallery/cpg0037-oasis/axiom/images/prod_25/images/plate_41002688/r06c18f08p01-ch2sk1fk1fl1.tiff,s3://cellpainting-gallery/cpg0037-oasis/axiom/images/prod_25/images/plate_41002688/r06c18f08p01-ch4sk1fk1fl1.tiff,s3://cellpainting-gallery/cpg0037-oasis/axiom/images/prod_25/images/plate_41002688/r06c18f08p01-ch3sk1fk1fl1.tiff,s3://cellpainting-gallery/cpg0037-oasis/axiom/images/prod_25/images/plate_41002688/r06c18f08p01-ch5sk1fk1fl1.tiff
p41002688_F22_s08,plate_41002688,F22,8.0,Tasimelteon,OASIS1885,3.5,1.1143485307693481,-0.04027066007256508,Melatonin Receptor,[H][C@]1(C2=C3C(OCC3)=CC=C2)[C@@](CNC(CC)=O)([H])C1,s3://cellpainting-gallery/cpg0037-oasis/axiom/images/prod_25/images/plate_41002688/r06c22f08p01-ch6sk1fk1fl1.tiff,s3://cellpainting-gallery/cpg0037-oasis/axiom/images/prod_25/images/plate_41002688/r06c22f08p01-ch1sk1fk1fl1.tiff,s3://cellpainting-gallery/cpg0037-oasis/axiom/images/prod_25/images/plate_41002688/r06c22f08p01-ch2sk1fk1fl1.tiff,s3://cellpainting-gallery/cpg0037-oasis/axiom/images/prod_25/images/plate_41002688/r06c22f08p01-ch4sk1fk1fl1.tiff,s3://cellpainting-gallery/cpg0037-oasis/axiom/images/prod_25/images/plate_41002688/r06c22f08p01-ch3sk1fk1fl1.tiff,s3://cellpainting-gallery/cpg0037-oasis/axiom/images/prod_25/images/plate_41002688/r06c22f08p01-ch5sk1fk1fl1.tiff
p41002688_G13_s08,plate_41002688,G13,8.0,Bifenazate,OASIS411,3.5,0.9763196706771851,0.021333586424589157,GABA Receptor,COC1=CC=C(C2=CC=CC=C2)C=C1NNC(OC(C)C)=O,s3://cellpainting-gallery/cpg0037-oasis/axiom/images/prod_25/images/plate_41002688/r07c13f08p01-ch6sk1fk1fl1.tiff,s3://cellpainting-gallery/cpg0037-oasis/axiom/images/prod_25/images/plate_41002688/r07c13f08p01-ch1sk1fk1fl1.tiff,s3://cellpainting-gallery/cpg0037-oasis/axiom/images/prod_25/images/plate_41002688/r07c13f08p01-ch2sk1fk1fl1.tiff,s3://cellpainting-gallery/cpg0037-oasis/axiom/images/prod_25/images/plate_41002688/r07c13f08p01-ch4sk1fk1fl1.tiff,s3://cellpainting-gallery/cpg0037-oasis/axiom/images/prod_25/images/plate_41002688/r07c13f08p01-ch3sk1fk1fl1.tiff,s3://cellpainting-gallery/cpg0037-oasis/axiom/images/prod_25/images/plate_41002688/r07c13f08p01-ch5sk1fk1fl1.tiff
p41002688_G15_s08,plate_41002688,G15,8.0,6-Thioguanine,OASIS1225,3.5,0.8989945650100708,-0.030543675646185875,Apoptosis; Autophagy; Deubiquitinase; DNA Methyltransferase; Endogenous Metabolite; SARS-CoV,SC1=NC(N)=NC2=C1N=CN2,s3://cellpainting-gallery/cpg0037-oasis/axiom/images/prod_25/images/plate_41002688/r07c15f08p01-ch6sk1fk1fl1.tiff,s3://cellpainting-gallery/cpg0037-oasis/axiom/images/prod_25/images/plate_41002688/r07c15f08p01-ch1sk1fk1fl1.tiff,s3://cellpainting-gallery/cpg0037-oasis/axiom/images/prod_25/images/plate_41002688/r07c15f08p01-ch2sk1fk1fl1.tiff,s3://cellpainting-gallery/cpg0037-oasis/axiom/images/prod_25/images/plate_41002688/r07c15f08p01-ch4sk1fk1fl1.tiff,s3://cellpainting-gallery/cpg0037-oasis/axiom/images/prod_25/images/plate_41002688/r07c15f08p01-ch3sk1fk1fl1.tiff,s3://cellpainting-gallery/cpg0037-oasis/axiom/images/prod_25/images/plate_41002688/r07c15f08p01-ch5sk1fk1fl1.tiff
p41002688_G18_s08,plate_41002688,G18,8.0,Thio-TEPA,OASIS607,3.5,1.0579807758331299,-0.02405901812016964,Antibiotic; Bacterial; DNA Alkylator/Crosslinker,S=P(N1CC1)(N2CC2)N3CC3,s3://cellpainting-gallery/cpg0037-oasis/axiom/images/prod_25/images/plate_41002688/r07c18f08p01-ch6sk1fk1fl1.tiff,s3://cellpainting-gallery/cpg0037-oasis/axiom/images/prod_25/images/plate_41002688/r07c18f08p01-ch1sk1fk1fl1.tiff,s3://cellpainting-gallery/cpg0037-oasis/axiom/images/prod_25/images/plate_41002688/r07c18f08p01-ch2sk1fk1fl1.tiff,s3://cellpainting-gallery/cpg0037-oasis/axiom/images/prod_25/images/plate_41002688/r07c18f08p01-ch4sk1fk1fl1.tiff,s3://cellpainting-gallery/cpg0037-oasis/axiom/images/prod_25/images/plate_41002688/r07c18f08p01-ch3sk1fk1fl1.tiff,s3://cellpainting-gallery/cpg0037-oasis/axiom/images/prod_25/images/plate_41002688/r07c18f08p01-ch5sk1fk1fl1.tiff
p41002688_G20_s08,plate_41002688,G20,8.0,DMSO,,0.0,1.0153435468673706,-0.0986325815320015,,,s3://cellpainting-gallery/cpg0037-oasis/axiom/images/prod_25/images/plate_41002688/r07c20f08p01-ch6sk1fk1fl1.tiff,s3://cellpainting-gallery/cpg0037-oasis/axiom/images/prod_25/images/plate_41002688/r07c20f08p01-ch1sk1fk1fl1.tiff,s3://cellpainting-gallery/cpg0037-oasis/axiom/images/prod_25/images/plate_41002688/r07c20f08p01-ch2sk1fk1fl1.tiff,s3://cellpainting-gallery/cpg0037-oasis/axiom/images/prod_25/images/plate_41002688/r07c20f08p01-ch4sk1fk1fl1.tiff,s3://cellpainting-gallery/cpg0037-oasis/axiom/images/prod_25/images/plate_41002688/r07c20f08p01-ch3sk1fk1fl1.tiff,s3://cellpainting-gallery/cpg0037-oasis/axiom/images/prod_25/images/plate_41002688/r07c20f08p01-ch5sk1fk1fl1.tiff
p41002688_H18_s08,plate_41002688,H18,8.0,DMSO,,0.0,1.01100754737854,-0.08566326647996902,,,s3://cellpainting-gallery/cpg0037-oasis/axiom/images/prod_25/images/plate_41002688/r08c18f08p01-ch6sk1fk1fl1.tiff,s3://cellpainting-gallery/cpg0037-oasis/axiom/images/prod_25/images/plate_41002688/r08c18f08p01-ch1sk1fk1fl1.tiff,s3://cellpainting-gallery/cpg0037-oasis/axiom/images/prod_25/images/plate_41002688/r08c18f08p01-ch2sk1fk1fl1.tiff,s3://cellpainting-gallery/cpg0037-oasis/axiom/images/prod_25/images/plate_41002688/r08c18f08p01-ch4sk1fk1fl1.tiff,s3://cellpainting-gallery/cpg0037-oasis/axiom/images/prod_25/images/plate_41002688/r08c18f08p01-ch3sk1fk1fl1.tiff,s3://cellpainting-gallery/cpg0037-oasis/axiom/images/prod_25/images/plate_41002688/r08c18f08p01-ch5sk1fk1fl1.tiff
p41002688_H23_s08,plate_41002688,H23,8.0,DMSO,,0.0,1.0767699480056763,-0.02405901812016964,,,s3://cellpainting-gallery/cpg0037-oasis/axiom/images/prod_25/images/plate_41002688/r08c23f08p01-ch6sk1fk1fl1.tiff,s3://cellpainting-gallery/cpg0037-oasis/axiom/images/prod_25/images/plate_41002688/r08c23f08p01-ch1sk1fk1fl1.tiff,s3://cellpainting-gallery/cpg0037-oasis/axiom/images/prod_25/images/plate_41002688/r08c23f08p01-ch2sk1fk1fl1.tiff,s3://cellpainting-gallery/cpg0037-oasis/axiom/images/prod_25/images/plate_41002688/r08c23f08p01-ch4sk1fk1fl1.tiff,s3://cellpainting-gallery/cpg0037-oasis/axiom/images/prod_25/images/plate_41002688/r08c23f08p01-ch3sk1fk1fl1.tiff,s3://cellpainting-gallery/cpg0037-oasis/axiom/images/prod_25/images/plate_41002688/r08c23f08p01-ch5sk1fk1fl1.tiff
p41002688_I13_s08,plate_41002688,I13,8.0,Telaprevir,OASIS980,3.5,0.9011625647544861,0.005121942143887281,HCV; HCV Protease; SARS-CoV,O=C(N([C@@H]1C(N[C@H](C(C(NC2CC2)=O)=O)CCC)=O)C[C@@]3(CCC[C@@]31[H])[H])[C@@H](NC([C@@H](NC(C4=NC=CN=C4)=O)C5CCCCC5)=O)C(C)(C)C,s3://cellpainting-gallery/cpg0037-oasis/axiom/images/prod_25/images/plate_41002688/r09c13f08p01-ch6sk1fk1fl1.tiff,s3://cellpainting-gallery/cpg0037-oasis/axiom/images/prod_25/images/plate_41002688/r09c13f08p01-ch1sk1fk1fl1.tiff,s3://cellpainting-gallery/cpg0037-oasis/axiom/images/prod_25/images/plate_41002688/r09c13f08p01-ch2sk1fk1fl1.tiff,s3://cellpainting-gallery/cpg0037-oasis/axiom/images/prod_25/images/plate_41002688/r09c13f08p01-ch4sk1fk1fl1.tiff,s3://cellpainting-gallery/cpg0037-oasis/axiom/images/prod_25/images/plate_41002688/r09c13f08p01-ch3sk1fk1fl1.tiff,s3://cellpainting-gallery/cpg0037-oasis/axiom/images/prod_25/images/plate_41002688/r09c13f08p01-ch5sk1fk1fl1.tiff
p41002688_I15_s08,plate_41002688,I15,8.0,Zalcitabine,OASIS648,3.5,0.8838186264038086,-0.04027066007256508,HIV; Reverse Transcriptase,OC[C@@H]1CC[C@H](N2C=CC(N)=NC2=O)O1,s3://cellpainting-gallery/cpg0037-oasis/axiom/images/prod_25/images/plate_41002688/r09c15f08p01-ch6sk1fk1fl1.tiff,s3://cellpainting-gallery/cpg0037-oasis/axiom/images/prod_25/images/plate_41002688/r09c15f08p01-ch1sk1fk1fl1.tiff,s3://cellpainting-gallery/cpg0037-oasis/axiom/images/prod_25/images/plate_41002688/r09c15f08p01-ch2sk1fk1fl1.tiff,s3://cellpainting-gallery/cpg0037-oasis/axiom/images/prod_25/images/plate_41002688/r09c15f08p01-ch4sk1fk1fl1.tiff,s3://cellpainting-gallery/cpg0037-oasis/axiom/images/prod_25/images/plate_41002688/r09c15f08p01-ch3sk1fk1fl1.tiff,s3://cellpainting-gallery/cpg0037-oasis/axiom/images/prod_25/images/plate_41002688/r09c15f08p01-ch5sk1fk1fl1.tiff
p41002688_J15_s08,plate_41002688,J15,8.0,Ebrotidine,OASIS1376,3.5,0.9213971495628357,-0.07269395142793655,Histamine Receptor,O=S(C1=CC=C(Br)C=C1)(/N=C/NCCSCC2=CSC(NC(N)=N)=N2)=O,s3://cellpainting-gallery/cpg0037-oasis/axiom/images/prod_25/images/plate_41002688/r10c15f08p01-ch6sk1fk1fl1.tiff,s3://cellpainting-gallery/cpg0037-oasis/axiom/images/prod_25/images/plate_41002688/r10c15f08p01-ch1sk1fk1fl1.tiff,s3://cellpainting-gallery/cpg0037-oasis/axiom/images/prod_25/images/plate_41002688/r10c15f08p01-ch2sk1fk1fl1.tiff,s3://cellpainting-gallery/cpg0037-oasis/axiom/images/prod_25/images/plate_41002688/r10c15f08p01-ch4sk1fk1fl1.tiff,s3://cellpainting-gallery/cpg0037-oasis/axiom/images/prod_25/images/plate_41002688/r10c15f08p01-ch3sk1fk1fl1.tiff,s3://cellpainting-gallery/cpg0037-oasis/axiom/images/prod_25/images/plate_41002688/r10c15f08p01-ch5sk1fk1fl1.tiff
p41002688_J21_s08,plate_41002688,J21,8.0,Lenvatinib,OASIS1839,3.5,0.6843632459640503,-0.056482307612895966,c-Kit; FGFR; PDGFR; RET; VEGFR,O=C(N)C1=C(C=C2N=CC=C(C2=C1)OC3=CC=C(C(Cl)=C3)NC(NC4CC4)=O)OC,s3://cellpainting-gallery/cpg0037-oasis/axiom/images/prod_25/images/plate_41002688/r10c21f08p01-ch6sk1fk1fl1.tiff,s3://cellpainting-gallery/cpg0037-oasis/axiom/images/prod_25/images/plate_41002688/r10c21f08p01-ch1sk1fk1fl1.tiff,s3://cellpainting-gallery/cpg0037-oasis/axiom/images/prod_25/images/plate_41002688/r10c21f08p01-ch2sk1fk1fl1.tiff,s3://cellpainting-gallery/cpg0037-oasis/axiom/images/prod_25/images/plate_41002688/r10c21f08p01-ch4sk1fk1fl1.tiff,s3://cellpainting-gallery/cpg0037-oasis/axiom/images/prod_25/images/plate_41002688/r10c21f08p01-ch3sk1fk1fl1.tiff,s3://cellpainting-gallery/cpg0037-oasis/axiom/images/prod_25/images/plate_41002688/r10c21f08p01-ch5sk1fk1fl1.tiff
p41002688_K17_s08,plate_41002688,K17,8.0,Ozagrel,OASIS1264,3.5,0.9185065031051636,-0.10511723905801773,Prostaglandin Receptor,O=C(O)/C=C/C1=CC=C(CN2C=CN=C2)C=C1,s3://cellpainting-gallery/cpg0037-oasis/axiom/images/prod_25/images/plate_41002688/r11c17f08p01-ch6sk1fk1fl1.tiff,s3://cellpainting-gallery/cpg0037-oasis/axiom/images/prod_25/images/plate_41002688/r11c17f08p01-ch1sk1fk1fl1.tiff,s3://cellpainting-gallery/cpg0037-oasis/axiom/images/prod_25/images/plate_41002688/r11c17f08p01-ch2sk1fk1fl1.tiff,s3://cellpainting-gallery/cpg0037-oasis/axiom/images/prod_25/images/plate_41002688/r11c17f08p01-ch4sk1fk1fl1.tiff,s3://cellpainting-gallery/cpg0037-oasis/axiom/images/prod_25/images/plate_41002688/r11c17f08p01-ch3sk1fk1fl1.tiff,s3://cellpainting-gallery/cpg0037-oasis/axiom/images/prod_25/images/plate_41002688/r11c17f08p01-ch5sk1fk1fl1.tiff
p41002688_L14_s08,plate_41002688,L14,8.0,Edoxaban (tosylate),OASIS1737,3.5,0.8895999193191528,-0.04027066007256508,Factor Xa; Thrombin,O=C(N(C)C)[C@@H](CC1)C[C@H]([C@H]1NC(C(NC(C=C2)=NC=C2Cl)=O)=O)NC(C3=NC(CC4)=C(CN4C)S3)=O.O=S(C5=CC=C(C)C=C5)(O)=O,s3://cellpainting-gallery/cpg0037-oasis/axiom/images/prod_25/images/plate_41002688/r12c14f08p01-ch6sk1fk1fl1.tiff,s3://cellpainting-gallery/cpg0037-oasis/axiom/images/prod_25/images/plate_41002688/r12c14f08p01-ch1sk1fk1fl1.tiff,s3://cellpainting-gallery/cpg0037-oasis/axiom/images/prod_25/images/plate_41002688/r12c14f08p01-ch2sk1fk1fl1.tiff,s3://cellpainting-gallery/cpg0037-oasis/axiom/images/prod_25/images/plate_41002688/r12c14f08p01-ch4sk1fk1fl1.tiff,s3://cellpainting-gallery/cpg0037-oasis/axiom/images/prod_25/images/plate_41002688/r12c14f08p01-ch3sk1fk1fl1.tiff,s3://cellpainting-gallery/cpg0037-oasis/axiom/images/prod_25/images/plate_41002688/r12c14f08p01-ch5sk1fk1fl1.tiff
p41002688_L15_s08,plate_41002688,L15,8.0,Fidaxomicin,OASIS1915,3.5,0.48057183623313904,0.027818243950605392,Antibiotic; Apoptosis; Bacterial; DNA/RNA Synthesis,O=C(C(C(O)=C(Cl)C(O)=C1Cl)=C1CC)O[C@H]([C@H](O[C@H]2OC/C(C(O[C@](C/C=C3C)([H])[C@H](O)C)=O)=C\C=C\C[C@@H](/C(C)=C\[C@H](CC)[C@@H](O[C@@](OC(C)(C)[C@@H](OC(C(C)C)=O)[C@@H]4O)([H])[C@H]4O)\C(C)=C/3)O)C)[C@@H]([C@@H]2OC)O,s3://cellpainting-gallery/cpg0037-oasis/axiom/images/prod_25/images/plate_41002688/r12c15f08p01-ch6sk1fk1fl1.tiff,s3://cellpainting-gallery/cpg0037-oasis/axiom/images/prod_25/images/plate_41002688/r12c15f08p01-ch1sk1fk1fl1.tiff,s3://cellpainting-gallery/cpg0037-oasis/axiom/images/prod_25/images/plate_41002688/r12c15f08p01-ch2sk1fk1fl1.tiff,s3://cellpainting-gallery/cpg0037-oasis/axiom/images/prod_25/images/plate_41002688/r12c15f08p01-ch4sk1fk1fl1.tiff,s3://cellpainting-gallery/cpg0037-oasis/axiom/images/prod_25/images/plate_41002688/r12c15f08p01-ch3sk1fk1fl1.tiff,s3://cellpainting-gallery/cpg0037-oasis/axiom/images/prod_25/images/plate_41002688/r12c15f08p01-ch5sk1fk1fl1.tiff
p41002688_L17_s08,plate_41002688,L17,8.0,Mefenamic acid,OASIS057,3.5,0.9437997341156006,-0.05323997512459755,COX,O=C(O)C1=CC=CC=C1NC2=CC=CC(C)=C2C,s3://cellpainting-gallery/cpg0037-oasis/axiom/images/prod_25/images/plate_41002688/r12c17f08p01-ch6sk1fk1fl1.tiff,s3://cellpainting-gallery/cpg0037-oasis/axiom/images/prod_25/images/plate_41002688/r12c17f08p01-ch1sk1fk1fl1.tiff,s3://cellpainting-gallery/cpg0037-oasis/axiom/images/prod_25/images/plate_41002688/r12c17f08p01-ch2sk1fk1fl1.tiff,s3://cellpainting-gallery/cpg0037-oasis/axiom/images/prod_25/images/plate_41002688/r12c17f08p01-ch4sk1fk1fl1.tiff,s3://cellpainting-gallery/cpg0037-oasis/axiom/images/prod_25/images/plate_41002688/r12c17f08p01-ch3sk1fk1fl1.tiff,s3://cellpainting-gallery/cpg0037-oasis/axiom/images/prod_25/images/plate_41002688/r12c17f08p01-ch5sk1fk1fl1.tiff
p41002688_L21_s08,plate_41002688,L21,8.0,Dirithromycin,OASIS1367,3.5,1.0211248397827148,0.0472722165286541,Antibiotic; Bacterial,CC1[C@@]([C@](O)([C@H](OC([C@@H]2C)=O)CC)C)([H])O[C@H](COCCOC)N[C@@]1([H])[C@](C[C@@](O)([C@@H]([C@@H](C)[C@]2([H])O[C@@](O[C@@H](C)[C@@H]3O)([H])C[C@@]3(C)OC)O[C@@](O[C@H](C)C[C@@H]4N(C)C)([H])[C@@H]4O)C)([H])C,s3://cellpainting-gallery/cpg0037-oasis/axiom/images/prod_25/images/plate_41002688/r12c21f08p01-ch6sk1fk1fl1.tiff,s3://cellpainting-gallery/cpg0037-oasis/axiom/images/prod_25/images/plate_41002688/r12c21f08p01-ch1sk1fk1fl1.tiff,s3://cellpainting-gallery/cpg0037-oasis/axiom/images/prod_25/images/plate_41002688/r12c21f08p01-ch2sk1fk1fl1.tiff,s3://cellpainting-gallery/cpg0037-oasis/axiom/images/prod_25/images/plate_41002688/r12c21f08p01-ch4sk1fk1fl1.tiff,s3://cellpainting-gallery/cpg0037-oasis/axiom/images/prod_25/images/plate_41002688/r12c21f08p01-ch3sk1fk1fl1.tiff,s3://cellpainting-gallery/cpg0037-oasis/axiom/images/prod_25/images/plate_41002688/r12c21f08p01-ch5sk1fk1fl1.tiff
p41002688_M14_s08,plate_41002688,M14,8.0,Oseltamivir,OASIS1570,3.5,0.7783095836639404,-0.06620929390192032,Influenza Virus,O=C(OCC)C1=C[C@H]([C@@H]([C@H](C1)N)NC(C)=O)OC(CC)CC,s3://cellpainting-gallery/cpg0037-oasis/axiom/images/prod_25/images/plate_41002688/r13c14f08p01-ch6sk1fk1fl1.tiff,s3://cellpainting-gallery/cpg0037-oasis/axiom/images/prod_25/images/plate_41002688/r13c14f08p01-ch1sk1fk1fl1.tiff,s3://cellpainting-gallery/cpg0037-oasis/axiom/images/prod_25/images/plate_41002688/r13c14f08p01-ch2sk1fk1fl1.tiff,s3://cellpainting-gallery/cpg0037-oasis/axiom/images/prod_25/images/plate_41002688/r13c14f08p01-ch4sk1fk1fl1.tiff,s3://cellpainting-gallery/cpg0037-oasis/axiom/images/prod_25/images/plate_41002688/r13c14f08p01-ch3sk1fk1fl1.tiff,s3://cellpainting-gallery/cpg0037-oasis/axiom/images/prod_25/images/plate_41002688/r13c14f08p01-ch5sk1fk1fl1.tiff
p41002688_M21_s08,plate_41002688,M21,8.0,Siponimod,OASIS1805,3.5,0.9828236103057861,-0.03702833130955696,LPL Receptor,O=C(C1CN(CC2=CC=C(/C(C)=N/OCC3=CC=C(C4CCCCC4)C(C(F)(F)F)=C3)C=C2CC)C1)O,s3://cellpainting-gallery/cpg0037-oasis/axiom/images/prod_25/images/plate_41002688/r13c21f08p01-ch6sk1fk1fl1.tiff,s3://cellpainting-gallery/cpg0037-oasis/axiom/images/prod_25/images/plate_41002688/r13c21f08p01-ch1sk1fk1fl1.tiff,s3://cellpainting-gallery/cpg0037-oasis/axiom/images/prod_25/images/plate_41002688/r13c21f08p01-ch2sk1fk1fl1.tiff,s3://cellpainting-gallery/cpg0037-oasis/axiom/images/prod_25/images/plate_41002688/r13c21f08p01-ch4sk1fk1fl1.tiff,s3://cellpainting-gallery/cpg0037-oasis/axiom/images/prod_25/images/plate_41002688/r13c21f08p01-ch3sk1fk1fl1.tiff,s3://cellpainting-gallery/cpg0037-oasis/axiom/images/prod_25/images/plate_41002688/r13c21f08p01-ch5sk1fk1fl1.tiff
p41002688_N21_s08,plate_41002688,N21,8.0,Troglitazone,OASIS1444,3.5,1.117239236831665,-0.09214792400598526,Apoptosis; Autophagy; Ferroptosis; PPAR,O=C(SC1CC(C=C2)=CC=C2OCC3(C)OC(C(CC3)=C4C)=C(C)C(C)=C4O)NC1=O,s3://cellpainting-gallery/cpg0037-oasis/axiom/images/prod_25/images/plate_41002688/r14c21f08p01-ch6sk1fk1fl1.tiff,s3://cellpainting-gallery/cpg0037-oasis/axiom/images/prod_25/images/plate_41002688/r14c21f08p01-ch1sk1fk1fl1.tiff,s3://cellpainting-gallery/cpg0037-oasis/axiom/images/prod_25/images/plate_41002688/r14c21f08p01-ch2sk1fk1fl1.tiff,s3://cellpainting-gallery/cpg0037-oasis/axiom/images/prod_25/images/plate_41002688/r14c21f08p01-ch4sk1fk1fl1.tiff,s3://cellpainting-gallery/cpg0037-oasis/axiom/images/prod_25/images/plate_41002688/r14c21f08p01-ch3sk1fk1fl1.tiff,s3://cellpainting-gallery/cpg0037-oasis/axiom/images/prod_25/images/plate_41002688/r14c21f08p01-ch5sk1fk1fl1.tiff
p41002688_O16_s08,plate_41002688,O16,8.0,Nifurtimox,OASIS1788,3.5,0.9922182559967041,0.04402988776564598,Lactate Dehydrogenase; Parasite,O=S1(CC(C)N(/N=C/C2=CC=C([N+]([O-])=O)O2)CC1)=O,s3://cellpainting-gallery/cpg0037-oasis/axiom/images/prod_25/images/plate_41002688/r15c16f08p01-ch6sk1fk1fl1.tiff,s3://cellpainting-gallery/cpg0037-oasis/axiom/images/prod_25/images/plate_41002688/r15c16f08p01-ch1sk1fk1fl1.tiff,s3://cellpainting-gallery/cpg0037-oasis/axiom/images/prod_25/images/plate_41002688/r15c16f08p01-ch2sk1fk1fl1.tiff,s3://cellpainting-gallery/cpg0037-oasis/axiom/images/prod_25/images/plate_41002688/r15c16f08p01-ch4sk1fk1fl1.tiff,s3://cellpainting-gallery/cpg0037-oasis/axiom/images/prod_25/images/plate_41002688/r15c16f08p01-ch3sk1fk1fl1.tiff,s3://cellpainting-gallery/cpg0037-oasis/axiom/images/prod_25/images/plate_41002688/r15c16f08p01-ch5sk1fk1fl1.tiff
p41002689_A19_s08,plate_41002689,A19,8.0,Lapatinib,OASIS1355,3.5,0.9458366632461548,0.16852110624313354,Autophagy; EGFR; Ferroptosis,O=S(CCNCC1=CC=C(C2=CC=C3C(C(NC4=CC(Cl)=C(C=C4)OCC5=CC(F)=CC=C5)=NC=N3)=C2)O1)(C)=O,s3://cellpainting-gallery/cpg0037-oasis/axiom/images/prod_25/images/plate_41002689/r01c19f08p01-ch6sk1fk1fl1.tiff,s3://cellpainting-gallery/cpg0037-oasis/axiom/images/prod_25/images/plate_41002689/r01c19f08p01-ch1sk1fk1fl1.tiff,s3://cellpainting-gallery/cpg0037-oasis/axiom/images/prod_25/images/plate_41002689/r01c19f08p01-ch2sk1fk1fl1.tiff,s3://cellpainting-gallery/cpg0037-oasis/axiom/images/prod_25/images/plate_41002689/r01c19f08p01-ch4sk1fk1fl1.tiff,s3://cellpainting-gallery/cpg0037-oasis/axiom/images/prod_25/images/plate_41002689/r01c19f08p01-ch3sk1fk1fl1.tiff,s3://cellpainting-gallery/cpg0037-oasis/axiom/images/prod_25/images/plate_41002689/r01c19f08p01-ch5sk1fk1fl1.tiff
p41002689_B24_s08,plate_41002689,B24,8.0,Sulfasalazine,OASIS018,3.5,1.1173415184020996,0.18934108316898346,Antibiotic; Apoptosis; Autophagy; Bacterial; Ferroptosis; NF-κB,OC(C1=C(O)C=CC(/N=N/C2=CC=C(S(=O)(NC3=NC=CC=C3)=O)C=C2)=C1)=O,s3://cellpainting-gallery/cpg0037-oasis/axiom/images/prod_25/images/plate_41002689/r02c24f08p01-ch6sk1fk1fl1.tiff,s3://cellpainting-gallery/cpg0037-oasis/axiom/images/prod_25/images/plate_41002689/r02c24f08p01-ch1sk1fk1fl1.tiff,s3://cellpainting-gallery/cpg0037-oasis/axiom/images/prod_25/images/plate_41002689/r02c24f08p01-ch2sk1fk1fl1.tiff,s3://cellpainting-gallery/cpg0037-oasis/axiom/images/prod_25/images/plate_41002689/r02c24f08p01-ch4sk1fk1fl1.tiff,s3://cellpainting-gallery/cpg0037-oasis/axiom/images/prod_25/images/plate_41002689/r02c24f08p01-ch3sk1fk1fl1.tiff,s3://cellpainting-gallery/cpg0037-oasis/axiom/images/prod_25/images/plate_41002689/r02c24f08p01-ch5sk1fk1fl1.tiff
p41002689_B24_s08,plate_41002689,B24,8.0,Sulfasalazine,OASIS018,3.5,1.1173415184020996,0.18934108316898346,Antibiotic; Apoptosis; Autophagy; Bacterial; Ferroptosis; NF-κB,OC(C1=C(O)C=CC(/N=N/C2=CC=C(S(=O)(NC3=NC=CC=C3)=O)C=C2)=C1)=O,s3://cellpainting-gallery/cpg0037-oasis/axiom/images/prod_25/images/plate_41002689/r02c24f08p01-ch6sk1fk1fl1.tiff,s3://cellpainting-gallery/cpg0037-oasis/axiom/images/prod_25/images/plate_41002689/r02c24f08p01-ch1sk1fk1fl1.tiff,s3://cellpainting-gallery/cpg0037-oasis/axiom/images/prod_25/images/plate_41002689/r02c24f08p01-ch2sk1fk1fl1.tiff,s3://cellpainting-gallery/cpg0037-oasis/axiom/images/prod_25/images/plate_41002689/r02c24f08p01-ch4sk1fk1fl1.tiff,s3://cellpainting-gallery/cpg0037-oasis/axiom/images/prod_25/images/plate_41002689/r02c24f08p01-ch3sk1fk1fl1.tiff,s3://cellpainting-gallery/cpg0037-oasis/axiom/images/prod_25/images/plate_41002689/r02c24f08p01-ch5sk1fk1fl1.tiff
p41002689_C10_s08,plate_41002689,C10,8.0,Carmustine,OASIS1398,3.5,1.1039026975631714,-0.01365367230027914,DNA Alkylator/Crosslinker,O=C(NCCCl)N(CCCl)N=O,s3://cellpainting-gallery/cpg0037-oasis/axiom/images/prod_25/images/plate_41002689/r03c10f08p01-ch6sk1fk1fl1.tiff,s3://cellpainting-gallery/cpg0037-oasis/axiom/images/prod_25/images/plate_41002689/r03c10f08p01-ch1sk1fk1fl1.tiff,s3://cellpainting-gallery/cpg0037-oasis/axiom/images/prod_25/images/plate_41002689/r03c10f08p01-ch2sk1fk1fl1.tiff,s3://cellpainting-gallery/cpg0037-oasis/axiom/images/prod_25/images/plate_41002689/r03c10f08p01-ch4sk1fk1fl1.tiff,s3://cellpainting-gallery/cpg0037-oasis/axiom/images/prod_25/images/plate_41002689/r03c10f08p01-ch3sk1fk1fl1.tiff,s3://cellpainting-gallery/cpg0037-oasis/axiom/images/prod_25/images/plate_41002689/r03c10f08p01-ch5sk1fk1fl1.tiff
p41002689_C16_s08,plate_41002689,C16,8.0,Compound_567dbb1e,,3.5,0.9599153995513916,0.03579377010464668,,,s3://cellpainting-gallery/cpg0037-oasis/axiom/images/prod_25/images/plate_41002689/r03c16f08p01-ch6sk1fk1fl1.tiff,s3://cellpainting-gallery/cpg0037-oasis/axiom/images/prod_25/images/plate_41002689/r03c16f08p01-ch1sk1fk1fl1.tiff,s3://cellpainting-gallery/cpg0037-oasis/axiom/images/prod_25/images/plate_41002689/r03c16f08p01-ch2sk1fk1fl1.tiff,s3://cellpainting-gallery/cpg0037-oasis/axiom/images/prod_25/images/plate_41002689/r03c16f08p01-ch4sk1fk1fl1.tiff,s3://cellpainting-gallery/cpg0037-oasis/axiom/images/prod_25/images/plate_41002689/r03c16f08p01-ch3sk1fk1fl1.tiff,s3://cellpainting-gallery/cpg0037-oasis/axiom/images/prod_25/images/plate_41002689/r03c16f08p01-ch5sk1fk1fl1.tiff
p41002689_C20_s08,plate_41002689,C20,8.0,DMSO,,0.0,1.0527071952819824,0.007166303228586912,,,s3://cellpainting-gallery/cpg0037-oasis/axiom/images/prod_25/images/plate_41002689/r03c20f08p01-ch6sk1fk1fl1.tiff,s3://cellpainting-gallery/cpg0037-oasis/axiom/images/prod_25/images/plate_41002689/r03c20f08p01-ch1sk1fk1fl1.tiff,s3://cellpainting-gallery/cpg0037-oasis/axiom/images/prod_25/images/plate_41002689/r03c20f08p01-ch2sk1fk1fl1.tiff,s3://cellpainting-gallery/cpg0037-oasis/axiom/images/prod_25/images/plate_41002689/r03c20f08p01-ch4sk1fk1fl1.tiff,s3://cellpainting-gallery/cpg0037-oasis/axiom/images/prod_25/images/plate_41002689/r03c20f08p01-ch3sk1fk1fl1.tiff,s3://cellpainting-gallery/cpg0037-oasis/axiom/images/prod_25/images/plate_41002689/r03c20f08p01-ch5sk1fk1fl1.tiff
p41002689_C23_s08,plate_41002689,C23,8.0,Famotidine,OASIS1103,3.5,1.1064624786376953,-0.0032436843030154705,Histamine Receptor,N=C(NS(=O)(N)=O)CCSCC1=CSC(NC(N)=N)=N1,s3://cellpainting-gallery/cpg0037-oasis/axiom/images/prod_25/images/plate_41002689/r03c23f08p01-ch6sk1fk1fl1.tiff,s3://cellpainting-gallery/cpg0037-oasis/axiom/images/prod_25/images/plate_41002689/r03c23f08p01-ch1sk1fk1fl1.tiff,s3://cellpainting-gallery/cpg0037-oasis/axiom/images/prod_25/images/plate_41002689/r03c23f08p01-ch2sk1fk1fl1.tiff,s3://cellpainting-gallery/cpg0037-oasis/axiom/images/prod_25/images/plate_41002689/r03c23f08p01-ch4sk1fk1fl1.tiff,s3://cellpainting-gallery/cpg0037-oasis/axiom/images/prod_25/images/plate_41002689/r03c23f08p01-ch3sk1fk1fl1.tiff,s3://cellpainting-gallery/cpg0037-oasis/axiom/images/prod_25/images/plate_41002689/r03c23f08p01-ch5sk1fk1fl1.tiff
p41002689_D10_s08,plate_41002689,D10,8.0,Chlorothalonil,OASIS123,3.5,0.6597818732261658,0.26741600036621094,Estrogen Receptor/ERR; Fungal,N#CC1=C(Cl)C(Cl)=C(Cl)C(C#N)=C1Cl,s3://cellpainting-gallery/cpg0037-oasis/axiom/images/prod_25/images/plate_41002689/r04c10f08p01-ch6sk1fk1fl1.tiff,s3://cellpainting-gallery/cpg0037-oasis/axiom/images/prod_25/images/plate_41002689/r04c10f08p01-ch1sk1fk1fl1.tiff,s3://cellpainting-gallery/cpg0037-oasis/axiom/images/prod_25/images/plate_41002689/r04c10f08p01-ch2sk1fk1fl1.tiff,s3://cellpainting-gallery/cpg0037-oasis/axiom/images/prod_25/images/plate_41002689/r04c10f08p01-ch4sk1fk1fl1.tiff,s3://cellpainting-gallery/cpg0037-oasis/axiom/images/prod_25/images/plate_41002689/r04c10f08p01-ch3sk1fk1fl1.tiff,s3://cellpainting-gallery/cpg0037-oasis/axiom/images/prod_25/images/plate_41002689/r04c10f08p01-ch5sk1fk1fl1.tiff
p41002689_D19_s08,plate_41002689,D19,8.0,Sorafenib,OASIS1340,3.5,0.6053866744041443,-0.00584618141874671,Apoptosis; Autophagy; Ferroptosis; FLT3; Raf; VEGFR,O=C(NC(C=C1)=CC=C1OC2=CC(C(NC)=O)=NC=C2)NC3=CC=C(Cl)C(C(F)(F)F)=C3,s3://cellpainting-gallery/cpg0037-oasis/axiom/images/prod_25/images/plate_41002689/r04c19f08p01-ch6sk1fk1fl1.tiff,s3://cellpainting-gallery/cpg0037-oasis/axiom/images/prod_25/images/plate_41002689/r04c19f08p01-ch1sk1fk1fl1.tiff,s3://cellpainting-gallery/cpg0037-oasis/axiom/images/prod_25/images/plate_41002689/r04c19f08p01-ch2sk1fk1fl1.tiff,s3://cellpainting-gallery/cpg0037-oasis/axiom/images/prod_25/images/plate_41002689/r04c19f08p01-ch4sk1fk1fl1.tiff,s3://cellpainting-gallery/cpg0037-oasis/axiom/images/prod_25/images/plate_41002689/r04c19f08p01-ch3sk1fk1fl1.tiff,s3://cellpainting-gallery/cpg0037-oasis/axiom/images/prod_25/images/plate_41002689/r04c19f08p01-ch5sk1fk1fl1.tiff
p41002689_D20_s08,plate_41002689,D20,8.0,DMSO,,0.0,0.9547958970069885,0.022781284525990486,,,s3://cellpainting-gallery/cpg0037-oasis/axiom/images/prod_25/images/plate_41002689/r04c20f08p01-ch6sk1fk1fl1.tiff,s3://cellpainting-gallery/cpg0037-oasis/axiom/images/prod_25/images/plate_41002689/r04c20f08p01-ch1sk1fk1fl1.tiff,s3://cellpainting-gallery/cpg0037-oasis/axiom/images/prod_25/images/plate_41002689/r04c20f08p01-ch2sk1fk1fl1.tiff,s3://cellpainting-gallery/cpg0037-oasis/axiom/images/prod_25/images/plate_41002689/r04c20f08p01-ch4sk1fk1fl1.tiff,s3://cellpainting-gallery/cpg0037-oasis/axiom/images/prod_25/images/plate_41002689/r04c20f08p01-ch3sk1fk1fl1.tiff,s3://cellpainting-gallery/cpg0037-oasis/axiom/images/prod_25/images/plate_41002689/r04c20f08p01-ch5sk1fk1fl1.tiff
p41002689_E11_s08,plate_41002689,E11,8.0,Benzonatate,OASIS1521,3.5,0.9464765787124634,-0.03187115117907524,Sodium Channel,O=C(OCCOCCOCCOCCOCCOCCOCCOCCOCCOC)C1=CC=C(NCCCC)C=C1,s3://cellpainting-gallery/cpg0037-oasis/axiom/images/prod_25/images/plate_41002689/r05c11f08p01-ch6sk1fk1fl1.tiff,s3://cellpainting-gallery/cpg0037-oasis/axiom/images/prod_25/images/plate_41002689/r05c11f08p01-ch1sk1fk1fl1.tiff,s3://cellpainting-gallery/cpg0037-oasis/axiom/images/prod_25/images/plate_41002689/r05c11f08p01-ch2sk1fk1fl1.tiff,s3://cellpainting-gallery/cpg0037-oasis/axiom/images/prod_25/images/plate_41002689/r05c11f08p01-ch4sk1fk1fl1.tiff,s3://cellpainting-gallery/cpg0037-oasis/axiom/images/prod_25/images/plate_41002689/r05c11f08p01-ch3sk1fk1fl1.tiff,s3://cellpainting-gallery/cpg0037-oasis/axiom/images/prod_25/images/plate_41002689/r05c11f08p01-ch5sk1fk1fl1.tiff
p41002689_E19_s08,plate_41002689,E19,8.0,Olmesartan,OASIS831,3.5,0.9746341109275818,-0.029268654063344002,Angiotensin Receptor,O=C(O)C1=C(N=C(N1CC2=CC=C(C=C2)C3=CC=CC=C3C4=NN=NN4)CCC)C(O)(C)C,s3://cellpainting-gallery/cpg0037-oasis/axiom/images/prod_25/images/plate_41002689/r05c19f08p01-ch6sk1fk1fl1.tiff,s3://cellpainting-gallery/cpg0037-oasis/axiom/images/prod_25/images/plate_41002689/r05c19f08p01-ch1sk1fk1fl1.tiff,s3://cellpainting-gallery/cpg0037-oasis/axiom/images/prod_25/images/plate_41002689/r05c19f08p01-ch2sk1fk1fl1.tiff,s3://cellpainting-gallery/cpg0037-oasis/axiom/images/prod_25/images/plate_41002689/r05c19f08p01-ch4sk1fk1fl1.tiff,s3://cellpainting-gallery/cpg0037-oasis/axiom/images/prod_25/images/plate_41002689/r05c19f08p01-ch3sk1fk1fl1.tiff,s3://cellpainting-gallery/cpg0037-oasis/axiom/images/prod_25/images/plate_41002689/r05c19f08p01-ch5sk1fk1fl1.tiff
p41002689_F10_s08,plate_41002689,F10,8.0,Lorlatinib,OASIS1760,3.5,0.34492960572242737,-0.011051175184547901,Anaplastic lymphoma kinase (ALK); Apoptosis; ROS Kinase,CN1C(C#N)=C2C(CN(C)C(C3=C([C@@H](C)OC4=C(N)N=CC2=C4)C=C(F)C=C3)=O)=N1,s3://cellpainting-gallery/cpg0037-oasis/axiom/images/prod_25/images/plate_41002689/r06c10f08p01-ch6sk1fk1fl1.tiff,s3://cellpainting-gallery/cpg0037-oasis/axiom/images/prod_25/images/plate_41002689/r06c10f08p01-ch1sk1fk1fl1.tiff,s3://cellpainting-gallery/cpg0037-oasis/axiom/images/prod_25/images/plate_41002689/r06c10f08p01-ch2sk1fk1fl1.tiff,s3://cellpainting-gallery/cpg0037-oasis/axiom/images/prod_25/images/plate_41002689/r06c10f08p01-ch4sk1fk1fl1.tiff,s3://cellpainting-gallery/cpg0037-oasis/axiom/images/prod_25/images/plate_41002689/r06c10f08p01-ch3sk1fk1fl1.tiff,s3://cellpainting-gallery/cpg0037-oasis/axiom/images/prod_25/images/plate_41002689/r06c10f08p01-ch5sk1fk1fl1.tiff
p41002689_F11_s08,plate_41002689,F11,8.0,Ifosfamide,OASIS1281,3.5,0.9349576234817505,-0.00584618141874671,DNA Alkylator/Crosslinker,ClCCN1P(OCCC1)(NCCCl)=O,s3://cellpainting-gallery/cpg0037-oasis/axiom/images/prod_25/images/plate_41002689/r06c11f08p01-ch6sk1fk1fl1.tiff,s3://cellpainting-gallery/cpg0037-oasis/axiom/images/prod_25/images/plate_41002689/r06c11f08p01-ch1sk1fk1fl1.tiff,s3://cellpainting-gallery/cpg0037-oasis/axiom/images/prod_25/images/plate_41002689/r06c11f08p01-ch2sk1fk1fl1.tiff,s3://cellpainting-gallery/cpg0037-oasis/axiom/images/prod_25/images/plate_41002689/r06c11f08p01-ch4sk1fk1fl1.tiff,s3://cellpainting-gallery/cpg0037-oasis/axiom/images/prod_25/images/plate_41002689/r06c11f08p01-ch3sk1fk1fl1.tiff,s3://cellpainting-gallery/cpg0037-oasis/axiom/images/prod_25/images/plate_41002689/r06c11f08p01-ch5sk1fk1fl1.tiff
p41002689_F12_s08,plate_41002689,F12,8.0,DMSO,,0.0,0.9477564692497253,-0.057896118611097336,,,s3://cellpainting-gallery/cpg0037-oasis/axiom/images/prod_25/images/plate_41002689/r06c12f08p01-ch6sk1fk1fl1.tiff,s3://cellpainting-gallery/cpg0037-oasis/axiom/images/prod_25/images/plate_41002689/r06c12f08p01-ch1sk1fk1fl1.tiff,s3://cellpainting-gallery/cpg0037-oasis/axiom/images/prod_25/images/plate_41002689/r06c12f08p01-ch2sk1fk1fl1.tiff,s3://cellpainting-gallery/cpg0037-oasis/axiom/images/prod_25/images/plate_41002689/r06c12f08p01-ch4sk1fk1fl1.tiff,s3://cellpainting-gallery/cpg0037-oasis/axiom/images/prod_25/images/plate_41002689/r06c12f08p01-ch3sk1fk1fl1.tiff,s3://cellpainting-gallery/cpg0037-oasis/axiom/images/prod_25/images/plate_41002689/r06c12f08p01-ch5sk1fk1fl1.tiff
p41002689_G13_s08,plate_41002689,G13,8.0,Ivermectin,OASIS1337,3.5,0.9068000912666321,-0.03447364643216133,Antibiotic; Autophagy; Bacterial; Dengue virus; Flavivirus; HIV; HSV; Mitophagy; Parasite; SARS-CoV,CO[C@H]1C[C@H](O[C@H]2[C@H](C)O[C@@H](O[C@H](/C(C)=C/C[C@@H]3C[C@H]4C[C@@]5(O[C@]([H])(C(C)C)[C@@H](C)CC5)O3)[C@@H](C)/C=C/C=C6CO[C@@]7([H])[C@]\6(O)[C@H](C(O4)=O)C=C(C)[C@H]7O)C[C@@H]2OC)O[C@@H](C)[C@@H]1O.CO[C@H]8C[C@H](O[C@H]9[C@H](C)O[C@@H](O[C@H](/C(C)=C/C[C@@H]%10C[C@H]%11C[C@@]%12(O[C@]([H])([C@@H](C)CC)[C@@H](C)CC%12)O%10)[C@@H](C)/C=C/C=C%13CO[C@@]%14([H])[C@]\%13(O)[C@H](C(O%11)=O)C=C(C)[C@H]%14O)C[C@@H]9OC)O[C@@H](C)[C@@H]8O,s3://cellpainting-gallery/cpg0037-oasis/axiom/images/prod_25/images/plate_41002689/r07c13f08p01-ch6sk1fk1fl1.tiff,s3://cellpainting-gallery/cpg0037-oasis/axiom/images/prod_25/images/plate_41002689/r07c13f08p01-ch1sk1fk1fl1.tiff,s3://cellpainting-gallery/cpg0037-oasis/axiom/images/prod_25/images/plate_41002689/r07c13f08p01-ch2sk1fk1fl1.tiff,s3://cellpainting-gallery/cpg0037-oasis/axiom/images/prod_25/images/plate_41002689/r07c13f08p01-ch4sk1fk1fl1.tiff,s3://cellpainting-gallery/cpg0037-oasis/axiom/images/prod_25/images/plate_41002689/r07c13f08p01-ch3sk1fk1fl1.tiff,s3://cellpainting-gallery/cpg0037-oasis/axiom/images/prod_25/images/plate_41002689/r07c13f08p01-ch5sk1fk1fl1.tiff
p41002689_G15_s08,plate_41002689,G15,8.0,Deoxycholic acid,OASIS1721,3.5,0.9778338074684143,-0.03967864066362381,Endogenous Metabolite; G protein-coupled Bile Acid Receptor 1,C[C@@]1([C@@]2([H])[C@H](C)CCC(O)=O)[C@](CC2)([H])[C@@](CC[C@@]3([H])[C@@]4(CC[C@@H](O)C3)C)([H])[C@]4([H])C[C@@H]1O,s3://cellpainting-gallery/cpg0037-oasis/axiom/images/prod_25/images/plate_41002689/r07c15f08p01-ch6sk1fk1fl1.tiff,s3://cellpainting-gallery/cpg0037-oasis/axiom/images/prod_25/images/plate_41002689/r07c15f08p01-ch1sk1fk1fl1.tiff,s3://cellpainting-gallery/cpg0037-oasis/axiom/images/prod_25/images/plate_41002689/r07c15f08p01-ch2sk1fk1fl1.tiff,s3://cellpainting-gallery/cpg0037-oasis/axiom/images/prod_25/images/plate_41002689/r07c15f08p01-ch4sk1fk1fl1.tiff,s3://cellpainting-gallery/cpg0037-oasis/axiom/images/prod_25/images/plate_41002689/r07c15f08p01-ch3sk1fk1fl1.tiff,s3://cellpainting-gallery/cpg0037-oasis/axiom/images/prod_25/images/plate_41002689/r07c15f08p01-ch5sk1fk1fl1.tiff
p41002689_G21_s08,plate_41002689,G21,8.0,Umbralisib,OASIS1859,3.5,1.031589150428772,-0.016256168484687805,Casein Kinase; PI3K,O=C1C(C2=CC=CC(F)=C2)=C([C@@H](N3N=C(C4=CC=C(OC(C)C)C(F)=C4)C5=C(N)N=CN=C53)C)OC6=CC=C(F)C=C16,s3://cellpainting-gallery/cpg0037-oasis/axiom/images/prod_25/images/plate_41002689/r07c21f08p01-ch6sk1fk1fl1.tiff,s3://cellpainting-gallery/cpg0037-oasis/axiom/images/prod_25/images/plate_41002689/r07c21f08p01-ch1sk1fk1fl1.tiff,s3://cellpainting-gallery/cpg0037-oasis/axiom/images/prod_25/images/plate_41002689/r07c21f08p01-ch2sk1fk1fl1.tiff,s3://cellpainting-gallery/cpg0037-oasis/axiom/images/prod_25/images/plate_41002689/r07c21f08p01-ch4sk1fk1fl1.tiff,s3://cellpainting-gallery/cpg0037-oasis/axiom/images/prod_25/images/plate_41002689/r07c21f08p01-ch3sk1fk1fl1.tiff,s3://cellpainting-gallery/cpg0037-oasis/axiom/images/prod_25/images/plate_41002689/r07c21f08p01-ch5sk1fk1fl1.tiff
p41002689_H17_s08,plate_41002689,H17,8.0,DMSO,,0.0,0.9624751806259155,-0.008448678068816662,,,s3://cellpainting-gallery/cpg0037-oasis/axiom/images/prod_25/images/plate_41002689/r08c17f08p01-ch6sk1fk1fl1.tiff,s3://cellpainting-gallery/cpg0037-oasis/axiom/images/prod_25/images/plate_41002689/r08c17f08p01-ch1sk1fk1fl1.tiff,s3://cellpainting-gallery/cpg0037-oasis/axiom/images/prod_25/images/plate_41002689/r08c17f08p01-ch2sk1fk1fl1.tiff,s3://cellpainting-gallery/cpg0037-oasis/axiom/images/prod_25/images/plate_41002689/r08c17f08p01-ch4sk1fk1fl1.tiff,s3://cellpainting-gallery/cpg0037-oasis/axiom/images/prod_25/images/plate_41002689/r08c17f08p01-ch3sk1fk1fl1.tiff,s3://cellpainting-gallery/cpg0037-oasis/axiom/images/prod_25/images/plate_41002689/r08c17f08p01-ch5sk1fk1fl1.tiff
p41002689_I13_s08,plate_41002689,I13,8.0,Darifenacin,OASIS859,3.5,0.8652037382125854,-0.05008862912654877,mAChR,O=C(N)C(C1=CC=CC=C1)([C@H]2CN(CCC3=CC=C(OCC4)C4=C3)CC2)C5=CC=CC=C5,s3://cellpainting-gallery/cpg0037-oasis/axiom/images/prod_25/images/plate_41002689/r09c13f08p01-ch6sk1fk1fl1.tiff,s3://cellpainting-gallery/cpg0037-oasis/axiom/images/prod_25/images/plate_41002689/r09c13f08p01-ch1sk1fk1fl1.tiff,s3://cellpainting-gallery/cpg0037-oasis/axiom/images/prod_25/images/plate_41002689/r09c13f08p01-ch2sk1fk1fl1.tiff,s3://cellpainting-gallery/cpg0037-oasis/axiom/images/prod_25/images/plate_41002689/r09c13f08p01-ch4sk1fk1fl1.tiff,s3://cellpainting-gallery/cpg0037-oasis/axiom/images/prod_25/images/plate_41002689/r09c13f08p01-ch3sk1fk1fl1.tiff,s3://cellpainting-gallery/cpg0037-oasis/axiom/images/prod_25/images/plate_41002689/r09c13f08p01-ch5sk1fk1fl1.tiff
p41002689_I17_s08,plate_41002689,I17,8.0,Ponatinib (hydrochloride),OASIS1836,3.5,0.6335441470146179,0.027986278757452965,Autophagy; Bcr-Abl; FGFR; PDGFR; Src; VEGFR,O=C(C1=CC=C(C)C(C#CC2=CN=C3C=CC=NN23)=C1)NC4=CC=C(CN5CCN(CC5)C)C(C(F)(F)F)=C4.Cl,s3://cellpainting-gallery/cpg0037-oasis/axiom/images/prod_25/images/plate_41002689/r09c17f08p01-ch6sk1fk1fl1.tiff,s3://cellpainting-gallery/cpg0037-oasis/axiom/images/prod_25/images/plate_41002689/r09c17f08p01-ch1sk1fk1fl1.tiff,s3://cellpainting-gallery/cpg0037-oasis/axiom/images/prod_25/images/plate_41002689/r09c17f08p01-ch2sk1fk1fl1.tiff,s3://cellpainting-gallery/cpg0037-oasis/axiom/images/prod_25/images/plate_41002689/r09c17f08p01-ch4sk1fk1fl1.tiff,s3://cellpainting-gallery/cpg0037-oasis/axiom/images/prod_25/images/plate_41002689/r09c17f08p01-ch3sk1fk1fl1.tiff,s3://cellpainting-gallery/cpg0037-oasis/axiom/images/prod_25/images/plate_41002689/r09c17f08p01-ch5sk1fk1fl1.tiff
p41002689_J15_s08,plate_41002689,J15,8.0,Retinoic acid,OASIS140,3.5,0.8972009420394897,-0.09953606873750687,Autophagy; Endogenous Metabolite; Organoid; PPAR; RAR/RXR,CC1(C)C(/C=C/C(C)=C/C=C/C(C)=C/C(O)=O)=C(C)CCC1,s3://cellpainting-gallery/cpg0037-oasis/axiom/images/prod_25/images/plate_41002689/r10c15f08p01-ch6sk1fk1fl1.tiff,s3://cellpainting-gallery/cpg0037-oasis/axiom/images/prod_25/images/plate_41002689/r10c15f08p01-ch1sk1fk1fl1.tiff,s3://cellpainting-gallery/cpg0037-oasis/axiom/images/prod_25/images/plate_41002689/r10c15f08p01-ch2sk1fk1fl1.tiff,s3://cellpainting-gallery/cpg0037-oasis/axiom/images/prod_25/images/plate_41002689/r10c15f08p01-ch4sk1fk1fl1.tiff,s3://cellpainting-gallery/cpg0037-oasis/axiom/images/prod_25/images/plate_41002689/r10c15f08p01-ch3sk1fk1fl1.tiff,s3://cellpainting-gallery/cpg0037-oasis/axiom/images/prod_25/images/plate_41002689/r10c15f08p01-ch5sk1fk1fl1.tiff
p41002689_K15_s08,plate_41002689,K15,8.0,Chlormezanone,OASIS040,3.5,0.9227986931800842,-0.05008862912654877,GABA Receptor,O=C(CC1)N(C)C(C2=CC=C(Cl)C=C2)S1(=O)=O,s3://cellpainting-gallery/cpg0037-oasis/axiom/images/prod_25/images/plate_41002689/r11c15f08p01-ch6sk1fk1fl1.tiff,s3://cellpainting-gallery/cpg0037-oasis/axiom/images/prod_25/images/plate_41002689/r11c15f08p01-ch1sk1fk1fl1.tiff,s3://cellpainting-gallery/cpg0037-oasis/axiom/images/prod_25/images/plate_41002689/r11c15f08p01-ch2sk1fk1fl1.tiff,s3://cellpainting-gallery/cpg0037-oasis/axiom/images/prod_25/images/plate_41002689/r11c15f08p01-ch4sk1fk1fl1.tiff,s3://cellpainting-gallery/cpg0037-oasis/axiom/images/prod_25/images/plate_41002689/r11c15f08p01-ch3sk1fk1fl1.tiff,s3://cellpainting-gallery/cpg0037-oasis/axiom/images/prod_25/images/plate_41002689/r11c15f08p01-ch5sk1fk1fl1.tiff
p41002689_K20_s08,plate_41002689,K20,8.0,DMSO,,0.0,1.0335088968276978,-0.04748613014817238,,,s3://cellpainting-gallery/cpg0037-oasis/axiom/images/prod_25/images/plate_41002689/r11c20f08p01-ch6sk1fk1fl1.tiff,s3://cellpainting-gallery/cpg0037-oasis/axiom/images/prod_25/images/plate_41002689/r11c20f08p01-ch1sk1fk1fl1.tiff,s3://cellpainting-gallery/cpg0037-oasis/axiom/images/prod_25/images/plate_41002689/r11c20f08p01-ch2sk1fk1fl1.tiff,s3://cellpainting-gallery/cpg0037-oasis/axiom/images/prod_25/images/plate_41002689/r11c20f08p01-ch4sk1fk1fl1.tiff,s3://cellpainting-gallery/cpg0037-oasis/axiom/images/prod_25/images/plate_41002689/r11c20f08p01-ch3sk1fk1fl1.tiff,s3://cellpainting-gallery/cpg0037-oasis/axiom/images/prod_25/images/plate_41002689/r11c20f08p01-ch5sk1fk1fl1.tiff
p41002689_K22_s08,plate_41002689,K22,8.0,Panobinostat,OASIS1808,3.5,0.5861883759498596,0.07743372023105621,Apoptosis; Autophagy; HDAC; HIV,O=C(/C=C/C1=CC=C(CNCCC2=C(NC3=C2C=CC=C3)C)C=C1)NO,s3://cellpainting-gallery/cpg0037-oasis/axiom/images/prod_25/images/plate_41002689/r11c22f08p01-ch6sk1fk1fl1.tiff,s3://cellpainting-gallery/cpg0037-oasis/axiom/images/prod_25/images/plate_41002689/r11c22f08p01-ch1sk1fk1fl1.tiff,s3://cellpainting-gallery/cpg0037-oasis/axiom/images/prod_25/images/plate_41002689/r11c22f08p01-ch2sk1fk1fl1.tiff,s3://cellpainting-gallery/cpg0037-oasis/axiom/images/prod_25/images/plate_41002689/r11c22f08p01-ch4sk1fk1fl1.tiff,s3://cellpainting-gallery/cpg0037-oasis/axiom/images/prod_25/images/plate_41002689/r11c22f08p01-ch3sk1fk1fl1.tiff,s3://cellpainting-gallery/cpg0037-oasis/axiom/images/prod_25/images/plate_41002689/r11c22f08p01-ch5sk1fk1fl1.tiff
p41002689_L13_s08,plate_41002689,L13,8.0,Cephalothin,OASIS1000,3.5,0.8978408575057983,-0.060498617589473724,Antibiotic; Bacterial; Beta-lactamase,O=C(C(N12)=C(COC(C)=O)CS[C@]2([H])[C@H](NC(CC3=CC=CS3)=O)C1=O)O,s3://cellpainting-gallery/cpg0037-oasis/axiom/images/prod_25/images/plate_41002689/r12c13f08p01-ch6sk1fk1fl1.tiff,s3://cellpainting-gallery/cpg0037-oasis/axiom/images/prod_25/images/plate_41002689/r12c13f08p01-ch1sk1fk1fl1.tiff,s3://cellpainting-gallery/cpg0037-oasis/axiom/images/prod_25/images/plate_41002689/r12c13f08p01-ch2sk1fk1fl1.tiff,s3://cellpainting-gallery/cpg0037-oasis/axiom/images/prod_25/images/plate_41002689/r12c13f08p01-ch4sk1fk1fl1.tiff,s3://cellpainting-gallery/cpg0037-oasis/axiom/images/prod_25/images/plate_41002689/r12c13f08p01-ch3sk1fk1fl1.tiff,s3://cellpainting-gallery/cpg0037-oasis/axiom/images/prod_25/images/plate_41002689/r12c13f08p01-ch5sk1fk1fl1.tiff
p41002689_L24_s08,plate_41002689,L24,8.0,Compound_e48ed218,,3.5,0.02431785687804222,0.5016407370567322,,,s3://cellpainting-gallery/cpg0037-oasis/axiom/images/prod_25/images/plate_41002689/r12c24f08p01-ch6sk1fk1fl1.tiff,s3://cellpainting-gallery/cpg0037-oasis/axiom/images/prod_25/images/plate_41002689/r12c24f08p01-ch1sk1fk1fl1.tiff,s3://cellpainting-gallery/cpg0037-oasis/axiom/images/prod_25/images/plate_41002689/r12c24f08p01-ch2sk1fk1fl1.tiff,s3://cellpainting-gallery/cpg0037-oasis/axiom/images/prod_25/images/plate_41002689/r12c24f08p01-ch4sk1fk1fl1.tiff,s3://cellpainting-gallery/cpg0037-oasis/axiom/images/prod_25/images/plate_41002689/r12c24f08p01-ch3sk1fk1fl1.tiff,s3://cellpainting-gallery/cpg0037-oasis/axiom/images/prod_25/images/plate_41002689/r12c24f08p01-ch5sk1fk1fl1.tiff
p41002689_M12_s08,plate_41002689,M12,8.0,DMSO,,0.0,0.9048802852630615,-0.008448678068816662,,,s3://cellpainting-gallery/cpg0037-oasis/axiom/images/prod_25/images/plate_41002689/r13c12f08p01-ch6sk1fk1fl1.tiff,s3://cellpainting-gallery/cpg0037-oasis/axiom/images/prod_25/images/plate_41002689/r13c12f08p01-ch1sk1fk1fl1.tiff,s3://cellpainting-gallery/cpg0037-oasis/axiom/images/prod_25/images/plate_41002689/r13c12f08p01-ch2sk1fk1fl1.tiff,s3://cellpainting-gallery/cpg0037-oasis/axiom/images/prod_25/images/plate_41002689/r13c12f08p01-ch4sk1fk1fl1.tiff,s3://cellpainting-gallery/cpg0037-oasis/axiom/images/prod_25/images/plate_41002689/r13c12f08p01-ch3sk1fk1fl1.tiff,s3://cellpainting-gallery/cpg0037-oasis/axiom/images/prod_25/images/plate_41002689/r13c12f08p01-ch5sk1fk1fl1.tiff
p41002689_M13_s08,plate_41002689,M13,8.0,Triheptanoin,OASIS1819,3.5,0.9285581707954407,-0.016256168484687805,Others,CCCCCCC(OCC(OC(CCCCCC)=O)COC(CCCCCC)=O)=O,s3://cellpainting-gallery/cpg0037-oasis/axiom/images/prod_25/images/plate_41002689/r13c13f08p01-ch6sk1fk1fl1.tiff,s3://cellpainting-gallery/cpg0037-oasis/axiom/images/prod_25/images/plate_41002689/r13c13f08p01-ch1sk1fk1fl1.tiff,s3://cellpainting-gallery/cpg0037-oasis/axiom/images/prod_25/images/plate_41002689/r13c13f08p01-ch2sk1fk1fl1.tiff,s3://cellpainting-gallery/cpg0037-oasis/axiom/images/prod_25/images/plate_41002689/r13c13f08p01-ch4sk1fk1fl1.tiff,s3://cellpainting-gallery/cpg0037-oasis/axiom/images/prod_25/images/plate_41002689/r13c13f08p01-ch3sk1fk1fl1.tiff,s3://cellpainting-gallery/cpg0037-oasis/axiom/images/prod_25/images/plate_41002689/r13c13f08p01-ch5sk1fk1fl1.tiff
p41002689_M14_s08,plate_41002689,M14,8.0,Mitoxantrone,OASIS1060,3.5,0.0358368419110775,0.4053483307361603,Apoptosis; Endogenous Metabolite; Orthopoxvirus; PKC; Topoisomerase,O=C1C2=C(C(NCCNCCO)=CC=C2NCCNCCO)C(C3=C(O)C=CC(O)=C13)=O,s3://cellpainting-gallery/cpg0037-oasis/axiom/images/prod_25/images/plate_41002689/r13c14f08p01-ch6sk1fk1fl1.tiff,s3://cellpainting-gallery/cpg0037-oasis/axiom/images/prod_25/images/plate_41002689/r13c14f08p01-ch1sk1fk1fl1.tiff,s3://cellpainting-gallery/cpg0037-oasis/axiom/images/prod_25/images/plate_41002689/r13c14f08p01-ch2sk1fk1fl1.tiff,s3://cellpainting-gallery/cpg0037-oasis/axiom/images/prod_25/images/plate_41002689/r13c14f08p01-ch4sk1fk1fl1.tiff,s3://cellpainting-gallery/cpg0037-oasis/axiom/images/prod_25/images/plate_41002689/r13c14f08p01-ch3sk1fk1fl1.tiff,s3://cellpainting-gallery/cpg0037-oasis/axiom/images/prod_25/images/plate_41002689/r13c14f08p01-ch5sk1fk1fl1.tiff
p41002689_M21_s08,plate_41002689,M21,8.0,Compound_88f6068e,,3.5,0.9912726283073425,-0.03967864066362381,,,s3://cellpainting-gallery/cpg0037-oasis/axiom/images/prod_25/images/plate_41002689/r13c21f08p01-ch6sk1fk1fl1.tiff,s3://cellpainting-gallery/cpg0037-oasis/axiom/images/prod_25/images/plate_41002689/r13c21f08p01-ch1sk1fk1fl1.tiff,s3://cellpainting-gallery/cpg0037-oasis/axiom/images/prod_25/images/plate_41002689/r13c21f08p01-ch2sk1fk1fl1.tiff,s3://cellpainting-gallery/cpg0037-oasis/axiom/images/prod_25/images/plate_41002689/r13c21f08p01-ch4sk1fk1fl1.tiff,s3://cellpainting-gallery/cpg0037-oasis/axiom/images/prod_25/images/plate_41002689/r13c21f08p01-ch3sk1fk1fl1.tiff,s3://cellpainting-gallery/cpg0037-oasis/axiom/images/prod_25/images/plate_41002689/r13c21f08p01-ch5sk1fk1fl1.tiff
p41002689_M24_s08,plate_41002689,M24,8.0,Griseofulvin,OASIS073,3.5,1.1327002048492432,0.08524121344089508,Antibiotic; Apoptosis; Endogenous Metabolite; Fungal,O=C1[C@]2(C(OC)=CC(C[C@H]2C)=O)OC3=C(Cl)C(OC)=CC(OC)=C13,s3://cellpainting-gallery/cpg0037-oasis/axiom/images/prod_25/images/plate_41002689/r13c24f08p01-ch6sk1fk1fl1.tiff,s3://cellpainting-gallery/cpg0037-oasis/axiom/images/prod_25/images/plate_41002689/r13c24f08p01-ch1sk1fk1fl1.tiff,s3://cellpainting-gallery/cpg0037-oasis/axiom/images/prod_25/images/plate_41002689/r13c24f08p01-ch2sk1fk1fl1.tiff,s3://cellpainting-gallery/cpg0037-oasis/axiom/images/prod_25/images/plate_41002689/r13c24f08p01-ch4sk1fk1fl1.tiff,s3://cellpainting-gallery/cpg0037-oasis/axiom/images/prod_25/images/plate_41002689/r13c24f08p01-ch3sk1fk1fl1.tiff,s3://cellpainting-gallery/cpg0037-oasis/axiom/images/prod_25/images/plate_41002689/r13c24f08p01-ch5sk1fk1fl1.tiff
p41002689_N21_s08,plate_41002689,N21,8.0,Raltegravir,OASIS869,3.5,1.1275806427001953,-0.057896118611097336,HIV; HIV Integrase,O=C(C(O)=C(C(NCC1=CC=C(C=C1)F)=O)N=C2C(C)(C)NC(C3=NN=C(C)O3)=O)N2C,s3://cellpainting-gallery/cpg0037-oasis/axiom/images/prod_25/images/plate_41002689/r14c21f08p01-ch6sk1fk1fl1.tiff,s3://cellpainting-gallery/cpg0037-oasis/axiom/images/prod_25/images/plate_41002689/r14c21f08p01-ch1sk1fk1fl1.tiff,s3://cellpainting-gallery/cpg0037-oasis/axiom/images/prod_25/images/plate_41002689/r14c21f08p01-ch2sk1fk1fl1.tiff,s3://cellpainting-gallery/cpg0037-oasis/axiom/images/prod_25/images/plate_41002689/r14c21f08p01-ch4sk1fk1fl1.tiff,s3://cellpainting-gallery/cpg0037-oasis/axiom/images/prod_25/images/plate_41002689/r14c21f08p01-ch3sk1fk1fl1.tiff,s3://cellpainting-gallery/cpg0037-oasis/axiom/images/prod_25/images/plate_41002689/r14c21f08p01-ch5sk1fk1fl1.tiff
p41002689_N22_s08,plate_41002689,N22,8.0,Thalidomide,OASIS1517,3.5,1.1672571897506714,-0.060498617589473724,Autophagy; Ligands for E3 Ligase,O=C1N(C2CCC(NC2=O)=O)C(C3=CC=CC=C31)=O,s3://cellpainting-gallery/cpg0037-oasis/axiom/images/prod_25/images/plate_41002689/r14c22f08p01-ch6sk1fk1fl1.tiff,s3://cellpainting-gallery/cpg0037-oasis/axiom/images/prod_25/images/plate_41002689/r14c22f08p01-ch1sk1fk1fl1.tiff,s3://cellpainting-gallery/cpg0037-oasis/axiom/images/prod_25/images/plate_41002689/r14c22f08p01-ch2sk1fk1fl1.tiff,s3://cellpainting-gallery/cpg0037-oasis/axiom/images/prod_25/images/plate_41002689/r14c22f08p01-ch4sk1fk1fl1.tiff,s3://cellpainting-gallery/cpg0037-oasis/axiom/images/prod_25/images/plate_41002689/r14c22f08p01-ch3sk1fk1fl1.tiff,s3://cellpainting-gallery/cpg0037-oasis/axiom/images/prod_25/images/plate_41002689/r14c22f08p01-ch5sk1fk1fl1.tiff
p41002689_O13_s08,plate_41002689,O13,8.0,Droperidol,OASIS1204,3.5,1.1250208616256714,0.06181873753666878,Dopamine Receptor,O=C1NC2=CC=CC=C2N1C3=CCN(CCCC(C4=CC=C(F)C=C4)=O)CC3,s3://cellpainting-gallery/cpg0037-oasis/axiom/images/prod_25/images/plate_41002689/r15c13f08p01-ch6sk1fk1fl1.tiff,s3://cellpainting-gallery/cpg0037-oasis/axiom/images/prod_25/images/plate_41002689/r15c13f08p01-ch1sk1fk1fl1.tiff,s3://cellpainting-gallery/cpg0037-oasis/axiom/images/prod_25/images/plate_41002689/r15c13f08p01-ch2sk1fk1fl1.tiff,s3://cellpainting-gallery/cpg0037-oasis/axiom/images/prod_25/images/plate_41002689/r15c13f08p01-ch4sk1fk1fl1.tiff,s3://cellpainting-gallery/cpg0037-oasis/axiom/images/prod_25/images/plate_41002689/r15c13f08p01-ch3sk1fk1fl1.tiff,s3://cellpainting-gallery/cpg0037-oasis/axiom/images/prod_25/images/plate_41002689/r15c13f08p01-ch5sk1fk1fl1.tiff
p41002689_O22_s08,plate_41002689,O22,8.0,Dapagliflozin,OASIS1775,3.5,1.0898239612579346,0.020178787410259247,SGLT,O[C@H]1[C@H](C2=CC(CC3=CC=C(OCC)C=C3)=C(Cl)C=C2)O[C@H](CO)[C@@H](O)[C@@H]1O,s3://cellpainting-gallery/cpg0037-oasis/axiom/images/prod_25/images/plate_41002689/r15c22f08p01-ch6sk1fk1fl1.tiff,s3://cellpainting-gallery/cpg0037-oasis/axiom/images/prod_25/images/plate_41002689/r15c22f08p01-ch1sk1fk1fl1.tiff,s3://cellpainting-gallery/cpg0037-oasis/axiom/images/prod_25/images/plate_41002689/r15c22f08p01-ch2sk1fk1fl1.tiff,s3://cellpainting-gallery/cpg0037-oasis/axiom/images/prod_25/images/plate_41002689/r15c22f08p01-ch4sk1fk1fl1.tiff,s3://cellpainting-gallery/cpg0037-oasis/axiom/images/prod_25/images/plate_41002689/r15c22f08p01-ch3sk1fk1fl1.tiff,s3://cellpainting-gallery/cpg0037-oasis/axiom/images/prod_25/images/plate_41002689/r15c22f08p01-ch5sk1fk1fl1.tiff
p41002689_P13_s08,plate_41002689,P13,8.0,Capsaicin,OASIS1503,3.5,1.1806960105895996,0.027986278757452965,Apoptosis; Autophagy; Endogenous Metabolite; TRP Channel,CC(C)/C=C/CCCCC(NCC1=CC=C(O)C(OC)=C1)=O,s3://cellpainting-gallery/cpg0037-oasis/axiom/images/prod_25/images/plate_41002689/r16c13f08p01-ch6sk1fk1fl1.tiff,s3://cellpainting-gallery/cpg0037-oasis/axiom/images/prod_25/images/plate_41002689/r16c13f08p01-ch1sk1fk1fl1.tiff,s3://cellpainting-gallery/cpg0037-oasis/axiom/images/prod_25/images/plate_41002689/r16c13f08p01-ch2sk1fk1fl1.tiff,s3://cellpainting-gallery/cpg0037-oasis/axiom/images/prod_25/images/plate_41002689/r16c13f08p01-ch4sk1fk1fl1.tiff,s3://cellpainting-gallery/cpg0037-oasis/axiom/images/prod_25/images/plate_41002689/r16c13f08p01-ch3sk1fk1fl1.tiff,s3://cellpainting-gallery/cpg0037-oasis/axiom/images/prod_25/images/plate_41002689/r16c13f08p01-ch5sk1fk1fl1.tiff
p41002689_P17_s08,plate_41002689,P17,8.0,Lercanidipine,OASIS861,3.5,1.0674259662628174,0.0800362154841423,Apoptosis; Calcium Channel; NF-κB; p38 MAPK; Reactive Oxygen Species,O=C(C1=C(C)NC(C)=C(C(OC)=O)C1C2=CC=CC([N+]([O-])=O)=C2)OC(C)(C)CN(CCC(C3=CC=CC=C3)C4=CC=CC=C4)C,s3://cellpainting-gallery/cpg0037-oasis/axiom/images/prod_25/images/plate_41002689/r16c17f08p01-ch6sk1fk1fl1.tiff,s3://cellpainting-gallery/cpg0037-oasis/axiom/images/prod_25/images/plate_41002689/r16c17f08p01-ch1sk1fk1fl1.tiff,s3://cellpainting-gallery/cpg0037-oasis/axiom/images/prod_25/images/plate_41002689/r16c17f08p01-ch2sk1fk1fl1.tiff,s3://cellpainting-gallery/cpg0037-oasis/axiom/images/prod_25/images/plate_41002689/r16c17f08p01-ch4sk1fk1fl1.tiff,s3://cellpainting-gallery/cpg0037-oasis/axiom/images/prod_25/images/plate_41002689/r16c17f08p01-ch3sk1fk1fl1.tiff,s3://cellpainting-gallery/cpg0037-oasis/axiom/images/prod_25/images/plate_41002689/r16c17f08p01-ch5sk1fk1fl1.tiff
p41002689_P21_s08,plate_41002689,P21,8.0,Alpelisib,OASIS1957,3.5,0.98807293176651,0.12167616933584213,PI3K,CC(N=C(S1)NC(N2CCC[C@H]2C(N)=O)=O)=C1C3=CC(C(C)(C(F)(F)F)C)=NC=C3,s3://cellpainting-gallery/cpg0037-oasis/axiom/images/prod_25/images/plate_41002689/r16c21f08p01-ch6sk1fk1fl1.tiff,s3://cellpainting-gallery/cpg0037-oasis/axiom/images/prod_25/images/plate_41002689/r16c21f08p01-ch1sk1fk1fl1.tiff,s3://cellpainting-gallery/cpg0037-oasis/axiom/images/prod_25/images/plate_41002689/r16c21f08p01-ch2sk1fk1fl1.tiff,s3://cellpainting-gallery/cpg0037-oasis/axiom/images/prod_25/images/plate_41002689/r16c21f08p01-ch4sk1fk1fl1.tiff,s3://cellpainting-gallery/cpg0037-oasis/axiom/images/prod_25/images/plate_41002689/r16c21f08p01-ch3sk1fk1fl1.tiff,s3://cellpainting-gallery/cpg0037-oasis/axiom/images/prod_25/images/plate_41002689/r16c21f08p01-ch5sk1fk1fl1.tiff
p41002689_P22_s08,plate_41002689,P22,8.0,Neratinib,OASIS1886,3.5,0.5919478535652161,0.11386867612600327,EGFR,ClC1=C(OCC2=NC=CC=C2)C=CC(NC3=C(C#N)C=NC4=CC(OCC)=C(NC(/C=C/CN(C)C)=O)C=C43)=C1,s3://cellpainting-gallery/cpg0037-oasis/axiom/images/prod_25/images/plate_41002689/r16c22f08p01-ch6sk1fk1fl1.tiff,s3://cellpainting-gallery/cpg0037-oasis/axiom/images/prod_25/images/plate_41002689/r16c22f08p01-ch1sk1fk1fl1.tiff,s3://cellpainting-gallery/cpg0037-oasis/axiom/images/prod_25/images/plate_41002689/r16c22f08p01-ch2sk1fk1fl1.tiff,s3://cellpainting-gallery/cpg0037-oasis/axiom/images/prod_25/images/plate_41002689/r16c22f08p01-ch4sk1fk1fl1.tiff,s3://cellpainting-gallery/cpg0037-oasis/axiom/images/prod_25/images/plate_41002689/r16c22f08p01-ch3sk1fk1fl1.tiff,s3://cellpainting-gallery/cpg0037-oasis/axiom/images/prod_25/images/plate_41002689/r16c22f08p01-ch5sk1fk1fl1.tiff
p41002689_P24_s08,plate_41002689,P24,8.0,Compound_59cfb866,,3.5,1.1186214685440063,0.2570060193538666,,,s3://cellpainting-gallery/cpg0037-oasis/axiom/images/prod_25/images/plate_41002689/r16c24f08p01-ch6sk1fk1fl1.tiff,s3://cellpainting-gallery/cpg0037-oasis/axiom/images/prod_25/images/plate_41002689/r16c24f08p01-ch1sk1fk1fl1.tiff,s3://cellpainting-gallery/cpg0037-oasis/axiom/images/prod_25/images/plate_41002689/r16c24f08p01-ch2sk1fk1fl1.tiff,s3://cellpainting-gallery/cpg0037-oasis/axiom/images/prod_25/images/plate_41002689/r16c24f08p01-ch4sk1fk1fl1.tiff,s3://cellpainting-gallery/cpg0037-oasis/axiom/images/prod_25/images/plate_41002689/r16c24f08p01-ch3sk1fk1fl1.tiff,s3://cellpainting-gallery/cpg0037-oasis/axiom/images/prod_25/images/plate_41002689/r16c24f08p01-ch5sk1fk1fl1.tiff
p41002690_A18_s08,plate_41002690,A18,8.0,Oseltamivir,OASIS1570,0.4107883870601654,1.1457747220993042,0.2586831748485565,Influenza Virus,O=C(OCC)C1=C[C@H]([C@@H]([C@H](C1)N)NC(C)=O)OC(CC)CC,s3://cellpainting-gallery/cpg0037-oasis/axiom/images/prod_25/images/plate_41002690/r01c18f08p01-ch6sk1fk1fl1.tiff,s3://cellpainting-gallery/cpg0037-oasis/axiom/images/prod_25/images/plate_41002690/r01c18f08p01-ch1sk1fk1fl1.tiff,s3://cellpainting-gallery/cpg0037-oasis/axiom/images/prod_25/images/plate_41002690/r01c18f08p01-ch2sk1fk1fl1.tiff,s3://cellpainting-gallery/cpg0037-oasis/axiom/images/prod_25/images/plate_41002690/r01c18f08p01-ch4sk1fk1fl1.tiff,s3://cellpainting-gallery/cpg0037-oasis/axiom/images/prod_25/images/plate_41002690/r01c18f08p01-ch3sk1fk1fl1.tiff,s3://cellpainting-gallery/cpg0037-oasis/axiom/images/prod_25/images/plate_41002690/r01c18f08p01-ch5sk1fk1fl1.tiff
p41002690_B10_s08,plate_41002690,B10,8.0,Plicamycin,OASIS1215,0.4107883870601654,0.13586878776550293,0.3148743808269501,Antibiotic; Bacterial; DNA/RNA Synthesis; Glutathione S-transferase,O=C([C@H]([C@@]([C@H](OC)C([C@@H](O)[C@H](O)C)=O)([H])C1)O[C@@](O[C@H](C)[C@H]2O)([H])C[C@H]2O[C@@](O[C@H](C)[C@@H]3O)([H])C[C@H]3O[C@@](O[C@H](C)[C@H]4O)([H])C[C@@]4(O)C)C(C1=CC5=CC(O[C@H](O[C@H](C)[C@H]6O)C[C@H]6O[C@@](O[C@H](C)[C@H]7O)([H])C[C@H]7O)=C(C)C(O)=C85)=C8O,s3://cellpainting-gallery/cpg0037-oasis/axiom/images/prod_25/images/plate_41002690/r02c10f08p01-ch6sk1fk1fl1.tiff,s3://cellpainting-gallery/cpg0037-oasis/axiom/images/prod_25/images/plate_41002690/r02c10f08p01-ch1sk1fk1fl1.tiff,s3://cellpainting-gallery/cpg0037-oasis/axiom/images/prod_25/images/plate_41002690/r02c10f08p01-ch2sk1fk1fl1.tiff,s3://cellpainting-gallery/cpg0037-oasis/axiom/images/prod_25/images/plate_41002690/r02c10f08p01-ch4sk1fk1fl1.tiff,s3://cellpainting-gallery/cpg0037-oasis/axiom/images/prod_25/images/plate_41002690/r02c10f08p01-ch3sk1fk1fl1.tiff,s3://cellpainting-gallery/cpg0037-oasis/axiom/images/prod_25/images/plate_41002690/r02c10f08p01-ch5sk1fk1fl1.tiff
p41002690_C13_s08,plate_41002690,C13,8.0,β-Naphthoflavone,OASIS330,0.4107883870601654,1.068730354309082,-0.008225085213780403,Apoptosis; Aryl Hydrocarbon Receptor,O=C1C2=C3C=CC=CC3=CC=C2OC(C4=CC=CC=C4)=C1,s3://cellpainting-gallery/cpg0037-oasis/axiom/images/prod_25/images/plate_41002690/r03c13f08p01-ch6sk1fk1fl1.tiff,s3://cellpainting-gallery/cpg0037-oasis/axiom/images/prod_25/images/plate_41002690/r03c13f08p01-ch1sk1fk1fl1.tiff,s3://cellpainting-gallery/cpg0037-oasis/axiom/images/prod_25/images/plate_41002690/r03c13f08p01-ch2sk1fk1fl1.tiff,s3://cellpainting-gallery/cpg0037-oasis/axiom/images/prod_25/images/plate_41002690/r03c13f08p01-ch4sk1fk1fl1.tiff,s3://cellpainting-gallery/cpg0037-oasis/axiom/images/prod_25/images/plate_41002690/r03c13f08p01-ch3sk1fk1fl1.tiff,s3://cellpainting-gallery/cpg0037-oasis/axiom/images/prod_25/images/plate_41002690/r03c13f08p01-ch5sk1fk1fl1.tiff
p41002690_C21_s08,plate_41002690,C21,8.0,Troglitazone,OASIS1444,0.4107883870601654,1.1478569507598877,0.017060961574316025,Apoptosis; Autophagy; Ferroptosis; PPAR,O=C(SC1CC(C=C2)=CC=C2OCC3(C)OC(C(CC3)=C4C)=C(C)C(C)=C4O)NC1=O,s3://cellpainting-gallery/cpg0037-oasis/axiom/images/prod_25/images/plate_41002690/r03c21f08p01-ch6sk1fk1fl1.tiff,s3://cellpainting-gallery/cpg0037-oasis/axiom/images/prod_25/images/plate_41002690/r03c21f08p01-ch1sk1fk1fl1.tiff,s3://cellpainting-gallery/cpg0037-oasis/axiom/images/prod_25/images/plate_41002690/r03c21f08p01-ch2sk1fk1fl1.tiff,s3://cellpainting-gallery/cpg0037-oasis/axiom/images/prod_25/images/plate_41002690/r03c21f08p01-ch4sk1fk1fl1.tiff,s3://cellpainting-gallery/cpg0037-oasis/axiom/images/prod_25/images/plate_41002690/r03c21f08p01-ch3sk1fk1fl1.tiff,s3://cellpainting-gallery/cpg0037-oasis/axiom/images/prod_25/images/plate_41002690/r03c21f08p01-ch5sk1fk1fl1.tiff
p41002690_C22_s08,plate_41002690,C22,8.0,Macitentan,OASIS1840,0.4107883870601654,1.0661275386810303,0.019870521500706673,Apoptosis; Endothelin Receptor,BrC1=CN=C(OCCOC2=C(C3=CC=C(Br)C=C3)C(NS(NCCC)(=O)=O)=NC=N2)N=C1,s3://cellpainting-gallery/cpg0037-oasis/axiom/images/prod_25/images/plate_41002690/r03c22f08p01-ch6sk1fk1fl1.tiff,s3://cellpainting-gallery/cpg0037-oasis/axiom/images/prod_25/images/plate_41002690/r03c22f08p01-ch1sk1fk1fl1.tiff,s3://cellpainting-gallery/cpg0037-oasis/axiom/images/prod_25/images/plate_41002690/r03c22f08p01-ch2sk1fk1fl1.tiff,s3://cellpainting-gallery/cpg0037-oasis/axiom/images/prod_25/images/plate_41002690/r03c22f08p01-ch4sk1fk1fl1.tiff,s3://cellpainting-gallery/cpg0037-oasis/axiom/images/prod_25/images/plate_41002690/r03c22f08p01-ch3sk1fk1fl1.tiff,s3://cellpainting-gallery/cpg0037-oasis/axiom/images/prod_25/images/plate_41002690/r03c22f08p01-ch5sk1fk1fl1.tiff
p41002690_D18_s08,plate_41002690,D18,8.0,6-Thioguanine,OASIS1225,0.4107883870601654,1.0015767812728882,-0.005415524356067181,Apoptosis; Autophagy; Deubiquitinase; DNA Methyltransferase; Endogenous Metabolite; SARS-CoV,SC1=NC(N)=NC2=C1N=CN2,s3://cellpainting-gallery/cpg0037-oasis/axiom/images/prod_25/images/plate_41002690/r04c18f08p01-ch6sk1fk1fl1.tiff,s3://cellpainting-gallery/cpg0037-oasis/axiom/images/prod_25/images/plate_41002690/r04c18f08p01-ch1sk1fk1fl1.tiff,s3://cellpainting-gallery/cpg0037-oasis/axiom/images/prod_25/images/plate_41002690/r04c18f08p01-ch2sk1fk1fl1.tiff,s3://cellpainting-gallery/cpg0037-oasis/axiom/images/prod_25/images/plate_41002690/r04c18f08p01-ch4sk1fk1fl1.tiff,s3://cellpainting-gallery/cpg0037-oasis/axiom/images/prod_25/images/plate_41002690/r04c18f08p01-ch3sk1fk1fl1.tiff,s3://cellpainting-gallery/cpg0037-oasis/axiom/images/prod_25/images/plate_41002690/r04c18f08p01-ch5sk1fk1fl1.tiff
p41002690_E22_s08,plate_41002690,E22,8.0,Bifenazate,OASIS411,0.4107883870601654,1.1046496629714966,-0.030701570212841034,GABA Receptor,COC1=CC=C(C2=CC=CC=C2)C=C1NNC(OC(C)C)=O,s3://cellpainting-gallery/cpg0037-oasis/axiom/images/prod_25/images/plate_41002690/r05c22f08p01-ch6sk1fk1fl1.tiff,s3://cellpainting-gallery/cpg0037-oasis/axiom/images/prod_25/images/plate_41002690/r05c22f08p01-ch1sk1fk1fl1.tiff,s3://cellpainting-gallery/cpg0037-oasis/axiom/images/prod_25/images/plate_41002690/r05c22f08p01-ch2sk1fk1fl1.tiff,s3://cellpainting-gallery/cpg0037-oasis/axiom/images/prod_25/images/plate_41002690/r05c22f08p01-ch4sk1fk1fl1.tiff,s3://cellpainting-gallery/cpg0037-oasis/axiom/images/prod_25/images/plate_41002690/r05c22f08p01-ch3sk1fk1fl1.tiff,s3://cellpainting-gallery/cpg0037-oasis/axiom/images/prod_25/images/plate_41002690/r05c22f08p01-ch5sk1fk1fl1.tiff
p41002690_G22_s08,plate_41002690,G22,8.0,Ebrotidine,OASIS1376,0.4107883870601654,1.129116415977478,-0.02227288857102394,Histamine Receptor,O=S(C1=CC=C(Br)C=C1)(/N=C/NCCSCC2=CSC(NC(N)=N)=N2)=O,s3://cellpainting-gallery/cpg0037-oasis/axiom/images/prod_25/images/plate_41002690/r07c22f08p01-ch6sk1fk1fl1.tiff,s3://cellpainting-gallery/cpg0037-oasis/axiom/images/prod_25/images/plate_41002690/r07c22f08p01-ch1sk1fk1fl1.tiff,s3://cellpainting-gallery/cpg0037-oasis/axiom/images/prod_25/images/plate_41002690/r07c22f08p01-ch2sk1fk1fl1.tiff,s3://cellpainting-gallery/cpg0037-oasis/axiom/images/prod_25/images/plate_41002690/r07c22f08p01-ch4sk1fk1fl1.tiff,s3://cellpainting-gallery/cpg0037-oasis/axiom/images/prod_25/images/plate_41002690/r07c22f08p01-ch3sk1fk1fl1.tiff,s3://cellpainting-gallery/cpg0037-oasis/axiom/images/prod_25/images/plate_41002690/r07c22f08p01-ch5sk1fk1fl1.tiff
p41002690_H10_s08,plate_41002690,H10,8.0,DMSO,,0.0,0.9651368856430054,0.003013157518580556,,,s3://cellpainting-gallery/cpg0037-oasis/axiom/images/prod_25/images/plate_41002690/r08c10f08p01-ch6sk1fk1fl1.tiff,s3://cellpainting-gallery/cpg0037-oasis/axiom/images/prod_25/images/plate_41002690/r08c10f08p01-ch1sk1fk1fl1.tiff,s3://cellpainting-gallery/cpg0037-oasis/axiom/images/prod_25/images/plate_41002690/r08c10f08p01-ch2sk1fk1fl1.tiff,s3://cellpainting-gallery/cpg0037-oasis/axiom/images/prod_25/images/plate_41002690/r08c10f08p01-ch4sk1fk1fl1.tiff,s3://cellpainting-gallery/cpg0037-oasis/axiom/images/prod_25/images/plate_41002690/r08c10f08p01-ch3sk1fk1fl1.tiff,s3://cellpainting-gallery/cpg0037-oasis/axiom/images/prod_25/images/plate_41002690/r08c10f08p01-ch5sk1fk1fl1.tiff
p41002690_H17_s08,plate_41002690,H17,8.0,DMSO,,0.0,1.026564121246338,-0.002605963731184602,,,s3://cellpainting-gallery/cpg0037-oasis/axiom/images/prod_25/images/plate_41002690/r08c17f08p01-ch6sk1fk1fl1.tiff,s3://cellpainting-gallery/cpg0037-oasis/axiom/images/prod_25/images/plate_41002690/r08c17f08p01-ch1sk1fk1fl1.tiff,s3://cellpainting-gallery/cpg0037-oasis/axiom/images/prod_25/images/plate_41002690/r08c17f08p01-ch2sk1fk1fl1.tiff,s3://cellpainting-gallery/cpg0037-oasis/axiom/images/prod_25/images/plate_41002690/r08c17f08p01-ch4sk1fk1fl1.tiff,s3://cellpainting-gallery/cpg0037-oasis/axiom/images/prod_25/images/plate_41002690/r08c17f08p01-ch3sk1fk1fl1.tiff,s3://cellpainting-gallery/cpg0037-oasis/axiom/images/prod_25/images/plate_41002690/r08c17f08p01-ch5sk1fk1fl1.tiff
p41002690_I12_s08,plate_41002690,I12,8.0,DMSO,,0.0,1.0192761421203613,-0.05036849528551102,,,s3://cellpainting-gallery/cpg0037-oasis/axiom/images/prod_25/images/plate_41002690/r09c12f08p01-ch6sk1fk1fl1.tiff,s3://cellpainting-gallery/cpg0037-oasis/axiom/images/prod_25/images/plate_41002690/r09c12f08p01-ch1sk1fk1fl1.tiff,s3://cellpainting-gallery/cpg0037-oasis/axiom/images/prod_25/images/plate_41002690/r09c12f08p01-ch2sk1fk1fl1.tiff,s3://cellpainting-gallery/cpg0037-oasis/axiom/images/prod_25/images/plate_41002690/r09c12f08p01-ch4sk1fk1fl1.tiff,s3://cellpainting-gallery/cpg0037-oasis/axiom/images/prod_25/images/plate_41002690/r09c12f08p01-ch3sk1fk1fl1.tiff,s3://cellpainting-gallery/cpg0037-oasis/axiom/images/prod_25/images/plate_41002690/r09c12f08p01-ch5sk1fk1fl1.tiff
p41002690_I22_s08,plate_41002690,I22,8.0,Compound_06965c8b,,0.4107883870601654,1.0385372638702393,-0.027892010286450386,,,s3://cellpainting-gallery/cpg0037-oasis/axiom/images/prod_25/images/plate_41002690/r09c22f08p01-ch6sk1fk1fl1.tiff,s3://cellpainting-gallery/cpg0037-oasis/axiom/images/prod_25/images/plate_41002690/r09c22f08p01-ch1sk1fk1fl1.tiff,s3://cellpainting-gallery/cpg0037-oasis/axiom/images/prod_25/images/plate_41002690/r09c22f08p01-ch2sk1fk1fl1.tiff,s3://cellpainting-gallery/cpg0037-oasis/axiom/images/prod_25/images/plate_41002690/r09c22f08p01-ch4sk1fk1fl1.tiff,s3://cellpainting-gallery/cpg0037-oasis/axiom/images/prod_25/images/plate_41002690/r09c22f08p01-ch3sk1fk1fl1.tiff,s3://cellpainting-gallery/cpg0037-oasis/axiom/images/prod_25/images/plate_41002690/r09c22f08p01-ch5sk1fk1fl1.tiff
p41002690_J18_s08,plate_41002690,J18,8.0,Siponimod,OASIS1805,0.4107883870601654,0.9156827330589294,-0.05036849528551102,LPL Receptor,O=C(C1CN(CC2=CC=C(/C(C)=N/OCC3=CC=C(C4CCCCC4)C(C(F)(F)F)=C3)C=C2CC)C1)O,s3://cellpainting-gallery/cpg0037-oasis/axiom/images/prod_25/images/plate_41002690/r10c18f08p01-ch6sk1fk1fl1.tiff,s3://cellpainting-gallery/cpg0037-oasis/axiom/images/prod_25/images/plate_41002690/r10c18f08p01-ch1sk1fk1fl1.tiff,s3://cellpainting-gallery/cpg0037-oasis/axiom/images/prod_25/images/plate_41002690/r10c18f08p01-ch2sk1fk1fl1.tiff,s3://cellpainting-gallery/cpg0037-oasis/axiom/images/prod_25/images/plate_41002690/r10c18f08p01-ch4sk1fk1fl1.tiff,s3://cellpainting-gallery/cpg0037-oasis/axiom/images/prod_25/images/plate_41002690/r10c18f08p01-ch3sk1fk1fl1.tiff,s3://cellpainting-gallery/cpg0037-oasis/axiom/images/prod_25/images/plate_41002690/r10c18f08p01-ch5sk1fk1fl1.tiff
p41002690_J19_s08,plate_41002690,J19,8.0,Gabapentin enacarbil,OASIS1791,0.4107883870601654,1.0109471082687378,-0.08408322185277939,Calcium Channel,O=C(O)CC1(CNC(OC(OC(C(C)C)=O)C)=O)CCCCC1,s3://cellpainting-gallery/cpg0037-oasis/axiom/images/prod_25/images/plate_41002690/r10c19f08p01-ch6sk1fk1fl1.tiff,s3://cellpainting-gallery/cpg0037-oasis/axiom/images/prod_25/images/plate_41002690/r10c19f08p01-ch1sk1fk1fl1.tiff,s3://cellpainting-gallery/cpg0037-oasis/axiom/images/prod_25/images/plate_41002690/r10c19f08p01-ch2sk1fk1fl1.tiff,s3://cellpainting-gallery/cpg0037-oasis/axiom/images/prod_25/images/plate_41002690/r10c19f08p01-ch4sk1fk1fl1.tiff,s3://cellpainting-gallery/cpg0037-oasis/axiom/images/prod_25/images/plate_41002690/r10c19f08p01-ch3sk1fk1fl1.tiff,s3://cellpainting-gallery/cpg0037-oasis/axiom/images/prod_25/images/plate_41002690/r10c19f08p01-ch5sk1fk1fl1.tiff
p41002690_J22_s08,plate_41002690,J22,8.0,Mefenamic acid,OASIS057,0.4107883870601654,1.0843474864959717,-0.04755893349647522,COX,O=C(O)C1=CC=CC=C1NC2=CC=CC(C)=C2C,s3://cellpainting-gallery/cpg0037-oasis/axiom/images/prod_25/images/plate_41002690/r10c22f08p01-ch6sk1fk1fl1.tiff,s3://cellpainting-gallery/cpg0037-oasis/axiom/images/prod_25/images/plate_41002690/r10c22f08p01-ch1sk1fk1fl1.tiff,s3://cellpainting-gallery/cpg0037-oasis/axiom/images/prod_25/images/plate_41002690/r10c22f08p01-ch2sk1fk1fl1.tiff,s3://cellpainting-gallery/cpg0037-oasis/axiom/images/prod_25/images/plate_41002690/r10c22f08p01-ch4sk1fk1fl1.tiff,s3://cellpainting-gallery/cpg0037-oasis/axiom/images/prod_25/images/plate_41002690/r10c22f08p01-ch3sk1fk1fl1.tiff,s3://cellpainting-gallery/cpg0037-oasis/axiom/images/prod_25/images/plate_41002690/r10c22f08p01-ch5sk1fk1fl1.tiff
p41002690_K16_s08,plate_41002690,K16,8.0,Dantrolene,OASIS069,0.4107883870601654,0.9250530004501343,-0.02227288857102394,Autophagy; Calcium Channel,O=C1NC(CN1/N=C/C2=CC=C(C3=CC=C([N+]([O-])=O)C=C3)O2)=O,s3://cellpainting-gallery/cpg0037-oasis/axiom/images/prod_25/images/plate_41002690/r11c16f08p01-ch6sk1fk1fl1.tiff,s3://cellpainting-gallery/cpg0037-oasis/axiom/images/prod_25/images/plate_41002690/r11c16f08p01-ch1sk1fk1fl1.tiff,s3://cellpainting-gallery/cpg0037-oasis/axiom/images/prod_25/images/plate_41002690/r11c16f08p01-ch2sk1fk1fl1.tiff,s3://cellpainting-gallery/cpg0037-oasis/axiom/images/prod_25/images/plate_41002690/r11c16f08p01-ch4sk1fk1fl1.tiff,s3://cellpainting-gallery/cpg0037-oasis/axiom/images/prod_25/images/plate_41002690/r11c16f08p01-ch3sk1fk1fl1.tiff,s3://cellpainting-gallery/cpg0037-oasis/axiom/images/prod_25/images/plate_41002690/r11c16f08p01-ch5sk1fk1fl1.tiff
p41002690_K19_s08,plate_41002690,K19,8.0,Edoxaban (tosylate),OASIS1737,0.4107883870601654,0.9417112469673157,-0.005415524356067181,Factor Xa; Thrombin,O=C(N(C)C)[C@@H](CC1)C[C@H]([C@H]1NC(C(NC(C=C2)=NC=C2Cl)=O)=O)NC(C3=NC(CC4)=C(CN4C)S3)=O.O=S(C5=CC=C(C)C=C5)(O)=O,s3://cellpainting-gallery/cpg0037-oasis/axiom/images/prod_25/images/plate_41002690/r11c19f08p01-ch6sk1fk1fl1.tiff,s3://cellpainting-gallery/cpg0037-oasis/axiom/images/prod_25/images/plate_41002690/r11c19f08p01-ch1sk1fk1fl1.tiff,s3://cellpainting-gallery/cpg0037-oasis/axiom/images/prod_25/images/plate_41002690/r11c19f08p01-ch2sk1fk1fl1.tiff,s3://cellpainting-gallery/cpg0037-oasis/axiom/images/prod_25/images/plate_41002690/r11c19f08p01-ch4sk1fk1fl1.tiff,s3://cellpainting-gallery/cpg0037-oasis/axiom/images/prod_25/images/plate_41002690/r11c19f08p01-ch3sk1fk1fl1.tiff,s3://cellpainting-gallery/cpg0037-oasis/axiom/images/prod_25/images/plate_41002690/r11c19f08p01-ch5sk1fk1fl1.tiff
p41002690_L10_s08,plate_41002690,L10,8.0,Temsirolimus,OASIS834,0.4107883870601654,0.6580005288124084,-0.02508244849741459,Apoptosis; Autophagy; Bacterial; mTOR,O=C([C@@]1(O)[C@@H](CC[C@@H](C[C@@H](/C(C)=C/C=C/C=C/[C@H](C[C@@H](C)C([C@@H]([C@@H](/C(C)=C/[C@H]2C)O)OC)=O)C)OC)O1)C)C(N3CCCC[C@H]3C(O[C@@H](CC2=O)[C@@H](C[C@H]4C[C@H]([C@H](OC(C(C)(CO)CO)=O)CC4)OC)C)=O)=O,s3://cellpainting-gallery/cpg0037-oasis/axiom/images/prod_25/images/plate_41002690/r12c10f08p01-ch6sk1fk1fl1.tiff,s3://cellpainting-gallery/cpg0037-oasis/axiom/images/prod_25/images/plate_41002690/r12c10f08p01-ch1sk1fk1fl1.tiff,s3://cellpainting-gallery/cpg0037-oasis/axiom/images/prod_25/images/plate_41002690/r12c10f08p01-ch2sk1fk1fl1.tiff,s3://cellpainting-gallery/cpg0037-oasis/axiom/images/prod_25/images/plate_41002690/r12c10f08p01-ch4sk1fk1fl1.tiff,s3://cellpainting-gallery/cpg0037-oasis/axiom/images/prod_25/images/plate_41002690/r12c10f08p01-ch3sk1fk1fl1.tiff,s3://cellpainting-gallery/cpg0037-oasis/axiom/images/prod_25/images/plate_41002690/r12c10f08p01-ch5sk1fk1fl1.tiff
p41002690_L15_s08,plate_41002690,L15,8.0,Selinexor,OASIS1893,0.4107883870601654,0.655918300151825,-0.027892010286450386,CRM1,O=C(NNC1=NC=CN=C1)/C=C\N2N=C(C3=CC(C(F)(F)F)=CC(C(F)(F)F)=C3)N=C2,s3://cellpainting-gallery/cpg0037-oasis/axiom/images/prod_25/images/plate_41002690/r12c15f08p01-ch6sk1fk1fl1.tiff,s3://cellpainting-gallery/cpg0037-oasis/axiom/images/prod_25/images/plate_41002690/r12c15f08p01-ch1sk1fk1fl1.tiff,s3://cellpainting-gallery/cpg0037-oasis/axiom/images/prod_25/images/plate_41002690/r12c15f08p01-ch2sk1fk1fl1.tiff,s3://cellpainting-gallery/cpg0037-oasis/axiom/images/prod_25/images/plate_41002690/r12c15f08p01-ch4sk1fk1fl1.tiff,s3://cellpainting-gallery/cpg0037-oasis/axiom/images/prod_25/images/plate_41002690/r12c15f08p01-ch3sk1fk1fl1.tiff,s3://cellpainting-gallery/cpg0037-oasis/axiom/images/prod_25/images/plate_41002690/r12c15f08p01-ch5sk1fk1fl1.tiff
p41002690_L20_s08,plate_41002690,L20,8.0,DMSO,,0.0,0.8906953930854797,-0.10375014692544937,,,s3://cellpainting-gallery/cpg0037-oasis/axiom/images/prod_25/images/plate_41002690/r12c20f08p01-ch6sk1fk1fl1.tiff,s3://cellpainting-gallery/cpg0037-oasis/axiom/images/prod_25/images/plate_41002690/r12c20f08p01-ch1sk1fk1fl1.tiff,s3://cellpainting-gallery/cpg0037-oasis/axiom/images/prod_25/images/plate_41002690/r12c20f08p01-ch2sk1fk1fl1.tiff,s3://cellpainting-gallery/cpg0037-oasis/axiom/images/prod_25/images/plate_41002690/r12c20f08p01-ch4sk1fk1fl1.tiff,s3://cellpainting-gallery/cpg0037-oasis/axiom/images/prod_25/images/plate_41002690/r12c20f08p01-ch3sk1fk1fl1.tiff,s3://cellpainting-gallery/cpg0037-oasis/axiom/images/prod_25/images/plate_41002690/r12c20f08p01-ch5sk1fk1fl1.tiff
p41002690_M10_s08,plate_41002690,M10,8.0,Nifurtimox,OASIS1788,0.4107883870601654,0.8860102295875549,-0.04474937543272972,Lactate Dehydrogenase; Parasite,O=S1(CC(C)N(/N=C/C2=CC=C([N+]([O-])=O)O2)CC1)=O,s3://cellpainting-gallery/cpg0037-oasis/axiom/images/prod_25/images/plate_41002690/r13c10f08p01-ch6sk1fk1fl1.tiff,s3://cellpainting-gallery/cpg0037-oasis/axiom/images/prod_25/images/plate_41002690/r13c10f08p01-ch1sk1fk1fl1.tiff,s3://cellpainting-gallery/cpg0037-oasis/axiom/images/prod_25/images/plate_41002690/r13c10f08p01-ch2sk1fk1fl1.tiff,s3://cellpainting-gallery/cpg0037-oasis/axiom/images/prod_25/images/plate_41002690/r13c10f08p01-ch4sk1fk1fl1.tiff,s3://cellpainting-gallery/cpg0037-oasis/axiom/images/prod_25/images/plate_41002690/r13c10f08p01-ch3sk1fk1fl1.tiff,s3://cellpainting-gallery/cpg0037-oasis/axiom/images/prod_25/images/plate_41002690/r13c10f08p01-ch5sk1fk1fl1.tiff
p41002690_M23_s08,plate_41002690,M23,8.0,Etravirine,OASIS886,0.4107883870601654,1.0760183334350586,-0.005415524356067181,HIV; Reverse Transcriptase,N#CC1=CC(C)=C(C(C)=C1)OC2=NC(NC3=CC=C(C=C3)C#N)=NC(N)=C2Br,s3://cellpainting-gallery/cpg0037-oasis/axiom/images/prod_25/images/plate_41002690/r13c23f08p01-ch6sk1fk1fl1.tiff,s3://cellpainting-gallery/cpg0037-oasis/axiom/images/prod_25/images/plate_41002690/r13c23f08p01-ch1sk1fk1fl1.tiff,s3://cellpainting-gallery/cpg0037-oasis/axiom/images/prod_25/images/plate_41002690/r13c23f08p01-ch2sk1fk1fl1.tiff,s3://cellpainting-gallery/cpg0037-oasis/axiom/images/prod_25/images/plate_41002690/r13c23f08p01-ch4sk1fk1fl1.tiff,s3://cellpainting-gallery/cpg0037-oasis/axiom/images/prod_25/images/plate_41002690/r13c23f08p01-ch3sk1fk1fl1.tiff,s3://cellpainting-gallery/cpg0037-oasis/axiom/images/prod_25/images/plate_41002690/r13c23f08p01-ch5sk1fk1fl1.tiff
p41002690_N19_s08,plate_41002690,N19,8.0,Zalcitabine,OASIS648,0.4107883870601654,0.9162033200263977,0.03391832485795021,HIV; Reverse Transcriptase,OC[C@@H]1CC[C@H](N2C=CC(N)=NC2=O)O1,s3://cellpainting-gallery/cpg0037-oasis/axiom/images/prod_25/images/plate_41002690/r14c19f08p01-ch6sk1fk1fl1.tiff,s3://cellpainting-gallery/cpg0037-oasis/axiom/images/prod_25/images/plate_41002690/r14c19f08p01-ch1sk1fk1fl1.tiff,s3://cellpainting-gallery/cpg0037-oasis/axiom/images/prod_25/images/plate_41002690/r14c19f08p01-ch2sk1fk1fl1.tiff,s3://cellpainting-gallery/cpg0037-oasis/axiom/images/prod_25/images/plate_41002690/r14c19f08p01-ch4sk1fk1fl1.tiff,s3://cellpainting-gallery/cpg0037-oasis/axiom/images/prod_25/images/plate_41002690/r14c19f08p01-ch3sk1fk1fl1.tiff,s3://cellpainting-gallery/cpg0037-oasis/axiom/images/prod_25/images/plate_41002690/r14c19f08p01-ch5sk1fk1fl1.tiff
p41002690_O16_s08,plate_41002690,O16,8.0,Tasimelteon,OASIS1885,0.4107883870601654,0.9427523612976074,0.08449041843414307,Melatonin Receptor,[H][C@]1(C2=C3C(OCC3)=CC=C2)[C@@](CNC(CC)=O)([H])C1,s3://cellpainting-gallery/cpg0037-oasis/axiom/images/prod_25/images/plate_41002690/r15c16f08p01-ch6sk1fk1fl1.tiff,s3://cellpainting-gallery/cpg0037-oasis/axiom/images/prod_25/images/plate_41002690/r15c16f08p01-ch1sk1fk1fl1.tiff,s3://cellpainting-gallery/cpg0037-oasis/axiom/images/prod_25/images/plate_41002690/r15c16f08p01-ch2sk1fk1fl1.tiff,s3://cellpainting-gallery/cpg0037-oasis/axiom/images/prod_25/images/plate_41002690/r15c16f08p01-ch4sk1fk1fl1.tiff,s3://cellpainting-gallery/cpg0037-oasis/axiom/images/prod_25/images/plate_41002690/r15c16f08p01-ch3sk1fk1fl1.tiff,s3://cellpainting-gallery/cpg0037-oasis/axiom/images/prod_25/images/plate_41002690/r15c16f08p01-ch5sk1fk1fl1.tiff
p41002690_O19_s08,plate_41002690,O19,8.0,Thio-TEPA,OASIS607,0.4107883870601654,0.950040340423584,0.019870521500706673,Antibiotic; Bacterial; DNA Alkylator/Crosslinker,S=P(N1CC1)(N2CC2)N3CC3,s3://cellpainting-gallery/cpg0037-oasis/axiom/images/prod_25/images/plate_41002690/r15c19f08p01-ch6sk1fk1fl1.tiff,s3://cellpainting-gallery/cpg0037-oasis/axiom/images/prod_25/images/plate_41002690/r15c19f08p01-ch1sk1fk1fl1.tiff,s3://cellpainting-gallery/cpg0037-oasis/axiom/images/prod_25/images/plate_41002690/r15c19f08p01-ch2sk1fk1fl1.tiff,s3://cellpainting-gallery/cpg0037-oasis/axiom/images/prod_25/images/plate_41002690/r15c19f08p01-ch4sk1fk1fl1.tiff,s3://cellpainting-gallery/cpg0037-oasis/axiom/images/prod_25/images/plate_41002690/r15c19f08p01-ch3sk1fk1fl1.tiff,s3://cellpainting-gallery/cpg0037-oasis/axiom/images/prod_25/images/plate_41002690/r15c19f08p01-ch5sk1fk1fl1.tiff
p41002690_O23_s08,plate_41002690,O23,8.0,Telaprevir,OASIS980,0.4107883870601654,0.9599311947822571,-0.002605963731184602,HCV; HCV Protease; SARS-CoV,O=C(N([C@@H]1C(N[C@H](C(C(NC2CC2)=O)=O)CCC)=O)C[C@@]3(CCC[C@@]31[H])[H])[C@@H](NC([C@@H](NC(C4=NC=CN=C4)=O)C5CCCCC5)=O)C(C)(C)C,s3://cellpainting-gallery/cpg0037-oasis/axiom/images/prod_25/images/plate_41002690/r15c23f08p01-ch6sk1fk1fl1.tiff,s3://cellpainting-gallery/cpg0037-oasis/axiom/images/prod_25/images/plate_41002690/r15c23f08p01-ch1sk1fk1fl1.tiff,s3://cellpainting-gallery/cpg0037-oasis/axiom/images/prod_25/images/plate_41002690/r15c23f08p01-ch2sk1fk1fl1.tiff,s3://cellpainting-gallery/cpg0037-oasis/axiom/images/prod_25/images/plate_41002690/r15c23f08p01-ch4sk1fk1fl1.tiff,s3://cellpainting-gallery/cpg0037-oasis/axiom/images/prod_25/images/plate_41002690/r15c23f08p01-ch3sk1fk1fl1.tiff,s3://cellpainting-gallery/cpg0037-oasis/axiom/images/prod_25/images/plate_41002690/r15c23f08p01-ch5sk1fk1fl1.tiff
p41002690_P16_s08,plate_41002690,P16,8.0,Dirithromycin,OASIS1367,0.4107883870601654,0.9521226286888123,0.10977645963430405,Antibiotic; Bacterial,CC1[C@@]([C@](O)([C@H](OC([C@@H]2C)=O)CC)C)([H])O[C@H](COCCOC)N[C@@]1([H])[C@](C[C@@](O)([C@@H]([C@@H](C)[C@]2([H])O[C@@](O[C@@H](C)[C@@H]3O)([H])C[C@@]3(C)OC)O[C@@](O[C@H](C)C[C@@H]4N(C)C)([H])[C@@H]4O)C)([H])C,s3://cellpainting-gallery/cpg0037-oasis/axiom/images/prod_25/images/plate_41002690/r16c16f08p01-ch6sk1fk1fl1.tiff,s3://cellpainting-gallery/cpg0037-oasis/axiom/images/prod_25/images/plate_41002690/r16c16f08p01-ch1sk1fk1fl1.tiff,s3://cellpainting-gallery/cpg0037-oasis/axiom/images/prod_25/images/plate_41002690/r16c16f08p01-ch2sk1fk1fl1.tiff,s3://cellpainting-gallery/cpg0037-oasis/axiom/images/prod_25/images/plate_41002690/r16c16f08p01-ch4sk1fk1fl1.tiff,s3://cellpainting-gallery/cpg0037-oasis/axiom/images/prod_25/images/plate_41002690/r16c16f08p01-ch3sk1fk1fl1.tiff,s3://cellpainting-gallery/cpg0037-oasis/axiom/images/prod_25/images/plate_41002690/r16c16f08p01-ch5sk1fk1fl1.tiff
p41002690_P17_s08,plate_41002690,P17,8.0,Irinotecan,OASIS744,0.4107883870601654,0.9620134830474854,0.14068162441253662,Autophagy; Topoisomerase,O=C(N1CCC(N2CCCCC2)CC1)OC3=CC=C4N=C5C(CN6C(C(COC([C@@]7(CC)O)=O)=C7C=C65)=O)=C(CC)C4=C3,s3://cellpainting-gallery/cpg0037-oasis/axiom/images/prod_25/images/plate_41002690/r16c17f08p01-ch6sk1fk1fl1.tiff,s3://cellpainting-gallery/cpg0037-oasis/axiom/images/prod_25/images/plate_41002690/r16c17f08p01-ch1sk1fk1fl1.tiff,s3://cellpainting-gallery/cpg0037-oasis/axiom/images/prod_25/images/plate_41002690/r16c17f08p01-ch2sk1fk1fl1.tiff,s3://cellpainting-gallery/cpg0037-oasis/axiom/images/prod_25/images/plate_41002690/r16c17f08p01-ch4sk1fk1fl1.tiff,s3://cellpainting-gallery/cpg0037-oasis/axiom/images/prod_25/images/plate_41002690/r16c17f08p01-ch3sk1fk1fl1.tiff,s3://cellpainting-gallery/cpg0037-oasis/axiom/images/prod_25/images/plate_41002690/r16c17f08p01-ch5sk1fk1fl1.tiff
p41002690_P19_s08,plate_41002690,P19,8.0,Ozagrel,OASIS1264,0.4107883870601654,0.9573283195495605,0.163158118724823,Prostaglandin Receptor,O=C(O)/C=C/C1=CC=C(CN2C=CN=C2)C=C1,s3://cellpainting-gallery/cpg0037-oasis/axiom/images/prod_25/images/plate_41002690/r16c19f08p01-ch6sk1fk1fl1.tiff,s3://cellpainting-gallery/cpg0037-oasis/axiom/images/prod_25/images/plate_41002690/r16c19f08p01-ch1sk1fk1fl1.tiff,s3://cellpainting-gallery/cpg0037-oasis/axiom/images/prod_25/images/plate_41002690/r16c19f08p01-ch2sk1fk1fl1.tiff,s3://cellpainting-gallery/cpg0037-oasis/axiom/images/prod_25/images/plate_41002690/r16c19f08p01-ch4sk1fk1fl1.tiff,s3://cellpainting-gallery/cpg0037-oasis/axiom/images/prod_25/images/plate_41002690/r16c19f08p01-ch3sk1fk1fl1.tiff,s3://cellpainting-gallery/cpg0037-oasis/axiom/images/prod_25/images/plate_41002690/r16c19f08p01-ch5sk1fk1fl1.tiff
p41002691_A18_s08,plate_41002691,A18,8.0,Famotidine,OASIS1103,0.0456431545317173,1.0590630769729614,0.20706890523433685,Histamine Receptor,N=C(NS(=O)(N)=O)CCSCC1=CSC(NC(N)=N)=N1,s3://cellpainting-gallery/cpg0037-oasis/axiom/images/prod_25/images/plate_41002691/r01c18f08p01-ch6sk1fk1fl1.tiff,s3://cellpainting-gallery/cpg0037-oasis/axiom/images/prod_25/images/plate_41002691/r01c18f08p01-ch1sk1fk1fl1.tiff,s3://cellpainting-gallery/cpg0037-oasis/axiom/images/prod_25/images/plate_41002691/r01c18f08p01-ch2sk1fk1fl1.tiff,s3://cellpainting-gallery/cpg0037-oasis/axiom/images/prod_25/images/plate_41002691/r01c18f08p01-ch4sk1fk1fl1.tiff,s3://cellpainting-gallery/cpg0037-oasis/axiom/images/prod_25/images/plate_41002691/r01c18f08p01-ch3sk1fk1fl1.tiff,s3://cellpainting-gallery/cpg0037-oasis/axiom/images/prod_25/images/plate_41002691/r01c18f08p01-ch5sk1fk1fl1.tiff
p41002691_B14_s08,plate_41002691,B14,8.0,Sulfasalazine,OASIS018,0.0456431545317173,0.9423418641090393,0.015470670536160469,Antibiotic; Apoptosis; Autophagy; Bacterial; Ferroptosis; NF-κB,OC(C1=C(O)C=CC(/N=N/C2=CC=C(S(=O)(NC3=NC=CC=C3)=O)C=C2)=C1)=O,s3://cellpainting-gallery/cpg0037-oasis/axiom/images/prod_25/images/plate_41002691/r02c14f08p01-ch6sk1fk1fl1.tiff,s3://cellpainting-gallery/cpg0037-oasis/axiom/images/prod_25/images/plate_41002691/r02c14f08p01-ch1sk1fk1fl1.tiff,s3://cellpainting-gallery/cpg0037-oasis/axiom/images/prod_25/images/plate_41002691/r02c14f08p01-ch2sk1fk1fl1.tiff,s3://cellpainting-gallery/cpg0037-oasis/axiom/images/prod_25/images/plate_41002691/r02c14f08p01-ch4sk1fk1fl1.tiff,s3://cellpainting-gallery/cpg0037-oasis/axiom/images/prod_25/images/plate_41002691/r02c14f08p01-ch3sk1fk1fl1.tiff,s3://cellpainting-gallery/cpg0037-oasis/axiom/images/prod_25/images/plate_41002691/r02c14f08p01-ch5sk1fk1fl1.tiff
p41002691_B14_s08,plate_41002691,B14,8.0,Sulfasalazine,OASIS018,0.0456431545317173,0.9423418641090393,0.015470670536160469,Antibiotic; Apoptosis; Autophagy; Bacterial; Ferroptosis; NF-κB,OC(C1=C(O)C=CC(/N=N/C2=CC=C(S(=O)(NC3=NC=CC=C3)=O)C=C2)=C1)=O,s3://cellpainting-gallery/cpg0037-oasis/axiom/images/prod_25/images/plate_41002691/r02c14f08p01-ch6sk1fk1fl1.tiff,s3://cellpainting-gallery/cpg0037-oasis/axiom/images/prod_25/images/plate_41002691/r02c14f08p01-ch1sk1fk1fl1.tiff,s3://cellpainting-gallery/cpg0037-oasis/axiom/images/prod_25/images/plate_41002691/r02c14f08p01-ch2sk1fk1fl1.tiff,s3://cellpainting-gallery/cpg0037-oasis/axiom/images/prod_25/images/plate_41002691/r02c14f08p01-ch4sk1fk1fl1.tiff,s3://cellpainting-gallery/cpg0037-oasis/axiom/images/prod_25/images/plate_41002691/r02c14f08p01-ch3sk1fk1fl1.tiff,s3://cellpainting-gallery/cpg0037-oasis/axiom/images/prod_25/images/plate_41002691/r02c14f08p01-ch5sk1fk1fl1.tiff
p41002691_B16_s08,plate_41002691,B16,8.0,Alpelisib,OASIS1957,0.0456431545317173,0.9370663166046143,0.03736761212348938,PI3K,CC(N=C(S1)NC(N2CCC[C@H]2C(N)=O)=O)=C1C3=CC(C(C)(C(F)(F)F)C)=NC=C3,s3://cellpainting-gallery/cpg0037-oasis/axiom/images/prod_25/images/plate_41002691/r02c16f08p01-ch6sk1fk1fl1.tiff,s3://cellpainting-gallery/cpg0037-oasis/axiom/images/prod_25/images/plate_41002691/r02c16f08p01-ch1sk1fk1fl1.tiff,s3://cellpainting-gallery/cpg0037-oasis/axiom/images/prod_25/images/plate_41002691/r02c16f08p01-ch2sk1fk1fl1.tiff,s3://cellpainting-gallery/cpg0037-oasis/axiom/images/prod_25/images/plate_41002691/r02c16f08p01-ch4sk1fk1fl1.tiff,s3://cellpainting-gallery/cpg0037-oasis/axiom/images/prod_25/images/plate_41002691/r02c16f08p01-ch3sk1fk1fl1.tiff,s3://cellpainting-gallery/cpg0037-oasis/axiom/images/prod_25/images/plate_41002691/r02c16f08p01-ch5sk1fk1fl1.tiff
p41002691_B22_s08,plate_41002691,B22,8.0,Compound_e48ed218,,0.0456431545317173,0.5690979957580566,0.16874925792217255,,,s3://cellpainting-gallery/cpg0037-oasis/axiom/images/prod_25/images/plate_41002691/r02c22f08p01-ch6sk1fk1fl1.tiff,s3://cellpainting-gallery/cpg0037-oasis/axiom/images/prod_25/images/plate_41002691/r02c22f08p01-ch1sk1fk1fl1.tiff,s3://cellpainting-gallery/cpg0037-oasis/axiom/images/prod_25/images/plate_41002691/r02c22f08p01-ch2sk1fk1fl1.tiff,s3://cellpainting-gallery/cpg0037-oasis/axiom/images/prod_25/images/plate_41002691/r02c22f08p01-ch4sk1fk1fl1.tiff,s3://cellpainting-gallery/cpg0037-oasis/axiom/images/prod_25/images/plate_41002691/r02c22f08p01-ch3sk1fk1fl1.tiff,s3://cellpainting-gallery/cpg0037-oasis/axiom/images/prod_25/images/plate_41002691/r02c22f08p01-ch5sk1fk1fl1.tiff
p41002691_C12_s08,plate_41002691,C12,8.0,DMSO,,0.0,0.978611171245575,0.020944906398653984,,,s3://cellpainting-gallery/cpg0037-oasis/axiom/images/prod_25/images/plate_41002691/r03c12f08p01-ch6sk1fk1fl1.tiff,s3://cellpainting-gallery/cpg0037-oasis/axiom/images/prod_25/images/plate_41002691/r03c12f08p01-ch1sk1fk1fl1.tiff,s3://cellpainting-gallery/cpg0037-oasis/axiom/images/prod_25/images/plate_41002691/r03c12f08p01-ch2sk1fk1fl1.tiff,s3://cellpainting-gallery/cpg0037-oasis/axiom/images/prod_25/images/plate_41002691/r03c12f08p01-ch4sk1fk1fl1.tiff,s3://cellpainting-gallery/cpg0037-oasis/axiom/images/prod_25/images/plate_41002691/r03c12f08p01-ch3sk1fk1fl1.tiff,s3://cellpainting-gallery/cpg0037-oasis/axiom/images/prod_25/images/plate_41002691/r03c12f08p01-ch5sk1fk1fl1.tiff
p41002691_C14_s08,plate_41002691,C14,8.0,Raltegravir,OASIS869,0.0456431545317173,0.9772922992706299,0.053790319710969925,HIV; HIV Integrase,O=C(C(O)=C(C(NCC1=CC=C(C=C1)F)=O)N=C2C(C)(C)NC(C3=NN=C(C)O3)=O)N2C,s3://cellpainting-gallery/cpg0037-oasis/axiom/images/prod_25/images/plate_41002691/r03c14f08p01-ch6sk1fk1fl1.tiff,s3://cellpainting-gallery/cpg0037-oasis/axiom/images/prod_25/images/plate_41002691/r03c14f08p01-ch1sk1fk1fl1.tiff,s3://cellpainting-gallery/cpg0037-oasis/axiom/images/prod_25/images/plate_41002691/r03c14f08p01-ch2sk1fk1fl1.tiff,s3://cellpainting-gallery/cpg0037-oasis/axiom/images/prod_25/images/plate_41002691/r03c14f08p01-ch4sk1fk1fl1.tiff,s3://cellpainting-gallery/cpg0037-oasis/axiom/images/prod_25/images/plate_41002691/r03c14f08p01-ch3sk1fk1fl1.tiff,s3://cellpainting-gallery/cpg0037-oasis/axiom/images/prod_25/images/plate_41002691/r03c14f08p01-ch5sk1fk1fl1.tiff
p41002691_D22_s08,plate_41002691,D22,8.0,Thalidomide,OASIS1517,0.0456431545317173,1.032685399055481,0.0264191422611475,Autophagy; Ligands for E3 Ligase,O=C1N(C2CCC(NC2=O)=O)C(C3=CC=CC=C31)=O,s3://cellpainting-gallery/cpg0037-oasis/axiom/images/prod_25/images/plate_41002691/r04c22f08p01-ch6sk1fk1fl1.tiff,s3://cellpainting-gallery/cpg0037-oasis/axiom/images/prod_25/images/plate_41002691/r04c22f08p01-ch1sk1fk1fl1.tiff,s3://cellpainting-gallery/cpg0037-oasis/axiom/images/prod_25/images/plate_41002691/r04c22f08p01-ch2sk1fk1fl1.tiff,s3://cellpainting-gallery/cpg0037-oasis/axiom/images/prod_25/images/plate_41002691/r04c22f08p01-ch4sk1fk1fl1.tiff,s3://cellpainting-gallery/cpg0037-oasis/axiom/images/prod_25/images/plate_41002691/r04c22f08p01-ch3sk1fk1fl1.tiff,s3://cellpainting-gallery/cpg0037-oasis/axiom/images/prod_25/images/plate_41002691/r04c22f08p01-ch5sk1fk1fl1.tiff
p41002691_E12_s08,plate_41002691,E12,8.0,DMSO,,0.0,0.9205803275108337,-0.1022253930568695,,,s3://cellpainting-gallery/cpg0037-oasis/axiom/images/prod_25/images/plate_41002691/r05c12f08p01-ch6sk1fk1fl1.tiff,s3://cellpainting-gallery/cpg0037-oasis/axiom/images/prod_25/images/plate_41002691/r05c12f08p01-ch1sk1fk1fl1.tiff,s3://cellpainting-gallery/cpg0037-oasis/axiom/images/prod_25/images/plate_41002691/r05c12f08p01-ch2sk1fk1fl1.tiff,s3://cellpainting-gallery/cpg0037-oasis/axiom/images/prod_25/images/plate_41002691/r05c12f08p01-ch4sk1fk1fl1.tiff,s3://cellpainting-gallery/cpg0037-oasis/axiom/images/prod_25/images/plate_41002691/r05c12f08p01-ch3sk1fk1fl1.tiff,s3://cellpainting-gallery/cpg0037-oasis/axiom/images/prod_25/images/plate_41002691/r05c12f08p01-ch5sk1fk1fl1.tiff
p41002691_E13_s08,plate_41002691,E13,8.0,Benzonatate,OASIS1521,0.0456431545317173,0.9106886982917786,0.031893376260995865,Sodium Channel,O=C(OCCOCCOCCOCCOCCOCCOCCOCCOCCOC)C1=CC=C(NCCCC)C=C1,s3://cellpainting-gallery/cpg0037-oasis/axiom/images/prod_25/images/plate_41002691/r05c13f08p01-ch6sk1fk1fl1.tiff,s3://cellpainting-gallery/cpg0037-oasis/axiom/images/prod_25/images/plate_41002691/r05c13f08p01-ch1sk1fk1fl1.tiff,s3://cellpainting-gallery/cpg0037-oasis/axiom/images/prod_25/images/plate_41002691/r05c13f08p01-ch2sk1fk1fl1.tiff,s3://cellpainting-gallery/cpg0037-oasis/axiom/images/prod_25/images/plate_41002691/r05c13f08p01-ch4sk1fk1fl1.tiff,s3://cellpainting-gallery/cpg0037-oasis/axiom/images/prod_25/images/plate_41002691/r05c13f08p01-ch3sk1fk1fl1.tiff,s3://cellpainting-gallery/cpg0037-oasis/axiom/images/prod_25/images/plate_41002691/r05c13f08p01-ch5sk1fk1fl1.tiff
p41002691_E24_s08,plate_41002691,E24,8.0,Sorafenib,OASIS1340,0.0456431545317173,1.165892481803894,0.20159468054771423,Apoptosis; Autophagy; Ferroptosis; FLT3; Raf; VEGFR,O=C(NC(C=C1)=CC=C1OC2=CC(C(NC)=O)=NC=C2)NC3=CC=C(Cl)C(C(F)(F)F)=C3,s3://cellpainting-gallery/cpg0037-oasis/axiom/images/prod_25/images/plate_41002691/r05c24f08p01-ch6sk1fk1fl1.tiff,s3://cellpainting-gallery/cpg0037-oasis/axiom/images/prod_25/images/plate_41002691/r05c24f08p01-ch1sk1fk1fl1.tiff,s3://cellpainting-gallery/cpg0037-oasis/axiom/images/prod_25/images/plate_41002691/r05c24f08p01-ch2sk1fk1fl1.tiff,s3://cellpainting-gallery/cpg0037-oasis/axiom/images/prod_25/images/plate_41002691/r05c24f08p01-ch4sk1fk1fl1.tiff,s3://cellpainting-gallery/cpg0037-oasis/axiom/images/prod_25/images/plate_41002691/r05c24f08p01-ch3sk1fk1fl1.tiff,s3://cellpainting-gallery/cpg0037-oasis/axiom/images/prod_25/images/plate_41002691/r05c24f08p01-ch5sk1fk1fl1.tiff
p41002691_G11_s08,plate_41002691,G11,8.0,Deoxycholic acid,OASIS1721,0.0456431545317173,0.8612305521965027,-0.06116862595081329,Endogenous Metabolite; G protein-coupled Bile Acid Receptor 1,C[C@@]1([C@@]2([H])[C@H](C)CCC(O)=O)[C@](CC2)([H])[C@@](CC[C@@]3([H])[C@@]4(CC[C@@H](O)C3)C)([H])[C@]4([H])C[C@@H]1O,s3://cellpainting-gallery/cpg0037-oasis/axiom/images/prod_25/images/plate_41002691/r07c11f08p01-ch6sk1fk1fl1.tiff,s3://cellpainting-gallery/cpg0037-oasis/axiom/images/prod_25/images/plate_41002691/r07c11f08p01-ch1sk1fk1fl1.tiff,s3://cellpainting-gallery/cpg0037-oasis/axiom/images/prod_25/images/plate_41002691/r07c11f08p01-ch2sk1fk1fl1.tiff,s3://cellpainting-gallery/cpg0037-oasis/axiom/images/prod_25/images/plate_41002691/r07c11f08p01-ch4sk1fk1fl1.tiff,s3://cellpainting-gallery/cpg0037-oasis/axiom/images/prod_25/images/plate_41002691/r07c11f08p01-ch3sk1fk1fl1.tiff,s3://cellpainting-gallery/cpg0037-oasis/axiom/images/prod_25/images/plate_41002691/r07c11f08p01-ch5sk1fk1fl1.tiff
p41002691_G13_s08,plate_41002691,G13,8.0,Ivermectin,OASIS1337,0.0456431545317173,0.8388095498085022,-0.036534566432237625,Antibiotic; Autophagy; Bacterial; Dengue virus; Flavivirus; HIV; HSV; Mitophagy; Parasite; SARS-CoV,CO[C@H]1C[C@H](O[C@H]2[C@H](C)O[C@@H](O[C@H](/C(C)=C/C[C@@H]3C[C@H]4C[C@@]5(O[C@]([H])(C(C)C)[C@@H](C)CC5)O3)[C@@H](C)/C=C/C=C6CO[C@@]7([H])[C@]\6(O)[C@H](C(O4)=O)C=C(C)[C@H]7O)C[C@@H]2OC)O[C@@H](C)[C@@H]1O.CO[C@H]8C[C@H](O[C@H]9[C@H](C)O[C@@H](O[C@H](/C(C)=C/C[C@@H]%10C[C@H]%11C[C@@]%12(O[C@]([H])([C@@H](C)CC)[C@@H](C)CC%12)O%10)[C@@H](C)/C=C/C=C%13CO[C@@]%14([H])[C@]\%13(O)[C@H](C(O%11)=O)C=C(C)[C@H]%14O)C[C@@H]9OC)O[C@@H](C)[C@@H]8O,s3://cellpainting-gallery/cpg0037-oasis/axiom/images/prod_25/images/plate_41002691/r07c13f08p01-ch6sk1fk1fl1.tiff,s3://cellpainting-gallery/cpg0037-oasis/axiom/images/prod_25/images/plate_41002691/r07c13f08p01-ch1sk1fk1fl1.tiff,s3://cellpainting-gallery/cpg0037-oasis/axiom/images/prod_25/images/plate_41002691/r07c13f08p01-ch2sk1fk1fl1.tiff,s3://cellpainting-gallery/cpg0037-oasis/axiom/images/prod_25/images/plate_41002691/r07c13f08p01-ch4sk1fk1fl1.tiff,s3://cellpainting-gallery/cpg0037-oasis/axiom/images/prod_25/images/plate_41002691/r07c13f08p01-ch3sk1fk1fl1.tiff,s3://cellpainting-gallery/cpg0037-oasis/axiom/images/prod_25/images/plate_41002691/r07c13f08p01-ch5sk1fk1fl1.tiff
p41002691_G16_s08,plate_41002691,G16,8.0,Chlormezanone,OASIS040,0.0456431545317173,0.8803544044494629,-0.05843150615692139,GABA Receptor,O=C(CC1)N(C)C(C2=CC=C(Cl)C=C2)S1(=O)=O,s3://cellpainting-gallery/cpg0037-oasis/axiom/images/prod_25/images/plate_41002691/r07c16f08p01-ch6sk1fk1fl1.tiff,s3://cellpainting-gallery/cpg0037-oasis/axiom/images/prod_25/images/plate_41002691/r07c16f08p01-ch1sk1fk1fl1.tiff,s3://cellpainting-gallery/cpg0037-oasis/axiom/images/prod_25/images/plate_41002691/r07c16f08p01-ch2sk1fk1fl1.tiff,s3://cellpainting-gallery/cpg0037-oasis/axiom/images/prod_25/images/plate_41002691/r07c16f08p01-ch4sk1fk1fl1.tiff,s3://cellpainting-gallery/cpg0037-oasis/axiom/images/prod_25/images/plate_41002691/r07c16f08p01-ch3sk1fk1fl1.tiff,s3://cellpainting-gallery/cpg0037-oasis/axiom/images/prod_25/images/plate_41002691/r07c16f08p01-ch5sk1fk1fl1.tiff
p41002691_G17_s08,plate_41002691,G17,8.0,Cephalothin,OASIS1000,0.0456431545317173,0.9113481044769287,-0.07759132981300354,Antibiotic; Bacterial; Beta-lactamase,O=C(C(N12)=C(COC(C)=O)CS[C@]2([H])[C@H](NC(CC3=CC=CS3)=O)C1=O)O,s3://cellpainting-gallery/cpg0037-oasis/axiom/images/prod_25/images/plate_41002691/r07c17f08p01-ch6sk1fk1fl1.tiff,s3://cellpainting-gallery/cpg0037-oasis/axiom/images/prod_25/images/plate_41002691/r07c17f08p01-ch1sk1fk1fl1.tiff,s3://cellpainting-gallery/cpg0037-oasis/axiom/images/prod_25/images/plate_41002691/r07c17f08p01-ch2sk1fk1fl1.tiff,s3://cellpainting-gallery/cpg0037-oasis/axiom/images/prod_25/images/plate_41002691/r07c17f08p01-ch4sk1fk1fl1.tiff,s3://cellpainting-gallery/cpg0037-oasis/axiom/images/prod_25/images/plate_41002691/r07c17f08p01-ch3sk1fk1fl1.tiff,s3://cellpainting-gallery/cpg0037-oasis/axiom/images/prod_25/images/plate_41002691/r07c17f08p01-ch5sk1fk1fl1.tiff
p41002691_G19_s08,plate_41002691,G19,8.0,Triheptanoin,OASIS1819,0.0456431545317173,0.8843110203742981,-0.017374740913510323,Others,CCCCCCC(OCC(OC(CCCCCC)=O)COC(CCCCCC)=O)=O,s3://cellpainting-gallery/cpg0037-oasis/axiom/images/prod_25/images/plate_41002691/r07c19f08p01-ch6sk1fk1fl1.tiff,s3://cellpainting-gallery/cpg0037-oasis/axiom/images/prod_25/images/plate_41002691/r07c19f08p01-ch1sk1fk1fl1.tiff,s3://cellpainting-gallery/cpg0037-oasis/axiom/images/prod_25/images/plate_41002691/r07c19f08p01-ch2sk1fk1fl1.tiff,s3://cellpainting-gallery/cpg0037-oasis/axiom/images/prod_25/images/plate_41002691/r07c19f08p01-ch4sk1fk1fl1.tiff,s3://cellpainting-gallery/cpg0037-oasis/axiom/images/prod_25/images/plate_41002691/r07c19f08p01-ch3sk1fk1fl1.tiff,s3://cellpainting-gallery/cpg0037-oasis/axiom/images/prod_25/images/plate_41002691/r07c19f08p01-ch5sk1fk1fl1.tiff
p41002691_G21_s08,plate_41002691,G21,8.0,Droperidol,OASIS1204,0.0456431545317173,0.9937782883644104,-0.04200880229473114,Dopamine Receptor,O=C1NC2=CC=CC=C2N1C3=CCN(CCCC(C4=CC=C(F)C=C4)=O)CC3,s3://cellpainting-gallery/cpg0037-oasis/axiom/images/prod_25/images/plate_41002691/r07c21f08p01-ch6sk1fk1fl1.tiff,s3://cellpainting-gallery/cpg0037-oasis/axiom/images/prod_25/images/plate_41002691/r07c21f08p01-ch1sk1fk1fl1.tiff,s3://cellpainting-gallery/cpg0037-oasis/axiom/images/prod_25/images/plate_41002691/r07c21f08p01-ch2sk1fk1fl1.tiff,s3://cellpainting-gallery/cpg0037-oasis/axiom/images/prod_25/images/plate_41002691/r07c21f08p01-ch4sk1fk1fl1.tiff,s3://cellpainting-gallery/cpg0037-oasis/axiom/images/prod_25/images/plate_41002691/r07c21f08p01-ch3sk1fk1fl1.tiff,s3://cellpainting-gallery/cpg0037-oasis/axiom/images/prod_25/images/plate_41002691/r07c21f08p01-ch5sk1fk1fl1.tiff
p41002691_H11_s08,plate_41002691,H11,8.0,DMSO,,0.0,0.9865244626998901,-0.04200880229473114,,,s3://cellpainting-gallery/cpg0037-oasis/axiom/images/prod_25/images/plate_41002691/r08c11f08p01-ch6sk1fk1fl1.tiff,s3://cellpainting-gallery/cpg0037-oasis/axiom/images/prod_25/images/plate_41002691/r08c11f08p01-ch1sk1fk1fl1.tiff,s3://cellpainting-gallery/cpg0037-oasis/axiom/images/prod_25/images/plate_41002691/r08c11f08p01-ch2sk1fk1fl1.tiff,s3://cellpainting-gallery/cpg0037-oasis/axiom/images/prod_25/images/plate_41002691/r08c11f08p01-ch4sk1fk1fl1.tiff,s3://cellpainting-gallery/cpg0037-oasis/axiom/images/prod_25/images/plate_41002691/r08c11f08p01-ch3sk1fk1fl1.tiff,s3://cellpainting-gallery/cpg0037-oasis/axiom/images/prod_25/images/plate_41002691/r08c11f08p01-ch5sk1fk1fl1.tiff
p41002691_I19_s08,plate_41002691,I19,8.0,Compound_567dbb1e,,0.0456431545317173,0.8539767265319824,-0.04200880229473114,,,s3://cellpainting-gallery/cpg0037-oasis/axiom/images/prod_25/images/plate_41002691/r09c19f08p01-ch6sk1fk1fl1.tiff,s3://cellpainting-gallery/cpg0037-oasis/axiom/images/prod_25/images/plate_41002691/r09c19f08p01-ch1sk1fk1fl1.tiff,s3://cellpainting-gallery/cpg0037-oasis/axiom/images/prod_25/images/plate_41002691/r09c19f08p01-ch2sk1fk1fl1.tiff,s3://cellpainting-gallery/cpg0037-oasis/axiom/images/prod_25/images/plate_41002691/r09c19f08p01-ch4sk1fk1fl1.tiff,s3://cellpainting-gallery/cpg0037-oasis/axiom/images/prod_25/images/plate_41002691/r09c19f08p01-ch3sk1fk1fl1.tiff,s3://cellpainting-gallery/cpg0037-oasis/axiom/images/prod_25/images/plate_41002691/r09c19f08p01-ch5sk1fk1fl1.tiff
p41002691_J13_s08,plate_41002691,J13,8.0,Retinoic acid,OASIS140,0.0456431545317173,0.8961809873580933,-0.036534566432237625,Autophagy; Endogenous Metabolite; Organoid; PPAR; RAR/RXR,CC1(C)C(/C=C/C(C)=C/C=C/C(C)=C/C(O)=O)=C(C)CCC1,s3://cellpainting-gallery/cpg0037-oasis/axiom/images/prod_25/images/plate_41002691/r10c13f08p01-ch6sk1fk1fl1.tiff,s3://cellpainting-gallery/cpg0037-oasis/axiom/images/prod_25/images/plate_41002691/r10c13f08p01-ch1sk1fk1fl1.tiff,s3://cellpainting-gallery/cpg0037-oasis/axiom/images/prod_25/images/plate_41002691/r10c13f08p01-ch2sk1fk1fl1.tiff,s3://cellpainting-gallery/cpg0037-oasis/axiom/images/prod_25/images/plate_41002691/r10c13f08p01-ch4sk1fk1fl1.tiff,s3://cellpainting-gallery/cpg0037-oasis/axiom/images/prod_25/images/plate_41002691/r10c13f08p01-ch3sk1fk1fl1.tiff,s3://cellpainting-gallery/cpg0037-oasis/axiom/images/prod_25/images/plate_41002691/r10c13f08p01-ch5sk1fk1fl1.tiff
p41002691_J16_s08,plate_41002691,J16,8.0,Darifenacin,OASIS859,0.0456431545317173,0.8170480132102966,-0.06116862595081329,mAChR,O=C(N)C(C1=CC=CC=C1)([C@H]2CN(CCC3=CC=C(OCC4)C4=C3)CC2)C5=CC=CC=C5,s3://cellpainting-gallery/cpg0037-oasis/axiom/images/prod_25/images/plate_41002691/r10c16f08p01-ch6sk1fk1fl1.tiff,s3://cellpainting-gallery/cpg0037-oasis/axiom/images/prod_25/images/plate_41002691/r10c16f08p01-ch1sk1fk1fl1.tiff,s3://cellpainting-gallery/cpg0037-oasis/axiom/images/prod_25/images/plate_41002691/r10c16f08p01-ch2sk1fk1fl1.tiff,s3://cellpainting-gallery/cpg0037-oasis/axiom/images/prod_25/images/plate_41002691/r10c16f08p01-ch4sk1fk1fl1.tiff,s3://cellpainting-gallery/cpg0037-oasis/axiom/images/prod_25/images/plate_41002691/r10c16f08p01-ch3sk1fk1fl1.tiff,s3://cellpainting-gallery/cpg0037-oasis/axiom/images/prod_25/images/plate_41002691/r10c16f08p01-ch5sk1fk1fl1.tiff
p41002691_J24_s08,plate_41002691,J24,8.0,Capsaicin,OASIS1503,0.0456431545317173,0.8895865678787231,0.08663573116064072,Apoptosis; Autophagy; Endogenous Metabolite; TRP Channel,CC(C)/C=C/CCCCC(NCC1=CC=C(O)C(OC)=C1)=O,s3://cellpainting-gallery/cpg0037-oasis/axiom/images/prod_25/images/plate_41002691/r10c24f08p01-ch6sk1fk1fl1.tiff,s3://cellpainting-gallery/cpg0037-oasis/axiom/images/prod_25/images/plate_41002691/r10c24f08p01-ch1sk1fk1fl1.tiff,s3://cellpainting-gallery/cpg0037-oasis/axiom/images/prod_25/images/plate_41002691/r10c24f08p01-ch2sk1fk1fl1.tiff,s3://cellpainting-gallery/cpg0037-oasis/axiom/images/prod_25/images/plate_41002691/r10c24f08p01-ch4sk1fk1fl1.tiff,s3://cellpainting-gallery/cpg0037-oasis/axiom/images/prod_25/images/plate_41002691/r10c24f08p01-ch3sk1fk1fl1.tiff,s3://cellpainting-gallery/cpg0037-oasis/axiom/images/prod_25/images/plate_41002691/r10c24f08p01-ch5sk1fk1fl1.tiff
p41002691_K20_s08,plate_41002691,K20,8.0,DMSO,,0.0,1.0082859992980957,-0.05569439008831978,,,s3://cellpainting-gallery/cpg0037-oasis/axiom/images/prod_25/images/plate_41002691/r11c20f08p01-ch6sk1fk1fl1.tiff,s3://cellpainting-gallery/cpg0037-oasis/axiom/images/prod_25/images/plate_41002691/r11c20f08p01-ch1sk1fk1fl1.tiff,s3://cellpainting-gallery/cpg0037-oasis/axiom/images/prod_25/images/plate_41002691/r11c20f08p01-ch2sk1fk1fl1.tiff,s3://cellpainting-gallery/cpg0037-oasis/axiom/images/prod_25/images/plate_41002691/r11c20f08p01-ch4sk1fk1fl1.tiff,s3://cellpainting-gallery/cpg0037-oasis/axiom/images/prod_25/images/plate_41002691/r11c20f08p01-ch3sk1fk1fl1.tiff,s3://cellpainting-gallery/cpg0037-oasis/axiom/images/prod_25/images/plate_41002691/r11c20f08p01-ch5sk1fk1fl1.tiff
p41002691_L16_s08,plate_41002691,L16,8.0,Ifosfamide,OASIS1281,0.0456431545317173,0.8928837776184082,-0.04200880229473114,DNA Alkylator/Crosslinker,ClCCN1P(OCCC1)(NCCCl)=O,s3://cellpainting-gallery/cpg0037-oasis/axiom/images/prod_25/images/plate_41002691/r12c16f08p01-ch6sk1fk1fl1.tiff,s3://cellpainting-gallery/cpg0037-oasis/axiom/images/prod_25/images/plate_41002691/r12c16f08p01-ch1sk1fk1fl1.tiff,s3://cellpainting-gallery/cpg0037-oasis/axiom/images/prod_25/images/plate_41002691/r12c16f08p01-ch2sk1fk1fl1.tiff,s3://cellpainting-gallery/cpg0037-oasis/axiom/images/prod_25/images/plate_41002691/r12c16f08p01-ch4sk1fk1fl1.tiff,s3://cellpainting-gallery/cpg0037-oasis/axiom/images/prod_25/images/plate_41002691/r12c16f08p01-ch3sk1fk1fl1.tiff,s3://cellpainting-gallery/cpg0037-oasis/axiom/images/prod_25/images/plate_41002691/r12c16f08p01-ch5sk1fk1fl1.tiff
p41002691_L17_s08,plate_41002691,L17,8.0,Lercanidipine,OASIS861,0.0456431545317173,0.9614656567573547,-0.017374740913510323,Apoptosis; Calcium Channel; NF-κB; p38 MAPK; Reactive Oxygen Species,O=C(C1=C(C)NC(C)=C(C(OC)=O)C1C2=CC=CC([N+]([O-])=O)=C2)OC(C)(C)CN(CCC(C3=CC=CC=C3)C4=CC=CC=C4)C,s3://cellpainting-gallery/cpg0037-oasis/axiom/images/prod_25/images/plate_41002691/r12c17f08p01-ch6sk1fk1fl1.tiff,s3://cellpainting-gallery/cpg0037-oasis/axiom/images/prod_25/images/plate_41002691/r12c17f08p01-ch1sk1fk1fl1.tiff,s3://cellpainting-gallery/cpg0037-oasis/axiom/images/prod_25/images/plate_41002691/r12c17f08p01-ch2sk1fk1fl1.tiff,s3://cellpainting-gallery/cpg0037-oasis/axiom/images/prod_25/images/plate_41002691/r12c17f08p01-ch4sk1fk1fl1.tiff,s3://cellpainting-gallery/cpg0037-oasis/axiom/images/prod_25/images/plate_41002691/r12c17f08p01-ch3sk1fk1fl1.tiff,s3://cellpainting-gallery/cpg0037-oasis/axiom/images/prod_25/images/plate_41002691/r12c17f08p01-ch5sk1fk1fl1.tiff
p41002691_L19_s08,plate_41002691,L19,8.0,Lapatinib,OASIS1355,0.0456431545317173,0.9218991994857788,-0.06116862595081329,Autophagy; EGFR; Ferroptosis,O=S(CCNCC1=CC=C(C2=CC=C3C(C(NC4=CC(Cl)=C(C=C4)OCC5=CC(F)=CC=C5)=NC=N3)=C2)O1)(C)=O,s3://cellpainting-gallery/cpg0037-oasis/axiom/images/prod_25/images/plate_41002691/r12c19f08p01-ch6sk1fk1fl1.tiff,s3://cellpainting-gallery/cpg0037-oasis/axiom/images/prod_25/images/plate_41002691/r12c19f08p01-ch1sk1fk1fl1.tiff,s3://cellpainting-gallery/cpg0037-oasis/axiom/images/prod_25/images/plate_41002691/r12c19f08p01-ch2sk1fk1fl1.tiff,s3://cellpainting-gallery/cpg0037-oasis/axiom/images/prod_25/images/plate_41002691/r12c19f08p01-ch4sk1fk1fl1.tiff,s3://cellpainting-gallery/cpg0037-oasis/axiom/images/prod_25/images/plate_41002691/r12c19f08p01-ch3sk1fk1fl1.tiff,s3://cellpainting-gallery/cpg0037-oasis/axiom/images/prod_25/images/plate_41002691/r12c19f08p01-ch5sk1fk1fl1.tiff
p41002691_L23_s08,plate_41002691,L23,8.0,Olmesartan,OASIS831,0.0456431545317173,1.0966511964797974,-0.006426271051168442,Angiotensin Receptor,O=C(O)C1=C(N=C(N1CC2=CC=C(C=C2)C3=CC=CC=C3C4=NN=NN4)CCC)C(O)(C)C,s3://cellpainting-gallery/cpg0037-oasis/axiom/images/prod_25/images/plate_41002691/r12c23f08p01-ch6sk1fk1fl1.tiff,s3://cellpainting-gallery/cpg0037-oasis/axiom/images/prod_25/images/plate_41002691/r12c23f08p01-ch1sk1fk1fl1.tiff,s3://cellpainting-gallery/cpg0037-oasis/axiom/images/prod_25/images/plate_41002691/r12c23f08p01-ch2sk1fk1fl1.tiff,s3://cellpainting-gallery/cpg0037-oasis/axiom/images/prod_25/images/plate_41002691/r12c23f08p01-ch4sk1fk1fl1.tiff,s3://cellpainting-gallery/cpg0037-oasis/axiom/images/prod_25/images/plate_41002691/r12c23f08p01-ch3sk1fk1fl1.tiff,s3://cellpainting-gallery/cpg0037-oasis/axiom/images/prod_25/images/plate_41002691/r12c23f08p01-ch5sk1fk1fl1.tiff
p41002691_M11_s08,plate_41002691,M11,8.0,Compound_88f6068e,,0.0456431545317173,1.0333447456359863,-0.09401404112577438,,,s3://cellpainting-gallery/cpg0037-oasis/axiom/images/prod_25/images/plate_41002691/r13c11f08p01-ch6sk1fk1fl1.tiff,s3://cellpainting-gallery/cpg0037-oasis/axiom/images/prod_25/images/plate_41002691/r13c11f08p01-ch1sk1fk1fl1.tiff,s3://cellpainting-gallery/cpg0037-oasis/axiom/images/prod_25/images/plate_41002691/r13c11f08p01-ch2sk1fk1fl1.tiff,s3://cellpainting-gallery/cpg0037-oasis/axiom/images/prod_25/images/plate_41002691/r13c11f08p01-ch4sk1fk1fl1.tiff,s3://cellpainting-gallery/cpg0037-oasis/axiom/images/prod_25/images/plate_41002691/r13c11f08p01-ch3sk1fk1fl1.tiff,s3://cellpainting-gallery/cpg0037-oasis/axiom/images/prod_25/images/plate_41002691/r13c11f08p01-ch5sk1fk1fl1.tiff
p41002691_M19_s08,plate_41002691,M19,8.0,Dapagliflozin,OASIS1775,0.0456431545317173,1.0577441453933716,-0.08306556940078735,SGLT,O[C@H]1[C@H](C2=CC(CC3=CC=C(OCC)C=C3)=C(Cl)C=C2)O[C@H](CO)[C@@H](O)[C@@H]1O,s3://cellpainting-gallery/cpg0037-oasis/axiom/images/prod_25/images/plate_41002691/r13c19f08p01-ch6sk1fk1fl1.tiff,s3://cellpainting-gallery/cpg0037-oasis/axiom/images/prod_25/images/plate_41002691/r13c19f08p01-ch1sk1fk1fl1.tiff,s3://cellpainting-gallery/cpg0037-oasis/axiom/images/prod_25/images/plate_41002691/r13c19f08p01-ch2sk1fk1fl1.tiff,s3://cellpainting-gallery/cpg0037-oasis/axiom/images/prod_25/images/plate_41002691/r13c19f08p01-ch4sk1fk1fl1.tiff,s3://cellpainting-gallery/cpg0037-oasis/axiom/images/prod_25/images/plate_41002691/r13c19f08p01-ch3sk1fk1fl1.tiff,s3://cellpainting-gallery/cpg0037-oasis/axiom/images/prod_25/images/plate_41002691/r13c19f08p01-ch5sk1fk1fl1.tiff
p41002691_M23_s08,plate_41002691,M23,8.0,Panobinostat,OASIS1808,0.0456431545317173,1.076208472251892,-0.03106033056974411,Apoptosis; Autophagy; HDAC; HIV,O=C(/C=C/C1=CC=C(CNCCC2=C(NC3=C2C=CC=C3)C)C=C1)NO,s3://cellpainting-gallery/cpg0037-oasis/axiom/images/prod_25/images/plate_41002691/r13c23f08p01-ch6sk1fk1fl1.tiff,s3://cellpainting-gallery/cpg0037-oasis/axiom/images/prod_25/images/plate_41002691/r13c23f08p01-ch1sk1fk1fl1.tiff,s3://cellpainting-gallery/cpg0037-oasis/axiom/images/prod_25/images/plate_41002691/r13c23f08p01-ch2sk1fk1fl1.tiff,s3://cellpainting-gallery/cpg0037-oasis/axiom/images/prod_25/images/plate_41002691/r13c23f08p01-ch4sk1fk1fl1.tiff,s3://cellpainting-gallery/cpg0037-oasis/axiom/images/prod_25/images/plate_41002691/r13c23f08p01-ch3sk1fk1fl1.tiff,s3://cellpainting-gallery/cpg0037-oasis/axiom/images/prod_25/images/plate_41002691/r13c23f08p01-ch5sk1fk1fl1.tiff
p41002691_M24_s08,plate_41002691,M24,8.0,Carmustine,OASIS1398,0.0456431545317173,1.1711680889129639,0.08663573116064072,DNA Alkylator/Crosslinker,O=C(NCCCl)N(CCCl)N=O,s3://cellpainting-gallery/cpg0037-oasis/axiom/images/prod_25/images/plate_41002691/r13c24f08p01-ch6sk1fk1fl1.tiff,s3://cellpainting-gallery/cpg0037-oasis/axiom/images/prod_25/images/plate_41002691/r13c24f08p01-ch1sk1fk1fl1.tiff,s3://cellpainting-gallery/cpg0037-oasis/axiom/images/prod_25/images/plate_41002691/r13c24f08p01-ch2sk1fk1fl1.tiff,s3://cellpainting-gallery/cpg0037-oasis/axiom/images/prod_25/images/plate_41002691/r13c24f08p01-ch4sk1fk1fl1.tiff,s3://cellpainting-gallery/cpg0037-oasis/axiom/images/prod_25/images/plate_41002691/r13c24f08p01-ch3sk1fk1fl1.tiff,s3://cellpainting-gallery/cpg0037-oasis/axiom/images/prod_25/images/plate_41002691/r13c24f08p01-ch5sk1fk1fl1.tiff
p41002691_N23_s08,plate_41002691,N23,8.0,Umbralisib,OASIS1859,0.0456431545317173,1.0524686574935913,0.007259317673742771,Casein Kinase; PI3K,O=C1C(C2=CC=CC(F)=C2)=C([C@@H](N3N=C(C4=CC=C(OC(C)C)C(F)=C4)C5=C(N)N=CN=C53)C)OC6=CC=C(F)C=C16,s3://cellpainting-gallery/cpg0037-oasis/axiom/images/prod_25/images/plate_41002691/r14c23f08p01-ch6sk1fk1fl1.tiff,s3://cellpainting-gallery/cpg0037-oasis/axiom/images/prod_25/images/plate_41002691/r14c23f08p01-ch1sk1fk1fl1.tiff,s3://cellpainting-gallery/cpg0037-oasis/axiom/images/prod_25/images/plate_41002691/r14c23f08p01-ch2sk1fk1fl1.tiff,s3://cellpainting-gallery/cpg0037-oasis/axiom/images/prod_25/images/plate_41002691/r14c23f08p01-ch4sk1fk1fl1.tiff,s3://cellpainting-gallery/cpg0037-oasis/axiom/images/prod_25/images/plate_41002691/r14c23f08p01-ch3sk1fk1fl1.tiff,s3://cellpainting-gallery/cpg0037-oasis/axiom/images/prod_25/images/plate_41002691/r14c23f08p01-ch5sk1fk1fl1.tiff
p41002691_O15_s08,plate_41002691,O15,8.0,Compound_59cfb866,,0.0456431545317173,0.97993004322052,0.031893376260995865,,,s3://cellpainting-gallery/cpg0037-oasis/axiom/images/prod_25/images/plate_41002691/r15c15f08p01-ch6sk1fk1fl1.tiff,s3://cellpainting-gallery/cpg0037-oasis/axiom/images/prod_25/images/plate_41002691/r15c15f08p01-ch1sk1fk1fl1.tiff,s3://cellpainting-gallery/cpg0037-oasis/axiom/images/prod_25/images/plate_41002691/r15c15f08p01-ch2sk1fk1fl1.tiff,s3://cellpainting-gallery/cpg0037-oasis/axiom/images/prod_25/images/plate_41002691/r15c15f08p01-ch4sk1fk1fl1.tiff,s3://cellpainting-gallery/cpg0037-oasis/axiom/images/prod_25/images/plate_41002691/r15c15f08p01-ch3sk1fk1fl1.tiff,s3://cellpainting-gallery/cpg0037-oasis/axiom/images/prod_25/images/plate_41002691/r15c15f08p01-ch5sk1fk1fl1.tiff
p41002691_O19_s08,plate_41002691,O19,8.0,Griseofulvin,OASIS073,0.0456431545317173,1.0781868696212769,-0.03106033056974411,Antibiotic; Apoptosis; Endogenous Metabolite; Fungal,O=C1[C@]2(C(OC)=CC(C[C@H]2C)=O)OC3=C(Cl)C(OC)=CC(OC)=C13,s3://cellpainting-gallery/cpg0037-oasis/axiom/images/prod_25/images/plate_41002691/r15c19f08p01-ch6sk1fk1fl1.tiff,s3://cellpainting-gallery/cpg0037-oasis/axiom/images/prod_25/images/plate_41002691/r15c19f08p01-ch1sk1fk1fl1.tiff,s3://cellpainting-gallery/cpg0037-oasis/axiom/images/prod_25/images/plate_41002691/r15c19f08p01-ch2sk1fk1fl1.tiff,s3://cellpainting-gallery/cpg0037-oasis/axiom/images/prod_25/images/plate_41002691/r15c19f08p01-ch4sk1fk1fl1.tiff,s3://cellpainting-gallery/cpg0037-oasis/axiom/images/prod_25/images/plate_41002691/r15c19f08p01-ch3sk1fk1fl1.tiff,s3://cellpainting-gallery/cpg0037-oasis/axiom/images/prod_25/images/plate_41002691/r15c19f08p01-ch5sk1fk1fl1.tiff
p41002691_P12_s08,plate_41002691,P12,8.0,DMSO,,0.0,1.2028212547302246,0.14411520957946777,,,s3://cellpainting-gallery/cpg0037-oasis/axiom/images/prod_25/images/plate_41002691/r16c12f08p01-ch6sk1fk1fl1.tiff,s3://cellpainting-gallery/cpg0037-oasis/axiom/images/prod_25/images/plate_41002691/r16c12f08p01-ch1sk1fk1fl1.tiff,s3://cellpainting-gallery/cpg0037-oasis/axiom/images/prod_25/images/plate_41002691/r16c12f08p01-ch2sk1fk1fl1.tiff,s3://cellpainting-gallery/cpg0037-oasis/axiom/images/prod_25/images/plate_41002691/r16c12f08p01-ch4sk1fk1fl1.tiff,s3://cellpainting-gallery/cpg0037-oasis/axiom/images/prod_25/images/plate_41002691/r16c12f08p01-ch3sk1fk1fl1.tiff,s3://cellpainting-gallery/cpg0037-oasis/axiom/images/prod_25/images/plate_41002691/r16c12f08p01-ch5sk1fk1fl1.tiff
p41002692_A11_s08,plate_41002692,A11,8.0,Buspirone,OASIS797,100.0,0.6821378469467163,0.20230761170387268,5-HT Receptor; Dopamine Receptor; Reactive Oxygen Species,O=C(N(CCCCN1CCN(C2=NC=CC=N2)CC1)C(C3)=O)CC43CCCC4,s3://cellpainting-gallery/cpg0037-oasis/axiom/images/prod_25/images/plate_41002692/r01c11f08p01-ch6sk1fk1fl1.tiff,s3://cellpainting-gallery/cpg0037-oasis/axiom/images/prod_25/images/plate_41002692/r01c11f08p01-ch1sk1fk1fl1.tiff,s3://cellpainting-gallery/cpg0037-oasis/axiom/images/prod_25/images/plate_41002692/r01c11f08p01-ch2sk1fk1fl1.tiff,s3://cellpainting-gallery/cpg0037-oasis/axiom/images/prod_25/images/plate_41002692/r01c11f08p01-ch4sk1fk1fl1.tiff,s3://cellpainting-gallery/cpg0037-oasis/axiom/images/prod_25/images/plate_41002692/r01c11f08p01-ch3sk1fk1fl1.tiff,s3://cellpainting-gallery/cpg0037-oasis/axiom/images/prod_25/images/plate_41002692/r01c11f08p01-ch5sk1fk1fl1.tiff
p41002692_A15_s08,plate_41002692,A15,8.0,Rifampicin,OASIS092,100.0,0.6131716966629028,0.20501551032066345,Antibiotic; Bacterial; Influenza Virus; Orthopoxvirus,OC(C(/C=N/N1CCN(C)CC1)=C(NC(/C(C)=C\C=C\[C@@H]([C@@H]([C@@H](C)[C@H]2O)O)C)=O)C(O)=C3C(O)=C4C)=C3C5=C4O[C@](C)(O/C=C/[C@@H]([C@H]([C@@]([C@@H]2C)([H])OC(C)=O)C)OC)C5=O,s3://cellpainting-gallery/cpg0037-oasis/axiom/images/prod_25/images/plate_41002692/r01c15f08p01-ch6sk1fk1fl1.tiff,s3://cellpainting-gallery/cpg0037-oasis/axiom/images/prod_25/images/plate_41002692/r01c15f08p01-ch1sk1fk1fl1.tiff,s3://cellpainting-gallery/cpg0037-oasis/axiom/images/prod_25/images/plate_41002692/r01c15f08p01-ch2sk1fk1fl1.tiff,s3://cellpainting-gallery/cpg0037-oasis/axiom/images/prod_25/images/plate_41002692/r01c15f08p01-ch4sk1fk1fl1.tiff,s3://cellpainting-gallery/cpg0037-oasis/axiom/images/prod_25/images/plate_41002692/r01c15f08p01-ch3sk1fk1fl1.tiff,s3://cellpainting-gallery/cpg0037-oasis/axiom/images/prod_25/images/plate_41002692/r01c15f08p01-ch5sk1fk1fl1.tiff
p41002692_A18_s08,plate_41002692,A18,8.0,Amoxapine,OASIS1288,100.0,0.021316807717084885,0.7682587504386902,Others,ClC1=CC=C(OC2=CC=CC=C2N=C3N4CCNCC4)C3=C1,s3://cellpainting-gallery/cpg0037-oasis/axiom/images/prod_25/images/plate_41002692/r01c18f08p01-ch6sk1fk1fl1.tiff,s3://cellpainting-gallery/cpg0037-oasis/axiom/images/prod_25/images/plate_41002692/r01c18f08p01-ch1sk1fk1fl1.tiff,s3://cellpainting-gallery/cpg0037-oasis/axiom/images/prod_25/images/plate_41002692/r01c18f08p01-ch2sk1fk1fl1.tiff,s3://cellpainting-gallery/cpg0037-oasis/axiom/images/prod_25/images/plate_41002692/r01c18f08p01-ch4sk1fk1fl1.tiff,s3://cellpainting-gallery/cpg0037-oasis/axiom/images/prod_25/images/plate_41002692/r01c18f08p01-ch3sk1fk1fl1.tiff,s3://cellpainting-gallery/cpg0037-oasis/axiom/images/prod_25/images/plate_41002692/r01c18f08p01-ch5sk1fk1fl1.tiff
p41002692_A22_s08,plate_41002692,A22,8.0,Bosutinib (hydrate),OASIS1770,100.0,0.01755501888692379,0.6761901378631592,Bcr-Abl; Src,CN1CCN(CC1)CCCOC2=C(C=C3C(NC4=CC(OC)=C(C=C4Cl)Cl)=C(C=NC3=C2)C#N)OC.O,s3://cellpainting-gallery/cpg0037-oasis/axiom/images/prod_25/images/plate_41002692/r01c22f08p01-ch6sk1fk1fl1.tiff,s3://cellpainting-gallery/cpg0037-oasis/axiom/images/prod_25/images/plate_41002692/r01c22f08p01-ch1sk1fk1fl1.tiff,s3://cellpainting-gallery/cpg0037-oasis/axiom/images/prod_25/images/plate_41002692/r01c22f08p01-ch2sk1fk1fl1.tiff,s3://cellpainting-gallery/cpg0037-oasis/axiom/images/prod_25/images/plate_41002692/r01c22f08p01-ch4sk1fk1fl1.tiff,s3://cellpainting-gallery/cpg0037-oasis/axiom/images/prod_25/images/plate_41002692/r01c22f08p01-ch3sk1fk1fl1.tiff,s3://cellpainting-gallery/cpg0037-oasis/axiom/images/prod_25/images/plate_41002692/r01c22f08p01-ch5sk1fk1fl1.tiff
p41002692_B10_s08,plate_41002692,B10,8.0,Pexidartinib,OASIS1778,100.0,0.39310702681541443,0.10482321679592133,Apoptosis; c-Fms; c-Kit,FC(C1=CC=C(CNC2=NC=C(CC3=CNC4=NC=C(Cl)C=C43)C=C2)C=N1)(F)F,s3://cellpainting-gallery/cpg0037-oasis/axiom/images/prod_25/images/plate_41002692/r02c10f08p01-ch6sk1fk1fl1.tiff,s3://cellpainting-gallery/cpg0037-oasis/axiom/images/prod_25/images/plate_41002692/r02c10f08p01-ch1sk1fk1fl1.tiff,s3://cellpainting-gallery/cpg0037-oasis/axiom/images/prod_25/images/plate_41002692/r02c10f08p01-ch2sk1fk1fl1.tiff,s3://cellpainting-gallery/cpg0037-oasis/axiom/images/prod_25/images/plate_41002692/r02c10f08p01-ch4sk1fk1fl1.tiff,s3://cellpainting-gallery/cpg0037-oasis/axiom/images/prod_25/images/plate_41002692/r02c10f08p01-ch3sk1fk1fl1.tiff,s3://cellpainting-gallery/cpg0037-oasis/axiom/images/prod_25/images/plate_41002692/r02c10f08p01-ch5sk1fk1fl1.tiff
p41002692_B23_s08,plate_41002692,B23,8.0,Fedratinib (hydrochloride hydrate),OASIS1917,100.0,0.021316807717084885,0.6328637003898621,Apoptosis; JAK,[H]Cl.[H]O[H].[H]Cl.O=S(C1=CC=CC(NC2=NC(NC3=CC=C(C=C3)OCCN4CCCC4)=NC=C2C)=C1)(NC(C)(C)C)=O,s3://cellpainting-gallery/cpg0037-oasis/axiom/images/prod_25/images/plate_41002692/r02c23f08p01-ch6sk1fk1fl1.tiff,s3://cellpainting-gallery/cpg0037-oasis/axiom/images/prod_25/images/plate_41002692/r02c23f08p01-ch1sk1fk1fl1.tiff,s3://cellpainting-gallery/cpg0037-oasis/axiom/images/prod_25/images/plate_41002692/r02c23f08p01-ch2sk1fk1fl1.tiff,s3://cellpainting-gallery/cpg0037-oasis/axiom/images/prod_25/images/plate_41002692/r02c23f08p01-ch4sk1fk1fl1.tiff,s3://cellpainting-gallery/cpg0037-oasis/axiom/images/prod_25/images/plate_41002692/r02c23f08p01-ch3sk1fk1fl1.tiff,s3://cellpainting-gallery/cpg0037-oasis/axiom/images/prod_25/images/plate_41002692/r02c23f08p01-ch5sk1fk1fl1.tiff
p41002692_C14_s08,plate_41002692,C14,8.0,Rifaximin,OASIS1351,100.0,0.6294727921485901,0.08045211434364319,Antibiotic; Bacterial; DNA/RNA Synthesis,O=C1C2=C(O[C@@]1(O/C=C/[C@@H]([C@H]([C@H]([C@@H]([C@@H]([C@@H]([C@@H](O)[C@@H](C)/C=C/C=C(C)\C3=O)C)O)C)OC(C)=O)C)OC)C)C(C)=C(O)C4=C2C5=C(C(N3)=C4O)N6C(C=C(C)C=C6)=N5,s3://cellpainting-gallery/cpg0037-oasis/axiom/images/prod_25/images/plate_41002692/r03c14f08p01-ch6sk1fk1fl1.tiff,s3://cellpainting-gallery/cpg0037-oasis/axiom/images/prod_25/images/plate_41002692/r03c14f08p01-ch1sk1fk1fl1.tiff,s3://cellpainting-gallery/cpg0037-oasis/axiom/images/prod_25/images/plate_41002692/r03c14f08p01-ch2sk1fk1fl1.tiff,s3://cellpainting-gallery/cpg0037-oasis/axiom/images/prod_25/images/plate_41002692/r03c14f08p01-ch4sk1fk1fl1.tiff,s3://cellpainting-gallery/cpg0037-oasis/axiom/images/prod_25/images/plate_41002692/r03c14f08p01-ch3sk1fk1fl1.tiff,s3://cellpainting-gallery/cpg0037-oasis/axiom/images/prod_25/images/plate_41002692/r03c14f08p01-ch5sk1fk1fl1.tiff
p41002692_C16_s08,plate_41002692,C16,8.0,Benzethonium (chloride),OASIS249,100.0,0.01630108803510666,0.6734822392463684,Bacterial; nAChR,CC(C)(C)CC(C1=CC=C(OCCOCC[N+](C)(C)CC2=CC=CC=C2)C=C1)(C)C.[Cl-],s3://cellpainting-gallery/cpg0037-oasis/axiom/images/prod_25/images/plate_41002692/r03c16f08p01-ch6sk1fk1fl1.tiff,s3://cellpainting-gallery/cpg0037-oasis/axiom/images/prod_25/images/plate_41002692/r03c16f08p01-ch1sk1fk1fl1.tiff,s3://cellpainting-gallery/cpg0037-oasis/axiom/images/prod_25/images/plate_41002692/r03c16f08p01-ch2sk1fk1fl1.tiff,s3://cellpainting-gallery/cpg0037-oasis/axiom/images/prod_25/images/plate_41002692/r03c16f08p01-ch4sk1fk1fl1.tiff,s3://cellpainting-gallery/cpg0037-oasis/axiom/images/prod_25/images/plate_41002692/r03c16f08p01-ch3sk1fk1fl1.tiff,s3://cellpainting-gallery/cpg0037-oasis/axiom/images/prod_25/images/plate_41002692/r03c16f08p01-ch5sk1fk1fl1.tiff
p41002692_C20_s08,plate_41002692,C20,8.0,DMSO,,0.0,1.0351191759109497,0.018170412629842758,,,s3://cellpainting-gallery/cpg0037-oasis/axiom/images/prod_25/images/plate_41002692/r03c20f08p01-ch6sk1fk1fl1.tiff,s3://cellpainting-gallery/cpg0037-oasis/axiom/images/prod_25/images/plate_41002692/r03c20f08p01-ch1sk1fk1fl1.tiff,s3://cellpainting-gallery/cpg0037-oasis/axiom/images/prod_25/images/plate_41002692/r03c20f08p01-ch2sk1fk1fl1.tiff,s3://cellpainting-gallery/cpg0037-oasis/axiom/images/prod_25/images/plate_41002692/r03c20f08p01-ch4sk1fk1fl1.tiff,s3://cellpainting-gallery/cpg0037-oasis/axiom/images/prod_25/images/plate_41002692/r03c20f08p01-ch3sk1fk1fl1.tiff,s3://cellpainting-gallery/cpg0037-oasis/axiom/images/prod_25/images/plate_41002692/r03c20f08p01-ch5sk1fk1fl1.tiff
p41002692_D12_s08,plate_41002692,D12,8.0,DMSO,,0.0,0.9153687953948975,-0.0007848874665796757,,,s3://cellpainting-gallery/cpg0037-oasis/axiom/images/prod_25/images/plate_41002692/r04c12f08p01-ch6sk1fk1fl1.tiff,s3://cellpainting-gallery/cpg0037-oasis/axiom/images/prod_25/images/plate_41002692/r04c12f08p01-ch1sk1fk1fl1.tiff,s3://cellpainting-gallery/cpg0037-oasis/axiom/images/prod_25/images/plate_41002692/r04c12f08p01-ch2sk1fk1fl1.tiff,s3://cellpainting-gallery/cpg0037-oasis/axiom/images/prod_25/images/plate_41002692/r04c12f08p01-ch4sk1fk1fl1.tiff,s3://cellpainting-gallery/cpg0037-oasis/axiom/images/prod_25/images/plate_41002692/r04c12f08p01-ch3sk1fk1fl1.tiff,s3://cellpainting-gallery/cpg0037-oasis/axiom/images/prod_25/images/plate_41002692/r04c12f08p01-ch5sk1fk1fl1.tiff
p41002692_D13_s08,plate_41002692,D13,8.0,Compound_6d31e50a,,100.0,0.021316807717084885,0.6301558017730713,,,s3://cellpainting-gallery/cpg0037-oasis/axiom/images/prod_25/images/plate_41002692/r04c13f08p01-ch6sk1fk1fl1.tiff,s3://cellpainting-gallery/cpg0037-oasis/axiom/images/prod_25/images/plate_41002692/r04c13f08p01-ch1sk1fk1fl1.tiff,s3://cellpainting-gallery/cpg0037-oasis/axiom/images/prod_25/images/plate_41002692/r04c13f08p01-ch2sk1fk1fl1.tiff,s3://cellpainting-gallery/cpg0037-oasis/axiom/images/prod_25/images/plate_41002692/r04c13f08p01-ch4sk1fk1fl1.tiff,s3://cellpainting-gallery/cpg0037-oasis/axiom/images/prod_25/images/plate_41002692/r04c13f08p01-ch3sk1fk1fl1.tiff,s3://cellpainting-gallery/cpg0037-oasis/axiom/images/prod_25/images/plate_41002692/r04c13f08p01-ch5sk1fk1fl1.tiff
p41002692_D15_s08,plate_41002692,D15,8.0,Azoxystrobin,OASIS419,100.0,0.07586275786161423,0.5218397974967957,Apoptosis; Bacterial; Fungal; Phosphatase; Reactive Oxygen Species,CO/C=C(C(OC)=O)\C(C=CC=C1)=C1OC2=NC=NC(OC3=C(C#N)C=CC=C3)=C2,s3://cellpainting-gallery/cpg0037-oasis/axiom/images/prod_25/images/plate_41002692/r04c15f08p01-ch6sk1fk1fl1.tiff,s3://cellpainting-gallery/cpg0037-oasis/axiom/images/prod_25/images/plate_41002692/r04c15f08p01-ch1sk1fk1fl1.tiff,s3://cellpainting-gallery/cpg0037-oasis/axiom/images/prod_25/images/plate_41002692/r04c15f08p01-ch2sk1fk1fl1.tiff,s3://cellpainting-gallery/cpg0037-oasis/axiom/images/prod_25/images/plate_41002692/r04c15f08p01-ch4sk1fk1fl1.tiff,s3://cellpainting-gallery/cpg0037-oasis/axiom/images/prod_25/images/plate_41002692/r04c15f08p01-ch3sk1fk1fl1.tiff,s3://cellpainting-gallery/cpg0037-oasis/axiom/images/prod_25/images/plate_41002692/r04c15f08p01-ch5sk1fk1fl1.tiff
p41002692_D19_s08,plate_41002692,D19,8.0,Selpercatinib,OASIS1918,100.0,0.6934232115745544,0.14814960956573486,RET,N#CC1=C2C(C3=CC=C(N4CC(C5)N(CC6=CC=C(OC)N=C6)C5C4)N=C3)=CC(OCC(C)(O)C)=CN2N=C1,s3://cellpainting-gallery/cpg0037-oasis/axiom/images/prod_25/images/plate_41002692/r04c19f08p01-ch6sk1fk1fl1.tiff,s3://cellpainting-gallery/cpg0037-oasis/axiom/images/prod_25/images/plate_41002692/r04c19f08p01-ch1sk1fk1fl1.tiff,s3://cellpainting-gallery/cpg0037-oasis/axiom/images/prod_25/images/plate_41002692/r04c19f08p01-ch2sk1fk1fl1.tiff,s3://cellpainting-gallery/cpg0037-oasis/axiom/images/prod_25/images/plate_41002692/r04c19f08p01-ch4sk1fk1fl1.tiff,s3://cellpainting-gallery/cpg0037-oasis/axiom/images/prod_25/images/plate_41002692/r04c19f08p01-ch3sk1fk1fl1.tiff,s3://cellpainting-gallery/cpg0037-oasis/axiom/images/prod_25/images/plate_41002692/r04c19f08p01-ch5sk1fk1fl1.tiff
p41002692_D20_s08,plate_41002692,D20,8.0,DMSO,,0.0,1.02069890499115,-0.011616487987339497,,,s3://cellpainting-gallery/cpg0037-oasis/axiom/images/prod_25/images/plate_41002692/r04c20f08p01-ch6sk1fk1fl1.tiff,s3://cellpainting-gallery/cpg0037-oasis/axiom/images/prod_25/images/plate_41002692/r04c20f08p01-ch1sk1fk1fl1.tiff,s3://cellpainting-gallery/cpg0037-oasis/axiom/images/prod_25/images/plate_41002692/r04c20f08p01-ch2sk1fk1fl1.tiff,s3://cellpainting-gallery/cpg0037-oasis/axiom/images/prod_25/images/plate_41002692/r04c20f08p01-ch4sk1fk1fl1.tiff,s3://cellpainting-gallery/cpg0037-oasis/axiom/images/prod_25/images/plate_41002692/r04c20f08p01-ch3sk1fk1fl1.tiff,s3://cellpainting-gallery/cpg0037-oasis/axiom/images/prod_25/images/plate_41002692/r04c20f08p01-ch5sk1fk1fl1.tiff
p41002692_D21_s08,plate_41002692,D21,8.0,Compound_f7ec0534,,100.0,0.41630473732948303,0.07503631711006165,,,s3://cellpainting-gallery/cpg0037-oasis/axiom/images/prod_25/images/plate_41002692/r04c21f08p01-ch6sk1fk1fl1.tiff,s3://cellpainting-gallery/cpg0037-oasis/axiom/images/prod_25/images/plate_41002692/r04c21f08p01-ch1sk1fk1fl1.tiff,s3://cellpainting-gallery/cpg0037-oasis/axiom/images/prod_25/images/plate_41002692/r04c21f08p01-ch2sk1fk1fl1.tiff,s3://cellpainting-gallery/cpg0037-oasis/axiom/images/prod_25/images/plate_41002692/r04c21f08p01-ch4sk1fk1fl1.tiff,s3://cellpainting-gallery/cpg0037-oasis/axiom/images/prod_25/images/plate_41002692/r04c21f08p01-ch3sk1fk1fl1.tiff,s3://cellpainting-gallery/cpg0037-oasis/axiom/images/prod_25/images/plate_41002692/r04c21f08p01-ch5sk1fk1fl1.tiff
p41002692_E13_s08,plate_41002692,E13,8.0,Carmustine,OASIS1398,100.0,0.9448361992835999,0.05337311327457428,DNA Alkylator/Crosslinker,O=C(NCCCl)N(CCCl)N=O,s3://cellpainting-gallery/cpg0037-oasis/axiom/images/prod_25/images/plate_41002692/r05c13f08p01-ch6sk1fk1fl1.tiff,s3://cellpainting-gallery/cpg0037-oasis/axiom/images/prod_25/images/plate_41002692/r05c13f08p01-ch1sk1fk1fl1.tiff,s3://cellpainting-gallery/cpg0037-oasis/axiom/images/prod_25/images/plate_41002692/r05c13f08p01-ch2sk1fk1fl1.tiff,s3://cellpainting-gallery/cpg0037-oasis/axiom/images/prod_25/images/plate_41002692/r05c13f08p01-ch4sk1fk1fl1.tiff,s3://cellpainting-gallery/cpg0037-oasis/axiom/images/prod_25/images/plate_41002692/r05c13f08p01-ch3sk1fk1fl1.tiff,s3://cellpainting-gallery/cpg0037-oasis/axiom/images/prod_25/images/plate_41002692/r05c13f08p01-ch5sk1fk1fl1.tiff
p41002692_E19_s08,plate_41002692,E19,8.0,Saquinavir,OASIS1238,100.0,0.03448307141661644,0.41081592440605164,HIV; HIV Protease; SARS-CoV,O=C(N[C@@H](CC(N)=O)C(N[C@@H](CC1=CC=CC=C1)[C@H](O)CN2[C@H](C(NC(C)(C)C)=O)C[C@@](CCCC3)([H])[C@@]3([H])C2)=O)C4=NC5=CC=CC=C5C=C4,s3://cellpainting-gallery/cpg0037-oasis/axiom/images/prod_25/images/plate_41002692/r05c19f08p01-ch6sk1fk1fl1.tiff,s3://cellpainting-gallery/cpg0037-oasis/axiom/images/prod_25/images/plate_41002692/r05c19f08p01-ch1sk1fk1fl1.tiff,s3://cellpainting-gallery/cpg0037-oasis/axiom/images/prod_25/images/plate_41002692/r05c19f08p01-ch2sk1fk1fl1.tiff,s3://cellpainting-gallery/cpg0037-oasis/axiom/images/prod_25/images/plate_41002692/r05c19f08p01-ch4sk1fk1fl1.tiff,s3://cellpainting-gallery/cpg0037-oasis/axiom/images/prod_25/images/plate_41002692/r05c19f08p01-ch3sk1fk1fl1.tiff,s3://cellpainting-gallery/cpg0037-oasis/axiom/images/prod_25/images/plate_41002692/r05c19f08p01-ch5sk1fk1fl1.tiff
p41002692_E22_s08,plate_41002692,E22,8.0,Benzonatate,OASIS1521,100.0,1.0062787532806396,-0.03327968716621399,Sodium Channel,O=C(OCCOCCOCCOCCOCCOCCOCCOCCOCCOC)C1=CC=C(NCCCC)C=C1,s3://cellpainting-gallery/cpg0037-oasis/axiom/images/prod_25/images/plate_41002692/r05c22f08p01-ch6sk1fk1fl1.tiff,s3://cellpainting-gallery/cpg0037-oasis/axiom/images/prod_25/images/plate_41002692/r05c22f08p01-ch1sk1fk1fl1.tiff,s3://cellpainting-gallery/cpg0037-oasis/axiom/images/prod_25/images/plate_41002692/r05c22f08p01-ch2sk1fk1fl1.tiff,s3://cellpainting-gallery/cpg0037-oasis/axiom/images/prod_25/images/plate_41002692/r05c22f08p01-ch4sk1fk1fl1.tiff,s3://cellpainting-gallery/cpg0037-oasis/axiom/images/prod_25/images/plate_41002692/r05c22f08p01-ch3sk1fk1fl1.tiff,s3://cellpainting-gallery/cpg0037-oasis/axiom/images/prod_25/images/plate_41002692/r05c22f08p01-ch5sk1fk1fl1.tiff
p41002692_E23_s08,plate_41002692,E23,8.0,Ifosfamide,OASIS1281,100.0,1.1134897470474243,0.010046713054180145,DNA Alkylator/Crosslinker,ClCCN1P(OCCC1)(NCCCl)=O,s3://cellpainting-gallery/cpg0037-oasis/axiom/images/prod_25/images/plate_41002692/r05c23f08p01-ch6sk1fk1fl1.tiff,s3://cellpainting-gallery/cpg0037-oasis/axiom/images/prod_25/images/plate_41002692/r05c23f08p01-ch1sk1fk1fl1.tiff,s3://cellpainting-gallery/cpg0037-oasis/axiom/images/prod_25/images/plate_41002692/r05c23f08p01-ch2sk1fk1fl1.tiff,s3://cellpainting-gallery/cpg0037-oasis/axiom/images/prod_25/images/plate_41002692/r05c23f08p01-ch4sk1fk1fl1.tiff,s3://cellpainting-gallery/cpg0037-oasis/axiom/images/prod_25/images/plate_41002692/r05c23f08p01-ch3sk1fk1fl1.tiff,s3://cellpainting-gallery/cpg0037-oasis/axiom/images/prod_25/images/plate_41002692/r05c23f08p01-ch5sk1fk1fl1.tiff
p41002692_F11_s08,plate_41002692,F11,8.0,Mitoxantrone,OASIS1060,100.0,0.008777509443461895,0.5922452211380005,Apoptosis; Endogenous Metabolite; Orthopoxvirus; PKC; Topoisomerase,O=C1C2=C(C(NCCNCCO)=CC=C2NCCNCCO)C(C3=C(O)C=CC(O)=C13)=O,s3://cellpainting-gallery/cpg0037-oasis/axiom/images/prod_25/images/plate_41002692/r06c11f08p01-ch6sk1fk1fl1.tiff,s3://cellpainting-gallery/cpg0037-oasis/axiom/images/prod_25/images/plate_41002692/r06c11f08p01-ch1sk1fk1fl1.tiff,s3://cellpainting-gallery/cpg0037-oasis/axiom/images/prod_25/images/plate_41002692/r06c11f08p01-ch2sk1fk1fl1.tiff,s3://cellpainting-gallery/cpg0037-oasis/axiom/images/prod_25/images/plate_41002692/r06c11f08p01-ch4sk1fk1fl1.tiff,s3://cellpainting-gallery/cpg0037-oasis/axiom/images/prod_25/images/plate_41002692/r06c11f08p01-ch3sk1fk1fl1.tiff,s3://cellpainting-gallery/cpg0037-oasis/axiom/images/prod_25/images/plate_41002692/r06c11f08p01-ch5sk1fk1fl1.tiff
p41002692_F17_s08,plate_41002692,F17,8.0,Compound_fee2a120,,100.0,0.008777509443461895,0.39186060428619385,,,s3://cellpainting-gallery/cpg0037-oasis/axiom/images/prod_25/images/plate_41002692/r06c17f08p01-ch6sk1fk1fl1.tiff,s3://cellpainting-gallery/cpg0037-oasis/axiom/images/prod_25/images/plate_41002692/r06c17f08p01-ch1sk1fk1fl1.tiff,s3://cellpainting-gallery/cpg0037-oasis/axiom/images/prod_25/images/plate_41002692/r06c17f08p01-ch2sk1fk1fl1.tiff,s3://cellpainting-gallery/cpg0037-oasis/axiom/images/prod_25/images/plate_41002692/r06c17f08p01-ch4sk1fk1fl1.tiff,s3://cellpainting-gallery/cpg0037-oasis/axiom/images/prod_25/images/plate_41002692/r06c17f08p01-ch3sk1fk1fl1.tiff,s3://cellpainting-gallery/cpg0037-oasis/axiom/images/prod_25/images/plate_41002692/r06c17f08p01-ch5sk1fk1fl1.tiff
p41002692_F18_s08,plate_41002692,F18,8.0,Rapamycin,OASIS1120,100.0,0.3774328827857971,0.1914760172367096,Antibiotic; Autophagy; Bacterial; Endogenous Metabolite; FKBP; Fungal; mTOR,O=C([C@@]1(O)[C@@H](CC[C@@H](C[C@@H](/C(C)=C/C=C/C=C/[C@H](C[C@@H](C)C([C@@H]([C@@H](/C(C)=C/[C@H]2C)O)OC)=O)C)OC)O1)C)C(N3CCCC[C@H]3C(O[C@@H](CC2=O)[C@@H](C[C@H]4C[C@H]([C@H](O)CC4)OC)C)=O)=O,s3://cellpainting-gallery/cpg0037-oasis/axiom/images/prod_25/images/plate_41002692/r06c18f08p01-ch6sk1fk1fl1.tiff,s3://cellpainting-gallery/cpg0037-oasis/axiom/images/prod_25/images/plate_41002692/r06c18f08p01-ch1sk1fk1fl1.tiff,s3://cellpainting-gallery/cpg0037-oasis/axiom/images/prod_25/images/plate_41002692/r06c18f08p01-ch2sk1fk1fl1.tiff,s3://cellpainting-gallery/cpg0037-oasis/axiom/images/prod_25/images/plate_41002692/r06c18f08p01-ch4sk1fk1fl1.tiff,s3://cellpainting-gallery/cpg0037-oasis/axiom/images/prod_25/images/plate_41002692/r06c18f08p01-ch3sk1fk1fl1.tiff,s3://cellpainting-gallery/cpg0037-oasis/axiom/images/prod_25/images/plate_41002692/r06c18f08p01-ch5sk1fk1fl1.tiff
p41002692_F19_s08,plate_41002692,F19,8.0,Dacomitinib,OASIS1835,100.0,0.01755501888692379,0.4406028091907501,Apoptosis; EGFR,O=C(/C=C/CN1CCCCC1)NC2=CC3=C(C=C2OC)N=CN=C3NC4=CC=C(C(Cl)=C4)F,s3://cellpainting-gallery/cpg0037-oasis/axiom/images/prod_25/images/plate_41002692/r06c19f08p01-ch6sk1fk1fl1.tiff,s3://cellpainting-gallery/cpg0037-oasis/axiom/images/prod_25/images/plate_41002692/r06c19f08p01-ch1sk1fk1fl1.tiff,s3://cellpainting-gallery/cpg0037-oasis/axiom/images/prod_25/images/plate_41002692/r06c19f08p01-ch2sk1fk1fl1.tiff,s3://cellpainting-gallery/cpg0037-oasis/axiom/images/prod_25/images/plate_41002692/r06c19f08p01-ch4sk1fk1fl1.tiff,s3://cellpainting-gallery/cpg0037-oasis/axiom/images/prod_25/images/plate_41002692/r06c19f08p01-ch3sk1fk1fl1.tiff,s3://cellpainting-gallery/cpg0037-oasis/axiom/images/prod_25/images/plate_41002692/r06c19f08p01-ch5sk1fk1fl1.tiff
p41002692_F21_s08,plate_41002692,F21,8.0,Maropitant,OASIS188,100.0,0.021316807717084885,0.48392921686172485,Neurokinin Receptor,CC(C)(C)C1=CC=C(OC)C(CN[C@@H]2[C@H](C(C3=CC=CC=C3)C4=CC=CC=C4)N5CCC2CC5)=C1,s3://cellpainting-gallery/cpg0037-oasis/axiom/images/prod_25/images/plate_41002692/r06c21f08p01-ch6sk1fk1fl1.tiff,s3://cellpainting-gallery/cpg0037-oasis/axiom/images/prod_25/images/plate_41002692/r06c21f08p01-ch1sk1fk1fl1.tiff,s3://cellpainting-gallery/cpg0037-oasis/axiom/images/prod_25/images/plate_41002692/r06c21f08p01-ch2sk1fk1fl1.tiff,s3://cellpainting-gallery/cpg0037-oasis/axiom/images/prod_25/images/plate_41002692/r06c21f08p01-ch4sk1fk1fl1.tiff,s3://cellpainting-gallery/cpg0037-oasis/axiom/images/prod_25/images/plate_41002692/r06c21f08p01-ch3sk1fk1fl1.tiff,s3://cellpainting-gallery/cpg0037-oasis/axiom/images/prod_25/images/plate_41002692/r06c21f08p01-ch5sk1fk1fl1.tiff
p41002692_F23_s08,plate_41002692,F23,8.0,Raloxifene,OASIS926,100.0,0.16739964485168457,0.3593658208847046,Estrogen Receptor/ERR,O=C(C1=C(C2=CC=C(O)C=C2)SC3=CC(O)=CC=C31)C4=CC=C(OCCN5CCCCC5)C=C4,s3://cellpainting-gallery/cpg0037-oasis/axiom/images/prod_25/images/plate_41002692/r06c23f08p01-ch6sk1fk1fl1.tiff,s3://cellpainting-gallery/cpg0037-oasis/axiom/images/prod_25/images/plate_41002692/r06c23f08p01-ch1sk1fk1fl1.tiff,s3://cellpainting-gallery/cpg0037-oasis/axiom/images/prod_25/images/plate_41002692/r06c23f08p01-ch2sk1fk1fl1.tiff,s3://cellpainting-gallery/cpg0037-oasis/axiom/images/prod_25/images/plate_41002692/r06c23f08p01-ch4sk1fk1fl1.tiff,s3://cellpainting-gallery/cpg0037-oasis/axiom/images/prod_25/images/plate_41002692/r06c23f08p01-ch3sk1fk1fl1.tiff,s3://cellpainting-gallery/cpg0037-oasis/axiom/images/prod_25/images/plate_41002692/r06c23f08p01-ch5sk1fk1fl1.tiff
p41002692_G10_s08,plate_41002692,G10,8.0,Ivermectin,OASIS1337,100.0,0.09592563658952713,0.08586791157722473,Antibiotic; Autophagy; Bacterial; Dengue virus; Flavivirus; HIV; HSV; Mitophagy; Parasite; SARS-CoV,CO[C@H]1C[C@H](O[C@H]2[C@H](C)O[C@@H](O[C@H](/C(C)=C/C[C@@H]3C[C@H]4C[C@@]5(O[C@]([H])(C(C)C)[C@@H](C)CC5)O3)[C@@H](C)/C=C/C=C6CO[C@@]7([H])[C@]\6(O)[C@H](C(O4)=O)C=C(C)[C@H]7O)C[C@@H]2OC)O[C@@H](C)[C@@H]1O.CO[C@H]8C[C@H](O[C@H]9[C@H](C)O[C@@H](O[C@H](/C(C)=C/C[C@@H]%10C[C@H]%11C[C@@]%12(O[C@]([H])([C@@H](C)CC)[C@@H](C)CC%12)O%10)[C@@H](C)/C=C/C=C%13CO[C@@]%14([H])[C@]\%13(O)[C@H](C(O%11)=O)C=C(C)[C@H]%14O)C[C@@H]9OC)O[C@@H](C)[C@@H]8O,s3://cellpainting-gallery/cpg0037-oasis/axiom/images/prod_25/images/plate_41002692/r07c10f08p01-ch6sk1fk1fl1.tiff,s3://cellpainting-gallery/cpg0037-oasis/axiom/images/prod_25/images/plate_41002692/r07c10f08p01-ch1sk1fk1fl1.tiff,s3://cellpainting-gallery/cpg0037-oasis/axiom/images/prod_25/images/plate_41002692/r07c10f08p01-ch2sk1fk1fl1.tiff,s3://cellpainting-gallery/cpg0037-oasis/axiom/images/prod_25/images/plate_41002692/r07c10f08p01-ch4sk1fk1fl1.tiff,s3://cellpainting-gallery/cpg0037-oasis/axiom/images/prod_25/images/plate_41002692/r07c10f08p01-ch3sk1fk1fl1.tiff,s3://cellpainting-gallery/cpg0037-oasis/axiom/images/prod_25/images/plate_41002692/r07c10f08p01-ch5sk1fk1fl1.tiff
p41002692_G11_s08,plate_41002692,G11,8.0,Darifenacin,OASIS859,100.0,0.3617587685585022,0.09669951349496841,mAChR,O=C(N)C(C1=CC=CC=C1)([C@H]2CN(CCC3=CC=C(OCC4)C4=C3)CC2)C5=CC=CC=C5,s3://cellpainting-gallery/cpg0037-oasis/axiom/images/prod_25/images/plate_41002692/r07c11f08p01-ch6sk1fk1fl1.tiff,s3://cellpainting-gallery/cpg0037-oasis/axiom/images/prod_25/images/plate_41002692/r07c11f08p01-ch1sk1fk1fl1.tiff,s3://cellpainting-gallery/cpg0037-oasis/axiom/images/prod_25/images/plate_41002692/r07c11f08p01-ch2sk1fk1fl1.tiff,s3://cellpainting-gallery/cpg0037-oasis/axiom/images/prod_25/images/plate_41002692/r07c11f08p01-ch4sk1fk1fl1.tiff,s3://cellpainting-gallery/cpg0037-oasis/axiom/images/prod_25/images/plate_41002692/r07c11f08p01-ch3sk1fk1fl1.tiff,s3://cellpainting-gallery/cpg0037-oasis/axiom/images/prod_25/images/plate_41002692/r07c11f08p01-ch5sk1fk1fl1.tiff
p41002692_G12_s08,plate_41002692,G12,8.0,DMSO,,0.0,0.9304159879684448,-0.0414033867418766,,,s3://cellpainting-gallery/cpg0037-oasis/axiom/images/prod_25/images/plate_41002692/r07c12f08p01-ch6sk1fk1fl1.tiff,s3://cellpainting-gallery/cpg0037-oasis/axiom/images/prod_25/images/plate_41002692/r07c12f08p01-ch1sk1fk1fl1.tiff,s3://cellpainting-gallery/cpg0037-oasis/axiom/images/prod_25/images/plate_41002692/r07c12f08p01-ch2sk1fk1fl1.tiff,s3://cellpainting-gallery/cpg0037-oasis/axiom/images/prod_25/images/plate_41002692/r07c12f08p01-ch4sk1fk1fl1.tiff,s3://cellpainting-gallery/cpg0037-oasis/axiom/images/prod_25/images/plate_41002692/r07c12f08p01-ch3sk1fk1fl1.tiff,s3://cellpainting-gallery/cpg0037-oasis/axiom/images/prod_25/images/plate_41002692/r07c12f08p01-ch5sk1fk1fl1.tiff
p41002692_G15_s08,plate_41002692,G15,8.0,Cephalothin,OASIS1000,100.0,0.8852745294570923,0.0073388125747442245,Antibiotic; Bacterial; Beta-lactamase,O=C(C(N12)=C(COC(C)=O)CS[C@]2([H])[C@H](NC(CC3=CC=CS3)=O)C1=O)O,s3://cellpainting-gallery/cpg0037-oasis/axiom/images/prod_25/images/plate_41002692/r07c15f08p01-ch6sk1fk1fl1.tiff,s3://cellpainting-gallery/cpg0037-oasis/axiom/images/prod_25/images/plate_41002692/r07c15f08p01-ch1sk1fk1fl1.tiff,s3://cellpainting-gallery/cpg0037-oasis/axiom/images/prod_25/images/plate_41002692/r07c15f08p01-ch2sk1fk1fl1.tiff,s3://cellpainting-gallery/cpg0037-oasis/axiom/images/prod_25/images/plate_41002692/r07c15f08p01-ch4sk1fk1fl1.tiff,s3://cellpainting-gallery/cpg0037-oasis/axiom/images/prod_25/images/plate_41002692/r07c15f08p01-ch3sk1fk1fl1.tiff,s3://cellpainting-gallery/cpg0037-oasis/axiom/images/prod_25/images/plate_41002692/r07c15f08p01-ch5sk1fk1fl1.tiff
p41002692_G16_s08,plate_41002692,G16,8.0,Triheptanoin,OASIS1819,100.0,0.8815127015113831,-0.049527086317539215,Others,CCCCCCC(OCC(OC(CCCCCC)=O)COC(CCCCCC)=O)=O,s3://cellpainting-gallery/cpg0037-oasis/axiom/images/prod_25/images/plate_41002692/r07c16f08p01-ch6sk1fk1fl1.tiff,s3://cellpainting-gallery/cpg0037-oasis/axiom/images/prod_25/images/plate_41002692/r07c16f08p01-ch1sk1fk1fl1.tiff,s3://cellpainting-gallery/cpg0037-oasis/axiom/images/prod_25/images/plate_41002692/r07c16f08p01-ch2sk1fk1fl1.tiff,s3://cellpainting-gallery/cpg0037-oasis/axiom/images/prod_25/images/plate_41002692/r07c16f08p01-ch4sk1fk1fl1.tiff,s3://cellpainting-gallery/cpg0037-oasis/axiom/images/prod_25/images/plate_41002692/r07c16f08p01-ch3sk1fk1fl1.tiff,s3://cellpainting-gallery/cpg0037-oasis/axiom/images/prod_25/images/plate_41002692/r07c16f08p01-ch5sk1fk1fl1.tiff
p41002692_G18_s08,plate_41002692,G18,8.0,Droperidol,OASIS1204,100.0,0.488405704498291,0.13190221786499023,Dopamine Receptor,O=C1NC2=CC=CC=C2N1C3=CCN(CCCC(C4=CC=C(F)C=C4)=O)CC3,s3://cellpainting-gallery/cpg0037-oasis/axiom/images/prod_25/images/plate_41002692/r07c18f08p01-ch6sk1fk1fl1.tiff,s3://cellpainting-gallery/cpg0037-oasis/axiom/images/prod_25/images/plate_41002692/r07c18f08p01-ch1sk1fk1fl1.tiff,s3://cellpainting-gallery/cpg0037-oasis/axiom/images/prod_25/images/plate_41002692/r07c18f08p01-ch2sk1fk1fl1.tiff,s3://cellpainting-gallery/cpg0037-oasis/axiom/images/prod_25/images/plate_41002692/r07c18f08p01-ch4sk1fk1fl1.tiff,s3://cellpainting-gallery/cpg0037-oasis/axiom/images/prod_25/images/plate_41002692/r07c18f08p01-ch3sk1fk1fl1.tiff,s3://cellpainting-gallery/cpg0037-oasis/axiom/images/prod_25/images/plate_41002692/r07c18f08p01-ch5sk1fk1fl1.tiff
p41002692_G19_s08,plate_41002692,G19,8.0,Capsaicin,OASIS1503,100.0,0.9210115075111389,0.10482321679592133,Apoptosis; Autophagy; Endogenous Metabolite; TRP Channel,CC(C)/C=C/CCCCC(NCC1=CC=C(O)C(OC)=C1)=O,s3://cellpainting-gallery/cpg0037-oasis/axiom/images/prod_25/images/plate_41002692/r07c19f08p01-ch6sk1fk1fl1.tiff,s3://cellpainting-gallery/cpg0037-oasis/axiom/images/prod_25/images/plate_41002692/r07c19f08p01-ch1sk1fk1fl1.tiff,s3://cellpainting-gallery/cpg0037-oasis/axiom/images/prod_25/images/plate_41002692/r07c19f08p01-ch2sk1fk1fl1.tiff,s3://cellpainting-gallery/cpg0037-oasis/axiom/images/prod_25/images/plate_41002692/r07c19f08p01-ch4sk1fk1fl1.tiff,s3://cellpainting-gallery/cpg0037-oasis/axiom/images/prod_25/images/plate_41002692/r07c19f08p01-ch3sk1fk1fl1.tiff,s3://cellpainting-gallery/cpg0037-oasis/axiom/images/prod_25/images/plate_41002692/r07c19f08p01-ch5sk1fk1fl1.tiff
p41002692_G23_s08,plate_41002692,G23,8.0,Haloperidol,OASIS1038,100.0,0.04576843976974487,0.3756132125854492,Dopamine Receptor,ClC(C=C1)=CC=C1C2(O)CCN(CCCC(C3=CC=C(F)C=C3)=O)CC2,s3://cellpainting-gallery/cpg0037-oasis/axiom/images/prod_25/images/plate_41002692/r07c23f08p01-ch6sk1fk1fl1.tiff,s3://cellpainting-gallery/cpg0037-oasis/axiom/images/prod_25/images/plate_41002692/r07c23f08p01-ch1sk1fk1fl1.tiff,s3://cellpainting-gallery/cpg0037-oasis/axiom/images/prod_25/images/plate_41002692/r07c23f08p01-ch2sk1fk1fl1.tiff,s3://cellpainting-gallery/cpg0037-oasis/axiom/images/prod_25/images/plate_41002692/r07c23f08p01-ch4sk1fk1fl1.tiff,s3://cellpainting-gallery/cpg0037-oasis/axiom/images/prod_25/images/plate_41002692/r07c23f08p01-ch3sk1fk1fl1.tiff,s3://cellpainting-gallery/cpg0037-oasis/axiom/images/prod_25/images/plate_41002692/r07c23f08p01-ch5sk1fk1fl1.tiff
p41002692_H10_s08,plate_41002692,H10,8.0,DMSO,,0.0,0.8407599925994873,-0.008908587507903576,,,s3://cellpainting-gallery/cpg0037-oasis/axiom/images/prod_25/images/plate_41002692/r08c10f08p01-ch6sk1fk1fl1.tiff,s3://cellpainting-gallery/cpg0037-oasis/axiom/images/prod_25/images/plate_41002692/r08c10f08p01-ch1sk1fk1fl1.tiff,s3://cellpainting-gallery/cpg0037-oasis/axiom/images/prod_25/images/plate_41002692/r08c10f08p01-ch2sk1fk1fl1.tiff,s3://cellpainting-gallery/cpg0037-oasis/axiom/images/prod_25/images/plate_41002692/r08c10f08p01-ch4sk1fk1fl1.tiff,s3://cellpainting-gallery/cpg0037-oasis/axiom/images/prod_25/images/plate_41002692/r08c10f08p01-ch3sk1fk1fl1.tiff,s3://cellpainting-gallery/cpg0037-oasis/axiom/images/prod_25/images/plate_41002692/r08c10f08p01-ch5sk1fk1fl1.tiff
p41002692_H14_s08,plate_41002692,H14,8.0,DMSO,,0.0,0.9222654104232788,-0.06306658685207367,,,s3://cellpainting-gallery/cpg0037-oasis/axiom/images/prod_25/images/plate_41002692/r08c14f08p01-ch6sk1fk1fl1.tiff,s3://cellpainting-gallery/cpg0037-oasis/axiom/images/prod_25/images/plate_41002692/r08c14f08p01-ch1sk1fk1fl1.tiff,s3://cellpainting-gallery/cpg0037-oasis/axiom/images/prod_25/images/plate_41002692/r08c14f08p01-ch2sk1fk1fl1.tiff,s3://cellpainting-gallery/cpg0037-oasis/axiom/images/prod_25/images/plate_41002692/r08c14f08p01-ch4sk1fk1fl1.tiff,s3://cellpainting-gallery/cpg0037-oasis/axiom/images/prod_25/images/plate_41002692/r08c14f08p01-ch3sk1fk1fl1.tiff,s3://cellpainting-gallery/cpg0037-oasis/axiom/images/prod_25/images/plate_41002692/r08c14f08p01-ch5sk1fk1fl1.tiff
p41002692_H21_s08,plate_41002692,H21,8.0,DMSO,,0.0,1.0150562524795532,-0.008908587507903576,,,s3://cellpainting-gallery/cpg0037-oasis/axiom/images/prod_25/images/plate_41002692/r08c21f08p01-ch6sk1fk1fl1.tiff,s3://cellpainting-gallery/cpg0037-oasis/axiom/images/prod_25/images/plate_41002692/r08c21f08p01-ch1sk1fk1fl1.tiff,s3://cellpainting-gallery/cpg0037-oasis/axiom/images/prod_25/images/plate_41002692/r08c21f08p01-ch2sk1fk1fl1.tiff,s3://cellpainting-gallery/cpg0037-oasis/axiom/images/prod_25/images/plate_41002692/r08c21f08p01-ch4sk1fk1fl1.tiff,s3://cellpainting-gallery/cpg0037-oasis/axiom/images/prod_25/images/plate_41002692/r08c21f08p01-ch3sk1fk1fl1.tiff,s3://cellpainting-gallery/cpg0037-oasis/axiom/images/prod_25/images/plate_41002692/r08c21f08p01-ch5sk1fk1fl1.tiff
p41002692_H23_s08,plate_41002692,H23,8.0,DMSO,,0.0,1.0871572494506836,-0.022448087111115456,,,s3://cellpainting-gallery/cpg0037-oasis/axiom/images/prod_25/images/plate_41002692/r08c23f08p01-ch6sk1fk1fl1.tiff,s3://cellpainting-gallery/cpg0037-oasis/axiom/images/prod_25/images/plate_41002692/r08c23f08p01-ch1sk1fk1fl1.tiff,s3://cellpainting-gallery/cpg0037-oasis/axiom/images/prod_25/images/plate_41002692/r08c23f08p01-ch2sk1fk1fl1.tiff,s3://cellpainting-gallery/cpg0037-oasis/axiom/images/prod_25/images/plate_41002692/r08c23f08p01-ch4sk1fk1fl1.tiff,s3://cellpainting-gallery/cpg0037-oasis/axiom/images/prod_25/images/plate_41002692/r08c23f08p01-ch3sk1fk1fl1.tiff,s3://cellpainting-gallery/cpg0037-oasis/axiom/images/prod_25/images/plate_41002692/r08c23f08p01-ch5sk1fk1fl1.tiff
p41002692_H24_s08,plate_41002692,H24,8.0,DMSO,,0.0,1.0877841711044312,0.08586791157722473,,,s3://cellpainting-gallery/cpg0037-oasis/axiom/images/prod_25/images/plate_41002692/r08c24f08p01-ch6sk1fk1fl1.tiff,s3://cellpainting-gallery/cpg0037-oasis/axiom/images/prod_25/images/plate_41002692/r08c24f08p01-ch1sk1fk1fl1.tiff,s3://cellpainting-gallery/cpg0037-oasis/axiom/images/prod_25/images/plate_41002692/r08c24f08p01-ch2sk1fk1fl1.tiff,s3://cellpainting-gallery/cpg0037-oasis/axiom/images/prod_25/images/plate_41002692/r08c24f08p01-ch4sk1fk1fl1.tiff,s3://cellpainting-gallery/cpg0037-oasis/axiom/images/prod_25/images/plate_41002692/r08c24f08p01-ch3sk1fk1fl1.tiff,s3://cellpainting-gallery/cpg0037-oasis/axiom/images/prod_25/images/plate_41002692/r08c24f08p01-ch5sk1fk1fl1.tiff
p41002692_I11_s08,plate_41002692,I11,8.0,Bicalutamide,OASIS794,100.0,0.6601940989494324,-0.08472979068756104,Androgen Receptor; Autophagy,FC1=CC=C(S(=O)(CC(O)(C(NC2=CC=C(C#N)C(C(F)(F)F)=C2)=O)C)=O)C=C1,s3://cellpainting-gallery/cpg0037-oasis/axiom/images/prod_25/images/plate_41002692/r09c11f08p01-ch6sk1fk1fl1.tiff,s3://cellpainting-gallery/cpg0037-oasis/axiom/images/prod_25/images/plate_41002692/r09c11f08p01-ch1sk1fk1fl1.tiff,s3://cellpainting-gallery/cpg0037-oasis/axiom/images/prod_25/images/plate_41002692/r09c11f08p01-ch2sk1fk1fl1.tiff,s3://cellpainting-gallery/cpg0037-oasis/axiom/images/prod_25/images/plate_41002692/r09c11f08p01-ch4sk1fk1fl1.tiff,s3://cellpainting-gallery/cpg0037-oasis/axiom/images/prod_25/images/plate_41002692/r09c11f08p01-ch3sk1fk1fl1.tiff,s3://cellpainting-gallery/cpg0037-oasis/axiom/images/prod_25/images/plate_41002692/r09c11f08p01-ch5sk1fk1fl1.tiff
p41002692_I14_s08,plate_41002692,I14,8.0,Retinoic acid,OASIS140,100.0,0.9310429692268372,-0.10097718983888626,Autophagy; Endogenous Metabolite; Organoid; PPAR; RAR/RXR,CC1(C)C(/C=C/C(C)=C/C=C/C(C)=C/C(O)=O)=C(C)CCC1,s3://cellpainting-gallery/cpg0037-oasis/axiom/images/prod_25/images/plate_41002692/r09c14f08p01-ch6sk1fk1fl1.tiff,s3://cellpainting-gallery/cpg0037-oasis/axiom/images/prod_25/images/plate_41002692/r09c14f08p01-ch1sk1fk1fl1.tiff,s3://cellpainting-gallery/cpg0037-oasis/axiom/images/prod_25/images/plate_41002692/r09c14f08p01-ch2sk1fk1fl1.tiff,s3://cellpainting-gallery/cpg0037-oasis/axiom/images/prod_25/images/plate_41002692/r09c14f08p01-ch4sk1fk1fl1.tiff,s3://cellpainting-gallery/cpg0037-oasis/axiom/images/prod_25/images/plate_41002692/r09c14f08p01-ch3sk1fk1fl1.tiff,s3://cellpainting-gallery/cpg0037-oasis/axiom/images/prod_25/images/plate_41002692/r09c14f08p01-ch5sk1fk1fl1.tiff
p41002692_I17_s08,plate_41002692,I17,8.0,Disulfiram,OASIS027,100.0,0.4971832036972046,0.12107061594724655,Aldehyde Dehydrogenase (ALDH); Apoptosis; Cuproptosis; Interleukin Related; Pyroptosis,S=C(SSC(N(CC)CC)=S)N(CC)CC,s3://cellpainting-gallery/cpg0037-oasis/axiom/images/prod_25/images/plate_41002692/r09c17f08p01-ch6sk1fk1fl1.tiff,s3://cellpainting-gallery/cpg0037-oasis/axiom/images/prod_25/images/plate_41002692/r09c17f08p01-ch1sk1fk1fl1.tiff,s3://cellpainting-gallery/cpg0037-oasis/axiom/images/prod_25/images/plate_41002692/r09c17f08p01-ch2sk1fk1fl1.tiff,s3://cellpainting-gallery/cpg0037-oasis/axiom/images/prod_25/images/plate_41002692/r09c17f08p01-ch4sk1fk1fl1.tiff,s3://cellpainting-gallery/cpg0037-oasis/axiom/images/prod_25/images/plate_41002692/r09c17f08p01-ch3sk1fk1fl1.tiff,s3://cellpainting-gallery/cpg0037-oasis/axiom/images/prod_25/images/plate_41002692/r09c17f08p01-ch5sk1fk1fl1.tiff
p41002692_I19_s08,plate_41002692,I19,8.0,Triclabendazole,OASIS1889,100.0,0.5210078954696655,-0.03327968716621399,Bcl-2 Family; Caspase; Parasite; PARP; Pyroptosis,CSC1=NC2=CC(OC3=CC=CC(Cl)=C3Cl)=C(Cl)C=C2N1,s3://cellpainting-gallery/cpg0037-oasis/axiom/images/prod_25/images/plate_41002692/r09c19f08p01-ch6sk1fk1fl1.tiff,s3://cellpainting-gallery/cpg0037-oasis/axiom/images/prod_25/images/plate_41002692/r09c19f08p01-ch1sk1fk1fl1.tiff,s3://cellpainting-gallery/cpg0037-oasis/axiom/images/prod_25/images/plate_41002692/r09c19f08p01-ch2sk1fk1fl1.tiff,s3://cellpainting-gallery/cpg0037-oasis/axiom/images/prod_25/images/plate_41002692/r09c19f08p01-ch4sk1fk1fl1.tiff,s3://cellpainting-gallery/cpg0037-oasis/axiom/images/prod_25/images/plate_41002692/r09c19f08p01-ch3sk1fk1fl1.tiff,s3://cellpainting-gallery/cpg0037-oasis/axiom/images/prod_25/images/plate_41002692/r09c19f08p01-ch5sk1fk1fl1.tiff
p41002692_I22_s08,plate_41002692,I22,8.0,Domperidone,OASIS750,100.0,0.10344921797513962,0.2537577152252197,Dopamine Receptor,O=C1NC2=CC(Cl)=CC=C2N1C3CCN(CCCN4C5=CC=CC=C5NC4=O)CC3,s3://cellpainting-gallery/cpg0037-oasis/axiom/images/prod_25/images/plate_41002692/r09c22f08p01-ch6sk1fk1fl1.tiff,s3://cellpainting-gallery/cpg0037-oasis/axiom/images/prod_25/images/plate_41002692/r09c22f08p01-ch1sk1fk1fl1.tiff,s3://cellpainting-gallery/cpg0037-oasis/axiom/images/prod_25/images/plate_41002692/r09c22f08p01-ch2sk1fk1fl1.tiff,s3://cellpainting-gallery/cpg0037-oasis/axiom/images/prod_25/images/plate_41002692/r09c22f08p01-ch4sk1fk1fl1.tiff,s3://cellpainting-gallery/cpg0037-oasis/axiom/images/prod_25/images/plate_41002692/r09c22f08p01-ch3sk1fk1fl1.tiff,s3://cellpainting-gallery/cpg0037-oasis/axiom/images/prod_25/images/plate_41002692/r09c22f08p01-ch5sk1fk1fl1.tiff
p41002692_I23_s08,plate_41002692,I23,8.0,Mequitazine,OASIS1418,100.0,0.021943772211670876,0.4406028091907501,Histamine Receptor,C12=CC=CC=C1N(CC3CN4CCC3CC4)C5=C(C=CC=C5)S2,s3://cellpainting-gallery/cpg0037-oasis/axiom/images/prod_25/images/plate_41002692/r09c23f08p01-ch6sk1fk1fl1.tiff,s3://cellpainting-gallery/cpg0037-oasis/axiom/images/prod_25/images/plate_41002692/r09c23f08p01-ch1sk1fk1fl1.tiff,s3://cellpainting-gallery/cpg0037-oasis/axiom/images/prod_25/images/plate_41002692/r09c23f08p01-ch2sk1fk1fl1.tiff,s3://cellpainting-gallery/cpg0037-oasis/axiom/images/prod_25/images/plate_41002692/r09c23f08p01-ch4sk1fk1fl1.tiff,s3://cellpainting-gallery/cpg0037-oasis/axiom/images/prod_25/images/plate_41002692/r09c23f08p01-ch3sk1fk1fl1.tiff,s3://cellpainting-gallery/cpg0037-oasis/axiom/images/prod_25/images/plate_41002692/r09c23f08p01-ch5sk1fk1fl1.tiff
p41002692_J10_s08,plate_41002692,J10,8.0,Vismodegib,OASIS1030,100.0,0.551729142665863,0.05878891423344612,Autophagy; Hedgehog,O=C(C1=CC=C(C=C1Cl)S(=O)(C)=O)NC2=CC=C(C(C3=NC=CC=C3)=C2)Cl,s3://cellpainting-gallery/cpg0037-oasis/axiom/images/prod_25/images/plate_41002692/r10c10f08p01-ch6sk1fk1fl1.tiff,s3://cellpainting-gallery/cpg0037-oasis/axiom/images/prod_25/images/plate_41002692/r10c10f08p01-ch1sk1fk1fl1.tiff,s3://cellpainting-gallery/cpg0037-oasis/axiom/images/prod_25/images/plate_41002692/r10c10f08p01-ch2sk1fk1fl1.tiff,s3://cellpainting-gallery/cpg0037-oasis/axiom/images/prod_25/images/plate_41002692/r10c10f08p01-ch4sk1fk1fl1.tiff,s3://cellpainting-gallery/cpg0037-oasis/axiom/images/prod_25/images/plate_41002692/r10c10f08p01-ch3sk1fk1fl1.tiff,s3://cellpainting-gallery/cpg0037-oasis/axiom/images/prod_25/images/plate_41002692/r10c10f08p01-ch5sk1fk1fl1.tiff
p41002692_J12_s08,plate_41002692,J12,8.0,DMSO,,0.0,1.0106674432754517,-0.014324387535452843,,,s3://cellpainting-gallery/cpg0037-oasis/axiom/images/prod_25/images/plate_41002692/r10c12f08p01-ch6sk1fk1fl1.tiff,s3://cellpainting-gallery/cpg0037-oasis/axiom/images/prod_25/images/plate_41002692/r10c12f08p01-ch1sk1fk1fl1.tiff,s3://cellpainting-gallery/cpg0037-oasis/axiom/images/prod_25/images/plate_41002692/r10c12f08p01-ch2sk1fk1fl1.tiff,s3://cellpainting-gallery/cpg0037-oasis/axiom/images/prod_25/images/plate_41002692/r10c12f08p01-ch4sk1fk1fl1.tiff,s3://cellpainting-gallery/cpg0037-oasis/axiom/images/prod_25/images/plate_41002692/r10c12f08p01-ch3sk1fk1fl1.tiff,s3://cellpainting-gallery/cpg0037-oasis/axiom/images/prod_25/images/plate_41002692/r10c12f08p01-ch5sk1fk1fl1.tiff
p41002692_J14_s08,plate_41002692,J14,8.0,Compound_0a440abe,,100.0,0.34733858704566956,-0.09014558792114258,,,s3://cellpainting-gallery/cpg0037-oasis/axiom/images/prod_25/images/plate_41002692/r10c14f08p01-ch6sk1fk1fl1.tiff,s3://cellpainting-gallery/cpg0037-oasis/axiom/images/prod_25/images/plate_41002692/r10c14f08p01-ch1sk1fk1fl1.tiff,s3://cellpainting-gallery/cpg0037-oasis/axiom/images/prod_25/images/plate_41002692/r10c14f08p01-ch2sk1fk1fl1.tiff,s3://cellpainting-gallery/cpg0037-oasis/axiom/images/prod_25/images/plate_41002692/r10c14f08p01-ch4sk1fk1fl1.tiff,s3://cellpainting-gallery/cpg0037-oasis/axiom/images/prod_25/images/plate_41002692/r10c14f08p01-ch3sk1fk1fl1.tiff,s3://cellpainting-gallery/cpg0037-oasis/axiom/images/prod_25/images/plate_41002692/r10c14f08p01-ch5sk1fk1fl1.tiff
p41002692_J15_s08,plate_41002692,J15,8.0,Chlormezanone,OASIS040,100.0,0.9786922931671143,-0.03869548812508583,GABA Receptor,O=C(CC1)N(C)C(C2=CC=C(Cl)C=C2)S1(=O)=O,s3://cellpainting-gallery/cpg0037-oasis/axiom/images/prod_25/images/plate_41002692/r10c15f08p01-ch6sk1fk1fl1.tiff,s3://cellpainting-gallery/cpg0037-oasis/axiom/images/prod_25/images/plate_41002692/r10c15f08p01-ch1sk1fk1fl1.tiff,s3://cellpainting-gallery/cpg0037-oasis/axiom/images/prod_25/images/plate_41002692/r10c15f08p01-ch2sk1fk1fl1.tiff,s3://cellpainting-gallery/cpg0037-oasis/axiom/images/prod_25/images/plate_41002692/r10c15f08p01-ch4sk1fk1fl1.tiff,s3://cellpainting-gallery/cpg0037-oasis/axiom/images/prod_25/images/plate_41002692/r10c15f08p01-ch3sk1fk1fl1.tiff,s3://cellpainting-gallery/cpg0037-oasis/axiom/images/prod_25/images/plate_41002692/r10c15f08p01-ch5sk1fk1fl1.tiff
p41002692_J16_s08,plate_41002692,J16,8.0,Deoxycholic acid,OASIS1721,100.0,0.789348840713501,-0.027863888069987297,Endogenous Metabolite; G protein-coupled Bile Acid Receptor 1,C[C@@]1([C@@]2([H])[C@H](C)CCC(O)=O)[C@](CC2)([H])[C@@](CC[C@@]3([H])[C@@]4(CC[C@@H](O)C3)C)([H])[C@]4([H])C[C@@H]1O,s3://cellpainting-gallery/cpg0037-oasis/axiom/images/prod_25/images/plate_41002692/r10c16f08p01-ch6sk1fk1fl1.tiff,s3://cellpainting-gallery/cpg0037-oasis/axiom/images/prod_25/images/plate_41002692/r10c16f08p01-ch1sk1fk1fl1.tiff,s3://cellpainting-gallery/cpg0037-oasis/axiom/images/prod_25/images/plate_41002692/r10c16f08p01-ch2sk1fk1fl1.tiff,s3://cellpainting-gallery/cpg0037-oasis/axiom/images/prod_25/images/plate_41002692/r10c16f08p01-ch4sk1fk1fl1.tiff,s3://cellpainting-gallery/cpg0037-oasis/axiom/images/prod_25/images/plate_41002692/r10c16f08p01-ch3sk1fk1fl1.tiff,s3://cellpainting-gallery/cpg0037-oasis/axiom/images/prod_25/images/plate_41002692/r10c16f08p01-ch5sk1fk1fl1.tiff
p41002692_J17_s08,plate_41002692,J17,8.0,Bithionol,OASIS1513,100.0,0.04514147713780403,0.44601860642433167,Bacterial; Parasite,OC1=C(Cl)C=C(Cl)C=C1SC2=CC(Cl)=CC(Cl)=C2O,s3://cellpainting-gallery/cpg0037-oasis/axiom/images/prod_25/images/plate_41002692/r10c17f08p01-ch6sk1fk1fl1.tiff,s3://cellpainting-gallery/cpg0037-oasis/axiom/images/prod_25/images/plate_41002692/r10c17f08p01-ch1sk1fk1fl1.tiff,s3://cellpainting-gallery/cpg0037-oasis/axiom/images/prod_25/images/plate_41002692/r10c17f08p01-ch2sk1fk1fl1.tiff,s3://cellpainting-gallery/cpg0037-oasis/axiom/images/prod_25/images/plate_41002692/r10c17f08p01-ch4sk1fk1fl1.tiff,s3://cellpainting-gallery/cpg0037-oasis/axiom/images/prod_25/images/plate_41002692/r10c17f08p01-ch3sk1fk1fl1.tiff,s3://cellpainting-gallery/cpg0037-oasis/axiom/images/prod_25/images/plate_41002692/r10c17f08p01-ch5sk1fk1fl1.tiff
p41002692_J18_s08,plate_41002692,J18,8.0,Clomipramine,OASIS093,100.0,0.19310520589351654,0.24292612075805664,Serotonin Transporter,CN(C)CCCN1C2=CC(Cl)=CC=C2CCC3=CC=CC=C31,s3://cellpainting-gallery/cpg0037-oasis/axiom/images/prod_25/images/plate_41002692/r10c18f08p01-ch6sk1fk1fl1.tiff,s3://cellpainting-gallery/cpg0037-oasis/axiom/images/prod_25/images/plate_41002692/r10c18f08p01-ch1sk1fk1fl1.tiff,s3://cellpainting-gallery/cpg0037-oasis/axiom/images/prod_25/images/plate_41002692/r10c18f08p01-ch2sk1fk1fl1.tiff,s3://cellpainting-gallery/cpg0037-oasis/axiom/images/prod_25/images/plate_41002692/r10c18f08p01-ch4sk1fk1fl1.tiff,s3://cellpainting-gallery/cpg0037-oasis/axiom/images/prod_25/images/plate_41002692/r10c18f08p01-ch3sk1fk1fl1.tiff,s3://cellpainting-gallery/cpg0037-oasis/axiom/images/prod_25/images/plate_41002692/r10c18f08p01-ch5sk1fk1fl1.tiff
p41002692_J20_s08,plate_41002692,J20,8.0,DMSO,,0.0,1.041388750076294,-0.04411128908395767,,,s3://cellpainting-gallery/cpg0037-oasis/axiom/images/prod_25/images/plate_41002692/r10c20f08p01-ch6sk1fk1fl1.tiff,s3://cellpainting-gallery/cpg0037-oasis/axiom/images/prod_25/images/plate_41002692/r10c20f08p01-ch1sk1fk1fl1.tiff,s3://cellpainting-gallery/cpg0037-oasis/axiom/images/prod_25/images/plate_41002692/r10c20f08p01-ch2sk1fk1fl1.tiff,s3://cellpainting-gallery/cpg0037-oasis/axiom/images/prod_25/images/plate_41002692/r10c20f08p01-ch4sk1fk1fl1.tiff,s3://cellpainting-gallery/cpg0037-oasis/axiom/images/prod_25/images/plate_41002692/r10c20f08p01-ch3sk1fk1fl1.tiff,s3://cellpainting-gallery/cpg0037-oasis/axiom/images/prod_25/images/plate_41002692/r10c20f08p01-ch5sk1fk1fl1.tiff
p41002692_J22_s08,plate_41002692,J22,8.0,Compound_567dbb1e,,100.0,0.4144238233566284,0.0019230125471949577,,,s3://cellpainting-gallery/cpg0037-oasis/axiom/images/prod_25/images/plate_41002692/r10c22f08p01-ch6sk1fk1fl1.tiff,s3://cellpainting-gallery/cpg0037-oasis/axiom/images/prod_25/images/plate_41002692/r10c22f08p01-ch1sk1fk1fl1.tiff,s3://cellpainting-gallery/cpg0037-oasis/axiom/images/prod_25/images/plate_41002692/r10c22f08p01-ch2sk1fk1fl1.tiff,s3://cellpainting-gallery/cpg0037-oasis/axiom/images/prod_25/images/plate_41002692/r10c22f08p01-ch4sk1fk1fl1.tiff,s3://cellpainting-gallery/cpg0037-oasis/axiom/images/prod_25/images/plate_41002692/r10c22f08p01-ch3sk1fk1fl1.tiff,s3://cellpainting-gallery/cpg0037-oasis/axiom/images/prod_25/images/plate_41002692/r10c22f08p01-ch5sk1fk1fl1.tiff
p41002692_J24_s08,plate_41002692,J24,8.0,Avapritinib,OASIS1779,100.0,0.24827811121940613,0.18335232138633728,c-Kit; PDGFR,CN1N=CC(C2=CN3C(C(N4CCN(C5=NC=C([C@@](C)(N)C6=CC=C(F)C=C6)C=N5)CC4)=NC=N3)=C2)=C1,s3://cellpainting-gallery/cpg0037-oasis/axiom/images/prod_25/images/plate_41002692/r10c24f08p01-ch6sk1fk1fl1.tiff,s3://cellpainting-gallery/cpg0037-oasis/axiom/images/prod_25/images/plate_41002692/r10c24f08p01-ch1sk1fk1fl1.tiff,s3://cellpainting-gallery/cpg0037-oasis/axiom/images/prod_25/images/plate_41002692/r10c24f08p01-ch2sk1fk1fl1.tiff,s3://cellpainting-gallery/cpg0037-oasis/axiom/images/prod_25/images/plate_41002692/r10c24f08p01-ch4sk1fk1fl1.tiff,s3://cellpainting-gallery/cpg0037-oasis/axiom/images/prod_25/images/plate_41002692/r10c24f08p01-ch3sk1fk1fl1.tiff,s3://cellpainting-gallery/cpg0037-oasis/axiom/images/prod_25/images/plate_41002692/r10c24f08p01-ch5sk1fk1fl1.tiff
p41002692_K10_s08,plate_41002692,K10,8.0,Lapatinib,OASIS1355,100.0,0.04514147713780403,0.11294691264629364,Autophagy; EGFR; Ferroptosis,O=S(CCNCC1=CC=C(C2=CC=C3C(C(NC4=CC(Cl)=C(C=C4)OCC5=CC(F)=CC=C5)=NC=N3)=C2)O1)(C)=O,s3://cellpainting-gallery/cpg0037-oasis/axiom/images/prod_25/images/plate_41002692/r11c10f08p01-ch6sk1fk1fl1.tiff,s3://cellpainting-gallery/cpg0037-oasis/axiom/images/prod_25/images/plate_41002692/r11c10f08p01-ch1sk1fk1fl1.tiff,s3://cellpainting-gallery/cpg0037-oasis/axiom/images/prod_25/images/plate_41002692/r11c10f08p01-ch2sk1fk1fl1.tiff,s3://cellpainting-gallery/cpg0037-oasis/axiom/images/prod_25/images/plate_41002692/r11c10f08p01-ch4sk1fk1fl1.tiff,s3://cellpainting-gallery/cpg0037-oasis/axiom/images/prod_25/images/plate_41002692/r11c10f08p01-ch3sk1fk1fl1.tiff,s3://cellpainting-gallery/cpg0037-oasis/axiom/images/prod_25/images/plate_41002692/r11c10f08p01-ch5sk1fk1fl1.tiff
p41002692_K11_s08,plate_41002692,K11,8.0,Duvelisib,OASIS1898,100.0,0.3636396825313568,0.05066521465778351,PI3K,O=C1N(C2=CC=CC=C2)C([C@@H](NC3=C4N=CNC4=NC=N3)C)=CC5=C1C(Cl)=CC=C5,s3://cellpainting-gallery/cpg0037-oasis/axiom/images/prod_25/images/plate_41002692/r11c11f08p01-ch6sk1fk1fl1.tiff,s3://cellpainting-gallery/cpg0037-oasis/axiom/images/prod_25/images/plate_41002692/r11c11f08p01-ch1sk1fk1fl1.tiff,s3://cellpainting-gallery/cpg0037-oasis/axiom/images/prod_25/images/plate_41002692/r11c11f08p01-ch2sk1fk1fl1.tiff,s3://cellpainting-gallery/cpg0037-oasis/axiom/images/prod_25/images/plate_41002692/r11c11f08p01-ch4sk1fk1fl1.tiff,s3://cellpainting-gallery/cpg0037-oasis/axiom/images/prod_25/images/plate_41002692/r11c11f08p01-ch3sk1fk1fl1.tiff,s3://cellpainting-gallery/cpg0037-oasis/axiom/images/prod_25/images/plate_41002692/r11c11f08p01-ch5sk1fk1fl1.tiff
p41002692_K12_s08,plate_41002692,K12,8.0,DMSO,,0.0,0.9159957766532898,-0.052234988659620285,,,s3://cellpainting-gallery/cpg0037-oasis/axiom/images/prod_25/images/plate_41002692/r11c12f08p01-ch6sk1fk1fl1.tiff,s3://cellpainting-gallery/cpg0037-oasis/axiom/images/prod_25/images/plate_41002692/r11c12f08p01-ch1sk1fk1fl1.tiff,s3://cellpainting-gallery/cpg0037-oasis/axiom/images/prod_25/images/plate_41002692/r11c12f08p01-ch2sk1fk1fl1.tiff,s3://cellpainting-gallery/cpg0037-oasis/axiom/images/prod_25/images/plate_41002692/r11c12f08p01-ch4sk1fk1fl1.tiff,s3://cellpainting-gallery/cpg0037-oasis/axiom/images/prod_25/images/plate_41002692/r11c12f08p01-ch3sk1fk1fl1.tiff,s3://cellpainting-gallery/cpg0037-oasis/axiom/images/prod_25/images/plate_41002692/r11c12f08p01-ch5sk1fk1fl1.tiff
p41002692_K13_s08,plate_41002692,K13,8.0,Olmesartan,OASIS831,100.0,0.797499418258667,-0.07389818876981735,Angiotensin Receptor,O=C(O)C1=C(N=C(N1CC2=CC=C(C=C2)C3=CC=CC=C3C4=NN=NN4)CCC)C(O)(C)C,s3://cellpainting-gallery/cpg0037-oasis/axiom/images/prod_25/images/plate_41002692/r11c13f08p01-ch6sk1fk1fl1.tiff,s3://cellpainting-gallery/cpg0037-oasis/axiom/images/prod_25/images/plate_41002692/r11c13f08p01-ch1sk1fk1fl1.tiff,s3://cellpainting-gallery/cpg0037-oasis/axiom/images/prod_25/images/plate_41002692/r11c13f08p01-ch2sk1fk1fl1.tiff,s3://cellpainting-gallery/cpg0037-oasis/axiom/images/prod_25/images/plate_41002692/r11c13f08p01-ch4sk1fk1fl1.tiff,s3://cellpainting-gallery/cpg0037-oasis/axiom/images/prod_25/images/plate_41002692/r11c13f08p01-ch3sk1fk1fl1.tiff,s3://cellpainting-gallery/cpg0037-oasis/axiom/images/prod_25/images/plate_41002692/r11c13f08p01-ch5sk1fk1fl1.tiff
p41002692_K14_s08,plate_41002692,K14,8.0,Sunitinib,OASIS745,100.0,0.012539299204945564,0.5516267418861389,Apoptosis; Autophagy; IRE1; Mitophagy; PDGFR; VEGFR,O=C(NCCN(CC)CC)C1=C(NC(/C=C2C(NC3=C\2C=C(C=C3)F)=O)=C1C)C,s3://cellpainting-gallery/cpg0037-oasis/axiom/images/prod_25/images/plate_41002692/r11c14f08p01-ch6sk1fk1fl1.tiff,s3://cellpainting-gallery/cpg0037-oasis/axiom/images/prod_25/images/plate_41002692/r11c14f08p01-ch1sk1fk1fl1.tiff,s3://cellpainting-gallery/cpg0037-oasis/axiom/images/prod_25/images/plate_41002692/r11c14f08p01-ch2sk1fk1fl1.tiff,s3://cellpainting-gallery/cpg0037-oasis/axiom/images/prod_25/images/plate_41002692/r11c14f08p01-ch4sk1fk1fl1.tiff,s3://cellpainting-gallery/cpg0037-oasis/axiom/images/prod_25/images/plate_41002692/r11c14f08p01-ch3sk1fk1fl1.tiff,s3://cellpainting-gallery/cpg0037-oasis/axiom/images/prod_25/images/plate_41002692/r11c14f08p01-ch5sk1fk1fl1.tiff
p41002692_K16_s08,plate_41002692,K16,8.0,Tadalafil,OASIS1578,100.0,0.6156795620918274,0.06149681285023689,Apoptosis; Phosphodiesterase (PDE),O=C([C@@]1([H])CC2=C([C@@H](C3=CC=C(OCO4)C4=C3)N15)NC6=C2C=CC=C6)N(C)CC5=O,s3://cellpainting-gallery/cpg0037-oasis/axiom/images/prod_25/images/plate_41002692/r11c16f08p01-ch6sk1fk1fl1.tiff,s3://cellpainting-gallery/cpg0037-oasis/axiom/images/prod_25/images/plate_41002692/r11c16f08p01-ch1sk1fk1fl1.tiff,s3://cellpainting-gallery/cpg0037-oasis/axiom/images/prod_25/images/plate_41002692/r11c16f08p01-ch2sk1fk1fl1.tiff,s3://cellpainting-gallery/cpg0037-oasis/axiom/images/prod_25/images/plate_41002692/r11c16f08p01-ch4sk1fk1fl1.tiff,s3://cellpainting-gallery/cpg0037-oasis/axiom/images/prod_25/images/plate_41002692/r11c16f08p01-ch3sk1fk1fl1.tiff,s3://cellpainting-gallery/cpg0037-oasis/axiom/images/prod_25/images/plate_41002692/r11c16f08p01-ch5sk1fk1fl1.tiff
p41002692_K18_s08,plate_41002692,K18,8.0,Tigecycline,OASIS867,100.0,0.6357424259185791,-0.11180879175662994,Antibiotic; Autophagy; Bacterial,O=C(C(C1=O)=C(O)[C@@H](N(C)C)[C@]2([H])C[C@]3([H])CC4=C(C(C3=C(O)[C@@]21O)=O)C(O)=C(NC(CNC(C)(C)C)=O)C=C4N(C)C)N,s3://cellpainting-gallery/cpg0037-oasis/axiom/images/prod_25/images/plate_41002692/r11c18f08p01-ch6sk1fk1fl1.tiff,s3://cellpainting-gallery/cpg0037-oasis/axiom/images/prod_25/images/plate_41002692/r11c18f08p01-ch1sk1fk1fl1.tiff,s3://cellpainting-gallery/cpg0037-oasis/axiom/images/prod_25/images/plate_41002692/r11c18f08p01-ch2sk1fk1fl1.tiff,s3://cellpainting-gallery/cpg0037-oasis/axiom/images/prod_25/images/plate_41002692/r11c18f08p01-ch4sk1fk1fl1.tiff,s3://cellpainting-gallery/cpg0037-oasis/axiom/images/prod_25/images/plate_41002692/r11c18f08p01-ch3sk1fk1fl1.tiff,s3://cellpainting-gallery/cpg0037-oasis/axiom/images/prod_25/images/plate_41002692/r11c18f08p01-ch5sk1fk1fl1.tiff
p41002692_K19_s08,plate_41002692,K19,8.0,Dapagliflozin,OASIS1775,100.0,0.8006342053413391,-0.08472979068756104,SGLT,O[C@H]1[C@H](C2=CC(CC3=CC=C(OCC)C=C3)=C(Cl)C=C2)O[C@H](CO)[C@@H](O)[C@@H]1O,s3://cellpainting-gallery/cpg0037-oasis/axiom/images/prod_25/images/plate_41002692/r11c19f08p01-ch6sk1fk1fl1.tiff,s3://cellpainting-gallery/cpg0037-oasis/axiom/images/prod_25/images/plate_41002692/r11c19f08p01-ch1sk1fk1fl1.tiff,s3://cellpainting-gallery/cpg0037-oasis/axiom/images/prod_25/images/plate_41002692/r11c19f08p01-ch2sk1fk1fl1.tiff,s3://cellpainting-gallery/cpg0037-oasis/axiom/images/prod_25/images/plate_41002692/r11c19f08p01-ch4sk1fk1fl1.tiff,s3://cellpainting-gallery/cpg0037-oasis/axiom/images/prod_25/images/plate_41002692/r11c19f08p01-ch3sk1fk1fl1.tiff,s3://cellpainting-gallery/cpg0037-oasis/axiom/images/prod_25/images/plate_41002692/r11c19f08p01-ch5sk1fk1fl1.tiff
p41002692_K21_s08,plate_41002692,K21,8.0,Thalidomide,OASIS1517,100.0,0.9592563509941101,-0.025155987590551376,Autophagy; Ligands for E3 Ligase,O=C1N(C2CCC(NC2=O)=O)C(C3=CC=CC=C31)=O,s3://cellpainting-gallery/cpg0037-oasis/axiom/images/prod_25/images/plate_41002692/r11c21f08p01-ch6sk1fk1fl1.tiff,s3://cellpainting-gallery/cpg0037-oasis/axiom/images/prod_25/images/plate_41002692/r11c21f08p01-ch1sk1fk1fl1.tiff,s3://cellpainting-gallery/cpg0037-oasis/axiom/images/prod_25/images/plate_41002692/r11c21f08p01-ch2sk1fk1fl1.tiff,s3://cellpainting-gallery/cpg0037-oasis/axiom/images/prod_25/images/plate_41002692/r11c21f08p01-ch4sk1fk1fl1.tiff,s3://cellpainting-gallery/cpg0037-oasis/axiom/images/prod_25/images/plate_41002692/r11c21f08p01-ch3sk1fk1fl1.tiff,s3://cellpainting-gallery/cpg0037-oasis/axiom/images/prod_25/images/plate_41002692/r11c21f08p01-ch5sk1fk1fl1.tiff
p41002692_K22_s08,plate_41002692,K22,8.0,Panobinostat,OASIS1808,100.0,0.10282225161790848,0.3133315145969391,Apoptosis; Autophagy; HDAC; HIV,O=C(/C=C/C1=CC=C(CNCCC2=C(NC3=C2C=CC=C3)C)C=C1)NO,s3://cellpainting-gallery/cpg0037-oasis/axiom/images/prod_25/images/plate_41002692/r11c22f08p01-ch6sk1fk1fl1.tiff,s3://cellpainting-gallery/cpg0037-oasis/axiom/images/prod_25/images/plate_41002692/r11c22f08p01-ch1sk1fk1fl1.tiff,s3://cellpainting-gallery/cpg0037-oasis/axiom/images/prod_25/images/plate_41002692/r11c22f08p01-ch2sk1fk1fl1.tiff,s3://cellpainting-gallery/cpg0037-oasis/axiom/images/prod_25/images/plate_41002692/r11c22f08p01-ch4sk1fk1fl1.tiff,s3://cellpainting-gallery/cpg0037-oasis/axiom/images/prod_25/images/plate_41002692/r11c22f08p01-ch3sk1fk1fl1.tiff,s3://cellpainting-gallery/cpg0037-oasis/axiom/images/prod_25/images/plate_41002692/r11c22f08p01-ch5sk1fk1fl1.tiff
p41002692_K23_s08,plate_41002692,K23,8.0,Tamsulosin,OASIS928,100.0,0.5297853946685791,0.039833612740039825,Adrenergic Receptor; Endogenous Metabolite,O=S(C1=CC(C[C@H](NCCOC2=CC=CC=C2OCC)C)=CC=C1OC)(N)=O,s3://cellpainting-gallery/cpg0037-oasis/axiom/images/prod_25/images/plate_41002692/r11c23f08p01-ch6sk1fk1fl1.tiff,s3://cellpainting-gallery/cpg0037-oasis/axiom/images/prod_25/images/plate_41002692/r11c23f08p01-ch1sk1fk1fl1.tiff,s3://cellpainting-gallery/cpg0037-oasis/axiom/images/prod_25/images/plate_41002692/r11c23f08p01-ch2sk1fk1fl1.tiff,s3://cellpainting-gallery/cpg0037-oasis/axiom/images/prod_25/images/plate_41002692/r11c23f08p01-ch4sk1fk1fl1.tiff,s3://cellpainting-gallery/cpg0037-oasis/axiom/images/prod_25/images/plate_41002692/r11c23f08p01-ch3sk1fk1fl1.tiff,s3://cellpainting-gallery/cpg0037-oasis/axiom/images/prod_25/images/plate_41002692/r11c23f08p01-ch5sk1fk1fl1.tiff
p41002692_L10_s08,plate_41002692,L10,8.0,Cyclosporin A,OASIS011,100.0,0.1554872989654541,0.2835446298122406,Antibiotic; Complement System; Molecular Glues; Phosphatase,C/C=C/C[C@H]([C@@H](O)[C@@]1(N(C)C([C@]([H])(C(C)C)N(C)C([C@H](CC(C)C)N(C)C([C@]([H])(CC(C)C)N(C)C([C@@H](C)NC([C@H](C)NC([C@@H](N(C([C@@]([H])(NC([C@@H](N(C(CN(C([C@@H](NC1=O)CC)=O)C)=O)C)CC(C)C)=O)C(C)C)=O)C)CC(C)C)=O)=O)=O)=O)=O)=O)[H])C,s3://cellpainting-gallery/cpg0037-oasis/axiom/images/prod_25/images/plate_41002692/r12c10f08p01-ch6sk1fk1fl1.tiff,s3://cellpainting-gallery/cpg0037-oasis/axiom/images/prod_25/images/plate_41002692/r12c10f08p01-ch1sk1fk1fl1.tiff,s3://cellpainting-gallery/cpg0037-oasis/axiom/images/prod_25/images/plate_41002692/r12c10f08p01-ch2sk1fk1fl1.tiff,s3://cellpainting-gallery/cpg0037-oasis/axiom/images/prod_25/images/plate_41002692/r12c10f08p01-ch4sk1fk1fl1.tiff,s3://cellpainting-gallery/cpg0037-oasis/axiom/images/prod_25/images/plate_41002692/r12c10f08p01-ch3sk1fk1fl1.tiff,s3://cellpainting-gallery/cpg0037-oasis/axiom/images/prod_25/images/plate_41002692/r12c10f08p01-ch5sk1fk1fl1.tiff
p41002692_L11_s08,plate_41002692,L11,8.0,Lusutrombopag,OASIS1881,100.0,0.5442055463790894,-0.08472979068756104,Thrombopoietin Receptor,O=C(O)/C(C)=C/C1=C(Cl)C=C(C(NC2=NC(C3=CC=CC([C@@H](OCCCCCC)C)=C3OC)=CS2)=O)C=C1Cl,s3://cellpainting-gallery/cpg0037-oasis/axiom/images/prod_25/images/plate_41002692/r12c11f08p01-ch6sk1fk1fl1.tiff,s3://cellpainting-gallery/cpg0037-oasis/axiom/images/prod_25/images/plate_41002692/r12c11f08p01-ch1sk1fk1fl1.tiff,s3://cellpainting-gallery/cpg0037-oasis/axiom/images/prod_25/images/plate_41002692/r12c11f08p01-ch2sk1fk1fl1.tiff,s3://cellpainting-gallery/cpg0037-oasis/axiom/images/prod_25/images/plate_41002692/r12c11f08p01-ch4sk1fk1fl1.tiff,s3://cellpainting-gallery/cpg0037-oasis/axiom/images/prod_25/images/plate_41002692/r12c11f08p01-ch3sk1fk1fl1.tiff,s3://cellpainting-gallery/cpg0037-oasis/axiom/images/prod_25/images/plate_41002692/r12c11f08p01-ch5sk1fk1fl1.tiff
p41002692_L14_s08,plate_41002692,L14,8.0,Cobimetinib,OASIS1868,100.0,0.020062878727912903,0.4785134196281433,Apoptosis; MEK,OC1([C@H]2NCCCC2)CN(C1)C(C3=C(C(F)=C(C=C3)F)NC4=C(C=C(C=C4)I)F)=O,s3://cellpainting-gallery/cpg0037-oasis/axiom/images/prod_25/images/plate_41002692/r12c14f08p01-ch6sk1fk1fl1.tiff,s3://cellpainting-gallery/cpg0037-oasis/axiom/images/prod_25/images/plate_41002692/r12c14f08p01-ch1sk1fk1fl1.tiff,s3://cellpainting-gallery/cpg0037-oasis/axiom/images/prod_25/images/plate_41002692/r12c14f08p01-ch2sk1fk1fl1.tiff,s3://cellpainting-gallery/cpg0037-oasis/axiom/images/prod_25/images/plate_41002692/r12c14f08p01-ch4sk1fk1fl1.tiff,s3://cellpainting-gallery/cpg0037-oasis/axiom/images/prod_25/images/plate_41002692/r12c14f08p01-ch3sk1fk1fl1.tiff,s3://cellpainting-gallery/cpg0037-oasis/axiom/images/prod_25/images/plate_41002692/r12c14f08p01-ch5sk1fk1fl1.tiff
p41002692_L16_s08,plate_41002692,L16,8.0,Sorafenib,OASIS1340,100.0,0.020062878727912903,0.4676818251609802,Apoptosis; Autophagy; Ferroptosis; FLT3; Raf; VEGFR,O=C(NC(C=C1)=CC=C1OC2=CC(C(NC)=O)=NC=C2)NC3=CC=C(Cl)C(C(F)(F)F)=C3,s3://cellpainting-gallery/cpg0037-oasis/axiom/images/prod_25/images/plate_41002692/r12c16f08p01-ch6sk1fk1fl1.tiff,s3://cellpainting-gallery/cpg0037-oasis/axiom/images/prod_25/images/plate_41002692/r12c16f08p01-ch1sk1fk1fl1.tiff,s3://cellpainting-gallery/cpg0037-oasis/axiom/images/prod_25/images/plate_41002692/r12c16f08p01-ch2sk1fk1fl1.tiff,s3://cellpainting-gallery/cpg0037-oasis/axiom/images/prod_25/images/plate_41002692/r12c16f08p01-ch4sk1fk1fl1.tiff,s3://cellpainting-gallery/cpg0037-oasis/axiom/images/prod_25/images/plate_41002692/r12c16f08p01-ch3sk1fk1fl1.tiff,s3://cellpainting-gallery/cpg0037-oasis/axiom/images/prod_25/images/plate_41002692/r12c16f08p01-ch5sk1fk1fl1.tiff
p41002692_L18_s08,plate_41002692,L18,8.0,Lercanidipine,OASIS861,100.0,0.9034565091133118,-0.09556138515472412,Apoptosis; Calcium Channel; NF-κB; p38 MAPK; Reactive Oxygen Species,O=C(C1=C(C)NC(C)=C(C(OC)=O)C1C2=CC=CC([N+]([O-])=O)=C2)OC(C)(C)CN(CCC(C3=CC=CC=C3)C4=CC=CC=C4)C,s3://cellpainting-gallery/cpg0037-oasis/axiom/images/prod_25/images/plate_41002692/r12c18f08p01-ch6sk1fk1fl1.tiff,s3://cellpainting-gallery/cpg0037-oasis/axiom/images/prod_25/images/plate_41002692/r12c18f08p01-ch1sk1fk1fl1.tiff,s3://cellpainting-gallery/cpg0037-oasis/axiom/images/prod_25/images/plate_41002692/r12c18f08p01-ch2sk1fk1fl1.tiff,s3://cellpainting-gallery/cpg0037-oasis/axiom/images/prod_25/images/plate_41002692/r12c18f08p01-ch4sk1fk1fl1.tiff,s3://cellpainting-gallery/cpg0037-oasis/axiom/images/prod_25/images/plate_41002692/r12c18f08p01-ch3sk1fk1fl1.tiff,s3://cellpainting-gallery/cpg0037-oasis/axiom/images/prod_25/images/plate_41002692/r12c18f08p01-ch5sk1fk1fl1.tiff
p41002692_L20_s08,plate_41002692,L20,8.0,DMSO,,0.0,1.000636100769043,-0.014324387535452843,,,s3://cellpainting-gallery/cpg0037-oasis/axiom/images/prod_25/images/plate_41002692/r12c20f08p01-ch6sk1fk1fl1.tiff,s3://cellpainting-gallery/cpg0037-oasis/axiom/images/prod_25/images/plate_41002692/r12c20f08p01-ch1sk1fk1fl1.tiff,s3://cellpainting-gallery/cpg0037-oasis/axiom/images/prod_25/images/plate_41002692/r12c20f08p01-ch2sk1fk1fl1.tiff,s3://cellpainting-gallery/cpg0037-oasis/axiom/images/prod_25/images/plate_41002692/r12c20f08p01-ch4sk1fk1fl1.tiff,s3://cellpainting-gallery/cpg0037-oasis/axiom/images/prod_25/images/plate_41002692/r12c20f08p01-ch3sk1fk1fl1.tiff,s3://cellpainting-gallery/cpg0037-oasis/axiom/images/prod_25/images/plate_41002692/r12c20f08p01-ch5sk1fk1fl1.tiff
p41002692_L21_s08,plate_41002692,L21,8.0,Acalabrutinib,OASIS1795,100.0,0.17304232716560364,0.18335232138633728,Btk,O=C(NC1=NC=CC=C1)C2=CC=C(C3=C4C(N)=NC=CN4C([C@H]5N(C(C#CC)=O)CCC5)=N3)C=C2,s3://cellpainting-gallery/cpg0037-oasis/axiom/images/prod_25/images/plate_41002692/r12c21f08p01-ch6sk1fk1fl1.tiff,s3://cellpainting-gallery/cpg0037-oasis/axiom/images/prod_25/images/plate_41002692/r12c21f08p01-ch1sk1fk1fl1.tiff,s3://cellpainting-gallery/cpg0037-oasis/axiom/images/prod_25/images/plate_41002692/r12c21f08p01-ch2sk1fk1fl1.tiff,s3://cellpainting-gallery/cpg0037-oasis/axiom/images/prod_25/images/plate_41002692/r12c21f08p01-ch4sk1fk1fl1.tiff,s3://cellpainting-gallery/cpg0037-oasis/axiom/images/prod_25/images/plate_41002692/r12c21f08p01-ch3sk1fk1fl1.tiff,s3://cellpainting-gallery/cpg0037-oasis/axiom/images/prod_25/images/plate_41002692/r12c21f08p01-ch5sk1fk1fl1.tiff
p41002692_L22_s08,plate_41002692,L22,8.0,Nintedanib,OASIS1756,100.0,0.5749268531799316,0.18606022000312805,FGFR; PDGFR; VEGFR,O=C1NC2=CC(C(OC)=O)=CC=C2/C1=C(NC3=CC=C(N(C(CN4CCN(C)CC4)=O)C)C=C3)\C5=CC=CC=C5,s3://cellpainting-gallery/cpg0037-oasis/axiom/images/prod_25/images/plate_41002692/r12c22f08p01-ch6sk1fk1fl1.tiff,s3://cellpainting-gallery/cpg0037-oasis/axiom/images/prod_25/images/plate_41002692/r12c22f08p01-ch1sk1fk1fl1.tiff,s3://cellpainting-gallery/cpg0037-oasis/axiom/images/prod_25/images/plate_41002692/r12c22f08p01-ch2sk1fk1fl1.tiff,s3://cellpainting-gallery/cpg0037-oasis/axiom/images/prod_25/images/plate_41002692/r12c22f08p01-ch4sk1fk1fl1.tiff,s3://cellpainting-gallery/cpg0037-oasis/axiom/images/prod_25/images/plate_41002692/r12c22f08p01-ch3sk1fk1fl1.tiff,s3://cellpainting-gallery/cpg0037-oasis/axiom/images/prod_25/images/plate_41002692/r12c22f08p01-ch5sk1fk1fl1.tiff
p41002692_M10_s08,plate_41002692,M10,8.0,Raltegravir,OASIS869,100.0,0.9529867172241211,-0.13617989420890808,HIV; HIV Integrase,O=C(C(O)=C(C(NCC1=CC=C(C=C1)F)=O)N=C2C(C)(C)NC(C3=NN=C(C)O3)=O)N2C,s3://cellpainting-gallery/cpg0037-oasis/axiom/images/prod_25/images/plate_41002692/r13c10f08p01-ch6sk1fk1fl1.tiff,s3://cellpainting-gallery/cpg0037-oasis/axiom/images/prod_25/images/plate_41002692/r13c10f08p01-ch1sk1fk1fl1.tiff,s3://cellpainting-gallery/cpg0037-oasis/axiom/images/prod_25/images/plate_41002692/r13c10f08p01-ch2sk1fk1fl1.tiff,s3://cellpainting-gallery/cpg0037-oasis/axiom/images/prod_25/images/plate_41002692/r13c10f08p01-ch4sk1fk1fl1.tiff,s3://cellpainting-gallery/cpg0037-oasis/axiom/images/prod_25/images/plate_41002692/r13c10f08p01-ch3sk1fk1fl1.tiff,s3://cellpainting-gallery/cpg0037-oasis/axiom/images/prod_25/images/plate_41002692/r13c10f08p01-ch5sk1fk1fl1.tiff
p41002692_M11_s08,plate_41002692,M11,8.0,Gefitinib,OASIS1455,100.0,0.04200665280222893,0.3593658208847046,Apoptosis; Autophagy; EGFR,ClC1=C(C=CC(NC2=NC=NC3=C2C=C(C(OC)=C3)OCCCN4CCOCC4)=C1)F,s3://cellpainting-gallery/cpg0037-oasis/axiom/images/prod_25/images/plate_41002692/r13c11f08p01-ch6sk1fk1fl1.tiff,s3://cellpainting-gallery/cpg0037-oasis/axiom/images/prod_25/images/plate_41002692/r13c11f08p01-ch1sk1fk1fl1.tiff,s3://cellpainting-gallery/cpg0037-oasis/axiom/images/prod_25/images/plate_41002692/r13c11f08p01-ch2sk1fk1fl1.tiff,s3://cellpainting-gallery/cpg0037-oasis/axiom/images/prod_25/images/plate_41002692/r13c11f08p01-ch4sk1fk1fl1.tiff,s3://cellpainting-gallery/cpg0037-oasis/axiom/images/prod_25/images/plate_41002692/r13c11f08p01-ch3sk1fk1fl1.tiff,s3://cellpainting-gallery/cpg0037-oasis/axiom/images/prod_25/images/plate_41002692/r13c11f08p01-ch5sk1fk1fl1.tiff
p41002692_M17_s08,plate_41002692,M17,8.0,Compound_a166b3a5,,100.0,0.6627019643783569,-0.03598758950829506,,,s3://cellpainting-gallery/cpg0037-oasis/axiom/images/prod_25/images/plate_41002692/r13c17f08p01-ch6sk1fk1fl1.tiff,s3://cellpainting-gallery/cpg0037-oasis/axiom/images/prod_25/images/plate_41002692/r13c17f08p01-ch1sk1fk1fl1.tiff,s3://cellpainting-gallery/cpg0037-oasis/axiom/images/prod_25/images/plate_41002692/r13c17f08p01-ch2sk1fk1fl1.tiff,s3://cellpainting-gallery/cpg0037-oasis/axiom/images/prod_25/images/plate_41002692/r13c17f08p01-ch4sk1fk1fl1.tiff,s3://cellpainting-gallery/cpg0037-oasis/axiom/images/prod_25/images/plate_41002692/r13c17f08p01-ch3sk1fk1fl1.tiff,s3://cellpainting-gallery/cpg0037-oasis/axiom/images/prod_25/images/plate_41002692/r13c17f08p01-ch5sk1fk1fl1.tiff
p41002692_M18_s08,plate_41002692,M18,8.0,Compound_fdb8d1f5,,100.0,0.559879720211029,-0.057650789618492126,,,s3://cellpainting-gallery/cpg0037-oasis/axiom/images/prod_25/images/plate_41002692/r13c18f08p01-ch6sk1fk1fl1.tiff,s3://cellpainting-gallery/cpg0037-oasis/axiom/images/prod_25/images/plate_41002692/r13c18f08p01-ch1sk1fk1fl1.tiff,s3://cellpainting-gallery/cpg0037-oasis/axiom/images/prod_25/images/plate_41002692/r13c18f08p01-ch2sk1fk1fl1.tiff,s3://cellpainting-gallery/cpg0037-oasis/axiom/images/prod_25/images/plate_41002692/r13c18f08p01-ch4sk1fk1fl1.tiff,s3://cellpainting-gallery/cpg0037-oasis/axiom/images/prod_25/images/plate_41002692/r13c18f08p01-ch3sk1fk1fl1.tiff,s3://cellpainting-gallery/cpg0037-oasis/axiom/images/prod_25/images/plate_41002692/r13c18f08p01-ch5sk1fk1fl1.tiff
p41002692_M19_s08,plate_41002692,M19,8.0,Sulfasalazine,OASIS018,100.0,0.7498500943183899,-0.07389818876981735,Antibiotic; Apoptosis; Autophagy; Bacterial; Ferroptosis; NF-κB,OC(C1=C(O)C=CC(/N=N/C2=CC=C(S(=O)(NC3=NC=CC=C3)=O)C=C2)=C1)=O,s3://cellpainting-gallery/cpg0037-oasis/axiom/images/prod_25/images/plate_41002692/r13c19f08p01-ch6sk1fk1fl1.tiff,s3://cellpainting-gallery/cpg0037-oasis/axiom/images/prod_25/images/plate_41002692/r13c19f08p01-ch1sk1fk1fl1.tiff,s3://cellpainting-gallery/cpg0037-oasis/axiom/images/prod_25/images/plate_41002692/r13c19f08p01-ch2sk1fk1fl1.tiff,s3://cellpainting-gallery/cpg0037-oasis/axiom/images/prod_25/images/plate_41002692/r13c19f08p01-ch4sk1fk1fl1.tiff,s3://cellpainting-gallery/cpg0037-oasis/axiom/images/prod_25/images/plate_41002692/r13c19f08p01-ch3sk1fk1fl1.tiff,s3://cellpainting-gallery/cpg0037-oasis/axiom/images/prod_25/images/plate_41002692/r13c19f08p01-ch5sk1fk1fl1.tiff
p41002692_M19_s08,plate_41002692,M19,8.0,Sulfasalazine,OASIS018,100.0,0.7498500943183899,-0.07389818876981735,Antibiotic; Apoptosis; Autophagy; Bacterial; Ferroptosis; NF-κB,OC(C1=C(O)C=CC(/N=N/C2=CC=C(S(=O)(NC3=NC=CC=C3)=O)C=C2)=C1)=O,s3://cellpainting-gallery/cpg0037-oasis/axiom/images/prod_25/images/plate_41002692/r13c19f08p01-ch6sk1fk1fl1.tiff,s3://cellpainting-gallery/cpg0037-oasis/axiom/images/prod_25/images/plate_41002692/r13c19f08p01-ch1sk1fk1fl1.tiff,s3://cellpainting-gallery/cpg0037-oasis/axiom/images/prod_25/images/plate_41002692/r13c19f08p01-ch2sk1fk1fl1.tiff,s3://cellpainting-gallery/cpg0037-oasis/axiom/images/prod_25/images/plate_41002692/r13c19f08p01-ch4sk1fk1fl1.tiff,s3://cellpainting-gallery/cpg0037-oasis/axiom/images/prod_25/images/plate_41002692/r13c19f08p01-ch3sk1fk1fl1.tiff,s3://cellpainting-gallery/cpg0037-oasis/axiom/images/prod_25/images/plate_41002692/r13c19f08p01-ch5sk1fk1fl1.tiff
p41002692_M21_s08,plate_41002692,M21,8.0,Vitamin K1,OASIS1431,100.0,0.6420121192932129,-0.030571788549423218,Endogenous Metabolite,O=C1C(C)=C(C/C=C(C)/CCC[C@H](C)CCC[C@H](C)CCCC(C)C)C(C2=C1C=CC=C2)=O,s3://cellpainting-gallery/cpg0037-oasis/axiom/images/prod_25/images/plate_41002692/r13c21f08p01-ch6sk1fk1fl1.tiff,s3://cellpainting-gallery/cpg0037-oasis/axiom/images/prod_25/images/plate_41002692/r13c21f08p01-ch1sk1fk1fl1.tiff,s3://cellpainting-gallery/cpg0037-oasis/axiom/images/prod_25/images/plate_41002692/r13c21f08p01-ch2sk1fk1fl1.tiff,s3://cellpainting-gallery/cpg0037-oasis/axiom/images/prod_25/images/plate_41002692/r13c21f08p01-ch4sk1fk1fl1.tiff,s3://cellpainting-gallery/cpg0037-oasis/axiom/images/prod_25/images/plate_41002692/r13c21f08p01-ch3sk1fk1fl1.tiff,s3://cellpainting-gallery/cpg0037-oasis/axiom/images/prod_25/images/plate_41002692/r13c21f08p01-ch5sk1fk1fl1.tiff
p41002692_M22_s08,plate_41002692,M22,8.0,Famotidine,OASIS1103,100.0,1.0119214057922363,-0.07389818876981735,Histamine Receptor,N=C(NS(=O)(N)=O)CCSCC1=CSC(NC(N)=N)=N1,s3://cellpainting-gallery/cpg0037-oasis/axiom/images/prod_25/images/plate_41002692/r13c22f08p01-ch6sk1fk1fl1.tiff,s3://cellpainting-gallery/cpg0037-oasis/axiom/images/prod_25/images/plate_41002692/r13c22f08p01-ch1sk1fk1fl1.tiff,s3://cellpainting-gallery/cpg0037-oasis/axiom/images/prod_25/images/plate_41002692/r13c22f08p01-ch2sk1fk1fl1.tiff,s3://cellpainting-gallery/cpg0037-oasis/axiom/images/prod_25/images/plate_41002692/r13c22f08p01-ch4sk1fk1fl1.tiff,s3://cellpainting-gallery/cpg0037-oasis/axiom/images/prod_25/images/plate_41002692/r13c22f08p01-ch3sk1fk1fl1.tiff,s3://cellpainting-gallery/cpg0037-oasis/axiom/images/prod_25/images/plate_41002692/r13c22f08p01-ch5sk1fk1fl1.tiff
p41002692_N11_s08,plate_41002692,N11,8.0,Flutamide,OASIS014,100.0,0.4545495808124542,-0.10910088568925858,Androgen Receptor,CC(C)C(NC1=CC=C([N+]([O-])=O)C(C(F)(F)F)=C1)=O,s3://cellpainting-gallery/cpg0037-oasis/axiom/images/prod_25/images/plate_41002692/r14c11f08p01-ch6sk1fk1fl1.tiff,s3://cellpainting-gallery/cpg0037-oasis/axiom/images/prod_25/images/plate_41002692/r14c11f08p01-ch1sk1fk1fl1.tiff,s3://cellpainting-gallery/cpg0037-oasis/axiom/images/prod_25/images/plate_41002692/r14c11f08p01-ch2sk1fk1fl1.tiff,s3://cellpainting-gallery/cpg0037-oasis/axiom/images/prod_25/images/plate_41002692/r14c11f08p01-ch4sk1fk1fl1.tiff,s3://cellpainting-gallery/cpg0037-oasis/axiom/images/prod_25/images/plate_41002692/r14c11f08p01-ch3sk1fk1fl1.tiff,s3://cellpainting-gallery/cpg0037-oasis/axiom/images/prod_25/images/plate_41002692/r14c11f08p01-ch5sk1fk1fl1.tiff
p41002692_N12_s08,plate_41002692,N12,8.0,DMSO,,0.0,1.0294764041900635,-0.07119029015302658,,,s3://cellpainting-gallery/cpg0037-oasis/axiom/images/prod_25/images/plate_41002692/r14c12f08p01-ch6sk1fk1fl1.tiff,s3://cellpainting-gallery/cpg0037-oasis/axiom/images/prod_25/images/plate_41002692/r14c12f08p01-ch1sk1fk1fl1.tiff,s3://cellpainting-gallery/cpg0037-oasis/axiom/images/prod_25/images/plate_41002692/r14c12f08p01-ch2sk1fk1fl1.tiff,s3://cellpainting-gallery/cpg0037-oasis/axiom/images/prod_25/images/plate_41002692/r14c12f08p01-ch4sk1fk1fl1.tiff,s3://cellpainting-gallery/cpg0037-oasis/axiom/images/prod_25/images/plate_41002692/r14c12f08p01-ch3sk1fk1fl1.tiff,s3://cellpainting-gallery/cpg0037-oasis/axiom/images/prod_25/images/plate_41002692/r14c12f08p01-ch5sk1fk1fl1.tiff
p41002692_N14_s08,plate_41002692,N14,8.0,Compound_e48ed218,,100.0,0.022570738568902016,0.47309762239456177,,,s3://cellpainting-gallery/cpg0037-oasis/axiom/images/prod_25/images/plate_41002692/r14c14f08p01-ch6sk1fk1fl1.tiff,s3://cellpainting-gallery/cpg0037-oasis/axiom/images/prod_25/images/plate_41002692/r14c14f08p01-ch1sk1fk1fl1.tiff,s3://cellpainting-gallery/cpg0037-oasis/axiom/images/prod_25/images/plate_41002692/r14c14f08p01-ch2sk1fk1fl1.tiff,s3://cellpainting-gallery/cpg0037-oasis/axiom/images/prod_25/images/plate_41002692/r14c14f08p01-ch4sk1fk1fl1.tiff,s3://cellpainting-gallery/cpg0037-oasis/axiom/images/prod_25/images/plate_41002692/r14c14f08p01-ch3sk1fk1fl1.tiff,s3://cellpainting-gallery/cpg0037-oasis/axiom/images/prod_25/images/plate_41002692/r14c14f08p01-ch5sk1fk1fl1.tiff
p41002692_N15_s08,plate_41002692,N15,8.0,Griseofulvin,OASIS073,100.0,0.8294746279716492,-0.03598758950829506,Antibiotic; Apoptosis; Endogenous Metabolite; Fungal,O=C1[C@]2(C(OC)=CC(C[C@H]2C)=O)OC3=C(Cl)C(OC)=CC(OC)=C13,s3://cellpainting-gallery/cpg0037-oasis/axiom/images/prod_25/images/plate_41002692/r14c15f08p01-ch6sk1fk1fl1.tiff,s3://cellpainting-gallery/cpg0037-oasis/axiom/images/prod_25/images/plate_41002692/r14c15f08p01-ch1sk1fk1fl1.tiff,s3://cellpainting-gallery/cpg0037-oasis/axiom/images/prod_25/images/plate_41002692/r14c15f08p01-ch2sk1fk1fl1.tiff,s3://cellpainting-gallery/cpg0037-oasis/axiom/images/prod_25/images/plate_41002692/r14c15f08p01-ch4sk1fk1fl1.tiff,s3://cellpainting-gallery/cpg0037-oasis/axiom/images/prod_25/images/plate_41002692/r14c15f08p01-ch3sk1fk1fl1.tiff,s3://cellpainting-gallery/cpg0037-oasis/axiom/images/prod_25/images/plate_41002692/r14c15f08p01-ch5sk1fk1fl1.tiff
p41002692_N16_s08,plate_41002692,N16,8.0,Compound_59cfb866,,100.0,0.9661529660224915,-0.052234988659620285,,,s3://cellpainting-gallery/cpg0037-oasis/axiom/images/prod_25/images/plate_41002692/r14c16f08p01-ch6sk1fk1fl1.tiff,s3://cellpainting-gallery/cpg0037-oasis/axiom/images/prod_25/images/plate_41002692/r14c16f08p01-ch1sk1fk1fl1.tiff,s3://cellpainting-gallery/cpg0037-oasis/axiom/images/prod_25/images/plate_41002692/r14c16f08p01-ch2sk1fk1fl1.tiff,s3://cellpainting-gallery/cpg0037-oasis/axiom/images/prod_25/images/plate_41002692/r14c16f08p01-ch4sk1fk1fl1.tiff,s3://cellpainting-gallery/cpg0037-oasis/axiom/images/prod_25/images/plate_41002692/r14c16f08p01-ch3sk1fk1fl1.tiff,s3://cellpainting-gallery/cpg0037-oasis/axiom/images/prod_25/images/plate_41002692/r14c16f08p01-ch5sk1fk1fl1.tiff
p41002692_N17_s08,plate_41002692,N17,8.0,Alpelisib,OASIS1957,100.0,0.3279026746749878,0.14814960956573486,PI3K,CC(N=C(S1)NC(N2CCC[C@H]2C(N)=O)=O)=C1C3=CC(C(C)(C(F)(F)F)C)=NC=C3,s3://cellpainting-gallery/cpg0037-oasis/axiom/images/prod_25/images/plate_41002692/r14c17f08p01-ch6sk1fk1fl1.tiff,s3://cellpainting-gallery/cpg0037-oasis/axiom/images/prod_25/images/plate_41002692/r14c17f08p01-ch1sk1fk1fl1.tiff,s3://cellpainting-gallery/cpg0037-oasis/axiom/images/prod_25/images/plate_41002692/r14c17f08p01-ch2sk1fk1fl1.tiff,s3://cellpainting-gallery/cpg0037-oasis/axiom/images/prod_25/images/plate_41002692/r14c17f08p01-ch4sk1fk1fl1.tiff,s3://cellpainting-gallery/cpg0037-oasis/axiom/images/prod_25/images/plate_41002692/r14c17f08p01-ch3sk1fk1fl1.tiff,s3://cellpainting-gallery/cpg0037-oasis/axiom/images/prod_25/images/plate_41002692/r14c17f08p01-ch5sk1fk1fl1.tiff
p41002692_N18_s08,plate_41002692,N18,8.0,Compound_88f6068e,,100.0,0.7956185340881348,-0.0603586882352829,,,s3://cellpainting-gallery/cpg0037-oasis/axiom/images/prod_25/images/plate_41002692/r14c18f08p01-ch6sk1fk1fl1.tiff,s3://cellpainting-gallery/cpg0037-oasis/axiom/images/prod_25/images/plate_41002692/r14c18f08p01-ch1sk1fk1fl1.tiff,s3://cellpainting-gallery/cpg0037-oasis/axiom/images/prod_25/images/plate_41002692/r14c18f08p01-ch2sk1fk1fl1.tiff,s3://cellpainting-gallery/cpg0037-oasis/axiom/images/prod_25/images/plate_41002692/r14c18f08p01-ch4sk1fk1fl1.tiff,s3://cellpainting-gallery/cpg0037-oasis/axiom/images/prod_25/images/plate_41002692/r14c18f08p01-ch3sk1fk1fl1.tiff,s3://cellpainting-gallery/cpg0037-oasis/axiom/images/prod_25/images/plate_41002692/r14c18f08p01-ch5sk1fk1fl1.tiff
p41002692_N19_s08,plate_41002692,N19,8.0,Nitazoxanide,OASIS1131,100.0,0.023197703063488007,0.42977121472358704,Autophagy; Influenza Virus; Parasite,O=C(NC1=NC=C([N+]([O-])=O)S1)C2=CC=CC=C2OC(C)=O,s3://cellpainting-gallery/cpg0037-oasis/axiom/images/prod_25/images/plate_41002692/r14c19f08p01-ch6sk1fk1fl1.tiff,s3://cellpainting-gallery/cpg0037-oasis/axiom/images/prod_25/images/plate_41002692/r14c19f08p01-ch1sk1fk1fl1.tiff,s3://cellpainting-gallery/cpg0037-oasis/axiom/images/prod_25/images/plate_41002692/r14c19f08p01-ch2sk1fk1fl1.tiff,s3://cellpainting-gallery/cpg0037-oasis/axiom/images/prod_25/images/plate_41002692/r14c19f08p01-ch4sk1fk1fl1.tiff,s3://cellpainting-gallery/cpg0037-oasis/axiom/images/prod_25/images/plate_41002692/r14c19f08p01-ch3sk1fk1fl1.tiff,s3://cellpainting-gallery/cpg0037-oasis/axiom/images/prod_25/images/plate_41002692/r14c19f08p01-ch5sk1fk1fl1.tiff
p41002692_N22_s08,plate_41002692,N22,8.0,Umbralisib,OASIS1859,100.0,0.48276299238204956,0.0696205124258995,Casein Kinase; PI3K,O=C1C(C2=CC=CC(F)=C2)=C([C@@H](N3N=C(C4=CC=C(OC(C)C)C(F)=C4)C5=C(N)N=CN=C53)C)OC6=CC=C(F)C=C16,s3://cellpainting-gallery/cpg0037-oasis/axiom/images/prod_25/images/plate_41002692/r14c22f08p01-ch6sk1fk1fl1.tiff,s3://cellpainting-gallery/cpg0037-oasis/axiom/images/prod_25/images/plate_41002692/r14c22f08p01-ch1sk1fk1fl1.tiff,s3://cellpainting-gallery/cpg0037-oasis/axiom/images/prod_25/images/plate_41002692/r14c22f08p01-ch2sk1fk1fl1.tiff,s3://cellpainting-gallery/cpg0037-oasis/axiom/images/prod_25/images/plate_41002692/r14c22f08p01-ch4sk1fk1fl1.tiff,s3://cellpainting-gallery/cpg0037-oasis/axiom/images/prod_25/images/plate_41002692/r14c22f08p01-ch3sk1fk1fl1.tiff,s3://cellpainting-gallery/cpg0037-oasis/axiom/images/prod_25/images/plate_41002692/r14c22f08p01-ch5sk1fk1fl1.tiff
p41002692_O13_s08,plate_41002692,O13,8.0,Lopinavir,OASIS1473,100.0,0.5366820096969604,0.2564656138420105,HIV; HIV Protease; SARS-CoV,CC1=C(OCC(N[C@@H](CC2=CC=CC=C2)[C@@H](O)C[C@H](CC3=CC=CC=C3)NC([C@H](C(C)C)N4C(NCCC4)=O)=O)=O)C(C)=CC=C1,s3://cellpainting-gallery/cpg0037-oasis/axiom/images/prod_25/images/plate_41002692/r15c13f08p01-ch6sk1fk1fl1.tiff,s3://cellpainting-gallery/cpg0037-oasis/axiom/images/prod_25/images/plate_41002692/r15c13f08p01-ch1sk1fk1fl1.tiff,s3://cellpainting-gallery/cpg0037-oasis/axiom/images/prod_25/images/plate_41002692/r15c13f08p01-ch2sk1fk1fl1.tiff,s3://cellpainting-gallery/cpg0037-oasis/axiom/images/prod_25/images/plate_41002692/r15c13f08p01-ch4sk1fk1fl1.tiff,s3://cellpainting-gallery/cpg0037-oasis/axiom/images/prod_25/images/plate_41002692/r15c13f08p01-ch3sk1fk1fl1.tiff,s3://cellpainting-gallery/cpg0037-oasis/axiom/images/prod_25/images/plate_41002692/r15c13f08p01-ch5sk1fk1fl1.tiff
p41002692_O14_s08,plate_41002692,O14,8.0,Tenapanor (hydrochloride),OASIS1878,100.0,0.11097279191017151,0.15627332031726837,Na+/H+ Exchanger (NHE),O=S(C1=CC=CC([C@@H]2CN(C)CC3=C2C=C(Cl)C=C3Cl)=C1)(NCCOCCOCCNC(NCCCCNC(NCCOCCOCCNS(=O)(C4=CC=CC([C@@H]5CN(C)CC6=C5C=C(Cl)C=C6Cl)=C4)=O)=O)=O)=O.[H]Cl.[H]Cl,s3://cellpainting-gallery/cpg0037-oasis/axiom/images/prod_25/images/plate_41002692/r15c14f08p01-ch6sk1fk1fl1.tiff,s3://cellpainting-gallery/cpg0037-oasis/axiom/images/prod_25/images/plate_41002692/r15c14f08p01-ch1sk1fk1fl1.tiff,s3://cellpainting-gallery/cpg0037-oasis/axiom/images/prod_25/images/plate_41002692/r15c14f08p01-ch2sk1fk1fl1.tiff,s3://cellpainting-gallery/cpg0037-oasis/axiom/images/prod_25/images/plate_41002692/r15c14f08p01-ch4sk1fk1fl1.tiff,s3://cellpainting-gallery/cpg0037-oasis/axiom/images/prod_25/images/plate_41002692/r15c14f08p01-ch3sk1fk1fl1.tiff,s3://cellpainting-gallery/cpg0037-oasis/axiom/images/prod_25/images/plate_41002692/r15c14f08p01-ch5sk1fk1fl1.tiff
p41002692_O17_s08,plate_41002692,O17,8.0,Plicamycin,OASIS1215,100.0,0.22069166600704193,0.33770260214805603,Antibiotic; Bacterial; DNA/RNA Synthesis; Glutathione S-transferase,O=C([C@H]([C@@]([C@H](OC)C([C@@H](O)[C@H](O)C)=O)([H])C1)O[C@@](O[C@H](C)[C@H]2O)([H])C[C@H]2O[C@@](O[C@H](C)[C@@H]3O)([H])C[C@H]3O[C@@](O[C@H](C)[C@H]4O)([H])C[C@@]4(O)C)C(C1=CC5=CC(O[C@H](O[C@H](C)[C@H]6O)C[C@H]6O[C@@](O[C@H](C)[C@H]7O)([H])C[C@H]7O)=C(C)C(O)=C85)=C8O,s3://cellpainting-gallery/cpg0037-oasis/axiom/images/prod_25/images/plate_41002692/r15c17f08p01-ch6sk1fk1fl1.tiff,s3://cellpainting-gallery/cpg0037-oasis/axiom/images/prod_25/images/plate_41002692/r15c17f08p01-ch1sk1fk1fl1.tiff,s3://cellpainting-gallery/cpg0037-oasis/axiom/images/prod_25/images/plate_41002692/r15c17f08p01-ch2sk1fk1fl1.tiff,s3://cellpainting-gallery/cpg0037-oasis/axiom/images/prod_25/images/plate_41002692/r15c17f08p01-ch4sk1fk1fl1.tiff,s3://cellpainting-gallery/cpg0037-oasis/axiom/images/prod_25/images/plate_41002692/r15c17f08p01-ch3sk1fk1fl1.tiff,s3://cellpainting-gallery/cpg0037-oasis/axiom/images/prod_25/images/plate_41002692/r15c17f08p01-ch5sk1fk1fl1.tiff
p41002692_O19_s08,plate_41002692,O19,8.0,Curcumin,OASIS595,100.0,0.5348011255264282,0.22126291692256927,Autophagy; Epigenetic Reader Domain; Ferroptosis; Histone Acetyltransferase; Influenza Virus; Keap1-Nrf2; Mitophagy,O=C(CC(/C=C/C1=CC=C(O)C(OC)=C1)=O)/C=C/C2=CC=C(O)C(OC)=C2,s3://cellpainting-gallery/cpg0037-oasis/axiom/images/prod_25/images/plate_41002692/r15c19f08p01-ch6sk1fk1fl1.tiff,s3://cellpainting-gallery/cpg0037-oasis/axiom/images/prod_25/images/plate_41002692/r15c19f08p01-ch1sk1fk1fl1.tiff,s3://cellpainting-gallery/cpg0037-oasis/axiom/images/prod_25/images/plate_41002692/r15c19f08p01-ch2sk1fk1fl1.tiff,s3://cellpainting-gallery/cpg0037-oasis/axiom/images/prod_25/images/plate_41002692/r15c19f08p01-ch4sk1fk1fl1.tiff,s3://cellpainting-gallery/cpg0037-oasis/axiom/images/prod_25/images/plate_41002692/r15c19f08p01-ch3sk1fk1fl1.tiff,s3://cellpainting-gallery/cpg0037-oasis/axiom/images/prod_25/images/plate_41002692/r15c19f08p01-ch5sk1fk1fl1.tiff
p41002692_O21_s08,plate_41002692,O21,8.0,Primaquine,OASIS1434,100.0,0.030094318091869354,0.20501551032066345,Parasite,CC(NC1=C2N=CC=CC2=CC(OC)=C1)CCCN,s3://cellpainting-gallery/cpg0037-oasis/axiom/images/prod_25/images/plate_41002692/r15c21f08p01-ch6sk1fk1fl1.tiff,s3://cellpainting-gallery/cpg0037-oasis/axiom/images/prod_25/images/plate_41002692/r15c21f08p01-ch1sk1fk1fl1.tiff,s3://cellpainting-gallery/cpg0037-oasis/axiom/images/prod_25/images/plate_41002692/r15c21f08p01-ch2sk1fk1fl1.tiff,s3://cellpainting-gallery/cpg0037-oasis/axiom/images/prod_25/images/plate_41002692/r15c21f08p01-ch4sk1fk1fl1.tiff,s3://cellpainting-gallery/cpg0037-oasis/axiom/images/prod_25/images/plate_41002692/r15c21f08p01-ch3sk1fk1fl1.tiff,s3://cellpainting-gallery/cpg0037-oasis/axiom/images/prod_25/images/plate_41002692/r15c21f08p01-ch5sk1fk1fl1.tiff
p41002692_P10_s08,plate_41002692,P10,8.0,Metopimazine,OASIS1377,100.0,0.4990640878677368,0.4351870119571686,Others,O=C(N)C1CCN(CC1)CCCN2C3=C(SC4=CC=C(C=C24)S(=O)(C)=O)C=CC=C3,s3://cellpainting-gallery/cpg0037-oasis/axiom/images/prod_25/images/plate_41002692/r16c10f08p01-ch6sk1fk1fl1.tiff,s3://cellpainting-gallery/cpg0037-oasis/axiom/images/prod_25/images/plate_41002692/r16c10f08p01-ch1sk1fk1fl1.tiff,s3://cellpainting-gallery/cpg0037-oasis/axiom/images/prod_25/images/plate_41002692/r16c10f08p01-ch2sk1fk1fl1.tiff,s3://cellpainting-gallery/cpg0037-oasis/axiom/images/prod_25/images/plate_41002692/r16c10f08p01-ch4sk1fk1fl1.tiff,s3://cellpainting-gallery/cpg0037-oasis/axiom/images/prod_25/images/plate_41002692/r16c10f08p01-ch3sk1fk1fl1.tiff,s3://cellpainting-gallery/cpg0037-oasis/axiom/images/prod_25/images/plate_41002692/r16c10f08p01-ch5sk1fk1fl1.tiff
p41002692_P17_s08,plate_41002692,P17,8.0,Rivaroxaban,OASIS970,100.0,0.4125429391860962,0.20772340893745422,Factor Xa,O=C(N(C1=CC=C(N2C(COCC2)=O)C=C1)C3)O[C@H]3CNC(C4=CC=C(S4)Cl)=O,s3://cellpainting-gallery/cpg0037-oasis/axiom/images/prod_25/images/plate_41002692/r16c17f08p01-ch6sk1fk1fl1.tiff,s3://cellpainting-gallery/cpg0037-oasis/axiom/images/prod_25/images/plate_41002692/r16c17f08p01-ch1sk1fk1fl1.tiff,s3://cellpainting-gallery/cpg0037-oasis/axiom/images/prod_25/images/plate_41002692/r16c17f08p01-ch2sk1fk1fl1.tiff,s3://cellpainting-gallery/cpg0037-oasis/axiom/images/prod_25/images/plate_41002692/r16c17f08p01-ch4sk1fk1fl1.tiff,s3://cellpainting-gallery/cpg0037-oasis/axiom/images/prod_25/images/plate_41002692/r16c17f08p01-ch3sk1fk1fl1.tiff,s3://cellpainting-gallery/cpg0037-oasis/axiom/images/prod_25/images/plate_41002692/r16c17f08p01-ch5sk1fk1fl1.tiff
p41002692_P23_s08,plate_41002692,P23,8.0,Oxyphenbutazone,OASIS754,100.0,0.5548639893531799,0.3404105305671692,Bacterial; COX,O=C(C1CCCC)N(C2=CC=CC=C2)N(C3=CC=C(O)C=C3)C1=O,s3://cellpainting-gallery/cpg0037-oasis/axiom/images/prod_25/images/plate_41002692/r16c23f08p01-ch6sk1fk1fl1.tiff,s3://cellpainting-gallery/cpg0037-oasis/axiom/images/prod_25/images/plate_41002692/r16c23f08p01-ch1sk1fk1fl1.tiff,s3://cellpainting-gallery/cpg0037-oasis/axiom/images/prod_25/images/plate_41002692/r16c23f08p01-ch2sk1fk1fl1.tiff,s3://cellpainting-gallery/cpg0037-oasis/axiom/images/prod_25/images/plate_41002692/r16c23f08p01-ch4sk1fk1fl1.tiff,s3://cellpainting-gallery/cpg0037-oasis/axiom/images/prod_25/images/plate_41002692/r16c23f08p01-ch3sk1fk1fl1.tiff,s3://cellpainting-gallery/cpg0037-oasis/axiom/images/prod_25/images/plate_41002692/r16c23f08p01-ch5sk1fk1fl1.tiff
p41002692_P24_s08,plate_41002692,P24,8.0,Sildenafil,OASIS1223,100.0,0.5467134118080139,0.33499470353126526,Apoptosis; Autophagy; Bacterial; Phosphodiesterase (PDE),O=C1C(N(C)N=C2CCC)=C2N=C(C3=CC(S(=O)(N4CCN(C)CC4)=O)=CC=C3OCC)N1,s3://cellpainting-gallery/cpg0037-oasis/axiom/images/prod_25/images/plate_41002692/r16c24f08p01-ch6sk1fk1fl1.tiff,s3://cellpainting-gallery/cpg0037-oasis/axiom/images/prod_25/images/plate_41002692/r16c24f08p01-ch1sk1fk1fl1.tiff,s3://cellpainting-gallery/cpg0037-oasis/axiom/images/prod_25/images/plate_41002692/r16c24f08p01-ch2sk1fk1fl1.tiff,s3://cellpainting-gallery/cpg0037-oasis/axiom/images/prod_25/images/plate_41002692/r16c24f08p01-ch4sk1fk1fl1.tiff,s3://cellpainting-gallery/cpg0037-oasis/axiom/images/prod_25/images/plate_41002692/r16c24f08p01-ch3sk1fk1fl1.tiff,s3://cellpainting-gallery/cpg0037-oasis/axiom/images/prod_25/images/plate_41002692/r16c24f08p01-ch5sk1fk1fl1.tiff
p41002693_A14_s08,plate_41002693,A14,8.0,Prazosin,OASIS1067,100.0,0.029352666810154915,0.5924547910690308,Adrenergic Receptor,O=C(N1CCN(C2=NC(N)=C3C=C(OC)C(OC)=CC3=N2)CC1)C4=CC=CO4,s3://cellpainting-gallery/cpg0037-oasis/axiom/images/prod_25/images/plate_41002693/r01c14f08p01-ch6sk1fk1fl1.tiff,s3://cellpainting-gallery/cpg0037-oasis/axiom/images/prod_25/images/plate_41002693/r01c14f08p01-ch1sk1fk1fl1.tiff,s3://cellpainting-gallery/cpg0037-oasis/axiom/images/prod_25/images/plate_41002693/r01c14f08p01-ch2sk1fk1fl1.tiff,s3://cellpainting-gallery/cpg0037-oasis/axiom/images/prod_25/images/plate_41002693/r01c14f08p01-ch4sk1fk1fl1.tiff,s3://cellpainting-gallery/cpg0037-oasis/axiom/images/prod_25/images/plate_41002693/r01c14f08p01-ch3sk1fk1fl1.tiff,s3://cellpainting-gallery/cpg0037-oasis/axiom/images/prod_25/images/plate_41002693/r01c14f08p01-ch5sk1fk1fl1.tiff
p41002693_A19_s08,plate_41002693,A19,8.0,Compound_700a50fe,,100.0,0.4209297299385071,0.1281026154756546,,,s3://cellpainting-gallery/cpg0037-oasis/axiom/images/prod_25/images/plate_41002693/r01c19f08p01-ch6sk1fk1fl1.tiff,s3://cellpainting-gallery/cpg0037-oasis/axiom/images/prod_25/images/plate_41002693/r01c19f08p01-ch1sk1fk1fl1.tiff,s3://cellpainting-gallery/cpg0037-oasis/axiom/images/prod_25/images/plate_41002693/r01c19f08p01-ch2sk1fk1fl1.tiff,s3://cellpainting-gallery/cpg0037-oasis/axiom/images/prod_25/images/plate_41002693/r01c19f08p01-ch4sk1fk1fl1.tiff,s3://cellpainting-gallery/cpg0037-oasis/axiom/images/prod_25/images/plate_41002693/r01c19f08p01-ch3sk1fk1fl1.tiff,s3://cellpainting-gallery/cpg0037-oasis/axiom/images/prod_25/images/plate_41002693/r01c19f08p01-ch5sk1fk1fl1.tiff
p41002693_A22_s08,plate_41002693,A22,8.0,Istradefylline,OASIS1891,100.0,0.24918539822101593,0.223704531788826,Adenosine Receptor,O=C1C2=C(N=C(/C=C/C3=CC(OC)=C(OC)C=C3)N2C)N(CC)C(N1CC)=O,s3://cellpainting-gallery/cpg0037-oasis/axiom/images/prod_25/images/plate_41002693/r01c22f08p01-ch6sk1fk1fl1.tiff,s3://cellpainting-gallery/cpg0037-oasis/axiom/images/prod_25/images/plate_41002693/r01c22f08p01-ch1sk1fk1fl1.tiff,s3://cellpainting-gallery/cpg0037-oasis/axiom/images/prod_25/images/plate_41002693/r01c22f08p01-ch2sk1fk1fl1.tiff,s3://cellpainting-gallery/cpg0037-oasis/axiom/images/prod_25/images/plate_41002693/r01c22f08p01-ch4sk1fk1fl1.tiff,s3://cellpainting-gallery/cpg0037-oasis/axiom/images/prod_25/images/plate_41002693/r01c22f08p01-ch3sk1fk1fl1.tiff,s3://cellpainting-gallery/cpg0037-oasis/axiom/images/prod_25/images/plate_41002693/r01c22f08p01-ch5sk1fk1fl1.tiff
p41002693_B10_s08,plate_41002693,B10,8.0,Ivosidenib,OASIS1896,100.0,0.5552025437355042,0.02157476171851158,Isocitrate Dehydrogenase (IDH),ClC1=C([C@H](N(C2=CC(F)=CN=C2)C([C@H]3N(C4=NC=CC(C#N)=C4)C(CC3)=O)=O)C(NC5CC(F)(F)C5)=O)C=CC=C1,s3://cellpainting-gallery/cpg0037-oasis/axiom/images/prod_25/images/plate_41002693/r02c10f08p01-ch6sk1fk1fl1.tiff,s3://cellpainting-gallery/cpg0037-oasis/axiom/images/prod_25/images/plate_41002693/r02c10f08p01-ch1sk1fk1fl1.tiff,s3://cellpainting-gallery/cpg0037-oasis/axiom/images/prod_25/images/plate_41002693/r02c10f08p01-ch2sk1fk1fl1.tiff,s3://cellpainting-gallery/cpg0037-oasis/axiom/images/prod_25/images/plate_41002693/r02c10f08p01-ch4sk1fk1fl1.tiff,s3://cellpainting-gallery/cpg0037-oasis/axiom/images/prod_25/images/plate_41002693/r02c10f08p01-ch3sk1fk1fl1.tiff,s3://cellpainting-gallery/cpg0037-oasis/axiom/images/prod_25/images/plate_41002693/r02c10f08p01-ch5sk1fk1fl1.tiff
p41002693_B12_s08,plate_41002693,B12,8.0,DMSO,,0.0,1.0117301940917969,0.029769212007522583,,,s3://cellpainting-gallery/cpg0037-oasis/axiom/images/prod_25/images/plate_41002693/r02c12f08p01-ch6sk1fk1fl1.tiff,s3://cellpainting-gallery/cpg0037-oasis/axiom/images/prod_25/images/plate_41002693/r02c12f08p01-ch1sk1fk1fl1.tiff,s3://cellpainting-gallery/cpg0037-oasis/axiom/images/prod_25/images/plate_41002693/r02c12f08p01-ch2sk1fk1fl1.tiff,s3://cellpainting-gallery/cpg0037-oasis/axiom/images/prod_25/images/plate_41002693/r02c12f08p01-ch4sk1fk1fl1.tiff,s3://cellpainting-gallery/cpg0037-oasis/axiom/images/prod_25/images/plate_41002693/r02c12f08p01-ch3sk1fk1fl1.tiff,s3://cellpainting-gallery/cpg0037-oasis/axiom/images/prod_25/images/plate_41002693/r02c12f08p01-ch5sk1fk1fl1.tiff
p41002693_B15_s08,plate_41002693,B15,8.0,Trazodone,OASIS1146,100.0,0.24668730795383453,0.07893591374158859,5-HT Receptor,O=C1N(CCCN2CCN(C3=CC=CC(Cl)=C3)CC2)N=C4C=CC=CN41,s3://cellpainting-gallery/cpg0037-oasis/axiom/images/prod_25/images/plate_41002693/r02c15f08p01-ch6sk1fk1fl1.tiff,s3://cellpainting-gallery/cpg0037-oasis/axiom/images/prod_25/images/plate_41002693/r02c15f08p01-ch1sk1fk1fl1.tiff,s3://cellpainting-gallery/cpg0037-oasis/axiom/images/prod_25/images/plate_41002693/r02c15f08p01-ch2sk1fk1fl1.tiff,s3://cellpainting-gallery/cpg0037-oasis/axiom/images/prod_25/images/plate_41002693/r02c15f08p01-ch4sk1fk1fl1.tiff,s3://cellpainting-gallery/cpg0037-oasis/axiom/images/prod_25/images/plate_41002693/r02c15f08p01-ch3sk1fk1fl1.tiff,s3://cellpainting-gallery/cpg0037-oasis/axiom/images/prod_25/images/plate_41002693/r02c15f08p01-ch5sk1fk1fl1.tiff
p41002693_B17_s08,plate_41002693,B17,8.0,Tolterodine,OASIS931,100.0,0.5502063632011414,0.25921380519866943,mAChR,CC(C)N(C(C)C)CC[C@H](C1=CC=CC=C1)C2=C(O)C=CC(C)=C2,s3://cellpainting-gallery/cpg0037-oasis/axiom/images/prod_25/images/plate_41002693/r02c17f08p01-ch6sk1fk1fl1.tiff,s3://cellpainting-gallery/cpg0037-oasis/axiom/images/prod_25/images/plate_41002693/r02c17f08p01-ch1sk1fk1fl1.tiff,s3://cellpainting-gallery/cpg0037-oasis/axiom/images/prod_25/images/plate_41002693/r02c17f08p01-ch2sk1fk1fl1.tiff,s3://cellpainting-gallery/cpg0037-oasis/axiom/images/prod_25/images/plate_41002693/r02c17f08p01-ch4sk1fk1fl1.tiff,s3://cellpainting-gallery/cpg0037-oasis/axiom/images/prod_25/images/plate_41002693/r02c17f08p01-ch3sk1fk1fl1.tiff,s3://cellpainting-gallery/cpg0037-oasis/axiom/images/prod_25/images/plate_41002693/r02c17f08p01-ch5sk1fk1fl1.tiff
p41002693_B20_s08,plate_41002693,B20,8.0,DMSO,,0.0,1.137884259223938,0.0024543784093111753,,,s3://cellpainting-gallery/cpg0037-oasis/axiom/images/prod_25/images/plate_41002693/r02c20f08p01-ch6sk1fk1fl1.tiff,s3://cellpainting-gallery/cpg0037-oasis/axiom/images/prod_25/images/plate_41002693/r02c20f08p01-ch1sk1fk1fl1.tiff,s3://cellpainting-gallery/cpg0037-oasis/axiom/images/prod_25/images/plate_41002693/r02c20f08p01-ch2sk1fk1fl1.tiff,s3://cellpainting-gallery/cpg0037-oasis/axiom/images/prod_25/images/plate_41002693/r02c20f08p01-ch4sk1fk1fl1.tiff,s3://cellpainting-gallery/cpg0037-oasis/axiom/images/prod_25/images/plate_41002693/r02c20f08p01-ch3sk1fk1fl1.tiff,s3://cellpainting-gallery/cpg0037-oasis/axiom/images/prod_25/images/plate_41002693/r02c20f08p01-ch5sk1fk1fl1.tiff
p41002693_B21_s08,plate_41002693,B21,8.0,Piperacetazine,OASIS1320,100.0,0.03185076639056206,0.5487510561943054,Others,CC(C(C=C1N2CCCN3CCC(CCO)CC3)=CC=C1SC4=C2C=CC=C4)=O,s3://cellpainting-gallery/cpg0037-oasis/axiom/images/prod_25/images/plate_41002693/r02c21f08p01-ch6sk1fk1fl1.tiff,s3://cellpainting-gallery/cpg0037-oasis/axiom/images/prod_25/images/plate_41002693/r02c21f08p01-ch1sk1fk1fl1.tiff,s3://cellpainting-gallery/cpg0037-oasis/axiom/images/prod_25/images/plate_41002693/r02c21f08p01-ch2sk1fk1fl1.tiff,s3://cellpainting-gallery/cpg0037-oasis/axiom/images/prod_25/images/plate_41002693/r02c21f08p01-ch4sk1fk1fl1.tiff,s3://cellpainting-gallery/cpg0037-oasis/axiom/images/prod_25/images/plate_41002693/r02c21f08p01-ch3sk1fk1fl1.tiff,s3://cellpainting-gallery/cpg0037-oasis/axiom/images/prod_25/images/plate_41002693/r02c21f08p01-ch5sk1fk1fl1.tiff
p41002693_B23_s08,plate_41002693,B23,8.0,Terfenadine,OASIS822,100.0,0.02060931921005249,0.7153715491294861,Apoptosis; Caspase; Histamine Receptor; Na+/Ca2+ Exchanger; Potassium Channel,OC(C1=CC=C(C(C)(C)C)C=C1)CCCN2CCC(C(C3=CC=CC=C3)(O)C4=CC=CC=C4)CC2,s3://cellpainting-gallery/cpg0037-oasis/axiom/images/prod_25/images/plate_41002693/r02c23f08p01-ch6sk1fk1fl1.tiff,s3://cellpainting-gallery/cpg0037-oasis/axiom/images/prod_25/images/plate_41002693/r02c23f08p01-ch1sk1fk1fl1.tiff,s3://cellpainting-gallery/cpg0037-oasis/axiom/images/prod_25/images/plate_41002693/r02c23f08p01-ch2sk1fk1fl1.tiff,s3://cellpainting-gallery/cpg0037-oasis/axiom/images/prod_25/images/plate_41002693/r02c23f08p01-ch4sk1fk1fl1.tiff,s3://cellpainting-gallery/cpg0037-oasis/axiom/images/prod_25/images/plate_41002693/r02c23f08p01-ch3sk1fk1fl1.tiff,s3://cellpainting-gallery/cpg0037-oasis/axiom/images/prod_25/images/plate_41002693/r02c23f08p01-ch5sk1fk1fl1.tiff
p41002693_C11_s08,plate_41002693,C11,8.0,Loratadine,OASIS302,100.0,0.640762448310852,0.06527849286794662,Dengue virus; Flavivirus; Histamine Receptor,O=C(N1CC/C(CC1)=C2C3=CC=C(Cl)C=C3CCC4=CC=CN=C4\2)OCC,s3://cellpainting-gallery/cpg0037-oasis/axiom/images/prod_25/images/plate_41002693/r03c11f08p01-ch6sk1fk1fl1.tiff,s3://cellpainting-gallery/cpg0037-oasis/axiom/images/prod_25/images/plate_41002693/r03c11f08p01-ch1sk1fk1fl1.tiff,s3://cellpainting-gallery/cpg0037-oasis/axiom/images/prod_25/images/plate_41002693/r03c11f08p01-ch2sk1fk1fl1.tiff,s3://cellpainting-gallery/cpg0037-oasis/axiom/images/prod_25/images/plate_41002693/r03c11f08p01-ch4sk1fk1fl1.tiff,s3://cellpainting-gallery/cpg0037-oasis/axiom/images/prod_25/images/plate_41002693/r03c11f08p01-ch3sk1fk1fl1.tiff,s3://cellpainting-gallery/cpg0037-oasis/axiom/images/prod_25/images/plate_41002693/r03c11f08p01-ch5sk1fk1fl1.tiff
p41002693_C15_s08,plate_41002693,C15,8.0,Ethacrynic acid,OASIS934,100.0,0.0518355593085289,0.5460195541381836,Calcium Channel; Glutathione S-transferase; NF-κB; NO Synthase,O=C(O)COC1=CC=C(C(C(CC)=C)=O)C(Cl)=C1Cl,s3://cellpainting-gallery/cpg0037-oasis/axiom/images/prod_25/images/plate_41002693/r03c15f08p01-ch6sk1fk1fl1.tiff,s3://cellpainting-gallery/cpg0037-oasis/axiom/images/prod_25/images/plate_41002693/r03c15f08p01-ch1sk1fk1fl1.tiff,s3://cellpainting-gallery/cpg0037-oasis/axiom/images/prod_25/images/plate_41002693/r03c15f08p01-ch2sk1fk1fl1.tiff,s3://cellpainting-gallery/cpg0037-oasis/axiom/images/prod_25/images/plate_41002693/r03c15f08p01-ch4sk1fk1fl1.tiff,s3://cellpainting-gallery/cpg0037-oasis/axiom/images/prod_25/images/plate_41002693/r03c15f08p01-ch3sk1fk1fl1.tiff,s3://cellpainting-gallery/cpg0037-oasis/axiom/images/prod_25/images/plate_41002693/r03c15f08p01-ch5sk1fk1fl1.tiff
p41002693_C21_s08,plate_41002693,C21,8.0,Isradipine,OASIS1014,100.0,0.6757358312606812,0.05435256287455559,Autophagy; Calcium Channel,O=C(C1=C(C)NC(C)=C(C(OC(C)C)=O)C1C2=CC=CC3=NON=C23)OC,s3://cellpainting-gallery/cpg0037-oasis/axiom/images/prod_25/images/plate_41002693/r03c21f08p01-ch6sk1fk1fl1.tiff,s3://cellpainting-gallery/cpg0037-oasis/axiom/images/prod_25/images/plate_41002693/r03c21f08p01-ch1sk1fk1fl1.tiff,s3://cellpainting-gallery/cpg0037-oasis/axiom/images/prod_25/images/plate_41002693/r03c21f08p01-ch2sk1fk1fl1.tiff,s3://cellpainting-gallery/cpg0037-oasis/axiom/images/prod_25/images/plate_41002693/r03c21f08p01-ch4sk1fk1fl1.tiff,s3://cellpainting-gallery/cpg0037-oasis/axiom/images/prod_25/images/plate_41002693/r03c21f08p01-ch3sk1fk1fl1.tiff,s3://cellpainting-gallery/cpg0037-oasis/axiom/images/prod_25/images/plate_41002693/r03c21f08p01-ch5sk1fk1fl1.tiff
p41002693_C24_s08,plate_41002693,C24,8.0,Fluspirilene,OASIS1345,100.0,0.09555229544639587,0.611575186252594,Calcium Channel,O=C1NCN(C2=CC=CC=C2)C13CCN(CCCC(C4=CC=C(F)C=C4)C5=CC=C(F)C=C5)CC3,s3://cellpainting-gallery/cpg0037-oasis/axiom/images/prod_25/images/plate_41002693/r03c24f08p01-ch6sk1fk1fl1.tiff,s3://cellpainting-gallery/cpg0037-oasis/axiom/images/prod_25/images/plate_41002693/r03c24f08p01-ch1sk1fk1fl1.tiff,s3://cellpainting-gallery/cpg0037-oasis/axiom/images/prod_25/images/plate_41002693/r03c24f08p01-ch2sk1fk1fl1.tiff,s3://cellpainting-gallery/cpg0037-oasis/axiom/images/prod_25/images/plate_41002693/r03c24f08p01-ch4sk1fk1fl1.tiff,s3://cellpainting-gallery/cpg0037-oasis/axiom/images/prod_25/images/plate_41002693/r03c24f08p01-ch3sk1fk1fl1.tiff,s3://cellpainting-gallery/cpg0037-oasis/axiom/images/prod_25/images/plate_41002693/r03c24f08p01-ch5sk1fk1fl1.tiff
p41002693_D10_s08,plate_41002693,D10,8.0,Compound_255ef47f,,100.0,0.019360268488526344,0.45588061213493347,,,s3://cellpainting-gallery/cpg0037-oasis/axiom/images/prod_25/images/plate_41002693/r04c10f08p01-ch6sk1fk1fl1.tiff,s3://cellpainting-gallery/cpg0037-oasis/axiom/images/prod_25/images/plate_41002693/r04c10f08p01-ch1sk1fk1fl1.tiff,s3://cellpainting-gallery/cpg0037-oasis/axiom/images/prod_25/images/plate_41002693/r04c10f08p01-ch2sk1fk1fl1.tiff,s3://cellpainting-gallery/cpg0037-oasis/axiom/images/prod_25/images/plate_41002693/r04c10f08p01-ch4sk1fk1fl1.tiff,s3://cellpainting-gallery/cpg0037-oasis/axiom/images/prod_25/images/plate_41002693/r04c10f08p01-ch3sk1fk1fl1.tiff,s3://cellpainting-gallery/cpg0037-oasis/axiom/images/prod_25/images/plate_41002693/r04c10f08p01-ch5sk1fk1fl1.tiff
p41002693_D12_s08,plate_41002693,D12,8.0,DMSO,,0.0,0.8755837678909302,-0.0494438037276268,,,s3://cellpainting-gallery/cpg0037-oasis/axiom/images/prod_25/images/plate_41002693/r04c12f08p01-ch6sk1fk1fl1.tiff,s3://cellpainting-gallery/cpg0037-oasis/axiom/images/prod_25/images/plate_41002693/r04c12f08p01-ch1sk1fk1fl1.tiff,s3://cellpainting-gallery/cpg0037-oasis/axiom/images/prod_25/images/plate_41002693/r04c12f08p01-ch2sk1fk1fl1.tiff,s3://cellpainting-gallery/cpg0037-oasis/axiom/images/prod_25/images/plate_41002693/r04c12f08p01-ch4sk1fk1fl1.tiff,s3://cellpainting-gallery/cpg0037-oasis/axiom/images/prod_25/images/plate_41002693/r04c12f08p01-ch3sk1fk1fl1.tiff,s3://cellpainting-gallery/cpg0037-oasis/axiom/images/prod_25/images/plate_41002693/r04c12f08p01-ch5sk1fk1fl1.tiff
p41002693_D13_s08,plate_41002693,D13,8.0,Omeprazole,OASIS062,100.0,0.6688660979270935,0.06254701316356659,Autophagy; Bacterial; Phospholipase; Proton Pump,O=S(C1=NC2=CC=C(OC)C=C2N1)CC3=NC=C(C)C(OC)=C3C,s3://cellpainting-gallery/cpg0037-oasis/axiom/images/prod_25/images/plate_41002693/r04c13f08p01-ch6sk1fk1fl1.tiff,s3://cellpainting-gallery/cpg0037-oasis/axiom/images/prod_25/images/plate_41002693/r04c13f08p01-ch1sk1fk1fl1.tiff,s3://cellpainting-gallery/cpg0037-oasis/axiom/images/prod_25/images/plate_41002693/r04c13f08p01-ch2sk1fk1fl1.tiff,s3://cellpainting-gallery/cpg0037-oasis/axiom/images/prod_25/images/plate_41002693/r04c13f08p01-ch4sk1fk1fl1.tiff,s3://cellpainting-gallery/cpg0037-oasis/axiom/images/prod_25/images/plate_41002693/r04c13f08p01-ch3sk1fk1fl1.tiff,s3://cellpainting-gallery/cpg0037-oasis/axiom/images/prod_25/images/plate_41002693/r04c13f08p01-ch5sk1fk1fl1.tiff
p41002693_D17_s08,plate_41002693,D17,8.0,Vortioxetine,OASIS1912,100.0,0.018735744059085846,0.5569455027580261,5-HT Receptor; Serotonin Transporter,CC1=CC=C(SC2=CC=CC=C2N3CCNCC3)C(C)=C1,s3://cellpainting-gallery/cpg0037-oasis/axiom/images/prod_25/images/plate_41002693/r04c17f08p01-ch6sk1fk1fl1.tiff,s3://cellpainting-gallery/cpg0037-oasis/axiom/images/prod_25/images/plate_41002693/r04c17f08p01-ch1sk1fk1fl1.tiff,s3://cellpainting-gallery/cpg0037-oasis/axiom/images/prod_25/images/plate_41002693/r04c17f08p01-ch2sk1fk1fl1.tiff,s3://cellpainting-gallery/cpg0037-oasis/axiom/images/prod_25/images/plate_41002693/r04c17f08p01-ch4sk1fk1fl1.tiff,s3://cellpainting-gallery/cpg0037-oasis/axiom/images/prod_25/images/plate_41002693/r04c17f08p01-ch3sk1fk1fl1.tiff,s3://cellpainting-gallery/cpg0037-oasis/axiom/images/prod_25/images/plate_41002693/r04c17f08p01-ch5sk1fk1fl1.tiff
p41002693_D18_s08,plate_41002693,D18,8.0,Pitolisant (hydrochloride),OASIS1843,100.0,0.685103714466095,0.13356557488441467,Histamine Receptor,ClC(C=C1)=CC=C1CCCOCCCN2CCCCC2.Cl,s3://cellpainting-gallery/cpg0037-oasis/axiom/images/prod_25/images/plate_41002693/r04c18f08p01-ch6sk1fk1fl1.tiff,s3://cellpainting-gallery/cpg0037-oasis/axiom/images/prod_25/images/plate_41002693/r04c18f08p01-ch1sk1fk1fl1.tiff,s3://cellpainting-gallery/cpg0037-oasis/axiom/images/prod_25/images/plate_41002693/r04c18f08p01-ch2sk1fk1fl1.tiff,s3://cellpainting-gallery/cpg0037-oasis/axiom/images/prod_25/images/plate_41002693/r04c18f08p01-ch4sk1fk1fl1.tiff,s3://cellpainting-gallery/cpg0037-oasis/axiom/images/prod_25/images/plate_41002693/r04c18f08p01-ch3sk1fk1fl1.tiff,s3://cellpainting-gallery/cpg0037-oasis/axiom/images/prod_25/images/plate_41002693/r04c18f08p01-ch5sk1fk1fl1.tiff
p41002693_D19_s08,plate_41002693,D19,8.0,Levomepromazine,OASIS720,100.0,0.5726892352104187,0.21824155747890472,5-HT Receptor; Dopamine Receptor,COC1=CC=C2SC3=C(N(C2=C1)C[C@@H](CN(C)C)C)C=CC=C3,s3://cellpainting-gallery/cpg0037-oasis/axiom/images/prod_25/images/plate_41002693/r04c19f08p01-ch6sk1fk1fl1.tiff,s3://cellpainting-gallery/cpg0037-oasis/axiom/images/prod_25/images/plate_41002693/r04c19f08p01-ch1sk1fk1fl1.tiff,s3://cellpainting-gallery/cpg0037-oasis/axiom/images/prod_25/images/plate_41002693/r04c19f08p01-ch2sk1fk1fl1.tiff,s3://cellpainting-gallery/cpg0037-oasis/axiom/images/prod_25/images/plate_41002693/r04c19f08p01-ch4sk1fk1fl1.tiff,s3://cellpainting-gallery/cpg0037-oasis/axiom/images/prod_25/images/plate_41002693/r04c19f08p01-ch3sk1fk1fl1.tiff,s3://cellpainting-gallery/cpg0037-oasis/axiom/images/prod_25/images/plate_41002693/r04c19f08p01-ch5sk1fk1fl1.tiff
p41002693_E10_s08,plate_41002693,E10,8.0,Fluvoxamine,OASIS840,100.0,0.02747909165918827,0.3684731423854828,Serotonin Transporter,FC(C1=CC=C(/C(CCCCOC)=N/OCCN)C=C1)(F)F,s3://cellpainting-gallery/cpg0037-oasis/axiom/images/prod_25/images/plate_41002693/r05c10f08p01-ch6sk1fk1fl1.tiff,s3://cellpainting-gallery/cpg0037-oasis/axiom/images/prod_25/images/plate_41002693/r05c10f08p01-ch1sk1fk1fl1.tiff,s3://cellpainting-gallery/cpg0037-oasis/axiom/images/prod_25/images/plate_41002693/r05c10f08p01-ch2sk1fk1fl1.tiff,s3://cellpainting-gallery/cpg0037-oasis/axiom/images/prod_25/images/plate_41002693/r05c10f08p01-ch4sk1fk1fl1.tiff,s3://cellpainting-gallery/cpg0037-oasis/axiom/images/prod_25/images/plate_41002693/r05c10f08p01-ch3sk1fk1fl1.tiff,s3://cellpainting-gallery/cpg0037-oasis/axiom/images/prod_25/images/plate_41002693/r05c10f08p01-ch5sk1fk1fl1.tiff
p41002693_E11_s08,plate_41002693,E11,8.0,Tivozanib,OASIS1776,100.0,0.1711197942495346,0.046158112585544586,VEGFR,O=C(NC1=CC=C(C=C1Cl)OC2=CC=NC3=CC(OC)=C(C=C23)OC)NC4=NOC(C)=C4,s3://cellpainting-gallery/cpg0037-oasis/axiom/images/prod_25/images/plate_41002693/r05c11f08p01-ch6sk1fk1fl1.tiff,s3://cellpainting-gallery/cpg0037-oasis/axiom/images/prod_25/images/plate_41002693/r05c11f08p01-ch1sk1fk1fl1.tiff,s3://cellpainting-gallery/cpg0037-oasis/axiom/images/prod_25/images/plate_41002693/r05c11f08p01-ch2sk1fk1fl1.tiff,s3://cellpainting-gallery/cpg0037-oasis/axiom/images/prod_25/images/plate_41002693/r05c11f08p01-ch4sk1fk1fl1.tiff,s3://cellpainting-gallery/cpg0037-oasis/axiom/images/prod_25/images/plate_41002693/r05c11f08p01-ch3sk1fk1fl1.tiff,s3://cellpainting-gallery/cpg0037-oasis/axiom/images/prod_25/images/plate_41002693/r05c11f08p01-ch5sk1fk1fl1.tiff
p41002693_E14_s08,plate_41002693,E14,8.0,Compound_f4ce8b04,,100.0,0.6107852458953857,0.007917345501482487,,,s3://cellpainting-gallery/cpg0037-oasis/axiom/images/prod_25/images/plate_41002693/r05c14f08p01-ch6sk1fk1fl1.tiff,s3://cellpainting-gallery/cpg0037-oasis/axiom/images/prod_25/images/plate_41002693/r05c14f08p01-ch1sk1fk1fl1.tiff,s3://cellpainting-gallery/cpg0037-oasis/axiom/images/prod_25/images/plate_41002693/r05c14f08p01-ch2sk1fk1fl1.tiff,s3://cellpainting-gallery/cpg0037-oasis/axiom/images/prod_25/images/plate_41002693/r05c14f08p01-ch4sk1fk1fl1.tiff,s3://cellpainting-gallery/cpg0037-oasis/axiom/images/prod_25/images/plate_41002693/r05c14f08p01-ch3sk1fk1fl1.tiff,s3://cellpainting-gallery/cpg0037-oasis/axiom/images/prod_25/images/plate_41002693/r05c14f08p01-ch5sk1fk1fl1.tiff
p41002693_E16_s08,plate_41002693,E16,8.0,β-Naphthoflavone,OASIS330,100.0,0.8043879866600037,-0.01120303850620985,Apoptosis; Aryl Hydrocarbon Receptor,O=C1C2=C3C=CC=CC3=CC=C2OC(C4=CC=CC=C4)=C1,s3://cellpainting-gallery/cpg0037-oasis/axiom/images/prod_25/images/plate_41002693/r05c16f08p01-ch6sk1fk1fl1.tiff,s3://cellpainting-gallery/cpg0037-oasis/axiom/images/prod_25/images/plate_41002693/r05c16f08p01-ch1sk1fk1fl1.tiff,s3://cellpainting-gallery/cpg0037-oasis/axiom/images/prod_25/images/plate_41002693/r05c16f08p01-ch2sk1fk1fl1.tiff,s3://cellpainting-gallery/cpg0037-oasis/axiom/images/prod_25/images/plate_41002693/r05c16f08p01-ch4sk1fk1fl1.tiff,s3://cellpainting-gallery/cpg0037-oasis/axiom/images/prod_25/images/plate_41002693/r05c16f08p01-ch3sk1fk1fl1.tiff,s3://cellpainting-gallery/cpg0037-oasis/axiom/images/prod_25/images/plate_41002693/r05c16f08p01-ch5sk1fk1fl1.tiff
p41002693_E19_s08,plate_41002693,E19,8.0,Irinotecan,OASIS744,100.0,0.47089171409606934,0.16361188888549805,Autophagy; Topoisomerase,O=C(N1CCC(N2CCCCC2)CC1)OC3=CC=C4N=C5C(CN6C(C(COC([C@@]7(CC)O)=O)=C7C=C65)=O)=C(CC)C4=C3,s3://cellpainting-gallery/cpg0037-oasis/axiom/images/prod_25/images/plate_41002693/r05c19f08p01-ch6sk1fk1fl1.tiff,s3://cellpainting-gallery/cpg0037-oasis/axiom/images/prod_25/images/plate_41002693/r05c19f08p01-ch1sk1fk1fl1.tiff,s3://cellpainting-gallery/cpg0037-oasis/axiom/images/prod_25/images/plate_41002693/r05c19f08p01-ch2sk1fk1fl1.tiff,s3://cellpainting-gallery/cpg0037-oasis/axiom/images/prod_25/images/plate_41002693/r05c19f08p01-ch4sk1fk1fl1.tiff,s3://cellpainting-gallery/cpg0037-oasis/axiom/images/prod_25/images/plate_41002693/r05c19f08p01-ch3sk1fk1fl1.tiff,s3://cellpainting-gallery/cpg0037-oasis/axiom/images/prod_25/images/plate_41002693/r05c19f08p01-ch5sk1fk1fl1.tiff
p41002693_E21_s08,plate_41002693,E21,8.0,Gabapentin enacarbil,OASIS1791,100.0,0.9911208748817444,-0.04671232029795647,Calcium Channel,O=C(O)CC1(CNC(OC(OC(C(C)C)=O)C)=O)CCCCC1,s3://cellpainting-gallery/cpg0037-oasis/axiom/images/prod_25/images/plate_41002693/r05c21f08p01-ch6sk1fk1fl1.tiff,s3://cellpainting-gallery/cpg0037-oasis/axiom/images/prod_25/images/plate_41002693/r05c21f08p01-ch1sk1fk1fl1.tiff,s3://cellpainting-gallery/cpg0037-oasis/axiom/images/prod_25/images/plate_41002693/r05c21f08p01-ch2sk1fk1fl1.tiff,s3://cellpainting-gallery/cpg0037-oasis/axiom/images/prod_25/images/plate_41002693/r05c21f08p01-ch4sk1fk1fl1.tiff,s3://cellpainting-gallery/cpg0037-oasis/axiom/images/prod_25/images/plate_41002693/r05c21f08p01-ch3sk1fk1fl1.tiff,s3://cellpainting-gallery/cpg0037-oasis/axiom/images/prod_25/images/plate_41002693/r05c21f08p01-ch5sk1fk1fl1.tiff
p41002693_E22_s08,plate_41002693,E22,8.0,Macitentan,OASIS1840,100.0,0.8974421620368958,-0.04398083686828613,Apoptosis; Endothelin Receptor,BrC1=CN=C(OCCOC2=C(C3=CC=C(Br)C=C3)C(NS(NCCC)(=O)=O)=NC=N2)N=C1,s3://cellpainting-gallery/cpg0037-oasis/axiom/images/prod_25/images/plate_41002693/r05c22f08p01-ch6sk1fk1fl1.tiff,s3://cellpainting-gallery/cpg0037-oasis/axiom/images/prod_25/images/plate_41002693/r05c22f08p01-ch1sk1fk1fl1.tiff,s3://cellpainting-gallery/cpg0037-oasis/axiom/images/prod_25/images/plate_41002693/r05c22f08p01-ch2sk1fk1fl1.tiff,s3://cellpainting-gallery/cpg0037-oasis/axiom/images/prod_25/images/plate_41002693/r05c22f08p01-ch4sk1fk1fl1.tiff,s3://cellpainting-gallery/cpg0037-oasis/axiom/images/prod_25/images/plate_41002693/r05c22f08p01-ch3sk1fk1fl1.tiff,s3://cellpainting-gallery/cpg0037-oasis/axiom/images/prod_25/images/plate_41002693/r05c22f08p01-ch5sk1fk1fl1.tiff
p41002693_E23_s08,plate_41002693,E23,8.0,Etravirine,OASIS886,100.0,0.8212501406669617,0.18819524347782135,HIV; Reverse Transcriptase,N#CC1=CC(C)=C(C(C)=C1)OC2=NC(NC3=CC=C(C=C3)C#N)=NC(N)=C2Br,s3://cellpainting-gallery/cpg0037-oasis/axiom/images/prod_25/images/plate_41002693/r05c23f08p01-ch6sk1fk1fl1.tiff,s3://cellpainting-gallery/cpg0037-oasis/axiom/images/prod_25/images/plate_41002693/r05c23f08p01-ch1sk1fk1fl1.tiff,s3://cellpainting-gallery/cpg0037-oasis/axiom/images/prod_25/images/plate_41002693/r05c23f08p01-ch2sk1fk1fl1.tiff,s3://cellpainting-gallery/cpg0037-oasis/axiom/images/prod_25/images/plate_41002693/r05c23f08p01-ch4sk1fk1fl1.tiff,s3://cellpainting-gallery/cpg0037-oasis/axiom/images/prod_25/images/plate_41002693/r05c23f08p01-ch3sk1fk1fl1.tiff,s3://cellpainting-gallery/cpg0037-oasis/axiom/images/prod_25/images/plate_41002693/r05c23f08p01-ch5sk1fk1fl1.tiff
p41002693_E24_s08,plate_41002693,E24,8.0,Enzalutamide,OASIS1748,100.0,0.24918539822101593,0.1281026154756546,Androgen Receptor; Autophagy,S=C(N(C(C1(C)C)=O)C2=CC=C(C#N)C(C(F)(F)F)=C2)N1C3=CC(F)=C(C(NC)=O)C=C3,s3://cellpainting-gallery/cpg0037-oasis/axiom/images/prod_25/images/plate_41002693/r05c24f08p01-ch6sk1fk1fl1.tiff,s3://cellpainting-gallery/cpg0037-oasis/axiom/images/prod_25/images/plate_41002693/r05c24f08p01-ch1sk1fk1fl1.tiff,s3://cellpainting-gallery/cpg0037-oasis/axiom/images/prod_25/images/plate_41002693/r05c24f08p01-ch2sk1fk1fl1.tiff,s3://cellpainting-gallery/cpg0037-oasis/axiom/images/prod_25/images/plate_41002693/r05c24f08p01-ch4sk1fk1fl1.tiff,s3://cellpainting-gallery/cpg0037-oasis/axiom/images/prod_25/images/plate_41002693/r05c24f08p01-ch3sk1fk1fl1.tiff,s3://cellpainting-gallery/cpg0037-oasis/axiom/images/prod_25/images/plate_41002693/r05c24f08p01-ch5sk1fk1fl1.tiff
p41002693_F10_s08,plate_41002693,F10,8.0,Edoxaban (tosylate),OASIS1737,100.0,0.785652220249176,-0.00027710487484000623,Factor Xa; Thrombin,O=C(N(C)C)[C@@H](CC1)C[C@H]([C@H]1NC(C(NC(C=C2)=NC=C2Cl)=O)=O)NC(C3=NC(CC4)=C(CN4C)S3)=O.O=S(C5=CC=C(C)C=C5)(O)=O,s3://cellpainting-gallery/cpg0037-oasis/axiom/images/prod_25/images/plate_41002693/r06c10f08p01-ch6sk1fk1fl1.tiff,s3://cellpainting-gallery/cpg0037-oasis/axiom/images/prod_25/images/plate_41002693/r06c10f08p01-ch1sk1fk1fl1.tiff,s3://cellpainting-gallery/cpg0037-oasis/axiom/images/prod_25/images/plate_41002693/r06c10f08p01-ch2sk1fk1fl1.tiff,s3://cellpainting-gallery/cpg0037-oasis/axiom/images/prod_25/images/plate_41002693/r06c10f08p01-ch4sk1fk1fl1.tiff,s3://cellpainting-gallery/cpg0037-oasis/axiom/images/prod_25/images/plate_41002693/r06c10f08p01-ch3sk1fk1fl1.tiff,s3://cellpainting-gallery/cpg0037-oasis/axiom/images/prod_25/images/plate_41002693/r06c10f08p01-ch5sk1fk1fl1.tiff
p41002693_F11_s08,plate_41002693,F11,8.0,Oseltamivir,OASIS1570,100.0,0.7325676083564758,0.08986184746026993,Influenza Virus,O=C(OCC)C1=C[C@H]([C@@H]([C@H](C1)N)NC(C)=O)OC(CC)CC,s3://cellpainting-gallery/cpg0037-oasis/axiom/images/prod_25/images/plate_41002693/r06c11f08p01-ch6sk1fk1fl1.tiff,s3://cellpainting-gallery/cpg0037-oasis/axiom/images/prod_25/images/plate_41002693/r06c11f08p01-ch1sk1fk1fl1.tiff,s3://cellpainting-gallery/cpg0037-oasis/axiom/images/prod_25/images/plate_41002693/r06c11f08p01-ch2sk1fk1fl1.tiff,s3://cellpainting-gallery/cpg0037-oasis/axiom/images/prod_25/images/plate_41002693/r06c11f08p01-ch4sk1fk1fl1.tiff,s3://cellpainting-gallery/cpg0037-oasis/axiom/images/prod_25/images/plate_41002693/r06c11f08p01-ch3sk1fk1fl1.tiff,s3://cellpainting-gallery/cpg0037-oasis/axiom/images/prod_25/images/plate_41002693/r06c11f08p01-ch5sk1fk1fl1.tiff
p41002693_F12_s08,plate_41002693,F12,8.0,DMSO,,0.0,0.8936949968338013,-0.013934521935880184,,,s3://cellpainting-gallery/cpg0037-oasis/axiom/images/prod_25/images/plate_41002693/r06c12f08p01-ch6sk1fk1fl1.tiff,s3://cellpainting-gallery/cpg0037-oasis/axiom/images/prod_25/images/plate_41002693/r06c12f08p01-ch1sk1fk1fl1.tiff,s3://cellpainting-gallery/cpg0037-oasis/axiom/images/prod_25/images/plate_41002693/r06c12f08p01-ch2sk1fk1fl1.tiff,s3://cellpainting-gallery/cpg0037-oasis/axiom/images/prod_25/images/plate_41002693/r06c12f08p01-ch4sk1fk1fl1.tiff,s3://cellpainting-gallery/cpg0037-oasis/axiom/images/prod_25/images/plate_41002693/r06c12f08p01-ch3sk1fk1fl1.tiff,s3://cellpainting-gallery/cpg0037-oasis/axiom/images/prod_25/images/plate_41002693/r06c12f08p01-ch5sk1fk1fl1.tiff
p41002693_F18_s08,plate_41002693,F18,8.0,Letermovir,OASIS1812,100.0,0.5196046233177185,-0.06856419146060944,CMV,FC1=C(N=C(N2CCN(C3=CC=CC(OC)=C3)CC2)N(C4=CC(C(F)(F)F)=CC=C4OC)[C@H]5CC(O)=O)C5=CC=C1,s3://cellpainting-gallery/cpg0037-oasis/axiom/images/prod_25/images/plate_41002693/r06c18f08p01-ch6sk1fk1fl1.tiff,s3://cellpainting-gallery/cpg0037-oasis/axiom/images/prod_25/images/plate_41002693/r06c18f08p01-ch1sk1fk1fl1.tiff,s3://cellpainting-gallery/cpg0037-oasis/axiom/images/prod_25/images/plate_41002693/r06c18f08p01-ch2sk1fk1fl1.tiff,s3://cellpainting-gallery/cpg0037-oasis/axiom/images/prod_25/images/plate_41002693/r06c18f08p01-ch4sk1fk1fl1.tiff,s3://cellpainting-gallery/cpg0037-oasis/axiom/images/prod_25/images/plate_41002693/r06c18f08p01-ch3sk1fk1fl1.tiff,s3://cellpainting-gallery/cpg0037-oasis/axiom/images/prod_25/images/plate_41002693/r06c18f08p01-ch5sk1fk1fl1.tiff
p41002693_G10_s08,plate_41002693,G10,8.0,Bifenazate,OASIS411,100.0,0.05495818331837654,0.18273228406906128,GABA Receptor,COC1=CC=C(C2=CC=CC=C2)C=C1NNC(OC(C)C)=O,s3://cellpainting-gallery/cpg0037-oasis/axiom/images/prod_25/images/plate_41002693/r07c10f08p01-ch6sk1fk1fl1.tiff,s3://cellpainting-gallery/cpg0037-oasis/axiom/images/prod_25/images/plate_41002693/r07c10f08p01-ch1sk1fk1fl1.tiff,s3://cellpainting-gallery/cpg0037-oasis/axiom/images/prod_25/images/plate_41002693/r07c10f08p01-ch2sk1fk1fl1.tiff,s3://cellpainting-gallery/cpg0037-oasis/axiom/images/prod_25/images/plate_41002693/r07c10f08p01-ch4sk1fk1fl1.tiff,s3://cellpainting-gallery/cpg0037-oasis/axiom/images/prod_25/images/plate_41002693/r07c10f08p01-ch3sk1fk1fl1.tiff,s3://cellpainting-gallery/cpg0037-oasis/axiom/images/prod_25/images/plate_41002693/r07c10f08p01-ch5sk1fk1fl1.tiff
p41002693_G11_s08,plate_41002693,G11,8.0,Telaprevir,OASIS980,100.0,0.805637001991272,-0.04671232029795647,HCV; HCV Protease; SARS-CoV,O=C(N([C@@H]1C(N[C@H](C(C(NC2CC2)=O)=O)CCC)=O)C[C@@]3(CCC[C@@]31[H])[H])[C@@H](NC([C@@H](NC(C4=NC=CN=C4)=O)C5CCCCC5)=O)C(C)(C)C,s3://cellpainting-gallery/cpg0037-oasis/axiom/images/prod_25/images/plate_41002693/r07c11f08p01-ch6sk1fk1fl1.tiff,s3://cellpainting-gallery/cpg0037-oasis/axiom/images/prod_25/images/plate_41002693/r07c11f08p01-ch1sk1fk1fl1.tiff,s3://cellpainting-gallery/cpg0037-oasis/axiom/images/prod_25/images/plate_41002693/r07c11f08p01-ch2sk1fk1fl1.tiff,s3://cellpainting-gallery/cpg0037-oasis/axiom/images/prod_25/images/plate_41002693/r07c11f08p01-ch4sk1fk1fl1.tiff,s3://cellpainting-gallery/cpg0037-oasis/axiom/images/prod_25/images/plate_41002693/r07c11f08p01-ch3sk1fk1fl1.tiff,s3://cellpainting-gallery/cpg0037-oasis/axiom/images/prod_25/images/plate_41002693/r07c11f08p01-ch5sk1fk1fl1.tiff
p41002693_G12_s08,plate_41002693,G12,8.0,DMSO,,0.0,0.8630933165550232,-0.0494438037276268,,,s3://cellpainting-gallery/cpg0037-oasis/axiom/images/prod_25/images/plate_41002693/r07c12f08p01-ch6sk1fk1fl1.tiff,s3://cellpainting-gallery/cpg0037-oasis/axiom/images/prod_25/images/plate_41002693/r07c12f08p01-ch1sk1fk1fl1.tiff,s3://cellpainting-gallery/cpg0037-oasis/axiom/images/prod_25/images/plate_41002693/r07c12f08p01-ch2sk1fk1fl1.tiff,s3://cellpainting-gallery/cpg0037-oasis/axiom/images/prod_25/images/plate_41002693/r07c12f08p01-ch4sk1fk1fl1.tiff,s3://cellpainting-gallery/cpg0037-oasis/axiom/images/prod_25/images/plate_41002693/r07c12f08p01-ch3sk1fk1fl1.tiff,s3://cellpainting-gallery/cpg0037-oasis/axiom/images/prod_25/images/plate_41002693/r07c12f08p01-ch5sk1fk1fl1.tiff
p41002693_G13_s08,plate_41002693,G13,8.0,"N-Decyl-N,N-dimethyldecan-1-aminium (chloride)",OASIS573,100.0,0.019984794780611992,0.6470844149589539,Bacterial; Fungal,CCCCCCCCCC[N+](C)(CCCCCCCCCC)C.[Cl-],s3://cellpainting-gallery/cpg0037-oasis/axiom/images/prod_25/images/plate_41002693/r07c13f08p01-ch6sk1fk1fl1.tiff,s3://cellpainting-gallery/cpg0037-oasis/axiom/images/prod_25/images/plate_41002693/r07c13f08p01-ch1sk1fk1fl1.tiff,s3://cellpainting-gallery/cpg0037-oasis/axiom/images/prod_25/images/plate_41002693/r07c13f08p01-ch2sk1fk1fl1.tiff,s3://cellpainting-gallery/cpg0037-oasis/axiom/images/prod_25/images/plate_41002693/r07c13f08p01-ch4sk1fk1fl1.tiff,s3://cellpainting-gallery/cpg0037-oasis/axiom/images/prod_25/images/plate_41002693/r07c13f08p01-ch3sk1fk1fl1.tiff,s3://cellpainting-gallery/cpg0037-oasis/axiom/images/prod_25/images/plate_41002693/r07c13f08p01-ch5sk1fk1fl1.tiff
p41002693_G14_s08,plate_41002693,G14,8.0,Citalopram,OASIS1401,100.0,0.6051645278930664,0.1199081614613533,Serotonin Transporter,N#CC1=CC=C2C(CCCN(C)C)(OCC2=C1)C3=CC=C(C=C3)F,s3://cellpainting-gallery/cpg0037-oasis/axiom/images/prod_25/images/plate_41002693/r07c14f08p01-ch6sk1fk1fl1.tiff,s3://cellpainting-gallery/cpg0037-oasis/axiom/images/prod_25/images/plate_41002693/r07c14f08p01-ch1sk1fk1fl1.tiff,s3://cellpainting-gallery/cpg0037-oasis/axiom/images/prod_25/images/plate_41002693/r07c14f08p01-ch2sk1fk1fl1.tiff,s3://cellpainting-gallery/cpg0037-oasis/axiom/images/prod_25/images/plate_41002693/r07c14f08p01-ch4sk1fk1fl1.tiff,s3://cellpainting-gallery/cpg0037-oasis/axiom/images/prod_25/images/plate_41002693/r07c14f08p01-ch3sk1fk1fl1.tiff,s3://cellpainting-gallery/cpg0037-oasis/axiom/images/prod_25/images/plate_41002693/r07c14f08p01-ch5sk1fk1fl1.tiff
p41002693_G17_s08,plate_41002693,G17,8.0,Compound_c7b43962,,100.0,0.648256778717041,0.15814892947673798,,,s3://cellpainting-gallery/cpg0037-oasis/axiom/images/prod_25/images/plate_41002693/r07c17f08p01-ch6sk1fk1fl1.tiff,s3://cellpainting-gallery/cpg0037-oasis/axiom/images/prod_25/images/plate_41002693/r07c17f08p01-ch1sk1fk1fl1.tiff,s3://cellpainting-gallery/cpg0037-oasis/axiom/images/prod_25/images/plate_41002693/r07c17f08p01-ch2sk1fk1fl1.tiff,s3://cellpainting-gallery/cpg0037-oasis/axiom/images/prod_25/images/plate_41002693/r07c17f08p01-ch4sk1fk1fl1.tiff,s3://cellpainting-gallery/cpg0037-oasis/axiom/images/prod_25/images/plate_41002693/r07c17f08p01-ch3sk1fk1fl1.tiff,s3://cellpainting-gallery/cpg0037-oasis/axiom/images/prod_25/images/plate_41002693/r07c17f08p01-ch5sk1fk1fl1.tiff
p41002693_G20_s08,plate_41002693,G20,8.0,DMSO,,0.0,0.9730096459388733,0.02703772857785225,,,s3://cellpainting-gallery/cpg0037-oasis/axiom/images/prod_25/images/plate_41002693/r07c20f08p01-ch6sk1fk1fl1.tiff,s3://cellpainting-gallery/cpg0037-oasis/axiom/images/prod_25/images/plate_41002693/r07c20f08p01-ch1sk1fk1fl1.tiff,s3://cellpainting-gallery/cpg0037-oasis/axiom/images/prod_25/images/plate_41002693/r07c20f08p01-ch2sk1fk1fl1.tiff,s3://cellpainting-gallery/cpg0037-oasis/axiom/images/prod_25/images/plate_41002693/r07c20f08p01-ch4sk1fk1fl1.tiff,s3://cellpainting-gallery/cpg0037-oasis/axiom/images/prod_25/images/plate_41002693/r07c20f08p01-ch3sk1fk1fl1.tiff,s3://cellpainting-gallery/cpg0037-oasis/axiom/images/prod_25/images/plate_41002693/r07c20f08p01-ch5sk1fk1fl1.tiff
p41002693_G22_s08,plate_41002693,G22,8.0,Nifurtimox,OASIS1788,100.0,0.44903334975242615,0.15541744232177734,Lactate Dehydrogenase; Parasite,O=S1(CC(C)N(/N=C/C2=CC=C([N+]([O-])=O)O2)CC1)=O,s3://cellpainting-gallery/cpg0037-oasis/axiom/images/prod_25/images/plate_41002693/r07c22f08p01-ch6sk1fk1fl1.tiff,s3://cellpainting-gallery/cpg0037-oasis/axiom/images/prod_25/images/plate_41002693/r07c22f08p01-ch1sk1fk1fl1.tiff,s3://cellpainting-gallery/cpg0037-oasis/axiom/images/prod_25/images/plate_41002693/r07c22f08p01-ch2sk1fk1fl1.tiff,s3://cellpainting-gallery/cpg0037-oasis/axiom/images/prod_25/images/plate_41002693/r07c22f08p01-ch4sk1fk1fl1.tiff,s3://cellpainting-gallery/cpg0037-oasis/axiom/images/prod_25/images/plate_41002693/r07c22f08p01-ch3sk1fk1fl1.tiff,s3://cellpainting-gallery/cpg0037-oasis/axiom/images/prod_25/images/plate_41002693/r07c22f08p01-ch5sk1fk1fl1.tiff
p41002693_H19_s08,plate_41002693,H19,8.0,DMSO,,0.0,0.9730096459388733,-0.07129567116498947,,,s3://cellpainting-gallery/cpg0037-oasis/axiom/images/prod_25/images/plate_41002693/r08c19f08p01-ch6sk1fk1fl1.tiff,s3://cellpainting-gallery/cpg0037-oasis/axiom/images/prod_25/images/plate_41002693/r08c19f08p01-ch1sk1fk1fl1.tiff,s3://cellpainting-gallery/cpg0037-oasis/axiom/images/prod_25/images/plate_41002693/r08c19f08p01-ch2sk1fk1fl1.tiff,s3://cellpainting-gallery/cpg0037-oasis/axiom/images/prod_25/images/plate_41002693/r08c19f08p01-ch4sk1fk1fl1.tiff,s3://cellpainting-gallery/cpg0037-oasis/axiom/images/prod_25/images/plate_41002693/r08c19f08p01-ch3sk1fk1fl1.tiff,s3://cellpainting-gallery/cpg0037-oasis/axiom/images/prod_25/images/plate_41002693/r08c19f08p01-ch5sk1fk1fl1.tiff
p41002693_H22_s08,plate_41002693,H22,8.0,DMSO,,0.0,1.005484938621521,-0.02759193815290928,,,s3://cellpainting-gallery/cpg0037-oasis/axiom/images/prod_25/images/plate_41002693/r08c22f08p01-ch6sk1fk1fl1.tiff,s3://cellpainting-gallery/cpg0037-oasis/axiom/images/prod_25/images/plate_41002693/r08c22f08p01-ch1sk1fk1fl1.tiff,s3://cellpainting-gallery/cpg0037-oasis/axiom/images/prod_25/images/plate_41002693/r08c22f08p01-ch2sk1fk1fl1.tiff,s3://cellpainting-gallery/cpg0037-oasis/axiom/images/prod_25/images/plate_41002693/r08c22f08p01-ch4sk1fk1fl1.tiff,s3://cellpainting-gallery/cpg0037-oasis/axiom/images/prod_25/images/plate_41002693/r08c22f08p01-ch3sk1fk1fl1.tiff,s3://cellpainting-gallery/cpg0037-oasis/axiom/images/prod_25/images/plate_41002693/r08c22f08p01-ch5sk1fk1fl1.tiff
p41002693_I12_s08,plate_41002693,I12,8.0,DMSO,,0.0,0.926170289516449,-0.0740271508693695,,,s3://cellpainting-gallery/cpg0037-oasis/axiom/images/prod_25/images/plate_41002693/r09c12f08p01-ch6sk1fk1fl1.tiff,s3://cellpainting-gallery/cpg0037-oasis/axiom/images/prod_25/images/plate_41002693/r09c12f08p01-ch1sk1fk1fl1.tiff,s3://cellpainting-gallery/cpg0037-oasis/axiom/images/prod_25/images/plate_41002693/r09c12f08p01-ch2sk1fk1fl1.tiff,s3://cellpainting-gallery/cpg0037-oasis/axiom/images/prod_25/images/plate_41002693/r09c12f08p01-ch4sk1fk1fl1.tiff,s3://cellpainting-gallery/cpg0037-oasis/axiom/images/prod_25/images/plate_41002693/r09c12f08p01-ch3sk1fk1fl1.tiff,s3://cellpainting-gallery/cpg0037-oasis/axiom/images/prod_25/images/plate_41002693/r09c12f08p01-ch5sk1fk1fl1.tiff
p41002693_I13_s08,plate_41002693,I13,8.0,Zalcitabine,OASIS648,100.0,0.872461199760437,-0.06310122460126877,HIV; Reverse Transcriptase,OC[C@@H]1CC[C@H](N2C=CC(N)=NC2=O)O1,s3://cellpainting-gallery/cpg0037-oasis/axiom/images/prod_25/images/plate_41002693/r09c13f08p01-ch6sk1fk1fl1.tiff,s3://cellpainting-gallery/cpg0037-oasis/axiom/images/prod_25/images/plate_41002693/r09c13f08p01-ch1sk1fk1fl1.tiff,s3://cellpainting-gallery/cpg0037-oasis/axiom/images/prod_25/images/plate_41002693/r09c13f08p01-ch2sk1fk1fl1.tiff,s3://cellpainting-gallery/cpg0037-oasis/axiom/images/prod_25/images/plate_41002693/r09c13f08p01-ch4sk1fk1fl1.tiff,s3://cellpainting-gallery/cpg0037-oasis/axiom/images/prod_25/images/plate_41002693/r09c13f08p01-ch3sk1fk1fl1.tiff,s3://cellpainting-gallery/cpg0037-oasis/axiom/images/prod_25/images/plate_41002693/r09c13f08p01-ch5sk1fk1fl1.tiff
p41002693_I14_s08,plate_41002693,I14,8.0,Ebrotidine,OASIS1376,100.0,0.05745628476142883,0.2810656726360321,Histamine Receptor,O=S(C1=CC=C(Br)C=C1)(/N=C/NCCSCC2=CSC(NC(N)=N)=N2)=O,s3://cellpainting-gallery/cpg0037-oasis/axiom/images/prod_25/images/plate_41002693/r09c14f08p01-ch6sk1fk1fl1.tiff,s3://cellpainting-gallery/cpg0037-oasis/axiom/images/prod_25/images/plate_41002693/r09c14f08p01-ch1sk1fk1fl1.tiff,s3://cellpainting-gallery/cpg0037-oasis/axiom/images/prod_25/images/plate_41002693/r09c14f08p01-ch2sk1fk1fl1.tiff,s3://cellpainting-gallery/cpg0037-oasis/axiom/images/prod_25/images/plate_41002693/r09c14f08p01-ch4sk1fk1fl1.tiff,s3://cellpainting-gallery/cpg0037-oasis/axiom/images/prod_25/images/plate_41002693/r09c14f08p01-ch3sk1fk1fl1.tiff,s3://cellpainting-gallery/cpg0037-oasis/axiom/images/prod_25/images/plate_41002693/r09c14f08p01-ch5sk1fk1fl1.tiff
p41002693_I15_s08,plate_41002693,I15,8.0,Linagliptin,OASIS1753,100.0,0.2448137253522873,0.14722299575805664,Autophagy; Dipeptidyl Peptidase; Ferroptosis,O=C1N(C2=C(C(N1CC3=NC(C)=C4C=CC=CC4=N3)=O)N(CC#CC)C(N5CCC[C@@H](N)C5)=N2)C,s3://cellpainting-gallery/cpg0037-oasis/axiom/images/prod_25/images/plate_41002693/r09c15f08p01-ch6sk1fk1fl1.tiff,s3://cellpainting-gallery/cpg0037-oasis/axiom/images/prod_25/images/plate_41002693/r09c15f08p01-ch1sk1fk1fl1.tiff,s3://cellpainting-gallery/cpg0037-oasis/axiom/images/prod_25/images/plate_41002693/r09c15f08p01-ch2sk1fk1fl1.tiff,s3://cellpainting-gallery/cpg0037-oasis/axiom/images/prod_25/images/plate_41002693/r09c15f08p01-ch4sk1fk1fl1.tiff,s3://cellpainting-gallery/cpg0037-oasis/axiom/images/prod_25/images/plate_41002693/r09c15f08p01-ch3sk1fk1fl1.tiff,s3://cellpainting-gallery/cpg0037-oasis/axiom/images/prod_25/images/plate_41002693/r09c15f08p01-ch5sk1fk1fl1.tiff
p41002693_I20_s08,plate_41002693,I20,8.0,DMSO,,0.0,0.9449060559272766,-0.06856419146060944,,,s3://cellpainting-gallery/cpg0037-oasis/axiom/images/prod_25/images/plate_41002693/r09c20f08p01-ch6sk1fk1fl1.tiff,s3://cellpainting-gallery/cpg0037-oasis/axiom/images/prod_25/images/plate_41002693/r09c20f08p01-ch1sk1fk1fl1.tiff,s3://cellpainting-gallery/cpg0037-oasis/axiom/images/prod_25/images/plate_41002693/r09c20f08p01-ch2sk1fk1fl1.tiff,s3://cellpainting-gallery/cpg0037-oasis/axiom/images/prod_25/images/plate_41002693/r09c20f08p01-ch4sk1fk1fl1.tiff,s3://cellpainting-gallery/cpg0037-oasis/axiom/images/prod_25/images/plate_41002693/r09c20f08p01-ch3sk1fk1fl1.tiff,s3://cellpainting-gallery/cpg0037-oasis/axiom/images/prod_25/images/plate_41002693/r09c20f08p01-ch5sk1fk1fl1.tiff
p41002693_I21_s08,plate_41002693,I21,8.0,Nelivaptan,OASIS274,100.0,0.6382643580436707,-0.016666004434227943,Vasopressin Receptor,O=S(N(C(C=C1)=C2C=C1Cl)C([C@@]2(C3=CC=CC=C3OC)N4[C@@H](C[C@@H](O)C4)C(N(C)C)=O)=O)(C(C(OC)=C5)=CC=C5OC)=O,s3://cellpainting-gallery/cpg0037-oasis/axiom/images/prod_25/images/plate_41002693/r09c21f08p01-ch6sk1fk1fl1.tiff,s3://cellpainting-gallery/cpg0037-oasis/axiom/images/prod_25/images/plate_41002693/r09c21f08p01-ch1sk1fk1fl1.tiff,s3://cellpainting-gallery/cpg0037-oasis/axiom/images/prod_25/images/plate_41002693/r09c21f08p01-ch2sk1fk1fl1.tiff,s3://cellpainting-gallery/cpg0037-oasis/axiom/images/prod_25/images/plate_41002693/r09c21f08p01-ch4sk1fk1fl1.tiff,s3://cellpainting-gallery/cpg0037-oasis/axiom/images/prod_25/images/plate_41002693/r09c21f08p01-ch3sk1fk1fl1.tiff,s3://cellpainting-gallery/cpg0037-oasis/axiom/images/prod_25/images/plate_41002693/r09c21f08p01-ch5sk1fk1fl1.tiff
p41002693_I22_s08,plate_41002693,I22,8.0,Thio-TEPA,OASIS607,100.0,0.9311665296554565,-0.038517870008945465,Antibiotic; Bacterial; DNA Alkylator/Crosslinker,S=P(N1CC1)(N2CC2)N3CC3,s3://cellpainting-gallery/cpg0037-oasis/axiom/images/prod_25/images/plate_41002693/r09c22f08p01-ch6sk1fk1fl1.tiff,s3://cellpainting-gallery/cpg0037-oasis/axiom/images/prod_25/images/plate_41002693/r09c22f08p01-ch1sk1fk1fl1.tiff,s3://cellpainting-gallery/cpg0037-oasis/axiom/images/prod_25/images/plate_41002693/r09c22f08p01-ch2sk1fk1fl1.tiff,s3://cellpainting-gallery/cpg0037-oasis/axiom/images/prod_25/images/plate_41002693/r09c22f08p01-ch4sk1fk1fl1.tiff,s3://cellpainting-gallery/cpg0037-oasis/axiom/images/prod_25/images/plate_41002693/r09c22f08p01-ch3sk1fk1fl1.tiff,s3://cellpainting-gallery/cpg0037-oasis/axiom/images/prod_25/images/plate_41002693/r09c22f08p01-ch5sk1fk1fl1.tiff
p41002693_I23_s08,plate_41002693,I23,8.0,Compound_06965c8b,,100.0,0.6719887256622314,0.0953248143196106,,,s3://cellpainting-gallery/cpg0037-oasis/axiom/images/prod_25/images/plate_41002693/r09c23f08p01-ch6sk1fk1fl1.tiff,s3://cellpainting-gallery/cpg0037-oasis/axiom/images/prod_25/images/plate_41002693/r09c23f08p01-ch1sk1fk1fl1.tiff,s3://cellpainting-gallery/cpg0037-oasis/axiom/images/prod_25/images/plate_41002693/r09c23f08p01-ch2sk1fk1fl1.tiff,s3://cellpainting-gallery/cpg0037-oasis/axiom/images/prod_25/images/plate_41002693/r09c23f08p01-ch4sk1fk1fl1.tiff,s3://cellpainting-gallery/cpg0037-oasis/axiom/images/prod_25/images/plate_41002693/r09c23f08p01-ch3sk1fk1fl1.tiff,s3://cellpainting-gallery/cpg0037-oasis/axiom/images/prod_25/images/plate_41002693/r09c23f08p01-ch5sk1fk1fl1.tiff
p41002693_I24_s08,plate_41002693,I24,8.0,Aripiprazole,OASIS955,100.0,0.17299337685108185,0.23736193776130676,5-HT Receptor; Dopamine Receptor,O=C1NC2=C(C=CC(OCCCCN3CCN(C4=CC=CC(Cl)=C4Cl)CC3)=C2)CC1,s3://cellpainting-gallery/cpg0037-oasis/axiom/images/prod_25/images/plate_41002693/r09c24f08p01-ch6sk1fk1fl1.tiff,s3://cellpainting-gallery/cpg0037-oasis/axiom/images/prod_25/images/plate_41002693/r09c24f08p01-ch1sk1fk1fl1.tiff,s3://cellpainting-gallery/cpg0037-oasis/axiom/images/prod_25/images/plate_41002693/r09c24f08p01-ch2sk1fk1fl1.tiff,s3://cellpainting-gallery/cpg0037-oasis/axiom/images/prod_25/images/plate_41002693/r09c24f08p01-ch4sk1fk1fl1.tiff,s3://cellpainting-gallery/cpg0037-oasis/axiom/images/prod_25/images/plate_41002693/r09c24f08p01-ch3sk1fk1fl1.tiff,s3://cellpainting-gallery/cpg0037-oasis/axiom/images/prod_25/images/plate_41002693/r09c24f08p01-ch5sk1fk1fl1.tiff
p41002693_J10_s08,plate_41002693,J10,8.0,Sonidegib,OASIS1824,100.0,0.5745628476142883,-0.008471555076539516,Smo,O=C(C1=C(C)C(C(C=C2)=CC=C2OC(F)(F)F)=CC=C1)NC3=CC=C(N=C3)N4C[C@@H](C)O[C@@H](C)C4,s3://cellpainting-gallery/cpg0037-oasis/axiom/images/prod_25/images/plate_41002693/r10c10f08p01-ch6sk1fk1fl1.tiff,s3://cellpainting-gallery/cpg0037-oasis/axiom/images/prod_25/images/plate_41002693/r10c10f08p01-ch1sk1fk1fl1.tiff,s3://cellpainting-gallery/cpg0037-oasis/axiom/images/prod_25/images/plate_41002693/r10c10f08p01-ch2sk1fk1fl1.tiff,s3://cellpainting-gallery/cpg0037-oasis/axiom/images/prod_25/images/plate_41002693/r10c10f08p01-ch4sk1fk1fl1.tiff,s3://cellpainting-gallery/cpg0037-oasis/axiom/images/prod_25/images/plate_41002693/r10c10f08p01-ch3sk1fk1fl1.tiff,s3://cellpainting-gallery/cpg0037-oasis/axiom/images/prod_25/images/plate_41002693/r10c10f08p01-ch5sk1fk1fl1.tiff
p41002693_J14_s08,plate_41002693,J14,8.0,Fidaxomicin,OASIS1915,100.0,0.013739545829594135,0.2892601191997528,Antibiotic; Apoptosis; Bacterial; DNA/RNA Synthesis,O=C(C(C(O)=C(Cl)C(O)=C1Cl)=C1CC)O[C@H]([C@H](O[C@H]2OC/C(C(O[C@](C/C=C3C)([H])[C@H](O)C)=O)=C\C=C\C[C@@H](/C(C)=C\[C@H](CC)[C@@H](O[C@@](OC(C)(C)[C@@H](OC(C(C)C)=O)[C@@H]4O)([H])[C@H]4O)\C(C)=C/3)O)C)[C@@H]([C@@H]2OC)O,s3://cellpainting-gallery/cpg0037-oasis/axiom/images/prod_25/images/plate_41002693/r10c14f08p01-ch6sk1fk1fl1.tiff,s3://cellpainting-gallery/cpg0037-oasis/axiom/images/prod_25/images/plate_41002693/r10c14f08p01-ch1sk1fk1fl1.tiff,s3://cellpainting-gallery/cpg0037-oasis/axiom/images/prod_25/images/plate_41002693/r10c14f08p01-ch2sk1fk1fl1.tiff,s3://cellpainting-gallery/cpg0037-oasis/axiom/images/prod_25/images/plate_41002693/r10c14f08p01-ch4sk1fk1fl1.tiff,s3://cellpainting-gallery/cpg0037-oasis/axiom/images/prod_25/images/plate_41002693/r10c14f08p01-ch3sk1fk1fl1.tiff,s3://cellpainting-gallery/cpg0037-oasis/axiom/images/prod_25/images/plate_41002693/r10c14f08p01-ch5sk1fk1fl1.tiff
p41002693_J16_s08,plate_41002693,J16,8.0,6-Thioguanine,OASIS1225,100.0,0.7250733375549316,-0.024860454723238945,Apoptosis; Autophagy; Deubiquitinase; DNA Methyltransferase; Endogenous Metabolite; SARS-CoV,SC1=NC(N)=NC2=C1N=CN2,s3://cellpainting-gallery/cpg0037-oasis/axiom/images/prod_25/images/plate_41002693/r10c16f08p01-ch6sk1fk1fl1.tiff,s3://cellpainting-gallery/cpg0037-oasis/axiom/images/prod_25/images/plate_41002693/r10c16f08p01-ch1sk1fk1fl1.tiff,s3://cellpainting-gallery/cpg0037-oasis/axiom/images/prod_25/images/plate_41002693/r10c16f08p01-ch2sk1fk1fl1.tiff,s3://cellpainting-gallery/cpg0037-oasis/axiom/images/prod_25/images/plate_41002693/r10c16f08p01-ch4sk1fk1fl1.tiff,s3://cellpainting-gallery/cpg0037-oasis/axiom/images/prod_25/images/plate_41002693/r10c16f08p01-ch3sk1fk1fl1.tiff,s3://cellpainting-gallery/cpg0037-oasis/axiom/images/prod_25/images/plate_41002693/r10c16f08p01-ch5sk1fk1fl1.tiff
p41002693_J17_s08,plate_41002693,J17,8.0,Dantrolene,OASIS069,100.0,0.6551265120506287,-0.024860454723238945,Autophagy; Calcium Channel,O=C1NC(CN1/N=C/C2=CC=C(C3=CC=C([N+]([O-])=O)C=C3)O2)=O,s3://cellpainting-gallery/cpg0037-oasis/axiom/images/prod_25/images/plate_41002693/r10c17f08p01-ch6sk1fk1fl1.tiff,s3://cellpainting-gallery/cpg0037-oasis/axiom/images/prod_25/images/plate_41002693/r10c17f08p01-ch1sk1fk1fl1.tiff,s3://cellpainting-gallery/cpg0037-oasis/axiom/images/prod_25/images/plate_41002693/r10c17f08p01-ch2sk1fk1fl1.tiff,s3://cellpainting-gallery/cpg0037-oasis/axiom/images/prod_25/images/plate_41002693/r10c17f08p01-ch4sk1fk1fl1.tiff,s3://cellpainting-gallery/cpg0037-oasis/axiom/images/prod_25/images/plate_41002693/r10c17f08p01-ch3sk1fk1fl1.tiff,s3://cellpainting-gallery/cpg0037-oasis/axiom/images/prod_25/images/plate_41002693/r10c17f08p01-ch5sk1fk1fl1.tiff
p41002693_K13_s08,plate_41002693,K13,8.0,Venetoclax,OASIS1782,100.0,0.4727652966976166,-0.0658327043056488,Autophagy; Bcl-2 Family,O=C(NS(=O)(C1=CC=C(NCC2CCOCC2)C([N+]([O-])=O)=C1)=O)C3=CC=C(N4CCN(CC5=C(C6=CC=C(Cl)C=C6)CC(C)(C)CC5)CC4)C=C3OC7=CN=C(NC=C8)C8=C7,s3://cellpainting-gallery/cpg0037-oasis/axiom/images/prod_25/images/plate_41002693/r11c13f08p01-ch6sk1fk1fl1.tiff,s3://cellpainting-gallery/cpg0037-oasis/axiom/images/prod_25/images/plate_41002693/r11c13f08p01-ch1sk1fk1fl1.tiff,s3://cellpainting-gallery/cpg0037-oasis/axiom/images/prod_25/images/plate_41002693/r11c13f08p01-ch2sk1fk1fl1.tiff,s3://cellpainting-gallery/cpg0037-oasis/axiom/images/prod_25/images/plate_41002693/r11c13f08p01-ch4sk1fk1fl1.tiff,s3://cellpainting-gallery/cpg0037-oasis/axiom/images/prod_25/images/plate_41002693/r11c13f08p01-ch3sk1fk1fl1.tiff,s3://cellpainting-gallery/cpg0037-oasis/axiom/images/prod_25/images/plate_41002693/r11c13f08p01-ch5sk1fk1fl1.tiff
p41002693_K14_s08,plate_41002693,K14,8.0,Compound_1dccd867,,100.0,0.6913489699363708,0.0051858616061508656,,,s3://cellpainting-gallery/cpg0037-oasis/axiom/images/prod_25/images/plate_41002693/r11c14f08p01-ch6sk1fk1fl1.tiff,s3://cellpainting-gallery/cpg0037-oasis/axiom/images/prod_25/images/plate_41002693/r11c14f08p01-ch1sk1fk1fl1.tiff,s3://cellpainting-gallery/cpg0037-oasis/axiom/images/prod_25/images/plate_41002693/r11c14f08p01-ch2sk1fk1fl1.tiff,s3://cellpainting-gallery/cpg0037-oasis/axiom/images/prod_25/images/plate_41002693/r11c14f08p01-ch4sk1fk1fl1.tiff,s3://cellpainting-gallery/cpg0037-oasis/axiom/images/prod_25/images/plate_41002693/r11c14f08p01-ch3sk1fk1fl1.tiff,s3://cellpainting-gallery/cpg0037-oasis/axiom/images/prod_25/images/plate_41002693/r11c14f08p01-ch5sk1fk1fl1.tiff
p41002693_K18_s08,plate_41002693,K18,8.0,Volinanserin,OASIS261,100.0,0.6763603687286377,0.051621079444885254,5-HT Receptor,FC1=CC=C(CCN2CCC([C@@]([H])(O)C3=CC=CC(OC)=C3OC)CC2)C=C1,s3://cellpainting-gallery/cpg0037-oasis/axiom/images/prod_25/images/plate_41002693/r11c18f08p01-ch6sk1fk1fl1.tiff,s3://cellpainting-gallery/cpg0037-oasis/axiom/images/prod_25/images/plate_41002693/r11c18f08p01-ch1sk1fk1fl1.tiff,s3://cellpainting-gallery/cpg0037-oasis/axiom/images/prod_25/images/plate_41002693/r11c18f08p01-ch2sk1fk1fl1.tiff,s3://cellpainting-gallery/cpg0037-oasis/axiom/images/prod_25/images/plate_41002693/r11c18f08p01-ch4sk1fk1fl1.tiff,s3://cellpainting-gallery/cpg0037-oasis/axiom/images/prod_25/images/plate_41002693/r11c18f08p01-ch3sk1fk1fl1.tiff,s3://cellpainting-gallery/cpg0037-oasis/axiom/images/prod_25/images/plate_41002693/r11c18f08p01-ch5sk1fk1fl1.tiff
p41002693_K20_s08,plate_41002693,K20,8.0,DMSO,,0.0,1.0317150354385376,-0.04398083686828613,,,s3://cellpainting-gallery/cpg0037-oasis/axiom/images/prod_25/images/plate_41002693/r11c20f08p01-ch6sk1fk1fl1.tiff,s3://cellpainting-gallery/cpg0037-oasis/axiom/images/prod_25/images/plate_41002693/r11c20f08p01-ch1sk1fk1fl1.tiff,s3://cellpainting-gallery/cpg0037-oasis/axiom/images/prod_25/images/plate_41002693/r11c20f08p01-ch2sk1fk1fl1.tiff,s3://cellpainting-gallery/cpg0037-oasis/axiom/images/prod_25/images/plate_41002693/r11c20f08p01-ch4sk1fk1fl1.tiff,s3://cellpainting-gallery/cpg0037-oasis/axiom/images/prod_25/images/plate_41002693/r11c20f08p01-ch3sk1fk1fl1.tiff,s3://cellpainting-gallery/cpg0037-oasis/axiom/images/prod_25/images/plate_41002693/r11c20f08p01-ch5sk1fk1fl1.tiff
p41002693_K22_s08,plate_41002693,K22,8.0,Flecainide,OASIS1408,100.0,0.5776854753494263,0.04888959601521492,Potassium Channel; Sodium Channel,O=C(C1=CC(OCC(F)(F)F)=CC=C1OCC(F)(F)F)NCC2NCCCC2,s3://cellpainting-gallery/cpg0037-oasis/axiom/images/prod_25/images/plate_41002693/r11c22f08p01-ch6sk1fk1fl1.tiff,s3://cellpainting-gallery/cpg0037-oasis/axiom/images/prod_25/images/plate_41002693/r11c22f08p01-ch1sk1fk1fl1.tiff,s3://cellpainting-gallery/cpg0037-oasis/axiom/images/prod_25/images/plate_41002693/r11c22f08p01-ch2sk1fk1fl1.tiff,s3://cellpainting-gallery/cpg0037-oasis/axiom/images/prod_25/images/plate_41002693/r11c22f08p01-ch4sk1fk1fl1.tiff,s3://cellpainting-gallery/cpg0037-oasis/axiom/images/prod_25/images/plate_41002693/r11c22f08p01-ch3sk1fk1fl1.tiff,s3://cellpainting-gallery/cpg0037-oasis/axiom/images/prod_25/images/plate_41002693/r11c22f08p01-ch5sk1fk1fl1.tiff
p41002693_K23_s08,plate_41002693,K23,8.0,Everolimus,OASIS657,100.0,0.43966546654701233,0.16634337604045868,Apoptosis; Autophagy; Bacterial; FKBP; mTOR,O=C([C@@]1(O)[C@@H](CC[C@@H](C[C@@H](/C(C)=C/C=C/C=C/[C@H](C[C@@H](C)C([C@@H]([C@@H](/C(C)=C/[C@H]2C)O)OC)=O)C)OC)O1)C)C(N3CCCC[C@H]3C(O[C@@H](CC2=O)[C@@H](C[C@H]4C[C@H]([C@H](OCCO)CC4)OC)C)=O)=O,s3://cellpainting-gallery/cpg0037-oasis/axiom/images/prod_25/images/plate_41002693/r11c23f08p01-ch6sk1fk1fl1.tiff,s3://cellpainting-gallery/cpg0037-oasis/axiom/images/prod_25/images/plate_41002693/r11c23f08p01-ch1sk1fk1fl1.tiff,s3://cellpainting-gallery/cpg0037-oasis/axiom/images/prod_25/images/plate_41002693/r11c23f08p01-ch2sk1fk1fl1.tiff,s3://cellpainting-gallery/cpg0037-oasis/axiom/images/prod_25/images/plate_41002693/r11c23f08p01-ch4sk1fk1fl1.tiff,s3://cellpainting-gallery/cpg0037-oasis/axiom/images/prod_25/images/plate_41002693/r11c23f08p01-ch3sk1fk1fl1.tiff,s3://cellpainting-gallery/cpg0037-oasis/axiom/images/prod_25/images/plate_41002693/r11c23f08p01-ch5sk1fk1fl1.tiff
p41002693_K24_s08,plate_41002693,K24,8.0,Tasimelteon,OASIS1885,100.0,1.238432765007019,0.04888959601521492,Melatonin Receptor,[H][C@]1(C2=C3C(OCC3)=CC=C2)[C@@](CNC(CC)=O)([H])C1,s3://cellpainting-gallery/cpg0037-oasis/axiom/images/prod_25/images/plate_41002693/r11c24f08p01-ch6sk1fk1fl1.tiff,s3://cellpainting-gallery/cpg0037-oasis/axiom/images/prod_25/images/plate_41002693/r11c24f08p01-ch1sk1fk1fl1.tiff,s3://cellpainting-gallery/cpg0037-oasis/axiom/images/prod_25/images/plate_41002693/r11c24f08p01-ch2sk1fk1fl1.tiff,s3://cellpainting-gallery/cpg0037-oasis/axiom/images/prod_25/images/plate_41002693/r11c24f08p01-ch4sk1fk1fl1.tiff,s3://cellpainting-gallery/cpg0037-oasis/axiom/images/prod_25/images/plate_41002693/r11c24f08p01-ch3sk1fk1fl1.tiff,s3://cellpainting-gallery/cpg0037-oasis/axiom/images/prod_25/images/plate_41002693/r11c24f08p01-ch5sk1fk1fl1.tiff
p41002693_L12_s08,plate_41002693,L12,8.0,DMSO,,0.0,0.9904963374137878,-0.01120303850620985,,,s3://cellpainting-gallery/cpg0037-oasis/axiom/images/prod_25/images/plate_41002693/r12c12f08p01-ch6sk1fk1fl1.tiff,s3://cellpainting-gallery/cpg0037-oasis/axiom/images/prod_25/images/plate_41002693/r12c12f08p01-ch1sk1fk1fl1.tiff,s3://cellpainting-gallery/cpg0037-oasis/axiom/images/prod_25/images/plate_41002693/r12c12f08p01-ch2sk1fk1fl1.tiff,s3://cellpainting-gallery/cpg0037-oasis/axiom/images/prod_25/images/plate_41002693/r12c12f08p01-ch4sk1fk1fl1.tiff,s3://cellpainting-gallery/cpg0037-oasis/axiom/images/prod_25/images/plate_41002693/r12c12f08p01-ch3sk1fk1fl1.tiff,s3://cellpainting-gallery/cpg0037-oasis/axiom/images/prod_25/images/plate_41002693/r12c12f08p01-ch5sk1fk1fl1.tiff
p41002693_L16_s08,plate_41002693,L16,8.0,Atazanavir,OASIS1586,100.0,0.5701911449432373,0.19638969004154205,Cytochrome P450; Endogenous Metabolite; HIV; HIV Protease; P-glycoprotein; SARS-CoV,O=C(OC)N[C@@H](C(C)(C)C)C(NN(CC1=CC=C(C2=NC=CC=C2)C=C1)C[C@H](O)[C@H](CC3=CC=CC=C3)NC([C@H](C(C)(C)C)NC(OC)=O)=O)=O,s3://cellpainting-gallery/cpg0037-oasis/axiom/images/prod_25/images/plate_41002693/r12c16f08p01-ch6sk1fk1fl1.tiff,s3://cellpainting-gallery/cpg0037-oasis/axiom/images/prod_25/images/plate_41002693/r12c16f08p01-ch1sk1fk1fl1.tiff,s3://cellpainting-gallery/cpg0037-oasis/axiom/images/prod_25/images/plate_41002693/r12c16f08p01-ch2sk1fk1fl1.tiff,s3://cellpainting-gallery/cpg0037-oasis/axiom/images/prod_25/images/plate_41002693/r12c16f08p01-ch4sk1fk1fl1.tiff,s3://cellpainting-gallery/cpg0037-oasis/axiom/images/prod_25/images/plate_41002693/r12c16f08p01-ch3sk1fk1fl1.tiff,s3://cellpainting-gallery/cpg0037-oasis/axiom/images/prod_25/images/plate_41002693/r12c16f08p01-ch5sk1fk1fl1.tiff
p41002693_L17_s08,plate_41002693,L17,8.0,Tegaserod,OASIS1249,100.0,0.016237644478678703,0.5378251075744629,5-HT Receptor; Apoptosis,COC1=CC=C(NC=C2/C=N/NC(NCCCCC)=N)C2=C1,s3://cellpainting-gallery/cpg0037-oasis/axiom/images/prod_25/images/plate_41002693/r12c17f08p01-ch6sk1fk1fl1.tiff,s3://cellpainting-gallery/cpg0037-oasis/axiom/images/prod_25/images/plate_41002693/r12c17f08p01-ch1sk1fk1fl1.tiff,s3://cellpainting-gallery/cpg0037-oasis/axiom/images/prod_25/images/plate_41002693/r12c17f08p01-ch2sk1fk1fl1.tiff,s3://cellpainting-gallery/cpg0037-oasis/axiom/images/prod_25/images/plate_41002693/r12c17f08p01-ch4sk1fk1fl1.tiff,s3://cellpainting-gallery/cpg0037-oasis/axiom/images/prod_25/images/plate_41002693/r12c17f08p01-ch3sk1fk1fl1.tiff,s3://cellpainting-gallery/cpg0037-oasis/axiom/images/prod_25/images/plate_41002693/r12c17f08p01-ch5sk1fk1fl1.tiff
p41002693_L21_s08,plate_41002693,L21,8.0,Mefenamic acid,OASIS057,100.0,0.9848756194114685,-0.038517870008945465,COX,O=C(O)C1=CC=CC=C1NC2=CC=CC(C)=C2C,s3://cellpainting-gallery/cpg0037-oasis/axiom/images/prod_25/images/plate_41002693/r12c21f08p01-ch6sk1fk1fl1.tiff,s3://cellpainting-gallery/cpg0037-oasis/axiom/images/prod_25/images/plate_41002693/r12c21f08p01-ch1sk1fk1fl1.tiff,s3://cellpainting-gallery/cpg0037-oasis/axiom/images/prod_25/images/plate_41002693/r12c21f08p01-ch2sk1fk1fl1.tiff,s3://cellpainting-gallery/cpg0037-oasis/axiom/images/prod_25/images/plate_41002693/r12c21f08p01-ch4sk1fk1fl1.tiff,s3://cellpainting-gallery/cpg0037-oasis/axiom/images/prod_25/images/plate_41002693/r12c21f08p01-ch3sk1fk1fl1.tiff,s3://cellpainting-gallery/cpg0037-oasis/axiom/images/prod_25/images/plate_41002693/r12c21f08p01-ch5sk1fk1fl1.tiff
p41002693_L22_s08,plate_41002693,L22,8.0,Ozagrel,OASIS1264,100.0,0.9786303639411926,-0.0330549031496048,Prostaglandin Receptor,O=C(O)/C=C/C1=CC=C(CN2C=CN=C2)C=C1,s3://cellpainting-gallery/cpg0037-oasis/axiom/images/prod_25/images/plate_41002693/r12c22f08p01-ch6sk1fk1fl1.tiff,s3://cellpainting-gallery/cpg0037-oasis/axiom/images/prod_25/images/plate_41002693/r12c22f08p01-ch1sk1fk1fl1.tiff,s3://cellpainting-gallery/cpg0037-oasis/axiom/images/prod_25/images/plate_41002693/r12c22f08p01-ch2sk1fk1fl1.tiff,s3://cellpainting-gallery/cpg0037-oasis/axiom/images/prod_25/images/plate_41002693/r12c22f08p01-ch4sk1fk1fl1.tiff,s3://cellpainting-gallery/cpg0037-oasis/axiom/images/prod_25/images/plate_41002693/r12c22f08p01-ch3sk1fk1fl1.tiff,s3://cellpainting-gallery/cpg0037-oasis/axiom/images/prod_25/images/plate_41002693/r12c22f08p01-ch5sk1fk1fl1.tiff
p41002693_L24_s08,plate_41002693,L24,8.0,Dichlorphenamide,OASIS706,100.0,0.610160768032074,0.12537112832069397,Carbonic Anhydrase,O=S(C1=CC(Cl)=C(Cl)C(S(=O)(N)=O)=C1)(N)=O,s3://cellpainting-gallery/cpg0037-oasis/axiom/images/prod_25/images/plate_41002693/r12c24f08p01-ch6sk1fk1fl1.tiff,s3://cellpainting-gallery/cpg0037-oasis/axiom/images/prod_25/images/plate_41002693/r12c24f08p01-ch1sk1fk1fl1.tiff,s3://cellpainting-gallery/cpg0037-oasis/axiom/images/prod_25/images/plate_41002693/r12c24f08p01-ch2sk1fk1fl1.tiff,s3://cellpainting-gallery/cpg0037-oasis/axiom/images/prod_25/images/plate_41002693/r12c24f08p01-ch4sk1fk1fl1.tiff,s3://cellpainting-gallery/cpg0037-oasis/axiom/images/prod_25/images/plate_41002693/r12c24f08p01-ch3sk1fk1fl1.tiff,s3://cellpainting-gallery/cpg0037-oasis/axiom/images/prod_25/images/plate_41002693/r12c24f08p01-ch5sk1fk1fl1.tiff
p41002693_M10_s08,plate_41002693,M10,8.0,Troglitazone,OASIS1444,100.0,0.6626208424568176,-0.15597166121006012,Apoptosis; Autophagy; Ferroptosis; PPAR,O=C(SC1CC(C=C2)=CC=C2OCC3(C)OC(C(CC3)=C4C)=C(C)C(C)=C4O)NC1=O,s3://cellpainting-gallery/cpg0037-oasis/axiom/images/prod_25/images/plate_41002693/r13c10f08p01-ch6sk1fk1fl1.tiff,s3://cellpainting-gallery/cpg0037-oasis/axiom/images/prod_25/images/plate_41002693/r13c10f08p01-ch1sk1fk1fl1.tiff,s3://cellpainting-gallery/cpg0037-oasis/axiom/images/prod_25/images/plate_41002693/r13c10f08p01-ch2sk1fk1fl1.tiff,s3://cellpainting-gallery/cpg0037-oasis/axiom/images/prod_25/images/plate_41002693/r13c10f08p01-ch4sk1fk1fl1.tiff,s3://cellpainting-gallery/cpg0037-oasis/axiom/images/prod_25/images/plate_41002693/r13c10f08p01-ch3sk1fk1fl1.tiff,s3://cellpainting-gallery/cpg0037-oasis/axiom/images/prod_25/images/plate_41002693/r13c10f08p01-ch5sk1fk1fl1.tiff
p41002693_M11_s08,plate_41002693,M11,8.0,Rifapentine,OASIS1456,100.0,0.27041923999786377,-0.030323421582579613,Antibiotic; Bacterial,OC(C1=C(C2=O)C(O[C@@]2(O/C=C/[C@@H]([C@H]([C@@]([C@@H]3C)([H])OC(C)=O)C)OC)C)=C(C)C(O)=C1C(O)=C4NC(/C(C)=C\C=C\[C@@H]([C@@H]([C@@H](C)[C@H]3O)O)C)=O)=C4/C=N/N5CCN(C6CCCC6)CC5,s3://cellpainting-gallery/cpg0037-oasis/axiom/images/prod_25/images/plate_41002693/r13c11f08p01-ch6sk1fk1fl1.tiff,s3://cellpainting-gallery/cpg0037-oasis/axiom/images/prod_25/images/plate_41002693/r13c11f08p01-ch1sk1fk1fl1.tiff,s3://cellpainting-gallery/cpg0037-oasis/axiom/images/prod_25/images/plate_41002693/r13c11f08p01-ch2sk1fk1fl1.tiff,s3://cellpainting-gallery/cpg0037-oasis/axiom/images/prod_25/images/plate_41002693/r13c11f08p01-ch4sk1fk1fl1.tiff,s3://cellpainting-gallery/cpg0037-oasis/axiom/images/prod_25/images/plate_41002693/r13c11f08p01-ch3sk1fk1fl1.tiff,s3://cellpainting-gallery/cpg0037-oasis/axiom/images/prod_25/images/plate_41002693/r13c11f08p01-ch5sk1fk1fl1.tiff
p41002693_M14_s08,plate_41002693,M14,8.0,Risperidone,OASIS1459,100.0,0.06307701021432877,0.007917345501482487,5-HT Receptor; Dopamine Receptor; P-glycoprotein,O=C1C(CCN2CCC(C3=NOC4=C3C=CC(F)=C4)CC2)=C(C)N=C5N1CCCC5,s3://cellpainting-gallery/cpg0037-oasis/axiom/images/prod_25/images/plate_41002693/r13c14f08p01-ch6sk1fk1fl1.tiff,s3://cellpainting-gallery/cpg0037-oasis/axiom/images/prod_25/images/plate_41002693/r13c14f08p01-ch1sk1fk1fl1.tiff,s3://cellpainting-gallery/cpg0037-oasis/axiom/images/prod_25/images/plate_41002693/r13c14f08p01-ch2sk1fk1fl1.tiff,s3://cellpainting-gallery/cpg0037-oasis/axiom/images/prod_25/images/plate_41002693/r13c14f08p01-ch4sk1fk1fl1.tiff,s3://cellpainting-gallery/cpg0037-oasis/axiom/images/prod_25/images/plate_41002693/r13c14f08p01-ch3sk1fk1fl1.tiff,s3://cellpainting-gallery/cpg0037-oasis/axiom/images/prod_25/images/plate_41002693/r13c14f08p01-ch5sk1fk1fl1.tiff
p41002693_M23_s08,plate_41002693,M23,8.0,Difenoconazole,OASIS492,100.0,0.24918539822101593,0.05435256287455559,Fungal,CC1OC(CN2N=CN=C2)(C3=CC=C(OC4=CC=C(Cl)C=C4)C=C3Cl)OC1,s3://cellpainting-gallery/cpg0037-oasis/axiom/images/prod_25/images/plate_41002693/r13c23f08p01-ch6sk1fk1fl1.tiff,s3://cellpainting-gallery/cpg0037-oasis/axiom/images/prod_25/images/plate_41002693/r13c23f08p01-ch1sk1fk1fl1.tiff,s3://cellpainting-gallery/cpg0037-oasis/axiom/images/prod_25/images/plate_41002693/r13c23f08p01-ch2sk1fk1fl1.tiff,s3://cellpainting-gallery/cpg0037-oasis/axiom/images/prod_25/images/plate_41002693/r13c23f08p01-ch4sk1fk1fl1.tiff,s3://cellpainting-gallery/cpg0037-oasis/axiom/images/prod_25/images/plate_41002693/r13c23f08p01-ch3sk1fk1fl1.tiff,s3://cellpainting-gallery/cpg0037-oasis/axiom/images/prod_25/images/plate_41002693/r13c23f08p01-ch5sk1fk1fl1.tiff
p41002693_M24_s08,plate_41002693,M24,8.0,Lomitapide (mesylate),OASIS1863,100.0,0.02123384363949299,0.5815288424491882,Microsomal Triglyceride Transfer Protein (MTP),O=C(C1(CCCCN2CCC(NC(C3=CC=CC=C3C4=CC=C(C(F)(F)F)C=C4)=O)CC2)C5=C(C6=C1C=CC=C6)C=CC=C5)NCC(F)(F)F.O=S(C)(O)=O,s3://cellpainting-gallery/cpg0037-oasis/axiom/images/prod_25/images/plate_41002693/r13c24f08p01-ch6sk1fk1fl1.tiff,s3://cellpainting-gallery/cpg0037-oasis/axiom/images/prod_25/images/plate_41002693/r13c24f08p01-ch1sk1fk1fl1.tiff,s3://cellpainting-gallery/cpg0037-oasis/axiom/images/prod_25/images/plate_41002693/r13c24f08p01-ch2sk1fk1fl1.tiff,s3://cellpainting-gallery/cpg0037-oasis/axiom/images/prod_25/images/plate_41002693/r13c24f08p01-ch4sk1fk1fl1.tiff,s3://cellpainting-gallery/cpg0037-oasis/axiom/images/prod_25/images/plate_41002693/r13c24f08p01-ch3sk1fk1fl1.tiff,s3://cellpainting-gallery/cpg0037-oasis/axiom/images/prod_25/images/plate_41002693/r13c24f08p01-ch5sk1fk1fl1.tiff
p41002693_N11_s08,plate_41002693,N11,8.0,Fluazinam,OASIS557,100.0,0.013739545829594135,0.14995448291301727,Fungal,FC(C1=CN=C(NC2=C([N+]([O-])=O)C=C(C(F)(F)F)C(Cl)=C2[N+]([O-])=O)C(Cl)=C1)(F)F,s3://cellpainting-gallery/cpg0037-oasis/axiom/images/prod_25/images/plate_41002693/r14c11f08p01-ch6sk1fk1fl1.tiff,s3://cellpainting-gallery/cpg0037-oasis/axiom/images/prod_25/images/plate_41002693/r14c11f08p01-ch1sk1fk1fl1.tiff,s3://cellpainting-gallery/cpg0037-oasis/axiom/images/prod_25/images/plate_41002693/r14c11f08p01-ch2sk1fk1fl1.tiff,s3://cellpainting-gallery/cpg0037-oasis/axiom/images/prod_25/images/plate_41002693/r14c11f08p01-ch4sk1fk1fl1.tiff,s3://cellpainting-gallery/cpg0037-oasis/axiom/images/prod_25/images/plate_41002693/r14c11f08p01-ch3sk1fk1fl1.tiff,s3://cellpainting-gallery/cpg0037-oasis/axiom/images/prod_25/images/plate_41002693/r14c11f08p01-ch5sk1fk1fl1.tiff
p41002693_N18_s08,plate_41002693,N18,8.0,Siponimod,OASIS1805,100.0,0.884951651096344,-0.0330549031496048,LPL Receptor,O=C(C1CN(CC2=CC=C(/C(C)=N/OCC3=CC=C(C4CCCCC4)C(C(F)(F)F)=C3)C=C2CC)C1)O,s3://cellpainting-gallery/cpg0037-oasis/axiom/images/prod_25/images/plate_41002693/r14c18f08p01-ch6sk1fk1fl1.tiff,s3://cellpainting-gallery/cpg0037-oasis/axiom/images/prod_25/images/plate_41002693/r14c18f08p01-ch1sk1fk1fl1.tiff,s3://cellpainting-gallery/cpg0037-oasis/axiom/images/prod_25/images/plate_41002693/r14c18f08p01-ch2sk1fk1fl1.tiff,s3://cellpainting-gallery/cpg0037-oasis/axiom/images/prod_25/images/plate_41002693/r14c18f08p01-ch4sk1fk1fl1.tiff,s3://cellpainting-gallery/cpg0037-oasis/axiom/images/prod_25/images/plate_41002693/r14c18f08p01-ch3sk1fk1fl1.tiff,s3://cellpainting-gallery/cpg0037-oasis/axiom/images/prod_25/images/plate_41002693/r14c18f08p01-ch5sk1fk1fl1.tiff
p41002693_N19_s08,plate_41002693,N19,8.0,Dirithromycin,OASIS1367,100.0,0.954898476600647,-0.030323421582579613,Antibiotic; Bacterial,CC1[C@@]([C@](O)([C@H](OC([C@@H]2C)=O)CC)C)([H])O[C@H](COCCOC)N[C@@]1([H])[C@](C[C@@](O)([C@@H]([C@@H](C)[C@]2([H])O[C@@](O[C@@H](C)[C@@H]3O)([H])C[C@@]3(C)OC)O[C@@](O[C@H](C)C[C@@H]4N(C)C)([H])[C@@H]4O)C)([H])C,s3://cellpainting-gallery/cpg0037-oasis/axiom/images/prod_25/images/plate_41002693/r14c19f08p01-ch6sk1fk1fl1.tiff,s3://cellpainting-gallery/cpg0037-oasis/axiom/images/prod_25/images/plate_41002693/r14c19f08p01-ch1sk1fk1fl1.tiff,s3://cellpainting-gallery/cpg0037-oasis/axiom/images/prod_25/images/plate_41002693/r14c19f08p01-ch2sk1fk1fl1.tiff,s3://cellpainting-gallery/cpg0037-oasis/axiom/images/prod_25/images/plate_41002693/r14c19f08p01-ch4sk1fk1fl1.tiff,s3://cellpainting-gallery/cpg0037-oasis/axiom/images/prod_25/images/plate_41002693/r14c19f08p01-ch3sk1fk1fl1.tiff,s3://cellpainting-gallery/cpg0037-oasis/axiom/images/prod_25/images/plate_41002693/r14c19f08p01-ch5sk1fk1fl1.tiff
p41002693_O10_s08,plate_41002693,O10,8.0,Compound_4850ff1d,,100.0,0.022482894361019135,0.5132417678833008,,,s3://cellpainting-gallery/cpg0037-oasis/axiom/images/prod_25/images/plate_41002693/r15c10f08p01-ch6sk1fk1fl1.tiff,s3://cellpainting-gallery/cpg0037-oasis/axiom/images/prod_25/images/plate_41002693/r15c10f08p01-ch1sk1fk1fl1.tiff,s3://cellpainting-gallery/cpg0037-oasis/axiom/images/prod_25/images/plate_41002693/r15c10f08p01-ch2sk1fk1fl1.tiff,s3://cellpainting-gallery/cpg0037-oasis/axiom/images/prod_25/images/plate_41002693/r15c10f08p01-ch4sk1fk1fl1.tiff,s3://cellpainting-gallery/cpg0037-oasis/axiom/images/prod_25/images/plate_41002693/r15c10f08p01-ch3sk1fk1fl1.tiff,s3://cellpainting-gallery/cpg0037-oasis/axiom/images/prod_25/images/plate_41002693/r15c10f08p01-ch5sk1fk1fl1.tiff
p41002693_O13_s08,plate_41002693,O13,8.0,Cisapride,OASIS900,100.0,0.15238405764102936,0.10078778117895126,5-HT Receptor; Potassium Channel,ClC1=C(N)C=C(OC)C(C(N[C@H]2[C@@H](OC)CN(CCCOC3=CC=C(F)C=C3)CC2)=O)=C1,s3://cellpainting-gallery/cpg0037-oasis/axiom/images/prod_25/images/plate_41002693/r15c13f08p01-ch6sk1fk1fl1.tiff,s3://cellpainting-gallery/cpg0037-oasis/axiom/images/prod_25/images/plate_41002693/r15c13f08p01-ch1sk1fk1fl1.tiff,s3://cellpainting-gallery/cpg0037-oasis/axiom/images/prod_25/images/plate_41002693/r15c13f08p01-ch2sk1fk1fl1.tiff,s3://cellpainting-gallery/cpg0037-oasis/axiom/images/prod_25/images/plate_41002693/r15c13f08p01-ch4sk1fk1fl1.tiff,s3://cellpainting-gallery/cpg0037-oasis/axiom/images/prod_25/images/plate_41002693/r15c13f08p01-ch3sk1fk1fl1.tiff,s3://cellpainting-gallery/cpg0037-oasis/axiom/images/prod_25/images/plate_41002693/r15c13f08p01-ch5sk1fk1fl1.tiff
p41002693_O21_s08,plate_41002693,O21,8.0,Valdecoxib,OASIS1240,100.0,0.45278048515319824,-0.0576382540166378,COX; Endogenous Metabolite,O=S(C1=CC=C(C2=C(C)ON=C2C3=CC=CC=C3)C=C1)(N)=O,s3://cellpainting-gallery/cpg0037-oasis/axiom/images/prod_25/images/plate_41002693/r15c21f08p01-ch6sk1fk1fl1.tiff,s3://cellpainting-gallery/cpg0037-oasis/axiom/images/prod_25/images/plate_41002693/r15c21f08p01-ch1sk1fk1fl1.tiff,s3://cellpainting-gallery/cpg0037-oasis/axiom/images/prod_25/images/plate_41002693/r15c21f08p01-ch2sk1fk1fl1.tiff,s3://cellpainting-gallery/cpg0037-oasis/axiom/images/prod_25/images/plate_41002693/r15c21f08p01-ch4sk1fk1fl1.tiff,s3://cellpainting-gallery/cpg0037-oasis/axiom/images/prod_25/images/plate_41002693/r15c21f08p01-ch3sk1fk1fl1.tiff,s3://cellpainting-gallery/cpg0037-oasis/axiom/images/prod_25/images/plate_41002693/r15c21f08p01-ch5sk1fk1fl1.tiff
p41002693_O24_s08,plate_41002693,O24,8.0,Compound_66f5ba33,,100.0,0.02060931921005249,0.7044456005096436,,,s3://cellpainting-gallery/cpg0037-oasis/axiom/images/prod_25/images/plate_41002693/r15c24f08p01-ch6sk1fk1fl1.tiff,s3://cellpainting-gallery/cpg0037-oasis/axiom/images/prod_25/images/plate_41002693/r15c24f08p01-ch1sk1fk1fl1.tiff,s3://cellpainting-gallery/cpg0037-oasis/axiom/images/prod_25/images/plate_41002693/r15c24f08p01-ch2sk1fk1fl1.tiff,s3://cellpainting-gallery/cpg0037-oasis/axiom/images/prod_25/images/plate_41002693/r15c24f08p01-ch4sk1fk1fl1.tiff,s3://cellpainting-gallery/cpg0037-oasis/axiom/images/prod_25/images/plate_41002693/r15c24f08p01-ch3sk1fk1fl1.tiff,s3://cellpainting-gallery/cpg0037-oasis/axiom/images/prod_25/images/plate_41002693/r15c24f08p01-ch5sk1fk1fl1.tiff
p41002693_P14_s08,plate_41002693,P14,8.0,Paclitaxel,OASIS1549,100.0,0.5427120923995972,0.18000079691410065,ADC Cytotoxin; Apoptosis; Autophagy; Microtubule/Tubulin,O=C(C1=CC=CC=C1)N[C@@H](C2=CC=CC=C2)[C@H](C(O[C@@H]3C(C)=C([C@@H](OC(C)=O)C([C@@]4(C)[C@]([C@@](CO5)(OC(C)=O)[C@@]5([H])C[C@@H]4O)([H])[C@@H]6OC(C7=CC=CC=C7)=O)=O)C(C)(C)[C@@]6(O)C3)=O)O,s3://cellpainting-gallery/cpg0037-oasis/axiom/images/prod_25/images/plate_41002693/r16c14f08p01-ch6sk1fk1fl1.tiff,s3://cellpainting-gallery/cpg0037-oasis/axiom/images/prod_25/images/plate_41002693/r16c14f08p01-ch1sk1fk1fl1.tiff,s3://cellpainting-gallery/cpg0037-oasis/axiom/images/prod_25/images/plate_41002693/r16c14f08p01-ch2sk1fk1fl1.tiff,s3://cellpainting-gallery/cpg0037-oasis/axiom/images/prod_25/images/plate_41002693/r16c14f08p01-ch4sk1fk1fl1.tiff,s3://cellpainting-gallery/cpg0037-oasis/axiom/images/prod_25/images/plate_41002693/r16c14f08p01-ch3sk1fk1fl1.tiff,s3://cellpainting-gallery/cpg0037-oasis/axiom/images/prod_25/images/plate_41002693/r16c14f08p01-ch5sk1fk1fl1.tiff
p41002693_P19_s08,plate_41002693,P19,8.0,Ferric maltol,OASIS1749,100.0,0.013115021400153637,0.5651399493217468,Others,CC1=C2[O-][Fe+3]([O-]C3=C4C)([O-]C5=C6C)(O=C5C=CO6)(O=C3C=CO4)O=C2C=CO1,s3://cellpainting-gallery/cpg0037-oasis/axiom/images/prod_25/images/plate_41002693/r16c19f08p01-ch6sk1fk1fl1.tiff,s3://cellpainting-gallery/cpg0037-oasis/axiom/images/prod_25/images/plate_41002693/r16c19f08p01-ch1sk1fk1fl1.tiff,s3://cellpainting-gallery/cpg0037-oasis/axiom/images/prod_25/images/plate_41002693/r16c19f08p01-ch2sk1fk1fl1.tiff,s3://cellpainting-gallery/cpg0037-oasis/axiom/images/prod_25/images/plate_41002693/r16c19f08p01-ch4sk1fk1fl1.tiff,s3://cellpainting-gallery/cpg0037-oasis/axiom/images/prod_25/images/plate_41002693/r16c19f08p01-ch3sk1fk1fl1.tiff,s3://cellpainting-gallery/cpg0037-oasis/axiom/images/prod_25/images/plate_41002693/r16c19f08p01-ch5sk1fk1fl1.tiff
p41002693_P23_s08,plate_41002693,P23,8.0,Apixaban,OASIS1905,100.0,0.6032909750938416,0.14176002144813538,Factor Xa,NC(C1=NN(C2=C1CCN(C2=O)C3=CC=C(C=C3)N4CCCCC4=O)C5=CC=C(C=C5)OC)=O,s3://cellpainting-gallery/cpg0037-oasis/axiom/images/prod_25/images/plate_41002693/r16c23f08p01-ch6sk1fk1fl1.tiff,s3://cellpainting-gallery/cpg0037-oasis/axiom/images/prod_25/images/plate_41002693/r16c23f08p01-ch1sk1fk1fl1.tiff,s3://cellpainting-gallery/cpg0037-oasis/axiom/images/prod_25/images/plate_41002693/r16c23f08p01-ch2sk1fk1fl1.tiff,s3://cellpainting-gallery/cpg0037-oasis/axiom/images/prod_25/images/plate_41002693/r16c23f08p01-ch4sk1fk1fl1.tiff,s3://cellpainting-gallery/cpg0037-oasis/axiom/images/prod_25/images/plate_41002693/r16c23f08p01-ch3sk1fk1fl1.tiff,s3://cellpainting-gallery/cpg0037-oasis/axiom/images/prod_25/images/plate_41002693/r16c23f08p01-ch5sk1fk1fl1.tiff
p41002693_P24_s08,plate_41002693,P24,8.0,Paliperidone,OASIS1369,100.0,0.2554306387901306,0.3356953561306,5-HT Receptor; Adrenergic Receptor; Dopamine Receptor; Drug Metabolite,CC1=C(C(N2CCCC(C2=N1)O)=O)CCN3CCC(CC3)C4=NOC5=C4C=CC(F)=C5,s3://cellpainting-gallery/cpg0037-oasis/axiom/images/prod_25/images/plate_41002693/r16c24f08p01-ch6sk1fk1fl1.tiff,s3://cellpainting-gallery/cpg0037-oasis/axiom/images/prod_25/images/plate_41002693/r16c24f08p01-ch1sk1fk1fl1.tiff,s3://cellpainting-gallery/cpg0037-oasis/axiom/images/prod_25/images/plate_41002693/r16c24f08p01-ch2sk1fk1fl1.tiff,s3://cellpainting-gallery/cpg0037-oasis/axiom/images/prod_25/images/plate_41002693/r16c24f08p01-ch4sk1fk1fl1.tiff,s3://cellpainting-gallery/cpg0037-oasis/axiom/images/prod_25/images/plate_41002693/r16c24f08p01-ch3sk1fk1fl1.tiff,s3://cellpainting-gallery/cpg0037-oasis/axiom/images/prod_25/images/plate_41002693/r16c24f08p01-ch5sk1fk1fl1.tiff
p41002694_A20_s08,plate_41002694,A20,8.0,DMSO,,0.0,1.1941043138504028,0.23435689508914948,,,s3://cellpainting-gallery/cpg0037-oasis/axiom/images/prod_25/images/plate_41002694/r01c20f08p01-ch6sk1fk1fl1.tiff,s3://cellpainting-gallery/cpg0037-oasis/axiom/images/prod_25/images/plate_41002694/r01c20f08p01-ch1sk1fk1fl1.tiff,s3://cellpainting-gallery/cpg0037-oasis/axiom/images/prod_25/images/plate_41002694/r01c20f08p01-ch2sk1fk1fl1.tiff,s3://cellpainting-gallery/cpg0037-oasis/axiom/images/prod_25/images/plate_41002694/r01c20f08p01-ch4sk1fk1fl1.tiff,s3://cellpainting-gallery/cpg0037-oasis/axiom/images/prod_25/images/plate_41002694/r01c20f08p01-ch3sk1fk1fl1.tiff,s3://cellpainting-gallery/cpg0037-oasis/axiom/images/prod_25/images/plate_41002694/r01c20f08p01-ch5sk1fk1fl1.tiff
p41002694_C20_s08,plate_41002694,C20,8.0,DMSO,,0.0,0.9967734813690186,0.08281754702329636,,,s3://cellpainting-gallery/cpg0037-oasis/axiom/images/prod_25/images/plate_41002694/r03c20f08p01-ch6sk1fk1fl1.tiff,s3://cellpainting-gallery/cpg0037-oasis/axiom/images/prod_25/images/plate_41002694/r03c20f08p01-ch1sk1fk1fl1.tiff,s3://cellpainting-gallery/cpg0037-oasis/axiom/images/prod_25/images/plate_41002694/r03c20f08p01-ch2sk1fk1fl1.tiff,s3://cellpainting-gallery/cpg0037-oasis/axiom/images/prod_25/images/plate_41002694/r03c20f08p01-ch4sk1fk1fl1.tiff,s3://cellpainting-gallery/cpg0037-oasis/axiom/images/prod_25/images/plate_41002694/r03c20f08p01-ch3sk1fk1fl1.tiff,s3://cellpainting-gallery/cpg0037-oasis/axiom/images/prod_25/images/plate_41002694/r03c20f08p01-ch5sk1fk1fl1.tiff
p41002694_D12_s08,plate_41002694,D12,8.0,DMSO,,0.0,0.8513052463531494,0.027712330222129822,,,s3://cellpainting-gallery/cpg0037-oasis/axiom/images/prod_25/images/plate_41002694/r04c12f08p01-ch6sk1fk1fl1.tiff,s3://cellpainting-gallery/cpg0037-oasis/axiom/images/prod_25/images/plate_41002694/r04c12f08p01-ch1sk1fk1fl1.tiff,s3://cellpainting-gallery/cpg0037-oasis/axiom/images/prod_25/images/plate_41002694/r04c12f08p01-ch2sk1fk1fl1.tiff,s3://cellpainting-gallery/cpg0037-oasis/axiom/images/prod_25/images/plate_41002694/r04c12f08p01-ch4sk1fk1fl1.tiff,s3://cellpainting-gallery/cpg0037-oasis/axiom/images/prod_25/images/plate_41002694/r04c12f08p01-ch3sk1fk1fl1.tiff,s3://cellpainting-gallery/cpg0037-oasis/axiom/images/prod_25/images/plate_41002694/r04c12f08p01-ch5sk1fk1fl1.tiff
p41002694_D20_s08,plate_41002694,D20,8.0,DMSO,,0.0,0.9740045666694641,0.024957070127129555,,,s3://cellpainting-gallery/cpg0037-oasis/axiom/images/prod_25/images/plate_41002694/r04c20f08p01-ch6sk1fk1fl1.tiff,s3://cellpainting-gallery/cpg0037-oasis/axiom/images/prod_25/images/plate_41002694/r04c20f08p01-ch1sk1fk1fl1.tiff,s3://cellpainting-gallery/cpg0037-oasis/axiom/images/prod_25/images/plate_41002694/r04c20f08p01-ch2sk1fk1fl1.tiff,s3://cellpainting-gallery/cpg0037-oasis/axiom/images/prod_25/images/plate_41002694/r04c20f08p01-ch4sk1fk1fl1.tiff,s3://cellpainting-gallery/cpg0037-oasis/axiom/images/prod_25/images/plate_41002694/r04c20f08p01-ch3sk1fk1fl1.tiff,s3://cellpainting-gallery/cpg0037-oasis/axiom/images/prod_25/images/plate_41002694/r04c20f08p01-ch5sk1fk1fl1.tiff
p41002694_E13_s08,plate_41002694,E13,8.0,Carmustine,OASIS1398,1.0,0.907595157623291,-0.013616583310067654,DNA Alkylator/Crosslinker,O=C(NCCCl)N(CCCl)N=O,s3://cellpainting-gallery/cpg0037-oasis/axiom/images/prod_25/images/plate_41002694/r05c13f08p01-ch6sk1fk1fl1.tiff,s3://cellpainting-gallery/cpg0037-oasis/axiom/images/prod_25/images/plate_41002694/r05c13f08p01-ch1sk1fk1fl1.tiff,s3://cellpainting-gallery/cpg0037-oasis/axiom/images/prod_25/images/plate_41002694/r05c13f08p01-ch2sk1fk1fl1.tiff,s3://cellpainting-gallery/cpg0037-oasis/axiom/images/prod_25/images/plate_41002694/r05c13f08p01-ch4sk1fk1fl1.tiff,s3://cellpainting-gallery/cpg0037-oasis/axiom/images/prod_25/images/plate_41002694/r05c13f08p01-ch3sk1fk1fl1.tiff,s3://cellpainting-gallery/cpg0037-oasis/axiom/images/prod_25/images/plate_41002694/r05c13f08p01-ch5sk1fk1fl1.tiff
p41002694_E22_s08,plate_41002694,E22,8.0,Benzonatate,OASIS1521,1.0,1.0644478797912598,-0.005350800696760416,Sodium Channel,O=C(OCCOCCOCCOCCOCCOCCOCCOCCOCCOC)C1=CC=C(NCCCC)C=C1,s3://cellpainting-gallery/cpg0037-oasis/axiom/images/prod_25/images/plate_41002694/r05c22f08p01-ch6sk1fk1fl1.tiff,s3://cellpainting-gallery/cpg0037-oasis/axiom/images/prod_25/images/plate_41002694/r05c22f08p01-ch1sk1fk1fl1.tiff,s3://cellpainting-gallery/cpg0037-oasis/axiom/images/prod_25/images/plate_41002694/r05c22f08p01-ch2sk1fk1fl1.tiff,s3://cellpainting-gallery/cpg0037-oasis/axiom/images/prod_25/images/plate_41002694/r05c22f08p01-ch4sk1fk1fl1.tiff,s3://cellpainting-gallery/cpg0037-oasis/axiom/images/prod_25/images/plate_41002694/r05c22f08p01-ch3sk1fk1fl1.tiff,s3://cellpainting-gallery/cpg0037-oasis/axiom/images/prod_25/images/plate_41002694/r05c22f08p01-ch5sk1fk1fl1.tiff
p41002694_E23_s08,plate_41002694,E23,8.0,Ifosfamide,OASIS1281,1.0,1.1099857091903687,0.005670242942869663,DNA Alkylator/Crosslinker,ClCCN1P(OCCC1)(NCCCl)=O,s3://cellpainting-gallery/cpg0037-oasis/axiom/images/prod_25/images/plate_41002694/r05c23f08p01-ch6sk1fk1fl1.tiff,s3://cellpainting-gallery/cpg0037-oasis/axiom/images/prod_25/images/plate_41002694/r05c23f08p01-ch1sk1fk1fl1.tiff,s3://cellpainting-gallery/cpg0037-oasis/axiom/images/prod_25/images/plate_41002694/r05c23f08p01-ch2sk1fk1fl1.tiff,s3://cellpainting-gallery/cpg0037-oasis/axiom/images/prod_25/images/plate_41002694/r05c23f08p01-ch4sk1fk1fl1.tiff,s3://cellpainting-gallery/cpg0037-oasis/axiom/images/prod_25/images/plate_41002694/r05c23f08p01-ch3sk1fk1fl1.tiff,s3://cellpainting-gallery/cpg0037-oasis/axiom/images/prod_25/images/plate_41002694/r05c23f08p01-ch5sk1fk1fl1.tiff
p41002694_F11_s08,plate_41002694,F11,8.0,Mitoxantrone,OASIS1060,1.0,0.2068178504705429,0.32803577184677124,Apoptosis; Endogenous Metabolite; Orthopoxvirus; PKC; Topoisomerase,O=C1C2=C(C(NCCNCCO)=CC=C2NCCNCCO)C(C3=C(O)C=CC(O)=C13)=O,s3://cellpainting-gallery/cpg0037-oasis/axiom/images/prod_25/images/plate_41002694/r06c11f08p01-ch6sk1fk1fl1.tiff,s3://cellpainting-gallery/cpg0037-oasis/axiom/images/prod_25/images/plate_41002694/r06c11f08p01-ch1sk1fk1fl1.tiff,s3://cellpainting-gallery/cpg0037-oasis/axiom/images/prod_25/images/plate_41002694/r06c11f08p01-ch2sk1fk1fl1.tiff,s3://cellpainting-gallery/cpg0037-oasis/axiom/images/prod_25/images/plate_41002694/r06c11f08p01-ch4sk1fk1fl1.tiff,s3://cellpainting-gallery/cpg0037-oasis/axiom/images/prod_25/images/plate_41002694/r06c11f08p01-ch3sk1fk1fl1.tiff,s3://cellpainting-gallery/cpg0037-oasis/axiom/images/prod_25/images/plate_41002694/r06c11f08p01-ch5sk1fk1fl1.tiff
p41002694_F18_s08,plate_41002694,F18,8.0,Rapamycin,OASIS1120,1.0,0.6489146947860718,-0.027392888441681862,Antibiotic; Autophagy; Bacterial; Endogenous Metabolite; FKBP; Fungal; mTOR,O=C([C@@]1(O)[C@@H](CC[C@@H](C[C@@H](/C(C)=C/C=C/C=C/[C@H](C[C@@H](C)C([C@@H]([C@@H](/C(C)=C/[C@H]2C)O)OC)=O)C)OC)O1)C)C(N3CCCC[C@H]3C(O[C@@H](CC2=O)[C@@H](C[C@H]4C[C@H]([C@H](O)CC4)OC)C)=O)=O,s3://cellpainting-gallery/cpg0037-oasis/axiom/images/prod_25/images/plate_41002694/r06c18f08p01-ch6sk1fk1fl1.tiff,s3://cellpainting-gallery/cpg0037-oasis/axiom/images/prod_25/images/plate_41002694/r06c18f08p01-ch1sk1fk1fl1.tiff,s3://cellpainting-gallery/cpg0037-oasis/axiom/images/prod_25/images/plate_41002694/r06c18f08p01-ch2sk1fk1fl1.tiff,s3://cellpainting-gallery/cpg0037-oasis/axiom/images/prod_25/images/plate_41002694/r06c18f08p01-ch4sk1fk1fl1.tiff,s3://cellpainting-gallery/cpg0037-oasis/axiom/images/prod_25/images/plate_41002694/r06c18f08p01-ch3sk1fk1fl1.tiff,s3://cellpainting-gallery/cpg0037-oasis/axiom/images/prod_25/images/plate_41002694/r06c18f08p01-ch5sk1fk1fl1.tiff
p41002694_G10_s08,plate_41002694,G10,8.0,Ivermectin,OASIS1337,1.0,0.9721071124076843,-0.04667971655726433,Antibiotic; Autophagy; Bacterial; Dengue virus; Flavivirus; HIV; HSV; Mitophagy; Parasite; SARS-CoV,CO[C@H]1C[C@H](O[C@H]2[C@H](C)O[C@@H](O[C@H](/C(C)=C/C[C@@H]3C[C@H]4C[C@@]5(O[C@]([H])(C(C)C)[C@@H](C)CC5)O3)[C@@H](C)/C=C/C=C6CO[C@@]7([H])[C@]\6(O)[C@H](C(O4)=O)C=C(C)[C@H]7O)C[C@@H]2OC)O[C@@H](C)[C@@H]1O.CO[C@H]8C[C@H](O[C@H]9[C@H](C)O[C@@H](O[C@H](/C(C)=C/C[C@@H]%10C[C@H]%11C[C@@]%12(O[C@]([H])([C@@H](C)CC)[C@@H](C)CC%12)O%10)[C@@H](C)/C=C/C=C%13CO[C@@]%14([H])[C@]\%13(O)[C@H](C(O%11)=O)C=C(C)[C@H]%14O)C[C@@H]9OC)O[C@@H](C)[C@@H]8O,s3://cellpainting-gallery/cpg0037-oasis/axiom/images/prod_25/images/plate_41002694/r07c10f08p01-ch6sk1fk1fl1.tiff,s3://cellpainting-gallery/cpg0037-oasis/axiom/images/prod_25/images/plate_41002694/r07c10f08p01-ch1sk1fk1fl1.tiff,s3://cellpainting-gallery/cpg0037-oasis/axiom/images/prod_25/images/plate_41002694/r07c10f08p01-ch2sk1fk1fl1.tiff,s3://cellpainting-gallery/cpg0037-oasis/axiom/images/prod_25/images/plate_41002694/r07c10f08p01-ch4sk1fk1fl1.tiff,s3://cellpainting-gallery/cpg0037-oasis/axiom/images/prod_25/images/plate_41002694/r07c10f08p01-ch3sk1fk1fl1.tiff,s3://cellpainting-gallery/cpg0037-oasis/axiom/images/prod_25/images/plate_41002694/r07c10f08p01-ch5sk1fk1fl1.tiff
p41002694_G11_s08,plate_41002694,G11,8.0,Darifenacin,OASIS859,1.0,0.8949457406997681,-0.12107176333665848,mAChR,O=C(N)C(C1=CC=CC=C1)([C@H]2CN(CCC3=CC=C(OCC4)C4=C3)CC2)C5=CC=CC=C5,s3://cellpainting-gallery/cpg0037-oasis/axiom/images/prod_25/images/plate_41002694/r07c11f08p01-ch6sk1fk1fl1.tiff,s3://cellpainting-gallery/cpg0037-oasis/axiom/images/prod_25/images/plate_41002694/r07c11f08p01-ch1sk1fk1fl1.tiff,s3://cellpainting-gallery/cpg0037-oasis/axiom/images/prod_25/images/plate_41002694/r07c11f08p01-ch2sk1fk1fl1.tiff,s3://cellpainting-gallery/cpg0037-oasis/axiom/images/prod_25/images/plate_41002694/r07c11f08p01-ch4sk1fk1fl1.tiff,s3://cellpainting-gallery/cpg0037-oasis/axiom/images/prod_25/images/plate_41002694/r07c11f08p01-ch3sk1fk1fl1.tiff,s3://cellpainting-gallery/cpg0037-oasis/axiom/images/prod_25/images/plate_41002694/r07c11f08p01-ch5sk1fk1fl1.tiff
p41002694_G15_s08,plate_41002694,G15,8.0,Cephalothin,OASIS1000,1.0,0.8544676303863525,0.011180764995515347,Antibiotic; Bacterial; Beta-lactamase,O=C(C(N12)=C(COC(C)=O)CS[C@]2([H])[C@H](NC(CC3=CC=CS3)=O)C1=O)O,s3://cellpainting-gallery/cpg0037-oasis/axiom/images/prod_25/images/plate_41002694/r07c15f08p01-ch6sk1fk1fl1.tiff,s3://cellpainting-gallery/cpg0037-oasis/axiom/images/prod_25/images/plate_41002694/r07c15f08p01-ch1sk1fk1fl1.tiff,s3://cellpainting-gallery/cpg0037-oasis/axiom/images/prod_25/images/plate_41002694/r07c15f08p01-ch2sk1fk1fl1.tiff,s3://cellpainting-gallery/cpg0037-oasis/axiom/images/prod_25/images/plate_41002694/r07c15f08p01-ch4sk1fk1fl1.tiff,s3://cellpainting-gallery/cpg0037-oasis/axiom/images/prod_25/images/plate_41002694/r07c15f08p01-ch3sk1fk1fl1.tiff,s3://cellpainting-gallery/cpg0037-oasis/axiom/images/prod_25/images/plate_41002694/r07c15f08p01-ch5sk1fk1fl1.tiff
p41002694_G16_s08,plate_41002694,G16,8.0,Triheptanoin,OASIS1819,1.0,0.9132874011993408,-0.008106062188744545,Others,CCCCCCC(OCC(OC(CCCCCC)=O)COC(CCCCCC)=O)=O,s3://cellpainting-gallery/cpg0037-oasis/axiom/images/prod_25/images/plate_41002694/r07c16f08p01-ch6sk1fk1fl1.tiff,s3://cellpainting-gallery/cpg0037-oasis/axiom/images/prod_25/images/plate_41002694/r07c16f08p01-ch1sk1fk1fl1.tiff,s3://cellpainting-gallery/cpg0037-oasis/axiom/images/prod_25/images/plate_41002694/r07c16f08p01-ch2sk1fk1fl1.tiff,s3://cellpainting-gallery/cpg0037-oasis/axiom/images/prod_25/images/plate_41002694/r07c16f08p01-ch4sk1fk1fl1.tiff,s3://cellpainting-gallery/cpg0037-oasis/axiom/images/prod_25/images/plate_41002694/r07c16f08p01-ch3sk1fk1fl1.tiff,s3://cellpainting-gallery/cpg0037-oasis/axiom/images/prod_25/images/plate_41002694/r07c16f08p01-ch5sk1fk1fl1.tiff
p41002694_G18_s08,plate_41002694,G18,8.0,Droperidol,OASIS1204,1.0,0.9923461675643921,0.01944654807448387,Dopamine Receptor,O=C1NC2=CC=CC=C2N1C3=CCN(CCCC(C4=CC=C(F)C=C4)=O)CC3,s3://cellpainting-gallery/cpg0037-oasis/axiom/images/prod_25/images/plate_41002694/r07c18f08p01-ch6sk1fk1fl1.tiff,s3://cellpainting-gallery/cpg0037-oasis/axiom/images/prod_25/images/plate_41002694/r07c18f08p01-ch1sk1fk1fl1.tiff,s3://cellpainting-gallery/cpg0037-oasis/axiom/images/prod_25/images/plate_41002694/r07c18f08p01-ch2sk1fk1fl1.tiff,s3://cellpainting-gallery/cpg0037-oasis/axiom/images/prod_25/images/plate_41002694/r07c18f08p01-ch4sk1fk1fl1.tiff,s3://cellpainting-gallery/cpg0037-oasis/axiom/images/prod_25/images/plate_41002694/r07c18f08p01-ch3sk1fk1fl1.tiff,s3://cellpainting-gallery/cpg0037-oasis/axiom/images/prod_25/images/plate_41002694/r07c18f08p01-ch5sk1fk1fl1.tiff
p41002694_G19_s08,plate_41002694,G19,8.0,Capsaicin,OASIS1503,1.0,0.9411160945892334,0.0029149819165468216,Apoptosis; Autophagy; Endogenous Metabolite; TRP Channel,CC(C)/C=C/CCCCC(NCC1=CC=C(O)C(OC)=C1)=O,s3://cellpainting-gallery/cpg0037-oasis/axiom/images/prod_25/images/plate_41002694/r07c19f08p01-ch6sk1fk1fl1.tiff,s3://cellpainting-gallery/cpg0037-oasis/axiom/images/prod_25/images/plate_41002694/r07c19f08p01-ch1sk1fk1fl1.tiff,s3://cellpainting-gallery/cpg0037-oasis/axiom/images/prod_25/images/plate_41002694/r07c19f08p01-ch2sk1fk1fl1.tiff,s3://cellpainting-gallery/cpg0037-oasis/axiom/images/prod_25/images/plate_41002694/r07c19f08p01-ch4sk1fk1fl1.tiff,s3://cellpainting-gallery/cpg0037-oasis/axiom/images/prod_25/images/plate_41002694/r07c19f08p01-ch3sk1fk1fl1.tiff,s3://cellpainting-gallery/cpg0037-oasis/axiom/images/prod_25/images/plate_41002694/r07c19f08p01-ch5sk1fk1fl1.tiff
p41002694_H22_s08,plate_41002694,H22,8.0,DMSO,,0.0,0.9879189133644104,-0.041169192641973495,,,s3://cellpainting-gallery/cpg0037-oasis/axiom/images/prod_25/images/plate_41002694/r08c22f08p01-ch6sk1fk1fl1.tiff,s3://cellpainting-gallery/cpg0037-oasis/axiom/images/prod_25/images/plate_41002694/r08c22f08p01-ch1sk1fk1fl1.tiff,s3://cellpainting-gallery/cpg0037-oasis/axiom/images/prod_25/images/plate_41002694/r08c22f08p01-ch2sk1fk1fl1.tiff,s3://cellpainting-gallery/cpg0037-oasis/axiom/images/prod_25/images/plate_41002694/r08c22f08p01-ch4sk1fk1fl1.tiff,s3://cellpainting-gallery/cpg0037-oasis/axiom/images/prod_25/images/plate_41002694/r08c22f08p01-ch3sk1fk1fl1.tiff,s3://cellpainting-gallery/cpg0037-oasis/axiom/images/prod_25/images/plate_41002694/r08c22f08p01-ch5sk1fk1fl1.tiff
p41002694_I14_s08,plate_41002694,I14,8.0,Retinoic acid,OASIS140,1.0,0.9265692830085754,-0.027392888441681862,Autophagy; Endogenous Metabolite; Organoid; PPAR; RAR/RXR,CC1(C)C(/C=C/C(C)=C/C=C/C(C)=C/C(O)=O)=C(C)CCC1,s3://cellpainting-gallery/cpg0037-oasis/axiom/images/prod_25/images/plate_41002694/r09c14f08p01-ch6sk1fk1fl1.tiff,s3://cellpainting-gallery/cpg0037-oasis/axiom/images/prod_25/images/plate_41002694/r09c14f08p01-ch1sk1fk1fl1.tiff,s3://cellpainting-gallery/cpg0037-oasis/axiom/images/prod_25/images/plate_41002694/r09c14f08p01-ch2sk1fk1fl1.tiff,s3://cellpainting-gallery/cpg0037-oasis/axiom/images/prod_25/images/plate_41002694/r09c14f08p01-ch4sk1fk1fl1.tiff,s3://cellpainting-gallery/cpg0037-oasis/axiom/images/prod_25/images/plate_41002694/r09c14f08p01-ch3sk1fk1fl1.tiff,s3://cellpainting-gallery/cpg0037-oasis/axiom/images/prod_25/images/plate_41002694/r09c14f08p01-ch5sk1fk1fl1.tiff
p41002694_J15_s08,plate_41002694,J15,8.0,Chlormezanone,OASIS040,1.0,0.9208770394325256,-0.11005071550607681,GABA Receptor,O=C(CC1)N(C)C(C2=CC=C(Cl)C=C2)S1(=O)=O,s3://cellpainting-gallery/cpg0037-oasis/axiom/images/prod_25/images/plate_41002694/r10c15f08p01-ch6sk1fk1fl1.tiff,s3://cellpainting-gallery/cpg0037-oasis/axiom/images/prod_25/images/plate_41002694/r10c15f08p01-ch1sk1fk1fl1.tiff,s3://cellpainting-gallery/cpg0037-oasis/axiom/images/prod_25/images/plate_41002694/r10c15f08p01-ch2sk1fk1fl1.tiff,s3://cellpainting-gallery/cpg0037-oasis/axiom/images/prod_25/images/plate_41002694/r10c15f08p01-ch4sk1fk1fl1.tiff,s3://cellpainting-gallery/cpg0037-oasis/axiom/images/prod_25/images/plate_41002694/r10c15f08p01-ch3sk1fk1fl1.tiff,s3://cellpainting-gallery/cpg0037-oasis/axiom/images/prod_25/images/plate_41002694/r10c15f08p01-ch5sk1fk1fl1.tiff
p41002694_J16_s08,plate_41002694,J16,8.0,Deoxycholic acid,OASIS1721,1.0,0.9189795851707458,-0.024637628346681595,Endogenous Metabolite; G protein-coupled Bile Acid Receptor 1,C[C@@]1([C@@]2([H])[C@H](C)CCC(O)=O)[C@](CC2)([H])[C@@](CC[C@@]3([H])[C@@]4(CC[C@@H](O)C3)C)([H])[C@]4([H])C[C@@H]1O,s3://cellpainting-gallery/cpg0037-oasis/axiom/images/prod_25/images/plate_41002694/r10c16f08p01-ch6sk1fk1fl1.tiff,s3://cellpainting-gallery/cpg0037-oasis/axiom/images/prod_25/images/plate_41002694/r10c16f08p01-ch1sk1fk1fl1.tiff,s3://cellpainting-gallery/cpg0037-oasis/axiom/images/prod_25/images/plate_41002694/r10c16f08p01-ch2sk1fk1fl1.tiff,s3://cellpainting-gallery/cpg0037-oasis/axiom/images/prod_25/images/plate_41002694/r10c16f08p01-ch4sk1fk1fl1.tiff,s3://cellpainting-gallery/cpg0037-oasis/axiom/images/prod_25/images/plate_41002694/r10c16f08p01-ch3sk1fk1fl1.tiff,s3://cellpainting-gallery/cpg0037-oasis/axiom/images/prod_25/images/plate_41002694/r10c16f08p01-ch5sk1fk1fl1.tiff
p41002694_J22_s08,plate_41002694,J22,8.0,Compound_567dbb1e,,1.0,1.0992337465286255,-0.032903410494327545,,,s3://cellpainting-gallery/cpg0037-oasis/axiom/images/prod_25/images/plate_41002694/r10c22f08p01-ch6sk1fk1fl1.tiff,s3://cellpainting-gallery/cpg0037-oasis/axiom/images/prod_25/images/plate_41002694/r10c22f08p01-ch1sk1fk1fl1.tiff,s3://cellpainting-gallery/cpg0037-oasis/axiom/images/prod_25/images/plate_41002694/r10c22f08p01-ch2sk1fk1fl1.tiff,s3://cellpainting-gallery/cpg0037-oasis/axiom/images/prod_25/images/plate_41002694/r10c22f08p01-ch4sk1fk1fl1.tiff,s3://cellpainting-gallery/cpg0037-oasis/axiom/images/prod_25/images/plate_41002694/r10c22f08p01-ch3sk1fk1fl1.tiff,s3://cellpainting-gallery/cpg0037-oasis/axiom/images/prod_25/images/plate_41002694/r10c22f08p01-ch5sk1fk1fl1.tiff
p41002694_K10_s08,plate_41002694,K10,8.0,Lapatinib,OASIS1355,1.0,0.8993730545043945,-0.06321127712726593,Autophagy; EGFR; Ferroptosis,O=S(CCNCC1=CC=C(C2=CC=C3C(C(NC4=CC(Cl)=C(C=C4)OCC5=CC(F)=CC=C5)=NC=N3)=C2)O1)(C)=O,s3://cellpainting-gallery/cpg0037-oasis/axiom/images/prod_25/images/plate_41002694/r11c10f08p01-ch6sk1fk1fl1.tiff,s3://cellpainting-gallery/cpg0037-oasis/axiom/images/prod_25/images/plate_41002694/r11c10f08p01-ch1sk1fk1fl1.tiff,s3://cellpainting-gallery/cpg0037-oasis/axiom/images/prod_25/images/plate_41002694/r11c10f08p01-ch2sk1fk1fl1.tiff,s3://cellpainting-gallery/cpg0037-oasis/axiom/images/prod_25/images/plate_41002694/r11c10f08p01-ch4sk1fk1fl1.tiff,s3://cellpainting-gallery/cpg0037-oasis/axiom/images/prod_25/images/plate_41002694/r11c10f08p01-ch3sk1fk1fl1.tiff,s3://cellpainting-gallery/cpg0037-oasis/axiom/images/prod_25/images/plate_41002694/r11c10f08p01-ch5sk1fk1fl1.tiff
p41002694_K13_s08,plate_41002694,K13,8.0,Olmesartan,OASIS831,1.0,0.9272017478942871,-0.06321127712726593,Angiotensin Receptor,O=C(O)C1=C(N=C(N1CC2=CC=C(C=C2)C3=CC=CC=C3C4=NN=NN4)CCC)C(O)(C)C,s3://cellpainting-gallery/cpg0037-oasis/axiom/images/prod_25/images/plate_41002694/r11c13f08p01-ch6sk1fk1fl1.tiff,s3://cellpainting-gallery/cpg0037-oasis/axiom/images/prod_25/images/plate_41002694/r11c13f08p01-ch1sk1fk1fl1.tiff,s3://cellpainting-gallery/cpg0037-oasis/axiom/images/prod_25/images/plate_41002694/r11c13f08p01-ch2sk1fk1fl1.tiff,s3://cellpainting-gallery/cpg0037-oasis/axiom/images/prod_25/images/plate_41002694/r11c13f08p01-ch4sk1fk1fl1.tiff,s3://cellpainting-gallery/cpg0037-oasis/axiom/images/prod_25/images/plate_41002694/r11c13f08p01-ch3sk1fk1fl1.tiff,s3://cellpainting-gallery/cpg0037-oasis/axiom/images/prod_25/images/plate_41002694/r11c13f08p01-ch5sk1fk1fl1.tiff
p41002694_K19_s08,plate_41002694,K19,8.0,Dapagliflozin,OASIS1775,1.0,0.9297316074371338,-0.016371844336390495,SGLT,O[C@H]1[C@H](C2=CC(CC3=CC=C(OCC)C=C3)=C(Cl)C=C2)O[C@H](CO)[C@@H](O)[C@@H]1O,s3://cellpainting-gallery/cpg0037-oasis/axiom/images/prod_25/images/plate_41002694/r11c19f08p01-ch6sk1fk1fl1.tiff,s3://cellpainting-gallery/cpg0037-oasis/axiom/images/prod_25/images/plate_41002694/r11c19f08p01-ch1sk1fk1fl1.tiff,s3://cellpainting-gallery/cpg0037-oasis/axiom/images/prod_25/images/plate_41002694/r11c19f08p01-ch2sk1fk1fl1.tiff,s3://cellpainting-gallery/cpg0037-oasis/axiom/images/prod_25/images/plate_41002694/r11c19f08p01-ch4sk1fk1fl1.tiff,s3://cellpainting-gallery/cpg0037-oasis/axiom/images/prod_25/images/plate_41002694/r11c19f08p01-ch3sk1fk1fl1.tiff,s3://cellpainting-gallery/cpg0037-oasis/axiom/images/prod_25/images/plate_41002694/r11c19f08p01-ch5sk1fk1fl1.tiff
p41002694_K21_s08,plate_41002694,K21,8.0,Thalidomide,OASIS1517,1.0,1.0252346992492676,-0.005350800696760416,Autophagy; Ligands for E3 Ligase,O=C1N(C2CCC(NC2=O)=O)C(C3=CC=CC=C31)=O,s3://cellpainting-gallery/cpg0037-oasis/axiom/images/prod_25/images/plate_41002694/r11c21f08p01-ch6sk1fk1fl1.tiff,s3://cellpainting-gallery/cpg0037-oasis/axiom/images/prod_25/images/plate_41002694/r11c21f08p01-ch1sk1fk1fl1.tiff,s3://cellpainting-gallery/cpg0037-oasis/axiom/images/prod_25/images/plate_41002694/r11c21f08p01-ch2sk1fk1fl1.tiff,s3://cellpainting-gallery/cpg0037-oasis/axiom/images/prod_25/images/plate_41002694/r11c21f08p01-ch4sk1fk1fl1.tiff,s3://cellpainting-gallery/cpg0037-oasis/axiom/images/prod_25/images/plate_41002694/r11c21f08p01-ch3sk1fk1fl1.tiff,s3://cellpainting-gallery/cpg0037-oasis/axiom/images/prod_25/images/plate_41002694/r11c21f08p01-ch5sk1fk1fl1.tiff
p41002694_K22_s08,plate_41002694,K22,8.0,Panobinostat,OASIS1808,1.0,0.7102643251419067,0.08281754702329636,Apoptosis; Autophagy; HDAC; HIV,O=C(/C=C/C1=CC=C(CNCCC2=C(NC3=C2C=CC=C3)C)C=C1)NO,s3://cellpainting-gallery/cpg0037-oasis/axiom/images/prod_25/images/plate_41002694/r11c22f08p01-ch6sk1fk1fl1.tiff,s3://cellpainting-gallery/cpg0037-oasis/axiom/images/prod_25/images/plate_41002694/r11c22f08p01-ch1sk1fk1fl1.tiff,s3://cellpainting-gallery/cpg0037-oasis/axiom/images/prod_25/images/plate_41002694/r11c22f08p01-ch2sk1fk1fl1.tiff,s3://cellpainting-gallery/cpg0037-oasis/axiom/images/prod_25/images/plate_41002694/r11c22f08p01-ch4sk1fk1fl1.tiff,s3://cellpainting-gallery/cpg0037-oasis/axiom/images/prod_25/images/plate_41002694/r11c22f08p01-ch3sk1fk1fl1.tiff,s3://cellpainting-gallery/cpg0037-oasis/axiom/images/prod_25/images/plate_41002694/r11c22f08p01-ch5sk1fk1fl1.tiff
p41002694_L16_s08,plate_41002694,L16,8.0,Sorafenib,OASIS1340,1.0,0.8051349520683289,-0.01912710629403591,Apoptosis; Autophagy; Ferroptosis; FLT3; Raf; VEGFR,O=C(NC(C=C1)=CC=C1OC2=CC(C(NC)=O)=NC=C2)NC3=CC=C(Cl)C(C(F)(F)F)=C3,s3://cellpainting-gallery/cpg0037-oasis/axiom/images/prod_25/images/plate_41002694/r12c16f08p01-ch6sk1fk1fl1.tiff,s3://cellpainting-gallery/cpg0037-oasis/axiom/images/prod_25/images/plate_41002694/r12c16f08p01-ch1sk1fk1fl1.tiff,s3://cellpainting-gallery/cpg0037-oasis/axiom/images/prod_25/images/plate_41002694/r12c16f08p01-ch2sk1fk1fl1.tiff,s3://cellpainting-gallery/cpg0037-oasis/axiom/images/prod_25/images/plate_41002694/r12c16f08p01-ch4sk1fk1fl1.tiff,s3://cellpainting-gallery/cpg0037-oasis/axiom/images/prod_25/images/plate_41002694/r12c16f08p01-ch3sk1fk1fl1.tiff,s3://cellpainting-gallery/cpg0037-oasis/axiom/images/prod_25/images/plate_41002694/r12c16f08p01-ch5sk1fk1fl1.tiff
p41002694_L18_s08,plate_41002694,L18,8.0,Lercanidipine,OASIS861,1.0,0.9872864484786987,-0.03565867245197296,Apoptosis; Calcium Channel; NF-κB; p38 MAPK; Reactive Oxygen Species,O=C(C1=C(C)NC(C)=C(C(OC)=O)C1C2=CC=CC([N+]([O-])=O)=C2)OC(C)(C)CN(CCC(C3=CC=CC=C3)C4=CC=CC=C4)C,s3://cellpainting-gallery/cpg0037-oasis/axiom/images/prod_25/images/plate_41002694/r12c18f08p01-ch6sk1fk1fl1.tiff,s3://cellpainting-gallery/cpg0037-oasis/axiom/images/prod_25/images/plate_41002694/r12c18f08p01-ch1sk1fk1fl1.tiff,s3://cellpainting-gallery/cpg0037-oasis/axiom/images/prod_25/images/plate_41002694/r12c18f08p01-ch2sk1fk1fl1.tiff,s3://cellpainting-gallery/cpg0037-oasis/axiom/images/prod_25/images/plate_41002694/r12c18f08p01-ch4sk1fk1fl1.tiff,s3://cellpainting-gallery/cpg0037-oasis/axiom/images/prod_25/images/plate_41002694/r12c18f08p01-ch3sk1fk1fl1.tiff,s3://cellpainting-gallery/cpg0037-oasis/axiom/images/prod_25/images/plate_41002694/r12c18f08p01-ch5sk1fk1fl1.tiff
p41002694_M10_s08,plate_41002694,M10,8.0,Raltegravir,OASIS869,1.0,0.970842182636261,-0.10454019159078598,HIV; HIV Integrase,O=C(C(O)=C(C(NCC1=CC=C(C=C1)F)=O)N=C2C(C)(C)NC(C3=NN=C(C)O3)=O)N2C,s3://cellpainting-gallery/cpg0037-oasis/axiom/images/prod_25/images/plate_41002694/r13c10f08p01-ch6sk1fk1fl1.tiff,s3://cellpainting-gallery/cpg0037-oasis/axiom/images/prod_25/images/plate_41002694/r13c10f08p01-ch1sk1fk1fl1.tiff,s3://cellpainting-gallery/cpg0037-oasis/axiom/images/prod_25/images/plate_41002694/r13c10f08p01-ch2sk1fk1fl1.tiff,s3://cellpainting-gallery/cpg0037-oasis/axiom/images/prod_25/images/plate_41002694/r13c10f08p01-ch4sk1fk1fl1.tiff,s3://cellpainting-gallery/cpg0037-oasis/axiom/images/prod_25/images/plate_41002694/r13c10f08p01-ch3sk1fk1fl1.tiff,s3://cellpainting-gallery/cpg0037-oasis/axiom/images/prod_25/images/plate_41002694/r13c10f08p01-ch5sk1fk1fl1.tiff
p41002694_M19_s08,plate_41002694,M19,8.0,Sulfasalazine,OASIS018,1.0,1.0695075988769531,-0.06321127712726593,Antibiotic; Apoptosis; Autophagy; Bacterial; Ferroptosis; NF-κB,OC(C1=C(O)C=CC(/N=N/C2=CC=C(S(=O)(NC3=NC=CC=C3)=O)C=C2)=C1)=O,s3://cellpainting-gallery/cpg0037-oasis/axiom/images/prod_25/images/plate_41002694/r13c19f08p01-ch6sk1fk1fl1.tiff,s3://cellpainting-gallery/cpg0037-oasis/axiom/images/prod_25/images/plate_41002694/r13c19f08p01-ch1sk1fk1fl1.tiff,s3://cellpainting-gallery/cpg0037-oasis/axiom/images/prod_25/images/plate_41002694/r13c19f08p01-ch2sk1fk1fl1.tiff,s3://cellpainting-gallery/cpg0037-oasis/axiom/images/prod_25/images/plate_41002694/r13c19f08p01-ch4sk1fk1fl1.tiff,s3://cellpainting-gallery/cpg0037-oasis/axiom/images/prod_25/images/plate_41002694/r13c19f08p01-ch3sk1fk1fl1.tiff,s3://cellpainting-gallery/cpg0037-oasis/axiom/images/prod_25/images/plate_41002694/r13c19f08p01-ch5sk1fk1fl1.tiff
p41002694_M19_s08,plate_41002694,M19,8.0,Sulfasalazine,OASIS018,1.0,1.0695075988769531,-0.06321127712726593,Antibiotic; Apoptosis; Autophagy; Bacterial; Ferroptosis; NF-κB,OC(C1=C(O)C=CC(/N=N/C2=CC=C(S(=O)(NC3=NC=CC=C3)=O)C=C2)=C1)=O,s3://cellpainting-gallery/cpg0037-oasis/axiom/images/prod_25/images/plate_41002694/r13c19f08p01-ch6sk1fk1fl1.tiff,s3://cellpainting-gallery/cpg0037-oasis/axiom/images/prod_25/images/plate_41002694/r13c19f08p01-ch1sk1fk1fl1.tiff,s3://cellpainting-gallery/cpg0037-oasis/axiom/images/prod_25/images/plate_41002694/r13c19f08p01-ch2sk1fk1fl1.tiff,s3://cellpainting-gallery/cpg0037-oasis/axiom/images/prod_25/images/plate_41002694/r13c19f08p01-ch4sk1fk1fl1.tiff,s3://cellpainting-gallery/cpg0037-oasis/axiom/images/prod_25/images/plate_41002694/r13c19f08p01-ch3sk1fk1fl1.tiff,s3://cellpainting-gallery/cpg0037-oasis/axiom/images/prod_25/images/plate_41002694/r13c19f08p01-ch5sk1fk1fl1.tiff
p41002694_M22_s08,plate_41002694,M22,8.0,Famotidine,OASIS1103,1.0,1.0296618938446045,-0.06872180104255676,Histamine Receptor,N=C(NS(=O)(N)=O)CCSCC1=CSC(NC(N)=N)=N1,s3://cellpainting-gallery/cpg0037-oasis/axiom/images/prod_25/images/plate_41002694/r13c22f08p01-ch6sk1fk1fl1.tiff,s3://cellpainting-gallery/cpg0037-oasis/axiom/images/prod_25/images/plate_41002694/r13c22f08p01-ch1sk1fk1fl1.tiff,s3://cellpainting-gallery/cpg0037-oasis/axiom/images/prod_25/images/plate_41002694/r13c22f08p01-ch2sk1fk1fl1.tiff,s3://cellpainting-gallery/cpg0037-oasis/axiom/images/prod_25/images/plate_41002694/r13c22f08p01-ch4sk1fk1fl1.tiff,s3://cellpainting-gallery/cpg0037-oasis/axiom/images/prod_25/images/plate_41002694/r13c22f08p01-ch3sk1fk1fl1.tiff,s3://cellpainting-gallery/cpg0037-oasis/axiom/images/prod_25/images/plate_41002694/r13c22f08p01-ch5sk1fk1fl1.tiff
p41002694_N14_s08,plate_41002694,N14,8.0,Compound_e48ed218,,1.0,0.04047811031341553,0.34456732869148254,,,s3://cellpainting-gallery/cpg0037-oasis/axiom/images/prod_25/images/plate_41002694/r14c14f08p01-ch6sk1fk1fl1.tiff,s3://cellpainting-gallery/cpg0037-oasis/axiom/images/prod_25/images/plate_41002694/r14c14f08p01-ch1sk1fk1fl1.tiff,s3://cellpainting-gallery/cpg0037-oasis/axiom/images/prod_25/images/plate_41002694/r14c14f08p01-ch2sk1fk1fl1.tiff,s3://cellpainting-gallery/cpg0037-oasis/axiom/images/prod_25/images/plate_41002694/r14c14f08p01-ch4sk1fk1fl1.tiff,s3://cellpainting-gallery/cpg0037-oasis/axiom/images/prod_25/images/plate_41002694/r14c14f08p01-ch3sk1fk1fl1.tiff,s3://cellpainting-gallery/cpg0037-oasis/axiom/images/prod_25/images/plate_41002694/r14c14f08p01-ch5sk1fk1fl1.tiff
p41002694_N15_s08,plate_41002694,N15,8.0,Griseofulvin,OASIS073,1.0,1.0094228982925415,-0.09627441316843033,Antibiotic; Apoptosis; Endogenous Metabolite; Fungal,O=C1[C@]2(C(OC)=CC(C[C@H]2C)=O)OC3=C(Cl)C(OC)=CC(OC)=C13,s3://cellpainting-gallery/cpg0037-oasis/axiom/images/prod_25/images/plate_41002694/r14c15f08p01-ch6sk1fk1fl1.tiff,s3://cellpainting-gallery/cpg0037-oasis/axiom/images/prod_25/images/plate_41002694/r14c15f08p01-ch1sk1fk1fl1.tiff,s3://cellpainting-gallery/cpg0037-oasis/axiom/images/prod_25/images/plate_41002694/r14c15f08p01-ch2sk1fk1fl1.tiff,s3://cellpainting-gallery/cpg0037-oasis/axiom/images/prod_25/images/plate_41002694/r14c15f08p01-ch4sk1fk1fl1.tiff,s3://cellpainting-gallery/cpg0037-oasis/axiom/images/prod_25/images/plate_41002694/r14c15f08p01-ch3sk1fk1fl1.tiff,s3://cellpainting-gallery/cpg0037-oasis/axiom/images/prod_25/images/plate_41002694/r14c15f08p01-ch5sk1fk1fl1.tiff
p41002694_N16_s08,plate_41002694,N16,8.0,Compound_59cfb866,,1.0,0.911389946937561,-0.06596653908491135,,,s3://cellpainting-gallery/cpg0037-oasis/axiom/images/prod_25/images/plate_41002694/r14c16f08p01-ch6sk1fk1fl1.tiff,s3://cellpainting-gallery/cpg0037-oasis/axiom/images/prod_25/images/plate_41002694/r14c16f08p01-ch1sk1fk1fl1.tiff,s3://cellpainting-gallery/cpg0037-oasis/axiom/images/prod_25/images/plate_41002694/r14c16f08p01-ch2sk1fk1fl1.tiff,s3://cellpainting-gallery/cpg0037-oasis/axiom/images/prod_25/images/plate_41002694/r14c16f08p01-ch4sk1fk1fl1.tiff,s3://cellpainting-gallery/cpg0037-oasis/axiom/images/prod_25/images/plate_41002694/r14c16f08p01-ch3sk1fk1fl1.tiff,s3://cellpainting-gallery/cpg0037-oasis/axiom/images/prod_25/images/plate_41002694/r14c16f08p01-ch5sk1fk1fl1.tiff
p41002694_N17_s08,plate_41002694,N17,8.0,Alpelisib,OASIS1957,1.0,1.033456802368164,-0.032903410494327545,PI3K,CC(N=C(S1)NC(N2CCC[C@H]2C(N)=O)=O)=C1C3=CC(C(C)(C(F)(F)F)C)=NC=C3,s3://cellpainting-gallery/cpg0037-oasis/axiom/images/prod_25/images/plate_41002694/r14c17f08p01-ch6sk1fk1fl1.tiff,s3://cellpainting-gallery/cpg0037-oasis/axiom/images/prod_25/images/plate_41002694/r14c17f08p01-ch1sk1fk1fl1.tiff,s3://cellpainting-gallery/cpg0037-oasis/axiom/images/prod_25/images/plate_41002694/r14c17f08p01-ch2sk1fk1fl1.tiff,s3://cellpainting-gallery/cpg0037-oasis/axiom/images/prod_25/images/plate_41002694/r14c17f08p01-ch4sk1fk1fl1.tiff,s3://cellpainting-gallery/cpg0037-oasis/axiom/images/prod_25/images/plate_41002694/r14c17f08p01-ch3sk1fk1fl1.tiff,s3://cellpainting-gallery/cpg0037-oasis/axiom/images/prod_25/images/plate_41002694/r14c17f08p01-ch5sk1fk1fl1.tiff
p41002694_N18_s08,plate_41002694,N18,8.0,Compound_88f6068e,,1.0,1.0619179010391235,-0.07974284887313843,,,s3://cellpainting-gallery/cpg0037-oasis/axiom/images/prod_25/images/plate_41002694/r14c18f08p01-ch6sk1fk1fl1.tiff,s3://cellpainting-gallery/cpg0037-oasis/axiom/images/prod_25/images/plate_41002694/r14c18f08p01-ch1sk1fk1fl1.tiff,s3://cellpainting-gallery/cpg0037-oasis/axiom/images/prod_25/images/plate_41002694/r14c18f08p01-ch2sk1fk1fl1.tiff,s3://cellpainting-gallery/cpg0037-oasis/axiom/images/prod_25/images/plate_41002694/r14c18f08p01-ch4sk1fk1fl1.tiff,s3://cellpainting-gallery/cpg0037-oasis/axiom/images/prod_25/images/plate_41002694/r14c18f08p01-ch3sk1fk1fl1.tiff,s3://cellpainting-gallery/cpg0037-oasis/axiom/images/prod_25/images/plate_41002694/r14c18f08p01-ch5sk1fk1fl1.tiff
p41002694_N22_s08,plate_41002694,N22,8.0,Umbralisib,OASIS1859,1.0,1.1416091918945312,-0.002595539903268218,Casein Kinase; PI3K,O=C1C(C2=CC=CC(F)=C2)=C([C@@H](N3N=C(C4=CC=C(OC(C)C)C(F)=C4)C5=C(N)N=CN=C53)C)OC6=CC=C(F)C=C16,s3://cellpainting-gallery/cpg0037-oasis/axiom/images/prod_25/images/plate_41002694/r14c22f08p01-ch6sk1fk1fl1.tiff,s3://cellpainting-gallery/cpg0037-oasis/axiom/images/prod_25/images/plate_41002694/r14c22f08p01-ch1sk1fk1fl1.tiff,s3://cellpainting-gallery/cpg0037-oasis/axiom/images/prod_25/images/plate_41002694/r14c22f08p01-ch2sk1fk1fl1.tiff,s3://cellpainting-gallery/cpg0037-oasis/axiom/images/prod_25/images/plate_41002694/r14c22f08p01-ch4sk1fk1fl1.tiff,s3://cellpainting-gallery/cpg0037-oasis/axiom/images/prod_25/images/plate_41002694/r14c22f08p01-ch3sk1fk1fl1.tiff,s3://cellpainting-gallery/cpg0037-oasis/axiom/images/prod_25/images/plate_41002694/r14c22f08p01-ch5sk1fk1fl1.tiff
p41002694_O17_s08,plate_41002694,O17,8.0,Plicamycin,OASIS1215,1.0,0.15369032323360443,0.39691728353500366,Antibiotic; Bacterial; DNA/RNA Synthesis; Glutathione S-transferase,O=C([C@H]([C@@]([C@H](OC)C([C@@H](O)[C@H](O)C)=O)([H])C1)O[C@@](O[C@H](C)[C@H]2O)([H])C[C@H]2O[C@@](O[C@H](C)[C@@H]3O)([H])C[C@H]3O[C@@](O[C@H](C)[C@H]4O)([H])C[C@@]4(O)C)C(C1=CC5=CC(O[C@H](O[C@H](C)[C@H]6O)C[C@H]6O[C@@](O[C@H](C)[C@H]7O)([H])C[C@H]7O)=C(C)C(O)=C85)=C8O,s3://cellpainting-gallery/cpg0037-oasis/axiom/images/prod_25/images/plate_41002694/r15c17f08p01-ch6sk1fk1fl1.tiff,s3://cellpainting-gallery/cpg0037-oasis/axiom/images/prod_25/images/plate_41002694/r15c17f08p01-ch1sk1fk1fl1.tiff,s3://cellpainting-gallery/cpg0037-oasis/axiom/images/prod_25/images/plate_41002694/r15c17f08p01-ch2sk1fk1fl1.tiff,s3://cellpainting-gallery/cpg0037-oasis/axiom/images/prod_25/images/plate_41002694/r15c17f08p01-ch4sk1fk1fl1.tiff,s3://cellpainting-gallery/cpg0037-oasis/axiom/images/prod_25/images/plate_41002694/r15c17f08p01-ch3sk1fk1fl1.tiff,s3://cellpainting-gallery/cpg0037-oasis/axiom/images/prod_25/images/plate_41002694/r15c17f08p01-ch5sk1fk1fl1.tiff
p41002695_A22_s08,plate_41002695,A22,8.0,Istradefylline,OASIS1891,11.0,0.6648803949356079,0.2165001779794693,Adenosine Receptor,O=C1C2=C(N=C(/C=C/C3=CC(OC)=C(OC)C=C3)N2C)N(CC)C(N1CC)=O,s3://cellpainting-gallery/cpg0037-oasis/axiom/images/prod_25/images/plate_41002695/r01c22f08p01-ch6sk1fk1fl1.tiff,s3://cellpainting-gallery/cpg0037-oasis/axiom/images/prod_25/images/plate_41002695/r01c22f08p01-ch1sk1fk1fl1.tiff,s3://cellpainting-gallery/cpg0037-oasis/axiom/images/prod_25/images/plate_41002695/r01c22f08p01-ch2sk1fk1fl1.tiff,s3://cellpainting-gallery/cpg0037-oasis/axiom/images/prod_25/images/plate_41002695/r01c22f08p01-ch4sk1fk1fl1.tiff,s3://cellpainting-gallery/cpg0037-oasis/axiom/images/prod_25/images/plate_41002695/r01c22f08p01-ch3sk1fk1fl1.tiff,s3://cellpainting-gallery/cpg0037-oasis/axiom/images/prod_25/images/plate_41002695/r01c22f08p01-ch5sk1fk1fl1.tiff
p41002695_C12_s08,plate_41002695,C12,8.0,DMSO,,0.0,1.0306220054626465,-0.01691407896578312,,,s3://cellpainting-gallery/cpg0037-oasis/axiom/images/prod_25/images/plate_41002695/r03c12f08p01-ch6sk1fk1fl1.tiff,s3://cellpainting-gallery/cpg0037-oasis/axiom/images/prod_25/images/plate_41002695/r03c12f08p01-ch1sk1fk1fl1.tiff,s3://cellpainting-gallery/cpg0037-oasis/axiom/images/prod_25/images/plate_41002695/r03c12f08p01-ch2sk1fk1fl1.tiff,s3://cellpainting-gallery/cpg0037-oasis/axiom/images/prod_25/images/plate_41002695/r03c12f08p01-ch4sk1fk1fl1.tiff,s3://cellpainting-gallery/cpg0037-oasis/axiom/images/prod_25/images/plate_41002695/r03c12f08p01-ch3sk1fk1fl1.tiff,s3://cellpainting-gallery/cpg0037-oasis/axiom/images/prod_25/images/plate_41002695/r03c12f08p01-ch5sk1fk1fl1.tiff
p41002695_E11_s08,plate_41002695,E11,8.0,Tivozanib,OASIS1776,11.0,0.6143540740013123,-0.058104828000068665,VEGFR,O=C(NC1=CC=C(C=C1Cl)OC2=CC=NC3=CC(OC)=C(C=C23)OC)NC4=NOC(C)=C4,s3://cellpainting-gallery/cpg0037-oasis/axiom/images/prod_25/images/plate_41002695/r05c11f08p01-ch6sk1fk1fl1.tiff,s3://cellpainting-gallery/cpg0037-oasis/axiom/images/prod_25/images/plate_41002695/r05c11f08p01-ch1sk1fk1fl1.tiff,s3://cellpainting-gallery/cpg0037-oasis/axiom/images/prod_25/images/plate_41002695/r05c11f08p01-ch2sk1fk1fl1.tiff,s3://cellpainting-gallery/cpg0037-oasis/axiom/images/prod_25/images/plate_41002695/r05c11f08p01-ch4sk1fk1fl1.tiff,s3://cellpainting-gallery/cpg0037-oasis/axiom/images/prod_25/images/plate_41002695/r05c11f08p01-ch3sk1fk1fl1.tiff,s3://cellpainting-gallery/cpg0037-oasis/axiom/images/prod_25/images/plate_41002695/r05c11f08p01-ch5sk1fk1fl1.tiff
p41002695_E16_s08,plate_41002695,E16,8.0,β-Naphthoflavone,OASIS330,11.0,0.9732057452201843,-0.01416802778840065,Apoptosis; Aryl Hydrocarbon Receptor,O=C1C2=C3C=CC=CC3=CC=C2OC(C4=CC=CC=C4)=C1,s3://cellpainting-gallery/cpg0037-oasis/axiom/images/prod_25/images/plate_41002695/r05c16f08p01-ch6sk1fk1fl1.tiff,s3://cellpainting-gallery/cpg0037-oasis/axiom/images/prod_25/images/plate_41002695/r05c16f08p01-ch1sk1fk1fl1.tiff,s3://cellpainting-gallery/cpg0037-oasis/axiom/images/prod_25/images/plate_41002695/r05c16f08p01-ch2sk1fk1fl1.tiff,s3://cellpainting-gallery/cpg0037-oasis/axiom/images/prod_25/images/plate_41002695/r05c16f08p01-ch4sk1fk1fl1.tiff,s3://cellpainting-gallery/cpg0037-oasis/axiom/images/prod_25/images/plate_41002695/r05c16f08p01-ch3sk1fk1fl1.tiff,s3://cellpainting-gallery/cpg0037-oasis/axiom/images/prod_25/images/plate_41002695/r05c16f08p01-ch5sk1fk1fl1.tiff
p41002695_E19_s08,plate_41002695,E19,8.0,Irinotecan,OASIS744,11.0,0.9531100392341614,0.03800692409276962,Autophagy; Topoisomerase,O=C(N1CCC(N2CCCCC2)CC1)OC3=CC=C4N=C5C(CN6C(C(COC([C@@]7(CC)O)=O)=C7C=C65)=O)=C(CC)C4=C3,s3://cellpainting-gallery/cpg0037-oasis/axiom/images/prod_25/images/plate_41002695/r05c19f08p01-ch6sk1fk1fl1.tiff,s3://cellpainting-gallery/cpg0037-oasis/axiom/images/prod_25/images/plate_41002695/r05c19f08p01-ch1sk1fk1fl1.tiff,s3://cellpainting-gallery/cpg0037-oasis/axiom/images/prod_25/images/plate_41002695/r05c19f08p01-ch2sk1fk1fl1.tiff,s3://cellpainting-gallery/cpg0037-oasis/axiom/images/prod_25/images/plate_41002695/r05c19f08p01-ch4sk1fk1fl1.tiff,s3://cellpainting-gallery/cpg0037-oasis/axiom/images/prod_25/images/plate_41002695/r05c19f08p01-ch3sk1fk1fl1.tiff,s3://cellpainting-gallery/cpg0037-oasis/axiom/images/prod_25/images/plate_41002695/r05c19f08p01-ch5sk1fk1fl1.tiff
p41002695_E21_s08,plate_41002695,E21,8.0,Gabapentin enacarbil,OASIS1791,11.0,1.020287036895752,-0.08281928300857544,Calcium Channel,O=C(O)CC1(CNC(OC(OC(C(C)C)=O)C)=O)CCCCC1,s3://cellpainting-gallery/cpg0037-oasis/axiom/images/prod_25/images/plate_41002695/r05c21f08p01-ch6sk1fk1fl1.tiff,s3://cellpainting-gallery/cpg0037-oasis/axiom/images/prod_25/images/plate_41002695/r05c21f08p01-ch1sk1fk1fl1.tiff,s3://cellpainting-gallery/cpg0037-oasis/axiom/images/prod_25/images/plate_41002695/r05c21f08p01-ch2sk1fk1fl1.tiff,s3://cellpainting-gallery/cpg0037-oasis/axiom/images/prod_25/images/plate_41002695/r05c21f08p01-ch4sk1fk1fl1.tiff,s3://cellpainting-gallery/cpg0037-oasis/axiom/images/prod_25/images/plate_41002695/r05c21f08p01-ch3sk1fk1fl1.tiff,s3://cellpainting-gallery/cpg0037-oasis/axiom/images/prod_25/images/plate_41002695/r05c21f08p01-ch5sk1fk1fl1.tiff
p41002695_E22_s08,plate_41002695,E22,8.0,Macitentan,OASIS1840,11.0,1.0271769762039185,-0.01966012828052044,Apoptosis; Endothelin Receptor,BrC1=CN=C(OCCOC2=C(C3=CC=C(Br)C=C3)C(NS(NCCC)(=O)=O)=NC=N2)N=C1,s3://cellpainting-gallery/cpg0037-oasis/axiom/images/prod_25/images/plate_41002695/r05c22f08p01-ch6sk1fk1fl1.tiff,s3://cellpainting-gallery/cpg0037-oasis/axiom/images/prod_25/images/plate_41002695/r05c22f08p01-ch1sk1fk1fl1.tiff,s3://cellpainting-gallery/cpg0037-oasis/axiom/images/prod_25/images/plate_41002695/r05c22f08p01-ch2sk1fk1fl1.tiff,s3://cellpainting-gallery/cpg0037-oasis/axiom/images/prod_25/images/plate_41002695/r05c22f08p01-ch4sk1fk1fl1.tiff,s3://cellpainting-gallery/cpg0037-oasis/axiom/images/prod_25/images/plate_41002695/r05c22f08p01-ch3sk1fk1fl1.tiff,s3://cellpainting-gallery/cpg0037-oasis/axiom/images/prod_25/images/plate_41002695/r05c22f08p01-ch5sk1fk1fl1.tiff
p41002695_E23_s08,plate_41002695,E23,8.0,Etravirine,OASIS886,11.0,1.054736852645874,-0.02240617759525776,HIV; Reverse Transcriptase,N#CC1=CC(C)=C(C(C)=C1)OC2=NC(NC3=CC=C(C=C3)C#N)=NC(N)=C2Br,s3://cellpainting-gallery/cpg0037-oasis/axiom/images/prod_25/images/plate_41002695/r05c23f08p01-ch6sk1fk1fl1.tiff,s3://cellpainting-gallery/cpg0037-oasis/axiom/images/prod_25/images/plate_41002695/r05c23f08p01-ch1sk1fk1fl1.tiff,s3://cellpainting-gallery/cpg0037-oasis/axiom/images/prod_25/images/plate_41002695/r05c23f08p01-ch2sk1fk1fl1.tiff,s3://cellpainting-gallery/cpg0037-oasis/axiom/images/prod_25/images/plate_41002695/r05c23f08p01-ch4sk1fk1fl1.tiff,s3://cellpainting-gallery/cpg0037-oasis/axiom/images/prod_25/images/plate_41002695/r05c23f08p01-ch3sk1fk1fl1.tiff,s3://cellpainting-gallery/cpg0037-oasis/axiom/images/prod_25/images/plate_41002695/r05c23f08p01-ch5sk1fk1fl1.tiff
p41002695_F14_s08,plate_41002695,F14,8.0,Oseltamivir,OASIS1570,11.0,0.9203827977180481,0.016038522124290466,Influenza Virus,O=C(OCC)C1=C[C@H]([C@@H]([C@H](C1)N)NC(C)=O)OC(CC)CC,s3://cellpainting-gallery/cpg0037-oasis/axiom/images/prod_25/images/plate_41002695/r06c14f08p01-ch6sk1fk1fl1.tiff,s3://cellpainting-gallery/cpg0037-oasis/axiom/images/prod_25/images/plate_41002695/r06c14f08p01-ch1sk1fk1fl1.tiff,s3://cellpainting-gallery/cpg0037-oasis/axiom/images/prod_25/images/plate_41002695/r06c14f08p01-ch2sk1fk1fl1.tiff,s3://cellpainting-gallery/cpg0037-oasis/axiom/images/prod_25/images/plate_41002695/r06c14f08p01-ch4sk1fk1fl1.tiff,s3://cellpainting-gallery/cpg0037-oasis/axiom/images/prod_25/images/plate_41002695/r06c14f08p01-ch3sk1fk1fl1.tiff,s3://cellpainting-gallery/cpg0037-oasis/axiom/images/prod_25/images/plate_41002695/r06c14f08p01-ch5sk1fk1fl1.tiff
p41002695_F15_s08,plate_41002695,F15,8.0,Edoxaban (tosylate),OASIS1737,11.0,0.9617224931716919,-0.01966012828052044,Factor Xa; Thrombin,O=C(N(C)C)[C@@H](CC1)C[C@H]([C@H]1NC(C(NC(C=C2)=NC=C2Cl)=O)=O)NC(C3=NC(CC4)=C(CN4C)S3)=O.O=S(C5=CC=C(C)C=C5)(O)=O,s3://cellpainting-gallery/cpg0037-oasis/axiom/images/prod_25/images/plate_41002695/r06c15f08p01-ch6sk1fk1fl1.tiff,s3://cellpainting-gallery/cpg0037-oasis/axiom/images/prod_25/images/plate_41002695/r06c15f08p01-ch1sk1fk1fl1.tiff,s3://cellpainting-gallery/cpg0037-oasis/axiom/images/prod_25/images/plate_41002695/r06c15f08p01-ch2sk1fk1fl1.tiff,s3://cellpainting-gallery/cpg0037-oasis/axiom/images/prod_25/images/plate_41002695/r06c15f08p01-ch4sk1fk1fl1.tiff,s3://cellpainting-gallery/cpg0037-oasis/axiom/images/prod_25/images/plate_41002695/r06c15f08p01-ch3sk1fk1fl1.tiff,s3://cellpainting-gallery/cpg0037-oasis/axiom/images/prod_25/images/plate_41002695/r06c15f08p01-ch5sk1fk1fl1.tiff
p41002695_F24_s08,plate_41002695,F24,8.0,Amodiaquine,OASIS791,11.0,0.25090909004211426,0.13961078226566315,Histone Methyltransferase; Nuclear Hormone Receptor 4A/NR4A; Parasite,OC1=CC=C(NC2=CC=NC3=CC(Cl)=CC=C23)C=C1CN(CC)CC,s3://cellpainting-gallery/cpg0037-oasis/axiom/images/prod_25/images/plate_41002695/r06c24f08p01-ch6sk1fk1fl1.tiff,s3://cellpainting-gallery/cpg0037-oasis/axiom/images/prod_25/images/plate_41002695/r06c24f08p01-ch1sk1fk1fl1.tiff,s3://cellpainting-gallery/cpg0037-oasis/axiom/images/prod_25/images/plate_41002695/r06c24f08p01-ch2sk1fk1fl1.tiff,s3://cellpainting-gallery/cpg0037-oasis/axiom/images/prod_25/images/plate_41002695/r06c24f08p01-ch4sk1fk1fl1.tiff,s3://cellpainting-gallery/cpg0037-oasis/axiom/images/prod_25/images/plate_41002695/r06c24f08p01-ch3sk1fk1fl1.tiff,s3://cellpainting-gallery/cpg0037-oasis/axiom/images/prod_25/images/plate_41002695/r06c24f08p01-ch5sk1fk1fl1.tiff
p41002695_G10_s08,plate_41002695,G10,8.0,Bifenazate,OASIS411,11.0,1.0271769762039185,-0.08007322996854782,GABA Receptor,COC1=CC=C(C2=CC=CC=C2)C=C1NNC(OC(C)C)=O,s3://cellpainting-gallery/cpg0037-oasis/axiom/images/prod_25/images/plate_41002695/r07c10f08p01-ch6sk1fk1fl1.tiff,s3://cellpainting-gallery/cpg0037-oasis/axiom/images/prod_25/images/plate_41002695/r07c10f08p01-ch1sk1fk1fl1.tiff,s3://cellpainting-gallery/cpg0037-oasis/axiom/images/prod_25/images/plate_41002695/r07c10f08p01-ch2sk1fk1fl1.tiff,s3://cellpainting-gallery/cpg0037-oasis/axiom/images/prod_25/images/plate_41002695/r07c10f08p01-ch4sk1fk1fl1.tiff,s3://cellpainting-gallery/cpg0037-oasis/axiom/images/prod_25/images/plate_41002695/r07c10f08p01-ch3sk1fk1fl1.tiff,s3://cellpainting-gallery/cpg0037-oasis/axiom/images/prod_25/images/plate_41002695/r07c10f08p01-ch5sk1fk1fl1.tiff
p41002695_G11_s08,plate_41002695,G11,8.0,Telaprevir,OASIS980,11.0,0.9146411418914795,-0.10204163193702698,HCV; HCV Protease; SARS-CoV,O=C(N([C@@H]1C(N[C@H](C(C(NC2CC2)=O)=O)CCC)=O)C[C@@]3(CCC[C@@]31[H])[H])[C@@H](NC([C@@H](NC(C4=NC=CN=C4)=O)C5CCCCC5)=O)C(C)(C)C,s3://cellpainting-gallery/cpg0037-oasis/axiom/images/prod_25/images/plate_41002695/r07c11f08p01-ch6sk1fk1fl1.tiff,s3://cellpainting-gallery/cpg0037-oasis/axiom/images/prod_25/images/plate_41002695/r07c11f08p01-ch1sk1fk1fl1.tiff,s3://cellpainting-gallery/cpg0037-oasis/axiom/images/prod_25/images/plate_41002695/r07c11f08p01-ch2sk1fk1fl1.tiff,s3://cellpainting-gallery/cpg0037-oasis/axiom/images/prod_25/images/plate_41002695/r07c11f08p01-ch4sk1fk1fl1.tiff,s3://cellpainting-gallery/cpg0037-oasis/axiom/images/prod_25/images/plate_41002695/r07c11f08p01-ch3sk1fk1fl1.tiff,s3://cellpainting-gallery/cpg0037-oasis/axiom/images/prod_25/images/plate_41002695/r07c11f08p01-ch5sk1fk1fl1.tiff
p41002695_G22_s08,plate_41002695,G22,8.0,Nifurtimox,OASIS1788,11.0,1.1523444652557373,-0.008675928227603436,Lactate Dehydrogenase; Parasite,O=S1(CC(C)N(/N=C/C2=CC=C([N+]([O-])=O)O2)CC1)=O,s3://cellpainting-gallery/cpg0037-oasis/axiom/images/prod_25/images/plate_41002695/r07c22f08p01-ch6sk1fk1fl1.tiff,s3://cellpainting-gallery/cpg0037-oasis/axiom/images/prod_25/images/plate_41002695/r07c22f08p01-ch1sk1fk1fl1.tiff,s3://cellpainting-gallery/cpg0037-oasis/axiom/images/prod_25/images/plate_41002695/r07c22f08p01-ch2sk1fk1fl1.tiff,s3://cellpainting-gallery/cpg0037-oasis/axiom/images/prod_25/images/plate_41002695/r07c22f08p01-ch4sk1fk1fl1.tiff,s3://cellpainting-gallery/cpg0037-oasis/axiom/images/prod_25/images/plate_41002695/r07c22f08p01-ch3sk1fk1fl1.tiff,s3://cellpainting-gallery/cpg0037-oasis/axiom/images/prod_25/images/plate_41002695/r07c22f08p01-ch5sk1fk1fl1.tiff
p41002695_H10_s08,plate_41002695,H10,8.0,DMSO,,0.0,0.9502392411231995,-0.01416802778840065,,,s3://cellpainting-gallery/cpg0037-oasis/axiom/images/prod_25/images/plate_41002695/r08c10f08p01-ch6sk1fk1fl1.tiff,s3://cellpainting-gallery/cpg0037-oasis/axiom/images/prod_25/images/plate_41002695/r08c10f08p01-ch1sk1fk1fl1.tiff,s3://cellpainting-gallery/cpg0037-oasis/axiom/images/prod_25/images/plate_41002695/r08c10f08p01-ch2sk1fk1fl1.tiff,s3://cellpainting-gallery/cpg0037-oasis/axiom/images/prod_25/images/plate_41002695/r08c10f08p01-ch4sk1fk1fl1.tiff,s3://cellpainting-gallery/cpg0037-oasis/axiom/images/prod_25/images/plate_41002695/r08c10f08p01-ch3sk1fk1fl1.tiff,s3://cellpainting-gallery/cpg0037-oasis/axiom/images/prod_25/images/plate_41002695/r08c10f08p01-ch5sk1fk1fl1.tiff
p41002695_H16_s08,plate_41002695,H16,8.0,DMSO,,0.0,0.8962679505348206,-0.036136429756879807,,,s3://cellpainting-gallery/cpg0037-oasis/axiom/images/prod_25/images/plate_41002695/r08c16f08p01-ch6sk1fk1fl1.tiff,s3://cellpainting-gallery/cpg0037-oasis/axiom/images/prod_25/images/plate_41002695/r08c16f08p01-ch1sk1fk1fl1.tiff,s3://cellpainting-gallery/cpg0037-oasis/axiom/images/prod_25/images/plate_41002695/r08c16f08p01-ch2sk1fk1fl1.tiff,s3://cellpainting-gallery/cpg0037-oasis/axiom/images/prod_25/images/plate_41002695/r08c16f08p01-ch4sk1fk1fl1.tiff,s3://cellpainting-gallery/cpg0037-oasis/axiom/images/prod_25/images/plate_41002695/r08c16f08p01-ch3sk1fk1fl1.tiff,s3://cellpainting-gallery/cpg0037-oasis/axiom/images/prod_25/images/plate_41002695/r08c16f08p01-ch5sk1fk1fl1.tiff
p41002695_I14_s08,plate_41002695,I14,8.0,Dasatinib,OASIS1044,11.0,0.4943540692329407,0.018784573301672935,Apoptosis; Autophagy; Bcr-Abl; Src,O=C(C1=CN=C(S1)NC2=NC(C)=NC(N3CCN(CC3)CCO)=C2)NC4=C(C=CC=C4Cl)C,s3://cellpainting-gallery/cpg0037-oasis/axiom/images/prod_25/images/plate_41002695/r09c14f08p01-ch6sk1fk1fl1.tiff,s3://cellpainting-gallery/cpg0037-oasis/axiom/images/prod_25/images/plate_41002695/r09c14f08p01-ch1sk1fk1fl1.tiff,s3://cellpainting-gallery/cpg0037-oasis/axiom/images/prod_25/images/plate_41002695/r09c14f08p01-ch2sk1fk1fl1.tiff,s3://cellpainting-gallery/cpg0037-oasis/axiom/images/prod_25/images/plate_41002695/r09c14f08p01-ch4sk1fk1fl1.tiff,s3://cellpainting-gallery/cpg0037-oasis/axiom/images/prod_25/images/plate_41002695/r09c14f08p01-ch3sk1fk1fl1.tiff,s3://cellpainting-gallery/cpg0037-oasis/axiom/images/prod_25/images/plate_41002695/r09c14f08p01-ch5sk1fk1fl1.tiff
p41002695_I19_s08,plate_41002695,I19,8.0,Dantrolene,OASIS069,11.0,0.9410526156425476,-0.01691407896578312,Autophagy; Calcium Channel,O=C1NC(CN1/N=C/C2=CC=C(C3=CC=C([N+]([O-])=O)C=C3)O2)=O,s3://cellpainting-gallery/cpg0037-oasis/axiom/images/prod_25/images/plate_41002695/r09c19f08p01-ch6sk1fk1fl1.tiff,s3://cellpainting-gallery/cpg0037-oasis/axiom/images/prod_25/images/plate_41002695/r09c19f08p01-ch1sk1fk1fl1.tiff,s3://cellpainting-gallery/cpg0037-oasis/axiom/images/prod_25/images/plate_41002695/r09c19f08p01-ch2sk1fk1fl1.tiff,s3://cellpainting-gallery/cpg0037-oasis/axiom/images/prod_25/images/plate_41002695/r09c19f08p01-ch4sk1fk1fl1.tiff,s3://cellpainting-gallery/cpg0037-oasis/axiom/images/prod_25/images/plate_41002695/r09c19f08p01-ch3sk1fk1fl1.tiff,s3://cellpainting-gallery/cpg0037-oasis/axiom/images/prod_25/images/plate_41002695/r09c19f08p01-ch5sk1fk1fl1.tiff
p41002695_I21_s08,plate_41002695,I21,8.0,6-Thioguanine,OASIS1225,11.0,0.9358851909637451,-0.049866680055856705,Apoptosis; Autophagy; Deubiquitinase; DNA Methyltransferase; Endogenous Metabolite; SARS-CoV,SC1=NC(N)=NC2=C1N=CN2,s3://cellpainting-gallery/cpg0037-oasis/axiom/images/prod_25/images/plate_41002695/r09c21f08p01-ch6sk1fk1fl1.tiff,s3://cellpainting-gallery/cpg0037-oasis/axiom/images/prod_25/images/plate_41002695/r09c21f08p01-ch1sk1fk1fl1.tiff,s3://cellpainting-gallery/cpg0037-oasis/axiom/images/prod_25/images/plate_41002695/r09c21f08p01-ch2sk1fk1fl1.tiff,s3://cellpainting-gallery/cpg0037-oasis/axiom/images/prod_25/images/plate_41002695/r09c21f08p01-ch4sk1fk1fl1.tiff,s3://cellpainting-gallery/cpg0037-oasis/axiom/images/prod_25/images/plate_41002695/r09c21f08p01-ch3sk1fk1fl1.tiff,s3://cellpainting-gallery/cpg0037-oasis/axiom/images/prod_25/images/plate_41002695/r09c21f08p01-ch5sk1fk1fl1.tiff
p41002695_I22_s08,plate_41002695,I22,8.0,Zalcitabine,OASIS648,11.0,1.071387529373169,-0.044374577701091766,HIV; Reverse Transcriptase,OC[C@@H]1CC[C@H](N2C=CC(N)=NC2=O)O1,s3://cellpainting-gallery/cpg0037-oasis/axiom/images/prod_25/images/plate_41002695/r09c22f08p01-ch6sk1fk1fl1.tiff,s3://cellpainting-gallery/cpg0037-oasis/axiom/images/prod_25/images/plate_41002695/r09c22f08p01-ch1sk1fk1fl1.tiff,s3://cellpainting-gallery/cpg0037-oasis/axiom/images/prod_25/images/plate_41002695/r09c22f08p01-ch2sk1fk1fl1.tiff,s3://cellpainting-gallery/cpg0037-oasis/axiom/images/prod_25/images/plate_41002695/r09c22f08p01-ch4sk1fk1fl1.tiff,s3://cellpainting-gallery/cpg0037-oasis/axiom/images/prod_25/images/plate_41002695/r09c22f08p01-ch3sk1fk1fl1.tiff,s3://cellpainting-gallery/cpg0037-oasis/axiom/images/prod_25/images/plate_41002695/r09c22f08p01-ch5sk1fk1fl1.tiff
p41002695_I23_s08,plate_41002695,I23,8.0,Ebrotidine,OASIS1376,11.0,1.0530143976211548,-0.044374577701091766,Histamine Receptor,O=S(C1=CC=C(Br)C=C1)(/N=C/NCCSCC2=CSC(NC(N)=N)=N2)=O,s3://cellpainting-gallery/cpg0037-oasis/axiom/images/prod_25/images/plate_41002695/r09c23f08p01-ch6sk1fk1fl1.tiff,s3://cellpainting-gallery/cpg0037-oasis/axiom/images/prod_25/images/plate_41002695/r09c23f08p01-ch1sk1fk1fl1.tiff,s3://cellpainting-gallery/cpg0037-oasis/axiom/images/prod_25/images/plate_41002695/r09c23f08p01-ch2sk1fk1fl1.tiff,s3://cellpainting-gallery/cpg0037-oasis/axiom/images/prod_25/images/plate_41002695/r09c23f08p01-ch4sk1fk1fl1.tiff,s3://cellpainting-gallery/cpg0037-oasis/axiom/images/prod_25/images/plate_41002695/r09c23f08p01-ch3sk1fk1fl1.tiff,s3://cellpainting-gallery/cpg0037-oasis/axiom/images/prod_25/images/plate_41002695/r09c23f08p01-ch5sk1fk1fl1.tiff
p41002695_J10_s08,plate_41002695,J10,8.0,Puromycin aminonucleoside,OASIS104,11.0,0.6809569597244263,-0.01416802778840065,Aminopeptidase; Antibiotic; Apoptosis; Bacterial; Dipeptidyl Peptidase,N[C@H]1[C@@H](O)[C@H](N(C=N2)C3=C2C(N(C)C)=NC=N3)O[C@@H]1CO,s3://cellpainting-gallery/cpg0037-oasis/axiom/images/prod_25/images/plate_41002695/r10c10f08p01-ch6sk1fk1fl1.tiff,s3://cellpainting-gallery/cpg0037-oasis/axiom/images/prod_25/images/plate_41002695/r10c10f08p01-ch1sk1fk1fl1.tiff,s3://cellpainting-gallery/cpg0037-oasis/axiom/images/prod_25/images/plate_41002695/r10c10f08p01-ch2sk1fk1fl1.tiff,s3://cellpainting-gallery/cpg0037-oasis/axiom/images/prod_25/images/plate_41002695/r10c10f08p01-ch4sk1fk1fl1.tiff,s3://cellpainting-gallery/cpg0037-oasis/axiom/images/prod_25/images/plate_41002695/r10c10f08p01-ch3sk1fk1fl1.tiff,s3://cellpainting-gallery/cpg0037-oasis/axiom/images/prod_25/images/plate_41002695/r10c10f08p01-ch5sk1fk1fl1.tiff
p41002695_J12_s08,plate_41002695,J12,8.0,DMSO,,0.0,0.9577033519744873,-0.07458113133907318,,,s3://cellpainting-gallery/cpg0037-oasis/axiom/images/prod_25/images/plate_41002695/r10c12f08p01-ch6sk1fk1fl1.tiff,s3://cellpainting-gallery/cpg0037-oasis/axiom/images/prod_25/images/plate_41002695/r10c12f08p01-ch1sk1fk1fl1.tiff,s3://cellpainting-gallery/cpg0037-oasis/axiom/images/prod_25/images/plate_41002695/r10c12f08p01-ch2sk1fk1fl1.tiff,s3://cellpainting-gallery/cpg0037-oasis/axiom/images/prod_25/images/plate_41002695/r10c12f08p01-ch4sk1fk1fl1.tiff,s3://cellpainting-gallery/cpg0037-oasis/axiom/images/prod_25/images/plate_41002695/r10c12f08p01-ch3sk1fk1fl1.tiff,s3://cellpainting-gallery/cpg0037-oasis/axiom/images/prod_25/images/plate_41002695/r10c12f08p01-ch5sk1fk1fl1.tiff
p41002695_J16_s08,plate_41002695,J16,8.0,Thio-TEPA,OASIS607,11.0,0.9577033519744873,-0.049866680055856705,Antibiotic; Bacterial; DNA Alkylator/Crosslinker,S=P(N1CC1)(N2CC2)N3CC3,s3://cellpainting-gallery/cpg0037-oasis/axiom/images/prod_25/images/plate_41002695/r10c16f08p01-ch6sk1fk1fl1.tiff,s3://cellpainting-gallery/cpg0037-oasis/axiom/images/prod_25/images/plate_41002695/r10c16f08p01-ch1sk1fk1fl1.tiff,s3://cellpainting-gallery/cpg0037-oasis/axiom/images/prod_25/images/plate_41002695/r10c16f08p01-ch2sk1fk1fl1.tiff,s3://cellpainting-gallery/cpg0037-oasis/axiom/images/prod_25/images/plate_41002695/r10c16f08p01-ch4sk1fk1fl1.tiff,s3://cellpainting-gallery/cpg0037-oasis/axiom/images/prod_25/images/plate_41002695/r10c16f08p01-ch3sk1fk1fl1.tiff,s3://cellpainting-gallery/cpg0037-oasis/axiom/images/prod_25/images/plate_41002695/r10c16f08p01-ch5sk1fk1fl1.tiff
p41002695_J17_s08,plate_41002695,J17,8.0,Compound_06965c8b,,11.0,0.9192344546318054,-0.09380348026752472,,,s3://cellpainting-gallery/cpg0037-oasis/axiom/images/prod_25/images/plate_41002695/r10c17f08p01-ch6sk1fk1fl1.tiff,s3://cellpainting-gallery/cpg0037-oasis/axiom/images/prod_25/images/plate_41002695/r10c17f08p01-ch1sk1fk1fl1.tiff,s3://cellpainting-gallery/cpg0037-oasis/axiom/images/prod_25/images/plate_41002695/r10c17f08p01-ch2sk1fk1fl1.tiff,s3://cellpainting-gallery/cpg0037-oasis/axiom/images/prod_25/images/plate_41002695/r10c17f08p01-ch4sk1fk1fl1.tiff,s3://cellpainting-gallery/cpg0037-oasis/axiom/images/prod_25/images/plate_41002695/r10c17f08p01-ch3sk1fk1fl1.tiff,s3://cellpainting-gallery/cpg0037-oasis/axiom/images/prod_25/images/plate_41002695/r10c17f08p01-ch5sk1fk1fl1.tiff
p41002695_K10_s08,plate_41002695,K10,8.0,Ozagrel,OASIS1264,11.0,0.9502392411231995,-0.06908903270959854,Prostaglandin Receptor,O=C(O)/C=C/C1=CC=C(CN2C=CN=C2)C=C1,s3://cellpainting-gallery/cpg0037-oasis/axiom/images/prod_25/images/plate_41002695/r11c10f08p01-ch6sk1fk1fl1.tiff,s3://cellpainting-gallery/cpg0037-oasis/axiom/images/prod_25/images/plate_41002695/r11c10f08p01-ch1sk1fk1fl1.tiff,s3://cellpainting-gallery/cpg0037-oasis/axiom/images/prod_25/images/plate_41002695/r11c10f08p01-ch2sk1fk1fl1.tiff,s3://cellpainting-gallery/cpg0037-oasis/axiom/images/prod_25/images/plate_41002695/r11c10f08p01-ch4sk1fk1fl1.tiff,s3://cellpainting-gallery/cpg0037-oasis/axiom/images/prod_25/images/plate_41002695/r11c10f08p01-ch3sk1fk1fl1.tiff,s3://cellpainting-gallery/cpg0037-oasis/axiom/images/prod_25/images/plate_41002695/r11c10f08p01-ch5sk1fk1fl1.tiff
p41002695_K11_s08,plate_41002695,K11,8.0,Mefenamic acid,OASIS057,11.0,0.95253586769104,-0.0635969266295433,COX,O=C(O)C1=CC=CC=C1NC2=CC=CC(C)=C2C,s3://cellpainting-gallery/cpg0037-oasis/axiom/images/prod_25/images/plate_41002695/r11c11f08p01-ch6sk1fk1fl1.tiff,s3://cellpainting-gallery/cpg0037-oasis/axiom/images/prod_25/images/plate_41002695/r11c11f08p01-ch1sk1fk1fl1.tiff,s3://cellpainting-gallery/cpg0037-oasis/axiom/images/prod_25/images/plate_41002695/r11c11f08p01-ch2sk1fk1fl1.tiff,s3://cellpainting-gallery/cpg0037-oasis/axiom/images/prod_25/images/plate_41002695/r11c11f08p01-ch4sk1fk1fl1.tiff,s3://cellpainting-gallery/cpg0037-oasis/axiom/images/prod_25/images/plate_41002695/r11c11f08p01-ch3sk1fk1fl1.tiff,s3://cellpainting-gallery/cpg0037-oasis/axiom/images/prod_25/images/plate_41002695/r11c11f08p01-ch5sk1fk1fl1.tiff
p41002695_L21_s08,plate_41002695,L21,8.0,Tasimelteon,OASIS1885,11.0,1.0616267919540405,-0.044374577701091766,Melatonin Receptor,[H][C@]1(C2=C3C(OCC3)=CC=C2)[C@@](CNC(CC)=O)([H])C1,s3://cellpainting-gallery/cpg0037-oasis/axiom/images/prod_25/images/plate_41002695/r12c21f08p01-ch6sk1fk1fl1.tiff,s3://cellpainting-gallery/cpg0037-oasis/axiom/images/prod_25/images/plate_41002695/r12c21f08p01-ch1sk1fk1fl1.tiff,s3://cellpainting-gallery/cpg0037-oasis/axiom/images/prod_25/images/plate_41002695/r12c21f08p01-ch2sk1fk1fl1.tiff,s3://cellpainting-gallery/cpg0037-oasis/axiom/images/prod_25/images/plate_41002695/r12c21f08p01-ch4sk1fk1fl1.tiff,s3://cellpainting-gallery/cpg0037-oasis/axiom/images/prod_25/images/plate_41002695/r12c21f08p01-ch3sk1fk1fl1.tiff,s3://cellpainting-gallery/cpg0037-oasis/axiom/images/prod_25/images/plate_41002695/r12c21f08p01-ch5sk1fk1fl1.tiff
p41002695_M12_s08,plate_41002695,M12,8.0,DMSO,,0.0,0.937033474445343,-0.07458113133907318,,,s3://cellpainting-gallery/cpg0037-oasis/axiom/images/prod_25/images/plate_41002695/r13c12f08p01-ch6sk1fk1fl1.tiff,s3://cellpainting-gallery/cpg0037-oasis/axiom/images/prod_25/images/plate_41002695/r13c12f08p01-ch1sk1fk1fl1.tiff,s3://cellpainting-gallery/cpg0037-oasis/axiom/images/prod_25/images/plate_41002695/r13c12f08p01-ch2sk1fk1fl1.tiff,s3://cellpainting-gallery/cpg0037-oasis/axiom/images/prod_25/images/plate_41002695/r13c12f08p01-ch4sk1fk1fl1.tiff,s3://cellpainting-gallery/cpg0037-oasis/axiom/images/prod_25/images/plate_41002695/r13c12f08p01-ch3sk1fk1fl1.tiff,s3://cellpainting-gallery/cpg0037-oasis/axiom/images/prod_25/images/plate_41002695/r13c12f08p01-ch5sk1fk1fl1.tiff
p41002695_M13_s08,plate_41002695,M13,8.0,Lenvatinib,OASIS1839,11.0,0.4570334851741791,-0.10204163193702698,c-Kit; FGFR; PDGFR; RET; VEGFR,O=C(N)C1=C(C=C2N=CC=C(C2=C1)OC3=CC=C(C(Cl)=C3)NC(NC4CC4)=O)OC,s3://cellpainting-gallery/cpg0037-oasis/axiom/images/prod_25/images/plate_41002695/r13c13f08p01-ch6sk1fk1fl1.tiff,s3://cellpainting-gallery/cpg0037-oasis/axiom/images/prod_25/images/plate_41002695/r13c13f08p01-ch1sk1fk1fl1.tiff,s3://cellpainting-gallery/cpg0037-oasis/axiom/images/prod_25/images/plate_41002695/r13c13f08p01-ch2sk1fk1fl1.tiff,s3://cellpainting-gallery/cpg0037-oasis/axiom/images/prod_25/images/plate_41002695/r13c13f08p01-ch4sk1fk1fl1.tiff,s3://cellpainting-gallery/cpg0037-oasis/axiom/images/prod_25/images/plate_41002695/r13c13f08p01-ch3sk1fk1fl1.tiff,s3://cellpainting-gallery/cpg0037-oasis/axiom/images/prod_25/images/plate_41002695/r13c13f08p01-ch5sk1fk1fl1.tiff
p41002695_M15_s08,plate_41002695,M15,8.0,Dirithromycin,OASIS1367,11.0,1.0352152585983276,0.027022723108530045,Antibiotic; Bacterial,CC1[C@@]([C@](O)([C@H](OC([C@@H]2C)=O)CC)C)([H])O[C@H](COCCOC)N[C@@]1([H])[C@](C[C@@](O)([C@@H]([C@@H](C)[C@]2([H])O[C@@](O[C@@H](C)[C@@H]3O)([H])C[C@@]3(C)OC)O[C@@](O[C@H](C)C[C@@H]4N(C)C)([H])[C@@H]4O)C)([H])C,s3://cellpainting-gallery/cpg0037-oasis/axiom/images/prod_25/images/plate_41002695/r13c15f08p01-ch6sk1fk1fl1.tiff,s3://cellpainting-gallery/cpg0037-oasis/axiom/images/prod_25/images/plate_41002695/r13c15f08p01-ch1sk1fk1fl1.tiff,s3://cellpainting-gallery/cpg0037-oasis/axiom/images/prod_25/images/plate_41002695/r13c15f08p01-ch2sk1fk1fl1.tiff,s3://cellpainting-gallery/cpg0037-oasis/axiom/images/prod_25/images/plate_41002695/r13c15f08p01-ch4sk1fk1fl1.tiff,s3://cellpainting-gallery/cpg0037-oasis/axiom/images/prod_25/images/plate_41002695/r13c15f08p01-ch3sk1fk1fl1.tiff,s3://cellpainting-gallery/cpg0037-oasis/axiom/images/prod_25/images/plate_41002695/r13c15f08p01-ch5sk1fk1fl1.tiff
p41002695_M16_s08,plate_41002695,M16,8.0,Siponimod,OASIS1805,11.0,0.9697607755661011,-0.036136429756879807,LPL Receptor,O=C(C1CN(CC2=CC=C(/C(C)=N/OCC3=CC=C(C4CCCCC4)C(C(F)(F)F)=C3)C=C2CC)C1)O,s3://cellpainting-gallery/cpg0037-oasis/axiom/images/prod_25/images/plate_41002695/r13c16f08p01-ch6sk1fk1fl1.tiff,s3://cellpainting-gallery/cpg0037-oasis/axiom/images/prod_25/images/plate_41002695/r13c16f08p01-ch1sk1fk1fl1.tiff,s3://cellpainting-gallery/cpg0037-oasis/axiom/images/prod_25/images/plate_41002695/r13c16f08p01-ch2sk1fk1fl1.tiff,s3://cellpainting-gallery/cpg0037-oasis/axiom/images/prod_25/images/plate_41002695/r13c16f08p01-ch4sk1fk1fl1.tiff,s3://cellpainting-gallery/cpg0037-oasis/axiom/images/prod_25/images/plate_41002695/r13c16f08p01-ch3sk1fk1fl1.tiff,s3://cellpainting-gallery/cpg0037-oasis/axiom/images/prod_25/images/plate_41002695/r13c16f08p01-ch5sk1fk1fl1.tiff
p41002695_M17_s08,plate_41002695,M17,8.0,Troglitazone,OASIS1444,11.0,0.9904305934906006,-0.047120630741119385,Apoptosis; Autophagy; Ferroptosis; PPAR,O=C(SC1CC(C=C2)=CC=C2OCC3(C)OC(C(CC3)=C4C)=C(C)C(C)=C4O)NC1=O,s3://cellpainting-gallery/cpg0037-oasis/axiom/images/prod_25/images/plate_41002695/r13c17f08p01-ch6sk1fk1fl1.tiff,s3://cellpainting-gallery/cpg0037-oasis/axiom/images/prod_25/images/plate_41002695/r13c17f08p01-ch1sk1fk1fl1.tiff,s3://cellpainting-gallery/cpg0037-oasis/axiom/images/prod_25/images/plate_41002695/r13c17f08p01-ch2sk1fk1fl1.tiff,s3://cellpainting-gallery/cpg0037-oasis/axiom/images/prod_25/images/plate_41002695/r13c17f08p01-ch4sk1fk1fl1.tiff,s3://cellpainting-gallery/cpg0037-oasis/axiom/images/prod_25/images/plate_41002695/r13c17f08p01-ch3sk1fk1fl1.tiff,s3://cellpainting-gallery/cpg0037-oasis/axiom/images/prod_25/images/plate_41002695/r13c17f08p01-ch5sk1fk1fl1.tiff
p41002695_N15_s08,plate_41002695,N15,8.0,Entrectinib,OASIS1729,11.0,0.577033519744873,0.06821347028017044,Anaplastic lymphoma kinase (ALK); Autophagy; ROS Kinase; Trk Receptor,O=C(NC1=NNC2=C1C=C(CC3=CC(F)=CC(F)=C3)C=C2)C4=C(NC5CCOCC5)C=C(N6CCN(C)CC6)C=C4,s3://cellpainting-gallery/cpg0037-oasis/axiom/images/prod_25/images/plate_41002695/r14c15f08p01-ch6sk1fk1fl1.tiff,s3://cellpainting-gallery/cpg0037-oasis/axiom/images/prod_25/images/plate_41002695/r14c15f08p01-ch1sk1fk1fl1.tiff,s3://cellpainting-gallery/cpg0037-oasis/axiom/images/prod_25/images/plate_41002695/r14c15f08p01-ch2sk1fk1fl1.tiff,s3://cellpainting-gallery/cpg0037-oasis/axiom/images/prod_25/images/plate_41002695/r14c15f08p01-ch4sk1fk1fl1.tiff,s3://cellpainting-gallery/cpg0037-oasis/axiom/images/prod_25/images/plate_41002695/r14c15f08p01-ch3sk1fk1fl1.tiff,s3://cellpainting-gallery/cpg0037-oasis/axiom/images/prod_25/images/plate_41002695/r14c15f08p01-ch5sk1fk1fl1.tiff
p41002696_A12_s08,plate_41002696,A12,8.0,DMSO,,0.0,1.0354225635528564,0.11241710931062698,,,s3://cellpainting-gallery/cpg0037-oasis/axiom/images/prod_25/images/plate_41002696/r01c12f08p01-ch6sk1fk1fl1.tiff,s3://cellpainting-gallery/cpg0037-oasis/axiom/images/prod_25/images/plate_41002696/r01c12f08p01-ch1sk1fk1fl1.tiff,s3://cellpainting-gallery/cpg0037-oasis/axiom/images/prod_25/images/plate_41002696/r01c12f08p01-ch2sk1fk1fl1.tiff,s3://cellpainting-gallery/cpg0037-oasis/axiom/images/prod_25/images/plate_41002696/r01c12f08p01-ch4sk1fk1fl1.tiff,s3://cellpainting-gallery/cpg0037-oasis/axiom/images/prod_25/images/plate_41002696/r01c12f08p01-ch3sk1fk1fl1.tiff,s3://cellpainting-gallery/cpg0037-oasis/axiom/images/prod_25/images/plate_41002696/r01c12f08p01-ch5sk1fk1fl1.tiff
p41002696_A22_s08,plate_41002696,A22,8.0,Bosutinib (hydrate),OASIS1770,11.0,0.6464394927024841,0.2685939073562622,Bcr-Abl; Src,CN1CCN(CC1)CCCOC2=C(C=C3C(NC4=CC(OC)=C(C=C4Cl)Cl)=C(C=NC3=C2)C#N)OC.O,s3://cellpainting-gallery/cpg0037-oasis/axiom/images/prod_25/images/plate_41002696/r01c22f08p01-ch6sk1fk1fl1.tiff,s3://cellpainting-gallery/cpg0037-oasis/axiom/images/prod_25/images/plate_41002696/r01c22f08p01-ch1sk1fk1fl1.tiff,s3://cellpainting-gallery/cpg0037-oasis/axiom/images/prod_25/images/plate_41002696/r01c22f08p01-ch2sk1fk1fl1.tiff,s3://cellpainting-gallery/cpg0037-oasis/axiom/images/prod_25/images/plate_41002696/r01c22f08p01-ch4sk1fk1fl1.tiff,s3://cellpainting-gallery/cpg0037-oasis/axiom/images/prod_25/images/plate_41002696/r01c22f08p01-ch3sk1fk1fl1.tiff,s3://cellpainting-gallery/cpg0037-oasis/axiom/images/prod_25/images/plate_41002696/r01c22f08p01-ch5sk1fk1fl1.tiff
p41002696_B22_s08,plate_41002696,B22,8.0,Aflatoxin B1,OASIS307,11.0,0.09178881347179413,0.5151888132095337,Bacterial; Endogenous Metabolite; Parasite,COC1=CC(O[C@]2([H])[C@@]3([H])C=CO2)=C3C(O4)=C1C(CCC5=O)=C5C4=O,s3://cellpainting-gallery/cpg0037-oasis/axiom/images/prod_25/images/plate_41002696/r02c22f08p01-ch6sk1fk1fl1.tiff,s3://cellpainting-gallery/cpg0037-oasis/axiom/images/prod_25/images/plate_41002696/r02c22f08p01-ch1sk1fk1fl1.tiff,s3://cellpainting-gallery/cpg0037-oasis/axiom/images/prod_25/images/plate_41002696/r02c22f08p01-ch2sk1fk1fl1.tiff,s3://cellpainting-gallery/cpg0037-oasis/axiom/images/prod_25/images/plate_41002696/r02c22f08p01-ch4sk1fk1fl1.tiff,s3://cellpainting-gallery/cpg0037-oasis/axiom/images/prod_25/images/plate_41002696/r02c22f08p01-ch3sk1fk1fl1.tiff,s3://cellpainting-gallery/cpg0037-oasis/axiom/images/prod_25/images/plate_41002696/r02c22f08p01-ch5sk1fk1fl1.tiff
p41002696_E13_s08,plate_41002696,E13,8.0,Carmustine,OASIS1398,11.0,0.8389720916748047,0.013779137283563614,DNA Alkylator/Crosslinker,O=C(NCCCl)N(CCCl)N=O,s3://cellpainting-gallery/cpg0037-oasis/axiom/images/prod_25/images/plate_41002696/r05c13f08p01-ch6sk1fk1fl1.tiff,s3://cellpainting-gallery/cpg0037-oasis/axiom/images/prod_25/images/plate_41002696/r05c13f08p01-ch1sk1fk1fl1.tiff,s3://cellpainting-gallery/cpg0037-oasis/axiom/images/prod_25/images/plate_41002696/r05c13f08p01-ch2sk1fk1fl1.tiff,s3://cellpainting-gallery/cpg0037-oasis/axiom/images/prod_25/images/plate_41002696/r05c13f08p01-ch4sk1fk1fl1.tiff,s3://cellpainting-gallery/cpg0037-oasis/axiom/images/prod_25/images/plate_41002696/r05c13f08p01-ch3sk1fk1fl1.tiff,s3://cellpainting-gallery/cpg0037-oasis/axiom/images/prod_25/images/plate_41002696/r05c13f08p01-ch5sk1fk1fl1.tiff
p41002696_E22_s08,plate_41002696,E22,8.0,Benzonatate,OASIS1521,11.0,1.0550116300582886,7.941896183183417e-05,Sodium Channel,O=C(OCCOCCOCCOCCOCCOCCOCCOCCOCCOC)C1=CC=C(NCCCC)C=C1,s3://cellpainting-gallery/cpg0037-oasis/axiom/images/prod_25/images/plate_41002696/r05c22f08p01-ch6sk1fk1fl1.tiff,s3://cellpainting-gallery/cpg0037-oasis/axiom/images/prod_25/images/plate_41002696/r05c22f08p01-ch1sk1fk1fl1.tiff,s3://cellpainting-gallery/cpg0037-oasis/axiom/images/prod_25/images/plate_41002696/r05c22f08p01-ch2sk1fk1fl1.tiff,s3://cellpainting-gallery/cpg0037-oasis/axiom/images/prod_25/images/plate_41002696/r05c22f08p01-ch4sk1fk1fl1.tiff,s3://cellpainting-gallery/cpg0037-oasis/axiom/images/prod_25/images/plate_41002696/r05c22f08p01-ch3sk1fk1fl1.tiff,s3://cellpainting-gallery/cpg0037-oasis/axiom/images/prod_25/images/plate_41002696/r05c22f08p01-ch5sk1fk1fl1.tiff
p41002696_E23_s08,plate_41002696,E23,8.0,Ifosfamide,OASIS1281,11.0,1.0667650699615479,0.024738911539316177,DNA Alkylator/Crosslinker,ClCCN1P(OCCC1)(NCCCl)=O,s3://cellpainting-gallery/cpg0037-oasis/axiom/images/prod_25/images/plate_41002696/r05c23f08p01-ch6sk1fk1fl1.tiff,s3://cellpainting-gallery/cpg0037-oasis/axiom/images/prod_25/images/plate_41002696/r05c23f08p01-ch1sk1fk1fl1.tiff,s3://cellpainting-gallery/cpg0037-oasis/axiom/images/prod_25/images/plate_41002696/r05c23f08p01-ch2sk1fk1fl1.tiff,s3://cellpainting-gallery/cpg0037-oasis/axiom/images/prod_25/images/plate_41002696/r05c23f08p01-ch4sk1fk1fl1.tiff,s3://cellpainting-gallery/cpg0037-oasis/axiom/images/prod_25/images/plate_41002696/r05c23f08p01-ch3sk1fk1fl1.tiff,s3://cellpainting-gallery/cpg0037-oasis/axiom/images/prod_25/images/plate_41002696/r05c23f08p01-ch5sk1fk1fl1.tiff
p41002696_F14_s08,plate_41002696,F14,8.0,Mitoxantrone,OASIS1060,11.0,0.019029388204216957,0.5425882339477539,Apoptosis; Endogenous Metabolite; Orthopoxvirus; PKC; Topoisomerase,O=C1C2=C(C(NCCNCCO)=CC=C2NCCNCCO)C(C3=C(O)C=CC(O)=C13)=O,s3://cellpainting-gallery/cpg0037-oasis/axiom/images/prod_25/images/plate_41002696/r06c14f08p01-ch6sk1fk1fl1.tiff,s3://cellpainting-gallery/cpg0037-oasis/axiom/images/prod_25/images/plate_41002696/r06c14f08p01-ch1sk1fk1fl1.tiff,s3://cellpainting-gallery/cpg0037-oasis/axiom/images/prod_25/images/plate_41002696/r06c14f08p01-ch2sk1fk1fl1.tiff,s3://cellpainting-gallery/cpg0037-oasis/axiom/images/prod_25/images/plate_41002696/r06c14f08p01-ch4sk1fk1fl1.tiff,s3://cellpainting-gallery/cpg0037-oasis/axiom/images/prod_25/images/plate_41002696/r06c14f08p01-ch3sk1fk1fl1.tiff,s3://cellpainting-gallery/cpg0037-oasis/axiom/images/prod_25/images/plate_41002696/r06c14f08p01-ch5sk1fk1fl1.tiff
p41002696_F17_s08,plate_41002696,F17,8.0,Compound_516bb906,,11.0,0.04645409435033798,0.23571456968784332,,,s3://cellpainting-gallery/cpg0037-oasis/axiom/images/prod_25/images/plate_41002696/r06c17f08p01-ch6sk1fk1fl1.tiff,s3://cellpainting-gallery/cpg0037-oasis/axiom/images/prod_25/images/plate_41002696/r06c17f08p01-ch1sk1fk1fl1.tiff,s3://cellpainting-gallery/cpg0037-oasis/axiom/images/prod_25/images/plate_41002696/r06c17f08p01-ch2sk1fk1fl1.tiff,s3://cellpainting-gallery/cpg0037-oasis/axiom/images/prod_25/images/plate_41002696/r06c17f08p01-ch4sk1fk1fl1.tiff,s3://cellpainting-gallery/cpg0037-oasis/axiom/images/prod_25/images/plate_41002696/r06c17f08p01-ch3sk1fk1fl1.tiff,s3://cellpainting-gallery/cpg0037-oasis/axiom/images/prod_25/images/plate_41002696/r06c17f08p01-ch5sk1fk1fl1.tiff
p41002696_F20_s08,plate_41002696,F20,8.0,DMSO,,0.0,0.9637824892997742,-0.02732001803815365,,,s3://cellpainting-gallery/cpg0037-oasis/axiom/images/prod_25/images/plate_41002696/r06c20f08p01-ch6sk1fk1fl1.tiff,s3://cellpainting-gallery/cpg0037-oasis/axiom/images/prod_25/images/plate_41002696/r06c20f08p01-ch1sk1fk1fl1.tiff,s3://cellpainting-gallery/cpg0037-oasis/axiom/images/prod_25/images/plate_41002696/r06c20f08p01-ch2sk1fk1fl1.tiff,s3://cellpainting-gallery/cpg0037-oasis/axiom/images/prod_25/images/plate_41002696/r06c20f08p01-ch4sk1fk1fl1.tiff,s3://cellpainting-gallery/cpg0037-oasis/axiom/images/prod_25/images/plate_41002696/r06c20f08p01-ch3sk1fk1fl1.tiff,s3://cellpainting-gallery/cpg0037-oasis/axiom/images/prod_25/images/plate_41002696/r06c20f08p01-ch5sk1fk1fl1.tiff
p41002696_G10_s08,plate_41002696,G10,8.0,Ivermectin,OASIS1337,11.0,0.9302012324333191,-0.10403843969106674,Antibiotic; Autophagy; Bacterial; Dengue virus; Flavivirus; HIV; HSV; Mitophagy; Parasite; SARS-CoV,CO[C@H]1C[C@H](O[C@H]2[C@H](C)O[C@@H](O[C@H](/C(C)=C/C[C@@H]3C[C@H]4C[C@@]5(O[C@]([H])(C(C)C)[C@@H](C)CC5)O3)[C@@H](C)/C=C/C=C6CO[C@@]7([H])[C@]\6(O)[C@H](C(O4)=O)C=C(C)[C@H]7O)C[C@@H]2OC)O[C@@H](C)[C@@H]1O.CO[C@H]8C[C@H](O[C@H]9[C@H](C)O[C@@H](O[C@H](/C(C)=C/C[C@@H]%10C[C@H]%11C[C@@]%12(O[C@]([H])([C@@H](C)CC)[C@@H](C)CC%12)O%10)[C@@H](C)/C=C/C=C%13CO[C@@]%14([H])[C@]\%13(O)[C@H](C(O%11)=O)C=C(C)[C@H]%14O)C[C@@H]9OC)O[C@@H](C)[C@@H]8O,s3://cellpainting-gallery/cpg0037-oasis/axiom/images/prod_25/images/plate_41002696/r07c10f08p01-ch6sk1fk1fl1.tiff,s3://cellpainting-gallery/cpg0037-oasis/axiom/images/prod_25/images/plate_41002696/r07c10f08p01-ch1sk1fk1fl1.tiff,s3://cellpainting-gallery/cpg0037-oasis/axiom/images/prod_25/images/plate_41002696/r07c10f08p01-ch2sk1fk1fl1.tiff,s3://cellpainting-gallery/cpg0037-oasis/axiom/images/prod_25/images/plate_41002696/r07c10f08p01-ch4sk1fk1fl1.tiff,s3://cellpainting-gallery/cpg0037-oasis/axiom/images/prod_25/images/plate_41002696/r07c10f08p01-ch3sk1fk1fl1.tiff,s3://cellpainting-gallery/cpg0037-oasis/axiom/images/prod_25/images/plate_41002696/r07c10f08p01-ch5sk1fk1fl1.tiff
p41002696_G11_s08,plate_41002696,G11,8.0,Darifenacin,OASIS859,11.0,0.8927021622657776,-0.15609736740589142,mAChR,O=C(N)C(C1=CC=CC=C1)([C@H]2CN(CCC3=CC=C(OCC4)C4=C3)CC2)C5=CC=CC=C5,s3://cellpainting-gallery/cpg0037-oasis/axiom/images/prod_25/images/plate_41002696/r07c11f08p01-ch6sk1fk1fl1.tiff,s3://cellpainting-gallery/cpg0037-oasis/axiom/images/prod_25/images/plate_41002696/r07c11f08p01-ch1sk1fk1fl1.tiff,s3://cellpainting-gallery/cpg0037-oasis/axiom/images/prod_25/images/plate_41002696/r07c11f08p01-ch2sk1fk1fl1.tiff,s3://cellpainting-gallery/cpg0037-oasis/axiom/images/prod_25/images/plate_41002696/r07c11f08p01-ch4sk1fk1fl1.tiff,s3://cellpainting-gallery/cpg0037-oasis/axiom/images/prod_25/images/plate_41002696/r07c11f08p01-ch3sk1fk1fl1.tiff,s3://cellpainting-gallery/cpg0037-oasis/axiom/images/prod_25/images/plate_41002696/r07c11f08p01-ch5sk1fk1fl1.tiff
p41002696_G15_s08,plate_41002696,G15,8.0,Cephalothin,OASIS1000,11.0,0.9050152897834778,-0.01362029928714037,Antibiotic; Bacterial; Beta-lactamase,O=C(C(N12)=C(COC(C)=O)CS[C@]2([H])[C@H](NC(CC3=CC=CS3)=O)C1=O)O,s3://cellpainting-gallery/cpg0037-oasis/axiom/images/prod_25/images/plate_41002696/r07c15f08p01-ch6sk1fk1fl1.tiff,s3://cellpainting-gallery/cpg0037-oasis/axiom/images/prod_25/images/plate_41002696/r07c15f08p01-ch1sk1fk1fl1.tiff,s3://cellpainting-gallery/cpg0037-oasis/axiom/images/prod_25/images/plate_41002696/r07c15f08p01-ch2sk1fk1fl1.tiff,s3://cellpainting-gallery/cpg0037-oasis/axiom/images/prod_25/images/plate_41002696/r07c15f08p01-ch4sk1fk1fl1.tiff,s3://cellpainting-gallery/cpg0037-oasis/axiom/images/prod_25/images/plate_41002696/r07c15f08p01-ch3sk1fk1fl1.tiff,s3://cellpainting-gallery/cpg0037-oasis/axiom/images/prod_25/images/plate_41002696/r07c15f08p01-ch5sk1fk1fl1.tiff
p41002696_G16_s08,plate_41002696,G16,8.0,Triheptanoin,OASIS1819,11.0,0.9626631140708923,-0.049239564687013626,Others,CCCCCCC(OCC(OC(CCCCCC)=O)COC(CCCCCC)=O)=O,s3://cellpainting-gallery/cpg0037-oasis/axiom/images/prod_25/images/plate_41002696/r07c16f08p01-ch6sk1fk1fl1.tiff,s3://cellpainting-gallery/cpg0037-oasis/axiom/images/prod_25/images/plate_41002696/r07c16f08p01-ch1sk1fk1fl1.tiff,s3://cellpainting-gallery/cpg0037-oasis/axiom/images/prod_25/images/plate_41002696/r07c16f08p01-ch2sk1fk1fl1.tiff,s3://cellpainting-gallery/cpg0037-oasis/axiom/images/prod_25/images/plate_41002696/r07c16f08p01-ch4sk1fk1fl1.tiff,s3://cellpainting-gallery/cpg0037-oasis/axiom/images/prod_25/images/plate_41002696/r07c16f08p01-ch3sk1fk1fl1.tiff,s3://cellpainting-gallery/cpg0037-oasis/axiom/images/prod_25/images/plate_41002696/r07c16f08p01-ch5sk1fk1fl1.tiff
p41002696_G18_s08,plate_41002696,G18,8.0,Droperidol,OASIS1204,11.0,1.0645263195037842,0.024738911539316177,Dopamine Receptor,O=C1NC2=CC=CC=C2N1C3=CCN(CCCC(C4=CC=C(F)C=C4)=O)CC3,s3://cellpainting-gallery/cpg0037-oasis/axiom/images/prod_25/images/plate_41002696/r07c18f08p01-ch6sk1fk1fl1.tiff,s3://cellpainting-gallery/cpg0037-oasis/axiom/images/prod_25/images/plate_41002696/r07c18f08p01-ch1sk1fk1fl1.tiff,s3://cellpainting-gallery/cpg0037-oasis/axiom/images/prod_25/images/plate_41002696/r07c18f08p01-ch2sk1fk1fl1.tiff,s3://cellpainting-gallery/cpg0037-oasis/axiom/images/prod_25/images/plate_41002696/r07c18f08p01-ch4sk1fk1fl1.tiff,s3://cellpainting-gallery/cpg0037-oasis/axiom/images/prod_25/images/plate_41002696/r07c18f08p01-ch3sk1fk1fl1.tiff,s3://cellpainting-gallery/cpg0037-oasis/axiom/images/prod_25/images/plate_41002696/r07c18f08p01-ch5sk1fk1fl1.tiff
p41002696_G19_s08,plate_41002696,G19,8.0,Capsaicin,OASIS1503,11.0,0.9531484246253967,0.05761823430657387,Apoptosis; Autophagy; Endogenous Metabolite; TRP Channel,CC(C)/C=C/CCCCC(NCC1=CC=C(O)C(OC)=C1)=O,s3://cellpainting-gallery/cpg0037-oasis/axiom/images/prod_25/images/plate_41002696/r07c19f08p01-ch6sk1fk1fl1.tiff,s3://cellpainting-gallery/cpg0037-oasis/axiom/images/prod_25/images/plate_41002696/r07c19f08p01-ch1sk1fk1fl1.tiff,s3://cellpainting-gallery/cpg0037-oasis/axiom/images/prod_25/images/plate_41002696/r07c19f08p01-ch2sk1fk1fl1.tiff,s3://cellpainting-gallery/cpg0037-oasis/axiom/images/prod_25/images/plate_41002696/r07c19f08p01-ch4sk1fk1fl1.tiff,s3://cellpainting-gallery/cpg0037-oasis/axiom/images/prod_25/images/plate_41002696/r07c19f08p01-ch3sk1fk1fl1.tiff,s3://cellpainting-gallery/cpg0037-oasis/axiom/images/prod_25/images/plate_41002696/r07c19f08p01-ch5sk1fk1fl1.tiff
p41002696_I10_s08,plate_41002696,I10,8.0,Compound_567dbb1e,,11.0,0.7516608238220215,-0.1012984961271286,,,s3://cellpainting-gallery/cpg0037-oasis/axiom/images/prod_25/images/plate_41002696/r09c10f08p01-ch6sk1fk1fl1.tiff,s3://cellpainting-gallery/cpg0037-oasis/axiom/images/prod_25/images/plate_41002696/r09c10f08p01-ch1sk1fk1fl1.tiff,s3://cellpainting-gallery/cpg0037-oasis/axiom/images/prod_25/images/plate_41002696/r09c10f08p01-ch2sk1fk1fl1.tiff,s3://cellpainting-gallery/cpg0037-oasis/axiom/images/prod_25/images/plate_41002696/r09c10f08p01-ch4sk1fk1fl1.tiff,s3://cellpainting-gallery/cpg0037-oasis/axiom/images/prod_25/images/plate_41002696/r09c10f08p01-ch3sk1fk1fl1.tiff,s3://cellpainting-gallery/cpg0037-oasis/axiom/images/prod_25/images/plate_41002696/r09c10f08p01-ch5sk1fk1fl1.tiff
p41002696_I21_s08,plate_41002696,I21,8.0,Deoxycholic acid,OASIS1721,11.0,1.0147141218185425,-0.06293928623199463,Endogenous Metabolite; G protein-coupled Bile Acid Receptor 1,C[C@@]1([C@@]2([H])[C@H](C)CCC(O)=O)[C@](CC2)([H])[C@@](CC[C@@]3([H])[C@@]4(CC[C@@H](O)C3)C)([H])[C@]4([H])C[C@@H]1O,s3://cellpainting-gallery/cpg0037-oasis/axiom/images/prod_25/images/plate_41002696/r09c21f08p01-ch6sk1fk1fl1.tiff,s3://cellpainting-gallery/cpg0037-oasis/axiom/images/prod_25/images/plate_41002696/r09c21f08p01-ch1sk1fk1fl1.tiff,s3://cellpainting-gallery/cpg0037-oasis/axiom/images/prod_25/images/plate_41002696/r09c21f08p01-ch2sk1fk1fl1.tiff,s3://cellpainting-gallery/cpg0037-oasis/axiom/images/prod_25/images/plate_41002696/r09c21f08p01-ch4sk1fk1fl1.tiff,s3://cellpainting-gallery/cpg0037-oasis/axiom/images/prod_25/images/plate_41002696/r09c21f08p01-ch3sk1fk1fl1.tiff,s3://cellpainting-gallery/cpg0037-oasis/axiom/images/prod_25/images/plate_41002696/r09c21f08p01-ch5sk1fk1fl1.tiff
p41002696_I23_s08,plate_41002696,I23,8.0,Retinoic acid,OASIS140,11.0,1.0757200717926025,-0.06841917335987091,Autophagy; Endogenous Metabolite; Organoid; PPAR; RAR/RXR,CC1(C)C(/C=C/C(C)=C/C=C/C(C)=C/C(O)=O)=C(C)CCC1,s3://cellpainting-gallery/cpg0037-oasis/axiom/images/prod_25/images/plate_41002696/r09c23f08p01-ch6sk1fk1fl1.tiff,s3://cellpainting-gallery/cpg0037-oasis/axiom/images/prod_25/images/plate_41002696/r09c23f08p01-ch1sk1fk1fl1.tiff,s3://cellpainting-gallery/cpg0037-oasis/axiom/images/prod_25/images/plate_41002696/r09c23f08p01-ch2sk1fk1fl1.tiff,s3://cellpainting-gallery/cpg0037-oasis/axiom/images/prod_25/images/plate_41002696/r09c23f08p01-ch4sk1fk1fl1.tiff,s3://cellpainting-gallery/cpg0037-oasis/axiom/images/prod_25/images/plate_41002696/r09c23f08p01-ch3sk1fk1fl1.tiff,s3://cellpainting-gallery/cpg0037-oasis/axiom/images/prod_25/images/plate_41002696/r09c23f08p01-ch5sk1fk1fl1.tiff
p41002696_I24_s08,plate_41002696,I24,8.0,Chlormezanone,OASIS040,11.0,1.126651644706726,0.049398403614759445,GABA Receptor,O=C(CC1)N(C)C(C2=CC=C(Cl)C=C2)S1(=O)=O,s3://cellpainting-gallery/cpg0037-oasis/axiom/images/prod_25/images/plate_41002696/r09c24f08p01-ch6sk1fk1fl1.tiff,s3://cellpainting-gallery/cpg0037-oasis/axiom/images/prod_25/images/plate_41002696/r09c24f08p01-ch1sk1fk1fl1.tiff,s3://cellpainting-gallery/cpg0037-oasis/axiom/images/prod_25/images/plate_41002696/r09c24f08p01-ch2sk1fk1fl1.tiff,s3://cellpainting-gallery/cpg0037-oasis/axiom/images/prod_25/images/plate_41002696/r09c24f08p01-ch4sk1fk1fl1.tiff,s3://cellpainting-gallery/cpg0037-oasis/axiom/images/prod_25/images/plate_41002696/r09c24f08p01-ch3sk1fk1fl1.tiff,s3://cellpainting-gallery/cpg0037-oasis/axiom/images/prod_25/images/plate_41002696/r09c24f08p01-ch5sk1fk1fl1.tiff
p41002696_J12_s08,plate_41002696,J12,8.0,DMSO,,0.0,0.9934459924697876,-0.01362029928714037,,,s3://cellpainting-gallery/cpg0037-oasis/axiom/images/prod_25/images/plate_41002696/r10c12f08p01-ch6sk1fk1fl1.tiff,s3://cellpainting-gallery/cpg0037-oasis/axiom/images/prod_25/images/plate_41002696/r10c12f08p01-ch1sk1fk1fl1.tiff,s3://cellpainting-gallery/cpg0037-oasis/axiom/images/prod_25/images/plate_41002696/r10c12f08p01-ch2sk1fk1fl1.tiff,s3://cellpainting-gallery/cpg0037-oasis/axiom/images/prod_25/images/plate_41002696/r10c12f08p01-ch4sk1fk1fl1.tiff,s3://cellpainting-gallery/cpg0037-oasis/axiom/images/prod_25/images/plate_41002696/r10c12f08p01-ch3sk1fk1fl1.tiff,s3://cellpainting-gallery/cpg0037-oasis/axiom/images/prod_25/images/plate_41002696/r10c12f08p01-ch5sk1fk1fl1.tiff
p41002696_K16_s08,plate_41002696,K16,8.0,Lercanidipine,OASIS861,11.0,0.9912072420120239,-0.01362029928714037,Apoptosis; Calcium Channel; NF-κB; p38 MAPK; Reactive Oxygen Species,O=C(C1=C(C)NC(C)=C(C(OC)=O)C1C2=CC=CC([N+]([O-])=O)=C2)OC(C)(C)CN(CCC(C3=CC=CC=C3)C4=CC=CC=C4)C,s3://cellpainting-gallery/cpg0037-oasis/axiom/images/prod_25/images/plate_41002696/r11c16f08p01-ch6sk1fk1fl1.tiff,s3://cellpainting-gallery/cpg0037-oasis/axiom/images/prod_25/images/plate_41002696/r11c16f08p01-ch1sk1fk1fl1.tiff,s3://cellpainting-gallery/cpg0037-oasis/axiom/images/prod_25/images/plate_41002696/r11c16f08p01-ch2sk1fk1fl1.tiff,s3://cellpainting-gallery/cpg0037-oasis/axiom/images/prod_25/images/plate_41002696/r11c16f08p01-ch4sk1fk1fl1.tiff,s3://cellpainting-gallery/cpg0037-oasis/axiom/images/prod_25/images/plate_41002696/r11c16f08p01-ch3sk1fk1fl1.tiff,s3://cellpainting-gallery/cpg0037-oasis/axiom/images/prod_25/images/plate_41002696/r11c16f08p01-ch5sk1fk1fl1.tiff
p41002696_K17_s08,plate_41002696,K17,8.0,Lapatinib,OASIS1355,11.0,0.7774064540863037,-0.06293928623199463,Autophagy; EGFR; Ferroptosis,O=S(CCNCC1=CC=C(C2=CC=C3C(C(NC4=CC(Cl)=C(C=C4)OCC5=CC(F)=CC=C5)=NC=N3)=C2)O1)(C)=O,s3://cellpainting-gallery/cpg0037-oasis/axiom/images/prod_25/images/plate_41002696/r11c17f08p01-ch6sk1fk1fl1.tiff,s3://cellpainting-gallery/cpg0037-oasis/axiom/images/prod_25/images/plate_41002696/r11c17f08p01-ch1sk1fk1fl1.tiff,s3://cellpainting-gallery/cpg0037-oasis/axiom/images/prod_25/images/plate_41002696/r11c17f08p01-ch2sk1fk1fl1.tiff,s3://cellpainting-gallery/cpg0037-oasis/axiom/images/prod_25/images/plate_41002696/r11c17f08p01-ch4sk1fk1fl1.tiff,s3://cellpainting-gallery/cpg0037-oasis/axiom/images/prod_25/images/plate_41002696/r11c17f08p01-ch3sk1fk1fl1.tiff,s3://cellpainting-gallery/cpg0037-oasis/axiom/images/prod_25/images/plate_41002696/r11c17f08p01-ch5sk1fk1fl1.tiff
p41002696_K21_s08,plate_41002696,K21,8.0,Sorafenib,OASIS1340,11.0,0.3106267750263214,-0.05197950825095177,Apoptosis; Autophagy; Ferroptosis; FLT3; Raf; VEGFR,O=C(NC(C=C1)=CC=C1OC2=CC(C(NC)=O)=NC=C2)NC3=CC=C(Cl)C(C(F)(F)F)=C3,s3://cellpainting-gallery/cpg0037-oasis/axiom/images/prod_25/images/plate_41002696/r11c21f08p01-ch6sk1fk1fl1.tiff,s3://cellpainting-gallery/cpg0037-oasis/axiom/images/prod_25/images/plate_41002696/r11c21f08p01-ch1sk1fk1fl1.tiff,s3://cellpainting-gallery/cpg0037-oasis/axiom/images/prod_25/images/plate_41002696/r11c21f08p01-ch2sk1fk1fl1.tiff,s3://cellpainting-gallery/cpg0037-oasis/axiom/images/prod_25/images/plate_41002696/r11c21f08p01-ch4sk1fk1fl1.tiff,s3://cellpainting-gallery/cpg0037-oasis/axiom/images/prod_25/images/plate_41002696/r11c21f08p01-ch3sk1fk1fl1.tiff,s3://cellpainting-gallery/cpg0037-oasis/axiom/images/prod_25/images/plate_41002696/r11c21f08p01-ch5sk1fk1fl1.tiff
p41002696_K22_s08,plate_41002696,K22,8.0,Olmesartan,OASIS831,11.0,1.018072247505188,-0.03005996160209179,Angiotensin Receptor,O=C(O)C1=C(N=C(N1CC2=CC=C(C=C2)C3=CC=CC=C3C4=NN=NN4)CCC)C(O)(C)C,s3://cellpainting-gallery/cpg0037-oasis/axiom/images/prod_25/images/plate_41002696/r11c22f08p01-ch6sk1fk1fl1.tiff,s3://cellpainting-gallery/cpg0037-oasis/axiom/images/prod_25/images/plate_41002696/r11c22f08p01-ch1sk1fk1fl1.tiff,s3://cellpainting-gallery/cpg0037-oasis/axiom/images/prod_25/images/plate_41002696/r11c22f08p01-ch2sk1fk1fl1.tiff,s3://cellpainting-gallery/cpg0037-oasis/axiom/images/prod_25/images/plate_41002696/r11c22f08p01-ch4sk1fk1fl1.tiff,s3://cellpainting-gallery/cpg0037-oasis/axiom/images/prod_25/images/plate_41002696/r11c22f08p01-ch3sk1fk1fl1.tiff,s3://cellpainting-gallery/cpg0037-oasis/axiom/images/prod_25/images/plate_41002696/r11c22f08p01-ch5sk1fk1fl1.tiff
p41002696_K23_s08,plate_41002696,K23,8.0,Sunitinib,OASIS745,11.0,0.5373003482818604,0.1398165374994278,Apoptosis; Autophagy; IRE1; Mitophagy; PDGFR; VEGFR,O=C(NCCN(CC)CC)C1=C(NC(/C=C2C(NC3=C\2C=C(C=C3)F)=O)=C1C)C,s3://cellpainting-gallery/cpg0037-oasis/axiom/images/prod_25/images/plate_41002696/r11c23f08p01-ch6sk1fk1fl1.tiff,s3://cellpainting-gallery/cpg0037-oasis/axiom/images/prod_25/images/plate_41002696/r11c23f08p01-ch1sk1fk1fl1.tiff,s3://cellpainting-gallery/cpg0037-oasis/axiom/images/prod_25/images/plate_41002696/r11c23f08p01-ch2sk1fk1fl1.tiff,s3://cellpainting-gallery/cpg0037-oasis/axiom/images/prod_25/images/plate_41002696/r11c23f08p01-ch4sk1fk1fl1.tiff,s3://cellpainting-gallery/cpg0037-oasis/axiom/images/prod_25/images/plate_41002696/r11c23f08p01-ch3sk1fk1fl1.tiff,s3://cellpainting-gallery/cpg0037-oasis/axiom/images/prod_25/images/plate_41002696/r11c23f08p01-ch5sk1fk1fl1.tiff
p41002696_L10_s08,plate_41002696,L10,8.0,Neratinib,OASIS1886,11.0,0.21156202256679535,-0.06841917335987091,EGFR,ClC1=C(OCC2=NC=CC=C2)C=CC(NC3=C(C#N)C=NC4=CC(OCC)=C(NC(/C=C/CN(C)C)=O)C=C43)=C1,s3://cellpainting-gallery/cpg0037-oasis/axiom/images/prod_25/images/plate_41002696/r12c10f08p01-ch6sk1fk1fl1.tiff,s3://cellpainting-gallery/cpg0037-oasis/axiom/images/prod_25/images/plate_41002696/r12c10f08p01-ch1sk1fk1fl1.tiff,s3://cellpainting-gallery/cpg0037-oasis/axiom/images/prod_25/images/plate_41002696/r12c10f08p01-ch2sk1fk1fl1.tiff,s3://cellpainting-gallery/cpg0037-oasis/axiom/images/prod_25/images/plate_41002696/r12c10f08p01-ch4sk1fk1fl1.tiff,s3://cellpainting-gallery/cpg0037-oasis/axiom/images/prod_25/images/plate_41002696/r12c10f08p01-ch3sk1fk1fl1.tiff,s3://cellpainting-gallery/cpg0037-oasis/axiom/images/prod_25/images/plate_41002696/r12c10f08p01-ch5sk1fk1fl1.tiff
p41002696_L11_s08,plate_41002696,L11,8.0,Dapagliflozin,OASIS1775,11.0,0.9677003026008606,-0.09307866543531418,SGLT,O[C@H]1[C@H](C2=CC(CC3=CC=C(OCC)C=C3)=C(Cl)C=C2)O[C@H](CO)[C@@H](O)[C@@H]1O,s3://cellpainting-gallery/cpg0037-oasis/axiom/images/prod_25/images/plate_41002696/r12c11f08p01-ch6sk1fk1fl1.tiff,s3://cellpainting-gallery/cpg0037-oasis/axiom/images/prod_25/images/plate_41002696/r12c11f08p01-ch1sk1fk1fl1.tiff,s3://cellpainting-gallery/cpg0037-oasis/axiom/images/prod_25/images/plate_41002696/r12c11f08p01-ch2sk1fk1fl1.tiff,s3://cellpainting-gallery/cpg0037-oasis/axiom/images/prod_25/images/plate_41002696/r12c11f08p01-ch4sk1fk1fl1.tiff,s3://cellpainting-gallery/cpg0037-oasis/axiom/images/prod_25/images/plate_41002696/r12c11f08p01-ch3sk1fk1fl1.tiff,s3://cellpainting-gallery/cpg0037-oasis/axiom/images/prod_25/images/plate_41002696/r12c11f08p01-ch5sk1fk1fl1.tiff
p41002696_L12_s08,plate_41002696,L12,8.0,DMSO,,0.0,0.9609840512275696,-0.03553984686732292,,,s3://cellpainting-gallery/cpg0037-oasis/axiom/images/prod_25/images/plate_41002696/r12c12f08p01-ch6sk1fk1fl1.tiff,s3://cellpainting-gallery/cpg0037-oasis/axiom/images/prod_25/images/plate_41002696/r12c12f08p01-ch1sk1fk1fl1.tiff,s3://cellpainting-gallery/cpg0037-oasis/axiom/images/prod_25/images/plate_41002696/r12c12f08p01-ch2sk1fk1fl1.tiff,s3://cellpainting-gallery/cpg0037-oasis/axiom/images/prod_25/images/plate_41002696/r12c12f08p01-ch4sk1fk1fl1.tiff,s3://cellpainting-gallery/cpg0037-oasis/axiom/images/prod_25/images/plate_41002696/r12c12f08p01-ch3sk1fk1fl1.tiff,s3://cellpainting-gallery/cpg0037-oasis/axiom/images/prod_25/images/plate_41002696/r12c12f08p01-ch5sk1fk1fl1.tiff
p41002696_L13_s08,plate_41002696,L13,8.0,Thalidomide,OASIS1517,11.0,0.9274027943611145,-0.09581860899925232,Autophagy; Ligands for E3 Ligase,O=C1N(C2CCC(NC2=O)=O)C(C3=CC=CC=C31)=O,s3://cellpainting-gallery/cpg0037-oasis/axiom/images/prod_25/images/plate_41002696/r12c13f08p01-ch6sk1fk1fl1.tiff,s3://cellpainting-gallery/cpg0037-oasis/axiom/images/prod_25/images/plate_41002696/r12c13f08p01-ch1sk1fk1fl1.tiff,s3://cellpainting-gallery/cpg0037-oasis/axiom/images/prod_25/images/plate_41002696/r12c13f08p01-ch2sk1fk1fl1.tiff,s3://cellpainting-gallery/cpg0037-oasis/axiom/images/prod_25/images/plate_41002696/r12c13f08p01-ch4sk1fk1fl1.tiff,s3://cellpainting-gallery/cpg0037-oasis/axiom/images/prod_25/images/plate_41002696/r12c13f08p01-ch3sk1fk1fl1.tiff,s3://cellpainting-gallery/cpg0037-oasis/axiom/images/prod_25/images/plate_41002696/r12c13f08p01-ch5sk1fk1fl1.tiff
p41002696_L16_s08,plate_41002696,L16,8.0,Panobinostat,OASIS1808,11.0,0.4897269010543823,0.07131795585155487,Apoptosis; Autophagy; HDAC; HIV,O=C(/C=C/C1=CC=C(CNCCC2=C(NC3=C2C=CC=C3)C)C=C1)NO,s3://cellpainting-gallery/cpg0037-oasis/axiom/images/prod_25/images/plate_41002696/r12c16f08p01-ch6sk1fk1fl1.tiff,s3://cellpainting-gallery/cpg0037-oasis/axiom/images/prod_25/images/plate_41002696/r12c16f08p01-ch1sk1fk1fl1.tiff,s3://cellpainting-gallery/cpg0037-oasis/axiom/images/prod_25/images/plate_41002696/r12c16f08p01-ch2sk1fk1fl1.tiff,s3://cellpainting-gallery/cpg0037-oasis/axiom/images/prod_25/images/plate_41002696/r12c16f08p01-ch4sk1fk1fl1.tiff,s3://cellpainting-gallery/cpg0037-oasis/axiom/images/prod_25/images/plate_41002696/r12c16f08p01-ch3sk1fk1fl1.tiff,s3://cellpainting-gallery/cpg0037-oasis/axiom/images/prod_25/images/plate_41002696/r12c16f08p01-ch5sk1fk1fl1.tiff
p41002696_M10_s08,plate_41002696,M10,8.0,Umbralisib,OASIS1859,11.0,0.9162090420722961,-0.09855855256319046,Casein Kinase; PI3K,O=C1C(C2=CC=CC(F)=C2)=C([C@@H](N3N=C(C4=CC=C(OC(C)C)C(F)=C4)C5=C(N)N=CN=C53)C)OC6=CC=C(F)C=C16,s3://cellpainting-gallery/cpg0037-oasis/axiom/images/prod_25/images/plate_41002696/r13c10f08p01-ch6sk1fk1fl1.tiff,s3://cellpainting-gallery/cpg0037-oasis/axiom/images/prod_25/images/plate_41002696/r13c10f08p01-ch1sk1fk1fl1.tiff,s3://cellpainting-gallery/cpg0037-oasis/axiom/images/prod_25/images/plate_41002696/r13c10f08p01-ch2sk1fk1fl1.tiff,s3://cellpainting-gallery/cpg0037-oasis/axiom/images/prod_25/images/plate_41002696/r13c10f08p01-ch4sk1fk1fl1.tiff,s3://cellpainting-gallery/cpg0037-oasis/axiom/images/prod_25/images/plate_41002696/r13c10f08p01-ch3sk1fk1fl1.tiff,s3://cellpainting-gallery/cpg0037-oasis/axiom/images/prod_25/images/plate_41002696/r13c10f08p01-ch5sk1fk1fl1.tiff
p41002696_M14_s08,plate_41002696,M14,8.0,Osimertinib,OASIS1825,11.0,0.6996098160743713,0.09323750436306,EGFR,C=CC(NC1=CC(NC2=NC=CC(C3=CN(C)C4=C3C=CC=C4)=N2)=C(OC)C=C1N(CCN(C)C)C)=O,s3://cellpainting-gallery/cpg0037-oasis/axiom/images/prod_25/images/plate_41002696/r13c14f08p01-ch6sk1fk1fl1.tiff,s3://cellpainting-gallery/cpg0037-oasis/axiom/images/prod_25/images/plate_41002696/r13c14f08p01-ch1sk1fk1fl1.tiff,s3://cellpainting-gallery/cpg0037-oasis/axiom/images/prod_25/images/plate_41002696/r13c14f08p01-ch2sk1fk1fl1.tiff,s3://cellpainting-gallery/cpg0037-oasis/axiom/images/prod_25/images/plate_41002696/r13c14f08p01-ch4sk1fk1fl1.tiff,s3://cellpainting-gallery/cpg0037-oasis/axiom/images/prod_25/images/plate_41002696/r13c14f08p01-ch3sk1fk1fl1.tiff,s3://cellpainting-gallery/cpg0037-oasis/axiom/images/prod_25/images/plate_41002696/r13c14f08p01-ch5sk1fk1fl1.tiff
p41002696_M16_s08,plate_41002696,M16,8.0,Compound_88f6068e,,11.0,0.964901864528656,-0.05197950825095177,,,s3://cellpainting-gallery/cpg0037-oasis/axiom/images/prod_25/images/plate_41002696/r13c16f08p01-ch6sk1fk1fl1.tiff,s3://cellpainting-gallery/cpg0037-oasis/axiom/images/prod_25/images/plate_41002696/r13c16f08p01-ch1sk1fk1fl1.tiff,s3://cellpainting-gallery/cpg0037-oasis/axiom/images/prod_25/images/plate_41002696/r13c16f08p01-ch2sk1fk1fl1.tiff,s3://cellpainting-gallery/cpg0037-oasis/axiom/images/prod_25/images/plate_41002696/r13c16f08p01-ch4sk1fk1fl1.tiff,s3://cellpainting-gallery/cpg0037-oasis/axiom/images/prod_25/images/plate_41002696/r13c16f08p01-ch3sk1fk1fl1.tiff,s3://cellpainting-gallery/cpg0037-oasis/axiom/images/prod_25/images/plate_41002696/r13c16f08p01-ch5sk1fk1fl1.tiff
p41002696_M17_s08,plate_41002696,M17,8.0,Raltegravir,OASIS869,11.0,0.9923266172409058,0.027478855103254318,HIV; HIV Integrase,O=C(C(O)=C(C(NCC1=CC=C(C=C1)F)=O)N=C2C(C)(C)NC(C3=NN=C(C)O3)=O)N2C,s3://cellpainting-gallery/cpg0037-oasis/axiom/images/prod_25/images/plate_41002696/r13c17f08p01-ch6sk1fk1fl1.tiff,s3://cellpainting-gallery/cpg0037-oasis/axiom/images/prod_25/images/plate_41002696/r13c17f08p01-ch1sk1fk1fl1.tiff,s3://cellpainting-gallery/cpg0037-oasis/axiom/images/prod_25/images/plate_41002696/r13c17f08p01-ch2sk1fk1fl1.tiff,s3://cellpainting-gallery/cpg0037-oasis/axiom/images/prod_25/images/plate_41002696/r13c17f08p01-ch4sk1fk1fl1.tiff,s3://cellpainting-gallery/cpg0037-oasis/axiom/images/prod_25/images/plate_41002696/r13c17f08p01-ch3sk1fk1fl1.tiff,s3://cellpainting-gallery/cpg0037-oasis/axiom/images/prod_25/images/plate_41002696/r13c17f08p01-ch5sk1fk1fl1.tiff
p41002696_M19_s08,plate_41002696,M19,8.0,Alpelisib,OASIS1957,11.0,0.7858017683029175,-0.02732001803815365,PI3K,CC(N=C(S1)NC(N2CCC[C@H]2C(N)=O)=O)=C1C3=CC(C(C)(C(F)(F)F)C)=NC=C3,s3://cellpainting-gallery/cpg0037-oasis/axiom/images/prod_25/images/plate_41002696/r13c19f08p01-ch6sk1fk1fl1.tiff,s3://cellpainting-gallery/cpg0037-oasis/axiom/images/prod_25/images/plate_41002696/r13c19f08p01-ch1sk1fk1fl1.tiff,s3://cellpainting-gallery/cpg0037-oasis/axiom/images/prod_25/images/plate_41002696/r13c19f08p01-ch2sk1fk1fl1.tiff,s3://cellpainting-gallery/cpg0037-oasis/axiom/images/prod_25/images/plate_41002696/r13c19f08p01-ch4sk1fk1fl1.tiff,s3://cellpainting-gallery/cpg0037-oasis/axiom/images/prod_25/images/plate_41002696/r13c19f08p01-ch3sk1fk1fl1.tiff,s3://cellpainting-gallery/cpg0037-oasis/axiom/images/prod_25/images/plate_41002696/r13c19f08p01-ch5sk1fk1fl1.tiff
p41002696_M20_s08,plate_41002696,M20,8.0,DMSO,,0.0,1.0773991346359253,-0.10677838325500488,,,s3://cellpainting-gallery/cpg0037-oasis/axiom/images/prod_25/images/plate_41002696/r13c20f08p01-ch6sk1fk1fl1.tiff,s3://cellpainting-gallery/cpg0037-oasis/axiom/images/prod_25/images/plate_41002696/r13c20f08p01-ch1sk1fk1fl1.tiff,s3://cellpainting-gallery/cpg0037-oasis/axiom/images/prod_25/images/plate_41002696/r13c20f08p01-ch2sk1fk1fl1.tiff,s3://cellpainting-gallery/cpg0037-oasis/axiom/images/prod_25/images/plate_41002696/r13c20f08p01-ch4sk1fk1fl1.tiff,s3://cellpainting-gallery/cpg0037-oasis/axiom/images/prod_25/images/plate_41002696/r13c20f08p01-ch3sk1fk1fl1.tiff,s3://cellpainting-gallery/cpg0037-oasis/axiom/images/prod_25/images/plate_41002696/r13c20f08p01-ch5sk1fk1fl1.tiff
p41002696_M21_s08,plate_41002696,M21,8.0,Compound_59cfb866,,11.0,1.0303853750228882,-0.041019733995199203,,,s3://cellpainting-gallery/cpg0037-oasis/axiom/images/prod_25/images/plate_41002696/r13c21f08p01-ch6sk1fk1fl1.tiff,s3://cellpainting-gallery/cpg0037-oasis/axiom/images/prod_25/images/plate_41002696/r13c21f08p01-ch1sk1fk1fl1.tiff,s3://cellpainting-gallery/cpg0037-oasis/axiom/images/prod_25/images/plate_41002696/r13c21f08p01-ch2sk1fk1fl1.tiff,s3://cellpainting-gallery/cpg0037-oasis/axiom/images/prod_25/images/plate_41002696/r13c21f08p01-ch4sk1fk1fl1.tiff,s3://cellpainting-gallery/cpg0037-oasis/axiom/images/prod_25/images/plate_41002696/r13c21f08p01-ch3sk1fk1fl1.tiff,s3://cellpainting-gallery/cpg0037-oasis/axiom/images/prod_25/images/plate_41002696/r13c21f08p01-ch5sk1fk1fl1.tiff
p41002696_M24_s08,plate_41002696,M24,8.0,Griseofulvin,OASIS073,11.0,1.058929443359375,0.14529642462730408,Antibiotic; Apoptosis; Endogenous Metabolite; Fungal,O=C1[C@]2(C(OC)=CC(C[C@H]2C)=O)OC3=C(Cl)C(OC)=CC(OC)=C13,s3://cellpainting-gallery/cpg0037-oasis/axiom/images/prod_25/images/plate_41002696/r13c24f08p01-ch6sk1fk1fl1.tiff,s3://cellpainting-gallery/cpg0037-oasis/axiom/images/prod_25/images/plate_41002696/r13c24f08p01-ch1sk1fk1fl1.tiff,s3://cellpainting-gallery/cpg0037-oasis/axiom/images/prod_25/images/plate_41002696/r13c24f08p01-ch2sk1fk1fl1.tiff,s3://cellpainting-gallery/cpg0037-oasis/axiom/images/prod_25/images/plate_41002696/r13c24f08p01-ch4sk1fk1fl1.tiff,s3://cellpainting-gallery/cpg0037-oasis/axiom/images/prod_25/images/plate_41002696/r13c24f08p01-ch3sk1fk1fl1.tiff,s3://cellpainting-gallery/cpg0037-oasis/axiom/images/prod_25/images/plate_41002696/r13c24f08p01-ch5sk1fk1fl1.tiff
p41002696_N11_s08,plate_41002696,N11,8.0,Sulfasalazine,OASIS018,11.0,1.024228811264038,-0.03005996160209179,Antibiotic; Apoptosis; Autophagy; Bacterial; Ferroptosis; NF-κB,OC(C1=C(O)C=CC(/N=N/C2=CC=C(S(=O)(NC3=NC=CC=C3)=O)C=C2)=C1)=O,s3://cellpainting-gallery/cpg0037-oasis/axiom/images/prod_25/images/plate_41002696/r14c11f08p01-ch6sk1fk1fl1.tiff,s3://cellpainting-gallery/cpg0037-oasis/axiom/images/prod_25/images/plate_41002696/r14c11f08p01-ch1sk1fk1fl1.tiff,s3://cellpainting-gallery/cpg0037-oasis/axiom/images/prod_25/images/plate_41002696/r14c11f08p01-ch2sk1fk1fl1.tiff,s3://cellpainting-gallery/cpg0037-oasis/axiom/images/prod_25/images/plate_41002696/r14c11f08p01-ch4sk1fk1fl1.tiff,s3://cellpainting-gallery/cpg0037-oasis/axiom/images/prod_25/images/plate_41002696/r14c11f08p01-ch3sk1fk1fl1.tiff,s3://cellpainting-gallery/cpg0037-oasis/axiom/images/prod_25/images/plate_41002696/r14c11f08p01-ch5sk1fk1fl1.tiff
p41002696_N11_s08,plate_41002696,N11,8.0,Sulfasalazine,OASIS018,11.0,1.024228811264038,-0.03005996160209179,Antibiotic; Apoptosis; Autophagy; Bacterial; Ferroptosis; NF-κB,OC(C1=C(O)C=CC(/N=N/C2=CC=C(S(=O)(NC3=NC=CC=C3)=O)C=C2)=C1)=O,s3://cellpainting-gallery/cpg0037-oasis/axiom/images/prod_25/images/plate_41002696/r14c11f08p01-ch6sk1fk1fl1.tiff,s3://cellpainting-gallery/cpg0037-oasis/axiom/images/prod_25/images/plate_41002696/r14c11f08p01-ch1sk1fk1fl1.tiff,s3://cellpainting-gallery/cpg0037-oasis/axiom/images/prod_25/images/plate_41002696/r14c11f08p01-ch2sk1fk1fl1.tiff,s3://cellpainting-gallery/cpg0037-oasis/axiom/images/prod_25/images/plate_41002696/r14c11f08p01-ch4sk1fk1fl1.tiff,s3://cellpainting-gallery/cpg0037-oasis/axiom/images/prod_25/images/plate_41002696/r14c11f08p01-ch3sk1fk1fl1.tiff,s3://cellpainting-gallery/cpg0037-oasis/axiom/images/prod_25/images/plate_41002696/r14c11f08p01-ch5sk1fk1fl1.tiff
p41002696_N16_s08,plate_41002696,N16,8.0,Famotidine,OASIS1103,11.0,1.0024009943008423,-0.08211889117956161,Histamine Receptor,N=C(NS(=O)(N)=O)CCSCC1=CSC(NC(N)=N)=N1,s3://cellpainting-gallery/cpg0037-oasis/axiom/images/prod_25/images/plate_41002696/r14c16f08p01-ch6sk1fk1fl1.tiff,s3://cellpainting-gallery/cpg0037-oasis/axiom/images/prod_25/images/plate_41002696/r14c16f08p01-ch1sk1fk1fl1.tiff,s3://cellpainting-gallery/cpg0037-oasis/axiom/images/prod_25/images/plate_41002696/r14c16f08p01-ch2sk1fk1fl1.tiff,s3://cellpainting-gallery/cpg0037-oasis/axiom/images/prod_25/images/plate_41002696/r14c16f08p01-ch4sk1fk1fl1.tiff,s3://cellpainting-gallery/cpg0037-oasis/axiom/images/prod_25/images/plate_41002696/r14c16f08p01-ch3sk1fk1fl1.tiff,s3://cellpainting-gallery/cpg0037-oasis/axiom/images/prod_25/images/plate_41002696/r14c16f08p01-ch5sk1fk1fl1.tiff
p41002696_P10_s08,plate_41002696,P10,8.0,Afatinib,OASIS1772,11.0,0.5983063578605652,0.29873326420783997,Akt; Apoptosis; Autophagy; c-Met/HGFR; EGFR; p38 MAPK,O=C(NC1=C(C=C2C(C(NC3=CC(Cl)=C(C=C3)F)=NC=N2)=C1)O[C@H]4CCOC4)/C=C/CN(C)C,s3://cellpainting-gallery/cpg0037-oasis/axiom/images/prod_25/images/plate_41002696/r16c10f08p01-ch6sk1fk1fl1.tiff,s3://cellpainting-gallery/cpg0037-oasis/axiom/images/prod_25/images/plate_41002696/r16c10f08p01-ch1sk1fk1fl1.tiff,s3://cellpainting-gallery/cpg0037-oasis/axiom/images/prod_25/images/plate_41002696/r16c10f08p01-ch2sk1fk1fl1.tiff,s3://cellpainting-gallery/cpg0037-oasis/axiom/images/prod_25/images/plate_41002696/r16c10f08p01-ch4sk1fk1fl1.tiff,s3://cellpainting-gallery/cpg0037-oasis/axiom/images/prod_25/images/plate_41002696/r16c10f08p01-ch3sk1fk1fl1.tiff,s3://cellpainting-gallery/cpg0037-oasis/axiom/images/prod_25/images/plate_41002696/r16c10f08p01-ch5sk1fk1fl1.tiff
p41002696_P20_s08,plate_41002696,P20,8.0,DMSO,,0.0,1.0813169479370117,0.19187547266483307,,,s3://cellpainting-gallery/cpg0037-oasis/axiom/images/prod_25/images/plate_41002696/r16c20f08p01-ch6sk1fk1fl1.tiff,s3://cellpainting-gallery/cpg0037-oasis/axiom/images/prod_25/images/plate_41002696/r16c20f08p01-ch1sk1fk1fl1.tiff,s3://cellpainting-gallery/cpg0037-oasis/axiom/images/prod_25/images/plate_41002696/r16c20f08p01-ch2sk1fk1fl1.tiff,s3://cellpainting-gallery/cpg0037-oasis/axiom/images/prod_25/images/plate_41002696/r16c20f08p01-ch4sk1fk1fl1.tiff,s3://cellpainting-gallery/cpg0037-oasis/axiom/images/prod_25/images/plate_41002696/r16c20f08p01-ch3sk1fk1fl1.tiff,s3://cellpainting-gallery/cpg0037-oasis/axiom/images/prod_25/images/plate_41002696/r16c20f08p01-ch5sk1fk1fl1.tiff
p41002697_E16_s08,plate_41002697,E16,8.0,β-Naphthoflavone,OASIS330,1.0,0.9899320602416992,0.035620808601379395,Apoptosis; Aryl Hydrocarbon Receptor,O=C1C2=C3C=CC=CC3=CC=C2OC(C4=CC=CC=C4)=C1,s3://cellpainting-gallery/cpg0037-oasis/axiom/images/prod_25/images/plate_41002697/r05c16f08p01-ch6sk1fk1fl1.tiff,s3://cellpainting-gallery/cpg0037-oasis/axiom/images/prod_25/images/plate_41002697/r05c16f08p01-ch1sk1fk1fl1.tiff,s3://cellpainting-gallery/cpg0037-oasis/axiom/images/prod_25/images/plate_41002697/r05c16f08p01-ch2sk1fk1fl1.tiff,s3://cellpainting-gallery/cpg0037-oasis/axiom/images/prod_25/images/plate_41002697/r05c16f08p01-ch4sk1fk1fl1.tiff,s3://cellpainting-gallery/cpg0037-oasis/axiom/images/prod_25/images/plate_41002697/r05c16f08p01-ch3sk1fk1fl1.tiff,s3://cellpainting-gallery/cpg0037-oasis/axiom/images/prod_25/images/plate_41002697/r05c16f08p01-ch5sk1fk1fl1.tiff
p41002697_E19_s08,plate_41002697,E19,8.0,Irinotecan,OASIS744,1.0,0.9308834671974182,-0.009528872556984425,Autophagy; Topoisomerase,O=C(N1CCC(N2CCCCC2)CC1)OC3=CC=C4N=C5C(CN6C(C(COC([C@@]7(CC)O)=O)=C7C=C65)=O)=C(CC)C4=C3,s3://cellpainting-gallery/cpg0037-oasis/axiom/images/prod_25/images/plate_41002697/r05c19f08p01-ch6sk1fk1fl1.tiff,s3://cellpainting-gallery/cpg0037-oasis/axiom/images/prod_25/images/plate_41002697/r05c19f08p01-ch1sk1fk1fl1.tiff,s3://cellpainting-gallery/cpg0037-oasis/axiom/images/prod_25/images/plate_41002697/r05c19f08p01-ch2sk1fk1fl1.tiff,s3://cellpainting-gallery/cpg0037-oasis/axiom/images/prod_25/images/plate_41002697/r05c19f08p01-ch4sk1fk1fl1.tiff,s3://cellpainting-gallery/cpg0037-oasis/axiom/images/prod_25/images/plate_41002697/r05c19f08p01-ch3sk1fk1fl1.tiff,s3://cellpainting-gallery/cpg0037-oasis/axiom/images/prod_25/images/plate_41002697/r05c19f08p01-ch5sk1fk1fl1.tiff
p41002697_E21_s08,plate_41002697,E21,8.0,Gabapentin enacarbil,OASIS1791,1.0,1.073294758796692,-0.0941845253109932,Calcium Channel,O=C(O)CC1(CNC(OC(OC(C(C)C)=O)C)=O)CCCCC1,s3://cellpainting-gallery/cpg0037-oasis/axiom/images/prod_25/images/plate_41002697/r05c21f08p01-ch6sk1fk1fl1.tiff,s3://cellpainting-gallery/cpg0037-oasis/axiom/images/prod_25/images/plate_41002697/r05c21f08p01-ch1sk1fk1fl1.tiff,s3://cellpainting-gallery/cpg0037-oasis/axiom/images/prod_25/images/plate_41002697/r05c21f08p01-ch2sk1fk1fl1.tiff,s3://cellpainting-gallery/cpg0037-oasis/axiom/images/prod_25/images/plate_41002697/r05c21f08p01-ch4sk1fk1fl1.tiff,s3://cellpainting-gallery/cpg0037-oasis/axiom/images/prod_25/images/plate_41002697/r05c21f08p01-ch3sk1fk1fl1.tiff,s3://cellpainting-gallery/cpg0037-oasis/axiom/images/prod_25/images/plate_41002697/r05c21f08p01-ch5sk1fk1fl1.tiff
p41002697_E22_s08,plate_41002697,E22,8.0,Macitentan,OASIS1840,1.0,0.9939844012260437,-0.0292818583548069,Apoptosis; Endothelin Receptor,BrC1=CN=C(OCCOC2=C(C3=CC=C(Br)C=C3)C(NS(NCCC)(=O)=O)=NC=N2)N=C1,s3://cellpainting-gallery/cpg0037-oasis/axiom/images/prod_25/images/plate_41002697/r05c22f08p01-ch6sk1fk1fl1.tiff,s3://cellpainting-gallery/cpg0037-oasis/axiom/images/prod_25/images/plate_41002697/r05c22f08p01-ch1sk1fk1fl1.tiff,s3://cellpainting-gallery/cpg0037-oasis/axiom/images/prod_25/images/plate_41002697/r05c22f08p01-ch2sk1fk1fl1.tiff,s3://cellpainting-gallery/cpg0037-oasis/axiom/images/prod_25/images/plate_41002697/r05c22f08p01-ch4sk1fk1fl1.tiff,s3://cellpainting-gallery/cpg0037-oasis/axiom/images/prod_25/images/plate_41002697/r05c22f08p01-ch3sk1fk1fl1.tiff,s3://cellpainting-gallery/cpg0037-oasis/axiom/images/prod_25/images/plate_41002697/r05c22f08p01-ch5sk1fk1fl1.tiff
p41002697_E23_s08,plate_41002697,E23,8.0,Etravirine,OASIS886,1.0,1.1300276517868042,0.04690822958946228,HIV; Reverse Transcriptase,N#CC1=CC(C)=C(C(C)=C1)OC2=NC(NC3=CC=C(C=C3)C#N)=NC(N)=C2Br,s3://cellpainting-gallery/cpg0037-oasis/axiom/images/prod_25/images/plate_41002697/r05c23f08p01-ch6sk1fk1fl1.tiff,s3://cellpainting-gallery/cpg0037-oasis/axiom/images/prod_25/images/plate_41002697/r05c23f08p01-ch1sk1fk1fl1.tiff,s3://cellpainting-gallery/cpg0037-oasis/axiom/images/prod_25/images/plate_41002697/r05c23f08p01-ch2sk1fk1fl1.tiff,s3://cellpainting-gallery/cpg0037-oasis/axiom/images/prod_25/images/plate_41002697/r05c23f08p01-ch4sk1fk1fl1.tiff,s3://cellpainting-gallery/cpg0037-oasis/axiom/images/prod_25/images/plate_41002697/r05c23f08p01-ch3sk1fk1fl1.tiff,s3://cellpainting-gallery/cpg0037-oasis/axiom/images/prod_25/images/plate_41002697/r05c23f08p01-ch5sk1fk1fl1.tiff
p41002697_F10_s08,plate_41002697,F10,8.0,Edoxaban (tosylate),OASIS1737,1.0,0.8463629484176636,-0.012350727804005146,Factor Xa; Thrombin,O=C(N(C)C)[C@@H](CC1)C[C@H]([C@H]1NC(C(NC(C=C2)=NC=C2Cl)=O)=O)NC(C3=NC(CC4)=C(CN4C)S3)=O.O=S(C5=CC=C(C)C=C5)(O)=O,s3://cellpainting-gallery/cpg0037-oasis/axiom/images/prod_25/images/plate_41002697/r06c10f08p01-ch6sk1fk1fl1.tiff,s3://cellpainting-gallery/cpg0037-oasis/axiom/images/prod_25/images/plate_41002697/r06c10f08p01-ch1sk1fk1fl1.tiff,s3://cellpainting-gallery/cpg0037-oasis/axiom/images/prod_25/images/plate_41002697/r06c10f08p01-ch2sk1fk1fl1.tiff,s3://cellpainting-gallery/cpg0037-oasis/axiom/images/prod_25/images/plate_41002697/r06c10f08p01-ch4sk1fk1fl1.tiff,s3://cellpainting-gallery/cpg0037-oasis/axiom/images/prod_25/images/plate_41002697/r06c10f08p01-ch3sk1fk1fl1.tiff,s3://cellpainting-gallery/cpg0037-oasis/axiom/images/prod_25/images/plate_41002697/r06c10f08p01-ch5sk1fk1fl1.tiff
p41002697_F11_s08,plate_41002697,F11,8.0,Oseltamivir,OASIS1570,1.0,0.9083060622215271,-0.03210371360182762,Influenza Virus,O=C(OCC)C1=C[C@H]([C@@H]([C@H](C1)N)NC(C)=O)OC(CC)CC,s3://cellpainting-gallery/cpg0037-oasis/axiom/images/prod_25/images/plate_41002697/r06c11f08p01-ch6sk1fk1fl1.tiff,s3://cellpainting-gallery/cpg0037-oasis/axiom/images/prod_25/images/plate_41002697/r06c11f08p01-ch1sk1fk1fl1.tiff,s3://cellpainting-gallery/cpg0037-oasis/axiom/images/prod_25/images/plate_41002697/r06c11f08p01-ch2sk1fk1fl1.tiff,s3://cellpainting-gallery/cpg0037-oasis/axiom/images/prod_25/images/plate_41002697/r06c11f08p01-ch4sk1fk1fl1.tiff,s3://cellpainting-gallery/cpg0037-oasis/axiom/images/prod_25/images/plate_41002697/r06c11f08p01-ch3sk1fk1fl1.tiff,s3://cellpainting-gallery/cpg0037-oasis/axiom/images/prod_25/images/plate_41002697/r06c11f08p01-ch5sk1fk1fl1.tiff
p41002697_G10_s08,plate_41002697,G10,8.0,Bifenazate,OASIS411,1.0,0.9679335355758667,-0.06596597284078598,GABA Receptor,COC1=CC=C(C2=CC=CC=C2)C=C1NNC(OC(C)C)=O,s3://cellpainting-gallery/cpg0037-oasis/axiom/images/prod_25/images/plate_41002697/r07c10f08p01-ch6sk1fk1fl1.tiff,s3://cellpainting-gallery/cpg0037-oasis/axiom/images/prod_25/images/plate_41002697/r07c10f08p01-ch1sk1fk1fl1.tiff,s3://cellpainting-gallery/cpg0037-oasis/axiom/images/prod_25/images/plate_41002697/r07c10f08p01-ch2sk1fk1fl1.tiff,s3://cellpainting-gallery/cpg0037-oasis/axiom/images/prod_25/images/plate_41002697/r07c10f08p01-ch4sk1fk1fl1.tiff,s3://cellpainting-gallery/cpg0037-oasis/axiom/images/prod_25/images/plate_41002697/r07c10f08p01-ch3sk1fk1fl1.tiff,s3://cellpainting-gallery/cpg0037-oasis/axiom/images/prod_25/images/plate_41002697/r07c10f08p01-ch5sk1fk1fl1.tiff
p41002697_G11_s08,plate_41002697,G11,8.0,Telaprevir,OASIS980,1.0,0.9285678267478943,-0.10547194629907608,HCV; HCV Protease; SARS-CoV,O=C(N([C@@H]1C(N[C@H](C(C(NC2CC2)=O)=O)CCC)=O)C[C@@]3(CCC[C@@]31[H])[H])[C@@H](NC([C@@H](NC(C4=NC=CN=C4)=O)C5CCCCC5)=O)C(C)(C)C,s3://cellpainting-gallery/cpg0037-oasis/axiom/images/prod_25/images/plate_41002697/r07c11f08p01-ch6sk1fk1fl1.tiff,s3://cellpainting-gallery/cpg0037-oasis/axiom/images/prod_25/images/plate_41002697/r07c11f08p01-ch1sk1fk1fl1.tiff,s3://cellpainting-gallery/cpg0037-oasis/axiom/images/prod_25/images/plate_41002697/r07c11f08p01-ch2sk1fk1fl1.tiff,s3://cellpainting-gallery/cpg0037-oasis/axiom/images/prod_25/images/plate_41002697/r07c11f08p01-ch4sk1fk1fl1.tiff,s3://cellpainting-gallery/cpg0037-oasis/axiom/images/prod_25/images/plate_41002697/r07c11f08p01-ch3sk1fk1fl1.tiff,s3://cellpainting-gallery/cpg0037-oasis/axiom/images/prod_25/images/plate_41002697/r07c11f08p01-ch5sk1fk1fl1.tiff
p41002697_G22_s08,plate_41002697,G22,8.0,Nifurtimox,OASIS1788,1.0,1.1416058540344238,0.038442663848400116,Lactate Dehydrogenase; Parasite,O=S1(CC(C)N(/N=C/C2=CC=C([N+]([O-])=O)O2)CC1)=O,s3://cellpainting-gallery/cpg0037-oasis/axiom/images/prod_25/images/plate_41002697/r07c22f08p01-ch6sk1fk1fl1.tiff,s3://cellpainting-gallery/cpg0037-oasis/axiom/images/prod_25/images/plate_41002697/r07c22f08p01-ch1sk1fk1fl1.tiff,s3://cellpainting-gallery/cpg0037-oasis/axiom/images/prod_25/images/plate_41002697/r07c22f08p01-ch2sk1fk1fl1.tiff,s3://cellpainting-gallery/cpg0037-oasis/axiom/images/prod_25/images/plate_41002697/r07c22f08p01-ch4sk1fk1fl1.tiff,s3://cellpainting-gallery/cpg0037-oasis/axiom/images/prod_25/images/plate_41002697/r07c22f08p01-ch3sk1fk1fl1.tiff,s3://cellpainting-gallery/cpg0037-oasis/axiom/images/prod_25/images/plate_41002697/r07c22f08p01-ch5sk1fk1fl1.tiff
p41002697_H13_s08,plate_41002697,H13,8.0,DMSO,,0.0,0.9702491760253906,-0.0687878280878067,,,s3://cellpainting-gallery/cpg0037-oasis/axiom/images/prod_25/images/plate_41002697/r08c13f08p01-ch6sk1fk1fl1.tiff,s3://cellpainting-gallery/cpg0037-oasis/axiom/images/prod_25/images/plate_41002697/r08c13f08p01-ch1sk1fk1fl1.tiff,s3://cellpainting-gallery/cpg0037-oasis/axiom/images/prod_25/images/plate_41002697/r08c13f08p01-ch2sk1fk1fl1.tiff,s3://cellpainting-gallery/cpg0037-oasis/axiom/images/prod_25/images/plate_41002697/r08c13f08p01-ch4sk1fk1fl1.tiff,s3://cellpainting-gallery/cpg0037-oasis/axiom/images/prod_25/images/plate_41002697/r08c13f08p01-ch3sk1fk1fl1.tiff,s3://cellpainting-gallery/cpg0037-oasis/axiom/images/prod_25/images/plate_41002697/r08c13f08p01-ch5sk1fk1fl1.tiff
p41002697_I13_s08,plate_41002697,I13,8.0,Zalcitabine,OASIS648,1.0,0.9065693616867065,-0.06032226234674454,HIV; Reverse Transcriptase,OC[C@@H]1CC[C@H](N2C=CC(N)=NC2=O)O1,s3://cellpainting-gallery/cpg0037-oasis/axiom/images/prod_25/images/plate_41002697/r09c13f08p01-ch6sk1fk1fl1.tiff,s3://cellpainting-gallery/cpg0037-oasis/axiom/images/prod_25/images/plate_41002697/r09c13f08p01-ch1sk1fk1fl1.tiff,s3://cellpainting-gallery/cpg0037-oasis/axiom/images/prod_25/images/plate_41002697/r09c13f08p01-ch2sk1fk1fl1.tiff,s3://cellpainting-gallery/cpg0037-oasis/axiom/images/prod_25/images/plate_41002697/r09c13f08p01-ch4sk1fk1fl1.tiff,s3://cellpainting-gallery/cpg0037-oasis/axiom/images/prod_25/images/plate_41002697/r09c13f08p01-ch3sk1fk1fl1.tiff,s3://cellpainting-gallery/cpg0037-oasis/axiom/images/prod_25/images/plate_41002697/r09c13f08p01-ch5sk1fk1fl1.tiff
p41002697_I14_s08,plate_41002697,I14,8.0,Ebrotidine,OASIS1376,1.0,0.9760382771492004,-0.02646000310778618,Histamine Receptor,O=S(C1=CC=C(Br)C=C1)(/N=C/NCCSCC2=CSC(NC(N)=N)=N2)=O,s3://cellpainting-gallery/cpg0037-oasis/axiom/images/prod_25/images/plate_41002697/r09c14f08p01-ch6sk1fk1fl1.tiff,s3://cellpainting-gallery/cpg0037-oasis/axiom/images/prod_25/images/plate_41002697/r09c14f08p01-ch1sk1fk1fl1.tiff,s3://cellpainting-gallery/cpg0037-oasis/axiom/images/prod_25/images/plate_41002697/r09c14f08p01-ch2sk1fk1fl1.tiff,s3://cellpainting-gallery/cpg0037-oasis/axiom/images/prod_25/images/plate_41002697/r09c14f08p01-ch4sk1fk1fl1.tiff,s3://cellpainting-gallery/cpg0037-oasis/axiom/images/prod_25/images/plate_41002697/r09c14f08p01-ch3sk1fk1fl1.tiff,s3://cellpainting-gallery/cpg0037-oasis/axiom/images/prod_25/images/plate_41002697/r09c14f08p01-ch5sk1fk1fl1.tiff
p41002697_I22_s08,plate_41002697,I22,8.0,Thio-TEPA,OASIS607,1.0,1.0582431554794312,-0.0292818583548069,Antibiotic; Bacterial; DNA Alkylator/Crosslinker,S=P(N1CC1)(N2CC2)N3CC3,s3://cellpainting-gallery/cpg0037-oasis/axiom/images/prod_25/images/plate_41002697/r09c22f08p01-ch6sk1fk1fl1.tiff,s3://cellpainting-gallery/cpg0037-oasis/axiom/images/prod_25/images/plate_41002697/r09c22f08p01-ch1sk1fk1fl1.tiff,s3://cellpainting-gallery/cpg0037-oasis/axiom/images/prod_25/images/plate_41002697/r09c22f08p01-ch2sk1fk1fl1.tiff,s3://cellpainting-gallery/cpg0037-oasis/axiom/images/prod_25/images/plate_41002697/r09c22f08p01-ch4sk1fk1fl1.tiff,s3://cellpainting-gallery/cpg0037-oasis/axiom/images/prod_25/images/plate_41002697/r09c22f08p01-ch3sk1fk1fl1.tiff,s3://cellpainting-gallery/cpg0037-oasis/axiom/images/prod_25/images/plate_41002697/r09c22f08p01-ch5sk1fk1fl1.tiff
p41002697_I23_s08,plate_41002697,I23,8.0,Compound_06965c8b,,1.0,1.0808205604553223,-0.04339113458991051,,,s3://cellpainting-gallery/cpg0037-oasis/axiom/images/prod_25/images/plate_41002697/r09c23f08p01-ch6sk1fk1fl1.tiff,s3://cellpainting-gallery/cpg0037-oasis/axiom/images/prod_25/images/plate_41002697/r09c23f08p01-ch1sk1fk1fl1.tiff,s3://cellpainting-gallery/cpg0037-oasis/axiom/images/prod_25/images/plate_41002697/r09c23f08p01-ch2sk1fk1fl1.tiff,s3://cellpainting-gallery/cpg0037-oasis/axiom/images/prod_25/images/plate_41002697/r09c23f08p01-ch4sk1fk1fl1.tiff,s3://cellpainting-gallery/cpg0037-oasis/axiom/images/prod_25/images/plate_41002697/r09c23f08p01-ch3sk1fk1fl1.tiff,s3://cellpainting-gallery/cpg0037-oasis/axiom/images/prod_25/images/plate_41002697/r09c23f08p01-ch5sk1fk1fl1.tiff
p41002697_J12_s08,plate_41002697,J12,8.0,DMSO,,0.0,1.002668023109436,-0.03492556884884834,,,s3://cellpainting-gallery/cpg0037-oasis/axiom/images/prod_25/images/plate_41002697/r10c12f08p01-ch6sk1fk1fl1.tiff,s3://cellpainting-gallery/cpg0037-oasis/axiom/images/prod_25/images/plate_41002697/r10c12f08p01-ch1sk1fk1fl1.tiff,s3://cellpainting-gallery/cpg0037-oasis/axiom/images/prod_25/images/plate_41002697/r10c12f08p01-ch2sk1fk1fl1.tiff,s3://cellpainting-gallery/cpg0037-oasis/axiom/images/prod_25/images/plate_41002697/r10c12f08p01-ch4sk1fk1fl1.tiff,s3://cellpainting-gallery/cpg0037-oasis/axiom/images/prod_25/images/plate_41002697/r10c12f08p01-ch3sk1fk1fl1.tiff,s3://cellpainting-gallery/cpg0037-oasis/axiom/images/prod_25/images/plate_41002697/r10c12f08p01-ch5sk1fk1fl1.tiff
p41002697_J16_s08,plate_41002697,J16,8.0,6-Thioguanine,OASIS1225,1.0,0.9331991076469421,-0.08289710432291031,Apoptosis; Autophagy; Deubiquitinase; DNA Methyltransferase; Endogenous Metabolite; SARS-CoV,SC1=NC(N)=NC2=C1N=CN2,s3://cellpainting-gallery/cpg0037-oasis/axiom/images/prod_25/images/plate_41002697/r10c16f08p01-ch6sk1fk1fl1.tiff,s3://cellpainting-gallery/cpg0037-oasis/axiom/images/prod_25/images/plate_41002697/r10c16f08p01-ch1sk1fk1fl1.tiff,s3://cellpainting-gallery/cpg0037-oasis/axiom/images/prod_25/images/plate_41002697/r10c16f08p01-ch2sk1fk1fl1.tiff,s3://cellpainting-gallery/cpg0037-oasis/axiom/images/prod_25/images/plate_41002697/r10c16f08p01-ch4sk1fk1fl1.tiff,s3://cellpainting-gallery/cpg0037-oasis/axiom/images/prod_25/images/plate_41002697/r10c16f08p01-ch3sk1fk1fl1.tiff,s3://cellpainting-gallery/cpg0037-oasis/axiom/images/prod_25/images/plate_41002697/r10c16f08p01-ch5sk1fk1fl1.tiff
p41002697_J17_s08,plate_41002697,J17,8.0,Dantrolene,OASIS069,1.0,0.9077271819114685,-0.0292818583548069,Autophagy; Calcium Channel,O=C1NC(CN1/N=C/C2=CC=C(C3=CC=C([N+]([O-])=O)C=C3)O2)=O,s3://cellpainting-gallery/cpg0037-oasis/axiom/images/prod_25/images/plate_41002697/r10c17f08p01-ch6sk1fk1fl1.tiff,s3://cellpainting-gallery/cpg0037-oasis/axiom/images/prod_25/images/plate_41002697/r10c17f08p01-ch1sk1fk1fl1.tiff,s3://cellpainting-gallery/cpg0037-oasis/axiom/images/prod_25/images/plate_41002697/r10c17f08p01-ch2sk1fk1fl1.tiff,s3://cellpainting-gallery/cpg0037-oasis/axiom/images/prod_25/images/plate_41002697/r10c17f08p01-ch4sk1fk1fl1.tiff,s3://cellpainting-gallery/cpg0037-oasis/axiom/images/prod_25/images/plate_41002697/r10c17f08p01-ch3sk1fk1fl1.tiff,s3://cellpainting-gallery/cpg0037-oasis/axiom/images/prod_25/images/plate_41002697/r10c17f08p01-ch5sk1fk1fl1.tiff
p41002697_K12_s08,plate_41002697,K12,8.0,DMSO,,0.0,0.9002013802528381,-0.05185669660568237,,,s3://cellpainting-gallery/cpg0037-oasis/axiom/images/prod_25/images/plate_41002697/r11c12f08p01-ch6sk1fk1fl1.tiff,s3://cellpainting-gallery/cpg0037-oasis/axiom/images/prod_25/images/plate_41002697/r11c12f08p01-ch1sk1fk1fl1.tiff,s3://cellpainting-gallery/cpg0037-oasis/axiom/images/prod_25/images/plate_41002697/r11c12f08p01-ch2sk1fk1fl1.tiff,s3://cellpainting-gallery/cpg0037-oasis/axiom/images/prod_25/images/plate_41002697/r11c12f08p01-ch4sk1fk1fl1.tiff,s3://cellpainting-gallery/cpg0037-oasis/axiom/images/prod_25/images/plate_41002697/r11c12f08p01-ch3sk1fk1fl1.tiff,s3://cellpainting-gallery/cpg0037-oasis/axiom/images/prod_25/images/plate_41002697/r11c12f08p01-ch5sk1fk1fl1.tiff
p41002697_K24_s08,plate_41002697,K24,8.0,Tasimelteon,OASIS1885,1.0,1.2261263132095337,0.13438573479652405,Melatonin Receptor,[H][C@]1(C2=C3C(OCC3)=CC=C2)[C@@](CNC(CC)=O)([H])C1,s3://cellpainting-gallery/cpg0037-oasis/axiom/images/prod_25/images/plate_41002697/r11c24f08p01-ch6sk1fk1fl1.tiff,s3://cellpainting-gallery/cpg0037-oasis/axiom/images/prod_25/images/plate_41002697/r11c24f08p01-ch1sk1fk1fl1.tiff,s3://cellpainting-gallery/cpg0037-oasis/axiom/images/prod_25/images/plate_41002697/r11c24f08p01-ch2sk1fk1fl1.tiff,s3://cellpainting-gallery/cpg0037-oasis/axiom/images/prod_25/images/plate_41002697/r11c24f08p01-ch4sk1fk1fl1.tiff,s3://cellpainting-gallery/cpg0037-oasis/axiom/images/prod_25/images/plate_41002697/r11c24f08p01-ch3sk1fk1fl1.tiff,s3://cellpainting-gallery/cpg0037-oasis/axiom/images/prod_25/images/plate_41002697/r11c24f08p01-ch5sk1fk1fl1.tiff
p41002697_L12_s08,plate_41002697,L12,8.0,DMSO,,0.0,0.970828115940094,-0.057500407099723816,,,s3://cellpainting-gallery/cpg0037-oasis/axiom/images/prod_25/images/plate_41002697/r12c12f08p01-ch6sk1fk1fl1.tiff,s3://cellpainting-gallery/cpg0037-oasis/axiom/images/prod_25/images/plate_41002697/r12c12f08p01-ch1sk1fk1fl1.tiff,s3://cellpainting-gallery/cpg0037-oasis/axiom/images/prod_25/images/plate_41002697/r12c12f08p01-ch2sk1fk1fl1.tiff,s3://cellpainting-gallery/cpg0037-oasis/axiom/images/prod_25/images/plate_41002697/r12c12f08p01-ch4sk1fk1fl1.tiff,s3://cellpainting-gallery/cpg0037-oasis/axiom/images/prod_25/images/plate_41002697/r12c12f08p01-ch3sk1fk1fl1.tiff,s3://cellpainting-gallery/cpg0037-oasis/axiom/images/prod_25/images/plate_41002697/r12c12f08p01-ch5sk1fk1fl1.tiff
p41002697_L21_s08,plate_41002697,L21,8.0,Mefenamic acid,OASIS057,1.0,1.0038257837295532,-0.054678551852703094,COX,O=C(O)C1=CC=CC=C1NC2=CC=CC(C)=C2C,s3://cellpainting-gallery/cpg0037-oasis/axiom/images/prod_25/images/plate_41002697/r12c21f08p01-ch6sk1fk1fl1.tiff,s3://cellpainting-gallery/cpg0037-oasis/axiom/images/prod_25/images/plate_41002697/r12c21f08p01-ch1sk1fk1fl1.tiff,s3://cellpainting-gallery/cpg0037-oasis/axiom/images/prod_25/images/plate_41002697/r12c21f08p01-ch2sk1fk1fl1.tiff,s3://cellpainting-gallery/cpg0037-oasis/axiom/images/prod_25/images/plate_41002697/r12c21f08p01-ch4sk1fk1fl1.tiff,s3://cellpainting-gallery/cpg0037-oasis/axiom/images/prod_25/images/plate_41002697/r12c21f08p01-ch3sk1fk1fl1.tiff,s3://cellpainting-gallery/cpg0037-oasis/axiom/images/prod_25/images/plate_41002697/r12c21f08p01-ch5sk1fk1fl1.tiff
p41002697_L22_s08,plate_41002697,L22,8.0,Ozagrel,OASIS1264,1.0,1.0640321969985962,-0.03492556884884834,Prostaglandin Receptor,O=C(O)/C=C/C1=CC=C(CN2C=CN=C2)C=C1,s3://cellpainting-gallery/cpg0037-oasis/axiom/images/prod_25/images/plate_41002697/r12c22f08p01-ch6sk1fk1fl1.tiff,s3://cellpainting-gallery/cpg0037-oasis/axiom/images/prod_25/images/plate_41002697/r12c22f08p01-ch1sk1fk1fl1.tiff,s3://cellpainting-gallery/cpg0037-oasis/axiom/images/prod_25/images/plate_41002697/r12c22f08p01-ch2sk1fk1fl1.tiff,s3://cellpainting-gallery/cpg0037-oasis/axiom/images/prod_25/images/plate_41002697/r12c22f08p01-ch4sk1fk1fl1.tiff,s3://cellpainting-gallery/cpg0037-oasis/axiom/images/prod_25/images/plate_41002697/r12c22f08p01-ch3sk1fk1fl1.tiff,s3://cellpainting-gallery/cpg0037-oasis/axiom/images/prod_25/images/plate_41002697/r12c22f08p01-ch5sk1fk1fl1.tiff
p41002697_M10_s08,plate_41002697,M10,8.0,Troglitazone,OASIS1444,1.0,0.9957211017608643,-0.09700638055801392,Apoptosis; Autophagy; Ferroptosis; PPAR,O=C(SC1CC(C=C2)=CC=C2OCC3(C)OC(C(CC3)=C4C)=C(C)C(C)=C4O)NC1=O,s3://cellpainting-gallery/cpg0037-oasis/axiom/images/prod_25/images/plate_41002697/r13c10f08p01-ch6sk1fk1fl1.tiff,s3://cellpainting-gallery/cpg0037-oasis/axiom/images/prod_25/images/plate_41002697/r13c10f08p01-ch1sk1fk1fl1.tiff,s3://cellpainting-gallery/cpg0037-oasis/axiom/images/prod_25/images/plate_41002697/r13c10f08p01-ch2sk1fk1fl1.tiff,s3://cellpainting-gallery/cpg0037-oasis/axiom/images/prod_25/images/plate_41002697/r13c10f08p01-ch4sk1fk1fl1.tiff,s3://cellpainting-gallery/cpg0037-oasis/axiom/images/prod_25/images/plate_41002697/r13c10f08p01-ch3sk1fk1fl1.tiff,s3://cellpainting-gallery/cpg0037-oasis/axiom/images/prod_25/images/plate_41002697/r13c10f08p01-ch5sk1fk1fl1.tiff
p41002697_N18_s08,plate_41002697,N18,8.0,Siponimod,OASIS1805,1.0,1.0582431554794312,-0.03210371360182762,LPL Receptor,O=C(C1CN(CC2=CC=C(/C(C)=N/OCC3=CC=C(C4CCCCC4)C(C(F)(F)F)=C3)C=C2CC)C1)O,s3://cellpainting-gallery/cpg0037-oasis/axiom/images/prod_25/images/plate_41002697/r14c18f08p01-ch6sk1fk1fl1.tiff,s3://cellpainting-gallery/cpg0037-oasis/axiom/images/prod_25/images/plate_41002697/r14c18f08p01-ch1sk1fk1fl1.tiff,s3://cellpainting-gallery/cpg0037-oasis/axiom/images/prod_25/images/plate_41002697/r14c18f08p01-ch2sk1fk1fl1.tiff,s3://cellpainting-gallery/cpg0037-oasis/axiom/images/prod_25/images/plate_41002697/r14c18f08p01-ch4sk1fk1fl1.tiff,s3://cellpainting-gallery/cpg0037-oasis/axiom/images/prod_25/images/plate_41002697/r14c18f08p01-ch3sk1fk1fl1.tiff,s3://cellpainting-gallery/cpg0037-oasis/axiom/images/prod_25/images/plate_41002697/r14c18f08p01-ch5sk1fk1fl1.tiff
p41002697_N19_s08,plate_41002697,N19,8.0,Dirithromycin,OASIS1367,1.0,1.0420336723327637,-0.03492556884884834,Antibiotic; Bacterial,CC1[C@@]([C@](O)([C@H](OC([C@@H]2C)=O)CC)C)([H])O[C@H](COCCOC)N[C@@]1([H])[C@](C[C@@](O)([C@@H]([C@@H](C)[C@]2([H])O[C@@](O[C@@H](C)[C@@H]3O)([H])C[C@@]3(C)OC)O[C@@](O[C@H](C)C[C@@H]4N(C)C)([H])[C@@H]4O)C)([H])C,s3://cellpainting-gallery/cpg0037-oasis/axiom/images/prod_25/images/plate_41002697/r14c19f08p01-ch6sk1fk1fl1.tiff,s3://cellpainting-gallery/cpg0037-oasis/axiom/images/prod_25/images/plate_41002697/r14c19f08p01-ch1sk1fk1fl1.tiff,s3://cellpainting-gallery/cpg0037-oasis/axiom/images/prod_25/images/plate_41002697/r14c19f08p01-ch2sk1fk1fl1.tiff,s3://cellpainting-gallery/cpg0037-oasis/axiom/images/prod_25/images/plate_41002697/r14c19f08p01-ch4sk1fk1fl1.tiff,s3://cellpainting-gallery/cpg0037-oasis/axiom/images/prod_25/images/plate_41002697/r14c19f08p01-ch3sk1fk1fl1.tiff,s3://cellpainting-gallery/cpg0037-oasis/axiom/images/prod_25/images/plate_41002697/r14c19f08p01-ch5sk1fk1fl1.tiff
p41002698_D11_s01,plate_41002698,D11,1.0,Deoxycholic acid,OASIS1721,0.1369294673204422,0.9478892683982849,0.005658918060362339,Endogenous Metabolite; G protein-coupled Bile Acid Receptor 1,C[C@@]1([C@@]2([H])[C@H](C)CCC(O)=O)[C@](CC2)([H])[C@@](CC[C@@]3([H])[C@@]4(CC[C@@H](O)C3)C)([H])[C@]4([H])C[C@@H]1O,s3://cellpainting-gallery/cpg0037-oasis/axiom/images/prod_25/images/plate_41002698/r04c11f01p01-ch6sk1fk1fl1.tiff,s3://cellpainting-gallery/cpg0037-oasis/axiom/images/prod_25/images/plate_41002698/r04c11f01p01-ch1sk1fk1fl1.tiff,s3://cellpainting-gallery/cpg0037-oasis/axiom/images/prod_25/images/plate_41002698/r04c11f01p01-ch2sk1fk1fl1.tiff,s3://cellpainting-gallery/cpg0037-oasis/axiom/images/prod_25/images/plate_41002698/r04c11f01p01-ch4sk1fk1fl1.tiff,s3://cellpainting-gallery/cpg0037-oasis/axiom/images/prod_25/images/plate_41002698/r04c11f01p01-ch3sk1fk1fl1.tiff,s3://cellpainting-gallery/cpg0037-oasis/axiom/images/prod_25/images/plate_41002698/r04c11f01p01-ch5sk1fk1fl1.tiff
p41002698_D17_s01,plate_41002698,D17,1.0,Compound_88f6068e,,0.1369294673204422,1.0387176275253296,0.05903187766671181,,,s3://cellpainting-gallery/cpg0037-oasis/axiom/images/prod_25/images/plate_41002698/r04c17f01p01-ch6sk1fk1fl1.tiff,s3://cellpainting-gallery/cpg0037-oasis/axiom/images/prod_25/images/plate_41002698/r04c17f01p01-ch1sk1fk1fl1.tiff,s3://cellpainting-gallery/cpg0037-oasis/axiom/images/prod_25/images/plate_41002698/r04c17f01p01-ch2sk1fk1fl1.tiff,s3://cellpainting-gallery/cpg0037-oasis/axiom/images/prod_25/images/plate_41002698/r04c17f01p01-ch4sk1fk1fl1.tiff,s3://cellpainting-gallery/cpg0037-oasis/axiom/images/prod_25/images/plate_41002698/r04c17f01p01-ch3sk1fk1fl1.tiff,s3://cellpainting-gallery/cpg0037-oasis/axiom/images/prod_25/images/plate_41002698/r04c17f01p01-ch5sk1fk1fl1.tiff
p41002698_E11_s01,plate_41002698,E11,1.0,Raltegravir,OASIS869,0.1369294673204422,0.8776556849479675,-0.09265968948602676,HIV; HIV Integrase,O=C(C(O)=C(C(NCC1=CC=C(C=C1)F)=O)N=C2C(C)(C)NC(C3=NN=C(C)O3)=O)N2C,s3://cellpainting-gallery/cpg0037-oasis/axiom/images/prod_25/images/plate_41002698/r05c11f01p01-ch6sk1fk1fl1.tiff,s3://cellpainting-gallery/cpg0037-oasis/axiom/images/prod_25/images/plate_41002698/r05c11f01p01-ch1sk1fk1fl1.tiff,s3://cellpainting-gallery/cpg0037-oasis/axiom/images/prod_25/images/plate_41002698/r05c11f01p01-ch2sk1fk1fl1.tiff,s3://cellpainting-gallery/cpg0037-oasis/axiom/images/prod_25/images/plate_41002698/r05c11f01p01-ch4sk1fk1fl1.tiff,s3://cellpainting-gallery/cpg0037-oasis/axiom/images/prod_25/images/plate_41002698/r05c11f01p01-ch3sk1fk1fl1.tiff,s3://cellpainting-gallery/cpg0037-oasis/axiom/images/prod_25/images/plate_41002698/r05c11f01p01-ch5sk1fk1fl1.tiff
p41002698_E13_s01,plate_41002698,E13,1.0,Sulfasalazine,OASIS018,0.1369294673204422,0.9209575653076172,0.022513536736369133,Antibiotic; Apoptosis; Autophagy; Bacterial; Ferroptosis; NF-κB,OC(C1=C(O)C=CC(/N=N/C2=CC=C(S(=O)(NC3=NC=CC=C3)=O)C=C2)=C1)=O,s3://cellpainting-gallery/cpg0037-oasis/axiom/images/prod_25/images/plate_41002698/r05c13f01p01-ch6sk1fk1fl1.tiff,s3://cellpainting-gallery/cpg0037-oasis/axiom/images/prod_25/images/plate_41002698/r05c13f01p01-ch1sk1fk1fl1.tiff,s3://cellpainting-gallery/cpg0037-oasis/axiom/images/prod_25/images/plate_41002698/r05c13f01p01-ch2sk1fk1fl1.tiff,s3://cellpainting-gallery/cpg0037-oasis/axiom/images/prod_25/images/plate_41002698/r05c13f01p01-ch4sk1fk1fl1.tiff,s3://cellpainting-gallery/cpg0037-oasis/axiom/images/prod_25/images/plate_41002698/r05c13f01p01-ch3sk1fk1fl1.tiff,s3://cellpainting-gallery/cpg0037-oasis/axiom/images/prod_25/images/plate_41002698/r05c13f01p01-ch5sk1fk1fl1.tiff
p41002698_E13_s01,plate_41002698,E13,1.0,Sulfasalazine,OASIS018,0.1369294673204422,0.9209575653076172,0.022513536736369133,Antibiotic; Apoptosis; Autophagy; Bacterial; Ferroptosis; NF-κB,OC(C1=C(O)C=CC(/N=N/C2=CC=C(S(=O)(NC3=NC=CC=C3)=O)C=C2)=C1)=O,s3://cellpainting-gallery/cpg0037-oasis/axiom/images/prod_25/images/plate_41002698/r05c13f01p01-ch6sk1fk1fl1.tiff,s3://cellpainting-gallery/cpg0037-oasis/axiom/images/prod_25/images/plate_41002698/r05c13f01p01-ch1sk1fk1fl1.tiff,s3://cellpainting-gallery/cpg0037-oasis/axiom/images/prod_25/images/plate_41002698/r05c13f01p01-ch2sk1fk1fl1.tiff,s3://cellpainting-gallery/cpg0037-oasis/axiom/images/prod_25/images/plate_41002698/r05c13f01p01-ch4sk1fk1fl1.tiff,s3://cellpainting-gallery/cpg0037-oasis/axiom/images/prod_25/images/plate_41002698/r05c13f01p01-ch3sk1fk1fl1.tiff,s3://cellpainting-gallery/cpg0037-oasis/axiom/images/prod_25/images/plate_41002698/r05c13f01p01-ch5sk1fk1fl1.tiff
p41002698_E19_s01,plate_41002698,E19,1.0,Benzonatate,OASIS1521,0.1369294673204422,0.9547541737556458,0.011277124285697937,Sodium Channel,O=C(OCCOCCOCCOCCOCCOCCOCCOCCOCCOC)C1=CC=C(NCCCC)C=C1,s3://cellpainting-gallery/cpg0037-oasis/axiom/images/prod_25/images/plate_41002698/r05c19f01p01-ch6sk1fk1fl1.tiff,s3://cellpainting-gallery/cpg0037-oasis/axiom/images/prod_25/images/plate_41002698/r05c19f01p01-ch1sk1fk1fl1.tiff,s3://cellpainting-gallery/cpg0037-oasis/axiom/images/prod_25/images/plate_41002698/r05c19f01p01-ch2sk1fk1fl1.tiff,s3://cellpainting-gallery/cpg0037-oasis/axiom/images/prod_25/images/plate_41002698/r05c19f01p01-ch4sk1fk1fl1.tiff,s3://cellpainting-gallery/cpg0037-oasis/axiom/images/prod_25/images/plate_41002698/r05c19f01p01-ch3sk1fk1fl1.tiff,s3://cellpainting-gallery/cpg0037-oasis/axiom/images/prod_25/images/plate_41002698/r05c19f01p01-ch5sk1fk1fl1.tiff
p41002698_E22_s01,plate_41002698,E22,1.0,Ivermectin,OASIS1337,0.1369294673204422,1.1274337768554688,0.01689533144235611,Antibiotic; Autophagy; Bacterial; Dengue virus; Flavivirus; HIV; HSV; Mitophagy; Parasite; SARS-CoV,CO[C@H]1C[C@H](O[C@H]2[C@H](C)O[C@@H](O[C@H](/C(C)=C/C[C@@H]3C[C@H]4C[C@@]5(O[C@]([H])(C(C)C)[C@@H](C)CC5)O3)[C@@H](C)/C=C/C=C6CO[C@@]7([H])[C@]\6(O)[C@H](C(O4)=O)C=C(C)[C@H]7O)C[C@@H]2OC)O[C@@H](C)[C@@H]1O.CO[C@H]8C[C@H](O[C@H]9[C@H](C)O[C@@H](O[C@H](/C(C)=C/C[C@@H]%10C[C@H]%11C[C@@]%12(O[C@]([H])([C@@H](C)CC)[C@@H](C)CC%12)O%10)[C@@H](C)/C=C/C=C%13CO[C@@]%14([H])[C@]\%13(O)[C@H](C(O%11)=O)C=C(C)[C@H]%14O)C[C@@H]9OC)O[C@@H](C)[C@@H]8O,s3://cellpainting-gallery/cpg0037-oasis/axiom/images/prod_25/images/plate_41002698/r05c22f01p01-ch6sk1fk1fl1.tiff,s3://cellpainting-gallery/cpg0037-oasis/axiom/images/prod_25/images/plate_41002698/r05c22f01p01-ch1sk1fk1fl1.tiff,s3://cellpainting-gallery/cpg0037-oasis/axiom/images/prod_25/images/plate_41002698/r05c22f01p01-ch2sk1fk1fl1.tiff,s3://cellpainting-gallery/cpg0037-oasis/axiom/images/prod_25/images/plate_41002698/r05c22f01p01-ch4sk1fk1fl1.tiff,s3://cellpainting-gallery/cpg0037-oasis/axiom/images/prod_25/images/plate_41002698/r05c22f01p01-ch3sk1fk1fl1.tiff,s3://cellpainting-gallery/cpg0037-oasis/axiom/images/prod_25/images/plate_41002698/r05c22f01p01-ch5sk1fk1fl1.tiff
p41002698_E24_s01,plate_41002698,E24,1.0,Retinoic acid,OASIS140,0.1369294673204422,1.202947974205017,0.10959573090076447,Autophagy; Endogenous Metabolite; Organoid; PPAR; RAR/RXR,CC1(C)C(/C=C/C(C)=C/C=C/C(C)=C/C(O)=O)=C(C)CCC1,s3://cellpainting-gallery/cpg0037-oasis/axiom/images/prod_25/images/plate_41002698/r05c24f01p01-ch6sk1fk1fl1.tiff,s3://cellpainting-gallery/cpg0037-oasis/axiom/images/prod_25/images/plate_41002698/r05c24f01p01-ch1sk1fk1fl1.tiff,s3://cellpainting-gallery/cpg0037-oasis/axiom/images/prod_25/images/plate_41002698/r05c24f01p01-ch2sk1fk1fl1.tiff,s3://cellpainting-gallery/cpg0037-oasis/axiom/images/prod_25/images/plate_41002698/r05c24f01p01-ch4sk1fk1fl1.tiff,s3://cellpainting-gallery/cpg0037-oasis/axiom/images/prod_25/images/plate_41002698/r05c24f01p01-ch3sk1fk1fl1.tiff,s3://cellpainting-gallery/cpg0037-oasis/axiom/images/prod_25/images/plate_41002698/r05c24f01p01-ch5sk1fk1fl1.tiff
p41002698_F13_s01,plate_41002698,F13,1.0,Ifosfamide,OASIS1281,0.1369294673204422,0.946833074092865,-0.025241216644644737,DNA Alkylator/Crosslinker,ClCCN1P(OCCC1)(NCCCl)=O,s3://cellpainting-gallery/cpg0037-oasis/axiom/images/prod_25/images/plate_41002698/r06c13f01p01-ch6sk1fk1fl1.tiff,s3://cellpainting-gallery/cpg0037-oasis/axiom/images/prod_25/images/plate_41002698/r06c13f01p01-ch1sk1fk1fl1.tiff,s3://cellpainting-gallery/cpg0037-oasis/axiom/images/prod_25/images/plate_41002698/r06c13f01p01-ch2sk1fk1fl1.tiff,s3://cellpainting-gallery/cpg0037-oasis/axiom/images/prod_25/images/plate_41002698/r06c13f01p01-ch4sk1fk1fl1.tiff,s3://cellpainting-gallery/cpg0037-oasis/axiom/images/prod_25/images/plate_41002698/r06c13f01p01-ch3sk1fk1fl1.tiff,s3://cellpainting-gallery/cpg0037-oasis/axiom/images/prod_25/images/plate_41002698/r06c13f01p01-ch5sk1fk1fl1.tiff
p41002698_F15_s01,plate_41002698,F15,1.0,Darifenacin,OASIS859,0.1369294673204422,0.976405143737793,0.014086227864027023,mAChR,O=C(N)C(C1=CC=CC=C1)([C@H]2CN(CCC3=CC=C(OCC4)C4=C3)CC2)C5=CC=CC=C5,s3://cellpainting-gallery/cpg0037-oasis/axiom/images/prod_25/images/plate_41002698/r06c15f01p01-ch6sk1fk1fl1.tiff,s3://cellpainting-gallery/cpg0037-oasis/axiom/images/prod_25/images/plate_41002698/r06c15f01p01-ch1sk1fk1fl1.tiff,s3://cellpainting-gallery/cpg0037-oasis/axiom/images/prod_25/images/plate_41002698/r06c15f01p01-ch2sk1fk1fl1.tiff,s3://cellpainting-gallery/cpg0037-oasis/axiom/images/prod_25/images/plate_41002698/r06c15f01p01-ch4sk1fk1fl1.tiff,s3://cellpainting-gallery/cpg0037-oasis/axiom/images/prod_25/images/plate_41002698/r06c15f01p01-ch3sk1fk1fl1.tiff,s3://cellpainting-gallery/cpg0037-oasis/axiom/images/prod_25/images/plate_41002698/r06c15f01p01-ch5sk1fk1fl1.tiff
p41002698_F17_s01,plate_41002698,F17,1.0,Chlormezanone,OASIS040,0.1369294673204422,1.022875428199768,0.008468021638691425,GABA Receptor,O=C(CC1)N(C)C(C2=CC=C(Cl)C=C2)S1(=O)=O,s3://cellpainting-gallery/cpg0037-oasis/axiom/images/prod_25/images/plate_41002698/r06c17f01p01-ch6sk1fk1fl1.tiff,s3://cellpainting-gallery/cpg0037-oasis/axiom/images/prod_25/images/plate_41002698/r06c17f01p01-ch1sk1fk1fl1.tiff,s3://cellpainting-gallery/cpg0037-oasis/axiom/images/prod_25/images/plate_41002698/r06c17f01p01-ch2sk1fk1fl1.tiff,s3://cellpainting-gallery/cpg0037-oasis/axiom/images/prod_25/images/plate_41002698/r06c17f01p01-ch4sk1fk1fl1.tiff,s3://cellpainting-gallery/cpg0037-oasis/axiom/images/prod_25/images/plate_41002698/r06c17f01p01-ch3sk1fk1fl1.tiff,s3://cellpainting-gallery/cpg0037-oasis/axiom/images/prod_25/images/plate_41002698/r06c17f01p01-ch5sk1fk1fl1.tiff
p41002698_F20_s01,plate_41002698,F20,1.0,DMSO,,0.0,0.9632033109664917,-0.019623009487986565,,,s3://cellpainting-gallery/cpg0037-oasis/axiom/images/prod_25/images/plate_41002698/r06c20f01p01-ch6sk1fk1fl1.tiff,s3://cellpainting-gallery/cpg0037-oasis/axiom/images/prod_25/images/plate_41002698/r06c20f01p01-ch1sk1fk1fl1.tiff,s3://cellpainting-gallery/cpg0037-oasis/axiom/images/prod_25/images/plate_41002698/r06c20f01p01-ch2sk1fk1fl1.tiff,s3://cellpainting-gallery/cpg0037-oasis/axiom/images/prod_25/images/plate_41002698/r06c20f01p01-ch4sk1fk1fl1.tiff,s3://cellpainting-gallery/cpg0037-oasis/axiom/images/prod_25/images/plate_41002698/r06c20f01p01-ch3sk1fk1fl1.tiff,s3://cellpainting-gallery/cpg0037-oasis/axiom/images/prod_25/images/plate_41002698/r06c20f01p01-ch5sk1fk1fl1.tiff
p41002698_F23_s01,plate_41002698,F23,1.0,Alpelisib,OASIS1957,0.1369294673204422,1.0968055725097656,4.0711951442062855e-05,PI3K,CC(N=C(S1)NC(N2CCC[C@H]2C(N)=O)=O)=C1C3=CC(C(C)(C(F)(F)F)C)=NC=C3,s3://cellpainting-gallery/cpg0037-oasis/axiom/images/prod_25/images/plate_41002698/r06c23f01p01-ch6sk1fk1fl1.tiff,s3://cellpainting-gallery/cpg0037-oasis/axiom/images/prod_25/images/plate_41002698/r06c23f01p01-ch1sk1fk1fl1.tiff,s3://cellpainting-gallery/cpg0037-oasis/axiom/images/prod_25/images/plate_41002698/r06c23f01p01-ch2sk1fk1fl1.tiff,s3://cellpainting-gallery/cpg0037-oasis/axiom/images/prod_25/images/plate_41002698/r06c23f01p01-ch4sk1fk1fl1.tiff,s3://cellpainting-gallery/cpg0037-oasis/axiom/images/prod_25/images/plate_41002698/r06c23f01p01-ch3sk1fk1fl1.tiff,s3://cellpainting-gallery/cpg0037-oasis/axiom/images/prod_25/images/plate_41002698/r06c23f01p01-ch5sk1fk1fl1.tiff
p41002698_G16_s01,plate_41002698,G16,1.0,Compound_59cfb866,,0.1369294673204422,0.9700682759284973,0.005658918060362339,,,s3://cellpainting-gallery/cpg0037-oasis/axiom/images/prod_25/images/plate_41002698/r07c16f01p01-ch6sk1fk1fl1.tiff,s3://cellpainting-gallery/cpg0037-oasis/axiom/images/prod_25/images/plate_41002698/r07c16f01p01-ch1sk1fk1fl1.tiff,s3://cellpainting-gallery/cpg0037-oasis/axiom/images/prod_25/images/plate_41002698/r07c16f01p01-ch2sk1fk1fl1.tiff,s3://cellpainting-gallery/cpg0037-oasis/axiom/images/prod_25/images/plate_41002698/r07c16f01p01-ch4sk1fk1fl1.tiff,s3://cellpainting-gallery/cpg0037-oasis/axiom/images/prod_25/images/plate_41002698/r07c16f01p01-ch3sk1fk1fl1.tiff,s3://cellpainting-gallery/cpg0037-oasis/axiom/images/prod_25/images/plate_41002698/r07c16f01p01-ch5sk1fk1fl1.tiff
p41002698_H12_s01,plate_41002698,H12,1.0,DMSO,,0.0,0.9436646699905396,-0.014004803262650967,,,s3://cellpainting-gallery/cpg0037-oasis/axiom/images/prod_25/images/plate_41002698/r08c12f01p01-ch6sk1fk1fl1.tiff,s3://cellpainting-gallery/cpg0037-oasis/axiom/images/prod_25/images/plate_41002698/r08c12f01p01-ch1sk1fk1fl1.tiff,s3://cellpainting-gallery/cpg0037-oasis/axiom/images/prod_25/images/plate_41002698/r08c12f01p01-ch2sk1fk1fl1.tiff,s3://cellpainting-gallery/cpg0037-oasis/axiom/images/prod_25/images/plate_41002698/r08c12f01p01-ch4sk1fk1fl1.tiff,s3://cellpainting-gallery/cpg0037-oasis/axiom/images/prod_25/images/plate_41002698/r08c12f01p01-ch3sk1fk1fl1.tiff,s3://cellpainting-gallery/cpg0037-oasis/axiom/images/prod_25/images/plate_41002698/r08c12f01p01-ch5sk1fk1fl1.tiff
p41002698_H15_s01,plate_41002698,H15,1.0,DMSO,,0.0,0.9748209118843079,-0.01681390590965748,,,s3://cellpainting-gallery/cpg0037-oasis/axiom/images/prod_25/images/plate_41002698/r08c15f01p01-ch6sk1fk1fl1.tiff,s3://cellpainting-gallery/cpg0037-oasis/axiom/images/prod_25/images/plate_41002698/r08c15f01p01-ch1sk1fk1fl1.tiff,s3://cellpainting-gallery/cpg0037-oasis/axiom/images/prod_25/images/plate_41002698/r08c15f01p01-ch2sk1fk1fl1.tiff,s3://cellpainting-gallery/cpg0037-oasis/axiom/images/prod_25/images/plate_41002698/r08c15f01p01-ch4sk1fk1fl1.tiff,s3://cellpainting-gallery/cpg0037-oasis/axiom/images/prod_25/images/plate_41002698/r08c15f01p01-ch3sk1fk1fl1.tiff,s3://cellpainting-gallery/cpg0037-oasis/axiom/images/prod_25/images/plate_41002698/r08c15f01p01-ch5sk1fk1fl1.tiff
p41002698_I10_s01,plate_41002698,I10,1.0,Famotidine,OASIS1103,0.1369294673204422,0.9605629444122314,-0.08985058963298798,Histamine Receptor,N=C(NS(=O)(N)=O)CCSCC1=CSC(NC(N)=N)=N1,s3://cellpainting-gallery/cpg0037-oasis/axiom/images/prod_25/images/plate_41002698/r09c10f01p01-ch6sk1fk1fl1.tiff,s3://cellpainting-gallery/cpg0037-oasis/axiom/images/prod_25/images/plate_41002698/r09c10f01p01-ch1sk1fk1fl1.tiff,s3://cellpainting-gallery/cpg0037-oasis/axiom/images/prod_25/images/plate_41002698/r09c10f01p01-ch2sk1fk1fl1.tiff,s3://cellpainting-gallery/cpg0037-oasis/axiom/images/prod_25/images/plate_41002698/r09c10f01p01-ch4sk1fk1fl1.tiff,s3://cellpainting-gallery/cpg0037-oasis/axiom/images/prod_25/images/plate_41002698/r09c10f01p01-ch3sk1fk1fl1.tiff,s3://cellpainting-gallery/cpg0037-oasis/axiom/images/prod_25/images/plate_41002698/r09c10f01p01-ch5sk1fk1fl1.tiff
p41002698_I18_s01,plate_41002698,I18,1.0,Cephalothin,OASIS1000,0.1369294673204422,0.9996402859687805,-0.03366852551698685,Antibiotic; Bacterial; Beta-lactamase,O=C(C(N12)=C(COC(C)=O)CS[C@]2([H])[C@H](NC(CC3=CC=CS3)=O)C1=O)O,s3://cellpainting-gallery/cpg0037-oasis/axiom/images/prod_25/images/plate_41002698/r09c18f01p01-ch6sk1fk1fl1.tiff,s3://cellpainting-gallery/cpg0037-oasis/axiom/images/prod_25/images/plate_41002698/r09c18f01p01-ch1sk1fk1fl1.tiff,s3://cellpainting-gallery/cpg0037-oasis/axiom/images/prod_25/images/plate_41002698/r09c18f01p01-ch2sk1fk1fl1.tiff,s3://cellpainting-gallery/cpg0037-oasis/axiom/images/prod_25/images/plate_41002698/r09c18f01p01-ch4sk1fk1fl1.tiff,s3://cellpainting-gallery/cpg0037-oasis/axiom/images/prod_25/images/plate_41002698/r09c18f01p01-ch3sk1fk1fl1.tiff,s3://cellpainting-gallery/cpg0037-oasis/axiom/images/prod_25/images/plate_41002698/r09c18f01p01-ch5sk1fk1fl1.tiff
p41002698_I23_s01,plate_41002698,I23,1.0,Lercanidipine,OASIS861,0.1369294673204422,1.1142319440841675,-0.06175955757498741,Apoptosis; Calcium Channel; NF-κB; p38 MAPK; Reactive Oxygen Species,O=C(C1=C(C)NC(C)=C(C(OC)=O)C1C2=CC=CC([N+]([O-])=O)=C2)OC(C)(C)CN(CCC(C3=CC=CC=C3)C4=CC=CC=C4)C,s3://cellpainting-gallery/cpg0037-oasis/axiom/images/prod_25/images/plate_41002698/r09c23f01p01-ch6sk1fk1fl1.tiff,s3://cellpainting-gallery/cpg0037-oasis/axiom/images/prod_25/images/plate_41002698/r09c23f01p01-ch1sk1fk1fl1.tiff,s3://cellpainting-gallery/cpg0037-oasis/axiom/images/prod_25/images/plate_41002698/r09c23f01p01-ch2sk1fk1fl1.tiff,s3://cellpainting-gallery/cpg0037-oasis/axiom/images/prod_25/images/plate_41002698/r09c23f01p01-ch4sk1fk1fl1.tiff,s3://cellpainting-gallery/cpg0037-oasis/axiom/images/prod_25/images/plate_41002698/r09c23f01p01-ch3sk1fk1fl1.tiff,s3://cellpainting-gallery/cpg0037-oasis/axiom/images/prod_25/images/plate_41002698/r09c23f01p01-ch5sk1fk1fl1.tiff
p41002698_J11_s01,plate_41002698,J11,1.0,Triheptanoin,OASIS1819,0.1369294673204422,1.0175946950912476,-0.05614135041832924,Others,CCCCCCC(OCC(OC(CCCCCC)=O)COC(CCCCCC)=O)=O,s3://cellpainting-gallery/cpg0037-oasis/axiom/images/prod_25/images/plate_41002698/r10c11f01p01-ch6sk1fk1fl1.tiff,s3://cellpainting-gallery/cpg0037-oasis/axiom/images/prod_25/images/plate_41002698/r10c11f01p01-ch1sk1fk1fl1.tiff,s3://cellpainting-gallery/cpg0037-oasis/axiom/images/prod_25/images/plate_41002698/r10c11f01p01-ch2sk1fk1fl1.tiff,s3://cellpainting-gallery/cpg0037-oasis/axiom/images/prod_25/images/plate_41002698/r10c11f01p01-ch4sk1fk1fl1.tiff,s3://cellpainting-gallery/cpg0037-oasis/axiom/images/prod_25/images/plate_41002698/r10c11f01p01-ch3sk1fk1fl1.tiff,s3://cellpainting-gallery/cpg0037-oasis/axiom/images/prod_25/images/plate_41002698/r10c11f01p01-ch5sk1fk1fl1.tiff
p41002698_J13_s01,plate_41002698,J13,1.0,Compound_567dbb1e,,0.1369294673204422,0.9558103084564209,-0.07299596816301346,,,s3://cellpainting-gallery/cpg0037-oasis/axiom/images/prod_25/images/plate_41002698/r10c13f01p01-ch6sk1fk1fl1.tiff,s3://cellpainting-gallery/cpg0037-oasis/axiom/images/prod_25/images/plate_41002698/r10c13f01p01-ch1sk1fk1fl1.tiff,s3://cellpainting-gallery/cpg0037-oasis/axiom/images/prod_25/images/plate_41002698/r10c13f01p01-ch2sk1fk1fl1.tiff,s3://cellpainting-gallery/cpg0037-oasis/axiom/images/prod_25/images/plate_41002698/r10c13f01p01-ch4sk1fk1fl1.tiff,s3://cellpainting-gallery/cpg0037-oasis/axiom/images/prod_25/images/plate_41002698/r10c13f01p01-ch3sk1fk1fl1.tiff,s3://cellpainting-gallery/cpg0037-oasis/axiom/images/prod_25/images/plate_41002698/r10c13f01p01-ch5sk1fk1fl1.tiff
p41002698_J16_s01,plate_41002698,J16,1.0,Lapatinib,OASIS1355,0.1369294673204422,0.9119803309440613,-0.050523143261671066,Autophagy; EGFR; Ferroptosis,O=S(CCNCC1=CC=C(C2=CC=C3C(C(NC4=CC(Cl)=C(C=C4)OCC5=CC(F)=CC=C5)=NC=N3)=C2)O1)(C)=O,s3://cellpainting-gallery/cpg0037-oasis/axiom/images/prod_25/images/plate_41002698/r10c16f01p01-ch6sk1fk1fl1.tiff,s3://cellpainting-gallery/cpg0037-oasis/axiom/images/prod_25/images/plate_41002698/r10c16f01p01-ch1sk1fk1fl1.tiff,s3://cellpainting-gallery/cpg0037-oasis/axiom/images/prod_25/images/plate_41002698/r10c16f01p01-ch2sk1fk1fl1.tiff,s3://cellpainting-gallery/cpg0037-oasis/axiom/images/prod_25/images/plate_41002698/r10c16f01p01-ch4sk1fk1fl1.tiff,s3://cellpainting-gallery/cpg0037-oasis/axiom/images/prod_25/images/plate_41002698/r10c16f01p01-ch3sk1fk1fl1.tiff,s3://cellpainting-gallery/cpg0037-oasis/axiom/images/prod_25/images/plate_41002698/r10c16f01p01-ch5sk1fk1fl1.tiff
p41002698_J17_s01,plate_41002698,J17,1.0,Dapagliflozin,OASIS1775,0.1369294673204422,0.9536980390548706,-0.04771403968334198,SGLT,O[C@H]1[C@H](C2=CC(CC3=CC=C(OCC)C=C3)=C(Cl)C=C2)O[C@H](CO)[C@@H](O)[C@@H]1O,s3://cellpainting-gallery/cpg0037-oasis/axiom/images/prod_25/images/plate_41002698/r10c17f01p01-ch6sk1fk1fl1.tiff,s3://cellpainting-gallery/cpg0037-oasis/axiom/images/prod_25/images/plate_41002698/r10c17f01p01-ch1sk1fk1fl1.tiff,s3://cellpainting-gallery/cpg0037-oasis/axiom/images/prod_25/images/plate_41002698/r10c17f01p01-ch2sk1fk1fl1.tiff,s3://cellpainting-gallery/cpg0037-oasis/axiom/images/prod_25/images/plate_41002698/r10c17f01p01-ch4sk1fk1fl1.tiff,s3://cellpainting-gallery/cpg0037-oasis/axiom/images/prod_25/images/plate_41002698/r10c17f01p01-ch3sk1fk1fl1.tiff,s3://cellpainting-gallery/cpg0037-oasis/axiom/images/prod_25/images/plate_41002698/r10c17f01p01-ch5sk1fk1fl1.tiff
p41002698_J19_s01,plate_41002698,J19,1.0,Griseofulvin,OASIS073,0.1369294673204422,1.0408298969268799,-0.042095836251974106,Antibiotic; Apoptosis; Endogenous Metabolite; Fungal,O=C1[C@]2(C(OC)=CC(C[C@H]2C)=O)OC3=C(Cl)C(OC)=CC(OC)=C13,s3://cellpainting-gallery/cpg0037-oasis/axiom/images/prod_25/images/plate_41002698/r10c19f01p01-ch6sk1fk1fl1.tiff,s3://cellpainting-gallery/cpg0037-oasis/axiom/images/prod_25/images/plate_41002698/r10c19f01p01-ch1sk1fk1fl1.tiff,s3://cellpainting-gallery/cpg0037-oasis/axiom/images/prod_25/images/plate_41002698/r10c19f01p01-ch2sk1fk1fl1.tiff,s3://cellpainting-gallery/cpg0037-oasis/axiom/images/prod_25/images/plate_41002698/r10c19f01p01-ch4sk1fk1fl1.tiff,s3://cellpainting-gallery/cpg0037-oasis/axiom/images/prod_25/images/plate_41002698/r10c19f01p01-ch3sk1fk1fl1.tiff,s3://cellpainting-gallery/cpg0037-oasis/axiom/images/prod_25/images/plate_41002698/r10c19f01p01-ch5sk1fk1fl1.tiff
p41002698_K10_s01,plate_41002698,K10,1.0,Thalidomide,OASIS1517,0.1369294673204422,0.9616191387176514,-0.0645686611533165,Autophagy; Ligands for E3 Ligase,O=C1N(C2CCC(NC2=O)=O)C(C3=CC=CC=C31)=O,s3://cellpainting-gallery/cpg0037-oasis/axiom/images/prod_25/images/plate_41002698/r11c10f01p01-ch6sk1fk1fl1.tiff,s3://cellpainting-gallery/cpg0037-oasis/axiom/images/prod_25/images/plate_41002698/r11c10f01p01-ch1sk1fk1fl1.tiff,s3://cellpainting-gallery/cpg0037-oasis/axiom/images/prod_25/images/plate_41002698/r11c10f01p01-ch2sk1fk1fl1.tiff,s3://cellpainting-gallery/cpg0037-oasis/axiom/images/prod_25/images/plate_41002698/r11c10f01p01-ch4sk1fk1fl1.tiff,s3://cellpainting-gallery/cpg0037-oasis/axiom/images/prod_25/images/plate_41002698/r11c10f01p01-ch3sk1fk1fl1.tiff,s3://cellpainting-gallery/cpg0037-oasis/axiom/images/prod_25/images/plate_41002698/r11c10f01p01-ch5sk1fk1fl1.tiff
p41002698_K13_s01,plate_41002698,K13,1.0,Compound_e48ed218,,0.1369294673204422,0.20700421929359436,0.23319627344608307,,,s3://cellpainting-gallery/cpg0037-oasis/axiom/images/prod_25/images/plate_41002698/r11c13f01p01-ch6sk1fk1fl1.tiff,s3://cellpainting-gallery/cpg0037-oasis/axiom/images/prod_25/images/plate_41002698/r11c13f01p01-ch1sk1fk1fl1.tiff,s3://cellpainting-gallery/cpg0037-oasis/axiom/images/prod_25/images/plate_41002698/r11c13f01p01-ch2sk1fk1fl1.tiff,s3://cellpainting-gallery/cpg0037-oasis/axiom/images/prod_25/images/plate_41002698/r11c13f01p01-ch4sk1fk1fl1.tiff,s3://cellpainting-gallery/cpg0037-oasis/axiom/images/prod_25/images/plate_41002698/r11c13f01p01-ch3sk1fk1fl1.tiff,s3://cellpainting-gallery/cpg0037-oasis/axiom/images/prod_25/images/plate_41002698/r11c13f01p01-ch5sk1fk1fl1.tiff
p41002698_K22_s01,plate_41002698,K22,1.0,Droperidol,OASIS1204,0.1369294673204422,1.0249876976013184,-0.019623009487986565,Dopamine Receptor,O=C1NC2=CC=CC=C2N1C3=CCN(CCCC(C4=CC=C(F)C=C4)=O)CC3,s3://cellpainting-gallery/cpg0037-oasis/axiom/images/prod_25/images/plate_41002698/r11c22f01p01-ch6sk1fk1fl1.tiff,s3://cellpainting-gallery/cpg0037-oasis/axiom/images/prod_25/images/plate_41002698/r11c22f01p01-ch1sk1fk1fl1.tiff,s3://cellpainting-gallery/cpg0037-oasis/axiom/images/prod_25/images/plate_41002698/r11c22f01p01-ch2sk1fk1fl1.tiff,s3://cellpainting-gallery/cpg0037-oasis/axiom/images/prod_25/images/plate_41002698/r11c22f01p01-ch4sk1fk1fl1.tiff,s3://cellpainting-gallery/cpg0037-oasis/axiom/images/prod_25/images/plate_41002698/r11c22f01p01-ch3sk1fk1fl1.tiff,s3://cellpainting-gallery/cpg0037-oasis/axiom/images/prod_25/images/plate_41002698/r11c22f01p01-ch5sk1fk1fl1.tiff
p41002698_L11_s01,plate_41002698,L11,1.0,Carmustine,OASIS1398,0.1369294673204422,1.0054490566253662,-0.04771403968334198,DNA Alkylator/Crosslinker,O=C(NCCCl)N(CCCl)N=O,s3://cellpainting-gallery/cpg0037-oasis/axiom/images/prod_25/images/plate_41002698/r12c11f01p01-ch6sk1fk1fl1.tiff,s3://cellpainting-gallery/cpg0037-oasis/axiom/images/prod_25/images/plate_41002698/r12c11f01p01-ch1sk1fk1fl1.tiff,s3://cellpainting-gallery/cpg0037-oasis/axiom/images/prod_25/images/plate_41002698/r12c11f01p01-ch2sk1fk1fl1.tiff,s3://cellpainting-gallery/cpg0037-oasis/axiom/images/prod_25/images/plate_41002698/r12c11f01p01-ch4sk1fk1fl1.tiff,s3://cellpainting-gallery/cpg0037-oasis/axiom/images/prod_25/images/plate_41002698/r12c11f01p01-ch3sk1fk1fl1.tiff,s3://cellpainting-gallery/cpg0037-oasis/axiom/images/prod_25/images/plate_41002698/r12c11f01p01-ch5sk1fk1fl1.tiff
p41002698_L15_s01,plate_41002698,L15,1.0,Capsaicin,OASIS1503,0.1369294673204422,0.9816858768463135,-0.03928673267364502,Apoptosis; Autophagy; Endogenous Metabolite; TRP Channel,CC(C)/C=C/CCCCC(NCC1=CC=C(O)C(OC)=C1)=O,s3://cellpainting-gallery/cpg0037-oasis/axiom/images/prod_25/images/plate_41002698/r12c15f01p01-ch6sk1fk1fl1.tiff,s3://cellpainting-gallery/cpg0037-oasis/axiom/images/prod_25/images/plate_41002698/r12c15f01p01-ch1sk1fk1fl1.tiff,s3://cellpainting-gallery/cpg0037-oasis/axiom/images/prod_25/images/plate_41002698/r12c15f01p01-ch2sk1fk1fl1.tiff,s3://cellpainting-gallery/cpg0037-oasis/axiom/images/prod_25/images/plate_41002698/r12c15f01p01-ch4sk1fk1fl1.tiff,s3://cellpainting-gallery/cpg0037-oasis/axiom/images/prod_25/images/plate_41002698/r12c15f01p01-ch3sk1fk1fl1.tiff,s3://cellpainting-gallery/cpg0037-oasis/axiom/images/prod_25/images/plate_41002698/r12c15f01p01-ch5sk1fk1fl1.tiff
p41002698_L19_s01,plate_41002698,L19,1.0,Sorafenib,OASIS1340,0.1369294673204422,0.9874946475028992,-0.01681390590965748,Apoptosis; Autophagy; Ferroptosis; FLT3; Raf; VEGFR,O=C(NC(C=C1)=CC=C1OC2=CC(C(NC)=O)=NC=C2)NC3=CC=C(Cl)C(C(F)(F)F)=C3,s3://cellpainting-gallery/cpg0037-oasis/axiom/images/prod_25/images/plate_41002698/r12c19f01p01-ch6sk1fk1fl1.tiff,s3://cellpainting-gallery/cpg0037-oasis/axiom/images/prod_25/images/plate_41002698/r12c19f01p01-ch1sk1fk1fl1.tiff,s3://cellpainting-gallery/cpg0037-oasis/axiom/images/prod_25/images/plate_41002698/r12c19f01p01-ch2sk1fk1fl1.tiff,s3://cellpainting-gallery/cpg0037-oasis/axiom/images/prod_25/images/plate_41002698/r12c19f01p01-ch4sk1fk1fl1.tiff,s3://cellpainting-gallery/cpg0037-oasis/axiom/images/prod_25/images/plate_41002698/r12c19f01p01-ch3sk1fk1fl1.tiff,s3://cellpainting-gallery/cpg0037-oasis/axiom/images/prod_25/images/plate_41002698/r12c19f01p01-ch5sk1fk1fl1.tiff
p41002698_M13_s01,plate_41002698,M13,1.0,Olmesartan,OASIS831,0.1369294673204422,0.9352155327796936,0.005658918060362339,Angiotensin Receptor,O=C(O)C1=C(N=C(N1CC2=CC=C(C=C2)C3=CC=CC=C3C4=NN=NN4)CCC)C(O)(C)C,s3://cellpainting-gallery/cpg0037-oasis/axiom/images/prod_25/images/plate_41002698/r13c13f01p01-ch6sk1fk1fl1.tiff,s3://cellpainting-gallery/cpg0037-oasis/axiom/images/prod_25/images/plate_41002698/r13c13f01p01-ch1sk1fk1fl1.tiff,s3://cellpainting-gallery/cpg0037-oasis/axiom/images/prod_25/images/plate_41002698/r13c13f01p01-ch2sk1fk1fl1.tiff,s3://cellpainting-gallery/cpg0037-oasis/axiom/images/prod_25/images/plate_41002698/r13c13f01p01-ch4sk1fk1fl1.tiff,s3://cellpainting-gallery/cpg0037-oasis/axiom/images/prod_25/images/plate_41002698/r13c13f01p01-ch3sk1fk1fl1.tiff,s3://cellpainting-gallery/cpg0037-oasis/axiom/images/prod_25/images/plate_41002698/r13c13f01p01-ch5sk1fk1fl1.tiff
p41002698_M14_s01,plate_41002698,M14,1.0,Panobinostat,OASIS1808,0.1369294673204422,0.8628696799278259,0.07307739555835724,Apoptosis; Autophagy; HDAC; HIV,O=C(/C=C/C1=CC=C(CNCCC2=C(NC3=C2C=CC=C3)C)C=C1)NO,s3://cellpainting-gallery/cpg0037-oasis/axiom/images/prod_25/images/plate_41002698/r13c14f01p01-ch6sk1fk1fl1.tiff,s3://cellpainting-gallery/cpg0037-oasis/axiom/images/prod_25/images/plate_41002698/r13c14f01p01-ch1sk1fk1fl1.tiff,s3://cellpainting-gallery/cpg0037-oasis/axiom/images/prod_25/images/plate_41002698/r13c14f01p01-ch2sk1fk1fl1.tiff,s3://cellpainting-gallery/cpg0037-oasis/axiom/images/prod_25/images/plate_41002698/r13c14f01p01-ch4sk1fk1fl1.tiff,s3://cellpainting-gallery/cpg0037-oasis/axiom/images/prod_25/images/plate_41002698/r13c14f01p01-ch3sk1fk1fl1.tiff,s3://cellpainting-gallery/cpg0037-oasis/axiom/images/prod_25/images/plate_41002698/r13c14f01p01-ch5sk1fk1fl1.tiff
p41002698_M15_s01,plate_41002698,M15,1.0,Umbralisib,OASIS1859,0.1369294673204422,1.0307965278625488,4.0711951442062855e-05,Casein Kinase; PI3K,O=C1C(C2=CC=CC(F)=C2)=C([C@@H](N3N=C(C4=CC=C(OC(C)C)C(F)=C4)C5=C(N)N=CN=C53)C)OC6=CC=C(F)C=C16,s3://cellpainting-gallery/cpg0037-oasis/axiom/images/prod_25/images/plate_41002698/r13c15f01p01-ch6sk1fk1fl1.tiff,s3://cellpainting-gallery/cpg0037-oasis/axiom/images/prod_25/images/plate_41002698/r13c15f01p01-ch1sk1fk1fl1.tiff,s3://cellpainting-gallery/cpg0037-oasis/axiom/images/prod_25/images/plate_41002698/r13c15f01p01-ch2sk1fk1fl1.tiff,s3://cellpainting-gallery/cpg0037-oasis/axiom/images/prod_25/images/plate_41002698/r13c15f01p01-ch4sk1fk1fl1.tiff,s3://cellpainting-gallery/cpg0037-oasis/axiom/images/prod_25/images/plate_41002698/r13c15f01p01-ch3sk1fk1fl1.tiff,s3://cellpainting-gallery/cpg0037-oasis/axiom/images/prod_25/images/plate_41002698/r13c15f01p01-ch5sk1fk1fl1.tiff
p41002698_O12_s01,plate_41002698,O12,1.0,DMSO,,0.0,1.0012245178222656,0.07869560271501541,,,s3://cellpainting-gallery/cpg0037-oasis/axiom/images/prod_25/images/plate_41002698/r15c12f01p01-ch6sk1fk1fl1.tiff,s3://cellpainting-gallery/cpg0037-oasis/axiom/images/prod_25/images/plate_41002698/r15c12f01p01-ch1sk1fk1fl1.tiff,s3://cellpainting-gallery/cpg0037-oasis/axiom/images/prod_25/images/plate_41002698/r15c12f01p01-ch2sk1fk1fl1.tiff,s3://cellpainting-gallery/cpg0037-oasis/axiom/images/prod_25/images/plate_41002698/r15c12f01p01-ch4sk1fk1fl1.tiff,s3://cellpainting-gallery/cpg0037-oasis/axiom/images/prod_25/images/plate_41002698/r15c12f01p01-ch3sk1fk1fl1.tiff,s3://cellpainting-gallery/cpg0037-oasis/axiom/images/prod_25/images/plate_41002698/r15c12f01p01-ch5sk1fk1fl1.tiff
p41002698_P20_s01,plate_41002698,P20,1.0,DMSO,,0.0,1.1279617547988892,0.09274111688137054,,,s3://cellpainting-gallery/cpg0037-oasis/axiom/images/prod_25/images/plate_41002698/r16c20f01p01-ch6sk1fk1fl1.tiff,s3://cellpainting-gallery/cpg0037-oasis/axiom/images/prod_25/images/plate_41002698/r16c20f01p01-ch1sk1fk1fl1.tiff,s3://cellpainting-gallery/cpg0037-oasis/axiom/images/prod_25/images/plate_41002698/r16c20f01p01-ch2sk1fk1fl1.tiff,s3://cellpainting-gallery/cpg0037-oasis/axiom/images/prod_25/images/plate_41002698/r16c20f01p01-ch4sk1fk1fl1.tiff,s3://cellpainting-gallery/cpg0037-oasis/axiom/images/prod_25/images/plate_41002698/r16c20f01p01-ch3sk1fk1fl1.tiff,s3://cellpainting-gallery/cpg0037-oasis/axiom/images/prod_25/images/plate_41002698/r16c20f01p01-ch5sk1fk1fl1.tiff
p41002699_C13_s08,plate_41002699,C13,8.0,Plicamycin,OASIS1215,0.1369294673204422,0.3724466562271118,0.22515204548835754,Antibiotic; Bacterial; DNA/RNA Synthesis; Glutathione S-transferase,O=C([C@H]([C@@]([C@H](OC)C([C@@H](O)[C@H](O)C)=O)([H])C1)O[C@@](O[C@H](C)[C@H]2O)([H])C[C@H]2O[C@@](O[C@H](C)[C@@H]3O)([H])C[C@H]3O[C@@](O[C@H](C)[C@H]4O)([H])C[C@@]4(O)C)C(C1=CC5=CC(O[C@H](O[C@H](C)[C@H]6O)C[C@H]6O[C@@](O[C@H](C)[C@H]7O)([H])C[C@H]7O)=C(C)C(O)=C85)=C8O,s3://cellpainting-gallery/cpg0037-oasis/axiom/images/prod_25/images/plate_41002699/r03c13f08p01-ch6sk1fk1fl1.tiff,s3://cellpainting-gallery/cpg0037-oasis/axiom/images/prod_25/images/plate_41002699/r03c13f08p01-ch1sk1fk1fl1.tiff,s3://cellpainting-gallery/cpg0037-oasis/axiom/images/prod_25/images/plate_41002699/r03c13f08p01-ch2sk1fk1fl1.tiff,s3://cellpainting-gallery/cpg0037-oasis/axiom/images/prod_25/images/plate_41002699/r03c13f08p01-ch4sk1fk1fl1.tiff,s3://cellpainting-gallery/cpg0037-oasis/axiom/images/prod_25/images/plate_41002699/r03c13f08p01-ch3sk1fk1fl1.tiff,s3://cellpainting-gallery/cpg0037-oasis/axiom/images/prod_25/images/plate_41002699/r03c13f08p01-ch5sk1fk1fl1.tiff
p41002699_C20_s08,plate_41002699,C20,8.0,DMSO,,0.0,1.0646653175354004,0.013918938115239143,,,s3://cellpainting-gallery/cpg0037-oasis/axiom/images/prod_25/images/plate_41002699/r03c20f08p01-ch6sk1fk1fl1.tiff,s3://cellpainting-gallery/cpg0037-oasis/axiom/images/prod_25/images/plate_41002699/r03c20f08p01-ch1sk1fk1fl1.tiff,s3://cellpainting-gallery/cpg0037-oasis/axiom/images/prod_25/images/plate_41002699/r03c20f08p01-ch2sk1fk1fl1.tiff,s3://cellpainting-gallery/cpg0037-oasis/axiom/images/prod_25/images/plate_41002699/r03c20f08p01-ch4sk1fk1fl1.tiff,s3://cellpainting-gallery/cpg0037-oasis/axiom/images/prod_25/images/plate_41002699/r03c20f08p01-ch3sk1fk1fl1.tiff,s3://cellpainting-gallery/cpg0037-oasis/axiom/images/prod_25/images/plate_41002699/r03c20f08p01-ch5sk1fk1fl1.tiff
p41002699_C24_s08,plate_41002699,C24,8.0,Nifurtimox,OASIS1788,0.1369294673204422,1.2413115501403809,0.14629168808460236,Lactate Dehydrogenase; Parasite,O=S1(CC(C)N(/N=C/C2=CC=C([N+]([O-])=O)O2)CC1)=O,s3://cellpainting-gallery/cpg0037-oasis/axiom/images/prod_25/images/plate_41002699/r03c24f08p01-ch6sk1fk1fl1.tiff,s3://cellpainting-gallery/cpg0037-oasis/axiom/images/prod_25/images/plate_41002699/r03c24f08p01-ch1sk1fk1fl1.tiff,s3://cellpainting-gallery/cpg0037-oasis/axiom/images/prod_25/images/plate_41002699/r03c24f08p01-ch2sk1fk1fl1.tiff,s3://cellpainting-gallery/cpg0037-oasis/axiom/images/prod_25/images/plate_41002699/r03c24f08p01-ch4sk1fk1fl1.tiff,s3://cellpainting-gallery/cpg0037-oasis/axiom/images/prod_25/images/plate_41002699/r03c24f08p01-ch3sk1fk1fl1.tiff,s3://cellpainting-gallery/cpg0037-oasis/axiom/images/prod_25/images/plate_41002699/r03c24f08p01-ch5sk1fk1fl1.tiff
p41002699_D24_s08,plate_41002699,D24,8.0,β-Naphthoflavone,OASIS330,0.1369294673204422,1.057748556137085,0.1631903350353241,Apoptosis; Aryl Hydrocarbon Receptor,O=C1C2=C3C=CC=CC3=CC=C2OC(C4=CC=CC=C4)=C1,s3://cellpainting-gallery/cpg0037-oasis/axiom/images/prod_25/images/plate_41002699/r04c24f08p01-ch6sk1fk1fl1.tiff,s3://cellpainting-gallery/cpg0037-oasis/axiom/images/prod_25/images/plate_41002699/r04c24f08p01-ch1sk1fk1fl1.tiff,s3://cellpainting-gallery/cpg0037-oasis/axiom/images/prod_25/images/plate_41002699/r04c24f08p01-ch2sk1fk1fl1.tiff,s3://cellpainting-gallery/cpg0037-oasis/axiom/images/prod_25/images/plate_41002699/r04c24f08p01-ch4sk1fk1fl1.tiff,s3://cellpainting-gallery/cpg0037-oasis/axiom/images/prod_25/images/plate_41002699/r04c24f08p01-ch3sk1fk1fl1.tiff,s3://cellpainting-gallery/cpg0037-oasis/axiom/images/prod_25/images/plate_41002699/r04c24f08p01-ch5sk1fk1fl1.tiff
p41002699_F12_s08,plate_41002699,F12,8.0,DMSO,,0.0,0.8965322971343994,0.005469613708555698,,,s3://cellpainting-gallery/cpg0037-oasis/axiom/images/prod_25/images/plate_41002699/r06c12f08p01-ch6sk1fk1fl1.tiff,s3://cellpainting-gallery/cpg0037-oasis/axiom/images/prod_25/images/plate_41002699/r06c12f08p01-ch1sk1fk1fl1.tiff,s3://cellpainting-gallery/cpg0037-oasis/axiom/images/prod_25/images/plate_41002699/r06c12f08p01-ch2sk1fk1fl1.tiff,s3://cellpainting-gallery/cpg0037-oasis/axiom/images/prod_25/images/plate_41002699/r06c12f08p01-ch4sk1fk1fl1.tiff,s3://cellpainting-gallery/cpg0037-oasis/axiom/images/prod_25/images/plate_41002699/r06c12f08p01-ch3sk1fk1fl1.tiff,s3://cellpainting-gallery/cpg0037-oasis/axiom/images/prod_25/images/plate_41002699/r06c12f08p01-ch5sk1fk1fl1.tiff
p41002699_G11_s08,plate_41002699,G11,8.0,Dantrolene,OASIS069,0.1369294673204422,0.8906795978546143,-0.1100044846534729,Autophagy; Calcium Channel,O=C1NC(CN1/N=C/C2=CC=C(C3=CC=C([N+]([O-])=O)C=C3)O2)=O,s3://cellpainting-gallery/cpg0037-oasis/axiom/images/prod_25/images/plate_41002699/r07c11f08p01-ch6sk1fk1fl1.tiff,s3://cellpainting-gallery/cpg0037-oasis/axiom/images/prod_25/images/plate_41002699/r07c11f08p01-ch1sk1fk1fl1.tiff,s3://cellpainting-gallery/cpg0037-oasis/axiom/images/prod_25/images/plate_41002699/r07c11f08p01-ch2sk1fk1fl1.tiff,s3://cellpainting-gallery/cpg0037-oasis/axiom/images/prod_25/images/plate_41002699/r07c11f08p01-ch4sk1fk1fl1.tiff,s3://cellpainting-gallery/cpg0037-oasis/axiom/images/prod_25/images/plate_41002699/r07c11f08p01-ch3sk1fk1fl1.tiff,s3://cellpainting-gallery/cpg0037-oasis/axiom/images/prod_25/images/plate_41002699/r07c11f08p01-ch5sk1fk1fl1.tiff
p41002699_G16_s08,plate_41002699,G16,8.0,Tasimelteon,OASIS1885,0.1369294673204422,0.9662330746650696,0.013918938115239143,Melatonin Receptor,[H][C@]1(C2=C3C(OCC3)=CC=C2)[C@@](CNC(CC)=O)([H])C1,s3://cellpainting-gallery/cpg0037-oasis/axiom/images/prod_25/images/plate_41002699/r07c16f08p01-ch6sk1fk1fl1.tiff,s3://cellpainting-gallery/cpg0037-oasis/axiom/images/prod_25/images/plate_41002699/r07c16f08p01-ch1sk1fk1fl1.tiff,s3://cellpainting-gallery/cpg0037-oasis/axiom/images/prod_25/images/plate_41002699/r07c16f08p01-ch2sk1fk1fl1.tiff,s3://cellpainting-gallery/cpg0037-oasis/axiom/images/prod_25/images/plate_41002699/r07c16f08p01-ch4sk1fk1fl1.tiff,s3://cellpainting-gallery/cpg0037-oasis/axiom/images/prod_25/images/plate_41002699/r07c16f08p01-ch3sk1fk1fl1.tiff,s3://cellpainting-gallery/cpg0037-oasis/axiom/images/prod_25/images/plate_41002699/r07c16f08p01-ch5sk1fk1fl1.tiff
p41002699_G17_s08,plate_41002699,G17,8.0,Dirithromycin,OASIS1367,0.1369294673204422,0.9688933491706848,-0.036777008324861526,Antibiotic; Bacterial,CC1[C@@]([C@](O)([C@H](OC([C@@H]2C)=O)CC)C)([H])O[C@H](COCCOC)N[C@@]1([H])[C@](C[C@@](O)([C@@H]([C@@H](C)[C@]2([H])O[C@@](O[C@@H](C)[C@@H]3O)([H])C[C@@]3(C)OC)O[C@@](O[C@H](C)C[C@@H]4N(C)C)([H])[C@@H]4O)C)([H])C,s3://cellpainting-gallery/cpg0037-oasis/axiom/images/prod_25/images/plate_41002699/r07c17f08p01-ch6sk1fk1fl1.tiff,s3://cellpainting-gallery/cpg0037-oasis/axiom/images/prod_25/images/plate_41002699/r07c17f08p01-ch1sk1fk1fl1.tiff,s3://cellpainting-gallery/cpg0037-oasis/axiom/images/prod_25/images/plate_41002699/r07c17f08p01-ch2sk1fk1fl1.tiff,s3://cellpainting-gallery/cpg0037-oasis/axiom/images/prod_25/images/plate_41002699/r07c17f08p01-ch4sk1fk1fl1.tiff,s3://cellpainting-gallery/cpg0037-oasis/axiom/images/prod_25/images/plate_41002699/r07c17f08p01-ch3sk1fk1fl1.tiff,s3://cellpainting-gallery/cpg0037-oasis/axiom/images/prod_25/images/plate_41002699/r07c17f08p01-ch5sk1fk1fl1.tiff
p41002699_H11_s08,plate_41002699,H11,8.0,DMSO,,0.0,0.9805988669395447,-0.036777008324861526,,,s3://cellpainting-gallery/cpg0037-oasis/axiom/images/prod_25/images/plate_41002699/r08c11f08p01-ch6sk1fk1fl1.tiff,s3://cellpainting-gallery/cpg0037-oasis/axiom/images/prod_25/images/plate_41002699/r08c11f08p01-ch1sk1fk1fl1.tiff,s3://cellpainting-gallery/cpg0037-oasis/axiom/images/prod_25/images/plate_41002699/r08c11f08p01-ch2sk1fk1fl1.tiff,s3://cellpainting-gallery/cpg0037-oasis/axiom/images/prod_25/images/plate_41002699/r08c11f08p01-ch4sk1fk1fl1.tiff,s3://cellpainting-gallery/cpg0037-oasis/axiom/images/prod_25/images/plate_41002699/r08c11f08p01-ch3sk1fk1fl1.tiff,s3://cellpainting-gallery/cpg0037-oasis/axiom/images/prod_25/images/plate_41002699/r08c11f08p01-ch5sk1fk1fl1.tiff
p41002699_I10_s08,plate_41002699,I10,8.0,Irinotecan,OASIS744,0.1369294673204422,0.9667651057243347,-0.0902893990278244,Autophagy; Topoisomerase,O=C(N1CCC(N2CCCCC2)CC1)OC3=CC=C4N=C5C(CN6C(C(COC([C@@]7(CC)O)=O)=C7C=C65)=O)=C(CC)C4=C3,s3://cellpainting-gallery/cpg0037-oasis/axiom/images/prod_25/images/plate_41002699/r09c10f08p01-ch6sk1fk1fl1.tiff,s3://cellpainting-gallery/cpg0037-oasis/axiom/images/prod_25/images/plate_41002699/r09c10f08p01-ch1sk1fk1fl1.tiff,s3://cellpainting-gallery/cpg0037-oasis/axiom/images/prod_25/images/plate_41002699/r09c10f08p01-ch2sk1fk1fl1.tiff,s3://cellpainting-gallery/cpg0037-oasis/axiom/images/prod_25/images/plate_41002699/r09c10f08p01-ch4sk1fk1fl1.tiff,s3://cellpainting-gallery/cpg0037-oasis/axiom/images/prod_25/images/plate_41002699/r09c10f08p01-ch3sk1fk1fl1.tiff,s3://cellpainting-gallery/cpg0037-oasis/axiom/images/prod_25/images/plate_41002699/r09c10f08p01-ch5sk1fk1fl1.tiff
p41002699_I11_s08,plate_41002699,I11,8.0,Oseltamivir,OASIS1570,0.1369294673204422,0.9055774211883545,-0.062124982476234436,Influenza Virus,O=C(OCC)C1=C[C@H]([C@@H]([C@H](C1)N)NC(C)=O)OC(CC)CC,s3://cellpainting-gallery/cpg0037-oasis/axiom/images/prod_25/images/plate_41002699/r09c11f08p01-ch6sk1fk1fl1.tiff,s3://cellpainting-gallery/cpg0037-oasis/axiom/images/prod_25/images/plate_41002699/r09c11f08p01-ch1sk1fk1fl1.tiff,s3://cellpainting-gallery/cpg0037-oasis/axiom/images/prod_25/images/plate_41002699/r09c11f08p01-ch2sk1fk1fl1.tiff,s3://cellpainting-gallery/cpg0037-oasis/axiom/images/prod_25/images/plate_41002699/r09c11f08p01-ch4sk1fk1fl1.tiff,s3://cellpainting-gallery/cpg0037-oasis/axiom/images/prod_25/images/plate_41002699/r09c11f08p01-ch3sk1fk1fl1.tiff,s3://cellpainting-gallery/cpg0037-oasis/axiom/images/prod_25/images/plate_41002699/r09c11f08p01-ch5sk1fk1fl1.tiff
p41002699_I15_s08,plate_41002699,I15,8.0,6-Thioguanine,OASIS1225,0.1369294673204422,0.9204753041267395,-0.0705743059515953,Apoptosis; Autophagy; Deubiquitinase; DNA Methyltransferase; Endogenous Metabolite; SARS-CoV,SC1=NC(N)=NC2=C1N=CN2,s3://cellpainting-gallery/cpg0037-oasis/axiom/images/prod_25/images/plate_41002699/r09c15f08p01-ch6sk1fk1fl1.tiff,s3://cellpainting-gallery/cpg0037-oasis/axiom/images/prod_25/images/plate_41002699/r09c15f08p01-ch1sk1fk1fl1.tiff,s3://cellpainting-gallery/cpg0037-oasis/axiom/images/prod_25/images/plate_41002699/r09c15f08p01-ch2sk1fk1fl1.tiff,s3://cellpainting-gallery/cpg0037-oasis/axiom/images/prod_25/images/plate_41002699/r09c15f08p01-ch4sk1fk1fl1.tiff,s3://cellpainting-gallery/cpg0037-oasis/axiom/images/prod_25/images/plate_41002699/r09c15f08p01-ch3sk1fk1fl1.tiff,s3://cellpainting-gallery/cpg0037-oasis/axiom/images/prod_25/images/plate_41002699/r09c15f08p01-ch5sk1fk1fl1.tiff
p41002699_I21_s08,plate_41002699,I21,8.0,Siponimod,OASIS1805,0.1369294673204422,1.014119029045105,-0.05085921660065651,LPL Receptor,O=C(C1CN(CC2=CC=C(/C(C)=N/OCC3=CC=C(C4CCCCC4)C(C(F)(F)F)=C3)C=C2CC)C1)O,s3://cellpainting-gallery/cpg0037-oasis/axiom/images/prod_25/images/plate_41002699/r09c21f08p01-ch6sk1fk1fl1.tiff,s3://cellpainting-gallery/cpg0037-oasis/axiom/images/prod_25/images/plate_41002699/r09c21f08p01-ch1sk1fk1fl1.tiff,s3://cellpainting-gallery/cpg0037-oasis/axiom/images/prod_25/images/plate_41002699/r09c21f08p01-ch2sk1fk1fl1.tiff,s3://cellpainting-gallery/cpg0037-oasis/axiom/images/prod_25/images/plate_41002699/r09c21f08p01-ch4sk1fk1fl1.tiff,s3://cellpainting-gallery/cpg0037-oasis/axiom/images/prod_25/images/plate_41002699/r09c21f08p01-ch3sk1fk1fl1.tiff,s3://cellpainting-gallery/cpg0037-oasis/axiom/images/prod_25/images/plate_41002699/r09c21f08p01-ch5sk1fk1fl1.tiff
p41002699_J14_s08,plate_41002699,J14,8.0,Gabapentin enacarbil,OASIS1791,0.1369294673204422,0.9641047716140747,-0.019878359511494637,Calcium Channel,O=C(O)CC1(CNC(OC(OC(C(C)C)=O)C)=O)CCCCC1,s3://cellpainting-gallery/cpg0037-oasis/axiom/images/prod_25/images/plate_41002699/r10c14f08p01-ch6sk1fk1fl1.tiff,s3://cellpainting-gallery/cpg0037-oasis/axiom/images/prod_25/images/plate_41002699/r10c14f08p01-ch1sk1fk1fl1.tiff,s3://cellpainting-gallery/cpg0037-oasis/axiom/images/prod_25/images/plate_41002699/r10c14f08p01-ch2sk1fk1fl1.tiff,s3://cellpainting-gallery/cpg0037-oasis/axiom/images/prod_25/images/plate_41002699/r10c14f08p01-ch4sk1fk1fl1.tiff,s3://cellpainting-gallery/cpg0037-oasis/axiom/images/prod_25/images/plate_41002699/r10c14f08p01-ch3sk1fk1fl1.tiff,s3://cellpainting-gallery/cpg0037-oasis/axiom/images/prod_25/images/plate_41002699/r10c14f08p01-ch5sk1fk1fl1.tiff
p41002699_J15_s08,plate_41002699,J15,8.0,Edoxaban (tosylate),OASIS1737,0.1369294673204422,0.9492068886756897,-0.0705743059515953,Factor Xa; Thrombin,O=C(N(C)C)[C@@H](CC1)C[C@H]([C@H]1NC(C(NC(C=C2)=NC=C2Cl)=O)=O)NC(C3=NC(CC4)=C(CN4C)S3)=O.O=S(C5=CC=C(C)C=C5)(O)=O,s3://cellpainting-gallery/cpg0037-oasis/axiom/images/prod_25/images/plate_41002699/r10c15f08p01-ch6sk1fk1fl1.tiff,s3://cellpainting-gallery/cpg0037-oasis/axiom/images/prod_25/images/plate_41002699/r10c15f08p01-ch1sk1fk1fl1.tiff,s3://cellpainting-gallery/cpg0037-oasis/axiom/images/prod_25/images/plate_41002699/r10c15f08p01-ch2sk1fk1fl1.tiff,s3://cellpainting-gallery/cpg0037-oasis/axiom/images/prod_25/images/plate_41002699/r10c15f08p01-ch4sk1fk1fl1.tiff,s3://cellpainting-gallery/cpg0037-oasis/axiom/images/prod_25/images/plate_41002699/r10c15f08p01-ch3sk1fk1fl1.tiff,s3://cellpainting-gallery/cpg0037-oasis/axiom/images/prod_25/images/plate_41002699/r10c15f08p01-ch5sk1fk1fl1.tiff
p41002699_J18_s08,plate_41002699,J18,8.0,Zalcitabine,OASIS648,0.1369294673204422,1.0449788570404053,-0.07339074462652206,HIV; Reverse Transcriptase,OC[C@@H]1CC[C@H](N2C=CC(N)=NC2=O)O1,s3://cellpainting-gallery/cpg0037-oasis/axiom/images/prod_25/images/plate_41002699/r10c18f08p01-ch6sk1fk1fl1.tiff,s3://cellpainting-gallery/cpg0037-oasis/axiom/images/prod_25/images/plate_41002699/r10c18f08p01-ch1sk1fk1fl1.tiff,s3://cellpainting-gallery/cpg0037-oasis/axiom/images/prod_25/images/plate_41002699/r10c18f08p01-ch2sk1fk1fl1.tiff,s3://cellpainting-gallery/cpg0037-oasis/axiom/images/prod_25/images/plate_41002699/r10c18f08p01-ch4sk1fk1fl1.tiff,s3://cellpainting-gallery/cpg0037-oasis/axiom/images/prod_25/images/plate_41002699/r10c18f08p01-ch3sk1fk1fl1.tiff,s3://cellpainting-gallery/cpg0037-oasis/axiom/images/prod_25/images/plate_41002699/r10c18f08p01-ch5sk1fk1fl1.tiff
p41002699_J19_s08,plate_41002699,J19,8.0,Thio-TEPA,OASIS607,0.1369294673204422,0.9768743515014648,-0.06775786727666855,Antibiotic; Bacterial; DNA Alkylator/Crosslinker,S=P(N1CC1)(N2CC2)N3CC3,s3://cellpainting-gallery/cpg0037-oasis/axiom/images/prod_25/images/plate_41002699/r10c19f08p01-ch6sk1fk1fl1.tiff,s3://cellpainting-gallery/cpg0037-oasis/axiom/images/prod_25/images/plate_41002699/r10c19f08p01-ch1sk1fk1fl1.tiff,s3://cellpainting-gallery/cpg0037-oasis/axiom/images/prod_25/images/plate_41002699/r10c19f08p01-ch2sk1fk1fl1.tiff,s3://cellpainting-gallery/cpg0037-oasis/axiom/images/prod_25/images/plate_41002699/r10c19f08p01-ch4sk1fk1fl1.tiff,s3://cellpainting-gallery/cpg0037-oasis/axiom/images/prod_25/images/plate_41002699/r10c19f08p01-ch3sk1fk1fl1.tiff,s3://cellpainting-gallery/cpg0037-oasis/axiom/images/prod_25/images/plate_41002699/r10c19f08p01-ch5sk1fk1fl1.tiff
p41002699_J21_s08,plate_41002699,J21,8.0,Ozagrel,OASIS1264,0.1369294673204422,1.0396581888198853,-0.08747295290231705,Prostaglandin Receptor,O=C(O)/C=C/C1=CC=C(CN2C=CN=C2)C=C1,s3://cellpainting-gallery/cpg0037-oasis/axiom/images/prod_25/images/plate_41002699/r10c21f08p01-ch6sk1fk1fl1.tiff,s3://cellpainting-gallery/cpg0037-oasis/axiom/images/prod_25/images/plate_41002699/r10c21f08p01-ch1sk1fk1fl1.tiff,s3://cellpainting-gallery/cpg0037-oasis/axiom/images/prod_25/images/plate_41002699/r10c21f08p01-ch2sk1fk1fl1.tiff,s3://cellpainting-gallery/cpg0037-oasis/axiom/images/prod_25/images/plate_41002699/r10c21f08p01-ch4sk1fk1fl1.tiff,s3://cellpainting-gallery/cpg0037-oasis/axiom/images/prod_25/images/plate_41002699/r10c21f08p01-ch3sk1fk1fl1.tiff,s3://cellpainting-gallery/cpg0037-oasis/axiom/images/prod_25/images/plate_41002699/r10c21f08p01-ch5sk1fk1fl1.tiff
p41002699_J24_s08,plate_41002699,J24,8.0,Troglitazone,OASIS1444,0.1369294673204422,0.9880477786064148,0.06743132323026657,Apoptosis; Autophagy; Ferroptosis; PPAR,O=C(SC1CC(C=C2)=CC=C2OCC3(C)OC(C(CC3)=C4C)=C(C)C(C)=C4O)NC1=O,s3://cellpainting-gallery/cpg0037-oasis/axiom/images/prod_25/images/plate_41002699/r10c24f08p01-ch6sk1fk1fl1.tiff,s3://cellpainting-gallery/cpg0037-oasis/axiom/images/prod_25/images/plate_41002699/r10c24f08p01-ch1sk1fk1fl1.tiff,s3://cellpainting-gallery/cpg0037-oasis/axiom/images/prod_25/images/plate_41002699/r10c24f08p01-ch2sk1fk1fl1.tiff,s3://cellpainting-gallery/cpg0037-oasis/axiom/images/prod_25/images/plate_41002699/r10c24f08p01-ch4sk1fk1fl1.tiff,s3://cellpainting-gallery/cpg0037-oasis/axiom/images/prod_25/images/plate_41002699/r10c24f08p01-ch3sk1fk1fl1.tiff,s3://cellpainting-gallery/cpg0037-oasis/axiom/images/prod_25/images/plate_41002699/r10c24f08p01-ch5sk1fk1fl1.tiff
p41002699_K17_s08,plate_41002699,K17,8.0,Macitentan,OASIS1840,0.1369294673204422,1.0146510601043701,-0.07339074462652206,Apoptosis; Endothelin Receptor,BrC1=CN=C(OCCOC2=C(C3=CC=C(Br)C=C3)C(NS(NCCC)(=O)=O)=NC=N2)N=C1,s3://cellpainting-gallery/cpg0037-oasis/axiom/images/prod_25/images/plate_41002699/r11c17f08p01-ch6sk1fk1fl1.tiff,s3://cellpainting-gallery/cpg0037-oasis/axiom/images/prod_25/images/plate_41002699/r11c17f08p01-ch1sk1fk1fl1.tiff,s3://cellpainting-gallery/cpg0037-oasis/axiom/images/prod_25/images/plate_41002699/r11c17f08p01-ch2sk1fk1fl1.tiff,s3://cellpainting-gallery/cpg0037-oasis/axiom/images/prod_25/images/plate_41002699/r11c17f08p01-ch4sk1fk1fl1.tiff,s3://cellpainting-gallery/cpg0037-oasis/axiom/images/prod_25/images/plate_41002699/r11c17f08p01-ch3sk1fk1fl1.tiff,s3://cellpainting-gallery/cpg0037-oasis/axiom/images/prod_25/images/plate_41002699/r11c17f08p01-ch5sk1fk1fl1.tiff
p41002699_K19_s08,plate_41002699,K19,8.0,Bifenazate,OASIS411,0.1369294673204422,0.9204753041267395,-0.053675659000873566,GABA Receptor,COC1=CC=C(C2=CC=CC=C2)C=C1NNC(OC(C)C)=O,s3://cellpainting-gallery/cpg0037-oasis/axiom/images/prod_25/images/plate_41002699/r11c19f08p01-ch6sk1fk1fl1.tiff,s3://cellpainting-gallery/cpg0037-oasis/axiom/images/prod_25/images/plate_41002699/r11c19f08p01-ch1sk1fk1fl1.tiff,s3://cellpainting-gallery/cpg0037-oasis/axiom/images/prod_25/images/plate_41002699/r11c19f08p01-ch2sk1fk1fl1.tiff,s3://cellpainting-gallery/cpg0037-oasis/axiom/images/prod_25/images/plate_41002699/r11c19f08p01-ch4sk1fk1fl1.tiff,s3://cellpainting-gallery/cpg0037-oasis/axiom/images/prod_25/images/plate_41002699/r11c19f08p01-ch3sk1fk1fl1.tiff,s3://cellpainting-gallery/cpg0037-oasis/axiom/images/prod_25/images/plate_41002699/r11c19f08p01-ch5sk1fk1fl1.tiff
p41002699_K22_s08,plate_41002699,K22,8.0,Ebrotidine,OASIS1376,0.1369294673204422,1.0167794227600098,-0.031144125387072563,Histamine Receptor,O=S(C1=CC=C(Br)C=C1)(/N=C/NCCSCC2=CSC(NC(N)=N)=N2)=O,s3://cellpainting-gallery/cpg0037-oasis/axiom/images/prod_25/images/plate_41002699/r11c22f08p01-ch6sk1fk1fl1.tiff,s3://cellpainting-gallery/cpg0037-oasis/axiom/images/prod_25/images/plate_41002699/r11c22f08p01-ch1sk1fk1fl1.tiff,s3://cellpainting-gallery/cpg0037-oasis/axiom/images/prod_25/images/plate_41002699/r11c22f08p01-ch2sk1fk1fl1.tiff,s3://cellpainting-gallery/cpg0037-oasis/axiom/images/prod_25/images/plate_41002699/r11c22f08p01-ch4sk1fk1fl1.tiff,s3://cellpainting-gallery/cpg0037-oasis/axiom/images/prod_25/images/plate_41002699/r11c22f08p01-ch3sk1fk1fl1.tiff,s3://cellpainting-gallery/cpg0037-oasis/axiom/images/prod_25/images/plate_41002699/r11c22f08p01-ch5sk1fk1fl1.tiff
p41002699_K23_s08,plate_41002699,K23,8.0,Compound_06965c8b,,0.1369294673204422,1.04231858253479,-0.014245476573705673,,,s3://cellpainting-gallery/cpg0037-oasis/axiom/images/prod_25/images/plate_41002699/r11c23f08p01-ch6sk1fk1fl1.tiff,s3://cellpainting-gallery/cpg0037-oasis/axiom/images/prod_25/images/plate_41002699/r11c23f08p01-ch1sk1fk1fl1.tiff,s3://cellpainting-gallery/cpg0037-oasis/axiom/images/prod_25/images/plate_41002699/r11c23f08p01-ch2sk1fk1fl1.tiff,s3://cellpainting-gallery/cpg0037-oasis/axiom/images/prod_25/images/plate_41002699/r11c23f08p01-ch4sk1fk1fl1.tiff,s3://cellpainting-gallery/cpg0037-oasis/axiom/images/prod_25/images/plate_41002699/r11c23f08p01-ch3sk1fk1fl1.tiff,s3://cellpainting-gallery/cpg0037-oasis/axiom/images/prod_25/images/plate_41002699/r11c23f08p01-ch5sk1fk1fl1.tiff
p41002699_K24_s08,plate_41002699,K24,8.0,Mefenamic acid,OASIS057,0.1369294673204422,1.1428791284561157,0.12939304113388062,COX,O=C(O)C1=CC=CC=C1NC2=CC=CC(C)=C2C,s3://cellpainting-gallery/cpg0037-oasis/axiom/images/prod_25/images/plate_41002699/r11c24f08p01-ch6sk1fk1fl1.tiff,s3://cellpainting-gallery/cpg0037-oasis/axiom/images/prod_25/images/plate_41002699/r11c24f08p01-ch1sk1fk1fl1.tiff,s3://cellpainting-gallery/cpg0037-oasis/axiom/images/prod_25/images/plate_41002699/r11c24f08p01-ch2sk1fk1fl1.tiff,s3://cellpainting-gallery/cpg0037-oasis/axiom/images/prod_25/images/plate_41002699/r11c24f08p01-ch4sk1fk1fl1.tiff,s3://cellpainting-gallery/cpg0037-oasis/axiom/images/prod_25/images/plate_41002699/r11c24f08p01-ch3sk1fk1fl1.tiff,s3://cellpainting-gallery/cpg0037-oasis/axiom/images/prod_25/images/plate_41002699/r11c24f08p01-ch5sk1fk1fl1.tiff
p41002699_L21_s08,plate_41002699,L21,8.0,Etravirine,OASIS886,0.1369294673204422,1.0609408617019653,-0.022694801911711693,HIV; Reverse Transcriptase,N#CC1=CC(C)=C(C(C)=C1)OC2=NC(NC3=CC=C(C=C3)C#N)=NC(N)=C2Br,s3://cellpainting-gallery/cpg0037-oasis/axiom/images/prod_25/images/plate_41002699/r12c21f08p01-ch6sk1fk1fl1.tiff,s3://cellpainting-gallery/cpg0037-oasis/axiom/images/prod_25/images/plate_41002699/r12c21f08p01-ch1sk1fk1fl1.tiff,s3://cellpainting-gallery/cpg0037-oasis/axiom/images/prod_25/images/plate_41002699/r12c21f08p01-ch2sk1fk1fl1.tiff,s3://cellpainting-gallery/cpg0037-oasis/axiom/images/prod_25/images/plate_41002699/r12c21f08p01-ch4sk1fk1fl1.tiff,s3://cellpainting-gallery/cpg0037-oasis/axiom/images/prod_25/images/plate_41002699/r12c21f08p01-ch3sk1fk1fl1.tiff,s3://cellpainting-gallery/cpg0037-oasis/axiom/images/prod_25/images/plate_41002699/r12c21f08p01-ch5sk1fk1fl1.tiff
p41002699_L23_s08,plate_41002699,L23,8.0,Telaprevir,OASIS980,0.1369294673204422,1.047107219696045,-0.08184007555246353,HCV; HCV Protease; SARS-CoV,O=C(N([C@@H]1C(N[C@H](C(C(NC2CC2)=O)=O)CCC)=O)C[C@@]3(CCC[C@@]31[H])[H])[C@@H](NC([C@@H](NC(C4=NC=CN=C4)=O)C5CCCCC5)=O)C(C)(C)C,s3://cellpainting-gallery/cpg0037-oasis/axiom/images/prod_25/images/plate_41002699/r12c23f08p01-ch6sk1fk1fl1.tiff,s3://cellpainting-gallery/cpg0037-oasis/axiom/images/prod_25/images/plate_41002699/r12c23f08p01-ch1sk1fk1fl1.tiff,s3://cellpainting-gallery/cpg0037-oasis/axiom/images/prod_25/images/plate_41002699/r12c23f08p01-ch2sk1fk1fl1.tiff,s3://cellpainting-gallery/cpg0037-oasis/axiom/images/prod_25/images/plate_41002699/r12c23f08p01-ch4sk1fk1fl1.tiff,s3://cellpainting-gallery/cpg0037-oasis/axiom/images/prod_25/images/plate_41002699/r12c23f08p01-ch3sk1fk1fl1.tiff,s3://cellpainting-gallery/cpg0037-oasis/axiom/images/prod_25/images/plate_41002699/r12c23f08p01-ch5sk1fk1fl1.tiff
p41002699_O12_s08,plate_41002699,O12,8.0,DMSO,,0.0,0.9907081127166748,0.11249438673257828,,,s3://cellpainting-gallery/cpg0037-oasis/axiom/images/prod_25/images/plate_41002699/r15c12f08p01-ch6sk1fk1fl1.tiff,s3://cellpainting-gallery/cpg0037-oasis/axiom/images/prod_25/images/plate_41002699/r15c12f08p01-ch1sk1fk1fl1.tiff,s3://cellpainting-gallery/cpg0037-oasis/axiom/images/prod_25/images/plate_41002699/r15c12f08p01-ch2sk1fk1fl1.tiff,s3://cellpainting-gallery/cpg0037-oasis/axiom/images/prod_25/images/plate_41002699/r15c12f08p01-ch4sk1fk1fl1.tiff,s3://cellpainting-gallery/cpg0037-oasis/axiom/images/prod_25/images/plate_41002699/r15c12f08p01-ch3sk1fk1fl1.tiff,s3://cellpainting-gallery/cpg0037-oasis/axiom/images/prod_25/images/plate_41002699/r15c12f08p01-ch5sk1fk1fl1.tiff
p41002700_A16_s01,plate_41002700,A16,1.0,Dasatinib,OASIS1044,33.5,0.44704821705818176,0.25692176818847656,Apoptosis; Autophagy; Bcr-Abl; Src,O=C(C1=CN=C(S1)NC2=NC(C)=NC(N3CCN(CC3)CCO)=C2)NC4=C(C=CC=C4Cl)C,s3://cellpainting-gallery/cpg0037-oasis/axiom/images/prod_25/images/plate_41002700/r01c16f01p01-ch6sk1fk1fl1.tiff,s3://cellpainting-gallery/cpg0037-oasis/axiom/images/prod_25/images/plate_41002700/r01c16f01p01-ch1sk1fk1fl1.tiff,s3://cellpainting-gallery/cpg0037-oasis/axiom/images/prod_25/images/plate_41002700/r01c16f01p01-ch2sk1fk1fl1.tiff,s3://cellpainting-gallery/cpg0037-oasis/axiom/images/prod_25/images/plate_41002700/r01c16f01p01-ch4sk1fk1fl1.tiff,s3://cellpainting-gallery/cpg0037-oasis/axiom/images/prod_25/images/plate_41002700/r01c16f01p01-ch3sk1fk1fl1.tiff,s3://cellpainting-gallery/cpg0037-oasis/axiom/images/prod_25/images/plate_41002700/r01c16f01p01-ch5sk1fk1fl1.tiff
p41002700_A18_s01,plate_41002700,A18,1.0,Compound_d60a93f5,,33.5,0.6561155319213867,0.4126465916633606,,,s3://cellpainting-gallery/cpg0037-oasis/axiom/images/prod_25/images/plate_41002700/r01c18f01p01-ch6sk1fk1fl1.tiff,s3://cellpainting-gallery/cpg0037-oasis/axiom/images/prod_25/images/plate_41002700/r01c18f01p01-ch1sk1fk1fl1.tiff,s3://cellpainting-gallery/cpg0037-oasis/axiom/images/prod_25/images/plate_41002700/r01c18f01p01-ch2sk1fk1fl1.tiff,s3://cellpainting-gallery/cpg0037-oasis/axiom/images/prod_25/images/plate_41002700/r01c18f01p01-ch4sk1fk1fl1.tiff,s3://cellpainting-gallery/cpg0037-oasis/axiom/images/prod_25/images/plate_41002700/r01c18f01p01-ch3sk1fk1fl1.tiff,s3://cellpainting-gallery/cpg0037-oasis/axiom/images/prod_25/images/plate_41002700/r01c18f01p01-ch5sk1fk1fl1.tiff
p41002700_B15_s01,plate_41002700,B15,1.0,Nifurtimox,OASIS1788,33.5,1.0464487075805664,0.07060814648866653,Lactate Dehydrogenase; Parasite,O=S1(CC(C)N(/N=C/C2=CC=C([N+]([O-])=O)O2)CC1)=O,s3://cellpainting-gallery/cpg0037-oasis/axiom/images/prod_25/images/plate_41002700/r02c15f01p01-ch6sk1fk1fl1.tiff,s3://cellpainting-gallery/cpg0037-oasis/axiom/images/prod_25/images/plate_41002700/r02c15f01p01-ch1sk1fk1fl1.tiff,s3://cellpainting-gallery/cpg0037-oasis/axiom/images/prod_25/images/plate_41002700/r02c15f01p01-ch2sk1fk1fl1.tiff,s3://cellpainting-gallery/cpg0037-oasis/axiom/images/prod_25/images/plate_41002700/r02c15f01p01-ch4sk1fk1fl1.tiff,s3://cellpainting-gallery/cpg0037-oasis/axiom/images/prod_25/images/plate_41002700/r02c15f01p01-ch3sk1fk1fl1.tiff,s3://cellpainting-gallery/cpg0037-oasis/axiom/images/prod_25/images/plate_41002700/r02c15f01p01-ch5sk1fk1fl1.tiff
p41002700_B24_s01,plate_41002700,B24,1.0,Entrectinib,OASIS1729,33.5,0.08896481990814209,0.7797122597694397,Anaplastic lymphoma kinase (ALK); Autophagy; ROS Kinase; Trk Receptor,O=C(NC1=NNC2=C1C=C(CC3=CC(F)=CC(F)=C3)C=C2)C4=C(NC5CCOCC5)C=C(N6CCN(C)CC6)C=C4,s3://cellpainting-gallery/cpg0037-oasis/axiom/images/prod_25/images/plate_41002700/r02c24f01p01-ch6sk1fk1fl1.tiff,s3://cellpainting-gallery/cpg0037-oasis/axiom/images/prod_25/images/plate_41002700/r02c24f01p01-ch1sk1fk1fl1.tiff,s3://cellpainting-gallery/cpg0037-oasis/axiom/images/prod_25/images/plate_41002700/r02c24f01p01-ch2sk1fk1fl1.tiff,s3://cellpainting-gallery/cpg0037-oasis/axiom/images/prod_25/images/plate_41002700/r02c24f01p01-ch4sk1fk1fl1.tiff,s3://cellpainting-gallery/cpg0037-oasis/axiom/images/prod_25/images/plate_41002700/r02c24f01p01-ch3sk1fk1fl1.tiff,s3://cellpainting-gallery/cpg0037-oasis/axiom/images/prod_25/images/plate_41002700/r02c24f01p01-ch5sk1fk1fl1.tiff
p41002700_C11_s01,plate_41002700,C11,1.0,Irinotecan,OASIS744,33.5,0.8090237975120544,0.009430539794266224,Autophagy; Topoisomerase,O=C(N1CCC(N2CCCCC2)CC1)OC3=CC=C4N=C5C(CN6C(C(COC([C@@]7(CC)O)=O)=C7C=C65)=O)=C(CC)C4=C3,s3://cellpainting-gallery/cpg0037-oasis/axiom/images/prod_25/images/plate_41002700/r03c11f01p01-ch6sk1fk1fl1.tiff,s3://cellpainting-gallery/cpg0037-oasis/axiom/images/prod_25/images/plate_41002700/r03c11f01p01-ch1sk1fk1fl1.tiff,s3://cellpainting-gallery/cpg0037-oasis/axiom/images/prod_25/images/plate_41002700/r03c11f01p01-ch2sk1fk1fl1.tiff,s3://cellpainting-gallery/cpg0037-oasis/axiom/images/prod_25/images/plate_41002700/r03c11f01p01-ch4sk1fk1fl1.tiff,s3://cellpainting-gallery/cpg0037-oasis/axiom/images/prod_25/images/plate_41002700/r03c11f01p01-ch3sk1fk1fl1.tiff,s3://cellpainting-gallery/cpg0037-oasis/axiom/images/prod_25/images/plate_41002700/r03c11f01p01-ch5sk1fk1fl1.tiff
p41002700_C19_s01,plate_41002700,C19,1.0,Tegaserod,OASIS1249,33.5,0.022241204977035522,0.6017410159111023,5-HT Receptor; Apoptosis,COC1=CC=C(NC=C2/C=N/NC(NCCCCC)=N)C2=C1,s3://cellpainting-gallery/cpg0037-oasis/axiom/images/prod_25/images/plate_41002700/r03c19f01p01-ch6sk1fk1fl1.tiff,s3://cellpainting-gallery/cpg0037-oasis/axiom/images/prod_25/images/plate_41002700/r03c19f01p01-ch1sk1fk1fl1.tiff,s3://cellpainting-gallery/cpg0037-oasis/axiom/images/prod_25/images/plate_41002700/r03c19f01p01-ch2sk1fk1fl1.tiff,s3://cellpainting-gallery/cpg0037-oasis/axiom/images/prod_25/images/plate_41002700/r03c19f01p01-ch4sk1fk1fl1.tiff,s3://cellpainting-gallery/cpg0037-oasis/axiom/images/prod_25/images/plate_41002700/r03c19f01p01-ch3sk1fk1fl1.tiff,s3://cellpainting-gallery/cpg0037-oasis/axiom/images/prod_25/images/plate_41002700/r03c19f01p01-ch5sk1fk1fl1.tiff
p41002700_C23_s01,plate_41002700,C23,1.0,Risperidone,OASIS1459,33.5,0.16402888298034668,0.028896141797304153,5-HT Receptor; Dopamine Receptor; P-glycoprotein,O=C1C(CCN2CCC(C3=NOC4=C3C=CC(F)=C4)CC2)=C(C)N=C5N1CCCC5,s3://cellpainting-gallery/cpg0037-oasis/axiom/images/prod_25/images/plate_41002700/r03c23f01p01-ch6sk1fk1fl1.tiff,s3://cellpainting-gallery/cpg0037-oasis/axiom/images/prod_25/images/plate_41002700/r03c23f01p01-ch1sk1fk1fl1.tiff,s3://cellpainting-gallery/cpg0037-oasis/axiom/images/prod_25/images/plate_41002700/r03c23f01p01-ch2sk1fk1fl1.tiff,s3://cellpainting-gallery/cpg0037-oasis/axiom/images/prod_25/images/plate_41002700/r03c23f01p01-ch4sk1fk1fl1.tiff,s3://cellpainting-gallery/cpg0037-oasis/axiom/images/prod_25/images/plate_41002700/r03c23f01p01-ch3sk1fk1fl1.tiff,s3://cellpainting-gallery/cpg0037-oasis/axiom/images/prod_25/images/plate_41002700/r03c23f01p01-ch5sk1fk1fl1.tiff
p41002700_D11_s01,plate_41002700,D11,1.0,Gabapentin enacarbil,OASIS1791,33.5,0.9591519236564636,-0.021158264949917793,Calcium Channel,O=C(O)CC1(CNC(OC(OC(C(C)C)=O)C)=O)CCCCC1,s3://cellpainting-gallery/cpg0037-oasis/axiom/images/prod_25/images/plate_41002700/r04c11f01p01-ch6sk1fk1fl1.tiff,s3://cellpainting-gallery/cpg0037-oasis/axiom/images/prod_25/images/plate_41002700/r04c11f01p01-ch1sk1fk1fl1.tiff,s3://cellpainting-gallery/cpg0037-oasis/axiom/images/prod_25/images/plate_41002700/r04c11f01p01-ch2sk1fk1fl1.tiff,s3://cellpainting-gallery/cpg0037-oasis/axiom/images/prod_25/images/plate_41002700/r04c11f01p01-ch4sk1fk1fl1.tiff,s3://cellpainting-gallery/cpg0037-oasis/axiom/images/prod_25/images/plate_41002700/r04c11f01p01-ch3sk1fk1fl1.tiff,s3://cellpainting-gallery/cpg0037-oasis/axiom/images/prod_25/images/plate_41002700/r04c11f01p01-ch5sk1fk1fl1.tiff
p41002700_D13_s01,plate_41002700,D13,1.0,Oseltamivir,OASIS1570,33.5,0.9747207760810852,0.012211340479552746,Influenza Virus,O=C(OCC)C1=C[C@H]([C@@H]([C@H](C1)N)NC(C)=O)OC(CC)CC,s3://cellpainting-gallery/cpg0037-oasis/axiom/images/prod_25/images/plate_41002700/r04c13f01p01-ch6sk1fk1fl1.tiff,s3://cellpainting-gallery/cpg0037-oasis/axiom/images/prod_25/images/plate_41002700/r04c13f01p01-ch1sk1fk1fl1.tiff,s3://cellpainting-gallery/cpg0037-oasis/axiom/images/prod_25/images/plate_41002700/r04c13f01p01-ch2sk1fk1fl1.tiff,s3://cellpainting-gallery/cpg0037-oasis/axiom/images/prod_25/images/plate_41002700/r04c13f01p01-ch4sk1fk1fl1.tiff,s3://cellpainting-gallery/cpg0037-oasis/axiom/images/prod_25/images/plate_41002700/r04c13f01p01-ch3sk1fk1fl1.tiff,s3://cellpainting-gallery/cpg0037-oasis/axiom/images/prod_25/images/plate_41002700/r04c13f01p01-ch5sk1fk1fl1.tiff
p41002700_D17_s01,plate_41002700,D17,1.0,Puromycin aminonucleoside,OASIS104,33.5,0.5287846326828003,0.16515536606311798,Aminopeptidase; Antibiotic; Apoptosis; Bacterial; Dipeptidyl Peptidase,N[C@H]1[C@@H](O)[C@H](N(C=N2)C3=C2C(N(C)C)=NC=N3)O[C@@H]1CO,s3://cellpainting-gallery/cpg0037-oasis/axiom/images/prod_25/images/plate_41002700/r04c17f01p01-ch6sk1fk1fl1.tiff,s3://cellpainting-gallery/cpg0037-oasis/axiom/images/prod_25/images/plate_41002700/r04c17f01p01-ch1sk1fk1fl1.tiff,s3://cellpainting-gallery/cpg0037-oasis/axiom/images/prod_25/images/plate_41002700/r04c17f01p01-ch2sk1fk1fl1.tiff,s3://cellpainting-gallery/cpg0037-oasis/axiom/images/prod_25/images/plate_41002700/r04c17f01p01-ch4sk1fk1fl1.tiff,s3://cellpainting-gallery/cpg0037-oasis/axiom/images/prod_25/images/plate_41002700/r04c17f01p01-ch3sk1fk1fl1.tiff,s3://cellpainting-gallery/cpg0037-oasis/axiom/images/prod_25/images/plate_41002700/r04c17f01p01-ch5sk1fk1fl1.tiff
p41002700_E10_s01,plate_41002700,E10,1.0,Tenofovir alafenamide,OASIS1847,33.5,0.5054313540458679,0.03723854199051857,HIV; Reverse Transcriptase,NC1=NC=NC2=C1N=CN2C[C@@H](C)OC[P@](OC3=CC=CC=C3)(N[C@@H](C)C(OC(C)C)=O)=O,s3://cellpainting-gallery/cpg0037-oasis/axiom/images/prod_25/images/plate_41002700/r05c10f01p01-ch6sk1fk1fl1.tiff,s3://cellpainting-gallery/cpg0037-oasis/axiom/images/prod_25/images/plate_41002700/r05c10f01p01-ch1sk1fk1fl1.tiff,s3://cellpainting-gallery/cpg0037-oasis/axiom/images/prod_25/images/plate_41002700/r05c10f01p01-ch2sk1fk1fl1.tiff,s3://cellpainting-gallery/cpg0037-oasis/axiom/images/prod_25/images/plate_41002700/r05c10f01p01-ch4sk1fk1fl1.tiff,s3://cellpainting-gallery/cpg0037-oasis/axiom/images/prod_25/images/plate_41002700/r05c10f01p01-ch3sk1fk1fl1.tiff,s3://cellpainting-gallery/cpg0037-oasis/axiom/images/prod_25/images/plate_41002700/r05c10f01p01-ch5sk1fk1fl1.tiff
p41002700_E11_s01,plate_41002700,E11,1.0,Macitentan,OASIS1840,33.5,0.8373813629150391,-0.07121267169713974,Apoptosis; Endothelin Receptor,BrC1=CN=C(OCCOC2=C(C3=CC=C(Br)C=C3)C(NS(NCCC)(=O)=O)=NC=N2)N=C1,s3://cellpainting-gallery/cpg0037-oasis/axiom/images/prod_25/images/plate_41002700/r05c11f01p01-ch6sk1fk1fl1.tiff,s3://cellpainting-gallery/cpg0037-oasis/axiom/images/prod_25/images/plate_41002700/r05c11f01p01-ch1sk1fk1fl1.tiff,s3://cellpainting-gallery/cpg0037-oasis/axiom/images/prod_25/images/plate_41002700/r05c11f01p01-ch2sk1fk1fl1.tiff,s3://cellpainting-gallery/cpg0037-oasis/axiom/images/prod_25/images/plate_41002700/r05c11f01p01-ch4sk1fk1fl1.tiff,s3://cellpainting-gallery/cpg0037-oasis/axiom/images/prod_25/images/plate_41002700/r05c11f01p01-ch3sk1fk1fl1.tiff,s3://cellpainting-gallery/cpg0037-oasis/axiom/images/prod_25/images/plate_41002700/r05c11f01p01-ch5sk1fk1fl1.tiff
p41002700_E12_s01,plate_41002700,E12,1.0,DMSO,,0.0,1.0030783414840698,-0.06287027150392532,,,s3://cellpainting-gallery/cpg0037-oasis/axiom/images/prod_25/images/plate_41002700/r05c12f01p01-ch6sk1fk1fl1.tiff,s3://cellpainting-gallery/cpg0037-oasis/axiom/images/prod_25/images/plate_41002700/r05c12f01p01-ch1sk1fk1fl1.tiff,s3://cellpainting-gallery/cpg0037-oasis/axiom/images/prod_25/images/plate_41002700/r05c12f01p01-ch2sk1fk1fl1.tiff,s3://cellpainting-gallery/cpg0037-oasis/axiom/images/prod_25/images/plate_41002700/r05c12f01p01-ch4sk1fk1fl1.tiff,s3://cellpainting-gallery/cpg0037-oasis/axiom/images/prod_25/images/plate_41002700/r05c12f01p01-ch3sk1fk1fl1.tiff,s3://cellpainting-gallery/cpg0037-oasis/axiom/images/prod_25/images/plate_41002700/r05c12f01p01-ch5sk1fk1fl1.tiff
p41002700_E13_s01,plate_41002700,E13,1.0,Edoxaban (tosylate),OASIS1737,33.5,0.8907602429389954,-0.04062386602163315,Factor Xa; Thrombin,O=C(N(C)C)[C@@H](CC1)C[C@H]([C@H]1NC(C(NC(C=C2)=NC=C2Cl)=O)=O)NC(C3=NC(CC4)=C(CN4C)S3)=O.O=S(C5=CC=C(C)C=C5)(O)=O,s3://cellpainting-gallery/cpg0037-oasis/axiom/images/prod_25/images/plate_41002700/r05c13f01p01-ch6sk1fk1fl1.tiff,s3://cellpainting-gallery/cpg0037-oasis/axiom/images/prod_25/images/plate_41002700/r05c13f01p01-ch1sk1fk1fl1.tiff,s3://cellpainting-gallery/cpg0037-oasis/axiom/images/prod_25/images/plate_41002700/r05c13f01p01-ch2sk1fk1fl1.tiff,s3://cellpainting-gallery/cpg0037-oasis/axiom/images/prod_25/images/plate_41002700/r05c13f01p01-ch4sk1fk1fl1.tiff,s3://cellpainting-gallery/cpg0037-oasis/axiom/images/prod_25/images/plate_41002700/r05c13f01p01-ch3sk1fk1fl1.tiff,s3://cellpainting-gallery/cpg0037-oasis/axiom/images/prod_25/images/plate_41002700/r05c13f01p01-ch5sk1fk1fl1.tiff
p41002700_E20_s01,plate_41002700,E20,1.0,DMSO,,0.0,1.1242928504943848,-0.06843186914920807,,,s3://cellpainting-gallery/cpg0037-oasis/axiom/images/prod_25/images/plate_41002700/r05c20f01p01-ch6sk1fk1fl1.tiff,s3://cellpainting-gallery/cpg0037-oasis/axiom/images/prod_25/images/plate_41002700/r05c20f01p01-ch1sk1fk1fl1.tiff,s3://cellpainting-gallery/cpg0037-oasis/axiom/images/prod_25/images/plate_41002700/r05c20f01p01-ch2sk1fk1fl1.tiff,s3://cellpainting-gallery/cpg0037-oasis/axiom/images/prod_25/images/plate_41002700/r05c20f01p01-ch4sk1fk1fl1.tiff,s3://cellpainting-gallery/cpg0037-oasis/axiom/images/prod_25/images/plate_41002700/r05c20f01p01-ch3sk1fk1fl1.tiff,s3://cellpainting-gallery/cpg0037-oasis/axiom/images/prod_25/images/plate_41002700/r05c20f01p01-ch5sk1fk1fl1.tiff
p41002700_F11_s01,plate_41002700,F11,1.0,Etravirine,OASIS886,33.5,1.014198899269104,-0.04062386602163315,HIV; Reverse Transcriptase,N#CC1=CC(C)=C(C(C)=C1)OC2=NC(NC3=CC=C(C=C3)C#N)=NC(N)=C2Br,s3://cellpainting-gallery/cpg0037-oasis/axiom/images/prod_25/images/plate_41002700/r06c11f01p01-ch6sk1fk1fl1.tiff,s3://cellpainting-gallery/cpg0037-oasis/axiom/images/prod_25/images/plate_41002700/r06c11f01p01-ch1sk1fk1fl1.tiff,s3://cellpainting-gallery/cpg0037-oasis/axiom/images/prod_25/images/plate_41002700/r06c11f01p01-ch2sk1fk1fl1.tiff,s3://cellpainting-gallery/cpg0037-oasis/axiom/images/prod_25/images/plate_41002700/r06c11f01p01-ch4sk1fk1fl1.tiff,s3://cellpainting-gallery/cpg0037-oasis/axiom/images/prod_25/images/plate_41002700/r06c11f01p01-ch3sk1fk1fl1.tiff,s3://cellpainting-gallery/cpg0037-oasis/axiom/images/prod_25/images/plate_41002700/r06c11f01p01-ch5sk1fk1fl1.tiff
p41002700_F16_s01,plate_41002700,F16,1.0,Dantrolene,OASIS069,33.5,0.8340451717376709,0.02611534297466278,Autophagy; Calcium Channel,O=C1NC(CN1/N=C/C2=CC=C(C3=CC=C([N+]([O-])=O)C=C3)O2)=O,s3://cellpainting-gallery/cpg0037-oasis/axiom/images/prod_25/images/plate_41002700/r06c16f01p01-ch6sk1fk1fl1.tiff,s3://cellpainting-gallery/cpg0037-oasis/axiom/images/prod_25/images/plate_41002700/r06c16f01p01-ch1sk1fk1fl1.tiff,s3://cellpainting-gallery/cpg0037-oasis/axiom/images/prod_25/images/plate_41002700/r06c16f01p01-ch2sk1fk1fl1.tiff,s3://cellpainting-gallery/cpg0037-oasis/axiom/images/prod_25/images/plate_41002700/r06c16f01p01-ch4sk1fk1fl1.tiff,s3://cellpainting-gallery/cpg0037-oasis/axiom/images/prod_25/images/plate_41002700/r06c16f01p01-ch3sk1fk1fl1.tiff,s3://cellpainting-gallery/cpg0037-oasis/axiom/images/prod_25/images/plate_41002700/r06c16f01p01-ch5sk1fk1fl1.tiff
p41002700_G11_s01,plate_41002700,G11,1.0,Enzalutamide,OASIS1748,33.5,0.41535449028015137,-0.05452786758542061,Androgen Receptor; Autophagy,S=C(N(C(C1(C)C)=O)C2=CC=C(C#N)C(C(F)(F)F)=C2)N1C3=CC(F)=C(C(NC)=O)C=C3,s3://cellpainting-gallery/cpg0037-oasis/axiom/images/prod_25/images/plate_41002700/r07c11f01p01-ch6sk1fk1fl1.tiff,s3://cellpainting-gallery/cpg0037-oasis/axiom/images/prod_25/images/plate_41002700/r07c11f01p01-ch1sk1fk1fl1.tiff,s3://cellpainting-gallery/cpg0037-oasis/axiom/images/prod_25/images/plate_41002700/r07c11f01p01-ch2sk1fk1fl1.tiff,s3://cellpainting-gallery/cpg0037-oasis/axiom/images/prod_25/images/plate_41002700/r07c11f01p01-ch4sk1fk1fl1.tiff,s3://cellpainting-gallery/cpg0037-oasis/axiom/images/prod_25/images/plate_41002700/r07c11f01p01-ch3sk1fk1fl1.tiff,s3://cellpainting-gallery/cpg0037-oasis/axiom/images/prod_25/images/plate_41002700/r07c11f01p01-ch5sk1fk1fl1.tiff
p41002700_G14_s01,plate_41002700,G14,1.0,Bifenazate,OASIS411,33.5,1.249955654144287,-0.01837746426463127,GABA Receptor,COC1=CC=C(C2=CC=CC=C2)C=C1NNC(OC(C)C)=O,s3://cellpainting-gallery/cpg0037-oasis/axiom/images/prod_25/images/plate_41002700/r07c14f01p01-ch6sk1fk1fl1.tiff,s3://cellpainting-gallery/cpg0037-oasis/axiom/images/prod_25/images/plate_41002700/r07c14f01p01-ch1sk1fk1fl1.tiff,s3://cellpainting-gallery/cpg0037-oasis/axiom/images/prod_25/images/plate_41002700/r07c14f01p01-ch2sk1fk1fl1.tiff,s3://cellpainting-gallery/cpg0037-oasis/axiom/images/prod_25/images/plate_41002700/r07c14f01p01-ch4sk1fk1fl1.tiff,s3://cellpainting-gallery/cpg0037-oasis/axiom/images/prod_25/images/plate_41002700/r07c14f01p01-ch3sk1fk1fl1.tiff,s3://cellpainting-gallery/cpg0037-oasis/axiom/images/prod_25/images/plate_41002700/r07c14f01p01-ch5sk1fk1fl1.tiff
p41002700_G16_s01,plate_41002700,G16,1.0,6-Thioguanine,OASIS1225,33.5,0.9224539399147034,0.003868939122185111,Apoptosis; Autophagy; Deubiquitinase; DNA Methyltransferase; Endogenous Metabolite; SARS-CoV,SC1=NC(N)=NC2=C1N=CN2,s3://cellpainting-gallery/cpg0037-oasis/axiom/images/prod_25/images/plate_41002700/r07c16f01p01-ch6sk1fk1fl1.tiff,s3://cellpainting-gallery/cpg0037-oasis/axiom/images/prod_25/images/plate_41002700/r07c16f01p01-ch1sk1fk1fl1.tiff,s3://cellpainting-gallery/cpg0037-oasis/axiom/images/prod_25/images/plate_41002700/r07c16f01p01-ch2sk1fk1fl1.tiff,s3://cellpainting-gallery/cpg0037-oasis/axiom/images/prod_25/images/plate_41002700/r07c16f01p01-ch4sk1fk1fl1.tiff,s3://cellpainting-gallery/cpg0037-oasis/axiom/images/prod_25/images/plate_41002700/r07c16f01p01-ch3sk1fk1fl1.tiff,s3://cellpainting-gallery/cpg0037-oasis/axiom/images/prod_25/images/plate_41002700/r07c16f01p01-ch5sk1fk1fl1.tiff
p41002700_G24_s01,plate_41002700,G24,1.0,Lomitapide (mesylate),OASIS1863,33.5,0.2846873998641968,0.26804497838020325,Microsomal Triglyceride Transfer Protein (MTP),O=C(C1(CCCCN2CCC(NC(C3=CC=CC=C3C4=CC=C(C(F)(F)F)C=C4)=O)CC2)C5=C(C6=C1C=CC=C6)C=CC=C5)NCC(F)(F)F.O=S(C)(O)=O,s3://cellpainting-gallery/cpg0037-oasis/axiom/images/prod_25/images/plate_41002700/r07c24f01p01-ch6sk1fk1fl1.tiff,s3://cellpainting-gallery/cpg0037-oasis/axiom/images/prod_25/images/plate_41002700/r07c24f01p01-ch1sk1fk1fl1.tiff,s3://cellpainting-gallery/cpg0037-oasis/axiom/images/prod_25/images/plate_41002700/r07c24f01p01-ch2sk1fk1fl1.tiff,s3://cellpainting-gallery/cpg0037-oasis/axiom/images/prod_25/images/plate_41002700/r07c24f01p01-ch4sk1fk1fl1.tiff,s3://cellpainting-gallery/cpg0037-oasis/axiom/images/prod_25/images/plate_41002700/r07c24f01p01-ch3sk1fk1fl1.tiff,s3://cellpainting-gallery/cpg0037-oasis/axiom/images/prod_25/images/plate_41002700/r07c24f01p01-ch5sk1fk1fl1.tiff
p41002700_I14_s01,plate_41002700,I14,1.0,Telaprevir,OASIS980,33.5,1.0225393772125244,-0.01837746426463127,HCV; HCV Protease; SARS-CoV,O=C(N([C@@H]1C(N[C@H](C(C(NC2CC2)=O)=O)CCC)=O)C[C@@]3(CCC[C@@]31[H])[H])[C@@H](NC([C@@H](NC(C4=NC=CN=C4)=O)C5CCCCC5)=O)C(C)(C)C,s3://cellpainting-gallery/cpg0037-oasis/axiom/images/prod_25/images/plate_41002700/r09c14f01p01-ch6sk1fk1fl1.tiff,s3://cellpainting-gallery/cpg0037-oasis/axiom/images/prod_25/images/plate_41002700/r09c14f01p01-ch1sk1fk1fl1.tiff,s3://cellpainting-gallery/cpg0037-oasis/axiom/images/prod_25/images/plate_41002700/r09c14f01p01-ch2sk1fk1fl1.tiff,s3://cellpainting-gallery/cpg0037-oasis/axiom/images/prod_25/images/plate_41002700/r09c14f01p01-ch4sk1fk1fl1.tiff,s3://cellpainting-gallery/cpg0037-oasis/axiom/images/prod_25/images/plate_41002700/r09c14f01p01-ch3sk1fk1fl1.tiff,s3://cellpainting-gallery/cpg0037-oasis/axiom/images/prod_25/images/plate_41002700/r09c14f01p01-ch5sk1fk1fl1.tiff
p41002700_I15_s01,plate_41002700,I15,1.0,Cobicistat,OASIS597,33.5,0.6171934008598328,0.11510095745325089,Cytochrome P450; HIV,CN(C(N[C@@H](CCN1CCOCC1)C(N[C@@H](CC2=CC=CC=C2)CC[C@@H](NC(OCC3=CN=CS3)=O)CC4=CC=CC=C4)=O)=O)CC5=CSC(C(C)C)=N5,s3://cellpainting-gallery/cpg0037-oasis/axiom/images/prod_25/images/plate_41002700/r09c15f01p01-ch6sk1fk1fl1.tiff,s3://cellpainting-gallery/cpg0037-oasis/axiom/images/prod_25/images/plate_41002700/r09c15f01p01-ch1sk1fk1fl1.tiff,s3://cellpainting-gallery/cpg0037-oasis/axiom/images/prod_25/images/plate_41002700/r09c15f01p01-ch2sk1fk1fl1.tiff,s3://cellpainting-gallery/cpg0037-oasis/axiom/images/prod_25/images/plate_41002700/r09c15f01p01-ch4sk1fk1fl1.tiff,s3://cellpainting-gallery/cpg0037-oasis/axiom/images/prod_25/images/plate_41002700/r09c15f01p01-ch3sk1fk1fl1.tiff,s3://cellpainting-gallery/cpg0037-oasis/axiom/images/prod_25/images/plate_41002700/r09c15f01p01-ch5sk1fk1fl1.tiff
p41002700_I16_s01,plate_41002700,I16,1.0,Zalcitabine,OASIS648,33.5,0.9752768278121948,0.028896141797304153,HIV; Reverse Transcriptase,OC[C@@H]1CC[C@H](N2C=CC(N)=NC2=O)O1,s3://cellpainting-gallery/cpg0037-oasis/axiom/images/prod_25/images/plate_41002700/r09c16f01p01-ch6sk1fk1fl1.tiff,s3://cellpainting-gallery/cpg0037-oasis/axiom/images/prod_25/images/plate_41002700/r09c16f01p01-ch1sk1fk1fl1.tiff,s3://cellpainting-gallery/cpg0037-oasis/axiom/images/prod_25/images/plate_41002700/r09c16f01p01-ch2sk1fk1fl1.tiff,s3://cellpainting-gallery/cpg0037-oasis/axiom/images/prod_25/images/plate_41002700/r09c16f01p01-ch4sk1fk1fl1.tiff,s3://cellpainting-gallery/cpg0037-oasis/axiom/images/prod_25/images/plate_41002700/r09c16f01p01-ch3sk1fk1fl1.tiff,s3://cellpainting-gallery/cpg0037-oasis/axiom/images/prod_25/images/plate_41002700/r09c16f01p01-ch5sk1fk1fl1.tiff
p41002700_I17_s01,plate_41002700,I17,1.0,Baloxavir marboxil,OASIS1853,33.5,0.5493577718734741,0.22911377251148224,Influenza Virus,O=C(C=C1)C(OCOC(OC)=O)=C2N1N([C@H]3C4=CC=C(F)C(F)=C4CSC5=CC=CC=C35)[C@@]6([H])N(CCOC6)C2=O,s3://cellpainting-gallery/cpg0037-oasis/axiom/images/prod_25/images/plate_41002700/r09c17f01p01-ch6sk1fk1fl1.tiff,s3://cellpainting-gallery/cpg0037-oasis/axiom/images/prod_25/images/plate_41002700/r09c17f01p01-ch1sk1fk1fl1.tiff,s3://cellpainting-gallery/cpg0037-oasis/axiom/images/prod_25/images/plate_41002700/r09c17f01p01-ch2sk1fk1fl1.tiff,s3://cellpainting-gallery/cpg0037-oasis/axiom/images/prod_25/images/plate_41002700/r09c17f01p01-ch4sk1fk1fl1.tiff,s3://cellpainting-gallery/cpg0037-oasis/axiom/images/prod_25/images/plate_41002700/r09c17f01p01-ch3sk1fk1fl1.tiff,s3://cellpainting-gallery/cpg0037-oasis/axiom/images/prod_25/images/plate_41002700/r09c17f01p01-ch5sk1fk1fl1.tiff
p41002700_J16_s01,plate_41002700,J16,1.0,Ebrotidine,OASIS1376,33.5,0.5554741024971008,-0.06843186914920807,Histamine Receptor,O=S(C1=CC=C(Br)C=C1)(/N=C/NCCSCC2=CSC(NC(N)=N)=N2)=O,s3://cellpainting-gallery/cpg0037-oasis/axiom/images/prod_25/images/plate_41002700/r10c16f01p01-ch6sk1fk1fl1.tiff,s3://cellpainting-gallery/cpg0037-oasis/axiom/images/prod_25/images/plate_41002700/r10c16f01p01-ch1sk1fk1fl1.tiff,s3://cellpainting-gallery/cpg0037-oasis/axiom/images/prod_25/images/plate_41002700/r10c16f01p01-ch2sk1fk1fl1.tiff,s3://cellpainting-gallery/cpg0037-oasis/axiom/images/prod_25/images/plate_41002700/r10c16f01p01-ch4sk1fk1fl1.tiff,s3://cellpainting-gallery/cpg0037-oasis/axiom/images/prod_25/images/plate_41002700/r10c16f01p01-ch3sk1fk1fl1.tiff,s3://cellpainting-gallery/cpg0037-oasis/axiom/images/prod_25/images/plate_41002700/r10c16f01p01-ch5sk1fk1fl1.tiff
p41002700_J17_s01,plate_41002700,J17,1.0,Thio-TEPA,OASIS607,33.5,0.9313504099845886,-0.05730867013335228,Antibiotic; Bacterial; DNA Alkylator/Crosslinker,S=P(N1CC1)(N2CC2)N3CC3,s3://cellpainting-gallery/cpg0037-oasis/axiom/images/prod_25/images/plate_41002700/r10c17f01p01-ch6sk1fk1fl1.tiff,s3://cellpainting-gallery/cpg0037-oasis/axiom/images/prod_25/images/plate_41002700/r10c17f01p01-ch1sk1fk1fl1.tiff,s3://cellpainting-gallery/cpg0037-oasis/axiom/images/prod_25/images/plate_41002700/r10c17f01p01-ch2sk1fk1fl1.tiff,s3://cellpainting-gallery/cpg0037-oasis/axiom/images/prod_25/images/plate_41002700/r10c17f01p01-ch4sk1fk1fl1.tiff,s3://cellpainting-gallery/cpg0037-oasis/axiom/images/prod_25/images/plate_41002700/r10c17f01p01-ch3sk1fk1fl1.tiff,s3://cellpainting-gallery/cpg0037-oasis/axiom/images/prod_25/images/plate_41002700/r10c17f01p01-ch5sk1fk1fl1.tiff
p41002700_J22_s01,plate_41002700,J22,1.0,Lenvatinib,OASIS1839,33.5,0.22241204977035522,-0.051747068762779236,c-Kit; FGFR; PDGFR; RET; VEGFR,O=C(N)C1=C(C=C2N=CC=C(C2=C1)OC3=CC=C(C(Cl)=C3)NC(NC4CC4)=O)OC,s3://cellpainting-gallery/cpg0037-oasis/axiom/images/prod_25/images/plate_41002700/r10c22f01p01-ch6sk1fk1fl1.tiff,s3://cellpainting-gallery/cpg0037-oasis/axiom/images/prod_25/images/plate_41002700/r10c22f01p01-ch1sk1fk1fl1.tiff,s3://cellpainting-gallery/cpg0037-oasis/axiom/images/prod_25/images/plate_41002700/r10c22f01p01-ch2sk1fk1fl1.tiff,s3://cellpainting-gallery/cpg0037-oasis/axiom/images/prod_25/images/plate_41002700/r10c22f01p01-ch4sk1fk1fl1.tiff,s3://cellpainting-gallery/cpg0037-oasis/axiom/images/prod_25/images/plate_41002700/r10c22f01p01-ch3sk1fk1fl1.tiff,s3://cellpainting-gallery/cpg0037-oasis/axiom/images/prod_25/images/plate_41002700/r10c22f01p01-ch5sk1fk1fl1.tiff
p41002700_J23_s01,plate_41002700,J23,1.0,Fluazinam,OASIS557,33.5,0.0950811505317688,0.14847056567668915,Fungal,FC(C1=CN=C(NC2=C([N+]([O-])=O)C=C(C(F)(F)F)C(Cl)=C2[N+]([O-])=O)C(Cl)=C1)(F)F,s3://cellpainting-gallery/cpg0037-oasis/axiom/images/prod_25/images/plate_41002700/r10c23f01p01-ch6sk1fk1fl1.tiff,s3://cellpainting-gallery/cpg0037-oasis/axiom/images/prod_25/images/plate_41002700/r10c23f01p01-ch1sk1fk1fl1.tiff,s3://cellpainting-gallery/cpg0037-oasis/axiom/images/prod_25/images/plate_41002700/r10c23f01p01-ch2sk1fk1fl1.tiff,s3://cellpainting-gallery/cpg0037-oasis/axiom/images/prod_25/images/plate_41002700/r10c23f01p01-ch4sk1fk1fl1.tiff,s3://cellpainting-gallery/cpg0037-oasis/axiom/images/prod_25/images/plate_41002700/r10c23f01p01-ch3sk1fk1fl1.tiff,s3://cellpainting-gallery/cpg0037-oasis/axiom/images/prod_25/images/plate_41002700/r10c23f01p01-ch5sk1fk1fl1.tiff
p41002700_K17_s01,plate_41002700,K17,1.0,Compound_06965c8b,,33.5,0.9280142188072205,-0.03228146582841873,,,s3://cellpainting-gallery/cpg0037-oasis/axiom/images/prod_25/images/plate_41002700/r11c17f01p01-ch6sk1fk1fl1.tiff,s3://cellpainting-gallery/cpg0037-oasis/axiom/images/prod_25/images/plate_41002700/r11c17f01p01-ch1sk1fk1fl1.tiff,s3://cellpainting-gallery/cpg0037-oasis/axiom/images/prod_25/images/plate_41002700/r11c17f01p01-ch2sk1fk1fl1.tiff,s3://cellpainting-gallery/cpg0037-oasis/axiom/images/prod_25/images/plate_41002700/r11c17f01p01-ch4sk1fk1fl1.tiff,s3://cellpainting-gallery/cpg0037-oasis/axiom/images/prod_25/images/plate_41002700/r11c17f01p01-ch3sk1fk1fl1.tiff,s3://cellpainting-gallery/cpg0037-oasis/axiom/images/prod_25/images/plate_41002700/r11c17f01p01-ch5sk1fk1fl1.tiff
p41002700_K18_s01,plate_41002700,K18,1.0,Ozagrel,OASIS1264,33.5,1.0247634649276733,-0.04340466856956482,Prostaglandin Receptor,O=C(O)/C=C/C1=CC=C(CN2C=CN=C2)C=C1,s3://cellpainting-gallery/cpg0037-oasis/axiom/images/prod_25/images/plate_41002700/r11c18f01p01-ch6sk1fk1fl1.tiff,s3://cellpainting-gallery/cpg0037-oasis/axiom/images/prod_25/images/plate_41002700/r11c18f01p01-ch1sk1fk1fl1.tiff,s3://cellpainting-gallery/cpg0037-oasis/axiom/images/prod_25/images/plate_41002700/r11c18f01p01-ch2sk1fk1fl1.tiff,s3://cellpainting-gallery/cpg0037-oasis/axiom/images/prod_25/images/plate_41002700/r11c18f01p01-ch4sk1fk1fl1.tiff,s3://cellpainting-gallery/cpg0037-oasis/axiom/images/prod_25/images/plate_41002700/r11c18f01p01-ch3sk1fk1fl1.tiff,s3://cellpainting-gallery/cpg0037-oasis/axiom/images/prod_25/images/plate_41002700/r11c18f01p01-ch5sk1fk1fl1.tiff
p41002700_K21_s01,plate_41002700,K21,1.0,Tasimelteon,OASIS1885,33.5,1.1103920936584473,-0.08233587443828583,Melatonin Receptor,[H][C@]1(C2=C3C(OCC3)=CC=C2)[C@@](CNC(CC)=O)([H])C1,s3://cellpainting-gallery/cpg0037-oasis/axiom/images/prod_25/images/plate_41002700/r11c21f01p01-ch6sk1fk1fl1.tiff,s3://cellpainting-gallery/cpg0037-oasis/axiom/images/prod_25/images/plate_41002700/r11c21f01p01-ch1sk1fk1fl1.tiff,s3://cellpainting-gallery/cpg0037-oasis/axiom/images/prod_25/images/plate_41002700/r11c21f01p01-ch2sk1fk1fl1.tiff,s3://cellpainting-gallery/cpg0037-oasis/axiom/images/prod_25/images/plate_41002700/r11c21f01p01-ch4sk1fk1fl1.tiff,s3://cellpainting-gallery/cpg0037-oasis/axiom/images/prod_25/images/plate_41002700/r11c21f01p01-ch3sk1fk1fl1.tiff,s3://cellpainting-gallery/cpg0037-oasis/axiom/images/prod_25/images/plate_41002700/r11c21f01p01-ch5sk1fk1fl1.tiff
p41002700_L10_s01,plate_41002700,L10,1.0,Tivozanib,OASIS1776,33.5,0.3508549928665161,-0.037843067198991776,VEGFR,O=C(NC1=CC=C(C=C1Cl)OC2=CC=NC3=CC(OC)=C(C=C23)OC)NC4=NOC(C)=C4,s3://cellpainting-gallery/cpg0037-oasis/axiom/images/prod_25/images/plate_41002700/r12c10f01p01-ch6sk1fk1fl1.tiff,s3://cellpainting-gallery/cpg0037-oasis/axiom/images/prod_25/images/plate_41002700/r12c10f01p01-ch1sk1fk1fl1.tiff,s3://cellpainting-gallery/cpg0037-oasis/axiom/images/prod_25/images/plate_41002700/r12c10f01p01-ch2sk1fk1fl1.tiff,s3://cellpainting-gallery/cpg0037-oasis/axiom/images/prod_25/images/plate_41002700/r12c10f01p01-ch4sk1fk1fl1.tiff,s3://cellpainting-gallery/cpg0037-oasis/axiom/images/prod_25/images/plate_41002700/r12c10f01p01-ch3sk1fk1fl1.tiff,s3://cellpainting-gallery/cpg0037-oasis/axiom/images/prod_25/images/plate_41002700/r12c10f01p01-ch5sk1fk1fl1.tiff
p41002700_L16_s01,plate_41002700,L16,1.0,Fidaxomicin,OASIS1915,33.5,0.0672796443104744,0.009430539794266224,Antibiotic; Apoptosis; Bacterial; DNA/RNA Synthesis,O=C(C(C(O)=C(Cl)C(O)=C1Cl)=C1CC)O[C@H]([C@H](O[C@H]2OC/C(C(O[C@](C/C=C3C)([H])[C@H](O)C)=O)=C\C=C\C[C@@H](/C(C)=C\[C@H](CC)[C@@H](O[C@@](OC(C)(C)[C@@H](OC(C(C)C)=O)[C@@H]4O)([H])[C@H]4O)\C(C)=C/3)O)C)[C@@H]([C@@H]2OC)O,s3://cellpainting-gallery/cpg0037-oasis/axiom/images/prod_25/images/plate_41002700/r12c16f01p01-ch6sk1fk1fl1.tiff,s3://cellpainting-gallery/cpg0037-oasis/axiom/images/prod_25/images/plate_41002700/r12c16f01p01-ch1sk1fk1fl1.tiff,s3://cellpainting-gallery/cpg0037-oasis/axiom/images/prod_25/images/plate_41002700/r12c16f01p01-ch2sk1fk1fl1.tiff,s3://cellpainting-gallery/cpg0037-oasis/axiom/images/prod_25/images/plate_41002700/r12c16f01p01-ch4sk1fk1fl1.tiff,s3://cellpainting-gallery/cpg0037-oasis/axiom/images/prod_25/images/plate_41002700/r12c16f01p01-ch3sk1fk1fl1.tiff,s3://cellpainting-gallery/cpg0037-oasis/axiom/images/prod_25/images/plate_41002700/r12c16f01p01-ch5sk1fk1fl1.tiff
p41002700_L18_s01,plate_41002700,L18,1.0,Mefenamic acid,OASIS057,33.5,0.9997421503067017,-0.04340466856956482,COX,O=C(O)C1=CC=CC=C1NC2=CC=CC(C)=C2C,s3://cellpainting-gallery/cpg0037-oasis/axiom/images/prod_25/images/plate_41002700/r12c18f01p01-ch6sk1fk1fl1.tiff,s3://cellpainting-gallery/cpg0037-oasis/axiom/images/prod_25/images/plate_41002700/r12c18f01p01-ch1sk1fk1fl1.tiff,s3://cellpainting-gallery/cpg0037-oasis/axiom/images/prod_25/images/plate_41002700/r12c18f01p01-ch2sk1fk1fl1.tiff,s3://cellpainting-gallery/cpg0037-oasis/axiom/images/prod_25/images/plate_41002700/r12c18f01p01-ch4sk1fk1fl1.tiff,s3://cellpainting-gallery/cpg0037-oasis/axiom/images/prod_25/images/plate_41002700/r12c18f01p01-ch3sk1fk1fl1.tiff,s3://cellpainting-gallery/cpg0037-oasis/axiom/images/prod_25/images/plate_41002700/r12c18f01p01-ch5sk1fk1fl1.tiff
p41002700_L22_s01,plate_41002700,L22,1.0,Dirithromycin,OASIS1367,33.5,1.010306715965271,0.017772940918803215,Antibiotic; Bacterial,CC1[C@@]([C@](O)([C@H](OC([C@@H]2C)=O)CC)C)([H])O[C@H](COCCOC)N[C@@]1([H])[C@](C[C@@](O)([C@@H]([C@@H](C)[C@]2([H])O[C@@](O[C@@H](C)[C@@H]3O)([H])C[C@@]3(C)OC)O[C@@](O[C@H](C)C[C@@H]4N(C)C)([H])[C@@H]4O)C)([H])C,s3://cellpainting-gallery/cpg0037-oasis/axiom/images/prod_25/images/plate_41002700/r12c22f01p01-ch6sk1fk1fl1.tiff,s3://cellpainting-gallery/cpg0037-oasis/axiom/images/prod_25/images/plate_41002700/r12c22f01p01-ch1sk1fk1fl1.tiff,s3://cellpainting-gallery/cpg0037-oasis/axiom/images/prod_25/images/plate_41002700/r12c22f01p01-ch2sk1fk1fl1.tiff,s3://cellpainting-gallery/cpg0037-oasis/axiom/images/prod_25/images/plate_41002700/r12c22f01p01-ch4sk1fk1fl1.tiff,s3://cellpainting-gallery/cpg0037-oasis/axiom/images/prod_25/images/plate_41002700/r12c22f01p01-ch3sk1fk1fl1.tiff,s3://cellpainting-gallery/cpg0037-oasis/axiom/images/prod_25/images/plate_41002700/r12c22f01p01-ch5sk1fk1fl1.tiff
p41002700_M16_s01,plate_41002700,M16,1.0,Linagliptin,OASIS1753,33.5,0.5971763134002686,0.02333454228937626,Autophagy; Dipeptidyl Peptidase; Ferroptosis,O=C1N(C2=C(C(N1CC3=NC(C)=C4C=CC=CC4=N3)=O)N(CC#CC)C(N5CCC[C@@H](N)C5)=N2)C,s3://cellpainting-gallery/cpg0037-oasis/axiom/images/prod_25/images/plate_41002700/r13c16f01p01-ch6sk1fk1fl1.tiff,s3://cellpainting-gallery/cpg0037-oasis/axiom/images/prod_25/images/plate_41002700/r13c16f01p01-ch1sk1fk1fl1.tiff,s3://cellpainting-gallery/cpg0037-oasis/axiom/images/prod_25/images/plate_41002700/r13c16f01p01-ch2sk1fk1fl1.tiff,s3://cellpainting-gallery/cpg0037-oasis/axiom/images/prod_25/images/plate_41002700/r13c16f01p01-ch4sk1fk1fl1.tiff,s3://cellpainting-gallery/cpg0037-oasis/axiom/images/prod_25/images/plate_41002700/r13c16f01p01-ch3sk1fk1fl1.tiff,s3://cellpainting-gallery/cpg0037-oasis/axiom/images/prod_25/images/plate_41002700/r13c16f01p01-ch5sk1fk1fl1.tiff
p41002700_M22_s01,plate_41002700,M22,1.0,Siponimod,OASIS1805,33.5,0.9747207760810852,-0.04896626994013786,LPL Receptor,O=C(C1CN(CC2=CC=C(/C(C)=N/OCC3=CC=C(C4CCCCC4)C(C(F)(F)F)=C3)C=C2CC)C1)O,s3://cellpainting-gallery/cpg0037-oasis/axiom/images/prod_25/images/plate_41002700/r13c22f01p01-ch6sk1fk1fl1.tiff,s3://cellpainting-gallery/cpg0037-oasis/axiom/images/prod_25/images/plate_41002700/r13c22f01p01-ch1sk1fk1fl1.tiff,s3://cellpainting-gallery/cpg0037-oasis/axiom/images/prod_25/images/plate_41002700/r13c22f01p01-ch2sk1fk1fl1.tiff,s3://cellpainting-gallery/cpg0037-oasis/axiom/images/prod_25/images/plate_41002700/r13c22f01p01-ch4sk1fk1fl1.tiff,s3://cellpainting-gallery/cpg0037-oasis/axiom/images/prod_25/images/plate_41002700/r13c22f01p01-ch3sk1fk1fl1.tiff,s3://cellpainting-gallery/cpg0037-oasis/axiom/images/prod_25/images/plate_41002700/r13c22f01p01-ch5sk1fk1fl1.tiff
p41002700_N13_s01,plate_41002700,N13,1.0,Amodiaquine,OASIS791,33.5,0.16958917677402496,0.16515536606311798,Histone Methyltransferase; Nuclear Hormone Receptor 4A/NR4A; Parasite,OC1=CC=C(NC2=CC=NC3=CC(Cl)=CC=C23)C=C1CN(CC)CC,s3://cellpainting-gallery/cpg0037-oasis/axiom/images/prod_25/images/plate_41002700/r14c13f01p01-ch6sk1fk1fl1.tiff,s3://cellpainting-gallery/cpg0037-oasis/axiom/images/prod_25/images/plate_41002700/r14c13f01p01-ch1sk1fk1fl1.tiff,s3://cellpainting-gallery/cpg0037-oasis/axiom/images/prod_25/images/plate_41002700/r14c13f01p01-ch2sk1fk1fl1.tiff,s3://cellpainting-gallery/cpg0037-oasis/axiom/images/prod_25/images/plate_41002700/r14c13f01p01-ch4sk1fk1fl1.tiff,s3://cellpainting-gallery/cpg0037-oasis/axiom/images/prod_25/images/plate_41002700/r14c13f01p01-ch3sk1fk1fl1.tiff,s3://cellpainting-gallery/cpg0037-oasis/axiom/images/prod_25/images/plate_41002700/r14c13f01p01-ch5sk1fk1fl1.tiff
p41002700_N20_s01,plate_41002700,N20,1.0,DMSO,,0.0,1.0236514806747437,0.031676944345235825,,,s3://cellpainting-gallery/cpg0037-oasis/axiom/images/prod_25/images/plate_41002700/r14c20f01p01-ch6sk1fk1fl1.tiff,s3://cellpainting-gallery/cpg0037-oasis/axiom/images/prod_25/images/plate_41002700/r14c20f01p01-ch1sk1fk1fl1.tiff,s3://cellpainting-gallery/cpg0037-oasis/axiom/images/prod_25/images/plate_41002700/r14c20f01p01-ch2sk1fk1fl1.tiff,s3://cellpainting-gallery/cpg0037-oasis/axiom/images/prod_25/images/plate_41002700/r14c20f01p01-ch4sk1fk1fl1.tiff,s3://cellpainting-gallery/cpg0037-oasis/axiom/images/prod_25/images/plate_41002700/r14c20f01p01-ch3sk1fk1fl1.tiff,s3://cellpainting-gallery/cpg0037-oasis/axiom/images/prod_25/images/plate_41002700/r14c20f01p01-ch5sk1fk1fl1.tiff
p41002700_N22_s01,plate_41002700,N22,1.0,Troglitazone,OASIS1444,33.5,0.8679630160331726,-0.06843186914920807,Apoptosis; Autophagy; Ferroptosis; PPAR,O=C(SC1CC(C=C2)=CC=C2OCC3(C)OC(C(CC3)=C4C)=C(C)C(C)=C4O)NC1=O,s3://cellpainting-gallery/cpg0037-oasis/axiom/images/prod_25/images/plate_41002700/r14c22f01p01-ch6sk1fk1fl1.tiff,s3://cellpainting-gallery/cpg0037-oasis/axiom/images/prod_25/images/plate_41002700/r14c22f01p01-ch1sk1fk1fl1.tiff,s3://cellpainting-gallery/cpg0037-oasis/axiom/images/prod_25/images/plate_41002700/r14c22f01p01-ch2sk1fk1fl1.tiff,s3://cellpainting-gallery/cpg0037-oasis/axiom/images/prod_25/images/plate_41002700/r14c22f01p01-ch4sk1fk1fl1.tiff,s3://cellpainting-gallery/cpg0037-oasis/axiom/images/prod_25/images/plate_41002700/r14c22f01p01-ch3sk1fk1fl1.tiff,s3://cellpainting-gallery/cpg0037-oasis/axiom/images/prod_25/images/plate_41002700/r14c22f01p01-ch5sk1fk1fl1.tiff
p41002700_O20_s01,plate_41002700,O20,1.0,DMSO,,0.0,1.0225393772125244,0.0010881387861445546,,,s3://cellpainting-gallery/cpg0037-oasis/axiom/images/prod_25/images/plate_41002700/r15c20f01p01-ch6sk1fk1fl1.tiff,s3://cellpainting-gallery/cpg0037-oasis/axiom/images/prod_25/images/plate_41002700/r15c20f01p01-ch1sk1fk1fl1.tiff,s3://cellpainting-gallery/cpg0037-oasis/axiom/images/prod_25/images/plate_41002700/r15c20f01p01-ch2sk1fk1fl1.tiff,s3://cellpainting-gallery/cpg0037-oasis/axiom/images/prod_25/images/plate_41002700/r15c20f01p01-ch4sk1fk1fl1.tiff,s3://cellpainting-gallery/cpg0037-oasis/axiom/images/prod_25/images/plate_41002700/r15c20f01p01-ch3sk1fk1fl1.tiff,s3://cellpainting-gallery/cpg0037-oasis/axiom/images/prod_25/images/plate_41002700/r15c20f01p01-ch5sk1fk1fl1.tiff
p41002700_P10_s01,plate_41002700,P10,1.0,β-Naphthoflavone,OASIS330,33.5,1.0553451776504517,0.06504654884338379,Apoptosis; Aryl Hydrocarbon Receptor,O=C1C2=C3C=CC=CC3=CC=C2OC(C4=CC=CC=C4)=C1,s3://cellpainting-gallery/cpg0037-oasis/axiom/images/prod_25/images/plate_41002700/r16c10f01p01-ch6sk1fk1fl1.tiff,s3://cellpainting-gallery/cpg0037-oasis/axiom/images/prod_25/images/plate_41002700/r16c10f01p01-ch1sk1fk1fl1.tiff,s3://cellpainting-gallery/cpg0037-oasis/axiom/images/prod_25/images/plate_41002700/r16c10f01p01-ch2sk1fk1fl1.tiff,s3://cellpainting-gallery/cpg0037-oasis/axiom/images/prod_25/images/plate_41002700/r16c10f01p01-ch4sk1fk1fl1.tiff,s3://cellpainting-gallery/cpg0037-oasis/axiom/images/prod_25/images/plate_41002700/r16c10f01p01-ch3sk1fk1fl1.tiff,s3://cellpainting-gallery/cpg0037-oasis/axiom/images/prod_25/images/plate_41002700/r16c10f01p01-ch5sk1fk1fl1.tiff
p41002700_P12_s01,plate_41002700,P12,1.0,DMSO,,0.0,0.9413589835166931,0.07895054668188095,,,s3://cellpainting-gallery/cpg0037-oasis/axiom/images/prod_25/images/plate_41002700/r16c12f01p01-ch6sk1fk1fl1.tiff,s3://cellpainting-gallery/cpg0037-oasis/axiom/images/prod_25/images/plate_41002700/r16c12f01p01-ch1sk1fk1fl1.tiff,s3://cellpainting-gallery/cpg0037-oasis/axiom/images/prod_25/images/plate_41002700/r16c12f01p01-ch2sk1fk1fl1.tiff,s3://cellpainting-gallery/cpg0037-oasis/axiom/images/prod_25/images/plate_41002700/r16c12f01p01-ch4sk1fk1fl1.tiff,s3://cellpainting-gallery/cpg0037-oasis/axiom/images/prod_25/images/plate_41002700/r16c12f01p01-ch3sk1fk1fl1.tiff,s3://cellpainting-gallery/cpg0037-oasis/axiom/images/prod_25/images/plate_41002700/r16c12f01p01-ch5sk1fk1fl1.tiff
p41002700_P20_s01,plate_41002700,P20,1.0,DMSO,,0.0,0.9647122621536255,0.09285455197095871,,,s3://cellpainting-gallery/cpg0037-oasis/axiom/images/prod_25/images/plate_41002700/r16c20f01p01-ch6sk1fk1fl1.tiff,s3://cellpainting-gallery/cpg0037-oasis/axiom/images/prod_25/images/plate_41002700/r16c20f01p01-ch1sk1fk1fl1.tiff,s3://cellpainting-gallery/cpg0037-oasis/axiom/images/prod_25/images/plate_41002700/r16c20f01p01-ch2sk1fk1fl1.tiff,s3://cellpainting-gallery/cpg0037-oasis/axiom/images/prod_25/images/plate_41002700/r16c20f01p01-ch4sk1fk1fl1.tiff,s3://cellpainting-gallery/cpg0037-oasis/axiom/images/prod_25/images/plate_41002700/r16c20f01p01-ch3sk1fk1fl1.tiff,s3://cellpainting-gallery/cpg0037-oasis/axiom/images/prod_25/images/plate_41002700/r16c20f01p01-ch5sk1fk1fl1.tiff
p41002700_P24_s01,plate_41002700,P24,1.0,Paliperidone,OASIS1369,33.5,0.3391783535480499,0.2235521674156189,5-HT Receptor; Adrenergic Receptor; Dopamine Receptor; Drug Metabolite,CC1=C(C(N2CCCC(C2=N1)O)=O)CCN3CCC(CC3)C4=NOC5=C4C=CC(F)=C5,s3://cellpainting-gallery/cpg0037-oasis/axiom/images/prod_25/images/plate_41002700/r16c24f01p01-ch6sk1fk1fl1.tiff,s3://cellpainting-gallery/cpg0037-oasis/axiom/images/prod_25/images/plate_41002700/r16c24f01p01-ch1sk1fk1fl1.tiff,s3://cellpainting-gallery/cpg0037-oasis/axiom/images/prod_25/images/plate_41002700/r16c24f01p01-ch2sk1fk1fl1.tiff,s3://cellpainting-gallery/cpg0037-oasis/axiom/images/prod_25/images/plate_41002700/r16c24f01p01-ch4sk1fk1fl1.tiff,s3://cellpainting-gallery/cpg0037-oasis/axiom/images/prod_25/images/plate_41002700/r16c24f01p01-ch3sk1fk1fl1.tiff,s3://cellpainting-gallery/cpg0037-oasis/axiom/images/prod_25/images/plate_41002700/r16c24f01p01-ch5sk1fk1fl1.tiff
p41002701_A12_s08,plate_41002701,A12,8.0,DMSO,,0.0,1.051360011100769,0.12995541095733643,,,s3://cellpainting-gallery/cpg0037-oasis/axiom/images/prod_25/images/plate_41002701/r01c12f08p01-ch6sk1fk1fl1.tiff,s3://cellpainting-gallery/cpg0037-oasis/axiom/images/prod_25/images/plate_41002701/r01c12f08p01-ch1sk1fk1fl1.tiff,s3://cellpainting-gallery/cpg0037-oasis/axiom/images/prod_25/images/plate_41002701/r01c12f08p01-ch2sk1fk1fl1.tiff,s3://cellpainting-gallery/cpg0037-oasis/axiom/images/prod_25/images/plate_41002701/r01c12f08p01-ch4sk1fk1fl1.tiff,s3://cellpainting-gallery/cpg0037-oasis/axiom/images/prod_25/images/plate_41002701/r01c12f08p01-ch3sk1fk1fl1.tiff,s3://cellpainting-gallery/cpg0037-oasis/axiom/images/prod_25/images/plate_41002701/r01c12f08p01-ch5sk1fk1fl1.tiff
p41002701_A19_s08,plate_41002701,A19,8.0,Lapatinib,OASIS1355,33.5,0.38767269253730774,0.23064450919628143,Autophagy; EGFR; Ferroptosis,O=S(CCNCC1=CC=C(C2=CC=C3C(C(NC4=CC(Cl)=C(C=C4)OCC5=CC(F)=CC=C5)=NC=N3)=C2)O1)(C)=O,s3://cellpainting-gallery/cpg0037-oasis/axiom/images/prod_25/images/plate_41002701/r01c19f08p01-ch6sk1fk1fl1.tiff,s3://cellpainting-gallery/cpg0037-oasis/axiom/images/prod_25/images/plate_41002701/r01c19f08p01-ch1sk1fk1fl1.tiff,s3://cellpainting-gallery/cpg0037-oasis/axiom/images/prod_25/images/plate_41002701/r01c19f08p01-ch2sk1fk1fl1.tiff,s3://cellpainting-gallery/cpg0037-oasis/axiom/images/prod_25/images/plate_41002701/r01c19f08p01-ch4sk1fk1fl1.tiff,s3://cellpainting-gallery/cpg0037-oasis/axiom/images/prod_25/images/plate_41002701/r01c19f08p01-ch3sk1fk1fl1.tiff,s3://cellpainting-gallery/cpg0037-oasis/axiom/images/prod_25/images/plate_41002701/r01c19f08p01-ch5sk1fk1fl1.tiff
p41002701_A21_s08,plate_41002701,A21,8.0,Neratinib,OASIS1886,33.5,0.022957736626267433,0.5215241312980652,EGFR,ClC1=C(OCC2=NC=CC=C2)C=CC(NC3=C(C#N)C=NC4=CC(OCC)=C(NC(/C=C/CN(C)C)=O)C=C43)=C1,s3://cellpainting-gallery/cpg0037-oasis/axiom/images/prod_25/images/plate_41002701/r01c21f08p01-ch6sk1fk1fl1.tiff,s3://cellpainting-gallery/cpg0037-oasis/axiom/images/prod_25/images/plate_41002701/r01c21f08p01-ch1sk1fk1fl1.tiff,s3://cellpainting-gallery/cpg0037-oasis/axiom/images/prod_25/images/plate_41002701/r01c21f08p01-ch2sk1fk1fl1.tiff,s3://cellpainting-gallery/cpg0037-oasis/axiom/images/prod_25/images/plate_41002701/r01c21f08p01-ch4sk1fk1fl1.tiff,s3://cellpainting-gallery/cpg0037-oasis/axiom/images/prod_25/images/plate_41002701/r01c21f08p01-ch3sk1fk1fl1.tiff,s3://cellpainting-gallery/cpg0037-oasis/axiom/images/prod_25/images/plate_41002701/r01c21f08p01-ch5sk1fk1fl1.tiff
p41002701_A23_s08,plate_41002701,A23,8.0,Compound_59cfb866,,33.5,1.1812798976898193,0.17190919816493988,,,s3://cellpainting-gallery/cpg0037-oasis/axiom/images/prod_25/images/plate_41002701/r01c23f08p01-ch6sk1fk1fl1.tiff,s3://cellpainting-gallery/cpg0037-oasis/axiom/images/prod_25/images/plate_41002701/r01c23f08p01-ch1sk1fk1fl1.tiff,s3://cellpainting-gallery/cpg0037-oasis/axiom/images/prod_25/images/plate_41002701/r01c23f08p01-ch2sk1fk1fl1.tiff,s3://cellpainting-gallery/cpg0037-oasis/axiom/images/prod_25/images/plate_41002701/r01c23f08p01-ch4sk1fk1fl1.tiff,s3://cellpainting-gallery/cpg0037-oasis/axiom/images/prod_25/images/plate_41002701/r01c23f08p01-ch3sk1fk1fl1.tiff,s3://cellpainting-gallery/cpg0037-oasis/axiom/images/prod_25/images/plate_41002701/r01c23f08p01-ch5sk1fk1fl1.tiff
p41002701_B14_s08,plate_41002701,B14,8.0,Astemizole,OASIS1501,33.5,0.13670289516448975,0.4264288544654846,Histamine Receptor; Potassium Channel,COC1=CC=C(CCN2CCC(NC3=NC4=CC=CC=C4N3CC5=CC=C(F)C=C5)CC2)C=C1,s3://cellpainting-gallery/cpg0037-oasis/axiom/images/prod_25/images/plate_41002701/r02c14f08p01-ch6sk1fk1fl1.tiff,s3://cellpainting-gallery/cpg0037-oasis/axiom/images/prod_25/images/plate_41002701/r02c14f08p01-ch1sk1fk1fl1.tiff,s3://cellpainting-gallery/cpg0037-oasis/axiom/images/prod_25/images/plate_41002701/r02c14f08p01-ch2sk1fk1fl1.tiff,s3://cellpainting-gallery/cpg0037-oasis/axiom/images/prod_25/images/plate_41002701/r02c14f08p01-ch4sk1fk1fl1.tiff,s3://cellpainting-gallery/cpg0037-oasis/axiom/images/prod_25/images/plate_41002701/r02c14f08p01-ch3sk1fk1fl1.tiff,s3://cellpainting-gallery/cpg0037-oasis/axiom/images/prod_25/images/plate_41002701/r02c14f08p01-ch5sk1fk1fl1.tiff
p41002701_B21_s08,plate_41002701,B21,8.0,Dapagliflozin,OASIS1775,33.5,1.0737959146499634,0.00689096050336957,SGLT,O[C@H]1[C@H](C2=CC(CC3=CC=C(OCC)C=C3)=C(Cl)C=C2)O[C@H](CO)[C@@H](O)[C@@H]1O,s3://cellpainting-gallery/cpg0037-oasis/axiom/images/prod_25/images/plate_41002701/r02c21f08p01-ch6sk1fk1fl1.tiff,s3://cellpainting-gallery/cpg0037-oasis/axiom/images/prod_25/images/plate_41002701/r02c21f08p01-ch1sk1fk1fl1.tiff,s3://cellpainting-gallery/cpg0037-oasis/axiom/images/prod_25/images/plate_41002701/r02c21f08p01-ch2sk1fk1fl1.tiff,s3://cellpainting-gallery/cpg0037-oasis/axiom/images/prod_25/images/plate_41002701/r02c21f08p01-ch4sk1fk1fl1.tiff,s3://cellpainting-gallery/cpg0037-oasis/axiom/images/prod_25/images/plate_41002701/r02c21f08p01-ch3sk1fk1fl1.tiff,s3://cellpainting-gallery/cpg0037-oasis/axiom/images/prod_25/images/plate_41002701/r02c21f08p01-ch5sk1fk1fl1.tiff
p41002701_C20_s08,plate_41002701,C20,8.0,DMSO,,0.0,1.065969467163086,0.018078638240695,,,s3://cellpainting-gallery/cpg0037-oasis/axiom/images/prod_25/images/plate_41002701/r03c20f08p01-ch6sk1fk1fl1.tiff,s3://cellpainting-gallery/cpg0037-oasis/axiom/images/prod_25/images/plate_41002701/r03c20f08p01-ch1sk1fk1fl1.tiff,s3://cellpainting-gallery/cpg0037-oasis/axiom/images/prod_25/images/plate_41002701/r03c20f08p01-ch2sk1fk1fl1.tiff,s3://cellpainting-gallery/cpg0037-oasis/axiom/images/prod_25/images/plate_41002701/r03c20f08p01-ch4sk1fk1fl1.tiff,s3://cellpainting-gallery/cpg0037-oasis/axiom/images/prod_25/images/plate_41002701/r03c20f08p01-ch3sk1fk1fl1.tiff,s3://cellpainting-gallery/cpg0037-oasis/axiom/images/prod_25/images/plate_41002701/r03c20f08p01-ch5sk1fk1fl1.tiff
p41002701_C21_s08,plate_41002701,C21,8.0,Thalidomide,OASIS1517,33.5,1.0732742547988892,0.0432509109377861,Autophagy; Ligands for E3 Ligase,O=C1N(C2CCC(NC2=O)=O)C(C3=CC=CC=C31)=O,s3://cellpainting-gallery/cpg0037-oasis/axiom/images/prod_25/images/plate_41002701/r03c21f08p01-ch6sk1fk1fl1.tiff,s3://cellpainting-gallery/cpg0037-oasis/axiom/images/prod_25/images/plate_41002701/r03c21f08p01-ch1sk1fk1fl1.tiff,s3://cellpainting-gallery/cpg0037-oasis/axiom/images/prod_25/images/plate_41002701/r03c21f08p01-ch2sk1fk1fl1.tiff,s3://cellpainting-gallery/cpg0037-oasis/axiom/images/prod_25/images/plate_41002701/r03c21f08p01-ch4sk1fk1fl1.tiff,s3://cellpainting-gallery/cpg0037-oasis/axiom/images/prod_25/images/plate_41002701/r03c21f08p01-ch3sk1fk1fl1.tiff,s3://cellpainting-gallery/cpg0037-oasis/axiom/images/prod_25/images/plate_41002701/r03c21f08p01-ch5sk1fk1fl1.tiff
p41002701_C24_s08,plate_41002701,C24,8.0,Famotidine,OASIS1103,33.5,1.147886872291565,0.18589380383491516,Histamine Receptor,N=C(NS(=O)(N)=O)CCSCC1=CSC(NC(N)=N)=N1,s3://cellpainting-gallery/cpg0037-oasis/axiom/images/prod_25/images/plate_41002701/r03c24f08p01-ch6sk1fk1fl1.tiff,s3://cellpainting-gallery/cpg0037-oasis/axiom/images/prod_25/images/plate_41002701/r03c24f08p01-ch1sk1fk1fl1.tiff,s3://cellpainting-gallery/cpg0037-oasis/axiom/images/prod_25/images/plate_41002701/r03c24f08p01-ch2sk1fk1fl1.tiff,s3://cellpainting-gallery/cpg0037-oasis/axiom/images/prod_25/images/plate_41002701/r03c24f08p01-ch4sk1fk1fl1.tiff,s3://cellpainting-gallery/cpg0037-oasis/axiom/images/prod_25/images/plate_41002701/r03c24f08p01-ch3sk1fk1fl1.tiff,s3://cellpainting-gallery/cpg0037-oasis/axiom/images/prod_25/images/plate_41002701/r03c24f08p01-ch5sk1fk1fl1.tiff
p41002701_D13_s08,plate_41002701,D13,8.0,Mitoxantrone,OASIS1060,33.5,0.017218302935361862,0.5690717697143555,Apoptosis; Endogenous Metabolite; Orthopoxvirus; PKC; Topoisomerase,O=C1C2=C(C(NCCNCCO)=CC=C2NCCNCCO)C(C3=C(O)C=CC(O)=C13)=O,s3://cellpainting-gallery/cpg0037-oasis/axiom/images/prod_25/images/plate_41002701/r04c13f08p01-ch6sk1fk1fl1.tiff,s3://cellpainting-gallery/cpg0037-oasis/axiom/images/prod_25/images/plate_41002701/r04c13f08p01-ch1sk1fk1fl1.tiff,s3://cellpainting-gallery/cpg0037-oasis/axiom/images/prod_25/images/plate_41002701/r04c13f08p01-ch2sk1fk1fl1.tiff,s3://cellpainting-gallery/cpg0037-oasis/axiom/images/prod_25/images/plate_41002701/r04c13f08p01-ch4sk1fk1fl1.tiff,s3://cellpainting-gallery/cpg0037-oasis/axiom/images/prod_25/images/plate_41002701/r04c13f08p01-ch3sk1fk1fl1.tiff,s3://cellpainting-gallery/cpg0037-oasis/axiom/images/prod_25/images/plate_41002701/r04c13f08p01-ch5sk1fk1fl1.tiff
p41002701_D17_s08,plate_41002701,D17,8.0,Alpha-Naphthoflavone,OASIS320,33.5,0.6141194701194763,0.0012971219839528203,Apoptosis; Aryl Hydrocarbon Receptor; Cytochrome P450,O=C1C=C(C2=CC=CC=C2)OC3=C1C=CC4=CC=CC=C43,s3://cellpainting-gallery/cpg0037-oasis/axiom/images/prod_25/images/plate_41002701/r04c17f08p01-ch6sk1fk1fl1.tiff,s3://cellpainting-gallery/cpg0037-oasis/axiom/images/prod_25/images/plate_41002701/r04c17f08p01-ch1sk1fk1fl1.tiff,s3://cellpainting-gallery/cpg0037-oasis/axiom/images/prod_25/images/plate_41002701/r04c17f08p01-ch2sk1fk1fl1.tiff,s3://cellpainting-gallery/cpg0037-oasis/axiom/images/prod_25/images/plate_41002701/r04c17f08p01-ch4sk1fk1fl1.tiff,s3://cellpainting-gallery/cpg0037-oasis/axiom/images/prod_25/images/plate_41002701/r04c17f08p01-ch3sk1fk1fl1.tiff,s3://cellpainting-gallery/cpg0037-oasis/axiom/images/prod_25/images/plate_41002701/r04c17f08p01-ch5sk1fk1fl1.tiff
p41002701_D19_s08,plate_41002701,D19,8.0,Sorafenib,OASIS1340,33.5,0.12261518836021423,-0.060235101729631424,Apoptosis; Autophagy; Ferroptosis; FLT3; Raf; VEGFR,O=C(NC(C=C1)=CC=C1OC2=CC(C(NC)=O)=NC=C2)NC3=CC=C(Cl)C(C(F)(F)F)=C3,s3://cellpainting-gallery/cpg0037-oasis/axiom/images/prod_25/images/plate_41002701/r04c19f08p01-ch6sk1fk1fl1.tiff,s3://cellpainting-gallery/cpg0037-oasis/axiom/images/prod_25/images/plate_41002701/r04c19f08p01-ch1sk1fk1fl1.tiff,s3://cellpainting-gallery/cpg0037-oasis/axiom/images/prod_25/images/plate_41002701/r04c19f08p01-ch2sk1fk1fl1.tiff,s3://cellpainting-gallery/cpg0037-oasis/axiom/images/prod_25/images/plate_41002701/r04c19f08p01-ch4sk1fk1fl1.tiff,s3://cellpainting-gallery/cpg0037-oasis/axiom/images/prod_25/images/plate_41002701/r04c19f08p01-ch3sk1fk1fl1.tiff,s3://cellpainting-gallery/cpg0037-oasis/axiom/images/prod_25/images/plate_41002701/r04c19f08p01-ch5sk1fk1fl1.tiff
p41002701_D23_s08,plate_41002701,D23,8.0,Griseofulvin,OASIS073,33.5,1.1009278297424316,0.040453992784023285,Antibiotic; Apoptosis; Endogenous Metabolite; Fungal,O=C1[C@]2(C(OC)=CC(C[C@H]2C)=O)OC3=C(Cl)C(OC)=CC(OC)=C13,s3://cellpainting-gallery/cpg0037-oasis/axiom/images/prod_25/images/plate_41002701/r04c23f08p01-ch6sk1fk1fl1.tiff,s3://cellpainting-gallery/cpg0037-oasis/axiom/images/prod_25/images/plate_41002701/r04c23f08p01-ch1sk1fk1fl1.tiff,s3://cellpainting-gallery/cpg0037-oasis/axiom/images/prod_25/images/plate_41002701/r04c23f08p01-ch2sk1fk1fl1.tiff,s3://cellpainting-gallery/cpg0037-oasis/axiom/images/prod_25/images/plate_41002701/r04c23f08p01-ch4sk1fk1fl1.tiff,s3://cellpainting-gallery/cpg0037-oasis/axiom/images/prod_25/images/plate_41002701/r04c23f08p01-ch3sk1fk1fl1.tiff,s3://cellpainting-gallery/cpg0037-oasis/axiom/images/prod_25/images/plate_41002701/r04c23f08p01-ch5sk1fk1fl1.tiff
p41002701_E10_s08,plate_41002701,E10,8.0,Lorlatinib,OASIS1760,33.5,0.08296091109514236,0.032063234597444534,Anaplastic lymphoma kinase (ALK); Apoptosis; ROS Kinase,CN1C(C#N)=C2C(CN(C)C(C3=C([C@@H](C)OC4=C(N)N=CC2=C4)C=C(F)C=C3)=O)=N1,s3://cellpainting-gallery/cpg0037-oasis/axiom/images/prod_25/images/plate_41002701/r05c10f08p01-ch6sk1fk1fl1.tiff,s3://cellpainting-gallery/cpg0037-oasis/axiom/images/prod_25/images/plate_41002701/r05c10f08p01-ch1sk1fk1fl1.tiff,s3://cellpainting-gallery/cpg0037-oasis/axiom/images/prod_25/images/plate_41002701/r05c10f08p01-ch2sk1fk1fl1.tiff,s3://cellpainting-gallery/cpg0037-oasis/axiom/images/prod_25/images/plate_41002701/r05c10f08p01-ch4sk1fk1fl1.tiff,s3://cellpainting-gallery/cpg0037-oasis/axiom/images/prod_25/images/plate_41002701/r05c10f08p01-ch3sk1fk1fl1.tiff,s3://cellpainting-gallery/cpg0037-oasis/axiom/images/prod_25/images/plate_41002701/r05c10f08p01-ch5sk1fk1fl1.tiff
p41002701_E11_s08,plate_41002701,E11,8.0,Benzonatate,OASIS1521,33.5,0.9699643850326538,-0.07142277806997299,Sodium Channel,O=C(OCCOCCOCCOCCOCCOCCOCCOCCOCCOC)C1=CC=C(NCCCC)C=C1,s3://cellpainting-gallery/cpg0037-oasis/axiom/images/prod_25/images/plate_41002701/r05c11f08p01-ch6sk1fk1fl1.tiff,s3://cellpainting-gallery/cpg0037-oasis/axiom/images/prod_25/images/plate_41002701/r05c11f08p01-ch1sk1fk1fl1.tiff,s3://cellpainting-gallery/cpg0037-oasis/axiom/images/prod_25/images/plate_41002701/r05c11f08p01-ch2sk1fk1fl1.tiff,s3://cellpainting-gallery/cpg0037-oasis/axiom/images/prod_25/images/plate_41002701/r05c11f08p01-ch4sk1fk1fl1.tiff,s3://cellpainting-gallery/cpg0037-oasis/axiom/images/prod_25/images/plate_41002701/r05c11f08p01-ch3sk1fk1fl1.tiff,s3://cellpainting-gallery/cpg0037-oasis/axiom/images/prod_25/images/plate_41002701/r05c11f08p01-ch5sk1fk1fl1.tiff
p41002701_E19_s08,plate_41002701,E19,8.0,Olmesartan,OASIS831,33.5,0.9110047221183777,-0.012687474489212036,Angiotensin Receptor,O=C(O)C1=C(N=C(N1CC2=CC=C(C=C2)C3=CC=CC=C3C4=NN=NN4)CCC)C(O)(C)C,s3://cellpainting-gallery/cpg0037-oasis/axiom/images/prod_25/images/plate_41002701/r05c19f08p01-ch6sk1fk1fl1.tiff,s3://cellpainting-gallery/cpg0037-oasis/axiom/images/prod_25/images/plate_41002701/r05c19f08p01-ch1sk1fk1fl1.tiff,s3://cellpainting-gallery/cpg0037-oasis/axiom/images/prod_25/images/plate_41002701/r05c19f08p01-ch2sk1fk1fl1.tiff,s3://cellpainting-gallery/cpg0037-oasis/axiom/images/prod_25/images/plate_41002701/r05c19f08p01-ch4sk1fk1fl1.tiff,s3://cellpainting-gallery/cpg0037-oasis/axiom/images/prod_25/images/plate_41002701/r05c19f08p01-ch3sk1fk1fl1.tiff,s3://cellpainting-gallery/cpg0037-oasis/axiom/images/prod_25/images/plate_41002701/r05c19f08p01-ch5sk1fk1fl1.tiff
p41002701_E20_s08,plate_41002701,E20,8.0,DMSO,,0.0,1.0017921924591064,-0.049047425389289856,,,s3://cellpainting-gallery/cpg0037-oasis/axiom/images/prod_25/images/plate_41002701/r05c20f08p01-ch6sk1fk1fl1.tiff,s3://cellpainting-gallery/cpg0037-oasis/axiom/images/prod_25/images/plate_41002701/r05c20f08p01-ch1sk1fk1fl1.tiff,s3://cellpainting-gallery/cpg0037-oasis/axiom/images/prod_25/images/plate_41002701/r05c20f08p01-ch2sk1fk1fl1.tiff,s3://cellpainting-gallery/cpg0037-oasis/axiom/images/prod_25/images/plate_41002701/r05c20f08p01-ch4sk1fk1fl1.tiff,s3://cellpainting-gallery/cpg0037-oasis/axiom/images/prod_25/images/plate_41002701/r05c20f08p01-ch3sk1fk1fl1.tiff,s3://cellpainting-gallery/cpg0037-oasis/axiom/images/prod_25/images/plate_41002701/r05c20f08p01-ch5sk1fk1fl1.tiff
p41002701_E23_s08,plate_41002701,E23,8.0,Compound_e48ed218,,33.5,0.024523036554455757,0.38167816400527954,,,s3://cellpainting-gallery/cpg0037-oasis/axiom/images/prod_25/images/plate_41002701/r05c23f08p01-ch6sk1fk1fl1.tiff,s3://cellpainting-gallery/cpg0037-oasis/axiom/images/prod_25/images/plate_41002701/r05c23f08p01-ch1sk1fk1fl1.tiff,s3://cellpainting-gallery/cpg0037-oasis/axiom/images/prod_25/images/plate_41002701/r05c23f08p01-ch2sk1fk1fl1.tiff,s3://cellpainting-gallery/cpg0037-oasis/axiom/images/prod_25/images/plate_41002701/r05c23f08p01-ch4sk1fk1fl1.tiff,s3://cellpainting-gallery/cpg0037-oasis/axiom/images/prod_25/images/plate_41002701/r05c23f08p01-ch3sk1fk1fl1.tiff,s3://cellpainting-gallery/cpg0037-oasis/axiom/images/prod_25/images/plate_41002701/r05c23f08p01-ch5sk1fk1fl1.tiff
p41002701_F10_s08,plate_41002701,F10,8.0,Amsacrine,OASIS995,33.5,0.6099453568458557,0.07122010737657547,Autophagy; Topoisomerase,CS(=O)(NC1=CC=C(NC2=C(C=CC=C3)C3=NC4=CC=CC=C42)C(OC)=C1)=O,s3://cellpainting-gallery/cpg0037-oasis/axiom/images/prod_25/images/plate_41002701/r06c10f08p01-ch6sk1fk1fl1.tiff,s3://cellpainting-gallery/cpg0037-oasis/axiom/images/prod_25/images/plate_41002701/r06c10f08p01-ch1sk1fk1fl1.tiff,s3://cellpainting-gallery/cpg0037-oasis/axiom/images/prod_25/images/plate_41002701/r06c10f08p01-ch2sk1fk1fl1.tiff,s3://cellpainting-gallery/cpg0037-oasis/axiom/images/prod_25/images/plate_41002701/r06c10f08p01-ch4sk1fk1fl1.tiff,s3://cellpainting-gallery/cpg0037-oasis/axiom/images/prod_25/images/plate_41002701/r06c10f08p01-ch3sk1fk1fl1.tiff,s3://cellpainting-gallery/cpg0037-oasis/axiom/images/prod_25/images/plate_41002701/r06c10f08p01-ch5sk1fk1fl1.tiff
p41002701_F11_s08,plate_41002701,F11,8.0,Ifosfamide,OASIS1281,33.5,0.9934439063072205,-0.029468990862369537,DNA Alkylator/Crosslinker,ClCCN1P(OCCC1)(NCCCl)=O,s3://cellpainting-gallery/cpg0037-oasis/axiom/images/prod_25/images/plate_41002701/r06c11f08p01-ch6sk1fk1fl1.tiff,s3://cellpainting-gallery/cpg0037-oasis/axiom/images/prod_25/images/plate_41002701/r06c11f08p01-ch1sk1fk1fl1.tiff,s3://cellpainting-gallery/cpg0037-oasis/axiom/images/prod_25/images/plate_41002701/r06c11f08p01-ch2sk1fk1fl1.tiff,s3://cellpainting-gallery/cpg0037-oasis/axiom/images/prod_25/images/plate_41002701/r06c11f08p01-ch4sk1fk1fl1.tiff,s3://cellpainting-gallery/cpg0037-oasis/axiom/images/prod_25/images/plate_41002701/r06c11f08p01-ch3sk1fk1fl1.tiff,s3://cellpainting-gallery/cpg0037-oasis/axiom/images/prod_25/images/plate_41002701/r06c11f08p01-ch5sk1fk1fl1.tiff
p41002701_F19_s08,plate_41002701,F19,8.0,Sunitinib,OASIS745,33.5,0.02921893820166588,0.4068504273891449,Apoptosis; Autophagy; IRE1; Mitophagy; PDGFR; VEGFR,O=C(NCCN(CC)CC)C1=C(NC(/C=C2C(NC3=C\2C=C(C=C3)F)=O)=C1C)C,s3://cellpainting-gallery/cpg0037-oasis/axiom/images/prod_25/images/plate_41002701/r06c19f08p01-ch6sk1fk1fl1.tiff,s3://cellpainting-gallery/cpg0037-oasis/axiom/images/prod_25/images/plate_41002701/r06c19f08p01-ch1sk1fk1fl1.tiff,s3://cellpainting-gallery/cpg0037-oasis/axiom/images/prod_25/images/plate_41002701/r06c19f08p01-ch2sk1fk1fl1.tiff,s3://cellpainting-gallery/cpg0037-oasis/axiom/images/prod_25/images/plate_41002701/r06c19f08p01-ch4sk1fk1fl1.tiff,s3://cellpainting-gallery/cpg0037-oasis/axiom/images/prod_25/images/plate_41002701/r06c19f08p01-ch3sk1fk1fl1.tiff,s3://cellpainting-gallery/cpg0037-oasis/axiom/images/prod_25/images/plate_41002701/r06c19f08p01-ch5sk1fk1fl1.tiff
p41002701_F21_s08,plate_41002701,F21,8.0,Panobinostat,OASIS1808,33.5,0.447675883769989,0.11037697643041611,Apoptosis; Autophagy; HDAC; HIV,O=C(/C=C/C1=CC=C(CNCCC2=C(NC3=C2C=CC=C3)C)C=C1)NO,s3://cellpainting-gallery/cpg0037-oasis/axiom/images/prod_25/images/plate_41002701/r06c21f08p01-ch6sk1fk1fl1.tiff,s3://cellpainting-gallery/cpg0037-oasis/axiom/images/prod_25/images/plate_41002701/r06c21f08p01-ch1sk1fk1fl1.tiff,s3://cellpainting-gallery/cpg0037-oasis/axiom/images/prod_25/images/plate_41002701/r06c21f08p01-ch2sk1fk1fl1.tiff,s3://cellpainting-gallery/cpg0037-oasis/axiom/images/prod_25/images/plate_41002701/r06c21f08p01-ch4sk1fk1fl1.tiff,s3://cellpainting-gallery/cpg0037-oasis/axiom/images/prod_25/images/plate_41002701/r06c21f08p01-ch3sk1fk1fl1.tiff,s3://cellpainting-gallery/cpg0037-oasis/axiom/images/prod_25/images/plate_41002701/r06c21f08p01-ch5sk1fk1fl1.tiff
p41002701_G12_s08,plate_41002701,G12,8.0,DMSO,,0.0,1.0012704133987427,0.004094041418284178,,,s3://cellpainting-gallery/cpg0037-oasis/axiom/images/prod_25/images/plate_41002701/r07c12f08p01-ch6sk1fk1fl1.tiff,s3://cellpainting-gallery/cpg0037-oasis/axiom/images/prod_25/images/plate_41002701/r07c12f08p01-ch1sk1fk1fl1.tiff,s3://cellpainting-gallery/cpg0037-oasis/axiom/images/prod_25/images/plate_41002701/r07c12f08p01-ch2sk1fk1fl1.tiff,s3://cellpainting-gallery/cpg0037-oasis/axiom/images/prod_25/images/plate_41002701/r07c12f08p01-ch4sk1fk1fl1.tiff,s3://cellpainting-gallery/cpg0037-oasis/axiom/images/prod_25/images/plate_41002701/r07c12f08p01-ch3sk1fk1fl1.tiff,s3://cellpainting-gallery/cpg0037-oasis/axiom/images/prod_25/images/plate_41002701/r07c12f08p01-ch5sk1fk1fl1.tiff
p41002701_G13_s08,plate_41002701,G13,8.0,Compound_516bb906,,33.5,0.02034890279173851,0.2949736416339874,,,s3://cellpainting-gallery/cpg0037-oasis/axiom/images/prod_25/images/plate_41002701/r07c13f08p01-ch6sk1fk1fl1.tiff,s3://cellpainting-gallery/cpg0037-oasis/axiom/images/prod_25/images/plate_41002701/r07c13f08p01-ch1sk1fk1fl1.tiff,s3://cellpainting-gallery/cpg0037-oasis/axiom/images/prod_25/images/plate_41002701/r07c13f08p01-ch2sk1fk1fl1.tiff,s3://cellpainting-gallery/cpg0037-oasis/axiom/images/prod_25/images/plate_41002701/r07c13f08p01-ch4sk1fk1fl1.tiff,s3://cellpainting-gallery/cpg0037-oasis/axiom/images/prod_25/images/plate_41002701/r07c13f08p01-ch3sk1fk1fl1.tiff,s3://cellpainting-gallery/cpg0037-oasis/axiom/images/prod_25/images/plate_41002701/r07c13f08p01-ch5sk1fk1fl1.tiff
p41002701_G14_s08,plate_41002701,G14,8.0,Ivermectin,OASIS1337,33.5,0.8457838892936707,0.023672476410865784,Antibiotic; Autophagy; Bacterial; Dengue virus; Flavivirus; HIV; HSV; Mitophagy; Parasite; SARS-CoV,CO[C@H]1C[C@H](O[C@H]2[C@H](C)O[C@@H](O[C@H](/C(C)=C/C[C@@H]3C[C@H]4C[C@@]5(O[C@]([H])(C(C)C)[C@@H](C)CC5)O3)[C@@H](C)/C=C/C=C6CO[C@@]7([H])[C@]\6(O)[C@H](C(O4)=O)C=C(C)[C@H]7O)C[C@@H]2OC)O[C@@H](C)[C@@H]1O.CO[C@H]8C[C@H](O[C@H]9[C@H](C)O[C@@H](O[C@H](/C(C)=C/C[C@@H]%10C[C@H]%11C[C@@]%12(O[C@]([H])([C@@H](C)CC)[C@@H](C)CC%12)O%10)[C@@H](C)/C=C/C=C%13CO[C@@]%14([H])[C@]\%13(O)[C@H](C(O%11)=O)C=C(C)[C@H]%14O)C[C@@H]9OC)O[C@@H](C)[C@@H]8O,s3://cellpainting-gallery/cpg0037-oasis/axiom/images/prod_25/images/plate_41002701/r07c14f08p01-ch6sk1fk1fl1.tiff,s3://cellpainting-gallery/cpg0037-oasis/axiom/images/prod_25/images/plate_41002701/r07c14f08p01-ch1sk1fk1fl1.tiff,s3://cellpainting-gallery/cpg0037-oasis/axiom/images/prod_25/images/plate_41002701/r07c14f08p01-ch2sk1fk1fl1.tiff,s3://cellpainting-gallery/cpg0037-oasis/axiom/images/prod_25/images/plate_41002701/r07c14f08p01-ch4sk1fk1fl1.tiff,s3://cellpainting-gallery/cpg0037-oasis/axiom/images/prod_25/images/plate_41002701/r07c14f08p01-ch3sk1fk1fl1.tiff,s3://cellpainting-gallery/cpg0037-oasis/axiom/images/prod_25/images/plate_41002701/r07c14f08p01-ch5sk1fk1fl1.tiff
p41002701_G16_s08,plate_41002701,G16,8.0,Deoxycholic acid,OASIS1721,33.5,0.9365713000297546,0.00689096050336957,Endogenous Metabolite; G protein-coupled Bile Acid Receptor 1,C[C@@]1([C@@]2([H])[C@H](C)CCC(O)=O)[C@](CC2)([H])[C@@](CC[C@@]3([H])[C@@]4(CC[C@@H](O)C3)C)([H])[C@]4([H])C[C@@H]1O,s3://cellpainting-gallery/cpg0037-oasis/axiom/images/prod_25/images/plate_41002701/r07c16f08p01-ch6sk1fk1fl1.tiff,s3://cellpainting-gallery/cpg0037-oasis/axiom/images/prod_25/images/plate_41002701/r07c16f08p01-ch1sk1fk1fl1.tiff,s3://cellpainting-gallery/cpg0037-oasis/axiom/images/prod_25/images/plate_41002701/r07c16f08p01-ch2sk1fk1fl1.tiff,s3://cellpainting-gallery/cpg0037-oasis/axiom/images/prod_25/images/plate_41002701/r07c16f08p01-ch4sk1fk1fl1.tiff,s3://cellpainting-gallery/cpg0037-oasis/axiom/images/prod_25/images/plate_41002701/r07c16f08p01-ch3sk1fk1fl1.tiff,s3://cellpainting-gallery/cpg0037-oasis/axiom/images/prod_25/images/plate_41002701/r07c16f08p01-ch5sk1fk1fl1.tiff
p41002701_G22_s08,plate_41002701,G22,8.0,Umbralisib,OASIS1859,33.5,0.9172659516334534,0.032063234597444534,Casein Kinase; PI3K,O=C1C(C2=CC=CC(F)=C2)=C([C@@H](N3N=C(C4=CC=C(OC(C)C)C(F)=C4)C5=C(N)N=CN=C53)C)OC6=CC=C(F)C=C16,s3://cellpainting-gallery/cpg0037-oasis/axiom/images/prod_25/images/plate_41002701/r07c22f08p01-ch6sk1fk1fl1.tiff,s3://cellpainting-gallery/cpg0037-oasis/axiom/images/prod_25/images/plate_41002701/r07c22f08p01-ch1sk1fk1fl1.tiff,s3://cellpainting-gallery/cpg0037-oasis/axiom/images/prod_25/images/plate_41002701/r07c22f08p01-ch2sk1fk1fl1.tiff,s3://cellpainting-gallery/cpg0037-oasis/axiom/images/prod_25/images/plate_41002701/r07c22f08p01-ch4sk1fk1fl1.tiff,s3://cellpainting-gallery/cpg0037-oasis/axiom/images/prod_25/images/plate_41002701/r07c22f08p01-ch3sk1fk1fl1.tiff,s3://cellpainting-gallery/cpg0037-oasis/axiom/images/prod_25/images/plate_41002701/r07c22f08p01-ch5sk1fk1fl1.tiff
p41002701_H18_s08,plate_41002701,H18,8.0,DMSO,,0.0,1.1082326173782349,-0.049047425389289856,,,s3://cellpainting-gallery/cpg0037-oasis/axiom/images/prod_25/images/plate_41002701/r08c18f08p01-ch6sk1fk1fl1.tiff,s3://cellpainting-gallery/cpg0037-oasis/axiom/images/prod_25/images/plate_41002701/r08c18f08p01-ch1sk1fk1fl1.tiff,s3://cellpainting-gallery/cpg0037-oasis/axiom/images/prod_25/images/plate_41002701/r08c18f08p01-ch2sk1fk1fl1.tiff,s3://cellpainting-gallery/cpg0037-oasis/axiom/images/prod_25/images/plate_41002701/r08c18f08p01-ch4sk1fk1fl1.tiff,s3://cellpainting-gallery/cpg0037-oasis/axiom/images/prod_25/images/plate_41002701/r08c18f08p01-ch3sk1fk1fl1.tiff,s3://cellpainting-gallery/cpg0037-oasis/axiom/images/prod_25/images/plate_41002701/r08c18f08p01-ch5sk1fk1fl1.tiff
p41002701_I10_s08,plate_41002701,I10,8.0,Larotrectinib,OASIS1725,33.5,0.6902974247932434,-0.01828131265938282,Apoptosis; Trk Receptor,O=C(N1C[C@@H](O)CC1)NC2=C3N=C(N4[C@@H](C5=CC(F)=CC=C5F)CCC4)C=CN3N=C2,s3://cellpainting-gallery/cpg0037-oasis/axiom/images/prod_25/images/plate_41002701/r09c10f08p01-ch6sk1fk1fl1.tiff,s3://cellpainting-gallery/cpg0037-oasis/axiom/images/prod_25/images/plate_41002701/r09c10f08p01-ch1sk1fk1fl1.tiff,s3://cellpainting-gallery/cpg0037-oasis/axiom/images/prod_25/images/plate_41002701/r09c10f08p01-ch2sk1fk1fl1.tiff,s3://cellpainting-gallery/cpg0037-oasis/axiom/images/prod_25/images/plate_41002701/r09c10f08p01-ch4sk1fk1fl1.tiff,s3://cellpainting-gallery/cpg0037-oasis/axiom/images/prod_25/images/plate_41002701/r09c10f08p01-ch3sk1fk1fl1.tiff,s3://cellpainting-gallery/cpg0037-oasis/axiom/images/prod_25/images/plate_41002701/r09c10f08p01-ch5sk1fk1fl1.tiff
p41002701_I13_s08,plate_41002701,I13,8.0,Mobocertinib,OASIS1764,33.5,0.27810168266296387,0.29777055978775024,EGFR,O=C(C1=CN=C(NC2=CC(NC(C=C)=O)=C(N(CCN(C)C)C)C=C2OC)N=C1C3=CN(C)C4=C3C=CC=C4)OC(C)C,s3://cellpainting-gallery/cpg0037-oasis/axiom/images/prod_25/images/plate_41002701/r09c13f08p01-ch6sk1fk1fl1.tiff,s3://cellpainting-gallery/cpg0037-oasis/axiom/images/prod_25/images/plate_41002701/r09c13f08p01-ch1sk1fk1fl1.tiff,s3://cellpainting-gallery/cpg0037-oasis/axiom/images/prod_25/images/plate_41002701/r09c13f08p01-ch2sk1fk1fl1.tiff,s3://cellpainting-gallery/cpg0037-oasis/axiom/images/prod_25/images/plate_41002701/r09c13f08p01-ch4sk1fk1fl1.tiff,s3://cellpainting-gallery/cpg0037-oasis/axiom/images/prod_25/images/plate_41002701/r09c13f08p01-ch3sk1fk1fl1.tiff,s3://cellpainting-gallery/cpg0037-oasis/axiom/images/prod_25/images/plate_41002701/r09c13f08p01-ch5sk1fk1fl1.tiff
p41002701_I14_s08,plate_41002701,I14,8.0,Darifenacin,OASIS859,33.5,0.8536103963851929,0.03486015275120735,mAChR,O=C(N)C(C1=CC=CC=C1)([C@H]2CN(CCC3=CC=C(OCC4)C4=C3)CC2)C5=CC=CC=C5,s3://cellpainting-gallery/cpg0037-oasis/axiom/images/prod_25/images/plate_41002701/r09c14f08p01-ch6sk1fk1fl1.tiff,s3://cellpainting-gallery/cpg0037-oasis/axiom/images/prod_25/images/plate_41002701/r09c14f08p01-ch1sk1fk1fl1.tiff,s3://cellpainting-gallery/cpg0037-oasis/axiom/images/prod_25/images/plate_41002701/r09c14f08p01-ch2sk1fk1fl1.tiff,s3://cellpainting-gallery/cpg0037-oasis/axiom/images/prod_25/images/plate_41002701/r09c14f08p01-ch4sk1fk1fl1.tiff,s3://cellpainting-gallery/cpg0037-oasis/axiom/images/prod_25/images/plate_41002701/r09c14f08p01-ch3sk1fk1fl1.tiff,s3://cellpainting-gallery/cpg0037-oasis/axiom/images/prod_25/images/plate_41002701/r09c14f08p01-ch5sk1fk1fl1.tiff
p41002701_I18_s08,plate_41002701,I18,8.0,Ponatinib (hydrochloride),OASIS1836,33.5,0.035480137914419174,0.43202269077301025,Autophagy; Bcr-Abl; FGFR; PDGFR; Src; VEGFR,O=C(C1=CC=C(C)C(C#CC2=CN=C3C=CC=NN23)=C1)NC4=CC=C(CN5CCN(CC5)C)C(C(F)(F)F)=C4.Cl,s3://cellpainting-gallery/cpg0037-oasis/axiom/images/prod_25/images/plate_41002701/r09c18f08p01-ch6sk1fk1fl1.tiff,s3://cellpainting-gallery/cpg0037-oasis/axiom/images/prod_25/images/plate_41002701/r09c18f08p01-ch1sk1fk1fl1.tiff,s3://cellpainting-gallery/cpg0037-oasis/axiom/images/prod_25/images/plate_41002701/r09c18f08p01-ch2sk1fk1fl1.tiff,s3://cellpainting-gallery/cpg0037-oasis/axiom/images/prod_25/images/plate_41002701/r09c18f08p01-ch4sk1fk1fl1.tiff,s3://cellpainting-gallery/cpg0037-oasis/axiom/images/prod_25/images/plate_41002701/r09c18f08p01-ch3sk1fk1fl1.tiff,s3://cellpainting-gallery/cpg0037-oasis/axiom/images/prod_25/images/plate_41002701/r09c18f08p01-ch5sk1fk1fl1.tiff
p41002701_I19_s08,plate_41002701,I19,8.0,Cobimetinib,OASIS1868,33.5,0.11791928857564926,0.3033643960952759,Apoptosis; MEK,OC1([C@H]2NCCCC2)CN(C1)C(C3=C(C(F)=C(C=C3)F)NC4=C(C=C(C=C4)I)F)=O,s3://cellpainting-gallery/cpg0037-oasis/axiom/images/prod_25/images/plate_41002701/r09c19f08p01-ch6sk1fk1fl1.tiff,s3://cellpainting-gallery/cpg0037-oasis/axiom/images/prod_25/images/plate_41002701/r09c19f08p01-ch1sk1fk1fl1.tiff,s3://cellpainting-gallery/cpg0037-oasis/axiom/images/prod_25/images/plate_41002701/r09c19f08p01-ch2sk1fk1fl1.tiff,s3://cellpainting-gallery/cpg0037-oasis/axiom/images/prod_25/images/plate_41002701/r09c19f08p01-ch4sk1fk1fl1.tiff,s3://cellpainting-gallery/cpg0037-oasis/axiom/images/prod_25/images/plate_41002701/r09c19f08p01-ch3sk1fk1fl1.tiff,s3://cellpainting-gallery/cpg0037-oasis/axiom/images/prod_25/images/plate_41002701/r09c19f08p01-ch5sk1fk1fl1.tiff
p41002701_J10_s08,plate_41002701,J10,8.0,Chlorothalonil,OASIS123,33.5,0.01826183684170246,0.41244426369667053,Estrogen Receptor/ERR; Fungal,N#CC1=C(Cl)C(Cl)=C(Cl)C(C#N)=C1Cl,s3://cellpainting-gallery/cpg0037-oasis/axiom/images/prod_25/images/plate_41002701/r10c10f08p01-ch6sk1fk1fl1.tiff,s3://cellpainting-gallery/cpg0037-oasis/axiom/images/prod_25/images/plate_41002701/r10c10f08p01-ch1sk1fk1fl1.tiff,s3://cellpainting-gallery/cpg0037-oasis/axiom/images/prod_25/images/plate_41002701/r10c10f08p01-ch2sk1fk1fl1.tiff,s3://cellpainting-gallery/cpg0037-oasis/axiom/images/prod_25/images/plate_41002701/r10c10f08p01-ch4sk1fk1fl1.tiff,s3://cellpainting-gallery/cpg0037-oasis/axiom/images/prod_25/images/plate_41002701/r10c10f08p01-ch3sk1fk1fl1.tiff,s3://cellpainting-gallery/cpg0037-oasis/axiom/images/prod_25/images/plate_41002701/r10c10f08p01-ch5sk1fk1fl1.tiff
p41002701_J15_s08,plate_41002701,J15,8.0,Avapritinib,OASIS1779,33.5,0.31984302401542664,-0.01828131265938282,c-Kit; PDGFR,CN1N=CC(C2=CN3C(C(N4CCN(C5=NC=C([C@@](C)(N)C6=CC=C(F)C=C6)C=N5)CC4)=NC=N3)=C2)=C1,s3://cellpainting-gallery/cpg0037-oasis/axiom/images/prod_25/images/plate_41002701/r10c15f08p01-ch6sk1fk1fl1.tiff,s3://cellpainting-gallery/cpg0037-oasis/axiom/images/prod_25/images/plate_41002701/r10c15f08p01-ch1sk1fk1fl1.tiff,s3://cellpainting-gallery/cpg0037-oasis/axiom/images/prod_25/images/plate_41002701/r10c15f08p01-ch2sk1fk1fl1.tiff,s3://cellpainting-gallery/cpg0037-oasis/axiom/images/prod_25/images/plate_41002701/r10c15f08p01-ch4sk1fk1fl1.tiff,s3://cellpainting-gallery/cpg0037-oasis/axiom/images/prod_25/images/plate_41002701/r10c15f08p01-ch3sk1fk1fl1.tiff,s3://cellpainting-gallery/cpg0037-oasis/axiom/images/prod_25/images/plate_41002701/r10c15f08p01-ch5sk1fk1fl1.tiff
p41002701_J16_s08,plate_41002701,J16,8.0,Retinoic acid,OASIS140,33.5,0.9110047221183777,-0.032265909016132355,Autophagy; Endogenous Metabolite; Organoid; PPAR; RAR/RXR,CC1(C)C(/C=C/C(C)=C/C=C/C(C)=C/C(O)=O)=C(C)CCC1,s3://cellpainting-gallery/cpg0037-oasis/axiom/images/prod_25/images/plate_41002701/r10c16f08p01-ch6sk1fk1fl1.tiff,s3://cellpainting-gallery/cpg0037-oasis/axiom/images/prod_25/images/plate_41002701/r10c16f08p01-ch1sk1fk1fl1.tiff,s3://cellpainting-gallery/cpg0037-oasis/axiom/images/prod_25/images/plate_41002701/r10c16f08p01-ch2sk1fk1fl1.tiff,s3://cellpainting-gallery/cpg0037-oasis/axiom/images/prod_25/images/plate_41002701/r10c16f08p01-ch4sk1fk1fl1.tiff,s3://cellpainting-gallery/cpg0037-oasis/axiom/images/prod_25/images/plate_41002701/r10c16f08p01-ch3sk1fk1fl1.tiff,s3://cellpainting-gallery/cpg0037-oasis/axiom/images/prod_25/images/plate_41002701/r10c16f08p01-ch5sk1fk1fl1.tiff
p41002701_J17_s08,plate_41002701,J17,8.0,Domperidone,OASIS750,33.5,0.4586329758167267,0.015281718224287033,Dopamine Receptor,O=C1NC2=CC(Cl)=CC=C2N1C3CCN(CCCN4C5=CC=CC=C5NC4=O)CC3,s3://cellpainting-gallery/cpg0037-oasis/axiom/images/prod_25/images/plate_41002701/r10c17f08p01-ch6sk1fk1fl1.tiff,s3://cellpainting-gallery/cpg0037-oasis/axiom/images/prod_25/images/plate_41002701/r10c17f08p01-ch1sk1fk1fl1.tiff,s3://cellpainting-gallery/cpg0037-oasis/axiom/images/prod_25/images/plate_41002701/r10c17f08p01-ch2sk1fk1fl1.tiff,s3://cellpainting-gallery/cpg0037-oasis/axiom/images/prod_25/images/plate_41002701/r10c17f08p01-ch4sk1fk1fl1.tiff,s3://cellpainting-gallery/cpg0037-oasis/axiom/images/prod_25/images/plate_41002701/r10c17f08p01-ch3sk1fk1fl1.tiff,s3://cellpainting-gallery/cpg0037-oasis/axiom/images/prod_25/images/plate_41002701/r10c17f08p01-ch5sk1fk1fl1.tiff
p41002701_K12_s08,plate_41002701,K12,8.0,DMSO,,0.0,0.9443978071212769,-0.0742197036743164,,,s3://cellpainting-gallery/cpg0037-oasis/axiom/images/prod_25/images/plate_41002701/r11c12f08p01-ch6sk1fk1fl1.tiff,s3://cellpainting-gallery/cpg0037-oasis/axiom/images/prod_25/images/plate_41002701/r11c12f08p01-ch1sk1fk1fl1.tiff,s3://cellpainting-gallery/cpg0037-oasis/axiom/images/prod_25/images/plate_41002701/r11c12f08p01-ch2sk1fk1fl1.tiff,s3://cellpainting-gallery/cpg0037-oasis/axiom/images/prod_25/images/plate_41002701/r11c12f08p01-ch4sk1fk1fl1.tiff,s3://cellpainting-gallery/cpg0037-oasis/axiom/images/prod_25/images/plate_41002701/r11c12f08p01-ch3sk1fk1fl1.tiff,s3://cellpainting-gallery/cpg0037-oasis/axiom/images/prod_25/images/plate_41002701/r11c12f08p01-ch5sk1fk1fl1.tiff
p41002701_K16_s08,plate_41002701,K16,8.0,Chlormezanone,OASIS040,33.5,1.0122275352478027,0.0012971219839528203,GABA Receptor,O=C(CC1)N(C)C(C2=CC=C(Cl)C=C2)S1(=O)=O,s3://cellpainting-gallery/cpg0037-oasis/axiom/images/prod_25/images/plate_41002701/r11c16f08p01-ch6sk1fk1fl1.tiff,s3://cellpainting-gallery/cpg0037-oasis/axiom/images/prod_25/images/plate_41002701/r11c16f08p01-ch1sk1fk1fl1.tiff,s3://cellpainting-gallery/cpg0037-oasis/axiom/images/prod_25/images/plate_41002701/r11c16f08p01-ch2sk1fk1fl1.tiff,s3://cellpainting-gallery/cpg0037-oasis/axiom/images/prod_25/images/plate_41002701/r11c16f08p01-ch4sk1fk1fl1.tiff,s3://cellpainting-gallery/cpg0037-oasis/axiom/images/prod_25/images/plate_41002701/r11c16f08p01-ch3sk1fk1fl1.tiff,s3://cellpainting-gallery/cpg0037-oasis/axiom/images/prod_25/images/plate_41002701/r11c16f08p01-ch5sk1fk1fl1.tiff
p41002701_K22_s08,plate_41002701,K22,8.0,Osimertinib,OASIS1825,33.5,0.22905559837818146,0.26700446009635925,EGFR,C=CC(NC1=CC(NC2=NC=CC(C3=CN(C)C4=C3C=CC=C4)=N2)=C(OC)C=C1N(CCN(C)C)C)=O,s3://cellpainting-gallery/cpg0037-oasis/axiom/images/prod_25/images/plate_41002701/r11c22f08p01-ch6sk1fk1fl1.tiff,s3://cellpainting-gallery/cpg0037-oasis/axiom/images/prod_25/images/plate_41002701/r11c22f08p01-ch1sk1fk1fl1.tiff,s3://cellpainting-gallery/cpg0037-oasis/axiom/images/prod_25/images/plate_41002701/r11c22f08p01-ch2sk1fk1fl1.tiff,s3://cellpainting-gallery/cpg0037-oasis/axiom/images/prod_25/images/plate_41002701/r11c22f08p01-ch4sk1fk1fl1.tiff,s3://cellpainting-gallery/cpg0037-oasis/axiom/images/prod_25/images/plate_41002701/r11c22f08p01-ch3sk1fk1fl1.tiff,s3://cellpainting-gallery/cpg0037-oasis/axiom/images/prod_25/images/plate_41002701/r11c22f08p01-ch5sk1fk1fl1.tiff
p41002701_L12_s08,plate_41002701,L12,8.0,DMSO,,0.0,0.9882262349128723,-0.0742197036743164,,,s3://cellpainting-gallery/cpg0037-oasis/axiom/images/prod_25/images/plate_41002701/r12c12f08p01-ch6sk1fk1fl1.tiff,s3://cellpainting-gallery/cpg0037-oasis/axiom/images/prod_25/images/plate_41002701/r12c12f08p01-ch1sk1fk1fl1.tiff,s3://cellpainting-gallery/cpg0037-oasis/axiom/images/prod_25/images/plate_41002701/r12c12f08p01-ch2sk1fk1fl1.tiff,s3://cellpainting-gallery/cpg0037-oasis/axiom/images/prod_25/images/plate_41002701/r12c12f08p01-ch4sk1fk1fl1.tiff,s3://cellpainting-gallery/cpg0037-oasis/axiom/images/prod_25/images/plate_41002701/r12c12f08p01-ch3sk1fk1fl1.tiff,s3://cellpainting-gallery/cpg0037-oasis/axiom/images/prod_25/images/plate_41002701/r12c12f08p01-ch5sk1fk1fl1.tiff
p41002701_L13_s08,plate_41002701,L13,8.0,Zanubrutinib,OASIS1876,33.5,0.6438601613044739,-0.007093635853379965,Btk,NC(C1=C2N(N=C1C3=CC=C(OC4=CC=CC=C4)C=C3)[C@H](C5CCN(C(C=C)=O)CC5)CCN2)=O,s3://cellpainting-gallery/cpg0037-oasis/axiom/images/prod_25/images/plate_41002701/r12c13f08p01-ch6sk1fk1fl1.tiff,s3://cellpainting-gallery/cpg0037-oasis/axiom/images/prod_25/images/plate_41002701/r12c13f08p01-ch1sk1fk1fl1.tiff,s3://cellpainting-gallery/cpg0037-oasis/axiom/images/prod_25/images/plate_41002701/r12c13f08p01-ch2sk1fk1fl1.tiff,s3://cellpainting-gallery/cpg0037-oasis/axiom/images/prod_25/images/plate_41002701/r12c13f08p01-ch4sk1fk1fl1.tiff,s3://cellpainting-gallery/cpg0037-oasis/axiom/images/prod_25/images/plate_41002701/r12c13f08p01-ch3sk1fk1fl1.tiff,s3://cellpainting-gallery/cpg0037-oasis/axiom/images/prod_25/images/plate_41002701/r12c13f08p01-ch5sk1fk1fl1.tiff
p41002701_L14_s08,plate_41002701,L14,8.0,Cephalothin,OASIS1000,33.5,0.9443978071212769,-0.03785974904894829,Antibiotic; Bacterial; Beta-lactamase,O=C(C(N12)=C(COC(C)=O)CS[C@]2([H])[C@H](NC(CC3=CC=CS3)=O)C1=O)O,s3://cellpainting-gallery/cpg0037-oasis/axiom/images/prod_25/images/plate_41002701/r12c14f08p01-ch6sk1fk1fl1.tiff,s3://cellpainting-gallery/cpg0037-oasis/axiom/images/prod_25/images/plate_41002701/r12c14f08p01-ch1sk1fk1fl1.tiff,s3://cellpainting-gallery/cpg0037-oasis/axiom/images/prod_25/images/plate_41002701/r12c14f08p01-ch2sk1fk1fl1.tiff,s3://cellpainting-gallery/cpg0037-oasis/axiom/images/prod_25/images/plate_41002701/r12c14f08p01-ch4sk1fk1fl1.tiff,s3://cellpainting-gallery/cpg0037-oasis/axiom/images/prod_25/images/plate_41002701/r12c14f08p01-ch3sk1fk1fl1.tiff,s3://cellpainting-gallery/cpg0037-oasis/axiom/images/prod_25/images/plate_41002701/r12c14f08p01-ch5sk1fk1fl1.tiff
p41002701_L15_s08,plate_41002701,L15,8.0,Ruxolitinib,OASIS1740,33.5,0.6323813199996948,-0.012687474489212036,Apoptosis; Autophagy; JAK; Mitophagy,N#CC[C@H](C1CCCC1)N2N=CC(C3=C4C=CNC4=NC=N3)=C2,s3://cellpainting-gallery/cpg0037-oasis/axiom/images/prod_25/images/plate_41002701/r12c15f08p01-ch6sk1fk1fl1.tiff,s3://cellpainting-gallery/cpg0037-oasis/axiom/images/prod_25/images/plate_41002701/r12c15f08p01-ch1sk1fk1fl1.tiff,s3://cellpainting-gallery/cpg0037-oasis/axiom/images/prod_25/images/plate_41002701/r12c15f08p01-ch2sk1fk1fl1.tiff,s3://cellpainting-gallery/cpg0037-oasis/axiom/images/prod_25/images/plate_41002701/r12c15f08p01-ch4sk1fk1fl1.tiff,s3://cellpainting-gallery/cpg0037-oasis/axiom/images/prod_25/images/plate_41002701/r12c15f08p01-ch3sk1fk1fl1.tiff,s3://cellpainting-gallery/cpg0037-oasis/axiom/images/prod_25/images/plate_41002701/r12c15f08p01-ch5sk1fk1fl1.tiff
p41002701_L16_s08,plate_41002701,L16,8.0,Compound_0a440abe,,33.5,0.6678614616394043,-0.060235101729631424,,,s3://cellpainting-gallery/cpg0037-oasis/axiom/images/prod_25/images/plate_41002701/r12c16f08p01-ch6sk1fk1fl1.tiff,s3://cellpainting-gallery/cpg0037-oasis/axiom/images/prod_25/images/plate_41002701/r12c16f08p01-ch1sk1fk1fl1.tiff,s3://cellpainting-gallery/cpg0037-oasis/axiom/images/prod_25/images/plate_41002701/r12c16f08p01-ch2sk1fk1fl1.tiff,s3://cellpainting-gallery/cpg0037-oasis/axiom/images/prod_25/images/plate_41002701/r12c16f08p01-ch4sk1fk1fl1.tiff,s3://cellpainting-gallery/cpg0037-oasis/axiom/images/prod_25/images/plate_41002701/r12c16f08p01-ch3sk1fk1fl1.tiff,s3://cellpainting-gallery/cpg0037-oasis/axiom/images/prod_25/images/plate_41002701/r12c16f08p01-ch5sk1fk1fl1.tiff
p41002701_L18_s08,plate_41002701,L18,8.0,Acalabrutinib,OASIS1795,33.5,0.4455887973308563,-0.01828131265938282,Btk,O=C(NC1=NC=CC=C1)C2=CC=C(C3=C4C(N)=NC=CN4C([C@H]5N(C(C#CC)=O)CCC5)=N3)C=C2,s3://cellpainting-gallery/cpg0037-oasis/axiom/images/prod_25/images/plate_41002701/r12c18f08p01-ch6sk1fk1fl1.tiff,s3://cellpainting-gallery/cpg0037-oasis/axiom/images/prod_25/images/plate_41002701/r12c18f08p01-ch1sk1fk1fl1.tiff,s3://cellpainting-gallery/cpg0037-oasis/axiom/images/prod_25/images/plate_41002701/r12c18f08p01-ch2sk1fk1fl1.tiff,s3://cellpainting-gallery/cpg0037-oasis/axiom/images/prod_25/images/plate_41002701/r12c18f08p01-ch4sk1fk1fl1.tiff,s3://cellpainting-gallery/cpg0037-oasis/axiom/images/prod_25/images/plate_41002701/r12c18f08p01-ch3sk1fk1fl1.tiff,s3://cellpainting-gallery/cpg0037-oasis/axiom/images/prod_25/images/plate_41002701/r12c18f08p01-ch5sk1fk1fl1.tiff
p41002701_M10_s08,plate_41002701,M10,8.0,Carmustine,OASIS1398,33.5,0.9438760280609131,-0.07142277806997299,DNA Alkylator/Crosslinker,O=C(NCCCl)N(CCCl)N=O,s3://cellpainting-gallery/cpg0037-oasis/axiom/images/prod_25/images/plate_41002701/r13c10f08p01-ch6sk1fk1fl1.tiff,s3://cellpainting-gallery/cpg0037-oasis/axiom/images/prod_25/images/plate_41002701/r13c10f08p01-ch1sk1fk1fl1.tiff,s3://cellpainting-gallery/cpg0037-oasis/axiom/images/prod_25/images/plate_41002701/r13c10f08p01-ch2sk1fk1fl1.tiff,s3://cellpainting-gallery/cpg0037-oasis/axiom/images/prod_25/images/plate_41002701/r13c10f08p01-ch4sk1fk1fl1.tiff,s3://cellpainting-gallery/cpg0037-oasis/axiom/images/prod_25/images/plate_41002701/r13c10f08p01-ch3sk1fk1fl1.tiff,s3://cellpainting-gallery/cpg0037-oasis/axiom/images/prod_25/images/plate_41002701/r13c10f08p01-ch5sk1fk1fl1.tiff
p41002701_M11_s08,plate_41002701,M11,8.0,Dacomitinib,OASIS1835,33.5,0.08087384700775146,0.23623834550380707,Apoptosis; EGFR,O=C(/C=C/CN1CCCCC1)NC2=CC3=C(C=C2OC)N=CN=C3NC4=CC=C(C(Cl)=C4)F,s3://cellpainting-gallery/cpg0037-oasis/axiom/images/prod_25/images/plate_41002701/r13c11f08p01-ch6sk1fk1fl1.tiff,s3://cellpainting-gallery/cpg0037-oasis/axiom/images/prod_25/images/plate_41002701/r13c11f08p01-ch1sk1fk1fl1.tiff,s3://cellpainting-gallery/cpg0037-oasis/axiom/images/prod_25/images/plate_41002701/r13c11f08p01-ch2sk1fk1fl1.tiff,s3://cellpainting-gallery/cpg0037-oasis/axiom/images/prod_25/images/plate_41002701/r13c11f08p01-ch4sk1fk1fl1.tiff,s3://cellpainting-gallery/cpg0037-oasis/axiom/images/prod_25/images/plate_41002701/r13c11f08p01-ch3sk1fk1fl1.tiff,s3://cellpainting-gallery/cpg0037-oasis/axiom/images/prod_25/images/plate_41002701/r13c11f08p01-ch5sk1fk1fl1.tiff
p41002701_M12_s08,plate_41002701,M12,8.0,DMSO,,0.0,0.92978835105896,-0.009890555404126644,,,s3://cellpainting-gallery/cpg0037-oasis/axiom/images/prod_25/images/plate_41002701/r13c12f08p01-ch6sk1fk1fl1.tiff,s3://cellpainting-gallery/cpg0037-oasis/axiom/images/prod_25/images/plate_41002701/r13c12f08p01-ch1sk1fk1fl1.tiff,s3://cellpainting-gallery/cpg0037-oasis/axiom/images/prod_25/images/plate_41002701/r13c12f08p01-ch2sk1fk1fl1.tiff,s3://cellpainting-gallery/cpg0037-oasis/axiom/images/prod_25/images/plate_41002701/r13c12f08p01-ch4sk1fk1fl1.tiff,s3://cellpainting-gallery/cpg0037-oasis/axiom/images/prod_25/images/plate_41002701/r13c12f08p01-ch3sk1fk1fl1.tiff,s3://cellpainting-gallery/cpg0037-oasis/axiom/images/prod_25/images/plate_41002701/r13c12f08p01-ch5sk1fk1fl1.tiff
p41002701_M14_s08,plate_41002701,M14,8.0,Triheptanoin,OASIS1819,33.5,0.9438760280609131,-0.04345358908176422,Others,CCCCCCC(OCC(OC(CCCCCC)=O)COC(CCCCCC)=O)=O,s3://cellpainting-gallery/cpg0037-oasis/axiom/images/prod_25/images/plate_41002701/r13c14f08p01-ch6sk1fk1fl1.tiff,s3://cellpainting-gallery/cpg0037-oasis/axiom/images/prod_25/images/plate_41002701/r13c14f08p01-ch1sk1fk1fl1.tiff,s3://cellpainting-gallery/cpg0037-oasis/axiom/images/prod_25/images/plate_41002701/r13c14f08p01-ch2sk1fk1fl1.tiff,s3://cellpainting-gallery/cpg0037-oasis/axiom/images/prod_25/images/plate_41002701/r13c14f08p01-ch4sk1fk1fl1.tiff,s3://cellpainting-gallery/cpg0037-oasis/axiom/images/prod_25/images/plate_41002701/r13c14f08p01-ch3sk1fk1fl1.tiff,s3://cellpainting-gallery/cpg0037-oasis/axiom/images/prod_25/images/plate_41002701/r13c14f08p01-ch5sk1fk1fl1.tiff
p41002701_M20_s08,plate_41002701,M20,8.0,DMSO,,0.0,1.0278805494308472,-0.07701662182807922,,,s3://cellpainting-gallery/cpg0037-oasis/axiom/images/prod_25/images/plate_41002701/r13c20f08p01-ch6sk1fk1fl1.tiff,s3://cellpainting-gallery/cpg0037-oasis/axiom/images/prod_25/images/plate_41002701/r13c20f08p01-ch1sk1fk1fl1.tiff,s3://cellpainting-gallery/cpg0037-oasis/axiom/images/prod_25/images/plate_41002701/r13c20f08p01-ch2sk1fk1fl1.tiff,s3://cellpainting-gallery/cpg0037-oasis/axiom/images/prod_25/images/plate_41002701/r13c20f08p01-ch4sk1fk1fl1.tiff,s3://cellpainting-gallery/cpg0037-oasis/axiom/images/prod_25/images/plate_41002701/r13c20f08p01-ch3sk1fk1fl1.tiff,s3://cellpainting-gallery/cpg0037-oasis/axiom/images/prod_25/images/plate_41002701/r13c20f08p01-ch5sk1fk1fl1.tiff
p41002701_M22_s08,plate_41002701,M22,8.0,Compound_88f6068e,,33.5,0.7388216853141785,-0.004296716768294573,,,s3://cellpainting-gallery/cpg0037-oasis/axiom/images/prod_25/images/plate_41002701/r13c22f08p01-ch6sk1fk1fl1.tiff,s3://cellpainting-gallery/cpg0037-oasis/axiom/images/prod_25/images/plate_41002701/r13c22f08p01-ch1sk1fk1fl1.tiff,s3://cellpainting-gallery/cpg0037-oasis/axiom/images/prod_25/images/plate_41002701/r13c22f08p01-ch2sk1fk1fl1.tiff,s3://cellpainting-gallery/cpg0037-oasis/axiom/images/prod_25/images/plate_41002701/r13c22f08p01-ch4sk1fk1fl1.tiff,s3://cellpainting-gallery/cpg0037-oasis/axiom/images/prod_25/images/plate_41002701/r13c22f08p01-ch3sk1fk1fl1.tiff,s3://cellpainting-gallery/cpg0037-oasis/axiom/images/prod_25/images/plate_41002701/r13c22f08p01-ch5sk1fk1fl1.tiff
p41002701_N11_s08,plate_41002701,N11,8.0,Rapamycin,OASIS1120,33.5,0.601075291633606,-0.05464126542210579,Antibiotic; Autophagy; Bacterial; Endogenous Metabolite; FKBP; Fungal; mTOR,O=C([C@@]1(O)[C@@H](CC[C@@H](C[C@@H](/C(C)=C/C=C/C=C/[C@H](C[C@@H](C)C([C@@H]([C@@H](/C(C)=C/[C@H]2C)O)OC)=O)C)OC)O1)C)C(N3CCCC[C@H]3C(O[C@@H](CC2=O)[C@@H](C[C@H]4C[C@H]([C@H](O)CC4)OC)C)=O)=O,s3://cellpainting-gallery/cpg0037-oasis/axiom/images/prod_25/images/plate_41002701/r14c11f08p01-ch6sk1fk1fl1.tiff,s3://cellpainting-gallery/cpg0037-oasis/axiom/images/prod_25/images/plate_41002701/r14c11f08p01-ch1sk1fk1fl1.tiff,s3://cellpainting-gallery/cpg0037-oasis/axiom/images/prod_25/images/plate_41002701/r14c11f08p01-ch2sk1fk1fl1.tiff,s3://cellpainting-gallery/cpg0037-oasis/axiom/images/prod_25/images/plate_41002701/r14c11f08p01-ch4sk1fk1fl1.tiff,s3://cellpainting-gallery/cpg0037-oasis/axiom/images/prod_25/images/plate_41002701/r14c11f08p01-ch3sk1fk1fl1.tiff,s3://cellpainting-gallery/cpg0037-oasis/axiom/images/prod_25/images/plate_41002701/r14c11f08p01-ch5sk1fk1fl1.tiff
p41002701_N13_s08,plate_41002701,N13,8.0,Baricitinib,OASIS1781,33.5,0.6516866683959961,-0.009890555404126644,JAK,N#CCC1(N2N=CC(C3=C4C(NC=C4)=NC=N3)=C2)CN(S(=O)(CC)=O)C1,s3://cellpainting-gallery/cpg0037-oasis/axiom/images/prod_25/images/plate_41002701/r14c13f08p01-ch6sk1fk1fl1.tiff,s3://cellpainting-gallery/cpg0037-oasis/axiom/images/prod_25/images/plate_41002701/r14c13f08p01-ch1sk1fk1fl1.tiff,s3://cellpainting-gallery/cpg0037-oasis/axiom/images/prod_25/images/plate_41002701/r14c13f08p01-ch2sk1fk1fl1.tiff,s3://cellpainting-gallery/cpg0037-oasis/axiom/images/prod_25/images/plate_41002701/r14c13f08p01-ch4sk1fk1fl1.tiff,s3://cellpainting-gallery/cpg0037-oasis/axiom/images/prod_25/images/plate_41002701/r14c13f08p01-ch3sk1fk1fl1.tiff,s3://cellpainting-gallery/cpg0037-oasis/axiom/images/prod_25/images/plate_41002701/r14c13f08p01-ch5sk1fk1fl1.tiff
p41002701_N15_s08,plate_41002701,N15,8.0,Compound_567dbb1e,,33.5,0.7184728384017944,-0.04345358908176422,,,s3://cellpainting-gallery/cpg0037-oasis/axiom/images/prod_25/images/plate_41002701/r14c15f08p01-ch6sk1fk1fl1.tiff,s3://cellpainting-gallery/cpg0037-oasis/axiom/images/prod_25/images/plate_41002701/r14c15f08p01-ch1sk1fk1fl1.tiff,s3://cellpainting-gallery/cpg0037-oasis/axiom/images/prod_25/images/plate_41002701/r14c15f08p01-ch2sk1fk1fl1.tiff,s3://cellpainting-gallery/cpg0037-oasis/axiom/images/prod_25/images/plate_41002701/r14c15f08p01-ch4sk1fk1fl1.tiff,s3://cellpainting-gallery/cpg0037-oasis/axiom/images/prod_25/images/plate_41002701/r14c15f08p01-ch3sk1fk1fl1.tiff,s3://cellpainting-gallery/cpg0037-oasis/axiom/images/prod_25/images/plate_41002701/r14c15f08p01-ch5sk1fk1fl1.tiff
p41002701_N22_s08,plate_41002701,N22,8.0,Raltegravir,OASIS869,33.5,1.0336198806762695,-0.040656667202711105,HIV; HIV Integrase,O=C(C(O)=C(C(NCC1=CC=C(C=C1)F)=O)N=C2C(C)(C)NC(C3=NN=C(C)O3)=O)N2C,s3://cellpainting-gallery/cpg0037-oasis/axiom/images/prod_25/images/plate_41002701/r14c22f08p01-ch6sk1fk1fl1.tiff,s3://cellpainting-gallery/cpg0037-oasis/axiom/images/prod_25/images/plate_41002701/r14c22f08p01-ch1sk1fk1fl1.tiff,s3://cellpainting-gallery/cpg0037-oasis/axiom/images/prod_25/images/plate_41002701/r14c22f08p01-ch2sk1fk1fl1.tiff,s3://cellpainting-gallery/cpg0037-oasis/axiom/images/prod_25/images/plate_41002701/r14c22f08p01-ch4sk1fk1fl1.tiff,s3://cellpainting-gallery/cpg0037-oasis/axiom/images/prod_25/images/plate_41002701/r14c22f08p01-ch3sk1fk1fl1.tiff,s3://cellpainting-gallery/cpg0037-oasis/axiom/images/prod_25/images/plate_41002701/r14c22f08p01-ch5sk1fk1fl1.tiff
p41002701_O11_s08,plate_41002701,O11,8.0,Compound_fee2a120,,33.5,0.583856999874115,0.03486015275120735,,,s3://cellpainting-gallery/cpg0037-oasis/axiom/images/prod_25/images/plate_41002701/r15c11f08p01-ch6sk1fk1fl1.tiff,s3://cellpainting-gallery/cpg0037-oasis/axiom/images/prod_25/images/plate_41002701/r15c11f08p01-ch1sk1fk1fl1.tiff,s3://cellpainting-gallery/cpg0037-oasis/axiom/images/prod_25/images/plate_41002701/r15c11f08p01-ch2sk1fk1fl1.tiff,s3://cellpainting-gallery/cpg0037-oasis/axiom/images/prod_25/images/plate_41002701/r15c11f08p01-ch4sk1fk1fl1.tiff,s3://cellpainting-gallery/cpg0037-oasis/axiom/images/prod_25/images/plate_41002701/r15c11f08p01-ch3sk1fk1fl1.tiff,s3://cellpainting-gallery/cpg0037-oasis/axiom/images/prod_25/images/plate_41002701/r15c11f08p01-ch5sk1fk1fl1.tiff
p41002701_O14_s08,plate_41002701,O14,8.0,Droperidol,OASIS1204,33.5,0.8661327958106995,0.08800162374973297,Dopamine Receptor,O=C1NC2=CC=CC=C2N1C3=CCN(CCCC(C4=CC=C(F)C=C4)=O)CC3,s3://cellpainting-gallery/cpg0037-oasis/axiom/images/prod_25/images/plate_41002701/r15c14f08p01-ch6sk1fk1fl1.tiff,s3://cellpainting-gallery/cpg0037-oasis/axiom/images/prod_25/images/plate_41002701/r15c14f08p01-ch1sk1fk1fl1.tiff,s3://cellpainting-gallery/cpg0037-oasis/axiom/images/prod_25/images/plate_41002701/r15c14f08p01-ch2sk1fk1fl1.tiff,s3://cellpainting-gallery/cpg0037-oasis/axiom/images/prod_25/images/plate_41002701/r15c14f08p01-ch4sk1fk1fl1.tiff,s3://cellpainting-gallery/cpg0037-oasis/axiom/images/prod_25/images/plate_41002701/r15c14f08p01-ch3sk1fk1fl1.tiff,s3://cellpainting-gallery/cpg0037-oasis/axiom/images/prod_25/images/plate_41002701/r15c14f08p01-ch5sk1fk1fl1.tiff
p41002701_O22_s08,plate_41002701,O22,8.0,Gefitinib,OASIS1455,33.5,0.42680519819259644,0.08240777999162674,Apoptosis; Autophagy; EGFR,ClC1=C(C=CC(NC2=NC=NC3=C2C=C(C(OC)=C3)OCCCN4CCOCC4)=C1)F,s3://cellpainting-gallery/cpg0037-oasis/axiom/images/prod_25/images/plate_41002701/r15c22f08p01-ch6sk1fk1fl1.tiff,s3://cellpainting-gallery/cpg0037-oasis/axiom/images/prod_25/images/plate_41002701/r15c22f08p01-ch1sk1fk1fl1.tiff,s3://cellpainting-gallery/cpg0037-oasis/axiom/images/prod_25/images/plate_41002701/r15c22f08p01-ch2sk1fk1fl1.tiff,s3://cellpainting-gallery/cpg0037-oasis/axiom/images/prod_25/images/plate_41002701/r15c22f08p01-ch4sk1fk1fl1.tiff,s3://cellpainting-gallery/cpg0037-oasis/axiom/images/prod_25/images/plate_41002701/r15c22f08p01-ch3sk1fk1fl1.tiff,s3://cellpainting-gallery/cpg0037-oasis/axiom/images/prod_25/images/plate_41002701/r15c22f08p01-ch5sk1fk1fl1.tiff
p41002701_O23_s08,plate_41002701,O23,8.0,Sulfasalazine,OASIS018,33.5,0.8468274474143982,0.012484799139201641,Antibiotic; Apoptosis; Autophagy; Bacterial; Ferroptosis; NF-κB,OC(C1=C(O)C=CC(/N=N/C2=CC=C(S(=O)(NC3=NC=CC=C3)=O)C=C2)=C1)=O,s3://cellpainting-gallery/cpg0037-oasis/axiom/images/prod_25/images/plate_41002701/r15c23f08p01-ch6sk1fk1fl1.tiff,s3://cellpainting-gallery/cpg0037-oasis/axiom/images/prod_25/images/plate_41002701/r15c23f08p01-ch1sk1fk1fl1.tiff,s3://cellpainting-gallery/cpg0037-oasis/axiom/images/prod_25/images/plate_41002701/r15c23f08p01-ch2sk1fk1fl1.tiff,s3://cellpainting-gallery/cpg0037-oasis/axiom/images/prod_25/images/plate_41002701/r15c23f08p01-ch4sk1fk1fl1.tiff,s3://cellpainting-gallery/cpg0037-oasis/axiom/images/prod_25/images/plate_41002701/r15c23f08p01-ch3sk1fk1fl1.tiff,s3://cellpainting-gallery/cpg0037-oasis/axiom/images/prod_25/images/plate_41002701/r15c23f08p01-ch5sk1fk1fl1.tiff
p41002701_O23_s08,plate_41002701,O23,8.0,Sulfasalazine,OASIS018,33.5,0.8468274474143982,0.012484799139201641,Antibiotic; Apoptosis; Autophagy; Bacterial; Ferroptosis; NF-κB,OC(C1=C(O)C=CC(/N=N/C2=CC=C(S(=O)(NC3=NC=CC=C3)=O)C=C2)=C1)=O,s3://cellpainting-gallery/cpg0037-oasis/axiom/images/prod_25/images/plate_41002701/r15c23f08p01-ch6sk1fk1fl1.tiff,s3://cellpainting-gallery/cpg0037-oasis/axiom/images/prod_25/images/plate_41002701/r15c23f08p01-ch1sk1fk1fl1.tiff,s3://cellpainting-gallery/cpg0037-oasis/axiom/images/prod_25/images/plate_41002701/r15c23f08p01-ch2sk1fk1fl1.tiff,s3://cellpainting-gallery/cpg0037-oasis/axiom/images/prod_25/images/plate_41002701/r15c23f08p01-ch4sk1fk1fl1.tiff,s3://cellpainting-gallery/cpg0037-oasis/axiom/images/prod_25/images/plate_41002701/r15c23f08p01-ch3sk1fk1fl1.tiff,s3://cellpainting-gallery/cpg0037-oasis/axiom/images/prod_25/images/plate_41002701/r15c23f08p01-ch5sk1fk1fl1.tiff
p41002701_P14_s08,plate_41002701,P14,8.0,Capsaicin,OASIS1503,33.5,1.0137927532196045,0.11317389458417892,Apoptosis; Autophagy; Endogenous Metabolite; TRP Channel,CC(C)/C=C/CCCCC(NCC1=CC=C(O)C(OC)=C1)=O,s3://cellpainting-gallery/cpg0037-oasis/axiom/images/prod_25/images/plate_41002701/r16c14f08p01-ch6sk1fk1fl1.tiff,s3://cellpainting-gallery/cpg0037-oasis/axiom/images/prod_25/images/plate_41002701/r16c14f08p01-ch1sk1fk1fl1.tiff,s3://cellpainting-gallery/cpg0037-oasis/axiom/images/prod_25/images/plate_41002701/r16c14f08p01-ch2sk1fk1fl1.tiff,s3://cellpainting-gallery/cpg0037-oasis/axiom/images/prod_25/images/plate_41002701/r16c14f08p01-ch4sk1fk1fl1.tiff,s3://cellpainting-gallery/cpg0037-oasis/axiom/images/prod_25/images/plate_41002701/r16c14f08p01-ch3sk1fk1fl1.tiff,s3://cellpainting-gallery/cpg0037-oasis/axiom/images/prod_25/images/plate_41002701/r16c14f08p01-ch5sk1fk1fl1.tiff
p41002701_P18_s08,plate_41002701,P18,8.0,Lercanidipine,OASIS861,33.5,1.0132709741592407,0.07122010737657547,Apoptosis; Calcium Channel; NF-κB; p38 MAPK; Reactive Oxygen Species,O=C(C1=C(C)NC(C)=C(C(OC)=O)C1C2=CC=CC([N+]([O-])=O)=C2)OC(C)(C)CN(CCC(C3=CC=CC=C3)C4=CC=CC=C4)C,s3://cellpainting-gallery/cpg0037-oasis/axiom/images/prod_25/images/plate_41002701/r16c18f08p01-ch6sk1fk1fl1.tiff,s3://cellpainting-gallery/cpg0037-oasis/axiom/images/prod_25/images/plate_41002701/r16c18f08p01-ch1sk1fk1fl1.tiff,s3://cellpainting-gallery/cpg0037-oasis/axiom/images/prod_25/images/plate_41002701/r16c18f08p01-ch2sk1fk1fl1.tiff,s3://cellpainting-gallery/cpg0037-oasis/axiom/images/prod_25/images/plate_41002701/r16c18f08p01-ch4sk1fk1fl1.tiff,s3://cellpainting-gallery/cpg0037-oasis/axiom/images/prod_25/images/plate_41002701/r16c18f08p01-ch3sk1fk1fl1.tiff,s3://cellpainting-gallery/cpg0037-oasis/axiom/images/prod_25/images/plate_41002701/r16c18f08p01-ch5sk1fk1fl1.tiff
p41002701_P19_s08,plate_41002701,P19,8.0,Cyclosporin A,OASIS011,33.5,0.6819491386413574,0.22784759104251862,Antibiotic; Complement System; Molecular Glues; Phosphatase,C/C=C/C[C@H]([C@@H](O)[C@@]1(N(C)C([C@]([H])(C(C)C)N(C)C([C@H](CC(C)C)N(C)C([C@]([H])(CC(C)C)N(C)C([C@@H](C)NC([C@H](C)NC([C@@H](N(C([C@@]([H])(NC([C@@H](N(C(CN(C([C@@H](NC1=O)CC)=O)C)=O)C)CC(C)C)=O)C(C)C)=O)C)CC(C)C)=O)=O)=O)=O)=O)=O)[H])C,s3://cellpainting-gallery/cpg0037-oasis/axiom/images/prod_25/images/plate_41002701/r16c19f08p01-ch6sk1fk1fl1.tiff,s3://cellpainting-gallery/cpg0037-oasis/axiom/images/prod_25/images/plate_41002701/r16c19f08p01-ch1sk1fk1fl1.tiff,s3://cellpainting-gallery/cpg0037-oasis/axiom/images/prod_25/images/plate_41002701/r16c19f08p01-ch2sk1fk1fl1.tiff,s3://cellpainting-gallery/cpg0037-oasis/axiom/images/prod_25/images/plate_41002701/r16c19f08p01-ch4sk1fk1fl1.tiff,s3://cellpainting-gallery/cpg0037-oasis/axiom/images/prod_25/images/plate_41002701/r16c19f08p01-ch3sk1fk1fl1.tiff,s3://cellpainting-gallery/cpg0037-oasis/axiom/images/prod_25/images/plate_41002701/r16c19f08p01-ch5sk1fk1fl1.tiff
p41002701_P22_s08,plate_41002701,P22,8.0,Alpelisib,OASIS1957,33.5,0.4601982831954956,0.13554924726486206,PI3K,CC(N=C(S1)NC(N2CCC[C@H]2C(N)=O)=O)=C1C3=CC(C(C)(C(F)(F)F)C)=NC=C3,s3://cellpainting-gallery/cpg0037-oasis/axiom/images/prod_25/images/plate_41002701/r16c22f08p01-ch6sk1fk1fl1.tiff,s3://cellpainting-gallery/cpg0037-oasis/axiom/images/prod_25/images/plate_41002701/r16c22f08p01-ch1sk1fk1fl1.tiff,s3://cellpainting-gallery/cpg0037-oasis/axiom/images/prod_25/images/plate_41002701/r16c22f08p01-ch2sk1fk1fl1.tiff,s3://cellpainting-gallery/cpg0037-oasis/axiom/images/prod_25/images/plate_41002701/r16c22f08p01-ch4sk1fk1fl1.tiff,s3://cellpainting-gallery/cpg0037-oasis/axiom/images/prod_25/images/plate_41002701/r16c22f08p01-ch3sk1fk1fl1.tiff,s3://cellpainting-gallery/cpg0037-oasis/axiom/images/prod_25/images/plate_41002701/r16c22f08p01-ch5sk1fk1fl1.tiff
p41002702_A12_s08,plate_41002702,A12,8.0,DMSO,,0.0,1.063384771347046,0.04954022914171219,,,s3://cellpainting-gallery/cpg0037-oasis/axiom/images/prod_25/images/plate_41002702/r01c12f08p01-ch6sk1fk1fl1.tiff,s3://cellpainting-gallery/cpg0037-oasis/axiom/images/prod_25/images/plate_41002702/r01c12f08p01-ch1sk1fk1fl1.tiff,s3://cellpainting-gallery/cpg0037-oasis/axiom/images/prod_25/images/plate_41002702/r01c12f08p01-ch2sk1fk1fl1.tiff,s3://cellpainting-gallery/cpg0037-oasis/axiom/images/prod_25/images/plate_41002702/r01c12f08p01-ch4sk1fk1fl1.tiff,s3://cellpainting-gallery/cpg0037-oasis/axiom/images/prod_25/images/plate_41002702/r01c12f08p01-ch3sk1fk1fl1.tiff,s3://cellpainting-gallery/cpg0037-oasis/axiom/images/prod_25/images/plate_41002702/r01c12f08p01-ch5sk1fk1fl1.tiff
p41002702_A17_s08,plate_41002702,A17,8.0,Oseltamivir,OASIS1570,0.0456431545317173,1.1127997636795044,0.21344827115535736,Influenza Virus,O=C(OCC)C1=C[C@H]([C@@H]([C@H](C1)N)NC(C)=O)OC(CC)CC,s3://cellpainting-gallery/cpg0037-oasis/axiom/images/prod_25/images/plate_41002702/r01c17f08p01-ch6sk1fk1fl1.tiff,s3://cellpainting-gallery/cpg0037-oasis/axiom/images/prod_25/images/plate_41002702/r01c17f08p01-ch1sk1fk1fl1.tiff,s3://cellpainting-gallery/cpg0037-oasis/axiom/images/prod_25/images/plate_41002702/r01c17f08p01-ch2sk1fk1fl1.tiff,s3://cellpainting-gallery/cpg0037-oasis/axiom/images/prod_25/images/plate_41002702/r01c17f08p01-ch4sk1fk1fl1.tiff,s3://cellpainting-gallery/cpg0037-oasis/axiom/images/prod_25/images/plate_41002702/r01c17f08p01-ch3sk1fk1fl1.tiff,s3://cellpainting-gallery/cpg0037-oasis/axiom/images/prod_25/images/plate_41002702/r01c17f08p01-ch5sk1fk1fl1.tiff
p41002702_A18_s08,plate_41002702,A18,8.0,Irinotecan,OASIS744,0.0456431545317173,1.0922635793685913,0.19494253396987915,Autophagy; Topoisomerase,O=C(N1CCC(N2CCCCC2)CC1)OC3=CC=C4N=C5C(CN6C(C(COC([C@@]7(CC)O)=O)=C7C=C65)=O)=C(CC)C4=C3,s3://cellpainting-gallery/cpg0037-oasis/axiom/images/prod_25/images/plate_41002702/r01c18f08p01-ch6sk1fk1fl1.tiff,s3://cellpainting-gallery/cpg0037-oasis/axiom/images/prod_25/images/plate_41002702/r01c18f08p01-ch1sk1fk1fl1.tiff,s3://cellpainting-gallery/cpg0037-oasis/axiom/images/prod_25/images/plate_41002702/r01c18f08p01-ch2sk1fk1fl1.tiff,s3://cellpainting-gallery/cpg0037-oasis/axiom/images/prod_25/images/plate_41002702/r01c18f08p01-ch4sk1fk1fl1.tiff,s3://cellpainting-gallery/cpg0037-oasis/axiom/images/prod_25/images/plate_41002702/r01c18f08p01-ch3sk1fk1fl1.tiff,s3://cellpainting-gallery/cpg0037-oasis/axiom/images/prod_25/images/plate_41002702/r01c18f08p01-ch5sk1fk1fl1.tiff
p41002702_B12_s08,plate_41002702,B12,8.0,DMSO,,0.0,0.9523614645004272,0.08919540047645569,,,s3://cellpainting-gallery/cpg0037-oasis/axiom/images/prod_25/images/plate_41002702/r02c12f08p01-ch6sk1fk1fl1.tiff,s3://cellpainting-gallery/cpg0037-oasis/axiom/images/prod_25/images/plate_41002702/r02c12f08p01-ch1sk1fk1fl1.tiff,s3://cellpainting-gallery/cpg0037-oasis/axiom/images/prod_25/images/plate_41002702/r02c12f08p01-ch2sk1fk1fl1.tiff,s3://cellpainting-gallery/cpg0037-oasis/axiom/images/prod_25/images/plate_41002702/r02c12f08p01-ch4sk1fk1fl1.tiff,s3://cellpainting-gallery/cpg0037-oasis/axiom/images/prod_25/images/plate_41002702/r02c12f08p01-ch3sk1fk1fl1.tiff,s3://cellpainting-gallery/cpg0037-oasis/axiom/images/prod_25/images/plate_41002702/r02c12f08p01-ch5sk1fk1fl1.tiff
p41002702_B24_s08,plate_41002702,B24,8.0,Telaprevir,OASIS980,0.0456431545317173,1.1359028816223145,0.2055172473192215,HCV; HCV Protease; SARS-CoV,O=C(N([C@@H]1C(N[C@H](C(C(NC2CC2)=O)=O)CCC)=O)C[C@@]3(CCC[C@@]31[H])[H])[C@@H](NC([C@@H](NC(C4=NC=CN=C4)=O)C5CCCCC5)=O)C(C)(C)C,s3://cellpainting-gallery/cpg0037-oasis/axiom/images/prod_25/images/plate_41002702/r02c24f08p01-ch6sk1fk1fl1.tiff,s3://cellpainting-gallery/cpg0037-oasis/axiom/images/prod_25/images/plate_41002702/r02c24f08p01-ch1sk1fk1fl1.tiff,s3://cellpainting-gallery/cpg0037-oasis/axiom/images/prod_25/images/plate_41002702/r02c24f08p01-ch2sk1fk1fl1.tiff,s3://cellpainting-gallery/cpg0037-oasis/axiom/images/prod_25/images/plate_41002702/r02c24f08p01-ch4sk1fk1fl1.tiff,s3://cellpainting-gallery/cpg0037-oasis/axiom/images/prod_25/images/plate_41002702/r02c24f08p01-ch3sk1fk1fl1.tiff,s3://cellpainting-gallery/cpg0037-oasis/axiom/images/prod_25/images/plate_41002702/r02c24f08p01-ch5sk1fk1fl1.tiff
p41002702_C10_s08,plate_41002702,C10,8.0,Nifurtimox,OASIS1788,0.0456431545317173,0.9722558259963989,-0.019195402041077614,Lactate Dehydrogenase; Parasite,O=S1(CC(C)N(/N=C/C2=CC=C([N+]([O-])=O)O2)CC1)=O,s3://cellpainting-gallery/cpg0037-oasis/axiom/images/prod_25/images/plate_41002702/r03c10f08p01-ch6sk1fk1fl1.tiff,s3://cellpainting-gallery/cpg0037-oasis/axiom/images/prod_25/images/plate_41002702/r03c10f08p01-ch1sk1fk1fl1.tiff,s3://cellpainting-gallery/cpg0037-oasis/axiom/images/prod_25/images/plate_41002702/r03c10f08p01-ch2sk1fk1fl1.tiff,s3://cellpainting-gallery/cpg0037-oasis/axiom/images/prod_25/images/plate_41002702/r03c10f08p01-ch4sk1fk1fl1.tiff,s3://cellpainting-gallery/cpg0037-oasis/axiom/images/prod_25/images/plate_41002702/r03c10f08p01-ch3sk1fk1fl1.tiff,s3://cellpainting-gallery/cpg0037-oasis/axiom/images/prod_25/images/plate_41002702/r03c10f08p01-ch5sk1fk1fl1.tiff
p41002702_C20_s08,plate_41002702,C20,8.0,DMSO,,0.0,1.0274465084075928,-0.011264367960393429,,,s3://cellpainting-gallery/cpg0037-oasis/axiom/images/prod_25/images/plate_41002702/r03c20f08p01-ch6sk1fk1fl1.tiff,s3://cellpainting-gallery/cpg0037-oasis/axiom/images/prod_25/images/plate_41002702/r03c20f08p01-ch1sk1fk1fl1.tiff,s3://cellpainting-gallery/cpg0037-oasis/axiom/images/prod_25/images/plate_41002702/r03c20f08p01-ch2sk1fk1fl1.tiff,s3://cellpainting-gallery/cpg0037-oasis/axiom/images/prod_25/images/plate_41002702/r03c20f08p01-ch4sk1fk1fl1.tiff,s3://cellpainting-gallery/cpg0037-oasis/axiom/images/prod_25/images/plate_41002702/r03c20f08p01-ch3sk1fk1fl1.tiff,s3://cellpainting-gallery/cpg0037-oasis/axiom/images/prod_25/images/plate_41002702/r03c20f08p01-ch5sk1fk1fl1.tiff
p41002702_C21_s08,plate_41002702,C21,8.0,Macitentan,OASIS1840,0.0456431545317173,1.1076656579971313,-0.0006896551931276917,Apoptosis; Endothelin Receptor,BrC1=CN=C(OCCOC2=C(C3=CC=C(Br)C=C3)C(NS(NCCC)(=O)=O)=NC=N2)N=C1,s3://cellpainting-gallery/cpg0037-oasis/axiom/images/prod_25/images/plate_41002702/r03c21f08p01-ch6sk1fk1fl1.tiff,s3://cellpainting-gallery/cpg0037-oasis/axiom/images/prod_25/images/plate_41002702/r03c21f08p01-ch1sk1fk1fl1.tiff,s3://cellpainting-gallery/cpg0037-oasis/axiom/images/prod_25/images/plate_41002702/r03c21f08p01-ch2sk1fk1fl1.tiff,s3://cellpainting-gallery/cpg0037-oasis/axiom/images/prod_25/images/plate_41002702/r03c21f08p01-ch4sk1fk1fl1.tiff,s3://cellpainting-gallery/cpg0037-oasis/axiom/images/prod_25/images/plate_41002702/r03c21f08p01-ch3sk1fk1fl1.tiff,s3://cellpainting-gallery/cpg0037-oasis/axiom/images/prod_25/images/plate_41002702/r03c21f08p01-ch5sk1fk1fl1.tiff
p41002702_D17_s08,plate_41002702,D17,8.0,6-Thioguanine,OASIS1225,0.0456431545317173,1.0043435096740723,0.07068965584039688,Apoptosis; Autophagy; Deubiquitinase; DNA Methyltransferase; Endogenous Metabolite; SARS-CoV,SC1=NC(N)=NC2=C1N=CN2,s3://cellpainting-gallery/cpg0037-oasis/axiom/images/prod_25/images/plate_41002702/r04c17f08p01-ch6sk1fk1fl1.tiff,s3://cellpainting-gallery/cpg0037-oasis/axiom/images/prod_25/images/plate_41002702/r04c17f08p01-ch1sk1fk1fl1.tiff,s3://cellpainting-gallery/cpg0037-oasis/axiom/images/prod_25/images/plate_41002702/r04c17f08p01-ch2sk1fk1fl1.tiff,s3://cellpainting-gallery/cpg0037-oasis/axiom/images/prod_25/images/plate_41002702/r04c17f08p01-ch4sk1fk1fl1.tiff,s3://cellpainting-gallery/cpg0037-oasis/axiom/images/prod_25/images/plate_41002702/r04c17f08p01-ch3sk1fk1fl1.tiff,s3://cellpainting-gallery/cpg0037-oasis/axiom/images/prod_25/images/plate_41002702/r04c17f08p01-ch5sk1fk1fl1.tiff
p41002702_D24_s08,plate_41002702,D24,8.0,Etravirine,OASIS886,0.0456431545317173,1.2334493398666382,0.1870114952325821,HIV; Reverse Transcriptase,N#CC1=CC(C)=C(C(C)=C1)OC2=NC(NC3=CC=C(C=C3)C#N)=NC(N)=C2Br,s3://cellpainting-gallery/cpg0037-oasis/axiom/images/prod_25/images/plate_41002702/r04c24f08p01-ch6sk1fk1fl1.tiff,s3://cellpainting-gallery/cpg0037-oasis/axiom/images/prod_25/images/plate_41002702/r04c24f08p01-ch1sk1fk1fl1.tiff,s3://cellpainting-gallery/cpg0037-oasis/axiom/images/prod_25/images/plate_41002702/r04c24f08p01-ch2sk1fk1fl1.tiff,s3://cellpainting-gallery/cpg0037-oasis/axiom/images/prod_25/images/plate_41002702/r04c24f08p01-ch4sk1fk1fl1.tiff,s3://cellpainting-gallery/cpg0037-oasis/axiom/images/prod_25/images/plate_41002702/r04c24f08p01-ch3sk1fk1fl1.tiff,s3://cellpainting-gallery/cpg0037-oasis/axiom/images/prod_25/images/plate_41002702/r04c24f08p01-ch5sk1fk1fl1.tiff
p41002702_E20_s08,plate_41002702,E20,8.0,DMSO,,0.0,0.9767481088638306,-0.05885057523846626,,,s3://cellpainting-gallery/cpg0037-oasis/axiom/images/prod_25/images/plate_41002702/r05c20f08p01-ch6sk1fk1fl1.tiff,s3://cellpainting-gallery/cpg0037-oasis/axiom/images/prod_25/images/plate_41002702/r05c20f08p01-ch1sk1fk1fl1.tiff,s3://cellpainting-gallery/cpg0037-oasis/axiom/images/prod_25/images/plate_41002702/r05c20f08p01-ch2sk1fk1fl1.tiff,s3://cellpainting-gallery/cpg0037-oasis/axiom/images/prod_25/images/plate_41002702/r05c20f08p01-ch4sk1fk1fl1.tiff,s3://cellpainting-gallery/cpg0037-oasis/axiom/images/prod_25/images/plate_41002702/r05c20f08p01-ch3sk1fk1fl1.tiff,s3://cellpainting-gallery/cpg0037-oasis/axiom/images/prod_25/images/plate_41002702/r05c20f08p01-ch5sk1fk1fl1.tiff
p41002702_E21_s08,plate_41002702,E21,8.0,Bifenazate,OASIS411,0.0456431545317173,1.0473408699035645,-0.0218390803784132,GABA Receptor,COC1=CC=C(C2=CC=CC=C2)C=C1NNC(OC(C)C)=O,s3://cellpainting-gallery/cpg0037-oasis/axiom/images/prod_25/images/plate_41002702/r05c21f08p01-ch6sk1fk1fl1.tiff,s3://cellpainting-gallery/cpg0037-oasis/axiom/images/prod_25/images/plate_41002702/r05c21f08p01-ch1sk1fk1fl1.tiff,s3://cellpainting-gallery/cpg0037-oasis/axiom/images/prod_25/images/plate_41002702/r05c21f08p01-ch2sk1fk1fl1.tiff,s3://cellpainting-gallery/cpg0037-oasis/axiom/images/prod_25/images/plate_41002702/r05c21f08p01-ch4sk1fk1fl1.tiff,s3://cellpainting-gallery/cpg0037-oasis/axiom/images/prod_25/images/plate_41002702/r05c21f08p01-ch3sk1fk1fl1.tiff,s3://cellpainting-gallery/cpg0037-oasis/axiom/images/prod_25/images/plate_41002702/r05c21f08p01-ch5sk1fk1fl1.tiff
p41002702_G21_s08,plate_41002702,G21,8.0,Ebrotidine,OASIS1376,0.0456431545317173,1.0389981269836426,0.004597701132297516,Histamine Receptor,O=S(C1=CC=C(Br)C=C1)(/N=C/NCCSCC2=CSC(NC(N)=N)=N2)=O,s3://cellpainting-gallery/cpg0037-oasis/axiom/images/prod_25/images/plate_41002702/r07c21f08p01-ch6sk1fk1fl1.tiff,s3://cellpainting-gallery/cpg0037-oasis/axiom/images/prod_25/images/plate_41002702/r07c21f08p01-ch1sk1fk1fl1.tiff,s3://cellpainting-gallery/cpg0037-oasis/axiom/images/prod_25/images/plate_41002702/r07c21f08p01-ch2sk1fk1fl1.tiff,s3://cellpainting-gallery/cpg0037-oasis/axiom/images/prod_25/images/plate_41002702/r07c21f08p01-ch4sk1fk1fl1.tiff,s3://cellpainting-gallery/cpg0037-oasis/axiom/images/prod_25/images/plate_41002702/r07c21f08p01-ch3sk1fk1fl1.tiff,s3://cellpainting-gallery/cpg0037-oasis/axiom/images/prod_25/images/plate_41002702/r07c21f08p01-ch5sk1fk1fl1.tiff
p41002702_I21_s08,plate_41002702,I21,8.0,Compound_06965c8b,,0.0456431545317173,1.0685187578201294,-0.07471264153718948,,,s3://cellpainting-gallery/cpg0037-oasis/axiom/images/prod_25/images/plate_41002702/r09c21f08p01-ch6sk1fk1fl1.tiff,s3://cellpainting-gallery/cpg0037-oasis/axiom/images/prod_25/images/plate_41002702/r09c21f08p01-ch1sk1fk1fl1.tiff,s3://cellpainting-gallery/cpg0037-oasis/axiom/images/prod_25/images/plate_41002702/r09c21f08p01-ch2sk1fk1fl1.tiff,s3://cellpainting-gallery/cpg0037-oasis/axiom/images/prod_25/images/plate_41002702/r09c21f08p01-ch4sk1fk1fl1.tiff,s3://cellpainting-gallery/cpg0037-oasis/axiom/images/prod_25/images/plate_41002702/r09c21f08p01-ch3sk1fk1fl1.tiff,s3://cellpainting-gallery/cpg0037-oasis/axiom/images/prod_25/images/plate_41002702/r09c21f08p01-ch5sk1fk1fl1.tiff
p41002702_J17_s08,plate_41002702,J17,8.0,Siponimod,OASIS1805,0.0456431545317173,0.8567402958869934,-0.013908046297729015,LPL Receptor,O=C(C1CN(CC2=CC=C(/C(C)=N/OCC3=CC=C(C4CCCCC4)C(C(F)(F)F)=C3)C=C2CC)C1)O,s3://cellpainting-gallery/cpg0037-oasis/axiom/images/prod_25/images/plate_41002702/r10c17f08p01-ch6sk1fk1fl1.tiff,s3://cellpainting-gallery/cpg0037-oasis/axiom/images/prod_25/images/plate_41002702/r10c17f08p01-ch1sk1fk1fl1.tiff,s3://cellpainting-gallery/cpg0037-oasis/axiom/images/prod_25/images/plate_41002702/r10c17f08p01-ch2sk1fk1fl1.tiff,s3://cellpainting-gallery/cpg0037-oasis/axiom/images/prod_25/images/plate_41002702/r10c17f08p01-ch4sk1fk1fl1.tiff,s3://cellpainting-gallery/cpg0037-oasis/axiom/images/prod_25/images/plate_41002702/r10c17f08p01-ch3sk1fk1fl1.tiff,s3://cellpainting-gallery/cpg0037-oasis/axiom/images/prod_25/images/plate_41002702/r10c17f08p01-ch5sk1fk1fl1.tiff
p41002702_J19_s08,plate_41002702,J19,8.0,Gabapentin enacarbil,OASIS1791,0.0456431545317173,0.9934336543083191,-0.06678161025047302,Calcium Channel,O=C(O)CC1(CNC(OC(OC(C(C)C)=O)C)=O)CCCCC1,s3://cellpainting-gallery/cpg0037-oasis/axiom/images/prod_25/images/plate_41002702/r10c19f08p01-ch6sk1fk1fl1.tiff,s3://cellpainting-gallery/cpg0037-oasis/axiom/images/prod_25/images/plate_41002702/r10c19f08p01-ch1sk1fk1fl1.tiff,s3://cellpainting-gallery/cpg0037-oasis/axiom/images/prod_25/images/plate_41002702/r10c19f08p01-ch2sk1fk1fl1.tiff,s3://cellpainting-gallery/cpg0037-oasis/axiom/images/prod_25/images/plate_41002702/r10c19f08p01-ch4sk1fk1fl1.tiff,s3://cellpainting-gallery/cpg0037-oasis/axiom/images/prod_25/images/plate_41002702/r10c19f08p01-ch3sk1fk1fl1.tiff,s3://cellpainting-gallery/cpg0037-oasis/axiom/images/prod_25/images/plate_41002702/r10c19f08p01-ch5sk1fk1fl1.tiff
p41002702_J21_s08,plate_41002702,J21,8.0,Mefenamic acid,OASIS057,0.0456431545317173,1.0524749755859375,-0.056206896901130676,COX,O=C(O)C1=CC=CC=C1NC2=CC=CC(C)=C2C,s3://cellpainting-gallery/cpg0037-oasis/axiom/images/prod_25/images/plate_41002702/r10c21f08p01-ch6sk1fk1fl1.tiff,s3://cellpainting-gallery/cpg0037-oasis/axiom/images/prod_25/images/plate_41002702/r10c21f08p01-ch1sk1fk1fl1.tiff,s3://cellpainting-gallery/cpg0037-oasis/axiom/images/prod_25/images/plate_41002702/r10c21f08p01-ch2sk1fk1fl1.tiff,s3://cellpainting-gallery/cpg0037-oasis/axiom/images/prod_25/images/plate_41002702/r10c21f08p01-ch4sk1fk1fl1.tiff,s3://cellpainting-gallery/cpg0037-oasis/axiom/images/prod_25/images/plate_41002702/r10c21f08p01-ch3sk1fk1fl1.tiff,s3://cellpainting-gallery/cpg0037-oasis/axiom/images/prod_25/images/plate_41002702/r10c21f08p01-ch5sk1fk1fl1.tiff
p41002702_K15_s08,plate_41002702,K15,8.0,Dantrolene,OASIS069,0.0456431545317173,0.9144980311393738,-0.0033333334140479565,Autophagy; Calcium Channel,O=C1NC(CN1/N=C/C2=CC=C(C3=CC=C([N+]([O-])=O)C=C3)O2)=O,s3://cellpainting-gallery/cpg0037-oasis/axiom/images/prod_25/images/plate_41002702/r11c15f08p01-ch6sk1fk1fl1.tiff,s3://cellpainting-gallery/cpg0037-oasis/axiom/images/prod_25/images/plate_41002702/r11c15f08p01-ch1sk1fk1fl1.tiff,s3://cellpainting-gallery/cpg0037-oasis/axiom/images/prod_25/images/plate_41002702/r11c15f08p01-ch2sk1fk1fl1.tiff,s3://cellpainting-gallery/cpg0037-oasis/axiom/images/prod_25/images/plate_41002702/r11c15f08p01-ch4sk1fk1fl1.tiff,s3://cellpainting-gallery/cpg0037-oasis/axiom/images/prod_25/images/plate_41002702/r11c15f08p01-ch3sk1fk1fl1.tiff,s3://cellpainting-gallery/cpg0037-oasis/axiom/images/prod_25/images/plate_41002702/r11c15f08p01-ch5sk1fk1fl1.tiff
p41002702_K19_s08,plate_41002702,K19,8.0,Edoxaban (tosylate),OASIS1737,0.0456431545317173,0.8894696831703186,-0.013908046297729015,Factor Xa; Thrombin,O=C(N(C)C)[C@@H](CC1)C[C@H]([C@H]1NC(C(NC(C=C2)=NC=C2Cl)=O)=O)NC(C3=NC(CC4)=C(CN4C)S3)=O.O=S(C5=CC=C(C)C=C5)(O)=O,s3://cellpainting-gallery/cpg0037-oasis/axiom/images/prod_25/images/plate_41002702/r11c19f08p01-ch6sk1fk1fl1.tiff,s3://cellpainting-gallery/cpg0037-oasis/axiom/images/prod_25/images/plate_41002702/r11c19f08p01-ch1sk1fk1fl1.tiff,s3://cellpainting-gallery/cpg0037-oasis/axiom/images/prod_25/images/plate_41002702/r11c19f08p01-ch2sk1fk1fl1.tiff,s3://cellpainting-gallery/cpg0037-oasis/axiom/images/prod_25/images/plate_41002702/r11c19f08p01-ch4sk1fk1fl1.tiff,s3://cellpainting-gallery/cpg0037-oasis/axiom/images/prod_25/images/plate_41002702/r11c19f08p01-ch3sk1fk1fl1.tiff,s3://cellpainting-gallery/cpg0037-oasis/axiom/images/prod_25/images/plate_41002702/r11c19f08p01-ch5sk1fk1fl1.tiff
p41002702_N14_s08,plate_41002702,N14,8.0,β-Naphthoflavone,OASIS330,0.0456431545317173,0.9684053063392639,-0.06942528486251831,Apoptosis; Aryl Hydrocarbon Receptor,O=C1C2=C3C=CC=CC3=CC=C2OC(C4=CC=CC=C4)=C1,s3://cellpainting-gallery/cpg0037-oasis/axiom/images/prod_25/images/plate_41002702/r14c14f08p01-ch6sk1fk1fl1.tiff,s3://cellpainting-gallery/cpg0037-oasis/axiom/images/prod_25/images/plate_41002702/r14c14f08p01-ch1sk1fk1fl1.tiff,s3://cellpainting-gallery/cpg0037-oasis/axiom/images/prod_25/images/plate_41002702/r14c14f08p01-ch2sk1fk1fl1.tiff,s3://cellpainting-gallery/cpg0037-oasis/axiom/images/prod_25/images/plate_41002702/r14c14f08p01-ch4sk1fk1fl1.tiff,s3://cellpainting-gallery/cpg0037-oasis/axiom/images/prod_25/images/plate_41002702/r14c14f08p01-ch3sk1fk1fl1.tiff,s3://cellpainting-gallery/cpg0037-oasis/axiom/images/prod_25/images/plate_41002702/r14c14f08p01-ch5sk1fk1fl1.tiff
p41002702_N19_s08,plate_41002702,N19,8.0,Zalcitabine,OASIS648,0.0456431545317173,1.0402816534042358,-0.027126437053084373,HIV; Reverse Transcriptase,OC[C@@H]1CC[C@H](N2C=CC(N)=NC2=O)O1,s3://cellpainting-gallery/cpg0037-oasis/axiom/images/prod_25/images/plate_41002702/r14c19f08p01-ch6sk1fk1fl1.tiff,s3://cellpainting-gallery/cpg0037-oasis/axiom/images/prod_25/images/plate_41002702/r14c19f08p01-ch1sk1fk1fl1.tiff,s3://cellpainting-gallery/cpg0037-oasis/axiom/images/prod_25/images/plate_41002702/r14c19f08p01-ch2sk1fk1fl1.tiff,s3://cellpainting-gallery/cpg0037-oasis/axiom/images/prod_25/images/plate_41002702/r14c19f08p01-ch4sk1fk1fl1.tiff,s3://cellpainting-gallery/cpg0037-oasis/axiom/images/prod_25/images/plate_41002702/r14c19f08p01-ch3sk1fk1fl1.tiff,s3://cellpainting-gallery/cpg0037-oasis/axiom/images/prod_25/images/plate_41002702/r14c19f08p01-ch5sk1fk1fl1.tiff
p41002702_N22_s08,plate_41002702,N22,8.0,Troglitazone,OASIS1444,0.0456431545317173,1.1461708545684814,-0.005977011285722256,Apoptosis; Autophagy; Ferroptosis; PPAR,O=C(SC1CC(C=C2)=CC=C2OCC3(C)OC(C(CC3)=C4C)=C(C)C(C)=C4O)NC1=O,s3://cellpainting-gallery/cpg0037-oasis/axiom/images/prod_25/images/plate_41002702/r14c22f08p01-ch6sk1fk1fl1.tiff,s3://cellpainting-gallery/cpg0037-oasis/axiom/images/prod_25/images/plate_41002702/r14c22f08p01-ch1sk1fk1fl1.tiff,s3://cellpainting-gallery/cpg0037-oasis/axiom/images/prod_25/images/plate_41002702/r14c22f08p01-ch2sk1fk1fl1.tiff,s3://cellpainting-gallery/cpg0037-oasis/axiom/images/prod_25/images/plate_41002702/r14c22f08p01-ch4sk1fk1fl1.tiff,s3://cellpainting-gallery/cpg0037-oasis/axiom/images/prod_25/images/plate_41002702/r14c22f08p01-ch3sk1fk1fl1.tiff,s3://cellpainting-gallery/cpg0037-oasis/axiom/images/prod_25/images/plate_41002702/r14c22f08p01-ch5sk1fk1fl1.tiff
p41002702_O15_s08,plate_41002702,O15,8.0,Tasimelteon,OASIS1885,0.0456431545317173,1.0377146005630493,0.09183908253908157,Melatonin Receptor,[H][C@]1(C2=C3C(OCC3)=CC=C2)[C@@](CNC(CC)=O)([H])C1,s3://cellpainting-gallery/cpg0037-oasis/axiom/images/prod_25/images/plate_41002702/r15c15f08p01-ch6sk1fk1fl1.tiff,s3://cellpainting-gallery/cpg0037-oasis/axiom/images/prod_25/images/plate_41002702/r15c15f08p01-ch1sk1fk1fl1.tiff,s3://cellpainting-gallery/cpg0037-oasis/axiom/images/prod_25/images/plate_41002702/r15c15f08p01-ch2sk1fk1fl1.tiff,s3://cellpainting-gallery/cpg0037-oasis/axiom/images/prod_25/images/plate_41002702/r15c15f08p01-ch4sk1fk1fl1.tiff,s3://cellpainting-gallery/cpg0037-oasis/axiom/images/prod_25/images/plate_41002702/r15c15f08p01-ch3sk1fk1fl1.tiff,s3://cellpainting-gallery/cpg0037-oasis/axiom/images/prod_25/images/plate_41002702/r15c15f08p01-ch5sk1fk1fl1.tiff
p41002702_O19_s08,plate_41002702,O19,8.0,Thio-TEPA,OASIS607,0.0456431545317173,1.106382131576538,-0.016551723703742027,Antibiotic; Bacterial; DNA Alkylator/Crosslinker,S=P(N1CC1)(N2CC2)N3CC3,s3://cellpainting-gallery/cpg0037-oasis/axiom/images/prod_25/images/plate_41002702/r15c19f08p01-ch6sk1fk1fl1.tiff,s3://cellpainting-gallery/cpg0037-oasis/axiom/images/prod_25/images/plate_41002702/r15c19f08p01-ch1sk1fk1fl1.tiff,s3://cellpainting-gallery/cpg0037-oasis/axiom/images/prod_25/images/plate_41002702/r15c19f08p01-ch2sk1fk1fl1.tiff,s3://cellpainting-gallery/cpg0037-oasis/axiom/images/prod_25/images/plate_41002702/r15c19f08p01-ch4sk1fk1fl1.tiff,s3://cellpainting-gallery/cpg0037-oasis/axiom/images/prod_25/images/plate_41002702/r15c19f08p01-ch3sk1fk1fl1.tiff,s3://cellpainting-gallery/cpg0037-oasis/axiom/images/prod_25/images/plate_41002702/r15c19f08p01-ch5sk1fk1fl1.tiff
p41002702_P15_s08,plate_41002702,P15,8.0,Dirithromycin,OASIS1367,0.0456431545317173,1.0216708183288574,0.250459760427475,Antibiotic; Bacterial,CC1[C@@]([C@](O)([C@H](OC([C@@H]2C)=O)CC)C)([H])O[C@H](COCCOC)N[C@@]1([H])[C@](C[C@@](O)([C@@H]([C@@H](C)[C@]2([H])O[C@@](O[C@@H](C)[C@@H]3O)([H])C[C@@]3(C)OC)O[C@@](O[C@H](C)C[C@@H]4N(C)C)([H])[C@@H]4O)C)([H])C,s3://cellpainting-gallery/cpg0037-oasis/axiom/images/prod_25/images/plate_41002702/r16c15f08p01-ch6sk1fk1fl1.tiff,s3://cellpainting-gallery/cpg0037-oasis/axiom/images/prod_25/images/plate_41002702/r16c15f08p01-ch1sk1fk1fl1.tiff,s3://cellpainting-gallery/cpg0037-oasis/axiom/images/prod_25/images/plate_41002702/r16c15f08p01-ch2sk1fk1fl1.tiff,s3://cellpainting-gallery/cpg0037-oasis/axiom/images/prod_25/images/plate_41002702/r16c15f08p01-ch4sk1fk1fl1.tiff,s3://cellpainting-gallery/cpg0037-oasis/axiom/images/prod_25/images/plate_41002702/r16c15f08p01-ch3sk1fk1fl1.tiff,s3://cellpainting-gallery/cpg0037-oasis/axiom/images/prod_25/images/plate_41002702/r16c15f08p01-ch5sk1fk1fl1.tiff
p41002702_P19_s08,plate_41002702,P19,8.0,Ozagrel,OASIS1264,0.0456431545317173,1.1917353868484497,0.07333333045244217,Prostaglandin Receptor,O=C(O)/C=C/C1=CC=C(CN2C=CN=C2)C=C1,s3://cellpainting-gallery/cpg0037-oasis/axiom/images/prod_25/images/plate_41002702/r16c19f08p01-ch6sk1fk1fl1.tiff,s3://cellpainting-gallery/cpg0037-oasis/axiom/images/prod_25/images/plate_41002702/r16c19f08p01-ch1sk1fk1fl1.tiff,s3://cellpainting-gallery/cpg0037-oasis/axiom/images/prod_25/images/plate_41002702/r16c19f08p01-ch2sk1fk1fl1.tiff,s3://cellpainting-gallery/cpg0037-oasis/axiom/images/prod_25/images/plate_41002702/r16c19f08p01-ch4sk1fk1fl1.tiff,s3://cellpainting-gallery/cpg0037-oasis/axiom/images/prod_25/images/plate_41002702/r16c19f08p01-ch3sk1fk1fl1.tiff,s3://cellpainting-gallery/cpg0037-oasis/axiom/images/prod_25/images/plate_41002702/r16c19f08p01-ch5sk1fk1fl1.tiff
p41002703_A12_s08,plate_41002703,A12,8.0,DMSO,,0.0,1.0679155588150024,0.08706231415271759,,,s3://cellpainting-gallery/cpg0037-oasis/axiom/images/prod_25/images/plate_41002703/r01c12f08p01-ch6sk1fk1fl1.tiff,s3://cellpainting-gallery/cpg0037-oasis/axiom/images/prod_25/images/plate_41002703/r01c12f08p01-ch1sk1fk1fl1.tiff,s3://cellpainting-gallery/cpg0037-oasis/axiom/images/prod_25/images/plate_41002703/r01c12f08p01-ch2sk1fk1fl1.tiff,s3://cellpainting-gallery/cpg0037-oasis/axiom/images/prod_25/images/plate_41002703/r01c12f08p01-ch4sk1fk1fl1.tiff,s3://cellpainting-gallery/cpg0037-oasis/axiom/images/prod_25/images/plate_41002703/r01c12f08p01-ch3sk1fk1fl1.tiff,s3://cellpainting-gallery/cpg0037-oasis/axiom/images/prod_25/images/plate_41002703/r01c12f08p01-ch5sk1fk1fl1.tiff
p41002703_D11_s08,plate_41002703,D11,8.0,Mitoxantrone,OASIS1060,0.4107883870601654,0.6447983384132385,0.14397656917572021,Apoptosis; Endogenous Metabolite; Orthopoxvirus; PKC; Topoisomerase,O=C1C2=C(C(NCCNCCO)=CC=C2NCCNCCO)C(C3=C(O)C=CC(O)=C13)=O,s3://cellpainting-gallery/cpg0037-oasis/axiom/images/prod_25/images/plate_41002703/r04c11f08p01-ch6sk1fk1fl1.tiff,s3://cellpainting-gallery/cpg0037-oasis/axiom/images/prod_25/images/plate_41002703/r04c11f08p01-ch1sk1fk1fl1.tiff,s3://cellpainting-gallery/cpg0037-oasis/axiom/images/prod_25/images/plate_41002703/r04c11f08p01-ch2sk1fk1fl1.tiff,s3://cellpainting-gallery/cpg0037-oasis/axiom/images/prod_25/images/plate_41002703/r04c11f08p01-ch4sk1fk1fl1.tiff,s3://cellpainting-gallery/cpg0037-oasis/axiom/images/prod_25/images/plate_41002703/r04c11f08p01-ch3sk1fk1fl1.tiff,s3://cellpainting-gallery/cpg0037-oasis/axiom/images/prod_25/images/plate_41002703/r04c11f08p01-ch5sk1fk1fl1.tiff
p41002703_D23_s08,plate_41002703,D23,8.0,Carmustine,OASIS1398,0.4107883870601654,1.0896787643432617,0.06145089864730835,DNA Alkylator/Crosslinker,O=C(NCCCl)N(CCCl)N=O,s3://cellpainting-gallery/cpg0037-oasis/axiom/images/prod_25/images/plate_41002703/r04c23f08p01-ch6sk1fk1fl1.tiff,s3://cellpainting-gallery/cpg0037-oasis/axiom/images/prod_25/images/plate_41002703/r04c23f08p01-ch1sk1fk1fl1.tiff,s3://cellpainting-gallery/cpg0037-oasis/axiom/images/prod_25/images/plate_41002703/r04c23f08p01-ch2sk1fk1fl1.tiff,s3://cellpainting-gallery/cpg0037-oasis/axiom/images/prod_25/images/plate_41002703/r04c23f08p01-ch4sk1fk1fl1.tiff,s3://cellpainting-gallery/cpg0037-oasis/axiom/images/prod_25/images/plate_41002703/r04c23f08p01-ch3sk1fk1fl1.tiff,s3://cellpainting-gallery/cpg0037-oasis/axiom/images/prod_25/images/plate_41002703/r04c23f08p01-ch5sk1fk1fl1.tiff
p41002703_E14_s08,plate_41002703,E14,8.0,Benzonatate,OASIS1521,0.4107883870601654,1.006674885749817,0.018765205517411232,Sodium Channel,O=C(OCCOCCOCCOCCOCCOCCOCCOCCOCCOC)C1=CC=C(NCCCC)C=C1,s3://cellpainting-gallery/cpg0037-oasis/axiom/images/prod_25/images/plate_41002703/r05c14f08p01-ch6sk1fk1fl1.tiff,s3://cellpainting-gallery/cpg0037-oasis/axiom/images/prod_25/images/plate_41002703/r05c14f08p01-ch1sk1fk1fl1.tiff,s3://cellpainting-gallery/cpg0037-oasis/axiom/images/prod_25/images/plate_41002703/r05c14f08p01-ch2sk1fk1fl1.tiff,s3://cellpainting-gallery/cpg0037-oasis/axiom/images/prod_25/images/plate_41002703/r05c14f08p01-ch4sk1fk1fl1.tiff,s3://cellpainting-gallery/cpg0037-oasis/axiom/images/prod_25/images/plate_41002703/r05c14f08p01-ch3sk1fk1fl1.tiff,s3://cellpainting-gallery/cpg0037-oasis/axiom/images/prod_25/images/plate_41002703/r05c14f08p01-ch5sk1fk1fl1.tiff
p41002703_E15_s08,plate_41002703,E15,8.0,Ifosfamide,OASIS1281,0.4107883870601654,0.9100058078765869,-0.026766199618577957,DNA Alkylator/Crosslinker,ClCCN1P(OCCC1)(NCCCl)=O,s3://cellpainting-gallery/cpg0037-oasis/axiom/images/prod_25/images/plate_41002703/r05c15f08p01-ch6sk1fk1fl1.tiff,s3://cellpainting-gallery/cpg0037-oasis/axiom/images/prod_25/images/plate_41002703/r05c15f08p01-ch1sk1fk1fl1.tiff,s3://cellpainting-gallery/cpg0037-oasis/axiom/images/prod_25/images/plate_41002703/r05c15f08p01-ch2sk1fk1fl1.tiff,s3://cellpainting-gallery/cpg0037-oasis/axiom/images/prod_25/images/plate_41002703/r05c15f08p01-ch4sk1fk1fl1.tiff,s3://cellpainting-gallery/cpg0037-oasis/axiom/images/prod_25/images/plate_41002703/r05c15f08p01-ch3sk1fk1fl1.tiff,s3://cellpainting-gallery/cpg0037-oasis/axiom/images/prod_25/images/plate_41002703/r05c15f08p01-ch5sk1fk1fl1.tiff
p41002703_G11_s08,plate_41002703,G11,8.0,Deoxycholic acid,OASIS1721,0.4107883870601654,0.9282261729240417,-0.06945189088582993,Endogenous Metabolite; G protein-coupled Bile Acid Receptor 1,C[C@@]1([C@@]2([H])[C@H](C)CCC(O)=O)[C@](CC2)([H])[C@@](CC[C@@]3([H])[C@@]4(CC[C@@H](O)C3)C)([H])[C@]4([H])C[C@@H]1O,s3://cellpainting-gallery/cpg0037-oasis/axiom/images/prod_25/images/plate_41002703/r07c11f08p01-ch6sk1fk1fl1.tiff,s3://cellpainting-gallery/cpg0037-oasis/axiom/images/prod_25/images/plate_41002703/r07c11f08p01-ch1sk1fk1fl1.tiff,s3://cellpainting-gallery/cpg0037-oasis/axiom/images/prod_25/images/plate_41002703/r07c11f08p01-ch2sk1fk1fl1.tiff,s3://cellpainting-gallery/cpg0037-oasis/axiom/images/prod_25/images/plate_41002703/r07c11f08p01-ch4sk1fk1fl1.tiff,s3://cellpainting-gallery/cpg0037-oasis/axiom/images/prod_25/images/plate_41002703/r07c11f08p01-ch3sk1fk1fl1.tiff,s3://cellpainting-gallery/cpg0037-oasis/axiom/images/prod_25/images/plate_41002703/r07c11f08p01-ch5sk1fk1fl1.tiff
p41002703_G14_s08,plate_41002703,G14,8.0,Ivermectin,OASIS1337,0.4107883870601654,0.9682097434997559,0.0016909281257539988,Antibiotic; Autophagy; Bacterial; Dengue virus; Flavivirus; HIV; HSV; Mitophagy; Parasite; SARS-CoV,CO[C@H]1C[C@H](O[C@H]2[C@H](C)O[C@@H](O[C@H](/C(C)=C/C[C@@H]3C[C@H]4C[C@@]5(O[C@]([H])(C(C)C)[C@@H](C)CC5)O3)[C@@H](C)/C=C/C=C6CO[C@@]7([H])[C@]\6(O)[C@H](C(O4)=O)C=C(C)[C@H]7O)C[C@@H]2OC)O[C@@H](C)[C@@H]1O.CO[C@H]8C[C@H](O[C@H]9[C@H](C)O[C@@H](O[C@H](/C(C)=C/C[C@@H]%10C[C@H]%11C[C@@]%12(O[C@]([H])([C@@H](C)CC)[C@@H](C)CC%12)O%10)[C@@H](C)/C=C/C=C%13CO[C@@]%14([H])[C@]\%13(O)[C@H](C(O%11)=O)C=C(C)[C@H]%14O)C[C@@H]9OC)O[C@@H](C)[C@@H]8O,s3://cellpainting-gallery/cpg0037-oasis/axiom/images/prod_25/images/plate_41002703/r07c14f08p01-ch6sk1fk1fl1.tiff,s3://cellpainting-gallery/cpg0037-oasis/axiom/images/prod_25/images/plate_41002703/r07c14f08p01-ch1sk1fk1fl1.tiff,s3://cellpainting-gallery/cpg0037-oasis/axiom/images/prod_25/images/plate_41002703/r07c14f08p01-ch2sk1fk1fl1.tiff,s3://cellpainting-gallery/cpg0037-oasis/axiom/images/prod_25/images/plate_41002703/r07c14f08p01-ch4sk1fk1fl1.tiff,s3://cellpainting-gallery/cpg0037-oasis/axiom/images/prod_25/images/plate_41002703/r07c14f08p01-ch3sk1fk1fl1.tiff,s3://cellpainting-gallery/cpg0037-oasis/axiom/images/prod_25/images/plate_41002703/r07c14f08p01-ch5sk1fk1fl1.tiff
p41002703_G15_s08,plate_41002703,G15,8.0,Darifenacin,OASIS859,0.4107883870601654,0.9277200102806091,0.01307377964258194,mAChR,O=C(N)C(C1=CC=CC=C1)([C@H]2CN(CCC3=CC=C(OCC4)C4=C3)CC2)C5=CC=CC=C5,s3://cellpainting-gallery/cpg0037-oasis/axiom/images/prod_25/images/plate_41002703/r07c15f08p01-ch6sk1fk1fl1.tiff,s3://cellpainting-gallery/cpg0037-oasis/axiom/images/prod_25/images/plate_41002703/r07c15f08p01-ch1sk1fk1fl1.tiff,s3://cellpainting-gallery/cpg0037-oasis/axiom/images/prod_25/images/plate_41002703/r07c15f08p01-ch2sk1fk1fl1.tiff,s3://cellpainting-gallery/cpg0037-oasis/axiom/images/prod_25/images/plate_41002703/r07c15f08p01-ch4sk1fk1fl1.tiff,s3://cellpainting-gallery/cpg0037-oasis/axiom/images/prod_25/images/plate_41002703/r07c15f08p01-ch3sk1fk1fl1.tiff,s3://cellpainting-gallery/cpg0037-oasis/axiom/images/prod_25/images/plate_41002703/r07c15f08p01-ch5sk1fk1fl1.tiff
p41002703_G18_s08,plate_41002703,G18,8.0,Cephalothin,OASIS1000,0.4107883870601654,1.1165032386779785,-0.00400049751624465,Antibiotic; Bacterial; Beta-lactamase,O=C(C(N12)=C(COC(C)=O)CS[C@]2([H])[C@H](NC(CC3=CC=CS3)=O)C1=O)O,s3://cellpainting-gallery/cpg0037-oasis/axiom/images/prod_25/images/plate_41002703/r07c18f08p01-ch6sk1fk1fl1.tiff,s3://cellpainting-gallery/cpg0037-oasis/axiom/images/prod_25/images/plate_41002703/r07c18f08p01-ch1sk1fk1fl1.tiff,s3://cellpainting-gallery/cpg0037-oasis/axiom/images/prod_25/images/plate_41002703/r07c18f08p01-ch2sk1fk1fl1.tiff,s3://cellpainting-gallery/cpg0037-oasis/axiom/images/prod_25/images/plate_41002703/r07c18f08p01-ch4sk1fk1fl1.tiff,s3://cellpainting-gallery/cpg0037-oasis/axiom/images/prod_25/images/plate_41002703/r07c18f08p01-ch3sk1fk1fl1.tiff,s3://cellpainting-gallery/cpg0037-oasis/axiom/images/prod_25/images/plate_41002703/r07c18f08p01-ch5sk1fk1fl1.tiff
p41002703_G19_s08,plate_41002703,G19,8.0,Triheptanoin,OASIS1819,0.4107883870601654,1.0456463098526,-0.049531903117895126,Others,CCCCCCC(OCC(OC(CCCCCC)=O)COC(CCCCCC)=O)=O,s3://cellpainting-gallery/cpg0037-oasis/axiom/images/prod_25/images/plate_41002703/r07c19f08p01-ch6sk1fk1fl1.tiff,s3://cellpainting-gallery/cpg0037-oasis/axiom/images/prod_25/images/plate_41002703/r07c19f08p01-ch1sk1fk1fl1.tiff,s3://cellpainting-gallery/cpg0037-oasis/axiom/images/prod_25/images/plate_41002703/r07c19f08p01-ch2sk1fk1fl1.tiff,s3://cellpainting-gallery/cpg0037-oasis/axiom/images/prod_25/images/plate_41002703/r07c19f08p01-ch4sk1fk1fl1.tiff,s3://cellpainting-gallery/cpg0037-oasis/axiom/images/prod_25/images/plate_41002703/r07c19f08p01-ch3sk1fk1fl1.tiff,s3://cellpainting-gallery/cpg0037-oasis/axiom/images/prod_25/images/plate_41002703/r07c19f08p01-ch5sk1fk1fl1.tiff
p41002703_G22_s08,plate_41002703,G22,8.0,Droperidol,OASIS1204,0.4107883870601654,1.133711338043213,-0.0011547846952453256,Dopamine Receptor,O=C1NC2=CC=CC=C2N1C3=CCN(CCCC(C4=CC=C(F)C=C4)=O)CC3,s3://cellpainting-gallery/cpg0037-oasis/axiom/images/prod_25/images/plate_41002703/r07c22f08p01-ch6sk1fk1fl1.tiff,s3://cellpainting-gallery/cpg0037-oasis/axiom/images/prod_25/images/plate_41002703/r07c22f08p01-ch1sk1fk1fl1.tiff,s3://cellpainting-gallery/cpg0037-oasis/axiom/images/prod_25/images/plate_41002703/r07c22f08p01-ch2sk1fk1fl1.tiff,s3://cellpainting-gallery/cpg0037-oasis/axiom/images/prod_25/images/plate_41002703/r07c22f08p01-ch4sk1fk1fl1.tiff,s3://cellpainting-gallery/cpg0037-oasis/axiom/images/prod_25/images/plate_41002703/r07c22f08p01-ch3sk1fk1fl1.tiff,s3://cellpainting-gallery/cpg0037-oasis/axiom/images/prod_25/images/plate_41002703/r07c22f08p01-ch5sk1fk1fl1.tiff
p41002703_G23_s08,plate_41002703,G23,8.0,Capsaicin,OASIS1503,0.4107883870601654,1.090691089630127,-0.026766199618577957,Apoptosis; Autophagy; Endogenous Metabolite; TRP Channel,CC(C)/C=C/CCCCC(NCC1=CC=C(O)C(OC)=C1)=O,s3://cellpainting-gallery/cpg0037-oasis/axiom/images/prod_25/images/plate_41002703/r07c23f08p01-ch6sk1fk1fl1.tiff,s3://cellpainting-gallery/cpg0037-oasis/axiom/images/prod_25/images/plate_41002703/r07c23f08p01-ch1sk1fk1fl1.tiff,s3://cellpainting-gallery/cpg0037-oasis/axiom/images/prod_25/images/plate_41002703/r07c23f08p01-ch2sk1fk1fl1.tiff,s3://cellpainting-gallery/cpg0037-oasis/axiom/images/prod_25/images/plate_41002703/r07c23f08p01-ch4sk1fk1fl1.tiff,s3://cellpainting-gallery/cpg0037-oasis/axiom/images/prod_25/images/plate_41002703/r07c23f08p01-ch3sk1fk1fl1.tiff,s3://cellpainting-gallery/cpg0037-oasis/axiom/images/prod_25/images/plate_41002703/r07c23f08p01-ch5sk1fk1fl1.tiff
p41002703_H14_s08,plate_41002703,H14,8.0,DMSO,,0.0,0.9677035808563232,-0.049531903117895126,,,s3://cellpainting-gallery/cpg0037-oasis/axiom/images/prod_25/images/plate_41002703/r08c14f08p01-ch6sk1fk1fl1.tiff,s3://cellpainting-gallery/cpg0037-oasis/axiom/images/prod_25/images/plate_41002703/r08c14f08p01-ch1sk1fk1fl1.tiff,s3://cellpainting-gallery/cpg0037-oasis/axiom/images/prod_25/images/plate_41002703/r08c14f08p01-ch2sk1fk1fl1.tiff,s3://cellpainting-gallery/cpg0037-oasis/axiom/images/prod_25/images/plate_41002703/r08c14f08p01-ch4sk1fk1fl1.tiff,s3://cellpainting-gallery/cpg0037-oasis/axiom/images/prod_25/images/plate_41002703/r08c14f08p01-ch3sk1fk1fl1.tiff,s3://cellpainting-gallery/cpg0037-oasis/axiom/images/prod_25/images/plate_41002703/r08c14f08p01-ch5sk1fk1fl1.tiff
p41002703_H19_s08,plate_41002703,H19,8.0,DMSO,,0.0,1.0269197225570679,0.03583948314189911,,,s3://cellpainting-gallery/cpg0037-oasis/axiom/images/prod_25/images/plate_41002703/r08c19f08p01-ch6sk1fk1fl1.tiff,s3://cellpainting-gallery/cpg0037-oasis/axiom/images/prod_25/images/plate_41002703/r08c19f08p01-ch1sk1fk1fl1.tiff,s3://cellpainting-gallery/cpg0037-oasis/axiom/images/prod_25/images/plate_41002703/r08c19f08p01-ch2sk1fk1fl1.tiff,s3://cellpainting-gallery/cpg0037-oasis/axiom/images/prod_25/images/plate_41002703/r08c19f08p01-ch4sk1fk1fl1.tiff,s3://cellpainting-gallery/cpg0037-oasis/axiom/images/prod_25/images/plate_41002703/r08c19f08p01-ch3sk1fk1fl1.tiff,s3://cellpainting-gallery/cpg0037-oasis/axiom/images/prod_25/images/plate_41002703/r08c19f08p01-ch5sk1fk1fl1.tiff
p41002703_H21_s08,plate_41002703,H21,8.0,DMSO,,0.0,1.110935926437378,0.021610917523503304,,,s3://cellpainting-gallery/cpg0037-oasis/axiom/images/prod_25/images/plate_41002703/r08c21f08p01-ch6sk1fk1fl1.tiff,s3://cellpainting-gallery/cpg0037-oasis/axiom/images/prod_25/images/plate_41002703/r08c21f08p01-ch1sk1fk1fl1.tiff,s3://cellpainting-gallery/cpg0037-oasis/axiom/images/prod_25/images/plate_41002703/r08c21f08p01-ch2sk1fk1fl1.tiff,s3://cellpainting-gallery/cpg0037-oasis/axiom/images/prod_25/images/plate_41002703/r08c21f08p01-ch4sk1fk1fl1.tiff,s3://cellpainting-gallery/cpg0037-oasis/axiom/images/prod_25/images/plate_41002703/r08c21f08p01-ch3sk1fk1fl1.tiff,s3://cellpainting-gallery/cpg0037-oasis/axiom/images/prod_25/images/plate_41002703/r08c21f08p01-ch5sk1fk1fl1.tiff
p41002703_H23_s08,plate_41002703,H23,8.0,DMSO,,0.0,1.0218585729599,-0.06091475486755371,,,s3://cellpainting-gallery/cpg0037-oasis/axiom/images/prod_25/images/plate_41002703/r08c23f08p01-ch6sk1fk1fl1.tiff,s3://cellpainting-gallery/cpg0037-oasis/axiom/images/prod_25/images/plate_41002703/r08c23f08p01-ch1sk1fk1fl1.tiff,s3://cellpainting-gallery/cpg0037-oasis/axiom/images/prod_25/images/plate_41002703/r08c23f08p01-ch2sk1fk1fl1.tiff,s3://cellpainting-gallery/cpg0037-oasis/axiom/images/prod_25/images/plate_41002703/r08c23f08p01-ch4sk1fk1fl1.tiff,s3://cellpainting-gallery/cpg0037-oasis/axiom/images/prod_25/images/plate_41002703/r08c23f08p01-ch3sk1fk1fl1.tiff,s3://cellpainting-gallery/cpg0037-oasis/axiom/images/prod_25/images/plate_41002703/r08c23f08p01-ch5sk1fk1fl1.tiff
p41002703_I19_s08,plate_41002703,I19,8.0,Compound_567dbb1e,,0.4107883870601654,0.9677035808563232,-0.023920487612485886,,,s3://cellpainting-gallery/cpg0037-oasis/axiom/images/prod_25/images/plate_41002703/r09c19f08p01-ch6sk1fk1fl1.tiff,s3://cellpainting-gallery/cpg0037-oasis/axiom/images/prod_25/images/plate_41002703/r09c19f08p01-ch1sk1fk1fl1.tiff,s3://cellpainting-gallery/cpg0037-oasis/axiom/images/prod_25/images/plate_41002703/r09c19f08p01-ch2sk1fk1fl1.tiff,s3://cellpainting-gallery/cpg0037-oasis/axiom/images/prod_25/images/plate_41002703/r09c19f08p01-ch4sk1fk1fl1.tiff,s3://cellpainting-gallery/cpg0037-oasis/axiom/images/prod_25/images/plate_41002703/r09c19f08p01-ch3sk1fk1fl1.tiff,s3://cellpainting-gallery/cpg0037-oasis/axiom/images/prod_25/images/plate_41002703/r09c19f08p01-ch5sk1fk1fl1.tiff
p41002703_J14_s08,plate_41002703,J14,8.0,Retinoic acid,OASIS140,0.4107883870601654,0.9044384360313416,-0.0523776151239872,Autophagy; Endogenous Metabolite; Organoid; PPAR; RAR/RXR,CC1(C)C(/C=C/C(C)=C/C=C/C(C)=C/C(O)=O)=C(C)CCC1,s3://cellpainting-gallery/cpg0037-oasis/axiom/images/prod_25/images/plate_41002703/r10c14f08p01-ch6sk1fk1fl1.tiff,s3://cellpainting-gallery/cpg0037-oasis/axiom/images/prod_25/images/plate_41002703/r10c14f08p01-ch1sk1fk1fl1.tiff,s3://cellpainting-gallery/cpg0037-oasis/axiom/images/prod_25/images/plate_41002703/r10c14f08p01-ch2sk1fk1fl1.tiff,s3://cellpainting-gallery/cpg0037-oasis/axiom/images/prod_25/images/plate_41002703/r10c14f08p01-ch4sk1fk1fl1.tiff,s3://cellpainting-gallery/cpg0037-oasis/axiom/images/prod_25/images/plate_41002703/r10c14f08p01-ch3sk1fk1fl1.tiff,s3://cellpainting-gallery/cpg0037-oasis/axiom/images/prod_25/images/plate_41002703/r10c14f08p01-ch5sk1fk1fl1.tiff
p41002703_J15_s08,plate_41002703,J15,8.0,Chlormezanone,OASIS040,0.4107883870601654,0.9034262299537659,-0.03814905136823654,GABA Receptor,O=C(CC1)N(C)C(C2=CC=C(Cl)C=C2)S1(=O)=O,s3://cellpainting-gallery/cpg0037-oasis/axiom/images/prod_25/images/plate_41002703/r10c15f08p01-ch6sk1fk1fl1.tiff,s3://cellpainting-gallery/cpg0037-oasis/axiom/images/prod_25/images/plate_41002703/r10c15f08p01-ch1sk1fk1fl1.tiff,s3://cellpainting-gallery/cpg0037-oasis/axiom/images/prod_25/images/plate_41002703/r10c15f08p01-ch2sk1fk1fl1.tiff,s3://cellpainting-gallery/cpg0037-oasis/axiom/images/prod_25/images/plate_41002703/r10c15f08p01-ch4sk1fk1fl1.tiff,s3://cellpainting-gallery/cpg0037-oasis/axiom/images/prod_25/images/plate_41002703/r10c15f08p01-ch3sk1fk1fl1.tiff,s3://cellpainting-gallery/cpg0037-oasis/axiom/images/prod_25/images/plate_41002703/r10c15f08p01-ch5sk1fk1fl1.tiff
p41002703_J18_s08,plate_41002703,J18,8.0,Compound_0b860169,,0.4107883870601654,0.29709309339523315,-0.03530333936214447,,,s3://cellpainting-gallery/cpg0037-oasis/axiom/images/prod_25/images/plate_41002703/r10c18f08p01-ch6sk1fk1fl1.tiff,s3://cellpainting-gallery/cpg0037-oasis/axiom/images/prod_25/images/plate_41002703/r10c18f08p01-ch1sk1fk1fl1.tiff,s3://cellpainting-gallery/cpg0037-oasis/axiom/images/prod_25/images/plate_41002703/r10c18f08p01-ch2sk1fk1fl1.tiff,s3://cellpainting-gallery/cpg0037-oasis/axiom/images/prod_25/images/plate_41002703/r10c18f08p01-ch4sk1fk1fl1.tiff,s3://cellpainting-gallery/cpg0037-oasis/axiom/images/prod_25/images/plate_41002703/r10c18f08p01-ch3sk1fk1fl1.tiff,s3://cellpainting-gallery/cpg0037-oasis/axiom/images/prod_25/images/plate_41002703/r10c18f08p01-ch5sk1fk1fl1.tiff
p41002703_L18_s08,plate_41002703,L18,8.0,Lercanidipine,OASIS861,0.4107883870601654,0.902920126914978,-0.049531903117895126,Apoptosis; Calcium Channel; NF-κB; p38 MAPK; Reactive Oxygen Species,O=C(C1=C(C)NC(C)=C(C(OC)=O)C1C2=CC=CC([N+]([O-])=O)=C2)OC(C)(C)CN(CCC(C3=CC=CC=C3)C4=CC=CC=C4)C,s3://cellpainting-gallery/cpg0037-oasis/axiom/images/prod_25/images/plate_41002703/r12c18f08p01-ch6sk1fk1fl1.tiff,s3://cellpainting-gallery/cpg0037-oasis/axiom/images/prod_25/images/plate_41002703/r12c18f08p01-ch1sk1fk1fl1.tiff,s3://cellpainting-gallery/cpg0037-oasis/axiom/images/prod_25/images/plate_41002703/r12c18f08p01-ch2sk1fk1fl1.tiff,s3://cellpainting-gallery/cpg0037-oasis/axiom/images/prod_25/images/plate_41002703/r12c18f08p01-ch4sk1fk1fl1.tiff,s3://cellpainting-gallery/cpg0037-oasis/axiom/images/prod_25/images/plate_41002703/r12c18f08p01-ch3sk1fk1fl1.tiff,s3://cellpainting-gallery/cpg0037-oasis/axiom/images/prod_25/images/plate_41002703/r12c18f08p01-ch5sk1fk1fl1.tiff
p41002703_L19_s08,plate_41002703,L19,8.0,Lapatinib,OASIS1355,0.4107883870601654,0.9267078042030334,-0.021074775606393814,Autophagy; EGFR; Ferroptosis,O=S(CCNCC1=CC=C(C2=CC=C3C(C(NC4=CC(Cl)=C(C=C4)OCC5=CC(F)=CC=C5)=NC=N3)=C2)O1)(C)=O,s3://cellpainting-gallery/cpg0037-oasis/axiom/images/prod_25/images/plate_41002703/r12c19f08p01-ch6sk1fk1fl1.tiff,s3://cellpainting-gallery/cpg0037-oasis/axiom/images/prod_25/images/plate_41002703/r12c19f08p01-ch1sk1fk1fl1.tiff,s3://cellpainting-gallery/cpg0037-oasis/axiom/images/prod_25/images/plate_41002703/r12c19f08p01-ch2sk1fk1fl1.tiff,s3://cellpainting-gallery/cpg0037-oasis/axiom/images/prod_25/images/plate_41002703/r12c19f08p01-ch4sk1fk1fl1.tiff,s3://cellpainting-gallery/cpg0037-oasis/axiom/images/prod_25/images/plate_41002703/r12c19f08p01-ch3sk1fk1fl1.tiff,s3://cellpainting-gallery/cpg0037-oasis/axiom/images/prod_25/images/plate_41002703/r12c19f08p01-ch5sk1fk1fl1.tiff
p41002703_L23_s08,plate_41002703,L23,8.0,Sorafenib,OASIS1340,0.4107883870601654,0.9565689563751221,-0.049531903117895126,Apoptosis; Autophagy; Ferroptosis; FLT3; Raf; VEGFR,O=C(NC(C=C1)=CC=C1OC2=CC(C(NC)=O)=NC=C2)NC3=CC=C(Cl)C(C(F)(F)F)=C3,s3://cellpainting-gallery/cpg0037-oasis/axiom/images/prod_25/images/plate_41002703/r12c23f08p01-ch6sk1fk1fl1.tiff,s3://cellpainting-gallery/cpg0037-oasis/axiom/images/prod_25/images/plate_41002703/r12c23f08p01-ch1sk1fk1fl1.tiff,s3://cellpainting-gallery/cpg0037-oasis/axiom/images/prod_25/images/plate_41002703/r12c23f08p01-ch2sk1fk1fl1.tiff,s3://cellpainting-gallery/cpg0037-oasis/axiom/images/prod_25/images/plate_41002703/r12c23f08p01-ch4sk1fk1fl1.tiff,s3://cellpainting-gallery/cpg0037-oasis/axiom/images/prod_25/images/plate_41002703/r12c23f08p01-ch3sk1fk1fl1.tiff,s3://cellpainting-gallery/cpg0037-oasis/axiom/images/prod_25/images/plate_41002703/r12c23f08p01-ch5sk1fk1fl1.tiff
p41002703_L24_s08,plate_41002703,L24,8.0,Olmesartan,OASIS831,0.4107883870601654,1.0031321048736572,0.05291375890374184,Angiotensin Receptor,O=C(O)C1=C(N=C(N1CC2=CC=C(C=C2)C3=CC=CC=C3C4=NN=NN4)CCC)C(O)(C)C,s3://cellpainting-gallery/cpg0037-oasis/axiom/images/prod_25/images/plate_41002703/r12c24f08p01-ch6sk1fk1fl1.tiff,s3://cellpainting-gallery/cpg0037-oasis/axiom/images/prod_25/images/plate_41002703/r12c24f08p01-ch1sk1fk1fl1.tiff,s3://cellpainting-gallery/cpg0037-oasis/axiom/images/prod_25/images/plate_41002703/r12c24f08p01-ch2sk1fk1fl1.tiff,s3://cellpainting-gallery/cpg0037-oasis/axiom/images/prod_25/images/plate_41002703/r12c24f08p01-ch4sk1fk1fl1.tiff,s3://cellpainting-gallery/cpg0037-oasis/axiom/images/prod_25/images/plate_41002703/r12c24f08p01-ch3sk1fk1fl1.tiff,s3://cellpainting-gallery/cpg0037-oasis/axiom/images/prod_25/images/plate_41002703/r12c24f08p01-ch5sk1fk1fl1.tiff
p41002703_M11_s08,plate_41002703,M11,8.0,Compound_88f6068e,,0.4107883870601654,0.959099531173706,-0.07514332234859467,,,s3://cellpainting-gallery/cpg0037-oasis/axiom/images/prod_25/images/plate_41002703/r13c11f08p01-ch6sk1fk1fl1.tiff,s3://cellpainting-gallery/cpg0037-oasis/axiom/images/prod_25/images/plate_41002703/r13c11f08p01-ch1sk1fk1fl1.tiff,s3://cellpainting-gallery/cpg0037-oasis/axiom/images/prod_25/images/plate_41002703/r13c11f08p01-ch2sk1fk1fl1.tiff,s3://cellpainting-gallery/cpg0037-oasis/axiom/images/prod_25/images/plate_41002703/r13c11f08p01-ch4sk1fk1fl1.tiff,s3://cellpainting-gallery/cpg0037-oasis/axiom/images/prod_25/images/plate_41002703/r13c11f08p01-ch3sk1fk1fl1.tiff,s3://cellpainting-gallery/cpg0037-oasis/axiom/images/prod_25/images/plate_41002703/r13c11f08p01-ch5sk1fk1fl1.tiff
p41002703_M19_s08,plate_41002703,M19,8.0,Dapagliflozin,OASIS1775,0.4107883870601654,1.0269197225570679,-0.0324576273560524,SGLT,O[C@H]1[C@H](C2=CC(CC3=CC=C(OCC)C=C3)=C(Cl)C=C2)O[C@H](CO)[C@@H](O)[C@@H]1O,s3://cellpainting-gallery/cpg0037-oasis/axiom/images/prod_25/images/plate_41002703/r13c19f08p01-ch6sk1fk1fl1.tiff,s3://cellpainting-gallery/cpg0037-oasis/axiom/images/prod_25/images/plate_41002703/r13c19f08p01-ch1sk1fk1fl1.tiff,s3://cellpainting-gallery/cpg0037-oasis/axiom/images/prod_25/images/plate_41002703/r13c19f08p01-ch2sk1fk1fl1.tiff,s3://cellpainting-gallery/cpg0037-oasis/axiom/images/prod_25/images/plate_41002703/r13c19f08p01-ch4sk1fk1fl1.tiff,s3://cellpainting-gallery/cpg0037-oasis/axiom/images/prod_25/images/plate_41002703/r13c19f08p01-ch3sk1fk1fl1.tiff,s3://cellpainting-gallery/cpg0037-oasis/axiom/images/prod_25/images/plate_41002703/r13c19f08p01-ch5sk1fk1fl1.tiff
p41002703_M21_s08,plate_41002703,M21,8.0,Thalidomide,OASIS1517,0.4107883870601654,0.9823811054229736,-0.06945189088582993,Autophagy; Ligands for E3 Ligase,O=C1N(C2CCC(NC2=O)=O)C(C3=CC=CC=C31)=O,s3://cellpainting-gallery/cpg0037-oasis/axiom/images/prod_25/images/plate_41002703/r13c21f08p01-ch6sk1fk1fl1.tiff,s3://cellpainting-gallery/cpg0037-oasis/axiom/images/prod_25/images/plate_41002703/r13c21f08p01-ch1sk1fk1fl1.tiff,s3://cellpainting-gallery/cpg0037-oasis/axiom/images/prod_25/images/plate_41002703/r13c21f08p01-ch2sk1fk1fl1.tiff,s3://cellpainting-gallery/cpg0037-oasis/axiom/images/prod_25/images/plate_41002703/r13c21f08p01-ch4sk1fk1fl1.tiff,s3://cellpainting-gallery/cpg0037-oasis/axiom/images/prod_25/images/plate_41002703/r13c21f08p01-ch3sk1fk1fl1.tiff,s3://cellpainting-gallery/cpg0037-oasis/axiom/images/prod_25/images/plate_41002703/r13c21f08p01-ch5sk1fk1fl1.tiff
p41002703_M24_s08,plate_41002703,M24,8.0,Panobinostat,OASIS1808,0.4107883870601654,0.5425618290901184,0.16958798468112946,Apoptosis; Autophagy; HDAC; HIV,O=C(/C=C/C1=CC=C(CNCCC2=C(NC3=C2C=CC=C3)C)C=C1)NO,s3://cellpainting-gallery/cpg0037-oasis/axiom/images/prod_25/images/plate_41002703/r13c24f08p01-ch6sk1fk1fl1.tiff,s3://cellpainting-gallery/cpg0037-oasis/axiom/images/prod_25/images/plate_41002703/r13c24f08p01-ch1sk1fk1fl1.tiff,s3://cellpainting-gallery/cpg0037-oasis/axiom/images/prod_25/images/plate_41002703/r13c24f08p01-ch2sk1fk1fl1.tiff,s3://cellpainting-gallery/cpg0037-oasis/axiom/images/prod_25/images/plate_41002703/r13c24f08p01-ch4sk1fk1fl1.tiff,s3://cellpainting-gallery/cpg0037-oasis/axiom/images/prod_25/images/plate_41002703/r13c24f08p01-ch3sk1fk1fl1.tiff,s3://cellpainting-gallery/cpg0037-oasis/axiom/images/prod_25/images/plate_41002703/r13c24f08p01-ch5sk1fk1fl1.tiff
p41002703_N13_s08,plate_41002703,N13,8.0,Raltegravir,OASIS869,0.4107883870601654,0.8573691844940186,-0.08368045836687088,HIV; HIV Integrase,O=C(C(O)=C(C(NCC1=CC=C(C=C1)F)=O)N=C2C(C)(C)NC(C3=NN=C(C)O3)=O)N2C,s3://cellpainting-gallery/cpg0037-oasis/axiom/images/prod_25/images/plate_41002703/r14c13f08p01-ch6sk1fk1fl1.tiff,s3://cellpainting-gallery/cpg0037-oasis/axiom/images/prod_25/images/plate_41002703/r14c13f08p01-ch1sk1fk1fl1.tiff,s3://cellpainting-gallery/cpg0037-oasis/axiom/images/prod_25/images/plate_41002703/r14c13f08p01-ch2sk1fk1fl1.tiff,s3://cellpainting-gallery/cpg0037-oasis/axiom/images/prod_25/images/plate_41002703/r14c13f08p01-ch4sk1fk1fl1.tiff,s3://cellpainting-gallery/cpg0037-oasis/axiom/images/prod_25/images/plate_41002703/r14c13f08p01-ch3sk1fk1fl1.tiff,s3://cellpainting-gallery/cpg0037-oasis/axiom/images/prod_25/images/plate_41002703/r14c13f08p01-ch5sk1fk1fl1.tiff
p41002703_N24_s08,plate_41002703,N24,8.0,Umbralisib,OASIS1859,0.4107883870601654,1.027932047843933,0.06714232265949249,Casein Kinase; PI3K,O=C1C(C2=CC=CC(F)=C2)=C([C@@H](N3N=C(C4=CC=C(OC(C)C)C(F)=C4)C5=C(N)N=CN=C53)C)OC6=CC=C(F)C=C16,s3://cellpainting-gallery/cpg0037-oasis/axiom/images/prod_25/images/plate_41002703/r14c24f08p01-ch6sk1fk1fl1.tiff,s3://cellpainting-gallery/cpg0037-oasis/axiom/images/prod_25/images/plate_41002703/r14c24f08p01-ch1sk1fk1fl1.tiff,s3://cellpainting-gallery/cpg0037-oasis/axiom/images/prod_25/images/plate_41002703/r14c24f08p01-ch2sk1fk1fl1.tiff,s3://cellpainting-gallery/cpg0037-oasis/axiom/images/prod_25/images/plate_41002703/r14c24f08p01-ch4sk1fk1fl1.tiff,s3://cellpainting-gallery/cpg0037-oasis/axiom/images/prod_25/images/plate_41002703/r14c24f08p01-ch3sk1fk1fl1.tiff,s3://cellpainting-gallery/cpg0037-oasis/axiom/images/prod_25/images/plate_41002703/r14c24f08p01-ch5sk1fk1fl1.tiff
p41002703_O13_s08,plate_41002703,O13,8.0,Sulfasalazine,OASIS018,0.4107883870601654,0.9666913747787476,-0.03814905136823654,Antibiotic; Apoptosis; Autophagy; Bacterial; Ferroptosis; NF-κB,OC(C1=C(O)C=CC(/N=N/C2=CC=C(S(=O)(NC3=NC=CC=C3)=O)C=C2)=C1)=O,s3://cellpainting-gallery/cpg0037-oasis/axiom/images/prod_25/images/plate_41002703/r15c13f08p01-ch6sk1fk1fl1.tiff,s3://cellpainting-gallery/cpg0037-oasis/axiom/images/prod_25/images/plate_41002703/r15c13f08p01-ch1sk1fk1fl1.tiff,s3://cellpainting-gallery/cpg0037-oasis/axiom/images/prod_25/images/plate_41002703/r15c13f08p01-ch2sk1fk1fl1.tiff,s3://cellpainting-gallery/cpg0037-oasis/axiom/images/prod_25/images/plate_41002703/r15c13f08p01-ch4sk1fk1fl1.tiff,s3://cellpainting-gallery/cpg0037-oasis/axiom/images/prod_25/images/plate_41002703/r15c13f08p01-ch3sk1fk1fl1.tiff,s3://cellpainting-gallery/cpg0037-oasis/axiom/images/prod_25/images/plate_41002703/r15c13f08p01-ch5sk1fk1fl1.tiff
p41002703_O13_s08,plate_41002703,O13,8.0,Sulfasalazine,OASIS018,0.4107883870601654,0.9666913747787476,-0.03814905136823654,Antibiotic; Apoptosis; Autophagy; Bacterial; Ferroptosis; NF-κB,OC(C1=C(O)C=CC(/N=N/C2=CC=C(S(=O)(NC3=NC=CC=C3)=O)C=C2)=C1)=O,s3://cellpainting-gallery/cpg0037-oasis/axiom/images/prod_25/images/plate_41002703/r15c13f08p01-ch6sk1fk1fl1.tiff,s3://cellpainting-gallery/cpg0037-oasis/axiom/images/prod_25/images/plate_41002703/r15c13f08p01-ch1sk1fk1fl1.tiff,s3://cellpainting-gallery/cpg0037-oasis/axiom/images/prod_25/images/plate_41002703/r15c13f08p01-ch2sk1fk1fl1.tiff,s3://cellpainting-gallery/cpg0037-oasis/axiom/images/prod_25/images/plate_41002703/r15c13f08p01-ch4sk1fk1fl1.tiff,s3://cellpainting-gallery/cpg0037-oasis/axiom/images/prod_25/images/plate_41002703/r15c13f08p01-ch3sk1fk1fl1.tiff,s3://cellpainting-gallery/cpg0037-oasis/axiom/images/prod_25/images/plate_41002703/r15c13f08p01-ch5sk1fk1fl1.tiff
p41002703_O15_s08,plate_41002703,O15,8.0,Alpelisib,OASIS1957,0.4107883870601654,0.854332447052002,0.01307377964258194,PI3K,CC(N=C(S1)NC(N2CCC[C@H]2C(N)=O)=O)=C1C3=CC(C(C)(C(F)(F)F)C)=NC=C3,s3://cellpainting-gallery/cpg0037-oasis/axiom/images/prod_25/images/plate_41002703/r15c15f08p01-ch6sk1fk1fl1.tiff,s3://cellpainting-gallery/cpg0037-oasis/axiom/images/prod_25/images/plate_41002703/r15c15f08p01-ch1sk1fk1fl1.tiff,s3://cellpainting-gallery/cpg0037-oasis/axiom/images/prod_25/images/plate_41002703/r15c15f08p01-ch2sk1fk1fl1.tiff,s3://cellpainting-gallery/cpg0037-oasis/axiom/images/prod_25/images/plate_41002703/r15c15f08p01-ch4sk1fk1fl1.tiff,s3://cellpainting-gallery/cpg0037-oasis/axiom/images/prod_25/images/plate_41002703/r15c15f08p01-ch3sk1fk1fl1.tiff,s3://cellpainting-gallery/cpg0037-oasis/axiom/images/prod_25/images/plate_41002703/r15c15f08p01-ch5sk1fk1fl1.tiff
p41002703_O16_s08,plate_41002703,O16,8.0,Compound_59cfb866,,0.4107883870601654,0.9378424286842346,0.021610917523503304,,,s3://cellpainting-gallery/cpg0037-oasis/axiom/images/prod_25/images/plate_41002703/r15c16f08p01-ch6sk1fk1fl1.tiff,s3://cellpainting-gallery/cpg0037-oasis/axiom/images/prod_25/images/plate_41002703/r15c16f08p01-ch1sk1fk1fl1.tiff,s3://cellpainting-gallery/cpg0037-oasis/axiom/images/prod_25/images/plate_41002703/r15c16f08p01-ch2sk1fk1fl1.tiff,s3://cellpainting-gallery/cpg0037-oasis/axiom/images/prod_25/images/plate_41002703/r15c16f08p01-ch4sk1fk1fl1.tiff,s3://cellpainting-gallery/cpg0037-oasis/axiom/images/prod_25/images/plate_41002703/r15c16f08p01-ch3sk1fk1fl1.tiff,s3://cellpainting-gallery/cpg0037-oasis/axiom/images/prod_25/images/plate_41002703/r15c16f08p01-ch5sk1fk1fl1.tiff
p41002703_O19_s08,plate_41002703,O19,8.0,Griseofulvin,OASIS073,0.4107883870601654,0.9024139642715454,0.007382353767752647,Antibiotic; Apoptosis; Endogenous Metabolite; Fungal,O=C1[C@]2(C(OC)=CC(C[C@H]2C)=O)OC3=C(Cl)C(OC)=CC(OC)=C13,s3://cellpainting-gallery/cpg0037-oasis/axiom/images/prod_25/images/plate_41002703/r15c19f08p01-ch6sk1fk1fl1.tiff,s3://cellpainting-gallery/cpg0037-oasis/axiom/images/prod_25/images/plate_41002703/r15c19f08p01-ch1sk1fk1fl1.tiff,s3://cellpainting-gallery/cpg0037-oasis/axiom/images/prod_25/images/plate_41002703/r15c19f08p01-ch2sk1fk1fl1.tiff,s3://cellpainting-gallery/cpg0037-oasis/axiom/images/prod_25/images/plate_41002703/r15c19f08p01-ch4sk1fk1fl1.tiff,s3://cellpainting-gallery/cpg0037-oasis/axiom/images/prod_25/images/plate_41002703/r15c19f08p01-ch3sk1fk1fl1.tiff,s3://cellpainting-gallery/cpg0037-oasis/axiom/images/prod_25/images/plate_41002703/r15c19f08p01-ch5sk1fk1fl1.tiff
p41002703_O21_s08,plate_41002703,O21,8.0,Compound_e48ed218,,0.4107883870601654,0.0693385973572731,0.2947993576526642,,,s3://cellpainting-gallery/cpg0037-oasis/axiom/images/prod_25/images/plate_41002703/r15c21f08p01-ch6sk1fk1fl1.tiff,s3://cellpainting-gallery/cpg0037-oasis/axiom/images/prod_25/images/plate_41002703/r15c21f08p01-ch1sk1fk1fl1.tiff,s3://cellpainting-gallery/cpg0037-oasis/axiom/images/prod_25/images/plate_41002703/r15c21f08p01-ch2sk1fk1fl1.tiff,s3://cellpainting-gallery/cpg0037-oasis/axiom/images/prod_25/images/plate_41002703/r15c21f08p01-ch4sk1fk1fl1.tiff,s3://cellpainting-gallery/cpg0037-oasis/axiom/images/prod_25/images/plate_41002703/r15c21f08p01-ch3sk1fk1fl1.tiff,s3://cellpainting-gallery/cpg0037-oasis/axiom/images/prod_25/images/plate_41002703/r15c21f08p01-ch5sk1fk1fl1.tiff
p41002703_P17_s08,plate_41002703,P17,8.0,Famotidine,OASIS1103,0.4107883870601654,0.9677035808563232,0.10982801765203476,Histamine Receptor,N=C(NS(=O)(N)=O)CCSCC1=CSC(NC(N)=N)=N1,s3://cellpainting-gallery/cpg0037-oasis/axiom/images/prod_25/images/plate_41002703/r16c17f08p01-ch6sk1fk1fl1.tiff,s3://cellpainting-gallery/cpg0037-oasis/axiom/images/prod_25/images/plate_41002703/r16c17f08p01-ch1sk1fk1fl1.tiff,s3://cellpainting-gallery/cpg0037-oasis/axiom/images/prod_25/images/plate_41002703/r16c17f08p01-ch2sk1fk1fl1.tiff,s3://cellpainting-gallery/cpg0037-oasis/axiom/images/prod_25/images/plate_41002703/r16c17f08p01-ch4sk1fk1fl1.tiff,s3://cellpainting-gallery/cpg0037-oasis/axiom/images/prod_25/images/plate_41002703/r16c17f08p01-ch3sk1fk1fl1.tiff,s3://cellpainting-gallery/cpg0037-oasis/axiom/images/prod_25/images/plate_41002703/r16c17f08p01-ch5sk1fk1fl1.tiff
p41002703_P24_s08,plate_41002703,P24,8.0,Chlorzoxazone,OASIS1528,0.4107883870601654,0.2641952335834503,0.2606508135795593,Cytochrome P450,O=C1OC2=CC=C(Cl)C=C2N1,s3://cellpainting-gallery/cpg0037-oasis/axiom/images/prod_25/images/plate_41002703/r16c24f08p01-ch6sk1fk1fl1.tiff,s3://cellpainting-gallery/cpg0037-oasis/axiom/images/prod_25/images/plate_41002703/r16c24f08p01-ch1sk1fk1fl1.tiff,s3://cellpainting-gallery/cpg0037-oasis/axiom/images/prod_25/images/plate_41002703/r16c24f08p01-ch2sk1fk1fl1.tiff,s3://cellpainting-gallery/cpg0037-oasis/axiom/images/prod_25/images/plate_41002703/r16c24f08p01-ch4sk1fk1fl1.tiff,s3://cellpainting-gallery/cpg0037-oasis/axiom/images/prod_25/images/plate_41002703/r16c24f08p01-ch3sk1fk1fl1.tiff,s3://cellpainting-gallery/cpg0037-oasis/axiom/images/prod_25/images/plate_41002703/r16c24f08p01-ch5sk1fk1fl1.tiff
