plate,well,site,file_Brightfield,file_DNA,file_ER,file_RNA,file_AGP,file_Mito,field_id,compound,concentration,control_type,group,split
HepatoPAC Islands 20260413,A01,1,r01c01f01p01-ch1sk1fk1fl1.tiff,r01c01f01p01-ch6sk1fk1fl1.tiff,r01c01f01p01-ch2sk1fk1fl1.tiff,r01c01f01p01-ch5sk1fk1fl1.tiff,r01c01f01p01-ch3sk1fk1fl1.tiff,r01c01f01p01-ch4sk1fk1fl1.tiff,A01_s01,1,low,,1_low,test
HepatoPAC Islands 20260413,A01,2,r01c01f02p01-ch1sk1fk1fl1.tiff,r01c01f02p01-ch6sk1fk1fl1.tiff,r01c01f02p01-ch2sk1fk1fl1.tiff,r01c01f02p01-ch5sk1fk1fl1.tiff,r01c01f02p01-ch3sk1fk1fl1.tiff,r01c01f02p01-ch4sk1fk1fl1.tiff,A01_s02,1,low,,1_low,test
HepatoPAC Islands 20260413,A01,3,r01c01f03p01-ch1sk1fk1fl1.tiff,r01c01f03p01-ch6sk1fk1fl1.tiff,r01c01f03p01-ch2sk1fk1fl1.tiff,r01c01f03p01-ch5sk1fk1fl1.tiff,r01c01f03p01-ch3sk1fk1fl1.tiff,r01c01f03p01-ch4sk1fk1fl1.tiff,A01_s03,1,low,,1_low,test
HepatoPAC Islands 20260413,A01,4,r01c01f04p01-ch1sk1fk1fl1.tiff,r01c01f04p01-ch6sk1fk1fl1.tiff,r01c01f04p01-ch2sk1fk1fl1.tiff,r01c01f04p01-ch5sk1fk1fl1.tiff,r01c01f04p01-ch3sk1fk1fl1.tiff,r01c01f04p01-ch4sk1fk1fl1.tiff,A01_s04,1,low,,1_low,test
HepatoPAC Islands 20260413,A01,5,r01c01f05p01-ch1sk1fk1fl1.tiff,r01c01f05p01-ch6sk1fk1fl1.tiff,r01c01f05p01-ch2sk1fk1fl1.tiff,r01c01f05p01-ch5sk1fk1fl1.tiff,r01c01f05p01-ch3sk1fk1fl1.tiff,r01c01f05p01-ch4sk1fk1fl1.tiff,A01_s05,1,low,,1_low,test
HepatoPAC Islands 20260413,A01,6,r01c01f06p01-ch1sk1fk1fl1.tiff,r01c01f06p01-ch6sk1fk1fl1.tiff,r01c01f06p01-ch2sk1fk1fl1.tiff,r01c01f06p01-ch5sk1fk1fl1.tiff,r01c01f06p01-ch3sk1fk1fl1.tiff,r01c01f06p01-ch4sk1fk1fl1.tiff,A01_s06,1,low,,1_low,test
HepatoPAC Islands 20260413,A01,7,r01c01f07p01-ch1sk1fk1fl1.tiff,r01c01f07p01-ch6sk1fk1fl1.tiff,r01c01f07p01-ch2sk1fk1fl1.tiff,r01c01f07p01-ch5sk1fk1fl1.tiff,r01c01f07p01-ch3sk1fk1fl1.tiff,r01c01f07p01-ch4sk1fk1fl1.tiff,A01_s07,1,low,,1_low,test
HepatoPAC Islands 20260413,A01,8,r01c01f08p01-ch1sk1fk1fl1.tiff,r01c01f08p01-ch6sk1fk1fl1.tiff,r01c01f08p01-ch2sk1fk1fl1.tiff,r01c01f08p01-ch5sk1fk1fl1.tiff,r01c01f08p01-ch3sk1fk1fl1.tiff,r01c01f08p01-ch4sk1fk1fl1.tiff,A01_s08,1,low,,1_low,test
HepatoPAC Islands 20260413,A01,9,r01c01f09p01-ch1sk1fk1fl1.tiff,r01c01f09p01-ch6sk1fk1fl1.tiff,r01c01f09p01-ch2sk1fk1fl1.tiff,r01c01f09p01-ch5sk1fk1fl1.tiff,r01c01f09p01-ch3sk1fk1fl1.tiff,r01c01f09p01-ch4sk1fk1fl1.tiff,A01_s09,1,low,,1_low,test
HepatoPAC Islands 20260413,A01,10,r01c01f10p01-ch1sk1fk1fl1.tiff,r01c01f10p01-ch6sk1fk1fl1.tiff,r01c01f10p01-ch2sk1fk1fl1.tiff,r01c01f10p01-ch5sk1fk1fl1.tiff,r01c01f10p01-ch3sk1fk1fl1.tiff,r01c01f10p01-ch4sk1fk1fl1.tiff,A01_s10,1,low,,1_low,test
HepatoPAC Islands 20260413,A01,11,r01c01f11p01-ch1sk1fk1fl1.tiff,r01c01f11p01-ch6sk1fk1fl1.tiff,r01c01f11p01-ch2sk1fk1fl1.tiff,r01c01f11p01-ch5sk1fk1fl1.tiff,r01c01f11p01-ch3sk1fk1fl1.tiff,r01c01f11p01-ch4sk1fk1fl1.tiff,A01_s11,1,low,,1_low,test
HepatoPAC Islands 20260413,A01,12,r01c01f12p01-ch1sk1fk1fl1.tiff,r01c01f12p01-ch6sk1fk1fl1.tiff,r01c01f12p01-ch2sk1fk1fl1.tiff,r01c01f12p01-ch5sk1fk1fl1.tiff,r01c01f12p01-ch3sk1fk1fl1.tiff,r01c01f12p01-ch4sk1fk1fl1.tiff,A01_s12,1,low,,1_low,test
HepatoPAC Islands 20260413,A01,13,r01c01f13p01-ch1sk1fk1fl1.tiff,r01c01f13p01-ch6sk1fk1fl1.tiff,r01c01f13p01-ch2sk1fk1fl1.tiff,r01c01f13p01-ch5sk1fk1fl1.tiff,r01c01f13p01-ch3sk1fk1fl1.tiff,r01c01f13p01-ch4sk1fk1fl1.tiff,A01_s13,1,low,,1_low,test
HepatoPAC Islands 20260413,A01,14,r01c01f14p01-ch1sk1fk1fl1.tiff,r01c01f14p01-ch6sk1fk1fl1.tiff,r01c01f14p01-ch2sk1fk1fl1.tiff,r01c01f14p01-ch5sk1fk1fl1.tiff,r01c01f14p01-ch3sk1fk1fl1.tiff,r01c01f14p01-ch4sk1fk1fl1.tiff,A01_s14,1,low,,1_low,test
HepatoPAC Islands 20260413,A01,15,r01c01f15p01-ch1sk1fk1fl1.tiff,r01c01f15p01-ch6sk1fk1fl1.tiff,r01c01f15p01-ch2sk1fk1fl1.tiff,r01c01f15p01-ch5sk1fk1fl1.tiff,r01c01f15p01-ch3sk1fk1fl1.tiff,r01c01f15p01-ch4sk1fk1fl1.tiff,A01_s15,1,low,,1_low,test
HepatoPAC Islands 20260413,A01,16,r01c01f16p01-ch1sk1fk1fl1.tiff,r01c01f16p01-ch6sk1fk1fl1.tiff,r01c01f16p01-ch2sk1fk1fl1.tiff,r01c01f16p01-ch5sk1fk1fl1.tiff,r01c01f16p01-ch3sk1fk1fl1.tiff,r01c01f16p01-ch4sk1fk1fl1.tiff,A01_s16,1,low,,1_low,test
HepatoPAC Islands 20260413,A01,17,r01c01f17p01-ch1sk1fk1fl1.tiff,r01c01f17p01-ch6sk1fk1fl1.tiff,r01c01f17p01-ch2sk1fk1fl1.tiff,r01c01f17p01-ch5sk1fk1fl1.tiff,r01c01f17p01-ch3sk1fk1fl1.tiff,r01c01f17p01-ch4sk1fk1fl1.tiff,A01_s17,1,low,,1_low,test
HepatoPAC Islands 20260413,A01,18,r01c01f18p01-ch1sk1fk1fl1.tiff,r01c01f18p01-ch6sk1fk1fl1.tiff,r01c01f18p01-ch2sk1fk1fl1.tiff,r01c01f18p01-ch5sk1fk1fl1.tiff,r01c01f18p01-ch3sk1fk1fl1.tiff,r01c01f18p01-ch4sk1fk1fl1.tiff,A01_s18,1,low,,1_low,test
HepatoPAC Islands 20260413,A01,19,r01c01f19p01-ch1sk1fk1fl1.tiff,r01c01f19p01-ch6sk1fk1fl1.tiff,r01c01f19p01-ch2sk1fk1fl1.tiff,r01c01f19p01-ch5sk1fk1fl1.tiff,r01c01f19p01-ch3sk1fk1fl1.tiff,r01c01f19p01-ch4sk1fk1fl1.tiff,A01_s19,1,low,,1_low,test
HepatoPAC Islands 20260413,A01,20,r01c01f20p01-ch1sk1fk1fl1.tiff,r01c01f20p01-ch6sk1fk1fl1.tiff,r01c01f20p01-ch2sk1fk1fl1.tiff,r01c01f20p01-ch5sk1fk1fl1.tiff,r01c01f20p01-ch3sk1fk1fl1.tiff,r01c01f20p01-ch4sk1fk1fl1.tiff,A01_s20,1,low,,1_low,test
HepatoPAC Islands 20260413,A01,21,r01c01f21p01-ch1sk1fk1fl1.tiff,r01c01f21p01-ch6sk1fk1fl1.tiff,r01c01f21p01-ch2sk1fk1fl1.tiff,r01c01f21p01-ch5sk1fk1fl1.tiff,r01c01f21p01-ch3sk1fk1fl1.tiff,r01c01f21p01-ch4sk1fk1fl1.tiff,A01_s21,1,low,,1_low,test
HepatoPAC Islands 20260413,A01,22,r01c01f22p01-ch1sk1fk1fl1.tiff,r01c01f22p01-ch6sk1fk1fl1.tiff,r01c01f22p01-ch2sk1fk1fl1.tiff,r01c01f22p01-ch5sk1fk1fl1.tiff,r01c01f22p01-ch3sk1fk1fl1.tiff,r01c01f22p01-ch4sk1fk1fl1.tiff,A01_s22,1,low,,1_low,test
HepatoPAC Islands 20260413,A01,23,r01c01f23p01-ch1sk1fk1fl1.tiff,r01c01f23p01-ch6sk1fk1fl1.tiff,r01c01f23p01-ch2sk1fk1fl1.tiff,r01c01f23p01-ch5sk1fk1fl1.tiff,r01c01f23p01-ch3sk1fk1fl1.tiff,r01c01f23p01-ch4sk1fk1fl1.tiff,A01_s23,1,low,,1_low,test
HepatoPAC Islands 20260413,A01,24,r01c01f24p01-ch1sk1fk1fl1.tiff,r01c01f24p01-ch6sk1fk1fl1.tiff,r01c01f24p01-ch2sk1fk1fl1.tiff,r01c01f24p01-ch5sk1fk1fl1.tiff,r01c01f24p01-ch3sk1fk1fl1.tiff,r01c01f24p01-ch4sk1fk1fl1.tiff,A01_s24,1,low,,1_low,test
HepatoPAC Islands 20260413,A01,25,r01c01f25p01-ch1sk1fk1fl1.tiff,r01c01f25p01-ch6sk1fk1fl1.tiff,r01c01f25p01-ch2sk1fk1fl1.tiff,r01c01f25p01-ch5sk1fk1fl1.tiff,r01c01f25p01-ch3sk1fk1fl1.tiff,r01c01f25p01-ch4sk1fk1fl1.tiff,A01_s25,1,low,,1_low,test
HepatoPAC Islands 20260413,A01,26,r01c01f26p01-ch1sk1fk1fl1.tiff,r01c01f26p01-ch6sk1fk1fl1.tiff,r01c01f26p01-ch2sk1fk1fl1.tiff,r01c01f26p01-ch5sk1fk1fl1.tiff,r01c01f26p01-ch3sk1fk1fl1.tiff,r01c01f26p01-ch4sk1fk1fl1.tiff,A01_s26,1,low,,1_low,test
HepatoPAC Islands 20260413,A01,27,r01c01f27p01-ch1sk1fk1fl1.tiff,r01c01f27p01-ch6sk1fk1fl1.tiff,r01c01f27p01-ch2sk1fk1fl1.tiff,r01c01f27p01-ch5sk1fk1fl1.tiff,r01c01f27p01-ch3sk1fk1fl1.tiff,r01c01f27p01-ch4sk1fk1fl1.tiff,A01_s27,1,low,,1_low,test
HepatoPAC Islands 20260413,A01,28,r01c01f28p01-ch1sk1fk1fl1.tiff,r01c01f28p01-ch6sk1fk1fl1.tiff,r01c01f28p01-ch2sk1fk1fl1.tiff,r01c01f28p01-ch5sk1fk1fl1.tiff,r01c01f28p01-ch3sk1fk1fl1.tiff,r01c01f28p01-ch4sk1fk1fl1.tiff,A01_s28,1,low,,1_low,test
HepatoPAC Islands 20260413,A01,29,r01c01f29p01-ch1sk1fk1fl1.tiff,r01c01f29p01-ch6sk1fk1fl1.tiff,r01c01f29p01-ch2sk1fk1fl1.tiff,r01c01f29p01-ch5sk1fk1fl1.tiff,r01c01f29p01-ch3sk1fk1fl1.tiff,r01c01f29p01-ch4sk1fk1fl1.tiff,A01_s29,1,low,,1_low,test
HepatoPAC Islands 20260413,A01,30,r01c01f30p01-ch1sk1fk1fl1.tiff,r01c01f30p01-ch6sk1fk1fl1.tiff,r01c01f30p01-ch2sk1fk1fl1.tiff,r01c01f30p01-ch5sk1fk1fl1.tiff,r01c01f30p01-ch3sk1fk1fl1.tiff,r01c01f30p01-ch4sk1fk1fl1.tiff,A01_s30,1,low,,1_low,test
HepatoPAC Islands 20260413,A01,31,r01c01f31p01-ch1sk1fk1fl1.tiff,r01c01f31p01-ch6sk1fk1fl1.tiff,r01c01f31p01-ch2sk1fk1fl1.tiff,r01c01f31p01-ch5sk1fk1fl1.tiff,r01c01f31p01-ch3sk1fk1fl1.tiff,r01c01f31p01-ch4sk1fk1fl1.tiff,A01_s31,1,low,,1_low,test
HepatoPAC Islands 20260413,A01,32,r01c01f32p01-ch1sk1fk1fl1.tiff,r01c01f32p01-ch6sk1fk1fl1.tiff,r01c01f32p01-ch2sk1fk1fl1.tiff,r01c01f32p01-ch5sk1fk1fl1.tiff,r01c01f32p01-ch3sk1fk1fl1.tiff,r01c01f32p01-ch4sk1fk1fl1.tiff,A01_s32,1,low,,1_low,test
HepatoPAC Islands 20260413,A01,33,r01c01f33p01-ch1sk1fk1fl1.tiff,r01c01f33p01-ch6sk1fk1fl1.tiff,r01c01f33p01-ch2sk1fk1fl1.tiff,r01c01f33p01-ch5sk1fk1fl1.tiff,r01c01f33p01-ch3sk1fk1fl1.tiff,r01c01f33p01-ch4sk1fk1fl1.tiff,A01_s33,1,low,,1_low,test
HepatoPAC Islands 20260413,A01,34,r01c01f34p01-ch1sk1fk1fl1.tiff,r01c01f34p01-ch6sk1fk1fl1.tiff,r01c01f34p01-ch2sk1fk1fl1.tiff,r01c01f34p01-ch5sk1fk1fl1.tiff,r01c01f34p01-ch3sk1fk1fl1.tiff,r01c01f34p01-ch4sk1fk1fl1.tiff,A01_s34,1,low,,1_low,test
HepatoPAC Islands 20260413,A01,35,r01c01f35p01-ch1sk1fk1fl1.tiff,r01c01f35p01-ch6sk1fk1fl1.tiff,r01c01f35p01-ch2sk1fk1fl1.tiff,r01c01f35p01-ch5sk1fk1fl1.tiff,r01c01f35p01-ch3sk1fk1fl1.tiff,r01c01f35p01-ch4sk1fk1fl1.tiff,A01_s35,1,low,,1_low,test
HepatoPAC Islands 20260413,A01,36,r01c01f36p01-ch1sk1fk1fl1.tiff,r01c01f36p01-ch6sk1fk1fl1.tiff,r01c01f36p01-ch2sk1fk1fl1.tiff,r01c01f36p01-ch5sk1fk1fl1.tiff,r01c01f36p01-ch3sk1fk1fl1.tiff,r01c01f36p01-ch4sk1fk1fl1.tiff,A01_s36,1,low,,1_low,test
HepatoPAC Islands 20260413,A01,37,r01c01f37p01-ch1sk1fk1fl1.tiff,r01c01f37p01-ch6sk1fk1fl1.tiff,r01c01f37p01-ch2sk1fk1fl1.tiff,r01c01f37p01-ch5sk1fk1fl1.tiff,r01c01f37p01-ch3sk1fk1fl1.tiff,r01c01f37p01-ch4sk1fk1fl1.tiff,A01_s37,1,low,,1_low,test
HepatoPAC Islands 20260413,A01,38,r01c01f38p01-ch1sk1fk1fl1.tiff,r01c01f38p01-ch6sk1fk1fl1.tiff,r01c01f38p01-ch2sk1fk1fl1.tiff,r01c01f38p01-ch5sk1fk1fl1.tiff,r01c01f38p01-ch3sk1fk1fl1.tiff,r01c01f38p01-ch4sk1fk1fl1.tiff,A01_s38,1,low,,1_low,test
HepatoPAC Islands 20260413,A01,39,r01c01f39p01-ch1sk1fk1fl1.tiff,r01c01f39p01-ch6sk1fk1fl1.tiff,r01c01f39p01-ch2sk1fk1fl1.tiff,r01c01f39p01-ch5sk1fk1fl1.tiff,r01c01f39p01-ch3sk1fk1fl1.tiff,r01c01f39p01-ch4sk1fk1fl1.tiff,A01_s39,1,low,,1_low,test
HepatoPAC Islands 20260413,A01,40,r01c01f40p01-ch1sk1fk1fl1.tiff,r01c01f40p01-ch6sk1fk1fl1.tiff,r01c01f40p01-ch2sk1fk1fl1.tiff,r01c01f40p01-ch5sk1fk1fl1.tiff,r01c01f40p01-ch3sk1fk1fl1.tiff,r01c01f40p01-ch4sk1fk1fl1.tiff,A01_s40,1,low,,1_low,test
HepatoPAC Islands 20260413,A01,41,r01c01f41p01-ch1sk1fk1fl1.tiff,r01c01f41p01-ch6sk1fk1fl1.tiff,r01c01f41p01-ch2sk1fk1fl1.tiff,r01c01f41p01-ch5sk1fk1fl1.tiff,r01c01f41p01-ch3sk1fk1fl1.tiff,r01c01f41p01-ch4sk1fk1fl1.tiff,A01_s41,1,low,,1_low,test
HepatoPAC Islands 20260413,A01,42,r01c01f42p01-ch1sk1fk1fl1.tiff,r01c01f42p01-ch6sk1fk1fl1.tiff,r01c01f42p01-ch2sk1fk1fl1.tiff,r01c01f42p01-ch5sk1fk1fl1.tiff,r01c01f42p01-ch3sk1fk1fl1.tiff,r01c01f42p01-ch4sk1fk1fl1.tiff,A01_s42,1,low,,1_low,test
HepatoPAC Islands 20260413,A01,43,r01c01f43p01-ch1sk1fk1fl1.tiff,r01c01f43p01-ch6sk1fk1fl1.tiff,r01c01f43p01-ch2sk1fk1fl1.tiff,r01c01f43p01-ch5sk1fk1fl1.tiff,r01c01f43p01-ch3sk1fk1fl1.tiff,r01c01f43p01-ch4sk1fk1fl1.tiff,A01_s43,1,low,,1_low,test
HepatoPAC Islands 20260413,A01,44,r01c01f44p01-ch1sk1fk1fl1.tiff,r01c01f44p01-ch6sk1fk1fl1.tiff,r01c01f44p01-ch2sk1fk1fl1.tiff,r01c01f44p01-ch5sk1fk1fl1.tiff,r01c01f44p01-ch3sk1fk1fl1.tiff,r01c01f44p01-ch4sk1fk1fl1.tiff,A01_s44,1,low,,1_low,test
HepatoPAC Islands 20260413,A01,45,r01c01f45p01-ch1sk1fk1fl1.tiff,r01c01f45p01-ch6sk1fk1fl1.tiff,r01c01f45p01-ch2sk1fk1fl1.tiff,r01c01f45p01-ch5sk1fk1fl1.tiff,r01c01f45p01-ch3sk1fk1fl1.tiff,r01c01f45p01-ch4sk1fk1fl1.tiff,A01_s45,1,low,,1_low,test
HepatoPAC Islands 20260413,A01,46,r01c01f46p01-ch1sk1fk1fl1.tiff,r01c01f46p01-ch6sk1fk1fl1.tiff,r01c01f46p01-ch2sk1fk1fl1.tiff,r01c01f46p01-ch5sk1fk1fl1.tiff,r01c01f46p01-ch3sk1fk1fl1.tiff,r01c01f46p01-ch4sk1fk1fl1.tiff,A01_s46,1,low,,1_low,test
HepatoPAC Islands 20260413,A01,47,r01c01f47p01-ch1sk1fk1fl1.tiff,r01c01f47p01-ch6sk1fk1fl1.tiff,r01c01f47p01-ch2sk1fk1fl1.tiff,r01c01f47p01-ch5sk1fk1fl1.tiff,r01c01f47p01-ch3sk1fk1fl1.tiff,r01c01f47p01-ch4sk1fk1fl1.tiff,A01_s47,1,low,,1_low,test
HepatoPAC Islands 20260413,A01,48,r01c01f48p01-ch1sk1fk1fl1.tiff,r01c01f48p01-ch6sk1fk1fl1.tiff,r01c01f48p01-ch2sk1fk1fl1.tiff,r01c01f48p01-ch5sk1fk1fl1.tiff,r01c01f48p01-ch3sk1fk1fl1.tiff,r01c01f48p01-ch4sk1fk1fl1.tiff,A01_s48,1,low,,1_low,test
HepatoPAC Islands 20260413,A01,49,r01c01f49p01-ch1sk1fk1fl1.tiff,r01c01f49p01-ch6sk1fk1fl1.tiff,r01c01f49p01-ch2sk1fk1fl1.tiff,r01c01f49p01-ch5sk1fk1fl1.tiff,r01c01f49p01-ch3sk1fk1fl1.tiff,r01c01f49p01-ch4sk1fk1fl1.tiff,A01_s49,1,low,,1_low,test
HepatoPAC Islands 20260413,A02,1,r01c02f01p01-ch1sk1fk1fl1.tiff,r01c02f01p01-ch6sk1fk1fl1.tiff,r01c02f01p01-ch2sk1fk1fl1.tiff,r01c02f01p01-ch5sk1fk1fl1.tiff,r01c02f01p01-ch3sk1fk1fl1.tiff,r01c02f01p01-ch4sk1fk1fl1.tiff,A02_s01,2,low,,2_low,test
HepatoPAC Islands 20260413,A02,2,r01c02f02p01-ch1sk1fk1fl1.tiff,r01c02f02p01-ch6sk1fk1fl1.tiff,r01c02f02p01-ch2sk1fk1fl1.tiff,r01c02f02p01-ch5sk1fk1fl1.tiff,r01c02f02p01-ch3sk1fk1fl1.tiff,r01c02f02p01-ch4sk1fk1fl1.tiff,A02_s02,2,low,,2_low,test
HepatoPAC Islands 20260413,A02,3,r01c02f03p01-ch1sk1fk1fl1.tiff,r01c02f03p01-ch6sk1fk1fl1.tiff,r01c02f03p01-ch2sk1fk1fl1.tiff,r01c02f03p01-ch5sk1fk1fl1.tiff,r01c02f03p01-ch3sk1fk1fl1.tiff,r01c02f03p01-ch4sk1fk1fl1.tiff,A02_s03,2,low,,2_low,test
HepatoPAC Islands 20260413,A02,4,r01c02f04p01-ch1sk1fk1fl1.tiff,r01c02f04p01-ch6sk1fk1fl1.tiff,r01c02f04p01-ch2sk1fk1fl1.tiff,r01c02f04p01-ch5sk1fk1fl1.tiff,r01c02f04p01-ch3sk1fk1fl1.tiff,r01c02f04p01-ch4sk1fk1fl1.tiff,A02_s04,2,low,,2_low,test
HepatoPAC Islands 20260413,A02,5,r01c02f05p01-ch1sk1fk1fl1.tiff,r01c02f05p01-ch6sk1fk1fl1.tiff,r01c02f05p01-ch2sk1fk1fl1.tiff,r01c02f05p01-ch5sk1fk1fl1.tiff,r01c02f05p01-ch3sk1fk1fl1.tiff,r01c02f05p01-ch4sk1fk1fl1.tiff,A02_s05,2,low,,2_low,test
HepatoPAC Islands 20260413,A02,6,r01c02f06p01-ch1sk1fk1fl1.tiff,r01c02f06p01-ch6sk1fk1fl1.tiff,r01c02f06p01-ch2sk1fk1fl1.tiff,r01c02f06p01-ch5sk1fk1fl1.tiff,r01c02f06p01-ch3sk1fk1fl1.tiff,r01c02f06p01-ch4sk1fk1fl1.tiff,A02_s06,2,low,,2_low,test
HepatoPAC Islands 20260413,A02,7,r01c02f07p01-ch1sk1fk1fl1.tiff,r01c02f07p01-ch6sk1fk1fl1.tiff,r01c02f07p01-ch2sk1fk1fl1.tiff,r01c02f07p01-ch5sk1fk1fl1.tiff,r01c02f07p01-ch3sk1fk1fl1.tiff,r01c02f07p01-ch4sk1fk1fl1.tiff,A02_s07,2,low,,2_low,test
HepatoPAC Islands 20260413,A02,8,r01c02f08p01-ch1sk1fk1fl1.tiff,r01c02f08p01-ch6sk1fk1fl1.tiff,r01c02f08p01-ch2sk1fk1fl1.tiff,r01c02f08p01-ch5sk1fk1fl1.tiff,r01c02f08p01-ch3sk1fk1fl1.tiff,r01c02f08p01-ch4sk1fk1fl1.tiff,A02_s08,2,low,,2_low,test
HepatoPAC Islands 20260413,A02,9,r01c02f09p01-ch1sk1fk1fl1.tiff,r01c02f09p01-ch6sk1fk1fl1.tiff,r01c02f09p01-ch2sk1fk1fl1.tiff,r01c02f09p01-ch5sk1fk1fl1.tiff,r01c02f09p01-ch3sk1fk1fl1.tiff,r01c02f09p01-ch4sk1fk1fl1.tiff,A02_s09,2,low,,2_low,test
HepatoPAC Islands 20260413,A02,10,r01c02f10p01-ch1sk1fk1fl1.tiff,r01c02f10p01-ch6sk1fk1fl1.tiff,r01c02f10p01-ch2sk1fk1fl1.tiff,r01c02f10p01-ch5sk1fk1fl1.tiff,r01c02f10p01-ch3sk1fk1fl1.tiff,r01c02f10p01-ch4sk1fk1fl1.tiff,A02_s10,2,low,,2_low,test
HepatoPAC Islands 20260413,A02,11,r01c02f11p01-ch1sk1fk1fl1.tiff,r01c02f11p01-ch6sk1fk1fl1.tiff,r01c02f11p01-ch2sk1fk1fl1.tiff,r01c02f11p01-ch5sk1fk1fl1.tiff,r01c02f11p01-ch3sk1fk1fl1.tiff,r01c02f11p01-ch4sk1fk1fl1.tiff,A02_s11,2,low,,2_low,test
HepatoPAC Islands 20260413,A02,12,r01c02f12p01-ch1sk1fk1fl1.tiff,r01c02f12p01-ch6sk1fk1fl1.tiff,r01c02f12p01-ch2sk1fk1fl1.tiff,r01c02f12p01-ch5sk1fk1fl1.tiff,r01c02f12p01-ch3sk1fk1fl1.tiff,r01c02f12p01-ch4sk1fk1fl1.tiff,A02_s12,2,low,,2_low,test
HepatoPAC Islands 20260413,A02,13,r01c02f13p01-ch1sk1fk1fl1.tiff,r01c02f13p01-ch6sk1fk1fl1.tiff,r01c02f13p01-ch2sk1fk1fl1.tiff,r01c02f13p01-ch5sk1fk1fl1.tiff,r01c02f13p01-ch3sk1fk1fl1.tiff,r01c02f13p01-ch4sk1fk1fl1.tiff,A02_s13,2,low,,2_low,test
HepatoPAC Islands 20260413,A02,14,r01c02f14p01-ch1sk1fk1fl1.tiff,r01c02f14p01-ch6sk1fk1fl1.tiff,r01c02f14p01-ch2sk1fk1fl1.tiff,r01c02f14p01-ch5sk1fk1fl1.tiff,r01c02f14p01-ch3sk1fk1fl1.tiff,r01c02f14p01-ch4sk1fk1fl1.tiff,A02_s14,2,low,,2_low,test
HepatoPAC Islands 20260413,A02,15,r01c02f15p01-ch1sk1fk1fl1.tiff,r01c02f15p01-ch6sk1fk1fl1.tiff,r01c02f15p01-ch2sk1fk1fl1.tiff,r01c02f15p01-ch5sk1fk1fl1.tiff,r01c02f15p01-ch3sk1fk1fl1.tiff,r01c02f15p01-ch4sk1fk1fl1.tiff,A02_s15,2,low,,2_low,test
HepatoPAC Islands 20260413,A02,16,r01c02f16p01-ch1sk1fk1fl1.tiff,r01c02f16p01-ch6sk1fk1fl1.tiff,r01c02f16p01-ch2sk1fk1fl1.tiff,r01c02f16p01-ch5sk1fk1fl1.tiff,r01c02f16p01-ch3sk1fk1fl1.tiff,r01c02f16p01-ch4sk1fk1fl1.tiff,A02_s16,2,low,,2_low,test
HepatoPAC Islands 20260413,A02,17,r01c02f17p01-ch1sk1fk1fl1.tiff,r01c02f17p01-ch6sk1fk1fl1.tiff,r01c02f17p01-ch2sk1fk1fl1.tiff,r01c02f17p01-ch5sk1fk1fl1.tiff,r01c02f17p01-ch3sk1fk1fl1.tiff,r01c02f17p01-ch4sk1fk1fl1.tiff,A02_s17,2,low,,2_low,test
HepatoPAC Islands 20260413,A02,18,r01c02f18p01-ch1sk1fk1fl1.tiff,r01c02f18p01-ch6sk1fk1fl1.tiff,r01c02f18p01-ch2sk1fk1fl1.tiff,r01c02f18p01-ch5sk1fk1fl1.tiff,r01c02f18p01-ch3sk1fk1fl1.tiff,r01c02f18p01-ch4sk1fk1fl1.tiff,A02_s18,2,low,,2_low,test
HepatoPAC Islands 20260413,A02,19,r01c02f19p01-ch1sk1fk1fl1.tiff,r01c02f19p01-ch6sk1fk1fl1.tiff,r01c02f19p01-ch2sk1fk1fl1.tiff,r01c02f19p01-ch5sk1fk1fl1.tiff,r01c02f19p01-ch3sk1fk1fl1.tiff,r01c02f19p01-ch4sk1fk1fl1.tiff,A02_s19,2,low,,2_low,test
HepatoPAC Islands 20260413,A02,20,r01c02f20p01-ch1sk1fk1fl1.tiff,r01c02f20p01-ch6sk1fk1fl1.tiff,r01c02f20p01-ch2sk1fk1fl1.tiff,r01c02f20p01-ch5sk1fk1fl1.tiff,r01c02f20p01-ch3sk1fk1fl1.tiff,r01c02f20p01-ch4sk1fk1fl1.tiff,A02_s20,2,low,,2_low,test
HepatoPAC Islands 20260413,A02,21,r01c02f21p01-ch1sk1fk1fl1.tiff,r01c02f21p01-ch6sk1fk1fl1.tiff,r01c02f21p01-ch2sk1fk1fl1.tiff,r01c02f21p01-ch5sk1fk1fl1.tiff,r01c02f21p01-ch3sk1fk1fl1.tiff,r01c02f21p01-ch4sk1fk1fl1.tiff,A02_s21,2,low,,2_low,test
HepatoPAC Islands 20260413,A02,22,r01c02f22p01-ch1sk1fk1fl1.tiff,r01c02f22p01-ch6sk1fk1fl1.tiff,r01c02f22p01-ch2sk1fk1fl1.tiff,r01c02f22p01-ch5sk1fk1fl1.tiff,r01c02f22p01-ch3sk1fk1fl1.tiff,r01c02f22p01-ch4sk1fk1fl1.tiff,A02_s22,2,low,,2_low,test
HepatoPAC Islands 20260413,A02,23,r01c02f23p01-ch1sk1fk1fl1.tiff,r01c02f23p01-ch6sk1fk1fl1.tiff,r01c02f23p01-ch2sk1fk1fl1.tiff,r01c02f23p01-ch5sk1fk1fl1.tiff,r01c02f23p01-ch3sk1fk1fl1.tiff,r01c02f23p01-ch4sk1fk1fl1.tiff,A02_s23,2,low,,2_low,test
HepatoPAC Islands 20260413,A02,24,r01c02f24p01-ch1sk1fk1fl1.tiff,r01c02f24p01-ch6sk1fk1fl1.tiff,r01c02f24p01-ch2sk1fk1fl1.tiff,r01c02f24p01-ch5sk1fk1fl1.tiff,r01c02f24p01-ch3sk1fk1fl1.tiff,r01c02f24p01-ch4sk1fk1fl1.tiff,A02_s24,2,low,,2_low,test
HepatoPAC Islands 20260413,A02,25,r01c02f25p01-ch1sk1fk1fl1.tiff,r01c02f25p01-ch6sk1fk1fl1.tiff,r01c02f25p01-ch2sk1fk1fl1.tiff,r01c02f25p01-ch5sk1fk1fl1.tiff,r01c02f25p01-ch3sk1fk1fl1.tiff,r01c02f25p01-ch4sk1fk1fl1.tiff,A02_s25,2,low,,2_low,test
HepatoPAC Islands 20260413,A02,26,r01c02f26p01-ch1sk1fk1fl1.tiff,r01c02f26p01-ch6sk1fk1fl1.tiff,r01c02f26p01-ch2sk1fk1fl1.tiff,r01c02f26p01-ch5sk1fk1fl1.tiff,r01c02f26p01-ch3sk1fk1fl1.tiff,r01c02f26p01-ch4sk1fk1fl1.tiff,A02_s26,2,low,,2_low,test
HepatoPAC Islands 20260413,A02,27,r01c02f27p01-ch1sk1fk1fl1.tiff,r01c02f27p01-ch6sk1fk1fl1.tiff,r01c02f27p01-ch2sk1fk1fl1.tiff,r01c02f27p01-ch5sk1fk1fl1.tiff,r01c02f27p01-ch3sk1fk1fl1.tiff,r01c02f27p01-ch4sk1fk1fl1.tiff,A02_s27,2,low,,2_low,test
HepatoPAC Islands 20260413,A02,28,r01c02f28p01-ch1sk1fk1fl1.tiff,r01c02f28p01-ch6sk1fk1fl1.tiff,r01c02f28p01-ch2sk1fk1fl1.tiff,r01c02f28p01-ch5sk1fk1fl1.tiff,r01c02f28p01-ch3sk1fk1fl1.tiff,r01c02f28p01-ch4sk1fk1fl1.tiff,A02_s28,2,low,,2_low,test
HepatoPAC Islands 20260413,A02,29,r01c02f29p01-ch1sk1fk1fl1.tiff,r01c02f29p01-ch6sk1fk1fl1.tiff,r01c02f29p01-ch2sk1fk1fl1.tiff,r01c02f29p01-ch5sk1fk1fl1.tiff,r01c02f29p01-ch3sk1fk1fl1.tiff,r01c02f29p01-ch4sk1fk1fl1.tiff,A02_s29,2,low,,2_low,test
HepatoPAC Islands 20260413,A02,30,r01c02f30p01-ch1sk1fk1fl1.tiff,r01c02f30p01-ch6sk1fk1fl1.tiff,r01c02f30p01-ch2sk1fk1fl1.tiff,r01c02f30p01-ch5sk1fk1fl1.tiff,r01c02f30p01-ch3sk1fk1fl1.tiff,r01c02f30p01-ch4sk1fk1fl1.tiff,A02_s30,2,low,,2_low,test
HepatoPAC Islands 20260413,A02,31,r01c02f31p01-ch1sk1fk1fl1.tiff,r01c02f31p01-ch6sk1fk1fl1.tiff,r01c02f31p01-ch2sk1fk1fl1.tiff,r01c02f31p01-ch5sk1fk1fl1.tiff,r01c02f31p01-ch3sk1fk1fl1.tiff,r01c02f31p01-ch4sk1fk1fl1.tiff,A02_s31,2,low,,2_low,test
HepatoPAC Islands 20260413,A02,32,r01c02f32p01-ch1sk1fk1fl1.tiff,r01c02f32p01-ch6sk1fk1fl1.tiff,r01c02f32p01-ch2sk1fk1fl1.tiff,r01c02f32p01-ch5sk1fk1fl1.tiff,r01c02f32p01-ch3sk1fk1fl1.tiff,r01c02f32p01-ch4sk1fk1fl1.tiff,A02_s32,2,low,,2_low,test
HepatoPAC Islands 20260413,A02,33,r01c02f33p01-ch1sk1fk1fl1.tiff,r01c02f33p01-ch6sk1fk1fl1.tiff,r01c02f33p01-ch2sk1fk1fl1.tiff,r01c02f33p01-ch5sk1fk1fl1.tiff,r01c02f33p01-ch3sk1fk1fl1.tiff,r01c02f33p01-ch4sk1fk1fl1.tiff,A02_s33,2,low,,2_low,test
HepatoPAC Islands 20260413,A02,34,r01c02f34p01-ch1sk1fk1fl1.tiff,r01c02f34p01-ch6sk1fk1fl1.tiff,r01c02f34p01-ch2sk1fk1fl1.tiff,r01c02f34p01-ch5sk1fk1fl1.tiff,r01c02f34p01-ch3sk1fk1fl1.tiff,r01c02f34p01-ch4sk1fk1fl1.tiff,A02_s34,2,low,,2_low,test
HepatoPAC Islands 20260413,A02,35,r01c02f35p01-ch1sk1fk1fl1.tiff,r01c02f35p01-ch6sk1fk1fl1.tiff,r01c02f35p01-ch2sk1fk1fl1.tiff,r01c02f35p01-ch5sk1fk1fl1.tiff,r01c02f35p01-ch3sk1fk1fl1.tiff,r01c02f35p01-ch4sk1fk1fl1.tiff,A02_s35,2,low,,2_low,test
HepatoPAC Islands 20260413,A02,36,r01c02f36p01-ch1sk1fk1fl1.tiff,r01c02f36p01-ch6sk1fk1fl1.tiff,r01c02f36p01-ch2sk1fk1fl1.tiff,r01c02f36p01-ch5sk1fk1fl1.tiff,r01c02f36p01-ch3sk1fk1fl1.tiff,r01c02f36p01-ch4sk1fk1fl1.tiff,A02_s36,2,low,,2_low,test
HepatoPAC Islands 20260413,A02,37,r01c02f37p01-ch1sk1fk1fl1.tiff,r01c02f37p01-ch6sk1fk1fl1.tiff,r01c02f37p01-ch2sk1fk1fl1.tiff,r01c02f37p01-ch5sk1fk1fl1.tiff,r01c02f37p01-ch3sk1fk1fl1.tiff,r01c02f37p01-ch4sk1fk1fl1.tiff,A02_s37,2,low,,2_low,test
HepatoPAC Islands 20260413,A02,38,r01c02f38p01-ch1sk1fk1fl1.tiff,r01c02f38p01-ch6sk1fk1fl1.tiff,r01c02f38p01-ch2sk1fk1fl1.tiff,r01c02f38p01-ch5sk1fk1fl1.tiff,r01c02f38p01-ch3sk1fk1fl1.tiff,r01c02f38p01-ch4sk1fk1fl1.tiff,A02_s38,2,low,,2_low,test
HepatoPAC Islands 20260413,A02,39,r01c02f39p01-ch1sk1fk1fl1.tiff,r01c02f39p01-ch6sk1fk1fl1.tiff,r01c02f39p01-ch2sk1fk1fl1.tiff,r01c02f39p01-ch5sk1fk1fl1.tiff,r01c02f39p01-ch3sk1fk1fl1.tiff,r01c02f39p01-ch4sk1fk1fl1.tiff,A02_s39,2,low,,2_low,test
HepatoPAC Islands 20260413,A02,40,r01c02f40p01-ch1sk1fk1fl1.tiff,r01c02f40p01-ch6sk1fk1fl1.tiff,r01c02f40p01-ch2sk1fk1fl1.tiff,r01c02f40p01-ch5sk1fk1fl1.tiff,r01c02f40p01-ch3sk1fk1fl1.tiff,r01c02f40p01-ch4sk1fk1fl1.tiff,A02_s40,2,low,,2_low,test
HepatoPAC Islands 20260413,A02,41,r01c02f41p01-ch1sk1fk1fl1.tiff,r01c02f41p01-ch6sk1fk1fl1.tiff,r01c02f41p01-ch2sk1fk1fl1.tiff,r01c02f41p01-ch5sk1fk1fl1.tiff,r01c02f41p01-ch3sk1fk1fl1.tiff,r01c02f41p01-ch4sk1fk1fl1.tiff,A02_s41,2,low,,2_low,test
HepatoPAC Islands 20260413,A02,42,r01c02f42p01-ch1sk1fk1fl1.tiff,r01c02f42p01-ch6sk1fk1fl1.tiff,r01c02f42p01-ch2sk1fk1fl1.tiff,r01c02f42p01-ch5sk1fk1fl1.tiff,r01c02f42p01-ch3sk1fk1fl1.tiff,r01c02f42p01-ch4sk1fk1fl1.tiff,A02_s42,2,low,,2_low,test
HepatoPAC Islands 20260413,A02,43,r01c02f43p01-ch1sk1fk1fl1.tiff,r01c02f43p01-ch6sk1fk1fl1.tiff,r01c02f43p01-ch2sk1fk1fl1.tiff,r01c02f43p01-ch5sk1fk1fl1.tiff,r01c02f43p01-ch3sk1fk1fl1.tiff,r01c02f43p01-ch4sk1fk1fl1.tiff,A02_s43,2,low,,2_low,test
HepatoPAC Islands 20260413,A02,44,r01c02f44p01-ch1sk1fk1fl1.tiff,r01c02f44p01-ch6sk1fk1fl1.tiff,r01c02f44p01-ch2sk1fk1fl1.tiff,r01c02f44p01-ch5sk1fk1fl1.tiff,r01c02f44p01-ch3sk1fk1fl1.tiff,r01c02f44p01-ch4sk1fk1fl1.tiff,A02_s44,2,low,,2_low,test
HepatoPAC Islands 20260413,A02,45,r01c02f45p01-ch1sk1fk1fl1.tiff,r01c02f45p01-ch6sk1fk1fl1.tiff,r01c02f45p01-ch2sk1fk1fl1.tiff,r01c02f45p01-ch5sk1fk1fl1.tiff,r01c02f45p01-ch3sk1fk1fl1.tiff,r01c02f45p01-ch4sk1fk1fl1.tiff,A02_s45,2,low,,2_low,test
HepatoPAC Islands 20260413,A02,46,r01c02f46p01-ch1sk1fk1fl1.tiff,r01c02f46p01-ch6sk1fk1fl1.tiff,r01c02f46p01-ch2sk1fk1fl1.tiff,r01c02f46p01-ch5sk1fk1fl1.tiff,r01c02f46p01-ch3sk1fk1fl1.tiff,r01c02f46p01-ch4sk1fk1fl1.tiff,A02_s46,2,low,,2_low,test
HepatoPAC Islands 20260413,A02,47,r01c02f47p01-ch1sk1fk1fl1.tiff,r01c02f47p01-ch6sk1fk1fl1.tiff,r01c02f47p01-ch2sk1fk1fl1.tiff,r01c02f47p01-ch5sk1fk1fl1.tiff,r01c02f47p01-ch3sk1fk1fl1.tiff,r01c02f47p01-ch4sk1fk1fl1.tiff,A02_s47,2,low,,2_low,test
HepatoPAC Islands 20260413,A02,48,r01c02f48p01-ch1sk1fk1fl1.tiff,r01c02f48p01-ch6sk1fk1fl1.tiff,r01c02f48p01-ch2sk1fk1fl1.tiff,r01c02f48p01-ch5sk1fk1fl1.tiff,r01c02f48p01-ch3sk1fk1fl1.tiff,r01c02f48p01-ch4sk1fk1fl1.tiff,A02_s48,2,low,,2_low,test
HepatoPAC Islands 20260413,A02,49,r01c02f49p01-ch1sk1fk1fl1.tiff,r01c02f49p01-ch6sk1fk1fl1.tiff,r01c02f49p01-ch2sk1fk1fl1.tiff,r01c02f49p01-ch5sk1fk1fl1.tiff,r01c02f49p01-ch3sk1fk1fl1.tiff,r01c02f49p01-ch4sk1fk1fl1.tiff,A02_s49,2,low,,2_low,test
HepatoPAC Islands 20260413,A03,1,r01c03f01p01-ch1sk1fk1fl1.tiff,r01c03f01p01-ch6sk1fk1fl1.tiff,r01c03f01p01-ch2sk1fk1fl1.tiff,r01c03f01p01-ch5sk1fk1fl1.tiff,r01c03f01p01-ch3sk1fk1fl1.tiff,r01c03f01p01-ch4sk1fk1fl1.tiff,A03_s01,3,low,,3_low,test
HepatoPAC Islands 20260413,A03,2,r01c03f02p01-ch1sk1fk1fl1.tiff,r01c03f02p01-ch6sk1fk1fl1.tiff,r01c03f02p01-ch2sk1fk1fl1.tiff,r01c03f02p01-ch5sk1fk1fl1.tiff,r01c03f02p01-ch3sk1fk1fl1.tiff,r01c03f02p01-ch4sk1fk1fl1.tiff,A03_s02,3,low,,3_low,test
HepatoPAC Islands 20260413,A03,3,r01c03f03p01-ch1sk1fk1fl1.tiff,r01c03f03p01-ch6sk1fk1fl1.tiff,r01c03f03p01-ch2sk1fk1fl1.tiff,r01c03f03p01-ch5sk1fk1fl1.tiff,r01c03f03p01-ch3sk1fk1fl1.tiff,r01c03f03p01-ch4sk1fk1fl1.tiff,A03_s03,3,low,,3_low,test
HepatoPAC Islands 20260413,A03,4,r01c03f04p01-ch1sk1fk1fl1.tiff,r01c03f04p01-ch6sk1fk1fl1.tiff,r01c03f04p01-ch2sk1fk1fl1.tiff,r01c03f04p01-ch5sk1fk1fl1.tiff,r01c03f04p01-ch3sk1fk1fl1.tiff,r01c03f04p01-ch4sk1fk1fl1.tiff,A03_s04,3,low,,3_low,test
HepatoPAC Islands 20260413,A03,5,r01c03f05p01-ch1sk1fk1fl1.tiff,r01c03f05p01-ch6sk1fk1fl1.tiff,r01c03f05p01-ch2sk1fk1fl1.tiff,r01c03f05p01-ch5sk1fk1fl1.tiff,r01c03f05p01-ch3sk1fk1fl1.tiff,r01c03f05p01-ch4sk1fk1fl1.tiff,A03_s05,3,low,,3_low,test
HepatoPAC Islands 20260413,A03,6,r01c03f06p01-ch1sk1fk1fl1.tiff,r01c03f06p01-ch6sk1fk1fl1.tiff,r01c03f06p01-ch2sk1fk1fl1.tiff,r01c03f06p01-ch5sk1fk1fl1.tiff,r01c03f06p01-ch3sk1fk1fl1.tiff,r01c03f06p01-ch4sk1fk1fl1.tiff,A03_s06,3,low,,3_low,test
HepatoPAC Islands 20260413,A03,7,r01c03f07p01-ch1sk1fk1fl1.tiff,r01c03f07p01-ch6sk1fk1fl1.tiff,r01c03f07p01-ch2sk1fk1fl1.tiff,r01c03f07p01-ch5sk1fk1fl1.tiff,r01c03f07p01-ch3sk1fk1fl1.tiff,r01c03f07p01-ch4sk1fk1fl1.tiff,A03_s07,3,low,,3_low,test
HepatoPAC Islands 20260413,A03,8,r01c03f08p01-ch1sk1fk1fl1.tiff,r01c03f08p01-ch6sk1fk1fl1.tiff,r01c03f08p01-ch2sk1fk1fl1.tiff,r01c03f08p01-ch5sk1fk1fl1.tiff,r01c03f08p01-ch3sk1fk1fl1.tiff,r01c03f08p01-ch4sk1fk1fl1.tiff,A03_s08,3,low,,3_low,test
HepatoPAC Islands 20260413,A03,9,r01c03f09p01-ch1sk1fk1fl1.tiff,r01c03f09p01-ch6sk1fk1fl1.tiff,r01c03f09p01-ch2sk1fk1fl1.tiff,r01c03f09p01-ch5sk1fk1fl1.tiff,r01c03f09p01-ch3sk1fk1fl1.tiff,r01c03f09p01-ch4sk1fk1fl1.tiff,A03_s09,3,low,,3_low,test
HepatoPAC Islands 20260413,A03,10,r01c03f10p01-ch1sk1fk1fl1.tiff,r01c03f10p01-ch6sk1fk1fl1.tiff,r01c03f10p01-ch2sk1fk1fl1.tiff,r01c03f10p01-ch5sk1fk1fl1.tiff,r01c03f10p01-ch3sk1fk1fl1.tiff,r01c03f10p01-ch4sk1fk1fl1.tiff,A03_s10,3,low,,3_low,test
HepatoPAC Islands 20260413,A03,11,r01c03f11p01-ch1sk1fk1fl1.tiff,r01c03f11p01-ch6sk1fk1fl1.tiff,r01c03f11p01-ch2sk1fk1fl1.tiff,r01c03f11p01-ch5sk1fk1fl1.tiff,r01c03f11p01-ch3sk1fk1fl1.tiff,r01c03f11p01-ch4sk1fk1fl1.tiff,A03_s11,3,low,,3_low,test
HepatoPAC Islands 20260413,A03,12,r01c03f12p01-ch1sk1fk1fl1.tiff,r01c03f12p01-ch6sk1fk1fl1.tiff,r01c03f12p01-ch2sk1fk1fl1.tiff,r01c03f12p01-ch5sk1fk1fl1.tiff,r01c03f12p01-ch3sk1fk1fl1.tiff,r01c03f12p01-ch4sk1fk1fl1.tiff,A03_s12,3,low,,3_low,test
HepatoPAC Islands 20260413,A03,13,r01c03f13p01-ch1sk1fk1fl1.tiff,r01c03f13p01-ch6sk1fk1fl1.tiff,r01c03f13p01-ch2sk1fk1fl1.tiff,r01c03f13p01-ch5sk1fk1fl1.tiff,r01c03f13p01-ch3sk1fk1fl1.tiff,r01c03f13p01-ch4sk1fk1fl1.tiff,A03_s13,3,low,,3_low,test
HepatoPAC Islands 20260413,A03,14,r01c03f14p01-ch1sk1fk1fl1.tiff,r01c03f14p01-ch6sk1fk1fl1.tiff,r01c03f14p01-ch2sk1fk1fl1.tiff,r01c03f14p01-ch5sk1fk1fl1.tiff,r01c03f14p01-ch3sk1fk1fl1.tiff,r01c03f14p01-ch4sk1fk1fl1.tiff,A03_s14,3,low,,3_low,test
HepatoPAC Islands 20260413,A03,15,r01c03f15p01-ch1sk1fk1fl1.tiff,r01c03f15p01-ch6sk1fk1fl1.tiff,r01c03f15p01-ch2sk1fk1fl1.tiff,r01c03f15p01-ch5sk1fk1fl1.tiff,r01c03f15p01-ch3sk1fk1fl1.tiff,r01c03f15p01-ch4sk1fk1fl1.tiff,A03_s15,3,low,,3_low,test
HepatoPAC Islands 20260413,A03,16,r01c03f16p01-ch1sk1fk1fl1.tiff,r01c03f16p01-ch6sk1fk1fl1.tiff,r01c03f16p01-ch2sk1fk1fl1.tiff,r01c03f16p01-ch5sk1fk1fl1.tiff,r01c03f16p01-ch3sk1fk1fl1.tiff,r01c03f16p01-ch4sk1fk1fl1.tiff,A03_s16,3,low,,3_low,test
HepatoPAC Islands 20260413,A03,17,r01c03f17p01-ch1sk1fk1fl1.tiff,r01c03f17p01-ch6sk1fk1fl1.tiff,r01c03f17p01-ch2sk1fk1fl1.tiff,r01c03f17p01-ch5sk1fk1fl1.tiff,r01c03f17p01-ch3sk1fk1fl1.tiff,r01c03f17p01-ch4sk1fk1fl1.tiff,A03_s17,3,low,,3_low,test
HepatoPAC Islands 20260413,A03,18,r01c03f18p01-ch1sk1fk1fl1.tiff,r01c03f18p01-ch6sk1fk1fl1.tiff,r01c03f18p01-ch2sk1fk1fl1.tiff,r01c03f18p01-ch5sk1fk1fl1.tiff,r01c03f18p01-ch3sk1fk1fl1.tiff,r01c03f18p01-ch4sk1fk1fl1.tiff,A03_s18,3,low,,3_low,test
HepatoPAC Islands 20260413,A03,19,r01c03f19p01-ch1sk1fk1fl1.tiff,r01c03f19p01-ch6sk1fk1fl1.tiff,r01c03f19p01-ch2sk1fk1fl1.tiff,r01c03f19p01-ch5sk1fk1fl1.tiff,r01c03f19p01-ch3sk1fk1fl1.tiff,r01c03f19p01-ch4sk1fk1fl1.tiff,A03_s19,3,low,,3_low,test
HepatoPAC Islands 20260413,A03,20,r01c03f20p01-ch1sk1fk1fl1.tiff,r01c03f20p01-ch6sk1fk1fl1.tiff,r01c03f20p01-ch2sk1fk1fl1.tiff,r01c03f20p01-ch5sk1fk1fl1.tiff,r01c03f20p01-ch3sk1fk1fl1.tiff,r01c03f20p01-ch4sk1fk1fl1.tiff,A03_s20,3,low,,3_low,test
HepatoPAC Islands 20260413,A03,21,r01c03f21p01-ch1sk1fk1fl1.tiff,r01c03f21p01-ch6sk1fk1fl1.tiff,r01c03f21p01-ch2sk1fk1fl1.tiff,r01c03f21p01-ch5sk1fk1fl1.tiff,r01c03f21p01-ch3sk1fk1fl1.tiff,r01c03f21p01-ch4sk1fk1fl1.tiff,A03_s21,3,low,,3_low,test
HepatoPAC Islands 20260413,A03,22,r01c03f22p01-ch1sk1fk1fl1.tiff,r01c03f22p01-ch6sk1fk1fl1.tiff,r01c03f22p01-ch2sk1fk1fl1.tiff,r01c03f22p01-ch5sk1fk1fl1.tiff,r01c03f22p01-ch3sk1fk1fl1.tiff,r01c03f22p01-ch4sk1fk1fl1.tiff,A03_s22,3,low,,3_low,test
HepatoPAC Islands 20260413,A03,23,r01c03f23p01-ch1sk1fk1fl1.tiff,r01c03f23p01-ch6sk1fk1fl1.tiff,r01c03f23p01-ch2sk1fk1fl1.tiff,r01c03f23p01-ch5sk1fk1fl1.tiff,r01c03f23p01-ch3sk1fk1fl1.tiff,r01c03f23p01-ch4sk1fk1fl1.tiff,A03_s23,3,low,,3_low,test
HepatoPAC Islands 20260413,A03,24,r01c03f24p01-ch1sk1fk1fl1.tiff,r01c03f24p01-ch6sk1fk1fl1.tiff,r01c03f24p01-ch2sk1fk1fl1.tiff,r01c03f24p01-ch5sk1fk1fl1.tiff,r01c03f24p01-ch3sk1fk1fl1.tiff,r01c03f24p01-ch4sk1fk1fl1.tiff,A03_s24,3,low,,3_low,test
HepatoPAC Islands 20260413,A03,25,r01c03f25p01-ch1sk1fk1fl1.tiff,r01c03f25p01-ch6sk1fk1fl1.tiff,r01c03f25p01-ch2sk1fk1fl1.tiff,r01c03f25p01-ch5sk1fk1fl1.tiff,r01c03f25p01-ch3sk1fk1fl1.tiff,r01c03f25p01-ch4sk1fk1fl1.tiff,A03_s25,3,low,,3_low,test
HepatoPAC Islands 20260413,A03,26,r01c03f26p01-ch1sk1fk1fl1.tiff,r01c03f26p01-ch6sk1fk1fl1.tiff,r01c03f26p01-ch2sk1fk1fl1.tiff,r01c03f26p01-ch5sk1fk1fl1.tiff,r01c03f26p01-ch3sk1fk1fl1.tiff,r01c03f26p01-ch4sk1fk1fl1.tiff,A03_s26,3,low,,3_low,test
HepatoPAC Islands 20260413,A03,27,r01c03f27p01-ch1sk1fk1fl1.tiff,r01c03f27p01-ch6sk1fk1fl1.tiff,r01c03f27p01-ch2sk1fk1fl1.tiff,r01c03f27p01-ch5sk1fk1fl1.tiff,r01c03f27p01-ch3sk1fk1fl1.tiff,r01c03f27p01-ch4sk1fk1fl1.tiff,A03_s27,3,low,,3_low,test
HepatoPAC Islands 20260413,A03,28,r01c03f28p01-ch1sk1fk1fl1.tiff,r01c03f28p01-ch6sk1fk1fl1.tiff,r01c03f28p01-ch2sk1fk1fl1.tiff,r01c03f28p01-ch5sk1fk1fl1.tiff,r01c03f28p01-ch3sk1fk1fl1.tiff,r01c03f28p01-ch4sk1fk1fl1.tiff,A03_s28,3,low,,3_low,test
HepatoPAC Islands 20260413,A03,29,r01c03f29p01-ch1sk1fk1fl1.tiff,r01c03f29p01-ch6sk1fk1fl1.tiff,r01c03f29p01-ch2sk1fk1fl1.tiff,r01c03f29p01-ch5sk1fk1fl1.tiff,r01c03f29p01-ch3sk1fk1fl1.tiff,r01c03f29p01-ch4sk1fk1fl1.tiff,A03_s29,3,low,,3_low,test
HepatoPAC Islands 20260413,A03,30,r01c03f30p01-ch1sk1fk1fl1.tiff,r01c03f30p01-ch6sk1fk1fl1.tiff,r01c03f30p01-ch2sk1fk1fl1.tiff,r01c03f30p01-ch5sk1fk1fl1.tiff,r01c03f30p01-ch3sk1fk1fl1.tiff,r01c03f30p01-ch4sk1fk1fl1.tiff,A03_s30,3,low,,3_low,test
HepatoPAC Islands 20260413,A03,31,r01c03f31p01-ch1sk1fk1fl1.tiff,r01c03f31p01-ch6sk1fk1fl1.tiff,r01c03f31p01-ch2sk1fk1fl1.tiff,r01c03f31p01-ch5sk1fk1fl1.tiff,r01c03f31p01-ch3sk1fk1fl1.tiff,r01c03f31p01-ch4sk1fk1fl1.tiff,A03_s31,3,low,,3_low,test
HepatoPAC Islands 20260413,A03,32,r01c03f32p01-ch1sk1fk1fl1.tiff,r01c03f32p01-ch6sk1fk1fl1.tiff,r01c03f32p01-ch2sk1fk1fl1.tiff,r01c03f32p01-ch5sk1fk1fl1.tiff,r01c03f32p01-ch3sk1fk1fl1.tiff,r01c03f32p01-ch4sk1fk1fl1.tiff,A03_s32,3,low,,3_low,test
HepatoPAC Islands 20260413,A03,33,r01c03f33p01-ch1sk1fk1fl1.tiff,r01c03f33p01-ch6sk1fk1fl1.tiff,r01c03f33p01-ch2sk1fk1fl1.tiff,r01c03f33p01-ch5sk1fk1fl1.tiff,r01c03f33p01-ch3sk1fk1fl1.tiff,r01c03f33p01-ch4sk1fk1fl1.tiff,A03_s33,3,low,,3_low,test
HepatoPAC Islands 20260413,A03,34,r01c03f34p01-ch1sk1fk1fl1.tiff,r01c03f34p01-ch6sk1fk1fl1.tiff,r01c03f34p01-ch2sk1fk1fl1.tiff,r01c03f34p01-ch5sk1fk1fl1.tiff,r01c03f34p01-ch3sk1fk1fl1.tiff,r01c03f34p01-ch4sk1fk1fl1.tiff,A03_s34,3,low,,3_low,test
HepatoPAC Islands 20260413,A03,35,r01c03f35p01-ch1sk1fk1fl1.tiff,r01c03f35p01-ch6sk1fk1fl1.tiff,r01c03f35p01-ch2sk1fk1fl1.tiff,r01c03f35p01-ch5sk1fk1fl1.tiff,r01c03f35p01-ch3sk1fk1fl1.tiff,r01c03f35p01-ch4sk1fk1fl1.tiff,A03_s35,3,low,,3_low,test
HepatoPAC Islands 20260413,A03,36,r01c03f36p01-ch1sk1fk1fl1.tiff,r01c03f36p01-ch6sk1fk1fl1.tiff,r01c03f36p01-ch2sk1fk1fl1.tiff,r01c03f36p01-ch5sk1fk1fl1.tiff,r01c03f36p01-ch3sk1fk1fl1.tiff,r01c03f36p01-ch4sk1fk1fl1.tiff,A03_s36,3,low,,3_low,test
HepatoPAC Islands 20260413,A03,37,r01c03f37p01-ch1sk1fk1fl1.tiff,r01c03f37p01-ch6sk1fk1fl1.tiff,r01c03f37p01-ch2sk1fk1fl1.tiff,r01c03f37p01-ch5sk1fk1fl1.tiff,r01c03f37p01-ch3sk1fk1fl1.tiff,r01c03f37p01-ch4sk1fk1fl1.tiff,A03_s37,3,low,,3_low,test
HepatoPAC Islands 20260413,A03,38,r01c03f38p01-ch1sk1fk1fl1.tiff,r01c03f38p01-ch6sk1fk1fl1.tiff,r01c03f38p01-ch2sk1fk1fl1.tiff,r01c03f38p01-ch5sk1fk1fl1.tiff,r01c03f38p01-ch3sk1fk1fl1.tiff,r01c03f38p01-ch4sk1fk1fl1.tiff,A03_s38,3,low,,3_low,test
HepatoPAC Islands 20260413,A03,39,r01c03f39p01-ch1sk1fk1fl1.tiff,r01c03f39p01-ch6sk1fk1fl1.tiff,r01c03f39p01-ch2sk1fk1fl1.tiff,r01c03f39p01-ch5sk1fk1fl1.tiff,r01c03f39p01-ch3sk1fk1fl1.tiff,r01c03f39p01-ch4sk1fk1fl1.tiff,A03_s39,3,low,,3_low,test
HepatoPAC Islands 20260413,A03,40,r01c03f40p01-ch1sk1fk1fl1.tiff,r01c03f40p01-ch6sk1fk1fl1.tiff,r01c03f40p01-ch2sk1fk1fl1.tiff,r01c03f40p01-ch5sk1fk1fl1.tiff,r01c03f40p01-ch3sk1fk1fl1.tiff,r01c03f40p01-ch4sk1fk1fl1.tiff,A03_s40,3,low,,3_low,test
HepatoPAC Islands 20260413,A03,41,r01c03f41p01-ch1sk1fk1fl1.tiff,r01c03f41p01-ch6sk1fk1fl1.tiff,r01c03f41p01-ch2sk1fk1fl1.tiff,r01c03f41p01-ch5sk1fk1fl1.tiff,r01c03f41p01-ch3sk1fk1fl1.tiff,r01c03f41p01-ch4sk1fk1fl1.tiff,A03_s41,3,low,,3_low,test
HepatoPAC Islands 20260413,A03,42,r01c03f42p01-ch1sk1fk1fl1.tiff,r01c03f42p01-ch6sk1fk1fl1.tiff,r01c03f42p01-ch2sk1fk1fl1.tiff,r01c03f42p01-ch5sk1fk1fl1.tiff,r01c03f42p01-ch3sk1fk1fl1.tiff,r01c03f42p01-ch4sk1fk1fl1.tiff,A03_s42,3,low,,3_low,test
HepatoPAC Islands 20260413,A03,43,r01c03f43p01-ch1sk1fk1fl1.tiff,r01c03f43p01-ch6sk1fk1fl1.tiff,r01c03f43p01-ch2sk1fk1fl1.tiff,r01c03f43p01-ch5sk1fk1fl1.tiff,r01c03f43p01-ch3sk1fk1fl1.tiff,r01c03f43p01-ch4sk1fk1fl1.tiff,A03_s43,3,low,,3_low,test
HepatoPAC Islands 20260413,A03,44,r01c03f44p01-ch1sk1fk1fl1.tiff,r01c03f44p01-ch6sk1fk1fl1.tiff,r01c03f44p01-ch2sk1fk1fl1.tiff,r01c03f44p01-ch5sk1fk1fl1.tiff,r01c03f44p01-ch3sk1fk1fl1.tiff,r01c03f44p01-ch4sk1fk1fl1.tiff,A03_s44,3,low,,3_low,test
HepatoPAC Islands 20260413,A03,45,r01c03f45p01-ch1sk1fk1fl1.tiff,r01c03f45p01-ch6sk1fk1fl1.tiff,r01c03f45p01-ch2sk1fk1fl1.tiff,r01c03f45p01-ch5sk1fk1fl1.tiff,r01c03f45p01-ch3sk1fk1fl1.tiff,r01c03f45p01-ch4sk1fk1fl1.tiff,A03_s45,3,low,,3_low,test
HepatoPAC Islands 20260413,A03,46,r01c03f46p01-ch1sk1fk1fl1.tiff,r01c03f46p01-ch6sk1fk1fl1.tiff,r01c03f46p01-ch2sk1fk1fl1.tiff,r01c03f46p01-ch5sk1fk1fl1.tiff,r01c03f46p01-ch3sk1fk1fl1.tiff,r01c03f46p01-ch4sk1fk1fl1.tiff,A03_s46,3,low,,3_low,test
HepatoPAC Islands 20260413,A03,47,r01c03f47p01-ch1sk1fk1fl1.tiff,r01c03f47p01-ch6sk1fk1fl1.tiff,r01c03f47p01-ch2sk1fk1fl1.tiff,r01c03f47p01-ch5sk1fk1fl1.tiff,r01c03f47p01-ch3sk1fk1fl1.tiff,r01c03f47p01-ch4sk1fk1fl1.tiff,A03_s47,3,low,,3_low,test
HepatoPAC Islands 20260413,A03,48,r01c03f48p01-ch1sk1fk1fl1.tiff,r01c03f48p01-ch6sk1fk1fl1.tiff,r01c03f48p01-ch2sk1fk1fl1.tiff,r01c03f48p01-ch5sk1fk1fl1.tiff,r01c03f48p01-ch3sk1fk1fl1.tiff,r01c03f48p01-ch4sk1fk1fl1.tiff,A03_s48,3,low,,3_low,test
HepatoPAC Islands 20260413,A03,49,r01c03f49p01-ch1sk1fk1fl1.tiff,r01c03f49p01-ch6sk1fk1fl1.tiff,r01c03f49p01-ch2sk1fk1fl1.tiff,r01c03f49p01-ch5sk1fk1fl1.tiff,r01c03f49p01-ch3sk1fk1fl1.tiff,r01c03f49p01-ch4sk1fk1fl1.tiff,A03_s49,3,low,,3_low,test
HepatoPAC Islands 20260413,A04,1,r01c04f01p01-ch1sk1fk1fl1.tiff,r01c04f01p01-ch6sk1fk1fl1.tiff,r01c04f01p01-ch2sk1fk1fl1.tiff,r01c04f01p01-ch5sk1fk1fl1.tiff,r01c04f01p01-ch3sk1fk1fl1.tiff,r01c04f01p01-ch4sk1fk1fl1.tiff,A04_s01,4,low,,4_low,test
HepatoPAC Islands 20260413,A04,2,r01c04f02p01-ch1sk1fk1fl1.tiff,r01c04f02p01-ch6sk1fk1fl1.tiff,r01c04f02p01-ch2sk1fk1fl1.tiff,r01c04f02p01-ch5sk1fk1fl1.tiff,r01c04f02p01-ch3sk1fk1fl1.tiff,r01c04f02p01-ch4sk1fk1fl1.tiff,A04_s02,4,low,,4_low,test
HepatoPAC Islands 20260413,A04,3,r01c04f03p01-ch1sk1fk1fl1.tiff,r01c04f03p01-ch6sk1fk1fl1.tiff,r01c04f03p01-ch2sk1fk1fl1.tiff,r01c04f03p01-ch5sk1fk1fl1.tiff,r01c04f03p01-ch3sk1fk1fl1.tiff,r01c04f03p01-ch4sk1fk1fl1.tiff,A04_s03,4,low,,4_low,test
HepatoPAC Islands 20260413,A04,4,r01c04f04p01-ch1sk1fk1fl1.tiff,r01c04f04p01-ch6sk1fk1fl1.tiff,r01c04f04p01-ch2sk1fk1fl1.tiff,r01c04f04p01-ch5sk1fk1fl1.tiff,r01c04f04p01-ch3sk1fk1fl1.tiff,r01c04f04p01-ch4sk1fk1fl1.tiff,A04_s04,4,low,,4_low,test
HepatoPAC Islands 20260413,A04,5,r01c04f05p01-ch1sk1fk1fl1.tiff,r01c04f05p01-ch6sk1fk1fl1.tiff,r01c04f05p01-ch2sk1fk1fl1.tiff,r01c04f05p01-ch5sk1fk1fl1.tiff,r01c04f05p01-ch3sk1fk1fl1.tiff,r01c04f05p01-ch4sk1fk1fl1.tiff,A04_s05,4,low,,4_low,test
HepatoPAC Islands 20260413,A04,6,r01c04f06p01-ch1sk1fk1fl1.tiff,r01c04f06p01-ch6sk1fk1fl1.tiff,r01c04f06p01-ch2sk1fk1fl1.tiff,r01c04f06p01-ch5sk1fk1fl1.tiff,r01c04f06p01-ch3sk1fk1fl1.tiff,r01c04f06p01-ch4sk1fk1fl1.tiff,A04_s06,4,low,,4_low,test
HepatoPAC Islands 20260413,A04,7,r01c04f07p01-ch1sk1fk1fl1.tiff,r01c04f07p01-ch6sk1fk1fl1.tiff,r01c04f07p01-ch2sk1fk1fl1.tiff,r01c04f07p01-ch5sk1fk1fl1.tiff,r01c04f07p01-ch3sk1fk1fl1.tiff,r01c04f07p01-ch4sk1fk1fl1.tiff,A04_s07,4,low,,4_low,test
HepatoPAC Islands 20260413,A04,8,r01c04f08p01-ch1sk1fk1fl1.tiff,r01c04f08p01-ch6sk1fk1fl1.tiff,r01c04f08p01-ch2sk1fk1fl1.tiff,r01c04f08p01-ch5sk1fk1fl1.tiff,r01c04f08p01-ch3sk1fk1fl1.tiff,r01c04f08p01-ch4sk1fk1fl1.tiff,A04_s08,4,low,,4_low,test
HepatoPAC Islands 20260413,A04,9,r01c04f09p01-ch1sk1fk1fl1.tiff,r01c04f09p01-ch6sk1fk1fl1.tiff,r01c04f09p01-ch2sk1fk1fl1.tiff,r01c04f09p01-ch5sk1fk1fl1.tiff,r01c04f09p01-ch3sk1fk1fl1.tiff,r01c04f09p01-ch4sk1fk1fl1.tiff,A04_s09,4,low,,4_low,test
HepatoPAC Islands 20260413,A04,10,r01c04f10p01-ch1sk1fk1fl1.tiff,r01c04f10p01-ch6sk1fk1fl1.tiff,r01c04f10p01-ch2sk1fk1fl1.tiff,r01c04f10p01-ch5sk1fk1fl1.tiff,r01c04f10p01-ch3sk1fk1fl1.tiff,r01c04f10p01-ch4sk1fk1fl1.tiff,A04_s10,4,low,,4_low,test
HepatoPAC Islands 20260413,A04,11,r01c04f11p01-ch1sk1fk1fl1.tiff,r01c04f11p01-ch6sk1fk1fl1.tiff,r01c04f11p01-ch2sk1fk1fl1.tiff,r01c04f11p01-ch5sk1fk1fl1.tiff,r01c04f11p01-ch3sk1fk1fl1.tiff,r01c04f11p01-ch4sk1fk1fl1.tiff,A04_s11,4,low,,4_low,test
HepatoPAC Islands 20260413,A04,12,r01c04f12p01-ch1sk1fk1fl1.tiff,r01c04f12p01-ch6sk1fk1fl1.tiff,r01c04f12p01-ch2sk1fk1fl1.tiff,r01c04f12p01-ch5sk1fk1fl1.tiff,r01c04f12p01-ch3sk1fk1fl1.tiff,r01c04f12p01-ch4sk1fk1fl1.tiff,A04_s12,4,low,,4_low,test
HepatoPAC Islands 20260413,A04,13,r01c04f13p01-ch1sk1fk1fl1.tiff,r01c04f13p01-ch6sk1fk1fl1.tiff,r01c04f13p01-ch2sk1fk1fl1.tiff,r01c04f13p01-ch5sk1fk1fl1.tiff,r01c04f13p01-ch3sk1fk1fl1.tiff,r01c04f13p01-ch4sk1fk1fl1.tiff,A04_s13,4,low,,4_low,test
HepatoPAC Islands 20260413,A04,14,r01c04f14p01-ch1sk1fk1fl1.tiff,r01c04f14p01-ch6sk1fk1fl1.tiff,r01c04f14p01-ch2sk1fk1fl1.tiff,r01c04f14p01-ch5sk1fk1fl1.tiff,r01c04f14p01-ch3sk1fk1fl1.tiff,r01c04f14p01-ch4sk1fk1fl1.tiff,A04_s14,4,low,,4_low,test
HepatoPAC Islands 20260413,A04,15,r01c04f15p01-ch1sk1fk1fl1.tiff,r01c04f15p01-ch6sk1fk1fl1.tiff,r01c04f15p01-ch2sk1fk1fl1.tiff,r01c04f15p01-ch5sk1fk1fl1.tiff,r01c04f15p01-ch3sk1fk1fl1.tiff,r01c04f15p01-ch4sk1fk1fl1.tiff,A04_s15,4,low,,4_low,test
HepatoPAC Islands 20260413,A04,16,r01c04f16p01-ch1sk1fk1fl1.tiff,r01c04f16p01-ch6sk1fk1fl1.tiff,r01c04f16p01-ch2sk1fk1fl1.tiff,r01c04f16p01-ch5sk1fk1fl1.tiff,r01c04f16p01-ch3sk1fk1fl1.tiff,r01c04f16p01-ch4sk1fk1fl1.tiff,A04_s16,4,low,,4_low,test
HepatoPAC Islands 20260413,A04,17,r01c04f17p01-ch1sk1fk1fl1.tiff,r01c04f17p01-ch6sk1fk1fl1.tiff,r01c04f17p01-ch2sk1fk1fl1.tiff,r01c04f17p01-ch5sk1fk1fl1.tiff,r01c04f17p01-ch3sk1fk1fl1.tiff,r01c04f17p01-ch4sk1fk1fl1.tiff,A04_s17,4,low,,4_low,test
HepatoPAC Islands 20260413,A04,18,r01c04f18p01-ch1sk1fk1fl1.tiff,r01c04f18p01-ch6sk1fk1fl1.tiff,r01c04f18p01-ch2sk1fk1fl1.tiff,r01c04f18p01-ch5sk1fk1fl1.tiff,r01c04f18p01-ch3sk1fk1fl1.tiff,r01c04f18p01-ch4sk1fk1fl1.tiff,A04_s18,4,low,,4_low,test
HepatoPAC Islands 20260413,A04,19,r01c04f19p01-ch1sk1fk1fl1.tiff,r01c04f19p01-ch6sk1fk1fl1.tiff,r01c04f19p01-ch2sk1fk1fl1.tiff,r01c04f19p01-ch5sk1fk1fl1.tiff,r01c04f19p01-ch3sk1fk1fl1.tiff,r01c04f19p01-ch4sk1fk1fl1.tiff,A04_s19,4,low,,4_low,test
HepatoPAC Islands 20260413,A04,20,r01c04f20p01-ch1sk1fk1fl1.tiff,r01c04f20p01-ch6sk1fk1fl1.tiff,r01c04f20p01-ch2sk1fk1fl1.tiff,r01c04f20p01-ch5sk1fk1fl1.tiff,r01c04f20p01-ch3sk1fk1fl1.tiff,r01c04f20p01-ch4sk1fk1fl1.tiff,A04_s20,4,low,,4_low,test
HepatoPAC Islands 20260413,A04,21,r01c04f21p01-ch1sk1fk1fl1.tiff,r01c04f21p01-ch6sk1fk1fl1.tiff,r01c04f21p01-ch2sk1fk1fl1.tiff,r01c04f21p01-ch5sk1fk1fl1.tiff,r01c04f21p01-ch3sk1fk1fl1.tiff,r01c04f21p01-ch4sk1fk1fl1.tiff,A04_s21,4,low,,4_low,test
HepatoPAC Islands 20260413,A04,22,r01c04f22p01-ch1sk1fk1fl1.tiff,r01c04f22p01-ch6sk1fk1fl1.tiff,r01c04f22p01-ch2sk1fk1fl1.tiff,r01c04f22p01-ch5sk1fk1fl1.tiff,r01c04f22p01-ch3sk1fk1fl1.tiff,r01c04f22p01-ch4sk1fk1fl1.tiff,A04_s22,4,low,,4_low,test
HepatoPAC Islands 20260413,A04,23,r01c04f23p01-ch1sk1fk1fl1.tiff,r01c04f23p01-ch6sk1fk1fl1.tiff,r01c04f23p01-ch2sk1fk1fl1.tiff,r01c04f23p01-ch5sk1fk1fl1.tiff,r01c04f23p01-ch3sk1fk1fl1.tiff,r01c04f23p01-ch4sk1fk1fl1.tiff,A04_s23,4,low,,4_low,test
HepatoPAC Islands 20260413,A04,24,r01c04f24p01-ch1sk1fk1fl1.tiff,r01c04f24p01-ch6sk1fk1fl1.tiff,r01c04f24p01-ch2sk1fk1fl1.tiff,r01c04f24p01-ch5sk1fk1fl1.tiff,r01c04f24p01-ch3sk1fk1fl1.tiff,r01c04f24p01-ch4sk1fk1fl1.tiff,A04_s24,4,low,,4_low,test
HepatoPAC Islands 20260413,A04,25,r01c04f25p01-ch1sk1fk1fl1.tiff,r01c04f25p01-ch6sk1fk1fl1.tiff,r01c04f25p01-ch2sk1fk1fl1.tiff,r01c04f25p01-ch5sk1fk1fl1.tiff,r01c04f25p01-ch3sk1fk1fl1.tiff,r01c04f25p01-ch4sk1fk1fl1.tiff,A04_s25,4,low,,4_low,test
HepatoPAC Islands 20260413,A04,26,r01c04f26p01-ch1sk1fk1fl1.tiff,r01c04f26p01-ch6sk1fk1fl1.tiff,r01c04f26p01-ch2sk1fk1fl1.tiff,r01c04f26p01-ch5sk1fk1fl1.tiff,r01c04f26p01-ch3sk1fk1fl1.tiff,r01c04f26p01-ch4sk1fk1fl1.tiff,A04_s26,4,low,,4_low,test
HepatoPAC Islands 20260413,A04,27,r01c04f27p01-ch1sk1fk1fl1.tiff,r01c04f27p01-ch6sk1fk1fl1.tiff,r01c04f27p01-ch2sk1fk1fl1.tiff,r01c04f27p01-ch5sk1fk1fl1.tiff,r01c04f27p01-ch3sk1fk1fl1.tiff,r01c04f27p01-ch4sk1fk1fl1.tiff,A04_s27,4,low,,4_low,test
HepatoPAC Islands 20260413,A04,28,r01c04f28p01-ch1sk1fk1fl1.tiff,r01c04f28p01-ch6sk1fk1fl1.tiff,r01c04f28p01-ch2sk1fk1fl1.tiff,r01c04f28p01-ch5sk1fk1fl1.tiff,r01c04f28p01-ch3sk1fk1fl1.tiff,r01c04f28p01-ch4sk1fk1fl1.tiff,A04_s28,4,low,,4_low,test
HepatoPAC Islands 20260413,A04,29,r01c04f29p01-ch1sk1fk1fl1.tiff,r01c04f29p01-ch6sk1fk1fl1.tiff,r01c04f29p01-ch2sk1fk1fl1.tiff,r01c04f29p01-ch5sk1fk1fl1.tiff,r01c04f29p01-ch3sk1fk1fl1.tiff,r01c04f29p01-ch4sk1fk1fl1.tiff,A04_s29,4,low,,4_low,test
HepatoPAC Islands 20260413,A04,30,r01c04f30p01-ch1sk1fk1fl1.tiff,r01c04f30p01-ch6sk1fk1fl1.tiff,r01c04f30p01-ch2sk1fk1fl1.tiff,r01c04f30p01-ch5sk1fk1fl1.tiff,r01c04f30p01-ch3sk1fk1fl1.tiff,r01c04f30p01-ch4sk1fk1fl1.tiff,A04_s30,4,low,,4_low,test
HepatoPAC Islands 20260413,A04,31,r01c04f31p01-ch1sk1fk1fl1.tiff,r01c04f31p01-ch6sk1fk1fl1.tiff,r01c04f31p01-ch2sk1fk1fl1.tiff,r01c04f31p01-ch5sk1fk1fl1.tiff,r01c04f31p01-ch3sk1fk1fl1.tiff,r01c04f31p01-ch4sk1fk1fl1.tiff,A04_s31,4,low,,4_low,test
HepatoPAC Islands 20260413,A04,32,r01c04f32p01-ch1sk1fk1fl1.tiff,r01c04f32p01-ch6sk1fk1fl1.tiff,r01c04f32p01-ch2sk1fk1fl1.tiff,r01c04f32p01-ch5sk1fk1fl1.tiff,r01c04f32p01-ch3sk1fk1fl1.tiff,r01c04f32p01-ch4sk1fk1fl1.tiff,A04_s32,4,low,,4_low,test
HepatoPAC Islands 20260413,A04,33,r01c04f33p01-ch1sk1fk1fl1.tiff,r01c04f33p01-ch6sk1fk1fl1.tiff,r01c04f33p01-ch2sk1fk1fl1.tiff,r01c04f33p01-ch5sk1fk1fl1.tiff,r01c04f33p01-ch3sk1fk1fl1.tiff,r01c04f33p01-ch4sk1fk1fl1.tiff,A04_s33,4,low,,4_low,test
HepatoPAC Islands 20260413,A04,34,r01c04f34p01-ch1sk1fk1fl1.tiff,r01c04f34p01-ch6sk1fk1fl1.tiff,r01c04f34p01-ch2sk1fk1fl1.tiff,r01c04f34p01-ch5sk1fk1fl1.tiff,r01c04f34p01-ch3sk1fk1fl1.tiff,r01c04f34p01-ch4sk1fk1fl1.tiff,A04_s34,4,low,,4_low,test
HepatoPAC Islands 20260413,A04,35,r01c04f35p01-ch1sk1fk1fl1.tiff,r01c04f35p01-ch6sk1fk1fl1.tiff,r01c04f35p01-ch2sk1fk1fl1.tiff,r01c04f35p01-ch5sk1fk1fl1.tiff,r01c04f35p01-ch3sk1fk1fl1.tiff,r01c04f35p01-ch4sk1fk1fl1.tiff,A04_s35,4,low,,4_low,test
HepatoPAC Islands 20260413,A04,36,r01c04f36p01-ch1sk1fk1fl1.tiff,r01c04f36p01-ch6sk1fk1fl1.tiff,r01c04f36p01-ch2sk1fk1fl1.tiff,r01c04f36p01-ch5sk1fk1fl1.tiff,r01c04f36p01-ch3sk1fk1fl1.tiff,r01c04f36p01-ch4sk1fk1fl1.tiff,A04_s36,4,low,,4_low,test
HepatoPAC Islands 20260413,A04,37,r01c04f37p01-ch1sk1fk1fl1.tiff,r01c04f37p01-ch6sk1fk1fl1.tiff,r01c04f37p01-ch2sk1fk1fl1.tiff,r01c04f37p01-ch5sk1fk1fl1.tiff,r01c04f37p01-ch3sk1fk1fl1.tiff,r01c04f37p01-ch4sk1fk1fl1.tiff,A04_s37,4,low,,4_low,test
HepatoPAC Islands 20260413,A04,38,r01c04f38p01-ch1sk1fk1fl1.tiff,r01c04f38p01-ch6sk1fk1fl1.tiff,r01c04f38p01-ch2sk1fk1fl1.tiff,r01c04f38p01-ch5sk1fk1fl1.tiff,r01c04f38p01-ch3sk1fk1fl1.tiff,r01c04f38p01-ch4sk1fk1fl1.tiff,A04_s38,4,low,,4_low,test
HepatoPAC Islands 20260413,A04,39,r01c04f39p01-ch1sk1fk1fl1.tiff,r01c04f39p01-ch6sk1fk1fl1.tiff,r01c04f39p01-ch2sk1fk1fl1.tiff,r01c04f39p01-ch5sk1fk1fl1.tiff,r01c04f39p01-ch3sk1fk1fl1.tiff,r01c04f39p01-ch4sk1fk1fl1.tiff,A04_s39,4,low,,4_low,test
HepatoPAC Islands 20260413,A04,40,r01c04f40p01-ch1sk1fk1fl1.tiff,r01c04f40p01-ch6sk1fk1fl1.tiff,r01c04f40p01-ch2sk1fk1fl1.tiff,r01c04f40p01-ch5sk1fk1fl1.tiff,r01c04f40p01-ch3sk1fk1fl1.tiff,r01c04f40p01-ch4sk1fk1fl1.tiff,A04_s40,4,low,,4_low,test
HepatoPAC Islands 20260413,A04,41,r01c04f41p01-ch1sk1fk1fl1.tiff,r01c04f41p01-ch6sk1fk1fl1.tiff,r01c04f41p01-ch2sk1fk1fl1.tiff,r01c04f41p01-ch5sk1fk1fl1.tiff,r01c04f41p01-ch3sk1fk1fl1.tiff,r01c04f41p01-ch4sk1fk1fl1.tiff,A04_s41,4,low,,4_low,test
HepatoPAC Islands 20260413,A04,42,r01c04f42p01-ch1sk1fk1fl1.tiff,r01c04f42p01-ch6sk1fk1fl1.tiff,r01c04f42p01-ch2sk1fk1fl1.tiff,r01c04f42p01-ch5sk1fk1fl1.tiff,r01c04f42p01-ch3sk1fk1fl1.tiff,r01c04f42p01-ch4sk1fk1fl1.tiff,A04_s42,4,low,,4_low,test
HepatoPAC Islands 20260413,A04,43,r01c04f43p01-ch1sk1fk1fl1.tiff,r01c04f43p01-ch6sk1fk1fl1.tiff,r01c04f43p01-ch2sk1fk1fl1.tiff,r01c04f43p01-ch5sk1fk1fl1.tiff,r01c04f43p01-ch3sk1fk1fl1.tiff,r01c04f43p01-ch4sk1fk1fl1.tiff,A04_s43,4,low,,4_low,test
HepatoPAC Islands 20260413,A04,44,r01c04f44p01-ch1sk1fk1fl1.tiff,r01c04f44p01-ch6sk1fk1fl1.tiff,r01c04f44p01-ch2sk1fk1fl1.tiff,r01c04f44p01-ch5sk1fk1fl1.tiff,r01c04f44p01-ch3sk1fk1fl1.tiff,r01c04f44p01-ch4sk1fk1fl1.tiff,A04_s44,4,low,,4_low,test
HepatoPAC Islands 20260413,A04,45,r01c04f45p01-ch1sk1fk1fl1.tiff,r01c04f45p01-ch6sk1fk1fl1.tiff,r01c04f45p01-ch2sk1fk1fl1.tiff,r01c04f45p01-ch5sk1fk1fl1.tiff,r01c04f45p01-ch3sk1fk1fl1.tiff,r01c04f45p01-ch4sk1fk1fl1.tiff,A04_s45,4,low,,4_low,test
HepatoPAC Islands 20260413,A04,46,r01c04f46p01-ch1sk1fk1fl1.tiff,r01c04f46p01-ch6sk1fk1fl1.tiff,r01c04f46p01-ch2sk1fk1fl1.tiff,r01c04f46p01-ch5sk1fk1fl1.tiff,r01c04f46p01-ch3sk1fk1fl1.tiff,r01c04f46p01-ch4sk1fk1fl1.tiff,A04_s46,4,low,,4_low,test
HepatoPAC Islands 20260413,A04,47,r01c04f47p01-ch1sk1fk1fl1.tiff,r01c04f47p01-ch6sk1fk1fl1.tiff,r01c04f47p01-ch2sk1fk1fl1.tiff,r01c04f47p01-ch5sk1fk1fl1.tiff,r01c04f47p01-ch3sk1fk1fl1.tiff,r01c04f47p01-ch4sk1fk1fl1.tiff,A04_s47,4,low,,4_low,test
HepatoPAC Islands 20260413,A04,48,r01c04f48p01-ch1sk1fk1fl1.tiff,r01c04f48p01-ch6sk1fk1fl1.tiff,r01c04f48p01-ch2sk1fk1fl1.tiff,r01c04f48p01-ch5sk1fk1fl1.tiff,r01c04f48p01-ch3sk1fk1fl1.tiff,r01c04f48p01-ch4sk1fk1fl1.tiff,A04_s48,4,low,,4_low,test
HepatoPAC Islands 20260413,A04,49,r01c04f49p01-ch1sk1fk1fl1.tiff,r01c04f49p01-ch6sk1fk1fl1.tiff,r01c04f49p01-ch2sk1fk1fl1.tiff,r01c04f49p01-ch5sk1fk1fl1.tiff,r01c04f49p01-ch3sk1fk1fl1.tiff,r01c04f49p01-ch4sk1fk1fl1.tiff,A04_s49,4,low,,4_low,test
HepatoPAC Islands 20260413,A05,1,r01c05f01p01-ch1sk1fk1fl1.tiff,r01c05f01p01-ch6sk1fk1fl1.tiff,r01c05f01p01-ch2sk1fk1fl1.tiff,r01c05f01p01-ch5sk1fk1fl1.tiff,r01c05f01p01-ch3sk1fk1fl1.tiff,r01c05f01p01-ch4sk1fk1fl1.tiff,A05_s01,5,low,,5_low,val
HepatoPAC Islands 20260413,A05,2,r01c05f02p01-ch1sk1fk1fl1.tiff,r01c05f02p01-ch6sk1fk1fl1.tiff,r01c05f02p01-ch2sk1fk1fl1.tiff,r01c05f02p01-ch5sk1fk1fl1.tiff,r01c05f02p01-ch3sk1fk1fl1.tiff,r01c05f02p01-ch4sk1fk1fl1.tiff,A05_s02,5,low,,5_low,val
HepatoPAC Islands 20260413,A05,3,r01c05f03p01-ch1sk1fk1fl1.tiff,r01c05f03p01-ch6sk1fk1fl1.tiff,r01c05f03p01-ch2sk1fk1fl1.tiff,r01c05f03p01-ch5sk1fk1fl1.tiff,r01c05f03p01-ch3sk1fk1fl1.tiff,r01c05f03p01-ch4sk1fk1fl1.tiff,A05_s03,5,low,,5_low,val
HepatoPAC Islands 20260413,A05,4,r01c05f04p01-ch1sk1fk1fl1.tiff,r01c05f04p01-ch6sk1fk1fl1.tiff,r01c05f04p01-ch2sk1fk1fl1.tiff,r01c05f04p01-ch5sk1fk1fl1.tiff,r01c05f04p01-ch3sk1fk1fl1.tiff,r01c05f04p01-ch4sk1fk1fl1.tiff,A05_s04,5,low,,5_low,val
HepatoPAC Islands 20260413,A05,5,r01c05f05p01-ch1sk1fk1fl1.tiff,r01c05f05p01-ch6sk1fk1fl1.tiff,r01c05f05p01-ch2sk1fk1fl1.tiff,r01c05f05p01-ch5sk1fk1fl1.tiff,r01c05f05p01-ch3sk1fk1fl1.tiff,r01c05f05p01-ch4sk1fk1fl1.tiff,A05_s05,5,low,,5_low,val
HepatoPAC Islands 20260413,A05,6,r01c05f06p01-ch1sk1fk1fl1.tiff,r01c05f06p01-ch6sk1fk1fl1.tiff,r01c05f06p01-ch2sk1fk1fl1.tiff,r01c05f06p01-ch5sk1fk1fl1.tiff,r01c05f06p01-ch3sk1fk1fl1.tiff,r01c05f06p01-ch4sk1fk1fl1.tiff,A05_s06,5,low,,5_low,val
HepatoPAC Islands 20260413,A05,7,r01c05f07p01-ch1sk1fk1fl1.tiff,r01c05f07p01-ch6sk1fk1fl1.tiff,r01c05f07p01-ch2sk1fk1fl1.tiff,r01c05f07p01-ch5sk1fk1fl1.tiff,r01c05f07p01-ch3sk1fk1fl1.tiff,r01c05f07p01-ch4sk1fk1fl1.tiff,A05_s07,5,low,,5_low,val
HepatoPAC Islands 20260413,A05,8,r01c05f08p01-ch1sk1fk1fl1.tiff,r01c05f08p01-ch6sk1fk1fl1.tiff,r01c05f08p01-ch2sk1fk1fl1.tiff,r01c05f08p01-ch5sk1fk1fl1.tiff,r01c05f08p01-ch3sk1fk1fl1.tiff,r01c05f08p01-ch4sk1fk1fl1.tiff,A05_s08,5,low,,5_low,val
HepatoPAC Islands 20260413,A05,9,r01c05f09p01-ch1sk1fk1fl1.tiff,r01c05f09p01-ch6sk1fk1fl1.tiff,r01c05f09p01-ch2sk1fk1fl1.tiff,r01c05f09p01-ch5sk1fk1fl1.tiff,r01c05f09p01-ch3sk1fk1fl1.tiff,r01c05f09p01-ch4sk1fk1fl1.tiff,A05_s09,5,low,,5_low,val
HepatoPAC Islands 20260413,A05,10,r01c05f10p01-ch1sk1fk1fl1.tiff,r01c05f10p01-ch6sk1fk1fl1.tiff,r01c05f10p01-ch2sk1fk1fl1.tiff,r01c05f10p01-ch5sk1fk1fl1.tiff,r01c05f10p01-ch3sk1fk1fl1.tiff,r01c05f10p01-ch4sk1fk1fl1.tiff,A05_s10,5,low,,5_low,val
HepatoPAC Islands 20260413,A05,11,r01c05f11p01-ch1sk1fk1fl1.tiff,r01c05f11p01-ch6sk1fk1fl1.tiff,r01c05f11p01-ch2sk1fk1fl1.tiff,r01c05f11p01-ch5sk1fk1fl1.tiff,r01c05f11p01-ch3sk1fk1fl1.tiff,r01c05f11p01-ch4sk1fk1fl1.tiff,A05_s11,5,low,,5_low,val
HepatoPAC Islands 20260413,A05,12,r01c05f12p01-ch1sk1fk1fl1.tiff,r01c05f12p01-ch6sk1fk1fl1.tiff,r01c05f12p01-ch2sk1fk1fl1.tiff,r01c05f12p01-ch5sk1fk1fl1.tiff,r01c05f12p01-ch3sk1fk1fl1.tiff,r01c05f12p01-ch4sk1fk1fl1.tiff,A05_s12,5,low,,5_low,val
HepatoPAC Islands 20260413,A05,13,r01c05f13p01-ch1sk1fk1fl1.tiff,r01c05f13p01-ch6sk1fk1fl1.tiff,r01c05f13p01-ch2sk1fk1fl1.tiff,r01c05f13p01-ch5sk1fk1fl1.tiff,r01c05f13p01-ch3sk1fk1fl1.tiff,r01c05f13p01-ch4sk1fk1fl1.tiff,A05_s13,5,low,,5_low,val
HepatoPAC Islands 20260413,A05,14,r01c05f14p01-ch1sk1fk1fl1.tiff,r01c05f14p01-ch6sk1fk1fl1.tiff,r01c05f14p01-ch2sk1fk1fl1.tiff,r01c05f14p01-ch5sk1fk1fl1.tiff,r01c05f14p01-ch3sk1fk1fl1.tiff,r01c05f14p01-ch4sk1fk1fl1.tiff,A05_s14,5,low,,5_low,val
HepatoPAC Islands 20260413,A05,15,r01c05f15p01-ch1sk1fk1fl1.tiff,r01c05f15p01-ch6sk1fk1fl1.tiff,r01c05f15p01-ch2sk1fk1fl1.tiff,r01c05f15p01-ch5sk1fk1fl1.tiff,r01c05f15p01-ch3sk1fk1fl1.tiff,r01c05f15p01-ch4sk1fk1fl1.tiff,A05_s15,5,low,,5_low,val
HepatoPAC Islands 20260413,A05,16,r01c05f16p01-ch1sk1fk1fl1.tiff,r01c05f16p01-ch6sk1fk1fl1.tiff,r01c05f16p01-ch2sk1fk1fl1.tiff,r01c05f16p01-ch5sk1fk1fl1.tiff,r01c05f16p01-ch3sk1fk1fl1.tiff,r01c05f16p01-ch4sk1fk1fl1.tiff,A05_s16,5,low,,5_low,val
HepatoPAC Islands 20260413,A05,17,r01c05f17p01-ch1sk1fk1fl1.tiff,r01c05f17p01-ch6sk1fk1fl1.tiff,r01c05f17p01-ch2sk1fk1fl1.tiff,r01c05f17p01-ch5sk1fk1fl1.tiff,r01c05f17p01-ch3sk1fk1fl1.tiff,r01c05f17p01-ch4sk1fk1fl1.tiff,A05_s17,5,low,,5_low,val
HepatoPAC Islands 20260413,A05,18,r01c05f18p01-ch1sk1fk1fl1.tiff,r01c05f18p01-ch6sk1fk1fl1.tiff,r01c05f18p01-ch2sk1fk1fl1.tiff,r01c05f18p01-ch5sk1fk1fl1.tiff,r01c05f18p01-ch3sk1fk1fl1.tiff,r01c05f18p01-ch4sk1fk1fl1.tiff,A05_s18,5,low,,5_low,val
HepatoPAC Islands 20260413,A05,19,r01c05f19p01-ch1sk1fk1fl1.tiff,r01c05f19p01-ch6sk1fk1fl1.tiff,r01c05f19p01-ch2sk1fk1fl1.tiff,r01c05f19p01-ch5sk1fk1fl1.tiff,r01c05f19p01-ch3sk1fk1fl1.tiff,r01c05f19p01-ch4sk1fk1fl1.tiff,A05_s19,5,low,,5_low,val
HepatoPAC Islands 20260413,A05,20,r01c05f20p01-ch1sk1fk1fl1.tiff,r01c05f20p01-ch6sk1fk1fl1.tiff,r01c05f20p01-ch2sk1fk1fl1.tiff,r01c05f20p01-ch5sk1fk1fl1.tiff,r01c05f20p01-ch3sk1fk1fl1.tiff,r01c05f20p01-ch4sk1fk1fl1.tiff,A05_s20,5,low,,5_low,val
HepatoPAC Islands 20260413,A05,21,r01c05f21p01-ch1sk1fk1fl1.tiff,r01c05f21p01-ch6sk1fk1fl1.tiff,r01c05f21p01-ch2sk1fk1fl1.tiff,r01c05f21p01-ch5sk1fk1fl1.tiff,r01c05f21p01-ch3sk1fk1fl1.tiff,r01c05f21p01-ch4sk1fk1fl1.tiff,A05_s21,5,low,,5_low,val
HepatoPAC Islands 20260413,A05,22,r01c05f22p01-ch1sk1fk1fl1.tiff,r01c05f22p01-ch6sk1fk1fl1.tiff,r01c05f22p01-ch2sk1fk1fl1.tiff,r01c05f22p01-ch5sk1fk1fl1.tiff,r01c05f22p01-ch3sk1fk1fl1.tiff,r01c05f22p01-ch4sk1fk1fl1.tiff,A05_s22,5,low,,5_low,val
HepatoPAC Islands 20260413,A05,23,r01c05f23p01-ch1sk1fk1fl1.tiff,r01c05f23p01-ch6sk1fk1fl1.tiff,r01c05f23p01-ch2sk1fk1fl1.tiff,r01c05f23p01-ch5sk1fk1fl1.tiff,r01c05f23p01-ch3sk1fk1fl1.tiff,r01c05f23p01-ch4sk1fk1fl1.tiff,A05_s23,5,low,,5_low,val
HepatoPAC Islands 20260413,A05,24,r01c05f24p01-ch1sk1fk1fl1.tiff,r01c05f24p01-ch6sk1fk1fl1.tiff,r01c05f24p01-ch2sk1fk1fl1.tiff,r01c05f24p01-ch5sk1fk1fl1.tiff,r01c05f24p01-ch3sk1fk1fl1.tiff,r01c05f24p01-ch4sk1fk1fl1.tiff,A05_s24,5,low,,5_low,val
HepatoPAC Islands 20260413,A05,25,r01c05f25p01-ch1sk1fk1fl1.tiff,r01c05f25p01-ch6sk1fk1fl1.tiff,r01c05f25p01-ch2sk1fk1fl1.tiff,r01c05f25p01-ch5sk1fk1fl1.tiff,r01c05f25p01-ch3sk1fk1fl1.tiff,r01c05f25p01-ch4sk1fk1fl1.tiff,A05_s25,5,low,,5_low,val
HepatoPAC Islands 20260413,A05,26,r01c05f26p01-ch1sk1fk1fl1.tiff,r01c05f26p01-ch6sk1fk1fl1.tiff,r01c05f26p01-ch2sk1fk1fl1.tiff,r01c05f26p01-ch5sk1fk1fl1.tiff,r01c05f26p01-ch3sk1fk1fl1.tiff,r01c05f26p01-ch4sk1fk1fl1.tiff,A05_s26,5,low,,5_low,val
HepatoPAC Islands 20260413,A05,27,r01c05f27p01-ch1sk1fk1fl1.tiff,r01c05f27p01-ch6sk1fk1fl1.tiff,r01c05f27p01-ch2sk1fk1fl1.tiff,r01c05f27p01-ch5sk1fk1fl1.tiff,r01c05f27p01-ch3sk1fk1fl1.tiff,r01c05f27p01-ch4sk1fk1fl1.tiff,A05_s27,5,low,,5_low,val
HepatoPAC Islands 20260413,A05,28,r01c05f28p01-ch1sk1fk1fl1.tiff,r01c05f28p01-ch6sk1fk1fl1.tiff,r01c05f28p01-ch2sk1fk1fl1.tiff,r01c05f28p01-ch5sk1fk1fl1.tiff,r01c05f28p01-ch3sk1fk1fl1.tiff,r01c05f28p01-ch4sk1fk1fl1.tiff,A05_s28,5,low,,5_low,val
HepatoPAC Islands 20260413,A05,29,r01c05f29p01-ch1sk1fk1fl1.tiff,r01c05f29p01-ch6sk1fk1fl1.tiff,r01c05f29p01-ch2sk1fk1fl1.tiff,r01c05f29p01-ch5sk1fk1fl1.tiff,r01c05f29p01-ch3sk1fk1fl1.tiff,r01c05f29p01-ch4sk1fk1fl1.tiff,A05_s29,5,low,,5_low,val
HepatoPAC Islands 20260413,A05,30,r01c05f30p01-ch1sk1fk1fl1.tiff,r01c05f30p01-ch6sk1fk1fl1.tiff,r01c05f30p01-ch2sk1fk1fl1.tiff,r01c05f30p01-ch5sk1fk1fl1.tiff,r01c05f30p01-ch3sk1fk1fl1.tiff,r01c05f30p01-ch4sk1fk1fl1.tiff,A05_s30,5,low,,5_low,val
HepatoPAC Islands 20260413,A05,31,r01c05f31p01-ch1sk1fk1fl1.tiff,r01c05f31p01-ch6sk1fk1fl1.tiff,r01c05f31p01-ch2sk1fk1fl1.tiff,r01c05f31p01-ch5sk1fk1fl1.tiff,r01c05f31p01-ch3sk1fk1fl1.tiff,r01c05f31p01-ch4sk1fk1fl1.tiff,A05_s31,5,low,,5_low,val
HepatoPAC Islands 20260413,A05,32,r01c05f32p01-ch1sk1fk1fl1.tiff,r01c05f32p01-ch6sk1fk1fl1.tiff,r01c05f32p01-ch2sk1fk1fl1.tiff,r01c05f32p01-ch5sk1fk1fl1.tiff,r01c05f32p01-ch3sk1fk1fl1.tiff,r01c05f32p01-ch4sk1fk1fl1.tiff,A05_s32,5,low,,5_low,val
HepatoPAC Islands 20260413,A05,33,r01c05f33p01-ch1sk1fk1fl1.tiff,r01c05f33p01-ch6sk1fk1fl1.tiff,r01c05f33p01-ch2sk1fk1fl1.tiff,r01c05f33p01-ch5sk1fk1fl1.tiff,r01c05f33p01-ch3sk1fk1fl1.tiff,r01c05f33p01-ch4sk1fk1fl1.tiff,A05_s33,5,low,,5_low,val
HepatoPAC Islands 20260413,A05,34,r01c05f34p01-ch1sk1fk1fl1.tiff,r01c05f34p01-ch6sk1fk1fl1.tiff,r01c05f34p01-ch2sk1fk1fl1.tiff,r01c05f34p01-ch5sk1fk1fl1.tiff,r01c05f34p01-ch3sk1fk1fl1.tiff,r01c05f34p01-ch4sk1fk1fl1.tiff,A05_s34,5,low,,5_low,val
HepatoPAC Islands 20260413,A05,35,r01c05f35p01-ch1sk1fk1fl1.tiff,r01c05f35p01-ch6sk1fk1fl1.tiff,r01c05f35p01-ch2sk1fk1fl1.tiff,r01c05f35p01-ch5sk1fk1fl1.tiff,r01c05f35p01-ch3sk1fk1fl1.tiff,r01c05f35p01-ch4sk1fk1fl1.tiff,A05_s35,5,low,,5_low,val
HepatoPAC Islands 20260413,A05,36,r01c05f36p01-ch1sk1fk1fl1.tiff,r01c05f36p01-ch6sk1fk1fl1.tiff,r01c05f36p01-ch2sk1fk1fl1.tiff,r01c05f36p01-ch5sk1fk1fl1.tiff,r01c05f36p01-ch3sk1fk1fl1.tiff,r01c05f36p01-ch4sk1fk1fl1.tiff,A05_s36,5,low,,5_low,val
HepatoPAC Islands 20260413,A05,37,r01c05f37p01-ch1sk1fk1fl1.tiff,r01c05f37p01-ch6sk1fk1fl1.tiff,r01c05f37p01-ch2sk1fk1fl1.tiff,r01c05f37p01-ch5sk1fk1fl1.tiff,r01c05f37p01-ch3sk1fk1fl1.tiff,r01c05f37p01-ch4sk1fk1fl1.tiff,A05_s37,5,low,,5_low,val
HepatoPAC Islands 20260413,A05,38,r01c05f38p01-ch1sk1fk1fl1.tiff,r01c05f38p01-ch6sk1fk1fl1.tiff,r01c05f38p01-ch2sk1fk1fl1.tiff,r01c05f38p01-ch5sk1fk1fl1.tiff,r01c05f38p01-ch3sk1fk1fl1.tiff,r01c05f38p01-ch4sk1fk1fl1.tiff,A05_s38,5,low,,5_low,val
HepatoPAC Islands 20260413,A05,39,r01c05f39p01-ch1sk1fk1fl1.tiff,r01c05f39p01-ch6sk1fk1fl1.tiff,r01c05f39p01-ch2sk1fk1fl1.tiff,r01c05f39p01-ch5sk1fk1fl1.tiff,r01c05f39p01-ch3sk1fk1fl1.tiff,r01c05f39p01-ch4sk1fk1fl1.tiff,A05_s39,5,low,,5_low,val
HepatoPAC Islands 20260413,A05,40,r01c05f40p01-ch1sk1fk1fl1.tiff,r01c05f40p01-ch6sk1fk1fl1.tiff,r01c05f40p01-ch2sk1fk1fl1.tiff,r01c05f40p01-ch5sk1fk1fl1.tiff,r01c05f40p01-ch3sk1fk1fl1.tiff,r01c05f40p01-ch4sk1fk1fl1.tiff,A05_s40,5,low,,5_low,val
HepatoPAC Islands 20260413,A05,41,r01c05f41p01-ch1sk1fk1fl1.tiff,r01c05f41p01-ch6sk1fk1fl1.tiff,r01c05f41p01-ch2sk1fk1fl1.tiff,r01c05f41p01-ch5sk1fk1fl1.tiff,r01c05f41p01-ch3sk1fk1fl1.tiff,r01c05f41p01-ch4sk1fk1fl1.tiff,A05_s41,5,low,,5_low,val
HepatoPAC Islands 20260413,A05,42,r01c05f42p01-ch1sk1fk1fl1.tiff,r01c05f42p01-ch6sk1fk1fl1.tiff,r01c05f42p01-ch2sk1fk1fl1.tiff,r01c05f42p01-ch5sk1fk1fl1.tiff,r01c05f42p01-ch3sk1fk1fl1.tiff,r01c05f42p01-ch4sk1fk1fl1.tiff,A05_s42,5,low,,5_low,val
HepatoPAC Islands 20260413,A05,43,r01c05f43p01-ch1sk1fk1fl1.tiff,r01c05f43p01-ch6sk1fk1fl1.tiff,r01c05f43p01-ch2sk1fk1fl1.tiff,r01c05f43p01-ch5sk1fk1fl1.tiff,r01c05f43p01-ch3sk1fk1fl1.tiff,r01c05f43p01-ch4sk1fk1fl1.tiff,A05_s43,5,low,,5_low,val
HepatoPAC Islands 20260413,A05,44,r01c05f44p01-ch1sk1fk1fl1.tiff,r01c05f44p01-ch6sk1fk1fl1.tiff,r01c05f44p01-ch2sk1fk1fl1.tiff,r01c05f44p01-ch5sk1fk1fl1.tiff,r01c05f44p01-ch3sk1fk1fl1.tiff,r01c05f44p01-ch4sk1fk1fl1.tiff,A05_s44,5,low,,5_low,val
HepatoPAC Islands 20260413,A05,45,r01c05f45p01-ch1sk1fk1fl1.tiff,r01c05f45p01-ch6sk1fk1fl1.tiff,r01c05f45p01-ch2sk1fk1fl1.tiff,r01c05f45p01-ch5sk1fk1fl1.tiff,r01c05f45p01-ch3sk1fk1fl1.tiff,r01c05f45p01-ch4sk1fk1fl1.tiff,A05_s45,5,low,,5_low,val
HepatoPAC Islands 20260413,A05,46,r01c05f46p01-ch1sk1fk1fl1.tiff,r01c05f46p01-ch6sk1fk1fl1.tiff,r01c05f46p01-ch2sk1fk1fl1.tiff,r01c05f46p01-ch5sk1fk1fl1.tiff,r01c05f46p01-ch3sk1fk1fl1.tiff,r01c05f46p01-ch4sk1fk1fl1.tiff,A05_s46,5,low,,5_low,val
HepatoPAC Islands 20260413,A05,47,r01c05f47p01-ch1sk1fk1fl1.tiff,r01c05f47p01-ch6sk1fk1fl1.tiff,r01c05f47p01-ch2sk1fk1fl1.tiff,r01c05f47p01-ch5sk1fk1fl1.tiff,r01c05f47p01-ch3sk1fk1fl1.tiff,r01c05f47p01-ch4sk1fk1fl1.tiff,A05_s47,5,low,,5_low,val
HepatoPAC Islands 20260413,A05,48,r01c05f48p01-ch1sk1fk1fl1.tiff,r01c05f48p01-ch6sk1fk1fl1.tiff,r01c05f48p01-ch2sk1fk1fl1.tiff,r01c05f48p01-ch5sk1fk1fl1.tiff,r01c05f48p01-ch3sk1fk1fl1.tiff,r01c05f48p01-ch4sk1fk1fl1.tiff,A05_s48,5,low,,5_low,val
HepatoPAC Islands 20260413,A05,49,r01c05f49p01-ch1sk1fk1fl1.tiff,r01c05f49p01-ch6sk1fk1fl1.tiff,r01c05f49p01-ch2sk1fk1fl1.tiff,r01c05f49p01-ch5sk1fk1fl1.tiff,r01c05f49p01-ch3sk1fk1fl1.tiff,r01c05f49p01-ch4sk1fk1fl1.tiff,A05_s49,5,low,,5_low,val
HepatoPAC Islands 20260413,A06,1,r01c06f01p01-ch1sk1fk1fl1.tiff,r01c06f01p01-ch6sk1fk1fl1.tiff,r01c06f01p01-ch2sk1fk1fl1.tiff,r01c06f01p01-ch5sk1fk1fl1.tiff,r01c06f01p01-ch3sk1fk1fl1.tiff,r01c06f01p01-ch4sk1fk1fl1.tiff,A06_s01,4,high,,4_high,val
HepatoPAC Islands 20260413,A06,2,r01c06f02p01-ch1sk1fk1fl1.tiff,r01c06f02p01-ch6sk1fk1fl1.tiff,r01c06f02p01-ch2sk1fk1fl1.tiff,r01c06f02p01-ch5sk1fk1fl1.tiff,r01c06f02p01-ch3sk1fk1fl1.tiff,r01c06f02p01-ch4sk1fk1fl1.tiff,A06_s02,4,high,,4_high,val
HepatoPAC Islands 20260413,A06,3,r01c06f03p01-ch1sk1fk1fl1.tiff,r01c06f03p01-ch6sk1fk1fl1.tiff,r01c06f03p01-ch2sk1fk1fl1.tiff,r01c06f03p01-ch5sk1fk1fl1.tiff,r01c06f03p01-ch3sk1fk1fl1.tiff,r01c06f03p01-ch4sk1fk1fl1.tiff,A06_s03,4,high,,4_high,val
HepatoPAC Islands 20260413,A06,4,r01c06f04p01-ch1sk1fk1fl1.tiff,r01c06f04p01-ch6sk1fk1fl1.tiff,r01c06f04p01-ch2sk1fk1fl1.tiff,r01c06f04p01-ch5sk1fk1fl1.tiff,r01c06f04p01-ch3sk1fk1fl1.tiff,r01c06f04p01-ch4sk1fk1fl1.tiff,A06_s04,4,high,,4_high,val
HepatoPAC Islands 20260413,A06,5,r01c06f05p01-ch1sk1fk1fl1.tiff,r01c06f05p01-ch6sk1fk1fl1.tiff,r01c06f05p01-ch2sk1fk1fl1.tiff,r01c06f05p01-ch5sk1fk1fl1.tiff,r01c06f05p01-ch3sk1fk1fl1.tiff,r01c06f05p01-ch4sk1fk1fl1.tiff,A06_s05,4,high,,4_high,val
HepatoPAC Islands 20260413,A06,6,r01c06f06p01-ch1sk1fk1fl1.tiff,r01c06f06p01-ch6sk1fk1fl1.tiff,r01c06f06p01-ch2sk1fk1fl1.tiff,r01c06f06p01-ch5sk1fk1fl1.tiff,r01c06f06p01-ch3sk1fk1fl1.tiff,r01c06f06p01-ch4sk1fk1fl1.tiff,A06_s06,4,high,,4_high,val
HepatoPAC Islands 20260413,A06,7,r01c06f07p01-ch1sk1fk1fl1.tiff,r01c06f07p01-ch6sk1fk1fl1.tiff,r01c06f07p01-ch2sk1fk1fl1.tiff,r01c06f07p01-ch5sk1fk1fl1.tiff,r01c06f07p01-ch3sk1fk1fl1.tiff,r01c06f07p01-ch4sk1fk1fl1.tiff,A06_s07,4,high,,4_high,val
HepatoPAC Islands 20260413,A06,8,r01c06f08p01-ch1sk1fk1fl1.tiff,r01c06f08p01-ch6sk1fk1fl1.tiff,r01c06f08p01-ch2sk1fk1fl1.tiff,r01c06f08p01-ch5sk1fk1fl1.tiff,r01c06f08p01-ch3sk1fk1fl1.tiff,r01c06f08p01-ch4sk1fk1fl1.tiff,A06_s08,4,high,,4_high,val
HepatoPAC Islands 20260413,A06,9,r01c06f09p01-ch1sk1fk1fl1.tiff,r01c06f09p01-ch6sk1fk1fl1.tiff,r01c06f09p01-ch2sk1fk1fl1.tiff,r01c06f09p01-ch5sk1fk1fl1.tiff,r01c06f09p01-ch3sk1fk1fl1.tiff,r01c06f09p01-ch4sk1fk1fl1.tiff,A06_s09,4,high,,4_high,val
HepatoPAC Islands 20260413,A06,10,r01c06f10p01-ch1sk1fk1fl1.tiff,r01c06f10p01-ch6sk1fk1fl1.tiff,r01c06f10p01-ch2sk1fk1fl1.tiff,r01c06f10p01-ch5sk1fk1fl1.tiff,r01c06f10p01-ch3sk1fk1fl1.tiff,r01c06f10p01-ch4sk1fk1fl1.tiff,A06_s10,4,high,,4_high,val
HepatoPAC Islands 20260413,A06,11,r01c06f11p01-ch1sk1fk1fl1.tiff,r01c06f11p01-ch6sk1fk1fl1.tiff,r01c06f11p01-ch2sk1fk1fl1.tiff,r01c06f11p01-ch5sk1fk1fl1.tiff,r01c06f11p01-ch3sk1fk1fl1.tiff,r01c06f11p01-ch4sk1fk1fl1.tiff,A06_s11,4,high,,4_high,val
HepatoPAC Islands 20260413,A06,12,r01c06f12p01-ch1sk1fk1fl1.tiff,r01c06f12p01-ch6sk1fk1fl1.tiff,r01c06f12p01-ch2sk1fk1fl1.tiff,r01c06f12p01-ch5sk1fk1fl1.tiff,r01c06f12p01-ch3sk1fk1fl1.tiff,r01c06f12p01-ch4sk1fk1fl1.tiff,A06_s12,4,high,,4_high,val
HepatoPAC Islands 20260413,A06,13,r01c06f13p01-ch1sk1fk1fl1.tiff,r01c06f13p01-ch6sk1fk1fl1.tiff,r01c06f13p01-ch2sk1fk1fl1.tiff,r01c06f13p01-ch5sk1fk1fl1.tiff,r01c06f13p01-ch3sk1fk1fl1.tiff,r01c06f13p01-ch4sk1fk1fl1.tiff,A06_s13,4,high,,4_high,val
HepatoPAC Islands 20260413,A06,14,r01c06f14p01-ch1sk1fk1fl1.tiff,r01c06f14p01-ch6sk1fk1fl1.tiff,r01c06f14p01-ch2sk1fk1fl1.tiff,r01c06f14p01-ch5sk1fk1fl1.tiff,r01c06f14p01-ch3sk1fk1fl1.tiff,r01c06f14p01-ch4sk1fk1fl1.tiff,A06_s14,4,high,,4_high,val
HepatoPAC Islands 20260413,A06,15,r01c06f15p01-ch1sk1fk1fl1.tiff,r01c06f15p01-ch6sk1fk1fl1.tiff,r01c06f15p01-ch2sk1fk1fl1.tiff,r01c06f15p01-ch5sk1fk1fl1.tiff,r01c06f15p01-ch3sk1fk1fl1.tiff,r01c06f15p01-ch4sk1fk1fl1.tiff,A06_s15,4,high,,4_high,val
HepatoPAC Islands 20260413,A06,16,r01c06f16p01-ch1sk1fk1fl1.tiff,r01c06f16p01-ch6sk1fk1fl1.tiff,r01c06f16p01-ch2sk1fk1fl1.tiff,r01c06f16p01-ch5sk1fk1fl1.tiff,r01c06f16p01-ch3sk1fk1fl1.tiff,r01c06f16p01-ch4sk1fk1fl1.tiff,A06_s16,4,high,,4_high,val
HepatoPAC Islands 20260413,A06,17,r01c06f17p01-ch1sk1fk1fl1.tiff,r01c06f17p01-ch6sk1fk1fl1.tiff,r01c06f17p01-ch2sk1fk1fl1.tiff,r01c06f17p01-ch5sk1fk1fl1.tiff,r01c06f17p01-ch3sk1fk1fl1.tiff,r01c06f17p01-ch4sk1fk1fl1.tiff,A06_s17,4,high,,4_high,val
HepatoPAC Islands 20260413,A06,18,r01c06f18p01-ch1sk1fk1fl1.tiff,r01c06f18p01-ch6sk1fk1fl1.tiff,r01c06f18p01-ch2sk1fk1fl1.tiff,r01c06f18p01-ch5sk1fk1fl1.tiff,r01c06f18p01-ch3sk1fk1fl1.tiff,r01c06f18p01-ch4sk1fk1fl1.tiff,A06_s18,4,high,,4_high,val
HepatoPAC Islands 20260413,A06,19,r01c06f19p01-ch1sk1fk1fl1.tiff,r01c06f19p01-ch6sk1fk1fl1.tiff,r01c06f19p01-ch2sk1fk1fl1.tiff,r01c06f19p01-ch5sk1fk1fl1.tiff,r01c06f19p01-ch3sk1fk1fl1.tiff,r01c06f19p01-ch4sk1fk1fl1.tiff,A06_s19,4,high,,4_high,val
HepatoPAC Islands 20260413,A06,20,r01c06f20p01-ch1sk1fk1fl1.tiff,r01c06f20p01-ch6sk1fk1fl1.tiff,r01c06f20p01-ch2sk1fk1fl1.tiff,r01c06f20p01-ch5sk1fk1fl1.tiff,r01c06f20p01-ch3sk1fk1fl1.tiff,r01c06f20p01-ch4sk1fk1fl1.tiff,A06_s20,4,high,,4_high,val
HepatoPAC Islands 20260413,A06,21,r01c06f21p01-ch1sk1fk1fl1.tiff,r01c06f21p01-ch6sk1fk1fl1.tiff,r01c06f21p01-ch2sk1fk1fl1.tiff,r01c06f21p01-ch5sk1fk1fl1.tiff,r01c06f21p01-ch3sk1fk1fl1.tiff,r01c06f21p01-ch4sk1fk1fl1.tiff,A06_s21,4,high,,4_high,val
HepatoPAC Islands 20260413,A06,22,r01c06f22p01-ch1sk1fk1fl1.tiff,r01c06f22p01-ch6sk1fk1fl1.tiff,r01c06f22p01-ch2sk1fk1fl1.tiff,r01c06f22p01-ch5sk1fk1fl1.tiff,r01c06f22p01-ch3sk1fk1fl1.tiff,r01c06f22p01-ch4sk1fk1fl1.tiff,A06_s22,4,high,,4_high,val
HepatoPAC Islands 20260413,A06,23,r01c06f23p01-ch1sk1fk1fl1.tiff,r01c06f23p01-ch6sk1fk1fl1.tiff,r01c06f23p01-ch2sk1fk1fl1.tiff,r01c06f23p01-ch5sk1fk1fl1.tiff,r01c06f23p01-ch3sk1fk1fl1.tiff,r01c06f23p01-ch4sk1fk1fl1.tiff,A06_s23,4,high,,4_high,val
HepatoPAC Islands 20260413,A06,24,r01c06f24p01-ch1sk1fk1fl1.tiff,r01c06f24p01-ch6sk1fk1fl1.tiff,r01c06f24p01-ch2sk1fk1fl1.tiff,r01c06f24p01-ch5sk1fk1fl1.tiff,r01c06f24p01-ch3sk1fk1fl1.tiff,r01c06f24p01-ch4sk1fk1fl1.tiff,A06_s24,4,high,,4_high,val
HepatoPAC Islands 20260413,A06,25,r01c06f25p01-ch1sk1fk1fl1.tiff,r01c06f25p01-ch6sk1fk1fl1.tiff,r01c06f25p01-ch2sk1fk1fl1.tiff,r01c06f25p01-ch5sk1fk1fl1.tiff,r01c06f25p01-ch3sk1fk1fl1.tiff,r01c06f25p01-ch4sk1fk1fl1.tiff,A06_s25,4,high,,4_high,val
HepatoPAC Islands 20260413,A06,26,r01c06f26p01-ch1sk1fk1fl1.tiff,r01c06f26p01-ch6sk1fk1fl1.tiff,r01c06f26p01-ch2sk1fk1fl1.tiff,r01c06f26p01-ch5sk1fk1fl1.tiff,r01c06f26p01-ch3sk1fk1fl1.tiff,r01c06f26p01-ch4sk1fk1fl1.tiff,A06_s26,4,high,,4_high,val
HepatoPAC Islands 20260413,A06,27,r01c06f27p01-ch1sk1fk1fl1.tiff,r01c06f27p01-ch6sk1fk1fl1.tiff,r01c06f27p01-ch2sk1fk1fl1.tiff,r01c06f27p01-ch5sk1fk1fl1.tiff,r01c06f27p01-ch3sk1fk1fl1.tiff,r01c06f27p01-ch4sk1fk1fl1.tiff,A06_s27,4,high,,4_high,val
HepatoPAC Islands 20260413,A06,28,r01c06f28p01-ch1sk1fk1fl1.tiff,r01c06f28p01-ch6sk1fk1fl1.tiff,r01c06f28p01-ch2sk1fk1fl1.tiff,r01c06f28p01-ch5sk1fk1fl1.tiff,r01c06f28p01-ch3sk1fk1fl1.tiff,r01c06f28p01-ch4sk1fk1fl1.tiff,A06_s28,4,high,,4_high,val
HepatoPAC Islands 20260413,A06,29,r01c06f29p01-ch1sk1fk1fl1.tiff,r01c06f29p01-ch6sk1fk1fl1.tiff,r01c06f29p01-ch2sk1fk1fl1.tiff,r01c06f29p01-ch5sk1fk1fl1.tiff,r01c06f29p01-ch3sk1fk1fl1.tiff,r01c06f29p01-ch4sk1fk1fl1.tiff,A06_s29,4,high,,4_high,val
HepatoPAC Islands 20260413,A06,30,r01c06f30p01-ch1sk1fk1fl1.tiff,r01c06f30p01-ch6sk1fk1fl1.tiff,r01c06f30p01-ch2sk1fk1fl1.tiff,r01c06f30p01-ch5sk1fk1fl1.tiff,r01c06f30p01-ch3sk1fk1fl1.tiff,r01c06f30p01-ch4sk1fk1fl1.tiff,A06_s30,4,high,,4_high,val
HepatoPAC Islands 20260413,A06,31,r01c06f31p01-ch1sk1fk1fl1.tiff,r01c06f31p01-ch6sk1fk1fl1.tiff,r01c06f31p01-ch2sk1fk1fl1.tiff,r01c06f31p01-ch5sk1fk1fl1.tiff,r01c06f31p01-ch3sk1fk1fl1.tiff,r01c06f31p01-ch4sk1fk1fl1.tiff,A06_s31,4,high,,4_high,val
HepatoPAC Islands 20260413,A06,32,r01c06f32p01-ch1sk1fk1fl1.tiff,r01c06f32p01-ch6sk1fk1fl1.tiff,r01c06f32p01-ch2sk1fk1fl1.tiff,r01c06f32p01-ch5sk1fk1fl1.tiff,r01c06f32p01-ch3sk1fk1fl1.tiff,r01c06f32p01-ch4sk1fk1fl1.tiff,A06_s32,4,high,,4_high,val
HepatoPAC Islands 20260413,A06,33,r01c06f33p01-ch1sk1fk1fl1.tiff,r01c06f33p01-ch6sk1fk1fl1.tiff,r01c06f33p01-ch2sk1fk1fl1.tiff,r01c06f33p01-ch5sk1fk1fl1.tiff,r01c06f33p01-ch3sk1fk1fl1.tiff,r01c06f33p01-ch4sk1fk1fl1.tiff,A06_s33,4,high,,4_high,val
HepatoPAC Islands 20260413,A06,34,r01c06f34p01-ch1sk1fk1fl1.tiff,r01c06f34p01-ch6sk1fk1fl1.tiff,r01c06f34p01-ch2sk1fk1fl1.tiff,r01c06f34p01-ch5sk1fk1fl1.tiff,r01c06f34p01-ch3sk1fk1fl1.tiff,r01c06f34p01-ch4sk1fk1fl1.tiff,A06_s34,4,high,,4_high,val
HepatoPAC Islands 20260413,A06,35,r01c06f35p01-ch1sk1fk1fl1.tiff,r01c06f35p01-ch6sk1fk1fl1.tiff,r01c06f35p01-ch2sk1fk1fl1.tiff,r01c06f35p01-ch5sk1fk1fl1.tiff,r01c06f35p01-ch3sk1fk1fl1.tiff,r01c06f35p01-ch4sk1fk1fl1.tiff,A06_s35,4,high,,4_high,val
HepatoPAC Islands 20260413,A06,36,r01c06f36p01-ch1sk1fk1fl1.tiff,r01c06f36p01-ch6sk1fk1fl1.tiff,r01c06f36p01-ch2sk1fk1fl1.tiff,r01c06f36p01-ch5sk1fk1fl1.tiff,r01c06f36p01-ch3sk1fk1fl1.tiff,r01c06f36p01-ch4sk1fk1fl1.tiff,A06_s36,4,high,,4_high,val
HepatoPAC Islands 20260413,A06,37,r01c06f37p01-ch1sk1fk1fl1.tiff,r01c06f37p01-ch6sk1fk1fl1.tiff,r01c06f37p01-ch2sk1fk1fl1.tiff,r01c06f37p01-ch5sk1fk1fl1.tiff,r01c06f37p01-ch3sk1fk1fl1.tiff,r01c06f37p01-ch4sk1fk1fl1.tiff,A06_s37,4,high,,4_high,val
HepatoPAC Islands 20260413,A06,38,r01c06f38p01-ch1sk1fk1fl1.tiff,r01c06f38p01-ch6sk1fk1fl1.tiff,r01c06f38p01-ch2sk1fk1fl1.tiff,r01c06f38p01-ch5sk1fk1fl1.tiff,r01c06f38p01-ch3sk1fk1fl1.tiff,r01c06f38p01-ch4sk1fk1fl1.tiff,A06_s38,4,high,,4_high,val
HepatoPAC Islands 20260413,A06,39,r01c06f39p01-ch1sk1fk1fl1.tiff,r01c06f39p01-ch6sk1fk1fl1.tiff,r01c06f39p01-ch2sk1fk1fl1.tiff,r01c06f39p01-ch5sk1fk1fl1.tiff,r01c06f39p01-ch3sk1fk1fl1.tiff,r01c06f39p01-ch4sk1fk1fl1.tiff,A06_s39,4,high,,4_high,val
HepatoPAC Islands 20260413,A06,40,r01c06f40p01-ch1sk1fk1fl1.tiff,r01c06f40p01-ch6sk1fk1fl1.tiff,r01c06f40p01-ch2sk1fk1fl1.tiff,r01c06f40p01-ch5sk1fk1fl1.tiff,r01c06f40p01-ch3sk1fk1fl1.tiff,r01c06f40p01-ch4sk1fk1fl1.tiff,A06_s40,4,high,,4_high,val
HepatoPAC Islands 20260413,A06,41,r01c06f41p01-ch1sk1fk1fl1.tiff,r01c06f41p01-ch6sk1fk1fl1.tiff,r01c06f41p01-ch2sk1fk1fl1.tiff,r01c06f41p01-ch5sk1fk1fl1.tiff,r01c06f41p01-ch3sk1fk1fl1.tiff,r01c06f41p01-ch4sk1fk1fl1.tiff,A06_s41,4,high,,4_high,val
HepatoPAC Islands 20260413,A06,42,r01c06f42p01-ch1sk1fk1fl1.tiff,r01c06f42p01-ch6sk1fk1fl1.tiff,r01c06f42p01-ch2sk1fk1fl1.tiff,r01c06f42p01-ch5sk1fk1fl1.tiff,r01c06f42p01-ch3sk1fk1fl1.tiff,r01c06f42p01-ch4sk1fk1fl1.tiff,A06_s42,4,high,,4_high,val
HepatoPAC Islands 20260413,A06,43,r01c06f43p01-ch1sk1fk1fl1.tiff,r01c06f43p01-ch6sk1fk1fl1.tiff,r01c06f43p01-ch2sk1fk1fl1.tiff,r01c06f43p01-ch5sk1fk1fl1.tiff,r01c06f43p01-ch3sk1fk1fl1.tiff,r01c06f43p01-ch4sk1fk1fl1.tiff,A06_s43,4,high,,4_high,val
HepatoPAC Islands 20260413,A06,44,r01c06f44p01-ch1sk1fk1fl1.tiff,r01c06f44p01-ch6sk1fk1fl1.tiff,r01c06f44p01-ch2sk1fk1fl1.tiff,r01c06f44p01-ch5sk1fk1fl1.tiff,r01c06f44p01-ch3sk1fk1fl1.tiff,r01c06f44p01-ch4sk1fk1fl1.tiff,A06_s44,4,high,,4_high,val
HepatoPAC Islands 20260413,A06,45,r01c06f45p01-ch1sk1fk1fl1.tiff,r01c06f45p01-ch6sk1fk1fl1.tiff,r01c06f45p01-ch2sk1fk1fl1.tiff,r01c06f45p01-ch5sk1fk1fl1.tiff,r01c06f45p01-ch3sk1fk1fl1.tiff,r01c06f45p01-ch4sk1fk1fl1.tiff,A06_s45,4,high,,4_high,val
HepatoPAC Islands 20260413,A06,46,r01c06f46p01-ch1sk1fk1fl1.tiff,r01c06f46p01-ch6sk1fk1fl1.tiff,r01c06f46p01-ch2sk1fk1fl1.tiff,r01c06f46p01-ch5sk1fk1fl1.tiff,r01c06f46p01-ch3sk1fk1fl1.tiff,r01c06f46p01-ch4sk1fk1fl1.tiff,A06_s46,4,high,,4_high,val
HepatoPAC Islands 20260413,A06,47,r01c06f47p01-ch1sk1fk1fl1.tiff,r01c06f47p01-ch6sk1fk1fl1.tiff,r01c06f47p01-ch2sk1fk1fl1.tiff,r01c06f47p01-ch5sk1fk1fl1.tiff,r01c06f47p01-ch3sk1fk1fl1.tiff,r01c06f47p01-ch4sk1fk1fl1.tiff,A06_s47,4,high,,4_high,val
HepatoPAC Islands 20260413,A06,48,r01c06f48p01-ch1sk1fk1fl1.tiff,r01c06f48p01-ch6sk1fk1fl1.tiff,r01c06f48p01-ch2sk1fk1fl1.tiff,r01c06f48p01-ch5sk1fk1fl1.tiff,r01c06f48p01-ch3sk1fk1fl1.tiff,r01c06f48p01-ch4sk1fk1fl1.tiff,A06_s48,4,high,,4_high,val
HepatoPAC Islands 20260413,A06,49,r01c06f49p01-ch1sk1fk1fl1.tiff,r01c06f49p01-ch6sk1fk1fl1.tiff,r01c06f49p01-ch2sk1fk1fl1.tiff,r01c06f49p01-ch5sk1fk1fl1.tiff,r01c06f49p01-ch3sk1fk1fl1.tiff,r01c06f49p01-ch4sk1fk1fl1.tiff,A06_s49,4,high,,4_high,val
HepatoPAC Islands 20260413,B01,1,r02c01f01p01-ch1sk1fk1fl1.tiff,r02c01f01p01-ch6sk1fk1fl1.tiff,r02c01f01p01-ch2sk1fk1fl1.tiff,r02c01f01p01-ch5sk1fk1fl1.tiff,r02c01f01p01-ch3sk1fk1fl1.tiff,r02c01f01p01-ch4sk1fk1fl1.tiff,B01_s01,1,low,,1_low,train
HepatoPAC Islands 20260413,B01,2,r02c01f02p01-ch1sk1fk1fl1.tiff,r02c01f02p01-ch6sk1fk1fl1.tiff,r02c01f02p01-ch2sk1fk1fl1.tiff,r02c01f02p01-ch5sk1fk1fl1.tiff,r02c01f02p01-ch3sk1fk1fl1.tiff,r02c01f02p01-ch4sk1fk1fl1.tiff,B01_s02,1,low,,1_low,train
HepatoPAC Islands 20260413,B01,3,r02c01f03p01-ch1sk1fk1fl1.tiff,r02c01f03p01-ch6sk1fk1fl1.tiff,r02c01f03p01-ch2sk1fk1fl1.tiff,r02c01f03p01-ch5sk1fk1fl1.tiff,r02c01f03p01-ch3sk1fk1fl1.tiff,r02c01f03p01-ch4sk1fk1fl1.tiff,B01_s03,1,low,,1_low,train
HepatoPAC Islands 20260413,B01,4,r02c01f04p01-ch1sk1fk1fl1.tiff,r02c01f04p01-ch6sk1fk1fl1.tiff,r02c01f04p01-ch2sk1fk1fl1.tiff,r02c01f04p01-ch5sk1fk1fl1.tiff,r02c01f04p01-ch3sk1fk1fl1.tiff,r02c01f04p01-ch4sk1fk1fl1.tiff,B01_s04,1,low,,1_low,train
HepatoPAC Islands 20260413,B01,5,r02c01f05p01-ch1sk1fk1fl1.tiff,r02c01f05p01-ch6sk1fk1fl1.tiff,r02c01f05p01-ch2sk1fk1fl1.tiff,r02c01f05p01-ch5sk1fk1fl1.tiff,r02c01f05p01-ch3sk1fk1fl1.tiff,r02c01f05p01-ch4sk1fk1fl1.tiff,B01_s05,1,low,,1_low,train
HepatoPAC Islands 20260413,B01,6,r02c01f06p01-ch1sk1fk1fl1.tiff,r02c01f06p01-ch6sk1fk1fl1.tiff,r02c01f06p01-ch2sk1fk1fl1.tiff,r02c01f06p01-ch5sk1fk1fl1.tiff,r02c01f06p01-ch3sk1fk1fl1.tiff,r02c01f06p01-ch4sk1fk1fl1.tiff,B01_s06,1,low,,1_low,train
HepatoPAC Islands 20260413,B01,7,r02c01f07p01-ch1sk1fk1fl1.tiff,r02c01f07p01-ch6sk1fk1fl1.tiff,r02c01f07p01-ch2sk1fk1fl1.tiff,r02c01f07p01-ch5sk1fk1fl1.tiff,r02c01f07p01-ch3sk1fk1fl1.tiff,r02c01f07p01-ch4sk1fk1fl1.tiff,B01_s07,1,low,,1_low,train
HepatoPAC Islands 20260413,B01,8,r02c01f08p01-ch1sk1fk1fl1.tiff,r02c01f08p01-ch6sk1fk1fl1.tiff,r02c01f08p01-ch2sk1fk1fl1.tiff,r02c01f08p01-ch5sk1fk1fl1.tiff,r02c01f08p01-ch3sk1fk1fl1.tiff,r02c01f08p01-ch4sk1fk1fl1.tiff,B01_s08,1,low,,1_low,train
HepatoPAC Islands 20260413,B01,9,r02c01f09p01-ch1sk1fk1fl1.tiff,r02c01f09p01-ch6sk1fk1fl1.tiff,r02c01f09p01-ch2sk1fk1fl1.tiff,r02c01f09p01-ch5sk1fk1fl1.tiff,r02c01f09p01-ch3sk1fk1fl1.tiff,r02c01f09p01-ch4sk1fk1fl1.tiff,B01_s09,1,low,,1_low,train
HepatoPAC Islands 20260413,B01,10,r02c01f10p01-ch1sk1fk1fl1.tiff,r02c01f10p01-ch6sk1fk1fl1.tiff,r02c01f10p01-ch2sk1fk1fl1.tiff,r02c01f10p01-ch5sk1fk1fl1.tiff,r02c01f10p01-ch3sk1fk1fl1.tiff,r02c01f10p01-ch4sk1fk1fl1.tiff,B01_s10,1,low,,1_low,train
HepatoPAC Islands 20260413,B01,11,r02c01f11p01-ch1sk1fk1fl1.tiff,r02c01f11p01-ch6sk1fk1fl1.tiff,r02c01f11p01-ch2sk1fk1fl1.tiff,r02c01f11p01-ch5sk1fk1fl1.tiff,r02c01f11p01-ch3sk1fk1fl1.tiff,r02c01f11p01-ch4sk1fk1fl1.tiff,B01_s11,1,low,,1_low,train
HepatoPAC Islands 20260413,B01,12,r02c01f12p01-ch1sk1fk1fl1.tiff,r02c01f12p01-ch6sk1fk1fl1.tiff,r02c01f12p01-ch2sk1fk1fl1.tiff,r02c01f12p01-ch5sk1fk1fl1.tiff,r02c01f12p01-ch3sk1fk1fl1.tiff,r02c01f12p01-ch4sk1fk1fl1.tiff,B01_s12,1,low,,1_low,train
HepatoPAC Islands 20260413,B01,13,r02c01f13p01-ch1sk1fk1fl1.tiff,r02c01f13p01-ch6sk1fk1fl1.tiff,r02c01f13p01-ch2sk1fk1fl1.tiff,r02c01f13p01-ch5sk1fk1fl1.tiff,r02c01f13p01-ch3sk1fk1fl1.tiff,r02c01f13p01-ch4sk1fk1fl1.tiff,B01_s13,1,low,,1_low,train
HepatoPAC Islands 20260413,B01,14,r02c01f14p01-ch1sk1fk1fl1.tiff,r02c01f14p01-ch6sk1fk1fl1.tiff,r02c01f14p01-ch2sk1fk1fl1.tiff,r02c01f14p01-ch5sk1fk1fl1.tiff,r02c01f14p01-ch3sk1fk1fl1.tiff,r02c01f14p01-ch4sk1fk1fl1.tiff,B01_s14,1,low,,1_low,train
HepatoPAC Islands 20260413,B01,15,r02c01f15p01-ch1sk1fk1fl1.tiff,r02c01f15p01-ch6sk1fk1fl1.tiff,r02c01f15p01-ch2sk1fk1fl1.tiff,r02c01f15p01-ch5sk1fk1fl1.tiff,r02c01f15p01-ch3sk1fk1fl1.tiff,r02c01f15p01-ch4sk1fk1fl1.tiff,B01_s15,1,low,,1_low,train
HepatoPAC Islands 20260413,B01,16,r02c01f16p01-ch1sk1fk1fl1.tiff,r02c01f16p01-ch6sk1fk1fl1.tiff,r02c01f16p01-ch2sk1fk1fl1.tiff,r02c01f16p01-ch5sk1fk1fl1.tiff,r02c01f16p01-ch3sk1fk1fl1.tiff,r02c01f16p01-ch4sk1fk1fl1.tiff,B01_s16,1,low,,1_low,train
HepatoPAC Islands 20260413,B01,17,r02c01f17p01-ch1sk1fk1fl1.tiff,r02c01f17p01-ch6sk1fk1fl1.tiff,r02c01f17p01-ch2sk1fk1fl1.tiff,r02c01f17p01-ch5sk1fk1fl1.tiff,r02c01f17p01-ch3sk1fk1fl1.tiff,r02c01f17p01-ch4sk1fk1fl1.tiff,B01_s17,1,low,,1_low,train
HepatoPAC Islands 20260413,B01,18,r02c01f18p01-ch1sk1fk1fl1.tiff,r02c01f18p01-ch6sk1fk1fl1.tiff,r02c01f18p01-ch2sk1fk1fl1.tiff,r02c01f18p01-ch5sk1fk1fl1.tiff,r02c01f18p01-ch3sk1fk1fl1.tiff,r02c01f18p01-ch4sk1fk1fl1.tiff,B01_s18,1,low,,1_low,train
HepatoPAC Islands 20260413,B01,19,r02c01f19p01-ch1sk1fk1fl1.tiff,r02c01f19p01-ch6sk1fk1fl1.tiff,r02c01f19p01-ch2sk1fk1fl1.tiff,r02c01f19p01-ch5sk1fk1fl1.tiff,r02c01f19p01-ch3sk1fk1fl1.tiff,r02c01f19p01-ch4sk1fk1fl1.tiff,B01_s19,1,low,,1_low,train
HepatoPAC Islands 20260413,B01,20,r02c01f20p01-ch1sk1fk1fl1.tiff,r02c01f20p01-ch6sk1fk1fl1.tiff,r02c01f20p01-ch2sk1fk1fl1.tiff,r02c01f20p01-ch5sk1fk1fl1.tiff,r02c01f20p01-ch3sk1fk1fl1.tiff,r02c01f20p01-ch4sk1fk1fl1.tiff,B01_s20,1,low,,1_low,train
HepatoPAC Islands 20260413,B01,21,r02c01f21p01-ch1sk1fk1fl1.tiff,r02c01f21p01-ch6sk1fk1fl1.tiff,r02c01f21p01-ch2sk1fk1fl1.tiff,r02c01f21p01-ch5sk1fk1fl1.tiff,r02c01f21p01-ch3sk1fk1fl1.tiff,r02c01f21p01-ch4sk1fk1fl1.tiff,B01_s21,1,low,,1_low,train
HepatoPAC Islands 20260413,B01,22,r02c01f22p01-ch1sk1fk1fl1.tiff,r02c01f22p01-ch6sk1fk1fl1.tiff,r02c01f22p01-ch2sk1fk1fl1.tiff,r02c01f22p01-ch5sk1fk1fl1.tiff,r02c01f22p01-ch3sk1fk1fl1.tiff,r02c01f22p01-ch4sk1fk1fl1.tiff,B01_s22,1,low,,1_low,train
HepatoPAC Islands 20260413,B01,23,r02c01f23p01-ch1sk1fk1fl1.tiff,r02c01f23p01-ch6sk1fk1fl1.tiff,r02c01f23p01-ch2sk1fk1fl1.tiff,r02c01f23p01-ch5sk1fk1fl1.tiff,r02c01f23p01-ch3sk1fk1fl1.tiff,r02c01f23p01-ch4sk1fk1fl1.tiff,B01_s23,1,low,,1_low,train
HepatoPAC Islands 20260413,B01,24,r02c01f24p01-ch1sk1fk1fl1.tiff,r02c01f24p01-ch6sk1fk1fl1.tiff,r02c01f24p01-ch2sk1fk1fl1.tiff,r02c01f24p01-ch5sk1fk1fl1.tiff,r02c01f24p01-ch3sk1fk1fl1.tiff,r02c01f24p01-ch4sk1fk1fl1.tiff,B01_s24,1,low,,1_low,train
HepatoPAC Islands 20260413,B01,25,r02c01f25p01-ch1sk1fk1fl1.tiff,r02c01f25p01-ch6sk1fk1fl1.tiff,r02c01f25p01-ch2sk1fk1fl1.tiff,r02c01f25p01-ch5sk1fk1fl1.tiff,r02c01f25p01-ch3sk1fk1fl1.tiff,r02c01f25p01-ch4sk1fk1fl1.tiff,B01_s25,1,low,,1_low,train
HepatoPAC Islands 20260413,B01,26,r02c01f26p01-ch1sk1fk1fl1.tiff,r02c01f26p01-ch6sk1fk1fl1.tiff,r02c01f26p01-ch2sk1fk1fl1.tiff,r02c01f26p01-ch5sk1fk1fl1.tiff,r02c01f26p01-ch3sk1fk1fl1.tiff,r02c01f26p01-ch4sk1fk1fl1.tiff,B01_s26,1,low,,1_low,train
HepatoPAC Islands 20260413,B01,27,r02c01f27p01-ch1sk1fk1fl1.tiff,r02c01f27p01-ch6sk1fk1fl1.tiff,r02c01f27p01-ch2sk1fk1fl1.tiff,r02c01f27p01-ch5sk1fk1fl1.tiff,r02c01f27p01-ch3sk1fk1fl1.tiff,r02c01f27p01-ch4sk1fk1fl1.tiff,B01_s27,1,low,,1_low,train
HepatoPAC Islands 20260413,B01,28,r02c01f28p01-ch1sk1fk1fl1.tiff,r02c01f28p01-ch6sk1fk1fl1.tiff,r02c01f28p01-ch2sk1fk1fl1.tiff,r02c01f28p01-ch5sk1fk1fl1.tiff,r02c01f28p01-ch3sk1fk1fl1.tiff,r02c01f28p01-ch4sk1fk1fl1.tiff,B01_s28,1,low,,1_low,train
HepatoPAC Islands 20260413,B01,29,r02c01f29p01-ch1sk1fk1fl1.tiff,r02c01f29p01-ch6sk1fk1fl1.tiff,r02c01f29p01-ch2sk1fk1fl1.tiff,r02c01f29p01-ch5sk1fk1fl1.tiff,r02c01f29p01-ch3sk1fk1fl1.tiff,r02c01f29p01-ch4sk1fk1fl1.tiff,B01_s29,1,low,,1_low,train
HepatoPAC Islands 20260413,B01,30,r02c01f30p01-ch1sk1fk1fl1.tiff,r02c01f30p01-ch6sk1fk1fl1.tiff,r02c01f30p01-ch2sk1fk1fl1.tiff,r02c01f30p01-ch5sk1fk1fl1.tiff,r02c01f30p01-ch3sk1fk1fl1.tiff,r02c01f30p01-ch4sk1fk1fl1.tiff,B01_s30,1,low,,1_low,train
HepatoPAC Islands 20260413,B01,31,r02c01f31p01-ch1sk1fk1fl1.tiff,r02c01f31p01-ch6sk1fk1fl1.tiff,r02c01f31p01-ch2sk1fk1fl1.tiff,r02c01f31p01-ch5sk1fk1fl1.tiff,r02c01f31p01-ch3sk1fk1fl1.tiff,r02c01f31p01-ch4sk1fk1fl1.tiff,B01_s31,1,low,,1_low,train
HepatoPAC Islands 20260413,B01,32,r02c01f32p01-ch1sk1fk1fl1.tiff,r02c01f32p01-ch6sk1fk1fl1.tiff,r02c01f32p01-ch2sk1fk1fl1.tiff,r02c01f32p01-ch5sk1fk1fl1.tiff,r02c01f32p01-ch3sk1fk1fl1.tiff,r02c01f32p01-ch4sk1fk1fl1.tiff,B01_s32,1,low,,1_low,train
HepatoPAC Islands 20260413,B01,33,r02c01f33p01-ch1sk1fk1fl1.tiff,r02c01f33p01-ch6sk1fk1fl1.tiff,r02c01f33p01-ch2sk1fk1fl1.tiff,r02c01f33p01-ch5sk1fk1fl1.tiff,r02c01f33p01-ch3sk1fk1fl1.tiff,r02c01f33p01-ch4sk1fk1fl1.tiff,B01_s33,1,low,,1_low,train
HepatoPAC Islands 20260413,B01,34,r02c01f34p01-ch1sk1fk1fl1.tiff,r02c01f34p01-ch6sk1fk1fl1.tiff,r02c01f34p01-ch2sk1fk1fl1.tiff,r02c01f34p01-ch5sk1fk1fl1.tiff,r02c01f34p01-ch3sk1fk1fl1.tiff,r02c01f34p01-ch4sk1fk1fl1.tiff,B01_s34,1,low,,1_low,train
HepatoPAC Islands 20260413,B01,35,r02c01f35p01-ch1sk1fk1fl1.tiff,r02c01f35p01-ch6sk1fk1fl1.tiff,r02c01f35p01-ch2sk1fk1fl1.tiff,r02c01f35p01-ch5sk1fk1fl1.tiff,r02c01f35p01-ch3sk1fk1fl1.tiff,r02c01f35p01-ch4sk1fk1fl1.tiff,B01_s35,1,low,,1_low,train
HepatoPAC Islands 20260413,B01,36,r02c01f36p01-ch1sk1fk1fl1.tiff,r02c01f36p01-ch6sk1fk1fl1.tiff,r02c01f36p01-ch2sk1fk1fl1.tiff,r02c01f36p01-ch5sk1fk1fl1.tiff,r02c01f36p01-ch3sk1fk1fl1.tiff,r02c01f36p01-ch4sk1fk1fl1.tiff,B01_s36,1,low,,1_low,train
HepatoPAC Islands 20260413,B01,37,r02c01f37p01-ch1sk1fk1fl1.tiff,r02c01f37p01-ch6sk1fk1fl1.tiff,r02c01f37p01-ch2sk1fk1fl1.tiff,r02c01f37p01-ch5sk1fk1fl1.tiff,r02c01f37p01-ch3sk1fk1fl1.tiff,r02c01f37p01-ch4sk1fk1fl1.tiff,B01_s37,1,low,,1_low,train
HepatoPAC Islands 20260413,B01,38,r02c01f38p01-ch1sk1fk1fl1.tiff,r02c01f38p01-ch6sk1fk1fl1.tiff,r02c01f38p01-ch2sk1fk1fl1.tiff,r02c01f38p01-ch5sk1fk1fl1.tiff,r02c01f38p01-ch3sk1fk1fl1.tiff,r02c01f38p01-ch4sk1fk1fl1.tiff,B01_s38,1,low,,1_low,train
HepatoPAC Islands 20260413,B01,39,r02c01f39p01-ch1sk1fk1fl1.tiff,r02c01f39p01-ch6sk1fk1fl1.tiff,r02c01f39p01-ch2sk1fk1fl1.tiff,r02c01f39p01-ch5sk1fk1fl1.tiff,r02c01f39p01-ch3sk1fk1fl1.tiff,r02c01f39p01-ch4sk1fk1fl1.tiff,B01_s39,1,low,,1_low,train
HepatoPAC Islands 20260413,B01,40,r02c01f40p01-ch1sk1fk1fl1.tiff,r02c01f40p01-ch6sk1fk1fl1.tiff,r02c01f40p01-ch2sk1fk1fl1.tiff,r02c01f40p01-ch5sk1fk1fl1.tiff,r02c01f40p01-ch3sk1fk1fl1.tiff,r02c01f40p01-ch4sk1fk1fl1.tiff,B01_s40,1,low,,1_low,train
HepatoPAC Islands 20260413,B01,41,r02c01f41p01-ch1sk1fk1fl1.tiff,r02c01f41p01-ch6sk1fk1fl1.tiff,r02c01f41p01-ch2sk1fk1fl1.tiff,r02c01f41p01-ch5sk1fk1fl1.tiff,r02c01f41p01-ch3sk1fk1fl1.tiff,r02c01f41p01-ch4sk1fk1fl1.tiff,B01_s41,1,low,,1_low,train
HepatoPAC Islands 20260413,B01,42,r02c01f42p01-ch1sk1fk1fl1.tiff,r02c01f42p01-ch6sk1fk1fl1.tiff,r02c01f42p01-ch2sk1fk1fl1.tiff,r02c01f42p01-ch5sk1fk1fl1.tiff,r02c01f42p01-ch3sk1fk1fl1.tiff,r02c01f42p01-ch4sk1fk1fl1.tiff,B01_s42,1,low,,1_low,train
HepatoPAC Islands 20260413,B01,43,r02c01f43p01-ch1sk1fk1fl1.tiff,r02c01f43p01-ch6sk1fk1fl1.tiff,r02c01f43p01-ch2sk1fk1fl1.tiff,r02c01f43p01-ch5sk1fk1fl1.tiff,r02c01f43p01-ch3sk1fk1fl1.tiff,r02c01f43p01-ch4sk1fk1fl1.tiff,B01_s43,1,low,,1_low,train
HepatoPAC Islands 20260413,B01,44,r02c01f44p01-ch1sk1fk1fl1.tiff,r02c01f44p01-ch6sk1fk1fl1.tiff,r02c01f44p01-ch2sk1fk1fl1.tiff,r02c01f44p01-ch5sk1fk1fl1.tiff,r02c01f44p01-ch3sk1fk1fl1.tiff,r02c01f44p01-ch4sk1fk1fl1.tiff,B01_s44,1,low,,1_low,train
HepatoPAC Islands 20260413,B01,45,r02c01f45p01-ch1sk1fk1fl1.tiff,r02c01f45p01-ch6sk1fk1fl1.tiff,r02c01f45p01-ch2sk1fk1fl1.tiff,r02c01f45p01-ch5sk1fk1fl1.tiff,r02c01f45p01-ch3sk1fk1fl1.tiff,r02c01f45p01-ch4sk1fk1fl1.tiff,B01_s45,1,low,,1_low,train
HepatoPAC Islands 20260413,B01,46,r02c01f46p01-ch1sk1fk1fl1.tiff,r02c01f46p01-ch6sk1fk1fl1.tiff,r02c01f46p01-ch2sk1fk1fl1.tiff,r02c01f46p01-ch5sk1fk1fl1.tiff,r02c01f46p01-ch3sk1fk1fl1.tiff,r02c01f46p01-ch4sk1fk1fl1.tiff,B01_s46,1,low,,1_low,train
HepatoPAC Islands 20260413,B01,47,r02c01f47p01-ch1sk1fk1fl1.tiff,r02c01f47p01-ch6sk1fk1fl1.tiff,r02c01f47p01-ch2sk1fk1fl1.tiff,r02c01f47p01-ch5sk1fk1fl1.tiff,r02c01f47p01-ch3sk1fk1fl1.tiff,r02c01f47p01-ch4sk1fk1fl1.tiff,B01_s47,1,low,,1_low,train
HepatoPAC Islands 20260413,B01,48,r02c01f48p01-ch1sk1fk1fl1.tiff,r02c01f48p01-ch6sk1fk1fl1.tiff,r02c01f48p01-ch2sk1fk1fl1.tiff,r02c01f48p01-ch5sk1fk1fl1.tiff,r02c01f48p01-ch3sk1fk1fl1.tiff,r02c01f48p01-ch4sk1fk1fl1.tiff,B01_s48,1,low,,1_low,train
HepatoPAC Islands 20260413,B01,49,r02c01f49p01-ch1sk1fk1fl1.tiff,r02c01f49p01-ch6sk1fk1fl1.tiff,r02c01f49p01-ch2sk1fk1fl1.tiff,r02c01f49p01-ch5sk1fk1fl1.tiff,r02c01f49p01-ch3sk1fk1fl1.tiff,r02c01f49p01-ch4sk1fk1fl1.tiff,B01_s49,1,low,,1_low,train
HepatoPAC Islands 20260413,B02,1,r02c02f01p01-ch1sk1fk1fl1.tiff,r02c02f01p01-ch6sk1fk1fl1.tiff,r02c02f01p01-ch2sk1fk1fl1.tiff,r02c02f01p01-ch5sk1fk1fl1.tiff,r02c02f01p01-ch3sk1fk1fl1.tiff,r02c02f01p01-ch4sk1fk1fl1.tiff,B02_s01,2,low,,2_low,train
HepatoPAC Islands 20260413,B02,2,r02c02f02p01-ch1sk1fk1fl1.tiff,r02c02f02p01-ch6sk1fk1fl1.tiff,r02c02f02p01-ch2sk1fk1fl1.tiff,r02c02f02p01-ch5sk1fk1fl1.tiff,r02c02f02p01-ch3sk1fk1fl1.tiff,r02c02f02p01-ch4sk1fk1fl1.tiff,B02_s02,2,low,,2_low,train
HepatoPAC Islands 20260413,B02,3,r02c02f03p01-ch1sk1fk1fl1.tiff,r02c02f03p01-ch6sk1fk1fl1.tiff,r02c02f03p01-ch2sk1fk1fl1.tiff,r02c02f03p01-ch5sk1fk1fl1.tiff,r02c02f03p01-ch3sk1fk1fl1.tiff,r02c02f03p01-ch4sk1fk1fl1.tiff,B02_s03,2,low,,2_low,train
HepatoPAC Islands 20260413,B02,4,r02c02f04p01-ch1sk1fk1fl1.tiff,r02c02f04p01-ch6sk1fk1fl1.tiff,r02c02f04p01-ch2sk1fk1fl1.tiff,r02c02f04p01-ch5sk1fk1fl1.tiff,r02c02f04p01-ch3sk1fk1fl1.tiff,r02c02f04p01-ch4sk1fk1fl1.tiff,B02_s04,2,low,,2_low,train
HepatoPAC Islands 20260413,B02,5,r02c02f05p01-ch1sk1fk1fl1.tiff,r02c02f05p01-ch6sk1fk1fl1.tiff,r02c02f05p01-ch2sk1fk1fl1.tiff,r02c02f05p01-ch5sk1fk1fl1.tiff,r02c02f05p01-ch3sk1fk1fl1.tiff,r02c02f05p01-ch4sk1fk1fl1.tiff,B02_s05,2,low,,2_low,train
HepatoPAC Islands 20260413,B02,6,r02c02f06p01-ch1sk1fk1fl1.tiff,r02c02f06p01-ch6sk1fk1fl1.tiff,r02c02f06p01-ch2sk1fk1fl1.tiff,r02c02f06p01-ch5sk1fk1fl1.tiff,r02c02f06p01-ch3sk1fk1fl1.tiff,r02c02f06p01-ch4sk1fk1fl1.tiff,B02_s06,2,low,,2_low,train
HepatoPAC Islands 20260413,B02,7,r02c02f07p01-ch1sk1fk1fl1.tiff,r02c02f07p01-ch6sk1fk1fl1.tiff,r02c02f07p01-ch2sk1fk1fl1.tiff,r02c02f07p01-ch5sk1fk1fl1.tiff,r02c02f07p01-ch3sk1fk1fl1.tiff,r02c02f07p01-ch4sk1fk1fl1.tiff,B02_s07,2,low,,2_low,train
HepatoPAC Islands 20260413,B02,8,r02c02f08p01-ch1sk1fk1fl1.tiff,r02c02f08p01-ch6sk1fk1fl1.tiff,r02c02f08p01-ch2sk1fk1fl1.tiff,r02c02f08p01-ch5sk1fk1fl1.tiff,r02c02f08p01-ch3sk1fk1fl1.tiff,r02c02f08p01-ch4sk1fk1fl1.tiff,B02_s08,2,low,,2_low,train
HepatoPAC Islands 20260413,B02,9,r02c02f09p01-ch1sk1fk1fl1.tiff,r02c02f09p01-ch6sk1fk1fl1.tiff,r02c02f09p01-ch2sk1fk1fl1.tiff,r02c02f09p01-ch5sk1fk1fl1.tiff,r02c02f09p01-ch3sk1fk1fl1.tiff,r02c02f09p01-ch4sk1fk1fl1.tiff,B02_s09,2,low,,2_low,train
HepatoPAC Islands 20260413,B02,10,r02c02f10p01-ch1sk1fk1fl1.tiff,r02c02f10p01-ch6sk1fk1fl1.tiff,r02c02f10p01-ch2sk1fk1fl1.tiff,r02c02f10p01-ch5sk1fk1fl1.tiff,r02c02f10p01-ch3sk1fk1fl1.tiff,r02c02f10p01-ch4sk1fk1fl1.tiff,B02_s10,2,low,,2_low,train
HepatoPAC Islands 20260413,B02,11,r02c02f11p01-ch1sk1fk1fl1.tiff,r02c02f11p01-ch6sk1fk1fl1.tiff,r02c02f11p01-ch2sk1fk1fl1.tiff,r02c02f11p01-ch5sk1fk1fl1.tiff,r02c02f11p01-ch3sk1fk1fl1.tiff,r02c02f11p01-ch4sk1fk1fl1.tiff,B02_s11,2,low,,2_low,train
HepatoPAC Islands 20260413,B02,12,r02c02f12p01-ch1sk1fk1fl1.tiff,r02c02f12p01-ch6sk1fk1fl1.tiff,r02c02f12p01-ch2sk1fk1fl1.tiff,r02c02f12p01-ch5sk1fk1fl1.tiff,r02c02f12p01-ch3sk1fk1fl1.tiff,r02c02f12p01-ch4sk1fk1fl1.tiff,B02_s12,2,low,,2_low,train
HepatoPAC Islands 20260413,B02,13,r02c02f13p01-ch1sk1fk1fl1.tiff,r02c02f13p01-ch6sk1fk1fl1.tiff,r02c02f13p01-ch2sk1fk1fl1.tiff,r02c02f13p01-ch5sk1fk1fl1.tiff,r02c02f13p01-ch3sk1fk1fl1.tiff,r02c02f13p01-ch4sk1fk1fl1.tiff,B02_s13,2,low,,2_low,train
HepatoPAC Islands 20260413,B02,14,r02c02f14p01-ch1sk1fk1fl1.tiff,r02c02f14p01-ch6sk1fk1fl1.tiff,r02c02f14p01-ch2sk1fk1fl1.tiff,r02c02f14p01-ch5sk1fk1fl1.tiff,r02c02f14p01-ch3sk1fk1fl1.tiff,r02c02f14p01-ch4sk1fk1fl1.tiff,B02_s14,2,low,,2_low,train
HepatoPAC Islands 20260413,B02,15,r02c02f15p01-ch1sk1fk1fl1.tiff,r02c02f15p01-ch6sk1fk1fl1.tiff,r02c02f15p01-ch2sk1fk1fl1.tiff,r02c02f15p01-ch5sk1fk1fl1.tiff,r02c02f15p01-ch3sk1fk1fl1.tiff,r02c02f15p01-ch4sk1fk1fl1.tiff,B02_s15,2,low,,2_low,train
HepatoPAC Islands 20260413,B02,16,r02c02f16p01-ch1sk1fk1fl1.tiff,r02c02f16p01-ch6sk1fk1fl1.tiff,r02c02f16p01-ch2sk1fk1fl1.tiff,r02c02f16p01-ch5sk1fk1fl1.tiff,r02c02f16p01-ch3sk1fk1fl1.tiff,r02c02f16p01-ch4sk1fk1fl1.tiff,B02_s16,2,low,,2_low,train
HepatoPAC Islands 20260413,B02,17,r02c02f17p01-ch1sk1fk1fl1.tiff,r02c02f17p01-ch6sk1fk1fl1.tiff,r02c02f17p01-ch2sk1fk1fl1.tiff,r02c02f17p01-ch5sk1fk1fl1.tiff,r02c02f17p01-ch3sk1fk1fl1.tiff,r02c02f17p01-ch4sk1fk1fl1.tiff,B02_s17,2,low,,2_low,train
HepatoPAC Islands 20260413,B02,18,r02c02f18p01-ch1sk1fk1fl1.tiff,r02c02f18p01-ch6sk1fk1fl1.tiff,r02c02f18p01-ch2sk1fk1fl1.tiff,r02c02f18p01-ch5sk1fk1fl1.tiff,r02c02f18p01-ch3sk1fk1fl1.tiff,r02c02f18p01-ch4sk1fk1fl1.tiff,B02_s18,2,low,,2_low,train
HepatoPAC Islands 20260413,B02,19,r02c02f19p01-ch1sk1fk1fl1.tiff,r02c02f19p01-ch6sk1fk1fl1.tiff,r02c02f19p01-ch2sk1fk1fl1.tiff,r02c02f19p01-ch5sk1fk1fl1.tiff,r02c02f19p01-ch3sk1fk1fl1.tiff,r02c02f19p01-ch4sk1fk1fl1.tiff,B02_s19,2,low,,2_low,train
HepatoPAC Islands 20260413,B02,20,r02c02f20p01-ch1sk1fk1fl1.tiff,r02c02f20p01-ch6sk1fk1fl1.tiff,r02c02f20p01-ch2sk1fk1fl1.tiff,r02c02f20p01-ch5sk1fk1fl1.tiff,r02c02f20p01-ch3sk1fk1fl1.tiff,r02c02f20p01-ch4sk1fk1fl1.tiff,B02_s20,2,low,,2_low,train
HepatoPAC Islands 20260413,B02,21,r02c02f21p01-ch1sk1fk1fl1.tiff,r02c02f21p01-ch6sk1fk1fl1.tiff,r02c02f21p01-ch2sk1fk1fl1.tiff,r02c02f21p01-ch5sk1fk1fl1.tiff,r02c02f21p01-ch3sk1fk1fl1.tiff,r02c02f21p01-ch4sk1fk1fl1.tiff,B02_s21,2,low,,2_low,train
HepatoPAC Islands 20260413,B02,22,r02c02f22p01-ch1sk1fk1fl1.tiff,r02c02f22p01-ch6sk1fk1fl1.tiff,r02c02f22p01-ch2sk1fk1fl1.tiff,r02c02f22p01-ch5sk1fk1fl1.tiff,r02c02f22p01-ch3sk1fk1fl1.tiff,r02c02f22p01-ch4sk1fk1fl1.tiff,B02_s22,2,low,,2_low,train
HepatoPAC Islands 20260413,B02,23,r02c02f23p01-ch1sk1fk1fl1.tiff,r02c02f23p01-ch6sk1fk1fl1.tiff,r02c02f23p01-ch2sk1fk1fl1.tiff,r02c02f23p01-ch5sk1fk1fl1.tiff,r02c02f23p01-ch3sk1fk1fl1.tiff,r02c02f23p01-ch4sk1fk1fl1.tiff,B02_s23,2,low,,2_low,train
HepatoPAC Islands 20260413,B02,24,r02c02f24p01-ch1sk1fk1fl1.tiff,r02c02f24p01-ch6sk1fk1fl1.tiff,r02c02f24p01-ch2sk1fk1fl1.tiff,r02c02f24p01-ch5sk1fk1fl1.tiff,r02c02f24p01-ch3sk1fk1fl1.tiff,r02c02f24p01-ch4sk1fk1fl1.tiff,B02_s24,2,low,,2_low,train
HepatoPAC Islands 20260413,B02,25,r02c02f25p01-ch1sk1fk1fl1.tiff,r02c02f25p01-ch6sk1fk1fl1.tiff,r02c02f25p01-ch2sk1fk1fl1.tiff,r02c02f25p01-ch5sk1fk1fl1.tiff,r02c02f25p01-ch3sk1fk1fl1.tiff,r02c02f25p01-ch4sk1fk1fl1.tiff,B02_s25,2,low,,2_low,train
HepatoPAC Islands 20260413,B02,26,r02c02f26p01-ch1sk1fk1fl1.tiff,r02c02f26p01-ch6sk1fk1fl1.tiff,r02c02f26p01-ch2sk1fk1fl1.tiff,r02c02f26p01-ch5sk1fk1fl1.tiff,r02c02f26p01-ch3sk1fk1fl1.tiff,r02c02f26p01-ch4sk1fk1fl1.tiff,B02_s26,2,low,,2_low,train
HepatoPAC Islands 20260413,B02,27,r02c02f27p01-ch1sk1fk1fl1.tiff,r02c02f27p01-ch6sk1fk1fl1.tiff,r02c02f27p01-ch2sk1fk1fl1.tiff,r02c02f27p01-ch5sk1fk1fl1.tiff,r02c02f27p01-ch3sk1fk1fl1.tiff,r02c02f27p01-ch4sk1fk1fl1.tiff,B02_s27,2,low,,2_low,train
HepatoPAC Islands 20260413,B02,28,r02c02f28p01-ch1sk1fk1fl1.tiff,r02c02f28p01-ch6sk1fk1fl1.tiff,r02c02f28p01-ch2sk1fk1fl1.tiff,r02c02f28p01-ch5sk1fk1fl1.tiff,r02c02f28p01-ch3sk1fk1fl1.tiff,r02c02f28p01-ch4sk1fk1fl1.tiff,B02_s28,2,low,,2_low,train
HepatoPAC Islands 20260413,B02,29,r02c02f29p01-ch1sk1fk1fl1.tiff,r02c02f29p01-ch6sk1fk1fl1.tiff,r02c02f29p01-ch2sk1fk1fl1.tiff,r02c02f29p01-ch5sk1fk1fl1.tiff,r02c02f29p01-ch3sk1fk1fl1.tiff,r02c02f29p01-ch4sk1fk1fl1.tiff,B02_s29,2,low,,2_low,train
HepatoPAC Islands 20260413,B02,30,r02c02f30p01-ch1sk1fk1fl1.tiff,r02c02f30p01-ch6sk1fk1fl1.tiff,r02c02f30p01-ch2sk1fk1fl1.tiff,r02c02f30p01-ch5sk1fk1fl1.tiff,r02c02f30p01-ch3sk1fk1fl1.tiff,r02c02f30p01-ch4sk1fk1fl1.tiff,B02_s30,2,low,,2_low,train
HepatoPAC Islands 20260413,B02,31,r02c02f31p01-ch1sk1fk1fl1.tiff,r02c02f31p01-ch6sk1fk1fl1.tiff,r02c02f31p01-ch2sk1fk1fl1.tiff,r02c02f31p01-ch5sk1fk1fl1.tiff,r02c02f31p01-ch3sk1fk1fl1.tiff,r02c02f31p01-ch4sk1fk1fl1.tiff,B02_s31,2,low,,2_low,train
HepatoPAC Islands 20260413,B02,32,r02c02f32p01-ch1sk1fk1fl1.tiff,r02c02f32p01-ch6sk1fk1fl1.tiff,r02c02f32p01-ch2sk1fk1fl1.tiff,r02c02f32p01-ch5sk1fk1fl1.tiff,r02c02f32p01-ch3sk1fk1fl1.tiff,r02c02f32p01-ch4sk1fk1fl1.tiff,B02_s32,2,low,,2_low,train
HepatoPAC Islands 20260413,B02,33,r02c02f33p01-ch1sk1fk1fl1.tiff,r02c02f33p01-ch6sk1fk1fl1.tiff,r02c02f33p01-ch2sk1fk1fl1.tiff,r02c02f33p01-ch5sk1fk1fl1.tiff,r02c02f33p01-ch3sk1fk1fl1.tiff,r02c02f33p01-ch4sk1fk1fl1.tiff,B02_s33,2,low,,2_low,train
HepatoPAC Islands 20260413,B02,34,r02c02f34p01-ch1sk1fk1fl1.tiff,r02c02f34p01-ch6sk1fk1fl1.tiff,r02c02f34p01-ch2sk1fk1fl1.tiff,r02c02f34p01-ch5sk1fk1fl1.tiff,r02c02f34p01-ch3sk1fk1fl1.tiff,r02c02f34p01-ch4sk1fk1fl1.tiff,B02_s34,2,low,,2_low,train
HepatoPAC Islands 20260413,B02,35,r02c02f35p01-ch1sk1fk1fl1.tiff,r02c02f35p01-ch6sk1fk1fl1.tiff,r02c02f35p01-ch2sk1fk1fl1.tiff,r02c02f35p01-ch5sk1fk1fl1.tiff,r02c02f35p01-ch3sk1fk1fl1.tiff,r02c02f35p01-ch4sk1fk1fl1.tiff,B02_s35,2,low,,2_low,train
HepatoPAC Islands 20260413,B02,36,r02c02f36p01-ch1sk1fk1fl1.tiff,r02c02f36p01-ch6sk1fk1fl1.tiff,r02c02f36p01-ch2sk1fk1fl1.tiff,r02c02f36p01-ch5sk1fk1fl1.tiff,r02c02f36p01-ch3sk1fk1fl1.tiff,r02c02f36p01-ch4sk1fk1fl1.tiff,B02_s36,2,low,,2_low,train
HepatoPAC Islands 20260413,B02,37,r02c02f37p01-ch1sk1fk1fl1.tiff,r02c02f37p01-ch6sk1fk1fl1.tiff,r02c02f37p01-ch2sk1fk1fl1.tiff,r02c02f37p01-ch5sk1fk1fl1.tiff,r02c02f37p01-ch3sk1fk1fl1.tiff,r02c02f37p01-ch4sk1fk1fl1.tiff,B02_s37,2,low,,2_low,train
HepatoPAC Islands 20260413,B02,38,r02c02f38p01-ch1sk1fk1fl1.tiff,r02c02f38p01-ch6sk1fk1fl1.tiff,r02c02f38p01-ch2sk1fk1fl1.tiff,r02c02f38p01-ch5sk1fk1fl1.tiff,r02c02f38p01-ch3sk1fk1fl1.tiff,r02c02f38p01-ch4sk1fk1fl1.tiff,B02_s38,2,low,,2_low,train
HepatoPAC Islands 20260413,B02,39,r02c02f39p01-ch1sk1fk1fl1.tiff,r02c02f39p01-ch6sk1fk1fl1.tiff,r02c02f39p01-ch2sk1fk1fl1.tiff,r02c02f39p01-ch5sk1fk1fl1.tiff,r02c02f39p01-ch3sk1fk1fl1.tiff,r02c02f39p01-ch4sk1fk1fl1.tiff,B02_s39,2,low,,2_low,train
HepatoPAC Islands 20260413,B02,40,r02c02f40p01-ch1sk1fk1fl1.tiff,r02c02f40p01-ch6sk1fk1fl1.tiff,r02c02f40p01-ch2sk1fk1fl1.tiff,r02c02f40p01-ch5sk1fk1fl1.tiff,r02c02f40p01-ch3sk1fk1fl1.tiff,r02c02f40p01-ch4sk1fk1fl1.tiff,B02_s40,2,low,,2_low,train
HepatoPAC Islands 20260413,B02,41,r02c02f41p01-ch1sk1fk1fl1.tiff,r02c02f41p01-ch6sk1fk1fl1.tiff,r02c02f41p01-ch2sk1fk1fl1.tiff,r02c02f41p01-ch5sk1fk1fl1.tiff,r02c02f41p01-ch3sk1fk1fl1.tiff,r02c02f41p01-ch4sk1fk1fl1.tiff,B02_s41,2,low,,2_low,train
HepatoPAC Islands 20260413,B02,42,r02c02f42p01-ch1sk1fk1fl1.tiff,r02c02f42p01-ch6sk1fk1fl1.tiff,r02c02f42p01-ch2sk1fk1fl1.tiff,r02c02f42p01-ch5sk1fk1fl1.tiff,r02c02f42p01-ch3sk1fk1fl1.tiff,r02c02f42p01-ch4sk1fk1fl1.tiff,B02_s42,2,low,,2_low,train
HepatoPAC Islands 20260413,B02,43,r02c02f43p01-ch1sk1fk1fl1.tiff,r02c02f43p01-ch6sk1fk1fl1.tiff,r02c02f43p01-ch2sk1fk1fl1.tiff,r02c02f43p01-ch5sk1fk1fl1.tiff,r02c02f43p01-ch3sk1fk1fl1.tiff,r02c02f43p01-ch4sk1fk1fl1.tiff,B02_s43,2,low,,2_low,train
HepatoPAC Islands 20260413,B02,44,r02c02f44p01-ch1sk1fk1fl1.tiff,r02c02f44p01-ch6sk1fk1fl1.tiff,r02c02f44p01-ch2sk1fk1fl1.tiff,r02c02f44p01-ch5sk1fk1fl1.tiff,r02c02f44p01-ch3sk1fk1fl1.tiff,r02c02f44p01-ch4sk1fk1fl1.tiff,B02_s44,2,low,,2_low,train
HepatoPAC Islands 20260413,B02,45,r02c02f45p01-ch1sk1fk1fl1.tiff,r02c02f45p01-ch6sk1fk1fl1.tiff,r02c02f45p01-ch2sk1fk1fl1.tiff,r02c02f45p01-ch5sk1fk1fl1.tiff,r02c02f45p01-ch3sk1fk1fl1.tiff,r02c02f45p01-ch4sk1fk1fl1.tiff,B02_s45,2,low,,2_low,train
HepatoPAC Islands 20260413,B02,46,r02c02f46p01-ch1sk1fk1fl1.tiff,r02c02f46p01-ch6sk1fk1fl1.tiff,r02c02f46p01-ch2sk1fk1fl1.tiff,r02c02f46p01-ch5sk1fk1fl1.tiff,r02c02f46p01-ch3sk1fk1fl1.tiff,r02c02f46p01-ch4sk1fk1fl1.tiff,B02_s46,2,low,,2_low,train
HepatoPAC Islands 20260413,B02,47,r02c02f47p01-ch1sk1fk1fl1.tiff,r02c02f47p01-ch6sk1fk1fl1.tiff,r02c02f47p01-ch2sk1fk1fl1.tiff,r02c02f47p01-ch5sk1fk1fl1.tiff,r02c02f47p01-ch3sk1fk1fl1.tiff,r02c02f47p01-ch4sk1fk1fl1.tiff,B02_s47,2,low,,2_low,train
HepatoPAC Islands 20260413,B02,48,r02c02f48p01-ch1sk1fk1fl1.tiff,r02c02f48p01-ch6sk1fk1fl1.tiff,r02c02f48p01-ch2sk1fk1fl1.tiff,r02c02f48p01-ch5sk1fk1fl1.tiff,r02c02f48p01-ch3sk1fk1fl1.tiff,r02c02f48p01-ch4sk1fk1fl1.tiff,B02_s48,2,low,,2_low,train
HepatoPAC Islands 20260413,B02,49,r02c02f49p01-ch1sk1fk1fl1.tiff,r02c02f49p01-ch6sk1fk1fl1.tiff,r02c02f49p01-ch2sk1fk1fl1.tiff,r02c02f49p01-ch5sk1fk1fl1.tiff,r02c02f49p01-ch3sk1fk1fl1.tiff,r02c02f49p01-ch4sk1fk1fl1.tiff,B02_s49,2,low,,2_low,train
HepatoPAC Islands 20260413,B03,1,r02c03f01p01-ch1sk1fk1fl1.tiff,r02c03f01p01-ch6sk1fk1fl1.tiff,r02c03f01p01-ch2sk1fk1fl1.tiff,r02c03f01p01-ch5sk1fk1fl1.tiff,r02c03f01p01-ch3sk1fk1fl1.tiff,r02c03f01p01-ch4sk1fk1fl1.tiff,B03_s01,3,low,,3_low,train
HepatoPAC Islands 20260413,B03,2,r02c03f02p01-ch1sk1fk1fl1.tiff,r02c03f02p01-ch6sk1fk1fl1.tiff,r02c03f02p01-ch2sk1fk1fl1.tiff,r02c03f02p01-ch5sk1fk1fl1.tiff,r02c03f02p01-ch3sk1fk1fl1.tiff,r02c03f02p01-ch4sk1fk1fl1.tiff,B03_s02,3,low,,3_low,train
HepatoPAC Islands 20260413,B03,3,r02c03f03p01-ch1sk1fk1fl1.tiff,r02c03f03p01-ch6sk1fk1fl1.tiff,r02c03f03p01-ch2sk1fk1fl1.tiff,r02c03f03p01-ch5sk1fk1fl1.tiff,r02c03f03p01-ch3sk1fk1fl1.tiff,r02c03f03p01-ch4sk1fk1fl1.tiff,B03_s03,3,low,,3_low,train
HepatoPAC Islands 20260413,B03,4,r02c03f04p01-ch1sk1fk1fl1.tiff,r02c03f04p01-ch6sk1fk1fl1.tiff,r02c03f04p01-ch2sk1fk1fl1.tiff,r02c03f04p01-ch5sk1fk1fl1.tiff,r02c03f04p01-ch3sk1fk1fl1.tiff,r02c03f04p01-ch4sk1fk1fl1.tiff,B03_s04,3,low,,3_low,train
HepatoPAC Islands 20260413,B03,5,r02c03f05p01-ch1sk1fk1fl1.tiff,r02c03f05p01-ch6sk1fk1fl1.tiff,r02c03f05p01-ch2sk1fk1fl1.tiff,r02c03f05p01-ch5sk1fk1fl1.tiff,r02c03f05p01-ch3sk1fk1fl1.tiff,r02c03f05p01-ch4sk1fk1fl1.tiff,B03_s05,3,low,,3_low,train
HepatoPAC Islands 20260413,B03,6,r02c03f06p01-ch1sk1fk1fl1.tiff,r02c03f06p01-ch6sk1fk1fl1.tiff,r02c03f06p01-ch2sk1fk1fl1.tiff,r02c03f06p01-ch5sk1fk1fl1.tiff,r02c03f06p01-ch3sk1fk1fl1.tiff,r02c03f06p01-ch4sk1fk1fl1.tiff,B03_s06,3,low,,3_low,train
HepatoPAC Islands 20260413,B03,7,r02c03f07p01-ch1sk1fk1fl1.tiff,r02c03f07p01-ch6sk1fk1fl1.tiff,r02c03f07p01-ch2sk1fk1fl1.tiff,r02c03f07p01-ch5sk1fk1fl1.tiff,r02c03f07p01-ch3sk1fk1fl1.tiff,r02c03f07p01-ch4sk1fk1fl1.tiff,B03_s07,3,low,,3_low,train
HepatoPAC Islands 20260413,B03,8,r02c03f08p01-ch1sk1fk1fl1.tiff,r02c03f08p01-ch6sk1fk1fl1.tiff,r02c03f08p01-ch2sk1fk1fl1.tiff,r02c03f08p01-ch5sk1fk1fl1.tiff,r02c03f08p01-ch3sk1fk1fl1.tiff,r02c03f08p01-ch4sk1fk1fl1.tiff,B03_s08,3,low,,3_low,train
HepatoPAC Islands 20260413,B03,9,r02c03f09p01-ch1sk1fk1fl1.tiff,r02c03f09p01-ch6sk1fk1fl1.tiff,r02c03f09p01-ch2sk1fk1fl1.tiff,r02c03f09p01-ch5sk1fk1fl1.tiff,r02c03f09p01-ch3sk1fk1fl1.tiff,r02c03f09p01-ch4sk1fk1fl1.tiff,B03_s09,3,low,,3_low,train
HepatoPAC Islands 20260413,B03,10,r02c03f10p01-ch1sk1fk1fl1.tiff,r02c03f10p01-ch6sk1fk1fl1.tiff,r02c03f10p01-ch2sk1fk1fl1.tiff,r02c03f10p01-ch5sk1fk1fl1.tiff,r02c03f10p01-ch3sk1fk1fl1.tiff,r02c03f10p01-ch4sk1fk1fl1.tiff,B03_s10,3,low,,3_low,train
HepatoPAC Islands 20260413,B03,11,r02c03f11p01-ch1sk1fk1fl1.tiff,r02c03f11p01-ch6sk1fk1fl1.tiff,r02c03f11p01-ch2sk1fk1fl1.tiff,r02c03f11p01-ch5sk1fk1fl1.tiff,r02c03f11p01-ch3sk1fk1fl1.tiff,r02c03f11p01-ch4sk1fk1fl1.tiff,B03_s11,3,low,,3_low,train
HepatoPAC Islands 20260413,B03,12,r02c03f12p01-ch1sk1fk1fl1.tiff,r02c03f12p01-ch6sk1fk1fl1.tiff,r02c03f12p01-ch2sk1fk1fl1.tiff,r02c03f12p01-ch5sk1fk1fl1.tiff,r02c03f12p01-ch3sk1fk1fl1.tiff,r02c03f12p01-ch4sk1fk1fl1.tiff,B03_s12,3,low,,3_low,train
HepatoPAC Islands 20260413,B03,13,r02c03f13p01-ch1sk1fk1fl1.tiff,r02c03f13p01-ch6sk1fk1fl1.tiff,r02c03f13p01-ch2sk1fk1fl1.tiff,r02c03f13p01-ch5sk1fk1fl1.tiff,r02c03f13p01-ch3sk1fk1fl1.tiff,r02c03f13p01-ch4sk1fk1fl1.tiff,B03_s13,3,low,,3_low,train
HepatoPAC Islands 20260413,B03,14,r02c03f14p01-ch1sk1fk1fl1.tiff,r02c03f14p01-ch6sk1fk1fl1.tiff,r02c03f14p01-ch2sk1fk1fl1.tiff,r02c03f14p01-ch5sk1fk1fl1.tiff,r02c03f14p01-ch3sk1fk1fl1.tiff,r02c03f14p01-ch4sk1fk1fl1.tiff,B03_s14,3,low,,3_low,train
HepatoPAC Islands 20260413,B03,15,r02c03f15p01-ch1sk1fk1fl1.tiff,r02c03f15p01-ch6sk1fk1fl1.tiff,r02c03f15p01-ch2sk1fk1fl1.tiff,r02c03f15p01-ch5sk1fk1fl1.tiff,r02c03f15p01-ch3sk1fk1fl1.tiff,r02c03f15p01-ch4sk1fk1fl1.tiff,B03_s15,3,low,,3_low,train
HepatoPAC Islands 20260413,B03,16,r02c03f16p01-ch1sk1fk1fl1.tiff,r02c03f16p01-ch6sk1fk1fl1.tiff,r02c03f16p01-ch2sk1fk1fl1.tiff,r02c03f16p01-ch5sk1fk1fl1.tiff,r02c03f16p01-ch3sk1fk1fl1.tiff,r02c03f16p01-ch4sk1fk1fl1.tiff,B03_s16,3,low,,3_low,train
HepatoPAC Islands 20260413,B03,17,r02c03f17p01-ch1sk1fk1fl1.tiff,r02c03f17p01-ch6sk1fk1fl1.tiff,r02c03f17p01-ch2sk1fk1fl1.tiff,r02c03f17p01-ch5sk1fk1fl1.tiff,r02c03f17p01-ch3sk1fk1fl1.tiff,r02c03f17p01-ch4sk1fk1fl1.tiff,B03_s17,3,low,,3_low,train
HepatoPAC Islands 20260413,B03,18,r02c03f18p01-ch1sk1fk1fl1.tiff,r02c03f18p01-ch6sk1fk1fl1.tiff,r02c03f18p01-ch2sk1fk1fl1.tiff,r02c03f18p01-ch5sk1fk1fl1.tiff,r02c03f18p01-ch3sk1fk1fl1.tiff,r02c03f18p01-ch4sk1fk1fl1.tiff,B03_s18,3,low,,3_low,train
HepatoPAC Islands 20260413,B03,19,r02c03f19p01-ch1sk1fk1fl1.tiff,r02c03f19p01-ch6sk1fk1fl1.tiff,r02c03f19p01-ch2sk1fk1fl1.tiff,r02c03f19p01-ch5sk1fk1fl1.tiff,r02c03f19p01-ch3sk1fk1fl1.tiff,r02c03f19p01-ch4sk1fk1fl1.tiff,B03_s19,3,low,,3_low,train
HepatoPAC Islands 20260413,B03,20,r02c03f20p01-ch1sk1fk1fl1.tiff,r02c03f20p01-ch6sk1fk1fl1.tiff,r02c03f20p01-ch2sk1fk1fl1.tiff,r02c03f20p01-ch5sk1fk1fl1.tiff,r02c03f20p01-ch3sk1fk1fl1.tiff,r02c03f20p01-ch4sk1fk1fl1.tiff,B03_s20,3,low,,3_low,train
HepatoPAC Islands 20260413,B03,21,r02c03f21p01-ch1sk1fk1fl1.tiff,r02c03f21p01-ch6sk1fk1fl1.tiff,r02c03f21p01-ch2sk1fk1fl1.tiff,r02c03f21p01-ch5sk1fk1fl1.tiff,r02c03f21p01-ch3sk1fk1fl1.tiff,r02c03f21p01-ch4sk1fk1fl1.tiff,B03_s21,3,low,,3_low,train
HepatoPAC Islands 20260413,B03,22,r02c03f22p01-ch1sk1fk1fl1.tiff,r02c03f22p01-ch6sk1fk1fl1.tiff,r02c03f22p01-ch2sk1fk1fl1.tiff,r02c03f22p01-ch5sk1fk1fl1.tiff,r02c03f22p01-ch3sk1fk1fl1.tiff,r02c03f22p01-ch4sk1fk1fl1.tiff,B03_s22,3,low,,3_low,train
HepatoPAC Islands 20260413,B03,23,r02c03f23p01-ch1sk1fk1fl1.tiff,r02c03f23p01-ch6sk1fk1fl1.tiff,r02c03f23p01-ch2sk1fk1fl1.tiff,r02c03f23p01-ch5sk1fk1fl1.tiff,r02c03f23p01-ch3sk1fk1fl1.tiff,r02c03f23p01-ch4sk1fk1fl1.tiff,B03_s23,3,low,,3_low,train
HepatoPAC Islands 20260413,B03,24,r02c03f24p01-ch1sk1fk1fl1.tiff,r02c03f24p01-ch6sk1fk1fl1.tiff,r02c03f24p01-ch2sk1fk1fl1.tiff,r02c03f24p01-ch5sk1fk1fl1.tiff,r02c03f24p01-ch3sk1fk1fl1.tiff,r02c03f24p01-ch4sk1fk1fl1.tiff,B03_s24,3,low,,3_low,train
HepatoPAC Islands 20260413,B03,25,r02c03f25p01-ch1sk1fk1fl1.tiff,r02c03f25p01-ch6sk1fk1fl1.tiff,r02c03f25p01-ch2sk1fk1fl1.tiff,r02c03f25p01-ch5sk1fk1fl1.tiff,r02c03f25p01-ch3sk1fk1fl1.tiff,r02c03f25p01-ch4sk1fk1fl1.tiff,B03_s25,3,low,,3_low,train
HepatoPAC Islands 20260413,B03,26,r02c03f26p01-ch1sk1fk1fl1.tiff,r02c03f26p01-ch6sk1fk1fl1.tiff,r02c03f26p01-ch2sk1fk1fl1.tiff,r02c03f26p01-ch5sk1fk1fl1.tiff,r02c03f26p01-ch3sk1fk1fl1.tiff,r02c03f26p01-ch4sk1fk1fl1.tiff,B03_s26,3,low,,3_low,train
HepatoPAC Islands 20260413,B03,27,r02c03f27p01-ch1sk1fk1fl1.tiff,r02c03f27p01-ch6sk1fk1fl1.tiff,r02c03f27p01-ch2sk1fk1fl1.tiff,r02c03f27p01-ch5sk1fk1fl1.tiff,r02c03f27p01-ch3sk1fk1fl1.tiff,r02c03f27p01-ch4sk1fk1fl1.tiff,B03_s27,3,low,,3_low,train
HepatoPAC Islands 20260413,B03,28,r02c03f28p01-ch1sk1fk1fl1.tiff,r02c03f28p01-ch6sk1fk1fl1.tiff,r02c03f28p01-ch2sk1fk1fl1.tiff,r02c03f28p01-ch5sk1fk1fl1.tiff,r02c03f28p01-ch3sk1fk1fl1.tiff,r02c03f28p01-ch4sk1fk1fl1.tiff,B03_s28,3,low,,3_low,train
HepatoPAC Islands 20260413,B03,29,r02c03f29p01-ch1sk1fk1fl1.tiff,r02c03f29p01-ch6sk1fk1fl1.tiff,r02c03f29p01-ch2sk1fk1fl1.tiff,r02c03f29p01-ch5sk1fk1fl1.tiff,r02c03f29p01-ch3sk1fk1fl1.tiff,r02c03f29p01-ch4sk1fk1fl1.tiff,B03_s29,3,low,,3_low,train
HepatoPAC Islands 20260413,B03,30,r02c03f30p01-ch1sk1fk1fl1.tiff,r02c03f30p01-ch6sk1fk1fl1.tiff,r02c03f30p01-ch2sk1fk1fl1.tiff,r02c03f30p01-ch5sk1fk1fl1.tiff,r02c03f30p01-ch3sk1fk1fl1.tiff,r02c03f30p01-ch4sk1fk1fl1.tiff,B03_s30,3,low,,3_low,train
HepatoPAC Islands 20260413,B03,31,r02c03f31p01-ch1sk1fk1fl1.tiff,r02c03f31p01-ch6sk1fk1fl1.tiff,r02c03f31p01-ch2sk1fk1fl1.tiff,r02c03f31p01-ch5sk1fk1fl1.tiff,r02c03f31p01-ch3sk1fk1fl1.tiff,r02c03f31p01-ch4sk1fk1fl1.tiff,B03_s31,3,low,,3_low,train
HepatoPAC Islands 20260413,B03,32,r02c03f32p01-ch1sk1fk1fl1.tiff,r02c03f32p01-ch6sk1fk1fl1.tiff,r02c03f32p01-ch2sk1fk1fl1.tiff,r02c03f32p01-ch5sk1fk1fl1.tiff,r02c03f32p01-ch3sk1fk1fl1.tiff,r02c03f32p01-ch4sk1fk1fl1.tiff,B03_s32,3,low,,3_low,train
HepatoPAC Islands 20260413,B03,33,r02c03f33p01-ch1sk1fk1fl1.tiff,r02c03f33p01-ch6sk1fk1fl1.tiff,r02c03f33p01-ch2sk1fk1fl1.tiff,r02c03f33p01-ch5sk1fk1fl1.tiff,r02c03f33p01-ch3sk1fk1fl1.tiff,r02c03f33p01-ch4sk1fk1fl1.tiff,B03_s33,3,low,,3_low,train
HepatoPAC Islands 20260413,B03,34,r02c03f34p01-ch1sk1fk1fl1.tiff,r02c03f34p01-ch6sk1fk1fl1.tiff,r02c03f34p01-ch2sk1fk1fl1.tiff,r02c03f34p01-ch5sk1fk1fl1.tiff,r02c03f34p01-ch3sk1fk1fl1.tiff,r02c03f34p01-ch4sk1fk1fl1.tiff,B03_s34,3,low,,3_low,train
HepatoPAC Islands 20260413,B03,35,r02c03f35p01-ch1sk1fk1fl1.tiff,r02c03f35p01-ch6sk1fk1fl1.tiff,r02c03f35p01-ch2sk1fk1fl1.tiff,r02c03f35p01-ch5sk1fk1fl1.tiff,r02c03f35p01-ch3sk1fk1fl1.tiff,r02c03f35p01-ch4sk1fk1fl1.tiff,B03_s35,3,low,,3_low,train
HepatoPAC Islands 20260413,B03,36,r02c03f36p01-ch1sk1fk1fl1.tiff,r02c03f36p01-ch6sk1fk1fl1.tiff,r02c03f36p01-ch2sk1fk1fl1.tiff,r02c03f36p01-ch5sk1fk1fl1.tiff,r02c03f36p01-ch3sk1fk1fl1.tiff,r02c03f36p01-ch4sk1fk1fl1.tiff,B03_s36,3,low,,3_low,train
HepatoPAC Islands 20260413,B03,37,r02c03f37p01-ch1sk1fk1fl1.tiff,r02c03f37p01-ch6sk1fk1fl1.tiff,r02c03f37p01-ch2sk1fk1fl1.tiff,r02c03f37p01-ch5sk1fk1fl1.tiff,r02c03f37p01-ch3sk1fk1fl1.tiff,r02c03f37p01-ch4sk1fk1fl1.tiff,B03_s37,3,low,,3_low,train
HepatoPAC Islands 20260413,B03,38,r02c03f38p01-ch1sk1fk1fl1.tiff,r02c03f38p01-ch6sk1fk1fl1.tiff,r02c03f38p01-ch2sk1fk1fl1.tiff,r02c03f38p01-ch5sk1fk1fl1.tiff,r02c03f38p01-ch3sk1fk1fl1.tiff,r02c03f38p01-ch4sk1fk1fl1.tiff,B03_s38,3,low,,3_low,train
HepatoPAC Islands 20260413,B03,39,r02c03f39p01-ch1sk1fk1fl1.tiff,r02c03f39p01-ch6sk1fk1fl1.tiff,r02c03f39p01-ch2sk1fk1fl1.tiff,r02c03f39p01-ch5sk1fk1fl1.tiff,r02c03f39p01-ch3sk1fk1fl1.tiff,r02c03f39p01-ch4sk1fk1fl1.tiff,B03_s39,3,low,,3_low,train
HepatoPAC Islands 20260413,B03,40,r02c03f40p01-ch1sk1fk1fl1.tiff,r02c03f40p01-ch6sk1fk1fl1.tiff,r02c03f40p01-ch2sk1fk1fl1.tiff,r02c03f40p01-ch5sk1fk1fl1.tiff,r02c03f40p01-ch3sk1fk1fl1.tiff,r02c03f40p01-ch4sk1fk1fl1.tiff,B03_s40,3,low,,3_low,train
HepatoPAC Islands 20260413,B03,41,r02c03f41p01-ch1sk1fk1fl1.tiff,r02c03f41p01-ch6sk1fk1fl1.tiff,r02c03f41p01-ch2sk1fk1fl1.tiff,r02c03f41p01-ch5sk1fk1fl1.tiff,r02c03f41p01-ch3sk1fk1fl1.tiff,r02c03f41p01-ch4sk1fk1fl1.tiff,B03_s41,3,low,,3_low,train
HepatoPAC Islands 20260413,B03,42,r02c03f42p01-ch1sk1fk1fl1.tiff,r02c03f42p01-ch6sk1fk1fl1.tiff,r02c03f42p01-ch2sk1fk1fl1.tiff,r02c03f42p01-ch5sk1fk1fl1.tiff,r02c03f42p01-ch3sk1fk1fl1.tiff,r02c03f42p01-ch4sk1fk1fl1.tiff,B03_s42,3,low,,3_low,train
HepatoPAC Islands 20260413,B03,43,r02c03f43p01-ch1sk1fk1fl1.tiff,r02c03f43p01-ch6sk1fk1fl1.tiff,r02c03f43p01-ch2sk1fk1fl1.tiff,r02c03f43p01-ch5sk1fk1fl1.tiff,r02c03f43p01-ch3sk1fk1fl1.tiff,r02c03f43p01-ch4sk1fk1fl1.tiff,B03_s43,3,low,,3_low,train
HepatoPAC Islands 20260413,B03,44,r02c03f44p01-ch1sk1fk1fl1.tiff,r02c03f44p01-ch6sk1fk1fl1.tiff,r02c03f44p01-ch2sk1fk1fl1.tiff,r02c03f44p01-ch5sk1fk1fl1.tiff,r02c03f44p01-ch3sk1fk1fl1.tiff,r02c03f44p01-ch4sk1fk1fl1.tiff,B03_s44,3,low,,3_low,train
HepatoPAC Islands 20260413,B03,45,r02c03f45p01-ch1sk1fk1fl1.tiff,r02c03f45p01-ch6sk1fk1fl1.tiff,r02c03f45p01-ch2sk1fk1fl1.tiff,r02c03f45p01-ch5sk1fk1fl1.tiff,r02c03f45p01-ch3sk1fk1fl1.tiff,r02c03f45p01-ch4sk1fk1fl1.tiff,B03_s45,3,low,,3_low,train
HepatoPAC Islands 20260413,B03,46,r02c03f46p01-ch1sk1fk1fl1.tiff,r02c03f46p01-ch6sk1fk1fl1.tiff,r02c03f46p01-ch2sk1fk1fl1.tiff,r02c03f46p01-ch5sk1fk1fl1.tiff,r02c03f46p01-ch3sk1fk1fl1.tiff,r02c03f46p01-ch4sk1fk1fl1.tiff,B03_s46,3,low,,3_low,train
HepatoPAC Islands 20260413,B03,47,r02c03f47p01-ch1sk1fk1fl1.tiff,r02c03f47p01-ch6sk1fk1fl1.tiff,r02c03f47p01-ch2sk1fk1fl1.tiff,r02c03f47p01-ch5sk1fk1fl1.tiff,r02c03f47p01-ch3sk1fk1fl1.tiff,r02c03f47p01-ch4sk1fk1fl1.tiff,B03_s47,3,low,,3_low,train
HepatoPAC Islands 20260413,B03,48,r02c03f48p01-ch1sk1fk1fl1.tiff,r02c03f48p01-ch6sk1fk1fl1.tiff,r02c03f48p01-ch2sk1fk1fl1.tiff,r02c03f48p01-ch5sk1fk1fl1.tiff,r02c03f48p01-ch3sk1fk1fl1.tiff,r02c03f48p01-ch4sk1fk1fl1.tiff,B03_s48,3,low,,3_low,train
HepatoPAC Islands 20260413,B03,49,r02c03f49p01-ch1sk1fk1fl1.tiff,r02c03f49p01-ch6sk1fk1fl1.tiff,r02c03f49p01-ch2sk1fk1fl1.tiff,r02c03f49p01-ch5sk1fk1fl1.tiff,r02c03f49p01-ch3sk1fk1fl1.tiff,r02c03f49p01-ch4sk1fk1fl1.tiff,B03_s49,3,low,,3_low,train
HepatoPAC Islands 20260413,B04,1,r02c04f01p01-ch1sk1fk1fl1.tiff,r02c04f01p01-ch6sk1fk1fl1.tiff,r02c04f01p01-ch2sk1fk1fl1.tiff,r02c04f01p01-ch5sk1fk1fl1.tiff,r02c04f01p01-ch3sk1fk1fl1.tiff,r02c04f01p01-ch4sk1fk1fl1.tiff,B04_s01,4,low,,4_low,train
HepatoPAC Islands 20260413,B04,2,r02c04f02p01-ch1sk1fk1fl1.tiff,r02c04f02p01-ch6sk1fk1fl1.tiff,r02c04f02p01-ch2sk1fk1fl1.tiff,r02c04f02p01-ch5sk1fk1fl1.tiff,r02c04f02p01-ch3sk1fk1fl1.tiff,r02c04f02p01-ch4sk1fk1fl1.tiff,B04_s02,4,low,,4_low,train
HepatoPAC Islands 20260413,B04,3,r02c04f03p01-ch1sk1fk1fl1.tiff,r02c04f03p01-ch6sk1fk1fl1.tiff,r02c04f03p01-ch2sk1fk1fl1.tiff,r02c04f03p01-ch5sk1fk1fl1.tiff,r02c04f03p01-ch3sk1fk1fl1.tiff,r02c04f03p01-ch4sk1fk1fl1.tiff,B04_s03,4,low,,4_low,train
HepatoPAC Islands 20260413,B04,4,r02c04f04p01-ch1sk1fk1fl1.tiff,r02c04f04p01-ch6sk1fk1fl1.tiff,r02c04f04p01-ch2sk1fk1fl1.tiff,r02c04f04p01-ch5sk1fk1fl1.tiff,r02c04f04p01-ch3sk1fk1fl1.tiff,r02c04f04p01-ch4sk1fk1fl1.tiff,B04_s04,4,low,,4_low,train
HepatoPAC Islands 20260413,B04,5,r02c04f05p01-ch1sk1fk1fl1.tiff,r02c04f05p01-ch6sk1fk1fl1.tiff,r02c04f05p01-ch2sk1fk1fl1.tiff,r02c04f05p01-ch5sk1fk1fl1.tiff,r02c04f05p01-ch3sk1fk1fl1.tiff,r02c04f05p01-ch4sk1fk1fl1.tiff,B04_s05,4,low,,4_low,train
HepatoPAC Islands 20260413,B04,6,r02c04f06p01-ch1sk1fk1fl1.tiff,r02c04f06p01-ch6sk1fk1fl1.tiff,r02c04f06p01-ch2sk1fk1fl1.tiff,r02c04f06p01-ch5sk1fk1fl1.tiff,r02c04f06p01-ch3sk1fk1fl1.tiff,r02c04f06p01-ch4sk1fk1fl1.tiff,B04_s06,4,low,,4_low,train
HepatoPAC Islands 20260413,B04,7,r02c04f07p01-ch1sk1fk1fl1.tiff,r02c04f07p01-ch6sk1fk1fl1.tiff,r02c04f07p01-ch2sk1fk1fl1.tiff,r02c04f07p01-ch5sk1fk1fl1.tiff,r02c04f07p01-ch3sk1fk1fl1.tiff,r02c04f07p01-ch4sk1fk1fl1.tiff,B04_s07,4,low,,4_low,train
HepatoPAC Islands 20260413,B04,8,r02c04f08p01-ch1sk1fk1fl1.tiff,r02c04f08p01-ch6sk1fk1fl1.tiff,r02c04f08p01-ch2sk1fk1fl1.tiff,r02c04f08p01-ch5sk1fk1fl1.tiff,r02c04f08p01-ch3sk1fk1fl1.tiff,r02c04f08p01-ch4sk1fk1fl1.tiff,B04_s08,4,low,,4_low,train
HepatoPAC Islands 20260413,B04,9,r02c04f09p01-ch1sk1fk1fl1.tiff,r02c04f09p01-ch6sk1fk1fl1.tiff,r02c04f09p01-ch2sk1fk1fl1.tiff,r02c04f09p01-ch5sk1fk1fl1.tiff,r02c04f09p01-ch3sk1fk1fl1.tiff,r02c04f09p01-ch4sk1fk1fl1.tiff,B04_s09,4,low,,4_low,train
HepatoPAC Islands 20260413,B04,10,r02c04f10p01-ch1sk1fk1fl1.tiff,r02c04f10p01-ch6sk1fk1fl1.tiff,r02c04f10p01-ch2sk1fk1fl1.tiff,r02c04f10p01-ch5sk1fk1fl1.tiff,r02c04f10p01-ch3sk1fk1fl1.tiff,r02c04f10p01-ch4sk1fk1fl1.tiff,B04_s10,4,low,,4_low,train
HepatoPAC Islands 20260413,B04,11,r02c04f11p01-ch1sk1fk1fl1.tiff,r02c04f11p01-ch6sk1fk1fl1.tiff,r02c04f11p01-ch2sk1fk1fl1.tiff,r02c04f11p01-ch5sk1fk1fl1.tiff,r02c04f11p01-ch3sk1fk1fl1.tiff,r02c04f11p01-ch4sk1fk1fl1.tiff,B04_s11,4,low,,4_low,train
HepatoPAC Islands 20260413,B04,12,r02c04f12p01-ch1sk1fk1fl1.tiff,r02c04f12p01-ch6sk1fk1fl1.tiff,r02c04f12p01-ch2sk1fk1fl1.tiff,r02c04f12p01-ch5sk1fk1fl1.tiff,r02c04f12p01-ch3sk1fk1fl1.tiff,r02c04f12p01-ch4sk1fk1fl1.tiff,B04_s12,4,low,,4_low,train
HepatoPAC Islands 20260413,B04,13,r02c04f13p01-ch1sk1fk1fl1.tiff,r02c04f13p01-ch6sk1fk1fl1.tiff,r02c04f13p01-ch2sk1fk1fl1.tiff,r02c04f13p01-ch5sk1fk1fl1.tiff,r02c04f13p01-ch3sk1fk1fl1.tiff,r02c04f13p01-ch4sk1fk1fl1.tiff,B04_s13,4,low,,4_low,train
HepatoPAC Islands 20260413,B04,14,r02c04f14p01-ch1sk1fk1fl1.tiff,r02c04f14p01-ch6sk1fk1fl1.tiff,r02c04f14p01-ch2sk1fk1fl1.tiff,r02c04f14p01-ch5sk1fk1fl1.tiff,r02c04f14p01-ch3sk1fk1fl1.tiff,r02c04f14p01-ch4sk1fk1fl1.tiff,B04_s14,4,low,,4_low,train
HepatoPAC Islands 20260413,B04,15,r02c04f15p01-ch1sk1fk1fl1.tiff,r02c04f15p01-ch6sk1fk1fl1.tiff,r02c04f15p01-ch2sk1fk1fl1.tiff,r02c04f15p01-ch5sk1fk1fl1.tiff,r02c04f15p01-ch3sk1fk1fl1.tiff,r02c04f15p01-ch4sk1fk1fl1.tiff,B04_s15,4,low,,4_low,train
HepatoPAC Islands 20260413,B04,16,r02c04f16p01-ch1sk1fk1fl1.tiff,r02c04f16p01-ch6sk1fk1fl1.tiff,r02c04f16p01-ch2sk1fk1fl1.tiff,r02c04f16p01-ch5sk1fk1fl1.tiff,r02c04f16p01-ch3sk1fk1fl1.tiff,r02c04f16p01-ch4sk1fk1fl1.tiff,B04_s16,4,low,,4_low,train
HepatoPAC Islands 20260413,B04,17,r02c04f17p01-ch1sk1fk1fl1.tiff,r02c04f17p01-ch6sk1fk1fl1.tiff,r02c04f17p01-ch2sk1fk1fl1.tiff,r02c04f17p01-ch5sk1fk1fl1.tiff,r02c04f17p01-ch3sk1fk1fl1.tiff,r02c04f17p01-ch4sk1fk1fl1.tiff,B04_s17,4,low,,4_low,train
HepatoPAC Islands 20260413,B04,18,r02c04f18p01-ch1sk1fk1fl1.tiff,r02c04f18p01-ch6sk1fk1fl1.tiff,r02c04f18p01-ch2sk1fk1fl1.tiff,r02c04f18p01-ch5sk1fk1fl1.tiff,r02c04f18p01-ch3sk1fk1fl1.tiff,r02c04f18p01-ch4sk1fk1fl1.tiff,B04_s18,4,low,,4_low,train
HepatoPAC Islands 20260413,B04,19,r02c04f19p01-ch1sk1fk1fl1.tiff,r02c04f19p01-ch6sk1fk1fl1.tiff,r02c04f19p01-ch2sk1fk1fl1.tiff,r02c04f19p01-ch5sk1fk1fl1.tiff,r02c04f19p01-ch3sk1fk1fl1.tiff,r02c04f19p01-ch4sk1fk1fl1.tiff,B04_s19,4,low,,4_low,train
HepatoPAC Islands 20260413,B04,20,r02c04f20p01-ch1sk1fk1fl1.tiff,r02c04f20p01-ch6sk1fk1fl1.tiff,r02c04f20p01-ch2sk1fk1fl1.tiff,r02c04f20p01-ch5sk1fk1fl1.tiff,r02c04f20p01-ch3sk1fk1fl1.tiff,r02c04f20p01-ch4sk1fk1fl1.tiff,B04_s20,4,low,,4_low,train
HepatoPAC Islands 20260413,B04,21,r02c04f21p01-ch1sk1fk1fl1.tiff,r02c04f21p01-ch6sk1fk1fl1.tiff,r02c04f21p01-ch2sk1fk1fl1.tiff,r02c04f21p01-ch5sk1fk1fl1.tiff,r02c04f21p01-ch3sk1fk1fl1.tiff,r02c04f21p01-ch4sk1fk1fl1.tiff,B04_s21,4,low,,4_low,train
HepatoPAC Islands 20260413,B04,22,r02c04f22p01-ch1sk1fk1fl1.tiff,r02c04f22p01-ch6sk1fk1fl1.tiff,r02c04f22p01-ch2sk1fk1fl1.tiff,r02c04f22p01-ch5sk1fk1fl1.tiff,r02c04f22p01-ch3sk1fk1fl1.tiff,r02c04f22p01-ch4sk1fk1fl1.tiff,B04_s22,4,low,,4_low,train
HepatoPAC Islands 20260413,B04,23,r02c04f23p01-ch1sk1fk1fl1.tiff,r02c04f23p01-ch6sk1fk1fl1.tiff,r02c04f23p01-ch2sk1fk1fl1.tiff,r02c04f23p01-ch5sk1fk1fl1.tiff,r02c04f23p01-ch3sk1fk1fl1.tiff,r02c04f23p01-ch4sk1fk1fl1.tiff,B04_s23,4,low,,4_low,train
HepatoPAC Islands 20260413,B04,24,r02c04f24p01-ch1sk1fk1fl1.tiff,r02c04f24p01-ch6sk1fk1fl1.tiff,r02c04f24p01-ch2sk1fk1fl1.tiff,r02c04f24p01-ch5sk1fk1fl1.tiff,r02c04f24p01-ch3sk1fk1fl1.tiff,r02c04f24p01-ch4sk1fk1fl1.tiff,B04_s24,4,low,,4_low,train
HepatoPAC Islands 20260413,B04,25,r02c04f25p01-ch1sk1fk1fl1.tiff,r02c04f25p01-ch6sk1fk1fl1.tiff,r02c04f25p01-ch2sk1fk1fl1.tiff,r02c04f25p01-ch5sk1fk1fl1.tiff,r02c04f25p01-ch3sk1fk1fl1.tiff,r02c04f25p01-ch4sk1fk1fl1.tiff,B04_s25,4,low,,4_low,train
HepatoPAC Islands 20260413,B04,26,r02c04f26p01-ch1sk1fk1fl1.tiff,r02c04f26p01-ch6sk1fk1fl1.tiff,r02c04f26p01-ch2sk1fk1fl1.tiff,r02c04f26p01-ch5sk1fk1fl1.tiff,r02c04f26p01-ch3sk1fk1fl1.tiff,r02c04f26p01-ch4sk1fk1fl1.tiff,B04_s26,4,low,,4_low,train
HepatoPAC Islands 20260413,B04,27,r02c04f27p01-ch1sk1fk1fl1.tiff,r02c04f27p01-ch6sk1fk1fl1.tiff,r02c04f27p01-ch2sk1fk1fl1.tiff,r02c04f27p01-ch5sk1fk1fl1.tiff,r02c04f27p01-ch3sk1fk1fl1.tiff,r02c04f27p01-ch4sk1fk1fl1.tiff,B04_s27,4,low,,4_low,train
HepatoPAC Islands 20260413,B04,28,r02c04f28p01-ch1sk1fk1fl1.tiff,r02c04f28p01-ch6sk1fk1fl1.tiff,r02c04f28p01-ch2sk1fk1fl1.tiff,r02c04f28p01-ch5sk1fk1fl1.tiff,r02c04f28p01-ch3sk1fk1fl1.tiff,r02c04f28p01-ch4sk1fk1fl1.tiff,B04_s28,4,low,,4_low,train
HepatoPAC Islands 20260413,B04,29,r02c04f29p01-ch1sk1fk1fl1.tiff,r02c04f29p01-ch6sk1fk1fl1.tiff,r02c04f29p01-ch2sk1fk1fl1.tiff,r02c04f29p01-ch5sk1fk1fl1.tiff,r02c04f29p01-ch3sk1fk1fl1.tiff,r02c04f29p01-ch4sk1fk1fl1.tiff,B04_s29,4,low,,4_low,train
HepatoPAC Islands 20260413,B04,30,r02c04f30p01-ch1sk1fk1fl1.tiff,r02c04f30p01-ch6sk1fk1fl1.tiff,r02c04f30p01-ch2sk1fk1fl1.tiff,r02c04f30p01-ch5sk1fk1fl1.tiff,r02c04f30p01-ch3sk1fk1fl1.tiff,r02c04f30p01-ch4sk1fk1fl1.tiff,B04_s30,4,low,,4_low,train
HepatoPAC Islands 20260413,B04,31,r02c04f31p01-ch1sk1fk1fl1.tiff,r02c04f31p01-ch6sk1fk1fl1.tiff,r02c04f31p01-ch2sk1fk1fl1.tiff,r02c04f31p01-ch5sk1fk1fl1.tiff,r02c04f31p01-ch3sk1fk1fl1.tiff,r02c04f31p01-ch4sk1fk1fl1.tiff,B04_s31,4,low,,4_low,train
HepatoPAC Islands 20260413,B04,32,r02c04f32p01-ch1sk1fk1fl1.tiff,r02c04f32p01-ch6sk1fk1fl1.tiff,r02c04f32p01-ch2sk1fk1fl1.tiff,r02c04f32p01-ch5sk1fk1fl1.tiff,r02c04f32p01-ch3sk1fk1fl1.tiff,r02c04f32p01-ch4sk1fk1fl1.tiff,B04_s32,4,low,,4_low,train
HepatoPAC Islands 20260413,B04,33,r02c04f33p01-ch1sk1fk1fl1.tiff,r02c04f33p01-ch6sk1fk1fl1.tiff,r02c04f33p01-ch2sk1fk1fl1.tiff,r02c04f33p01-ch5sk1fk1fl1.tiff,r02c04f33p01-ch3sk1fk1fl1.tiff,r02c04f33p01-ch4sk1fk1fl1.tiff,B04_s33,4,low,,4_low,train
HepatoPAC Islands 20260413,B04,34,r02c04f34p01-ch1sk1fk1fl1.tiff,r02c04f34p01-ch6sk1fk1fl1.tiff,r02c04f34p01-ch2sk1fk1fl1.tiff,r02c04f34p01-ch5sk1fk1fl1.tiff,r02c04f34p01-ch3sk1fk1fl1.tiff,r02c04f34p01-ch4sk1fk1fl1.tiff,B04_s34,4,low,,4_low,train
HepatoPAC Islands 20260413,B04,35,r02c04f35p01-ch1sk1fk1fl1.tiff,r02c04f35p01-ch6sk1fk1fl1.tiff,r02c04f35p01-ch2sk1fk1fl1.tiff,r02c04f35p01-ch5sk1fk1fl1.tiff,r02c04f35p01-ch3sk1fk1fl1.tiff,r02c04f35p01-ch4sk1fk1fl1.tiff,B04_s35,4,low,,4_low,train
HepatoPAC Islands 20260413,B04,36,r02c04f36p01-ch1sk1fk1fl1.tiff,r02c04f36p01-ch6sk1fk1fl1.tiff,r02c04f36p01-ch2sk1fk1fl1.tiff,r02c04f36p01-ch5sk1fk1fl1.tiff,r02c04f36p01-ch3sk1fk1fl1.tiff,r02c04f36p01-ch4sk1fk1fl1.tiff,B04_s36,4,low,,4_low,train
HepatoPAC Islands 20260413,B04,37,r02c04f37p01-ch1sk1fk1fl1.tiff,r02c04f37p01-ch6sk1fk1fl1.tiff,r02c04f37p01-ch2sk1fk1fl1.tiff,r02c04f37p01-ch5sk1fk1fl1.tiff,r02c04f37p01-ch3sk1fk1fl1.tiff,r02c04f37p01-ch4sk1fk1fl1.tiff,B04_s37,4,low,,4_low,train
HepatoPAC Islands 20260413,B04,38,r02c04f38p01-ch1sk1fk1fl1.tiff,r02c04f38p01-ch6sk1fk1fl1.tiff,r02c04f38p01-ch2sk1fk1fl1.tiff,r02c04f38p01-ch5sk1fk1fl1.tiff,r02c04f38p01-ch3sk1fk1fl1.tiff,r02c04f38p01-ch4sk1fk1fl1.tiff,B04_s38,4,low,,4_low,train
HepatoPAC Islands 20260413,B04,39,r02c04f39p01-ch1sk1fk1fl1.tiff,r02c04f39p01-ch6sk1fk1fl1.tiff,r02c04f39p01-ch2sk1fk1fl1.tiff,r02c04f39p01-ch5sk1fk1fl1.tiff,r02c04f39p01-ch3sk1fk1fl1.tiff,r02c04f39p01-ch4sk1fk1fl1.tiff,B04_s39,4,low,,4_low,train
HepatoPAC Islands 20260413,B04,40,r02c04f40p01-ch1sk1fk1fl1.tiff,r02c04f40p01-ch6sk1fk1fl1.tiff,r02c04f40p01-ch2sk1fk1fl1.tiff,r02c04f40p01-ch5sk1fk1fl1.tiff,r02c04f40p01-ch3sk1fk1fl1.tiff,r02c04f40p01-ch4sk1fk1fl1.tiff,B04_s40,4,low,,4_low,train
HepatoPAC Islands 20260413,B04,41,r02c04f41p01-ch1sk1fk1fl1.tiff,r02c04f41p01-ch6sk1fk1fl1.tiff,r02c04f41p01-ch2sk1fk1fl1.tiff,r02c04f41p01-ch5sk1fk1fl1.tiff,r02c04f41p01-ch3sk1fk1fl1.tiff,r02c04f41p01-ch4sk1fk1fl1.tiff,B04_s41,4,low,,4_low,train
HepatoPAC Islands 20260413,B04,42,r02c04f42p01-ch1sk1fk1fl1.tiff,r02c04f42p01-ch6sk1fk1fl1.tiff,r02c04f42p01-ch2sk1fk1fl1.tiff,r02c04f42p01-ch5sk1fk1fl1.tiff,r02c04f42p01-ch3sk1fk1fl1.tiff,r02c04f42p01-ch4sk1fk1fl1.tiff,B04_s42,4,low,,4_low,train
HepatoPAC Islands 20260413,B04,43,r02c04f43p01-ch1sk1fk1fl1.tiff,r02c04f43p01-ch6sk1fk1fl1.tiff,r02c04f43p01-ch2sk1fk1fl1.tiff,r02c04f43p01-ch5sk1fk1fl1.tiff,r02c04f43p01-ch3sk1fk1fl1.tiff,r02c04f43p01-ch4sk1fk1fl1.tiff,B04_s43,4,low,,4_low,train
HepatoPAC Islands 20260413,B04,44,r02c04f44p01-ch1sk1fk1fl1.tiff,r02c04f44p01-ch6sk1fk1fl1.tiff,r02c04f44p01-ch2sk1fk1fl1.tiff,r02c04f44p01-ch5sk1fk1fl1.tiff,r02c04f44p01-ch3sk1fk1fl1.tiff,r02c04f44p01-ch4sk1fk1fl1.tiff,B04_s44,4,low,,4_low,train
HepatoPAC Islands 20260413,B04,45,r02c04f45p01-ch1sk1fk1fl1.tiff,r02c04f45p01-ch6sk1fk1fl1.tiff,r02c04f45p01-ch2sk1fk1fl1.tiff,r02c04f45p01-ch5sk1fk1fl1.tiff,r02c04f45p01-ch3sk1fk1fl1.tiff,r02c04f45p01-ch4sk1fk1fl1.tiff,B04_s45,4,low,,4_low,train
HepatoPAC Islands 20260413,B04,46,r02c04f46p01-ch1sk1fk1fl1.tiff,r02c04f46p01-ch6sk1fk1fl1.tiff,r02c04f46p01-ch2sk1fk1fl1.tiff,r02c04f46p01-ch5sk1fk1fl1.tiff,r02c04f46p01-ch3sk1fk1fl1.tiff,r02c04f46p01-ch4sk1fk1fl1.tiff,B04_s46,4,low,,4_low,train
HepatoPAC Islands 20260413,B04,47,r02c04f47p01-ch1sk1fk1fl1.tiff,r02c04f47p01-ch6sk1fk1fl1.tiff,r02c04f47p01-ch2sk1fk1fl1.tiff,r02c04f47p01-ch5sk1fk1fl1.tiff,r02c04f47p01-ch3sk1fk1fl1.tiff,r02c04f47p01-ch4sk1fk1fl1.tiff,B04_s47,4,low,,4_low,train
HepatoPAC Islands 20260413,B04,48,r02c04f48p01-ch1sk1fk1fl1.tiff,r02c04f48p01-ch6sk1fk1fl1.tiff,r02c04f48p01-ch2sk1fk1fl1.tiff,r02c04f48p01-ch5sk1fk1fl1.tiff,r02c04f48p01-ch3sk1fk1fl1.tiff,r02c04f48p01-ch4sk1fk1fl1.tiff,B04_s48,4,low,,4_low,train
HepatoPAC Islands 20260413,B04,49,r02c04f49p01-ch1sk1fk1fl1.tiff,r02c04f49p01-ch6sk1fk1fl1.tiff,r02c04f49p01-ch2sk1fk1fl1.tiff,r02c04f49p01-ch5sk1fk1fl1.tiff,r02c04f49p01-ch3sk1fk1fl1.tiff,r02c04f49p01-ch4sk1fk1fl1.tiff,B04_s49,4,low,,4_low,train
HepatoPAC Islands 20260413,B05,1,r02c05f01p01-ch1sk1fk1fl1.tiff,r02c05f01p01-ch6sk1fk1fl1.tiff,r02c05f01p01-ch2sk1fk1fl1.tiff,r02c05f01p01-ch5sk1fk1fl1.tiff,r02c05f01p01-ch3sk1fk1fl1.tiff,r02c05f01p01-ch4sk1fk1fl1.tiff,B05_s01,5,low,,5_low,train
HepatoPAC Islands 20260413,B05,2,r02c05f02p01-ch1sk1fk1fl1.tiff,r02c05f02p01-ch6sk1fk1fl1.tiff,r02c05f02p01-ch2sk1fk1fl1.tiff,r02c05f02p01-ch5sk1fk1fl1.tiff,r02c05f02p01-ch3sk1fk1fl1.tiff,r02c05f02p01-ch4sk1fk1fl1.tiff,B05_s02,5,low,,5_low,train
HepatoPAC Islands 20260413,B05,3,r02c05f03p01-ch1sk1fk1fl1.tiff,r02c05f03p01-ch6sk1fk1fl1.tiff,r02c05f03p01-ch2sk1fk1fl1.tiff,r02c05f03p01-ch5sk1fk1fl1.tiff,r02c05f03p01-ch3sk1fk1fl1.tiff,r02c05f03p01-ch4sk1fk1fl1.tiff,B05_s03,5,low,,5_low,train
HepatoPAC Islands 20260413,B05,4,r02c05f04p01-ch1sk1fk1fl1.tiff,r02c05f04p01-ch6sk1fk1fl1.tiff,r02c05f04p01-ch2sk1fk1fl1.tiff,r02c05f04p01-ch5sk1fk1fl1.tiff,r02c05f04p01-ch3sk1fk1fl1.tiff,r02c05f04p01-ch4sk1fk1fl1.tiff,B05_s04,5,low,,5_low,train
HepatoPAC Islands 20260413,B05,5,r02c05f05p01-ch1sk1fk1fl1.tiff,r02c05f05p01-ch6sk1fk1fl1.tiff,r02c05f05p01-ch2sk1fk1fl1.tiff,r02c05f05p01-ch5sk1fk1fl1.tiff,r02c05f05p01-ch3sk1fk1fl1.tiff,r02c05f05p01-ch4sk1fk1fl1.tiff,B05_s05,5,low,,5_low,train
HepatoPAC Islands 20260413,B05,6,r02c05f06p01-ch1sk1fk1fl1.tiff,r02c05f06p01-ch6sk1fk1fl1.tiff,r02c05f06p01-ch2sk1fk1fl1.tiff,r02c05f06p01-ch5sk1fk1fl1.tiff,r02c05f06p01-ch3sk1fk1fl1.tiff,r02c05f06p01-ch4sk1fk1fl1.tiff,B05_s06,5,low,,5_low,train
HepatoPAC Islands 20260413,B05,7,r02c05f07p01-ch1sk1fk1fl1.tiff,r02c05f07p01-ch6sk1fk1fl1.tiff,r02c05f07p01-ch2sk1fk1fl1.tiff,r02c05f07p01-ch5sk1fk1fl1.tiff,r02c05f07p01-ch3sk1fk1fl1.tiff,r02c05f07p01-ch4sk1fk1fl1.tiff,B05_s07,5,low,,5_low,train
HepatoPAC Islands 20260413,B05,8,r02c05f08p01-ch1sk1fk1fl1.tiff,r02c05f08p01-ch6sk1fk1fl1.tiff,r02c05f08p01-ch2sk1fk1fl1.tiff,r02c05f08p01-ch5sk1fk1fl1.tiff,r02c05f08p01-ch3sk1fk1fl1.tiff,r02c05f08p01-ch4sk1fk1fl1.tiff,B05_s08,5,low,,5_low,train
HepatoPAC Islands 20260413,B05,9,r02c05f09p01-ch1sk1fk1fl1.tiff,r02c05f09p01-ch6sk1fk1fl1.tiff,r02c05f09p01-ch2sk1fk1fl1.tiff,r02c05f09p01-ch5sk1fk1fl1.tiff,r02c05f09p01-ch3sk1fk1fl1.tiff,r02c05f09p01-ch4sk1fk1fl1.tiff,B05_s09,5,low,,5_low,train
HepatoPAC Islands 20260413,B05,10,r02c05f10p01-ch1sk1fk1fl1.tiff,r02c05f10p01-ch6sk1fk1fl1.tiff,r02c05f10p01-ch2sk1fk1fl1.tiff,r02c05f10p01-ch5sk1fk1fl1.tiff,r02c05f10p01-ch3sk1fk1fl1.tiff,r02c05f10p01-ch4sk1fk1fl1.tiff,B05_s10,5,low,,5_low,train
HepatoPAC Islands 20260413,B05,11,r02c05f11p01-ch1sk1fk1fl1.tiff,r02c05f11p01-ch6sk1fk1fl1.tiff,r02c05f11p01-ch2sk1fk1fl1.tiff,r02c05f11p01-ch5sk1fk1fl1.tiff,r02c05f11p01-ch3sk1fk1fl1.tiff,r02c05f11p01-ch4sk1fk1fl1.tiff,B05_s11,5,low,,5_low,train
HepatoPAC Islands 20260413,B05,12,r02c05f12p01-ch1sk1fk1fl1.tiff,r02c05f12p01-ch6sk1fk1fl1.tiff,r02c05f12p01-ch2sk1fk1fl1.tiff,r02c05f12p01-ch5sk1fk1fl1.tiff,r02c05f12p01-ch3sk1fk1fl1.tiff,r02c05f12p01-ch4sk1fk1fl1.tiff,B05_s12,5,low,,5_low,train
HepatoPAC Islands 20260413,B05,13,r02c05f13p01-ch1sk1fk1fl1.tiff,r02c05f13p01-ch6sk1fk1fl1.tiff,r02c05f13p01-ch2sk1fk1fl1.tiff,r02c05f13p01-ch5sk1fk1fl1.tiff,r02c05f13p01-ch3sk1fk1fl1.tiff,r02c05f13p01-ch4sk1fk1fl1.tiff,B05_s13,5,low,,5_low,train
HepatoPAC Islands 20260413,B05,14,r02c05f14p01-ch1sk1fk1fl1.tiff,r02c05f14p01-ch6sk1fk1fl1.tiff,r02c05f14p01-ch2sk1fk1fl1.tiff,r02c05f14p01-ch5sk1fk1fl1.tiff,r02c05f14p01-ch3sk1fk1fl1.tiff,r02c05f14p01-ch4sk1fk1fl1.tiff,B05_s14,5,low,,5_low,train
HepatoPAC Islands 20260413,B05,15,r02c05f15p01-ch1sk1fk1fl1.tiff,r02c05f15p01-ch6sk1fk1fl1.tiff,r02c05f15p01-ch2sk1fk1fl1.tiff,r02c05f15p01-ch5sk1fk1fl1.tiff,r02c05f15p01-ch3sk1fk1fl1.tiff,r02c05f15p01-ch4sk1fk1fl1.tiff,B05_s15,5,low,,5_low,train
HepatoPAC Islands 20260413,B05,16,r02c05f16p01-ch1sk1fk1fl1.tiff,r02c05f16p01-ch6sk1fk1fl1.tiff,r02c05f16p01-ch2sk1fk1fl1.tiff,r02c05f16p01-ch5sk1fk1fl1.tiff,r02c05f16p01-ch3sk1fk1fl1.tiff,r02c05f16p01-ch4sk1fk1fl1.tiff,B05_s16,5,low,,5_low,train
HepatoPAC Islands 20260413,B05,17,r02c05f17p01-ch1sk1fk1fl1.tiff,r02c05f17p01-ch6sk1fk1fl1.tiff,r02c05f17p01-ch2sk1fk1fl1.tiff,r02c05f17p01-ch5sk1fk1fl1.tiff,r02c05f17p01-ch3sk1fk1fl1.tiff,r02c05f17p01-ch4sk1fk1fl1.tiff,B05_s17,5,low,,5_low,train
HepatoPAC Islands 20260413,B05,18,r02c05f18p01-ch1sk1fk1fl1.tiff,r02c05f18p01-ch6sk1fk1fl1.tiff,r02c05f18p01-ch2sk1fk1fl1.tiff,r02c05f18p01-ch5sk1fk1fl1.tiff,r02c05f18p01-ch3sk1fk1fl1.tiff,r02c05f18p01-ch4sk1fk1fl1.tiff,B05_s18,5,low,,5_low,train
HepatoPAC Islands 20260413,B05,19,r02c05f19p01-ch1sk1fk1fl1.tiff,r02c05f19p01-ch6sk1fk1fl1.tiff,r02c05f19p01-ch2sk1fk1fl1.tiff,r02c05f19p01-ch5sk1fk1fl1.tiff,r02c05f19p01-ch3sk1fk1fl1.tiff,r02c05f19p01-ch4sk1fk1fl1.tiff,B05_s19,5,low,,5_low,train
HepatoPAC Islands 20260413,B05,20,r02c05f20p01-ch1sk1fk1fl1.tiff,r02c05f20p01-ch6sk1fk1fl1.tiff,r02c05f20p01-ch2sk1fk1fl1.tiff,r02c05f20p01-ch5sk1fk1fl1.tiff,r02c05f20p01-ch3sk1fk1fl1.tiff,r02c05f20p01-ch4sk1fk1fl1.tiff,B05_s20,5,low,,5_low,train
HepatoPAC Islands 20260413,B05,21,r02c05f21p01-ch1sk1fk1fl1.tiff,r02c05f21p01-ch6sk1fk1fl1.tiff,r02c05f21p01-ch2sk1fk1fl1.tiff,r02c05f21p01-ch5sk1fk1fl1.tiff,r02c05f21p01-ch3sk1fk1fl1.tiff,r02c05f21p01-ch4sk1fk1fl1.tiff,B05_s21,5,low,,5_low,train
HepatoPAC Islands 20260413,B05,22,r02c05f22p01-ch1sk1fk1fl1.tiff,r02c05f22p01-ch6sk1fk1fl1.tiff,r02c05f22p01-ch2sk1fk1fl1.tiff,r02c05f22p01-ch5sk1fk1fl1.tiff,r02c05f22p01-ch3sk1fk1fl1.tiff,r02c05f22p01-ch4sk1fk1fl1.tiff,B05_s22,5,low,,5_low,train
HepatoPAC Islands 20260413,B05,23,r02c05f23p01-ch1sk1fk1fl1.tiff,r02c05f23p01-ch6sk1fk1fl1.tiff,r02c05f23p01-ch2sk1fk1fl1.tiff,r02c05f23p01-ch5sk1fk1fl1.tiff,r02c05f23p01-ch3sk1fk1fl1.tiff,r02c05f23p01-ch4sk1fk1fl1.tiff,B05_s23,5,low,,5_low,train
HepatoPAC Islands 20260413,B05,24,r02c05f24p01-ch1sk1fk1fl1.tiff,r02c05f24p01-ch6sk1fk1fl1.tiff,r02c05f24p01-ch2sk1fk1fl1.tiff,r02c05f24p01-ch5sk1fk1fl1.tiff,r02c05f24p01-ch3sk1fk1fl1.tiff,r02c05f24p01-ch4sk1fk1fl1.tiff,B05_s24,5,low,,5_low,train
HepatoPAC Islands 20260413,B05,25,r02c05f25p01-ch1sk1fk1fl1.tiff,r02c05f25p01-ch6sk1fk1fl1.tiff,r02c05f25p01-ch2sk1fk1fl1.tiff,r02c05f25p01-ch5sk1fk1fl1.tiff,r02c05f25p01-ch3sk1fk1fl1.tiff,r02c05f25p01-ch4sk1fk1fl1.tiff,B05_s25,5,low,,5_low,train
HepatoPAC Islands 20260413,B05,26,r02c05f26p01-ch1sk1fk1fl1.tiff,r02c05f26p01-ch6sk1fk1fl1.tiff,r02c05f26p01-ch2sk1fk1fl1.tiff,r02c05f26p01-ch5sk1fk1fl1.tiff,r02c05f26p01-ch3sk1fk1fl1.tiff,r02c05f26p01-ch4sk1fk1fl1.tiff,B05_s26,5,low,,5_low,train
HepatoPAC Islands 20260413,B05,27,r02c05f27p01-ch1sk1fk1fl1.tiff,r02c05f27p01-ch6sk1fk1fl1.tiff,r02c05f27p01-ch2sk1fk1fl1.tiff,r02c05f27p01-ch5sk1fk1fl1.tiff,r02c05f27p01-ch3sk1fk1fl1.tiff,r02c05f27p01-ch4sk1fk1fl1.tiff,B05_s27,5,low,,5_low,train
HepatoPAC Islands 20260413,B05,28,r02c05f28p01-ch1sk1fk1fl1.tiff,r02c05f28p01-ch6sk1fk1fl1.tiff,r02c05f28p01-ch2sk1fk1fl1.tiff,r02c05f28p01-ch5sk1fk1fl1.tiff,r02c05f28p01-ch3sk1fk1fl1.tiff,r02c05f28p01-ch4sk1fk1fl1.tiff,B05_s28,5,low,,5_low,train
HepatoPAC Islands 20260413,B05,29,r02c05f29p01-ch1sk1fk1fl1.tiff,r02c05f29p01-ch6sk1fk1fl1.tiff,r02c05f29p01-ch2sk1fk1fl1.tiff,r02c05f29p01-ch5sk1fk1fl1.tiff,r02c05f29p01-ch3sk1fk1fl1.tiff,r02c05f29p01-ch4sk1fk1fl1.tiff,B05_s29,5,low,,5_low,train
HepatoPAC Islands 20260413,B05,30,r02c05f30p01-ch1sk1fk1fl1.tiff,r02c05f30p01-ch6sk1fk1fl1.tiff,r02c05f30p01-ch2sk1fk1fl1.tiff,r02c05f30p01-ch5sk1fk1fl1.tiff,r02c05f30p01-ch3sk1fk1fl1.tiff,r02c05f30p01-ch4sk1fk1fl1.tiff,B05_s30,5,low,,5_low,train
HepatoPAC Islands 20260413,B05,31,r02c05f31p01-ch1sk1fk1fl1.tiff,r02c05f31p01-ch6sk1fk1fl1.tiff,r02c05f31p01-ch2sk1fk1fl1.tiff,r02c05f31p01-ch5sk1fk1fl1.tiff,r02c05f31p01-ch3sk1fk1fl1.tiff,r02c05f31p01-ch4sk1fk1fl1.tiff,B05_s31,5,low,,5_low,train
HepatoPAC Islands 20260413,B05,32,r02c05f32p01-ch1sk1fk1fl1.tiff,r02c05f32p01-ch6sk1fk1fl1.tiff,r02c05f32p01-ch2sk1fk1fl1.tiff,r02c05f32p01-ch5sk1fk1fl1.tiff,r02c05f32p01-ch3sk1fk1fl1.tiff,r02c05f32p01-ch4sk1fk1fl1.tiff,B05_s32,5,low,,5_low,train
HepatoPAC Islands 20260413,B05,33,r02c05f33p01-ch1sk1fk1fl1.tiff,r02c05f33p01-ch6sk1fk1fl1.tiff,r02c05f33p01-ch2sk1fk1fl1.tiff,r02c05f33p01-ch5sk1fk1fl1.tiff,r02c05f33p01-ch3sk1fk1fl1.tiff,r02c05f33p01-ch4sk1fk1fl1.tiff,B05_s33,5,low,,5_low,train
HepatoPAC Islands 20260413,B05,34,r02c05f34p01-ch1sk1fk1fl1.tiff,r02c05f34p01-ch6sk1fk1fl1.tiff,r02c05f34p01-ch2sk1fk1fl1.tiff,r02c05f34p01-ch5sk1fk1fl1.tiff,r02c05f34p01-ch3sk1fk1fl1.tiff,r02c05f34p01-ch4sk1fk1fl1.tiff,B05_s34,5,low,,5_low,train
HepatoPAC Islands 20260413,B05,35,r02c05f35p01-ch1sk1fk1fl1.tiff,r02c05f35p01-ch6sk1fk1fl1.tiff,r02c05f35p01-ch2sk1fk1fl1.tiff,r02c05f35p01-ch5sk1fk1fl1.tiff,r02c05f35p01-ch3sk1fk1fl1.tiff,r02c05f35p01-ch4sk1fk1fl1.tiff,B05_s35,5,low,,5_low,train
HepatoPAC Islands 20260413,B05,36,r02c05f36p01-ch1sk1fk1fl1.tiff,r02c05f36p01-ch6sk1fk1fl1.tiff,r02c05f36p01-ch2sk1fk1fl1.tiff,r02c05f36p01-ch5sk1fk1fl1.tiff,r02c05f36p01-ch3sk1fk1fl1.tiff,r02c05f36p01-ch4sk1fk1fl1.tiff,B05_s36,5,low,,5_low,train
HepatoPAC Islands 20260413,B05,37,r02c05f37p01-ch1sk1fk1fl1.tiff,r02c05f37p01-ch6sk1fk1fl1.tiff,r02c05f37p01-ch2sk1fk1fl1.tiff,r02c05f37p01-ch5sk1fk1fl1.tiff,r02c05f37p01-ch3sk1fk1fl1.tiff,r02c05f37p01-ch4sk1fk1fl1.tiff,B05_s37,5,low,,5_low,train
HepatoPAC Islands 20260413,B05,38,r02c05f38p01-ch1sk1fk1fl1.tiff,r02c05f38p01-ch6sk1fk1fl1.tiff,r02c05f38p01-ch2sk1fk1fl1.tiff,r02c05f38p01-ch5sk1fk1fl1.tiff,r02c05f38p01-ch3sk1fk1fl1.tiff,r02c05f38p01-ch4sk1fk1fl1.tiff,B05_s38,5,low,,5_low,train
HepatoPAC Islands 20260413,B05,39,r02c05f39p01-ch1sk1fk1fl1.tiff,r02c05f39p01-ch6sk1fk1fl1.tiff,r02c05f39p01-ch2sk1fk1fl1.tiff,r02c05f39p01-ch5sk1fk1fl1.tiff,r02c05f39p01-ch3sk1fk1fl1.tiff,r02c05f39p01-ch4sk1fk1fl1.tiff,B05_s39,5,low,,5_low,train
HepatoPAC Islands 20260413,B05,40,r02c05f40p01-ch1sk1fk1fl1.tiff,r02c05f40p01-ch6sk1fk1fl1.tiff,r02c05f40p01-ch2sk1fk1fl1.tiff,r02c05f40p01-ch5sk1fk1fl1.tiff,r02c05f40p01-ch3sk1fk1fl1.tiff,r02c05f40p01-ch4sk1fk1fl1.tiff,B05_s40,5,low,,5_low,train
HepatoPAC Islands 20260413,B05,41,r02c05f41p01-ch1sk1fk1fl1.tiff,r02c05f41p01-ch6sk1fk1fl1.tiff,r02c05f41p01-ch2sk1fk1fl1.tiff,r02c05f41p01-ch5sk1fk1fl1.tiff,r02c05f41p01-ch3sk1fk1fl1.tiff,r02c05f41p01-ch4sk1fk1fl1.tiff,B05_s41,5,low,,5_low,train
HepatoPAC Islands 20260413,B05,42,r02c05f42p01-ch1sk1fk1fl1.tiff,r02c05f42p01-ch6sk1fk1fl1.tiff,r02c05f42p01-ch2sk1fk1fl1.tiff,r02c05f42p01-ch5sk1fk1fl1.tiff,r02c05f42p01-ch3sk1fk1fl1.tiff,r02c05f42p01-ch4sk1fk1fl1.tiff,B05_s42,5,low,,5_low,train
HepatoPAC Islands 20260413,B05,43,r02c05f43p01-ch1sk1fk1fl1.tiff,r02c05f43p01-ch6sk1fk1fl1.tiff,r02c05f43p01-ch2sk1fk1fl1.tiff,r02c05f43p01-ch5sk1fk1fl1.tiff,r02c05f43p01-ch3sk1fk1fl1.tiff,r02c05f43p01-ch4sk1fk1fl1.tiff,B05_s43,5,low,,5_low,train
HepatoPAC Islands 20260413,B05,44,r02c05f44p01-ch1sk1fk1fl1.tiff,r02c05f44p01-ch6sk1fk1fl1.tiff,r02c05f44p01-ch2sk1fk1fl1.tiff,r02c05f44p01-ch5sk1fk1fl1.tiff,r02c05f44p01-ch3sk1fk1fl1.tiff,r02c05f44p01-ch4sk1fk1fl1.tiff,B05_s44,5,low,,5_low,train
HepatoPAC Islands 20260413,B05,45,r02c05f45p01-ch1sk1fk1fl1.tiff,r02c05f45p01-ch6sk1fk1fl1.tiff,r02c05f45p01-ch2sk1fk1fl1.tiff,r02c05f45p01-ch5sk1fk1fl1.tiff,r02c05f45p01-ch3sk1fk1fl1.tiff,r02c05f45p01-ch4sk1fk1fl1.tiff,B05_s45,5,low,,5_low,train
HepatoPAC Islands 20260413,B05,46,r02c05f46p01-ch1sk1fk1fl1.tiff,r02c05f46p01-ch6sk1fk1fl1.tiff,r02c05f46p01-ch2sk1fk1fl1.tiff,r02c05f46p01-ch5sk1fk1fl1.tiff,r02c05f46p01-ch3sk1fk1fl1.tiff,r02c05f46p01-ch4sk1fk1fl1.tiff,B05_s46,5,low,,5_low,train
HepatoPAC Islands 20260413,B05,47,r02c05f47p01-ch1sk1fk1fl1.tiff,r02c05f47p01-ch6sk1fk1fl1.tiff,r02c05f47p01-ch2sk1fk1fl1.tiff,r02c05f47p01-ch5sk1fk1fl1.tiff,r02c05f47p01-ch3sk1fk1fl1.tiff,r02c05f47p01-ch4sk1fk1fl1.tiff,B05_s47,5,low,,5_low,train
HepatoPAC Islands 20260413,B05,48,r02c05f48p01-ch1sk1fk1fl1.tiff,r02c05f48p01-ch6sk1fk1fl1.tiff,r02c05f48p01-ch2sk1fk1fl1.tiff,r02c05f48p01-ch5sk1fk1fl1.tiff,r02c05f48p01-ch3sk1fk1fl1.tiff,r02c05f48p01-ch4sk1fk1fl1.tiff,B05_s48,5,low,,5_low,train
HepatoPAC Islands 20260413,B05,49,r02c05f49p01-ch1sk1fk1fl1.tiff,r02c05f49p01-ch6sk1fk1fl1.tiff,r02c05f49p01-ch2sk1fk1fl1.tiff,r02c05f49p01-ch5sk1fk1fl1.tiff,r02c05f49p01-ch3sk1fk1fl1.tiff,r02c05f49p01-ch4sk1fk1fl1.tiff,B05_s49,5,low,,5_low,train
HepatoPAC Islands 20260413,B06,1,r02c06f01p01-ch1sk1fk1fl1.tiff,r02c06f01p01-ch6sk1fk1fl1.tiff,r02c06f01p01-ch2sk1fk1fl1.tiff,r02c06f01p01-ch5sk1fk1fl1.tiff,r02c06f01p01-ch3sk1fk1fl1.tiff,r02c06f01p01-ch4sk1fk1fl1.tiff,B06_s01,4,high,,4_high,test
HepatoPAC Islands 20260413,B06,2,r02c06f02p01-ch1sk1fk1fl1.tiff,r02c06f02p01-ch6sk1fk1fl1.tiff,r02c06f02p01-ch2sk1fk1fl1.tiff,r02c06f02p01-ch5sk1fk1fl1.tiff,r02c06f02p01-ch3sk1fk1fl1.tiff,r02c06f02p01-ch4sk1fk1fl1.tiff,B06_s02,4,high,,4_high,test
HepatoPAC Islands 20260413,B06,3,r02c06f03p01-ch1sk1fk1fl1.tiff,r02c06f03p01-ch6sk1fk1fl1.tiff,r02c06f03p01-ch2sk1fk1fl1.tiff,r02c06f03p01-ch5sk1fk1fl1.tiff,r02c06f03p01-ch3sk1fk1fl1.tiff,r02c06f03p01-ch4sk1fk1fl1.tiff,B06_s03,4,high,,4_high,test
HepatoPAC Islands 20260413,B06,4,r02c06f04p01-ch1sk1fk1fl1.tiff,r02c06f04p01-ch6sk1fk1fl1.tiff,r02c06f04p01-ch2sk1fk1fl1.tiff,r02c06f04p01-ch5sk1fk1fl1.tiff,r02c06f04p01-ch3sk1fk1fl1.tiff,r02c06f04p01-ch4sk1fk1fl1.tiff,B06_s04,4,high,,4_high,test
HepatoPAC Islands 20260413,B06,5,r02c06f05p01-ch1sk1fk1fl1.tiff,r02c06f05p01-ch6sk1fk1fl1.tiff,r02c06f05p01-ch2sk1fk1fl1.tiff,r02c06f05p01-ch5sk1fk1fl1.tiff,r02c06f05p01-ch3sk1fk1fl1.tiff,r02c06f05p01-ch4sk1fk1fl1.tiff,B06_s05,4,high,,4_high,test
HepatoPAC Islands 20260413,B06,6,r02c06f06p01-ch1sk1fk1fl1.tiff,r02c06f06p01-ch6sk1fk1fl1.tiff,r02c06f06p01-ch2sk1fk1fl1.tiff,r02c06f06p01-ch5sk1fk1fl1.tiff,r02c06f06p01-ch3sk1fk1fl1.tiff,r02c06f06p01-ch4sk1fk1fl1.tiff,B06_s06,4,high,,4_high,test
HepatoPAC Islands 20260413,B06,7,r02c06f07p01-ch1sk1fk1fl1.tiff,r02c06f07p01-ch6sk1fk1fl1.tiff,r02c06f07p01-ch2sk1fk1fl1.tiff,r02c06f07p01-ch5sk1fk1fl1.tiff,r02c06f07p01-ch3sk1fk1fl1.tiff,r02c06f07p01-ch4sk1fk1fl1.tiff,B06_s07,4,high,,4_high,test
HepatoPAC Islands 20260413,B06,8,r02c06f08p01-ch1sk1fk1fl1.tiff,r02c06f08p01-ch6sk1fk1fl1.tiff,r02c06f08p01-ch2sk1fk1fl1.tiff,r02c06f08p01-ch5sk1fk1fl1.tiff,r02c06f08p01-ch3sk1fk1fl1.tiff,r02c06f08p01-ch4sk1fk1fl1.tiff,B06_s08,4,high,,4_high,test
HepatoPAC Islands 20260413,B06,9,r02c06f09p01-ch1sk1fk1fl1.tiff,r02c06f09p01-ch6sk1fk1fl1.tiff,r02c06f09p01-ch2sk1fk1fl1.tiff,r02c06f09p01-ch5sk1fk1fl1.tiff,r02c06f09p01-ch3sk1fk1fl1.tiff,r02c06f09p01-ch4sk1fk1fl1.tiff,B06_s09,4,high,,4_high,test
HepatoPAC Islands 20260413,B06,10,r02c06f10p01-ch1sk1fk1fl1.tiff,r02c06f10p01-ch6sk1fk1fl1.tiff,r02c06f10p01-ch2sk1fk1fl1.tiff,r02c06f10p01-ch5sk1fk1fl1.tiff,r02c06f10p01-ch3sk1fk1fl1.tiff,r02c06f10p01-ch4sk1fk1fl1.tiff,B06_s10,4,high,,4_high,test
HepatoPAC Islands 20260413,B06,11,r02c06f11p01-ch1sk1fk1fl1.tiff,r02c06f11p01-ch6sk1fk1fl1.tiff,r02c06f11p01-ch2sk1fk1fl1.tiff,r02c06f11p01-ch5sk1fk1fl1.tiff,r02c06f11p01-ch3sk1fk1fl1.tiff,r02c06f11p01-ch4sk1fk1fl1.tiff,B06_s11,4,high,,4_high,test
HepatoPAC Islands 20260413,B06,12,r02c06f12p01-ch1sk1fk1fl1.tiff,r02c06f12p01-ch6sk1fk1fl1.tiff,r02c06f12p01-ch2sk1fk1fl1.tiff,r02c06f12p01-ch5sk1fk1fl1.tiff,r02c06f12p01-ch3sk1fk1fl1.tiff,r02c06f12p01-ch4sk1fk1fl1.tiff,B06_s12,4,high,,4_high,test
HepatoPAC Islands 20260413,B06,13,r02c06f13p01-ch1sk1fk1fl1.tiff,r02c06f13p01-ch6sk1fk1fl1.tiff,r02c06f13p01-ch2sk1fk1fl1.tiff,r02c06f13p01-ch5sk1fk1fl1.tiff,r02c06f13p01-ch3sk1fk1fl1.tiff,r02c06f13p01-ch4sk1fk1fl1.tiff,B06_s13,4,high,,4_high,test
HepatoPAC Islands 20260413,B06,14,r02c06f14p01-ch1sk1fk1fl1.tiff,r02c06f14p01-ch6sk1fk1fl1.tiff,r02c06f14p01-ch2sk1fk1fl1.tiff,r02c06f14p01-ch5sk1fk1fl1.tiff,r02c06f14p01-ch3sk1fk1fl1.tiff,r02c06f14p01-ch4sk1fk1fl1.tiff,B06_s14,4,high,,4_high,test
HepatoPAC Islands 20260413,B06,15,r02c06f15p01-ch1sk1fk1fl1.tiff,r02c06f15p01-ch6sk1fk1fl1.tiff,r02c06f15p01-ch2sk1fk1fl1.tiff,r02c06f15p01-ch5sk1fk1fl1.tiff,r02c06f15p01-ch3sk1fk1fl1.tiff,r02c06f15p01-ch4sk1fk1fl1.tiff,B06_s15,4,high,,4_high,test
HepatoPAC Islands 20260413,B06,16,r02c06f16p01-ch1sk1fk1fl1.tiff,r02c06f16p01-ch6sk1fk1fl1.tiff,r02c06f16p01-ch2sk1fk1fl1.tiff,r02c06f16p01-ch5sk1fk1fl1.tiff,r02c06f16p01-ch3sk1fk1fl1.tiff,r02c06f16p01-ch4sk1fk1fl1.tiff,B06_s16,4,high,,4_high,test
HepatoPAC Islands 20260413,B06,17,r02c06f17p01-ch1sk1fk1fl1.tiff,r02c06f17p01-ch6sk1fk1fl1.tiff,r02c06f17p01-ch2sk1fk1fl1.tiff,r02c06f17p01-ch5sk1fk1fl1.tiff,r02c06f17p01-ch3sk1fk1fl1.tiff,r02c06f17p01-ch4sk1fk1fl1.tiff,B06_s17,4,high,,4_high,test
HepatoPAC Islands 20260413,B06,18,r02c06f18p01-ch1sk1fk1fl1.tiff,r02c06f18p01-ch6sk1fk1fl1.tiff,r02c06f18p01-ch2sk1fk1fl1.tiff,r02c06f18p01-ch5sk1fk1fl1.tiff,r02c06f18p01-ch3sk1fk1fl1.tiff,r02c06f18p01-ch4sk1fk1fl1.tiff,B06_s18,4,high,,4_high,test
HepatoPAC Islands 20260413,B06,19,r02c06f19p01-ch1sk1fk1fl1.tiff,r02c06f19p01-ch6sk1fk1fl1.tiff,r02c06f19p01-ch2sk1fk1fl1.tiff,r02c06f19p01-ch5sk1fk1fl1.tiff,r02c06f19p01-ch3sk1fk1fl1.tiff,r02c06f19p01-ch4sk1fk1fl1.tiff,B06_s19,4,high,,4_high,test
HepatoPAC Islands 20260413,B06,20,r02c06f20p01-ch1sk1fk1fl1.tiff,r02c06f20p01-ch6sk1fk1fl1.tiff,r02c06f20p01-ch2sk1fk1fl1.tiff,r02c06f20p01-ch5sk1fk1fl1.tiff,r02c06f20p01-ch3sk1fk1fl1.tiff,r02c06f20p01-ch4sk1fk1fl1.tiff,B06_s20,4,high,,4_high,test
HepatoPAC Islands 20260413,B06,21,r02c06f21p01-ch1sk1fk1fl1.tiff,r02c06f21p01-ch6sk1fk1fl1.tiff,r02c06f21p01-ch2sk1fk1fl1.tiff,r02c06f21p01-ch5sk1fk1fl1.tiff,r02c06f21p01-ch3sk1fk1fl1.tiff,r02c06f21p01-ch4sk1fk1fl1.tiff,B06_s21,4,high,,4_high,test
HepatoPAC Islands 20260413,B06,22,r02c06f22p01-ch1sk1fk1fl1.tiff,r02c06f22p01-ch6sk1fk1fl1.tiff,r02c06f22p01-ch2sk1fk1fl1.tiff,r02c06f22p01-ch5sk1fk1fl1.tiff,r02c06f22p01-ch3sk1fk1fl1.tiff,r02c06f22p01-ch4sk1fk1fl1.tiff,B06_s22,4,high,,4_high,test
HepatoPAC Islands 20260413,B06,23,r02c06f23p01-ch1sk1fk1fl1.tiff,r02c06f23p01-ch6sk1fk1fl1.tiff,r02c06f23p01-ch2sk1fk1fl1.tiff,r02c06f23p01-ch5sk1fk1fl1.tiff,r02c06f23p01-ch3sk1fk1fl1.tiff,r02c06f23p01-ch4sk1fk1fl1.tiff,B06_s23,4,high,,4_high,test
HepatoPAC Islands 20260413,B06,24,r02c06f24p01-ch1sk1fk1fl1.tiff,r02c06f24p01-ch6sk1fk1fl1.tiff,r02c06f24p01-ch2sk1fk1fl1.tiff,r02c06f24p01-ch5sk1fk1fl1.tiff,r02c06f24p01-ch3sk1fk1fl1.tiff,r02c06f24p01-ch4sk1fk1fl1.tiff,B06_s24,4,high,,4_high,test
HepatoPAC Islands 20260413,B06,25,r02c06f25p01-ch1sk1fk1fl1.tiff,r02c06f25p01-ch6sk1fk1fl1.tiff,r02c06f25p01-ch2sk1fk1fl1.tiff,r02c06f25p01-ch5sk1fk1fl1.tiff,r02c06f25p01-ch3sk1fk1fl1.tiff,r02c06f25p01-ch4sk1fk1fl1.tiff,B06_s25,4,high,,4_high,test
HepatoPAC Islands 20260413,B06,26,r02c06f26p01-ch1sk1fk1fl1.tiff,r02c06f26p01-ch6sk1fk1fl1.tiff,r02c06f26p01-ch2sk1fk1fl1.tiff,r02c06f26p01-ch5sk1fk1fl1.tiff,r02c06f26p01-ch3sk1fk1fl1.tiff,r02c06f26p01-ch4sk1fk1fl1.tiff,B06_s26,4,high,,4_high,test
HepatoPAC Islands 20260413,B06,27,r02c06f27p01-ch1sk1fk1fl1.tiff,r02c06f27p01-ch6sk1fk1fl1.tiff,r02c06f27p01-ch2sk1fk1fl1.tiff,r02c06f27p01-ch5sk1fk1fl1.tiff,r02c06f27p01-ch3sk1fk1fl1.tiff,r02c06f27p01-ch4sk1fk1fl1.tiff,B06_s27,4,high,,4_high,test
HepatoPAC Islands 20260413,B06,28,r02c06f28p01-ch1sk1fk1fl1.tiff,r02c06f28p01-ch6sk1fk1fl1.tiff,r02c06f28p01-ch2sk1fk1fl1.tiff,r02c06f28p01-ch5sk1fk1fl1.tiff,r02c06f28p01-ch3sk1fk1fl1.tiff,r02c06f28p01-ch4sk1fk1fl1.tiff,B06_s28,4,high,,4_high,test
HepatoPAC Islands 20260413,B06,29,r02c06f29p01-ch1sk1fk1fl1.tiff,r02c06f29p01-ch6sk1fk1fl1.tiff,r02c06f29p01-ch2sk1fk1fl1.tiff,r02c06f29p01-ch5sk1fk1fl1.tiff,r02c06f29p01-ch3sk1fk1fl1.tiff,r02c06f29p01-ch4sk1fk1fl1.tiff,B06_s29,4,high,,4_high,test
HepatoPAC Islands 20260413,B06,30,r02c06f30p01-ch1sk1fk1fl1.tiff,r02c06f30p01-ch6sk1fk1fl1.tiff,r02c06f30p01-ch2sk1fk1fl1.tiff,r02c06f30p01-ch5sk1fk1fl1.tiff,r02c06f30p01-ch3sk1fk1fl1.tiff,r02c06f30p01-ch4sk1fk1fl1.tiff,B06_s30,4,high,,4_high,test
HepatoPAC Islands 20260413,B06,31,r02c06f31p01-ch1sk1fk1fl1.tiff,r02c06f31p01-ch6sk1fk1fl1.tiff,r02c06f31p01-ch2sk1fk1fl1.tiff,r02c06f31p01-ch5sk1fk1fl1.tiff,r02c06f31p01-ch3sk1fk1fl1.tiff,r02c06f31p01-ch4sk1fk1fl1.tiff,B06_s31,4,high,,4_high,test
HepatoPAC Islands 20260413,B06,32,r02c06f32p01-ch1sk1fk1fl1.tiff,r02c06f32p01-ch6sk1fk1fl1.tiff,r02c06f32p01-ch2sk1fk1fl1.tiff,r02c06f32p01-ch5sk1fk1fl1.tiff,r02c06f32p01-ch3sk1fk1fl1.tiff,r02c06f32p01-ch4sk1fk1fl1.tiff,B06_s32,4,high,,4_high,test
HepatoPAC Islands 20260413,B06,33,r02c06f33p01-ch1sk1fk1fl1.tiff,r02c06f33p01-ch6sk1fk1fl1.tiff,r02c06f33p01-ch2sk1fk1fl1.tiff,r02c06f33p01-ch5sk1fk1fl1.tiff,r02c06f33p01-ch3sk1fk1fl1.tiff,r02c06f33p01-ch4sk1fk1fl1.tiff,B06_s33,4,high,,4_high,test
HepatoPAC Islands 20260413,B06,34,r02c06f34p01-ch1sk1fk1fl1.tiff,r02c06f34p01-ch6sk1fk1fl1.tiff,r02c06f34p01-ch2sk1fk1fl1.tiff,r02c06f34p01-ch5sk1fk1fl1.tiff,r02c06f34p01-ch3sk1fk1fl1.tiff,r02c06f34p01-ch4sk1fk1fl1.tiff,B06_s34,4,high,,4_high,test
HepatoPAC Islands 20260413,B06,35,r02c06f35p01-ch1sk1fk1fl1.tiff,r02c06f35p01-ch6sk1fk1fl1.tiff,r02c06f35p01-ch2sk1fk1fl1.tiff,r02c06f35p01-ch5sk1fk1fl1.tiff,r02c06f35p01-ch3sk1fk1fl1.tiff,r02c06f35p01-ch4sk1fk1fl1.tiff,B06_s35,4,high,,4_high,test
HepatoPAC Islands 20260413,B06,36,r02c06f36p01-ch1sk1fk1fl1.tiff,r02c06f36p01-ch6sk1fk1fl1.tiff,r02c06f36p01-ch2sk1fk1fl1.tiff,r02c06f36p01-ch5sk1fk1fl1.tiff,r02c06f36p01-ch3sk1fk1fl1.tiff,r02c06f36p01-ch4sk1fk1fl1.tiff,B06_s36,4,high,,4_high,test
HepatoPAC Islands 20260413,B06,37,r02c06f37p01-ch1sk1fk1fl1.tiff,r02c06f37p01-ch6sk1fk1fl1.tiff,r02c06f37p01-ch2sk1fk1fl1.tiff,r02c06f37p01-ch5sk1fk1fl1.tiff,r02c06f37p01-ch3sk1fk1fl1.tiff,r02c06f37p01-ch4sk1fk1fl1.tiff,B06_s37,4,high,,4_high,test
HepatoPAC Islands 20260413,B06,38,r02c06f38p01-ch1sk1fk1fl1.tiff,r02c06f38p01-ch6sk1fk1fl1.tiff,r02c06f38p01-ch2sk1fk1fl1.tiff,r02c06f38p01-ch5sk1fk1fl1.tiff,r02c06f38p01-ch3sk1fk1fl1.tiff,r02c06f38p01-ch4sk1fk1fl1.tiff,B06_s38,4,high,,4_high,test
HepatoPAC Islands 20260413,B06,39,r02c06f39p01-ch1sk1fk1fl1.tiff,r02c06f39p01-ch6sk1fk1fl1.tiff,r02c06f39p01-ch2sk1fk1fl1.tiff,r02c06f39p01-ch5sk1fk1fl1.tiff,r02c06f39p01-ch3sk1fk1fl1.tiff,r02c06f39p01-ch4sk1fk1fl1.tiff,B06_s39,4,high,,4_high,test
HepatoPAC Islands 20260413,B06,40,r02c06f40p01-ch1sk1fk1fl1.tiff,r02c06f40p01-ch6sk1fk1fl1.tiff,r02c06f40p01-ch2sk1fk1fl1.tiff,r02c06f40p01-ch5sk1fk1fl1.tiff,r02c06f40p01-ch3sk1fk1fl1.tiff,r02c06f40p01-ch4sk1fk1fl1.tiff,B06_s40,4,high,,4_high,test
HepatoPAC Islands 20260413,B06,41,r02c06f41p01-ch1sk1fk1fl1.tiff,r02c06f41p01-ch6sk1fk1fl1.tiff,r02c06f41p01-ch2sk1fk1fl1.tiff,r02c06f41p01-ch5sk1fk1fl1.tiff,r02c06f41p01-ch3sk1fk1fl1.tiff,r02c06f41p01-ch4sk1fk1fl1.tiff,B06_s41,4,high,,4_high,test
HepatoPAC Islands 20260413,B06,42,r02c06f42p01-ch1sk1fk1fl1.tiff,r02c06f42p01-ch6sk1fk1fl1.tiff,r02c06f42p01-ch2sk1fk1fl1.tiff,r02c06f42p01-ch5sk1fk1fl1.tiff,r02c06f42p01-ch3sk1fk1fl1.tiff,r02c06f42p01-ch4sk1fk1fl1.tiff,B06_s42,4,high,,4_high,test
HepatoPAC Islands 20260413,B06,43,r02c06f43p01-ch1sk1fk1fl1.tiff,r02c06f43p01-ch6sk1fk1fl1.tiff,r02c06f43p01-ch2sk1fk1fl1.tiff,r02c06f43p01-ch5sk1fk1fl1.tiff,r02c06f43p01-ch3sk1fk1fl1.tiff,r02c06f43p01-ch4sk1fk1fl1.tiff,B06_s43,4,high,,4_high,test
HepatoPAC Islands 20260413,B06,44,r02c06f44p01-ch1sk1fk1fl1.tiff,r02c06f44p01-ch6sk1fk1fl1.tiff,r02c06f44p01-ch2sk1fk1fl1.tiff,r02c06f44p01-ch5sk1fk1fl1.tiff,r02c06f44p01-ch3sk1fk1fl1.tiff,r02c06f44p01-ch4sk1fk1fl1.tiff,B06_s44,4,high,,4_high,test
HepatoPAC Islands 20260413,B06,45,r02c06f45p01-ch1sk1fk1fl1.tiff,r02c06f45p01-ch6sk1fk1fl1.tiff,r02c06f45p01-ch2sk1fk1fl1.tiff,r02c06f45p01-ch5sk1fk1fl1.tiff,r02c06f45p01-ch3sk1fk1fl1.tiff,r02c06f45p01-ch4sk1fk1fl1.tiff,B06_s45,4,high,,4_high,test
HepatoPAC Islands 20260413,B06,46,r02c06f46p01-ch1sk1fk1fl1.tiff,r02c06f46p01-ch6sk1fk1fl1.tiff,r02c06f46p01-ch2sk1fk1fl1.tiff,r02c06f46p01-ch5sk1fk1fl1.tiff,r02c06f46p01-ch3sk1fk1fl1.tiff,r02c06f46p01-ch4sk1fk1fl1.tiff,B06_s46,4,high,,4_high,test
HepatoPAC Islands 20260413,B06,47,r02c06f47p01-ch1sk1fk1fl1.tiff,r02c06f47p01-ch6sk1fk1fl1.tiff,r02c06f47p01-ch2sk1fk1fl1.tiff,r02c06f47p01-ch5sk1fk1fl1.tiff,r02c06f47p01-ch3sk1fk1fl1.tiff,r02c06f47p01-ch4sk1fk1fl1.tiff,B06_s47,4,high,,4_high,test
HepatoPAC Islands 20260413,B06,48,r02c06f48p01-ch1sk1fk1fl1.tiff,r02c06f48p01-ch6sk1fk1fl1.tiff,r02c06f48p01-ch2sk1fk1fl1.tiff,r02c06f48p01-ch5sk1fk1fl1.tiff,r02c06f48p01-ch3sk1fk1fl1.tiff,r02c06f48p01-ch4sk1fk1fl1.tiff,B06_s48,4,high,,4_high,test
HepatoPAC Islands 20260413,B06,49,r02c06f49p01-ch1sk1fk1fl1.tiff,r02c06f49p01-ch6sk1fk1fl1.tiff,r02c06f49p01-ch2sk1fk1fl1.tiff,r02c06f49p01-ch5sk1fk1fl1.tiff,r02c06f49p01-ch3sk1fk1fl1.tiff,r02c06f49p01-ch4sk1fk1fl1.tiff,B06_s49,4,high,,4_high,test
HepatoPAC Islands 20260413,C01,1,r03c01f01p01-ch1sk1fk1fl1.tiff,r03c01f01p01-ch6sk1fk1fl1.tiff,r03c01f01p01-ch2sk1fk1fl1.tiff,r03c01f01p01-ch5sk1fk1fl1.tiff,r03c01f01p01-ch3sk1fk1fl1.tiff,r03c01f01p01-ch4sk1fk1fl1.tiff,C01_s01,5,high,,5_high,train
HepatoPAC Islands 20260413,C01,2,r03c01f02p01-ch1sk1fk1fl1.tiff,r03c01f02p01-ch6sk1fk1fl1.tiff,r03c01f02p01-ch2sk1fk1fl1.tiff,r03c01f02p01-ch5sk1fk1fl1.tiff,r03c01f02p01-ch3sk1fk1fl1.tiff,r03c01f02p01-ch4sk1fk1fl1.tiff,C01_s02,5,high,,5_high,train
HepatoPAC Islands 20260413,C01,3,r03c01f03p01-ch1sk1fk1fl1.tiff,r03c01f03p01-ch6sk1fk1fl1.tiff,r03c01f03p01-ch2sk1fk1fl1.tiff,r03c01f03p01-ch5sk1fk1fl1.tiff,r03c01f03p01-ch3sk1fk1fl1.tiff,r03c01f03p01-ch4sk1fk1fl1.tiff,C01_s03,5,high,,5_high,train
HepatoPAC Islands 20260413,C01,4,r03c01f04p01-ch1sk1fk1fl1.tiff,r03c01f04p01-ch6sk1fk1fl1.tiff,r03c01f04p01-ch2sk1fk1fl1.tiff,r03c01f04p01-ch5sk1fk1fl1.tiff,r03c01f04p01-ch3sk1fk1fl1.tiff,r03c01f04p01-ch4sk1fk1fl1.tiff,C01_s04,5,high,,5_high,train
HepatoPAC Islands 20260413,C01,5,r03c01f05p01-ch1sk1fk1fl1.tiff,r03c01f05p01-ch6sk1fk1fl1.tiff,r03c01f05p01-ch2sk1fk1fl1.tiff,r03c01f05p01-ch5sk1fk1fl1.tiff,r03c01f05p01-ch3sk1fk1fl1.tiff,r03c01f05p01-ch4sk1fk1fl1.tiff,C01_s05,5,high,,5_high,train
HepatoPAC Islands 20260413,C01,6,r03c01f06p01-ch1sk1fk1fl1.tiff,r03c01f06p01-ch6sk1fk1fl1.tiff,r03c01f06p01-ch2sk1fk1fl1.tiff,r03c01f06p01-ch5sk1fk1fl1.tiff,r03c01f06p01-ch3sk1fk1fl1.tiff,r03c01f06p01-ch4sk1fk1fl1.tiff,C01_s06,5,high,,5_high,train
HepatoPAC Islands 20260413,C01,7,r03c01f07p01-ch1sk1fk1fl1.tiff,r03c01f07p01-ch6sk1fk1fl1.tiff,r03c01f07p01-ch2sk1fk1fl1.tiff,r03c01f07p01-ch5sk1fk1fl1.tiff,r03c01f07p01-ch3sk1fk1fl1.tiff,r03c01f07p01-ch4sk1fk1fl1.tiff,C01_s07,5,high,,5_high,train
HepatoPAC Islands 20260413,C01,8,r03c01f08p01-ch1sk1fk1fl1.tiff,r03c01f08p01-ch6sk1fk1fl1.tiff,r03c01f08p01-ch2sk1fk1fl1.tiff,r03c01f08p01-ch5sk1fk1fl1.tiff,r03c01f08p01-ch3sk1fk1fl1.tiff,r03c01f08p01-ch4sk1fk1fl1.tiff,C01_s08,5,high,,5_high,train
HepatoPAC Islands 20260413,C01,9,r03c01f09p01-ch1sk1fk1fl1.tiff,r03c01f09p01-ch6sk1fk1fl1.tiff,r03c01f09p01-ch2sk1fk1fl1.tiff,r03c01f09p01-ch5sk1fk1fl1.tiff,r03c01f09p01-ch3sk1fk1fl1.tiff,r03c01f09p01-ch4sk1fk1fl1.tiff,C01_s09,5,high,,5_high,train
HepatoPAC Islands 20260413,C01,10,r03c01f10p01-ch1sk1fk1fl1.tiff,r03c01f10p01-ch6sk1fk1fl1.tiff,r03c01f10p01-ch2sk1fk1fl1.tiff,r03c01f10p01-ch5sk1fk1fl1.tiff,r03c01f10p01-ch3sk1fk1fl1.tiff,r03c01f10p01-ch4sk1fk1fl1.tiff,C01_s10,5,high,,5_high,train
HepatoPAC Islands 20260413,C01,11,r03c01f11p01-ch1sk1fk1fl1.tiff,r03c01f11p01-ch6sk1fk1fl1.tiff,r03c01f11p01-ch2sk1fk1fl1.tiff,r03c01f11p01-ch5sk1fk1fl1.tiff,r03c01f11p01-ch3sk1fk1fl1.tiff,r03c01f11p01-ch4sk1fk1fl1.tiff,C01_s11,5,high,,5_high,train
HepatoPAC Islands 20260413,C01,12,r03c01f12p01-ch1sk1fk1fl1.tiff,r03c01f12p01-ch6sk1fk1fl1.tiff,r03c01f12p01-ch2sk1fk1fl1.tiff,r03c01f12p01-ch5sk1fk1fl1.tiff,r03c01f12p01-ch3sk1fk1fl1.tiff,r03c01f12p01-ch4sk1fk1fl1.tiff,C01_s12,5,high,,5_high,train
HepatoPAC Islands 20260413,C01,13,r03c01f13p01-ch1sk1fk1fl1.tiff,r03c01f13p01-ch6sk1fk1fl1.tiff,r03c01f13p01-ch2sk1fk1fl1.tiff,r03c01f13p01-ch5sk1fk1fl1.tiff,r03c01f13p01-ch3sk1fk1fl1.tiff,r03c01f13p01-ch4sk1fk1fl1.tiff,C01_s13,5,high,,5_high,train
HepatoPAC Islands 20260413,C01,14,r03c01f14p01-ch1sk1fk1fl1.tiff,r03c01f14p01-ch6sk1fk1fl1.tiff,r03c01f14p01-ch2sk1fk1fl1.tiff,r03c01f14p01-ch5sk1fk1fl1.tiff,r03c01f14p01-ch3sk1fk1fl1.tiff,r03c01f14p01-ch4sk1fk1fl1.tiff,C01_s14,5,high,,5_high,train
HepatoPAC Islands 20260413,C01,15,r03c01f15p01-ch1sk1fk1fl1.tiff,r03c01f15p01-ch6sk1fk1fl1.tiff,r03c01f15p01-ch2sk1fk1fl1.tiff,r03c01f15p01-ch5sk1fk1fl1.tiff,r03c01f15p01-ch3sk1fk1fl1.tiff,r03c01f15p01-ch4sk1fk1fl1.tiff,C01_s15,5,high,,5_high,train
HepatoPAC Islands 20260413,C01,16,r03c01f16p01-ch1sk1fk1fl1.tiff,r03c01f16p01-ch6sk1fk1fl1.tiff,r03c01f16p01-ch2sk1fk1fl1.tiff,r03c01f16p01-ch5sk1fk1fl1.tiff,r03c01f16p01-ch3sk1fk1fl1.tiff,r03c01f16p01-ch4sk1fk1fl1.tiff,C01_s16,5,high,,5_high,train
HepatoPAC Islands 20260413,C01,17,r03c01f17p01-ch1sk1fk1fl1.tiff,r03c01f17p01-ch6sk1fk1fl1.tiff,r03c01f17p01-ch2sk1fk1fl1.tiff,r03c01f17p01-ch5sk1fk1fl1.tiff,r03c01f17p01-ch3sk1fk1fl1.tiff,r03c01f17p01-ch4sk1fk1fl1.tiff,C01_s17,5,high,,5_high,train
HepatoPAC Islands 20260413,C01,18,r03c01f18p01-ch1sk1fk1fl1.tiff,r03c01f18p01-ch6sk1fk1fl1.tiff,r03c01f18p01-ch2sk1fk1fl1.tiff,r03c01f18p01-ch5sk1fk1fl1.tiff,r03c01f18p01-ch3sk1fk1fl1.tiff,r03c01f18p01-ch4sk1fk1fl1.tiff,C01_s18,5,high,,5_high,train
HepatoPAC Islands 20260413,C01,19,r03c01f19p01-ch1sk1fk1fl1.tiff,r03c01f19p01-ch6sk1fk1fl1.tiff,r03c01f19p01-ch2sk1fk1fl1.tiff,r03c01f19p01-ch5sk1fk1fl1.tiff,r03c01f19p01-ch3sk1fk1fl1.tiff,r03c01f19p01-ch4sk1fk1fl1.tiff,C01_s19,5,high,,5_high,train
HepatoPAC Islands 20260413,C01,20,r03c01f20p01-ch1sk1fk1fl1.tiff,r03c01f20p01-ch6sk1fk1fl1.tiff,r03c01f20p01-ch2sk1fk1fl1.tiff,r03c01f20p01-ch5sk1fk1fl1.tiff,r03c01f20p01-ch3sk1fk1fl1.tiff,r03c01f20p01-ch4sk1fk1fl1.tiff,C01_s20,5,high,,5_high,train
HepatoPAC Islands 20260413,C01,21,r03c01f21p01-ch1sk1fk1fl1.tiff,r03c01f21p01-ch6sk1fk1fl1.tiff,r03c01f21p01-ch2sk1fk1fl1.tiff,r03c01f21p01-ch5sk1fk1fl1.tiff,r03c01f21p01-ch3sk1fk1fl1.tiff,r03c01f21p01-ch4sk1fk1fl1.tiff,C01_s21,5,high,,5_high,train
HepatoPAC Islands 20260413,C01,22,r03c01f22p01-ch1sk1fk1fl1.tiff,r03c01f22p01-ch6sk1fk1fl1.tiff,r03c01f22p01-ch2sk1fk1fl1.tiff,r03c01f22p01-ch5sk1fk1fl1.tiff,r03c01f22p01-ch3sk1fk1fl1.tiff,r03c01f22p01-ch4sk1fk1fl1.tiff,C01_s22,5,high,,5_high,train
HepatoPAC Islands 20260413,C01,23,r03c01f23p01-ch1sk1fk1fl1.tiff,r03c01f23p01-ch6sk1fk1fl1.tiff,r03c01f23p01-ch2sk1fk1fl1.tiff,r03c01f23p01-ch5sk1fk1fl1.tiff,r03c01f23p01-ch3sk1fk1fl1.tiff,r03c01f23p01-ch4sk1fk1fl1.tiff,C01_s23,5,high,,5_high,train
HepatoPAC Islands 20260413,C01,24,r03c01f24p01-ch1sk1fk1fl1.tiff,r03c01f24p01-ch6sk1fk1fl1.tiff,r03c01f24p01-ch2sk1fk1fl1.tiff,r03c01f24p01-ch5sk1fk1fl1.tiff,r03c01f24p01-ch3sk1fk1fl1.tiff,r03c01f24p01-ch4sk1fk1fl1.tiff,C01_s24,5,high,,5_high,train
HepatoPAC Islands 20260413,C01,25,r03c01f25p01-ch1sk1fk1fl1.tiff,r03c01f25p01-ch6sk1fk1fl1.tiff,r03c01f25p01-ch2sk1fk1fl1.tiff,r03c01f25p01-ch5sk1fk1fl1.tiff,r03c01f25p01-ch3sk1fk1fl1.tiff,r03c01f25p01-ch4sk1fk1fl1.tiff,C01_s25,5,high,,5_high,train
HepatoPAC Islands 20260413,C01,26,r03c01f26p01-ch1sk1fk1fl1.tiff,r03c01f26p01-ch6sk1fk1fl1.tiff,r03c01f26p01-ch2sk1fk1fl1.tiff,r03c01f26p01-ch5sk1fk1fl1.tiff,r03c01f26p01-ch3sk1fk1fl1.tiff,r03c01f26p01-ch4sk1fk1fl1.tiff,C01_s26,5,high,,5_high,train
HepatoPAC Islands 20260413,C01,27,r03c01f27p01-ch1sk1fk1fl1.tiff,r03c01f27p01-ch6sk1fk1fl1.tiff,r03c01f27p01-ch2sk1fk1fl1.tiff,r03c01f27p01-ch5sk1fk1fl1.tiff,r03c01f27p01-ch3sk1fk1fl1.tiff,r03c01f27p01-ch4sk1fk1fl1.tiff,C01_s27,5,high,,5_high,train
HepatoPAC Islands 20260413,C01,28,r03c01f28p01-ch1sk1fk1fl1.tiff,r03c01f28p01-ch6sk1fk1fl1.tiff,r03c01f28p01-ch2sk1fk1fl1.tiff,r03c01f28p01-ch5sk1fk1fl1.tiff,r03c01f28p01-ch3sk1fk1fl1.tiff,r03c01f28p01-ch4sk1fk1fl1.tiff,C01_s28,5,high,,5_high,train
HepatoPAC Islands 20260413,C01,29,r03c01f29p01-ch1sk1fk1fl1.tiff,r03c01f29p01-ch6sk1fk1fl1.tiff,r03c01f29p01-ch2sk1fk1fl1.tiff,r03c01f29p01-ch5sk1fk1fl1.tiff,r03c01f29p01-ch3sk1fk1fl1.tiff,r03c01f29p01-ch4sk1fk1fl1.tiff,C01_s29,5,high,,5_high,train
HepatoPAC Islands 20260413,C01,30,r03c01f30p01-ch1sk1fk1fl1.tiff,r03c01f30p01-ch6sk1fk1fl1.tiff,r03c01f30p01-ch2sk1fk1fl1.tiff,r03c01f30p01-ch5sk1fk1fl1.tiff,r03c01f30p01-ch3sk1fk1fl1.tiff,r03c01f30p01-ch4sk1fk1fl1.tiff,C01_s30,5,high,,5_high,train
HepatoPAC Islands 20260413,C01,31,r03c01f31p01-ch1sk1fk1fl1.tiff,r03c01f31p01-ch6sk1fk1fl1.tiff,r03c01f31p01-ch2sk1fk1fl1.tiff,r03c01f31p01-ch5sk1fk1fl1.tiff,r03c01f31p01-ch3sk1fk1fl1.tiff,r03c01f31p01-ch4sk1fk1fl1.tiff,C01_s31,5,high,,5_high,train
HepatoPAC Islands 20260413,C01,32,r03c01f32p01-ch1sk1fk1fl1.tiff,r03c01f32p01-ch6sk1fk1fl1.tiff,r03c01f32p01-ch2sk1fk1fl1.tiff,r03c01f32p01-ch5sk1fk1fl1.tiff,r03c01f32p01-ch3sk1fk1fl1.tiff,r03c01f32p01-ch4sk1fk1fl1.tiff,C01_s32,5,high,,5_high,train
HepatoPAC Islands 20260413,C01,33,r03c01f33p01-ch1sk1fk1fl1.tiff,r03c01f33p01-ch6sk1fk1fl1.tiff,r03c01f33p01-ch2sk1fk1fl1.tiff,r03c01f33p01-ch5sk1fk1fl1.tiff,r03c01f33p01-ch3sk1fk1fl1.tiff,r03c01f33p01-ch4sk1fk1fl1.tiff,C01_s33,5,high,,5_high,train
HepatoPAC Islands 20260413,C01,34,r03c01f34p01-ch1sk1fk1fl1.tiff,r03c01f34p01-ch6sk1fk1fl1.tiff,r03c01f34p01-ch2sk1fk1fl1.tiff,r03c01f34p01-ch5sk1fk1fl1.tiff,r03c01f34p01-ch3sk1fk1fl1.tiff,r03c01f34p01-ch4sk1fk1fl1.tiff,C01_s34,5,high,,5_high,train
HepatoPAC Islands 20260413,C01,35,r03c01f35p01-ch1sk1fk1fl1.tiff,r03c01f35p01-ch6sk1fk1fl1.tiff,r03c01f35p01-ch2sk1fk1fl1.tiff,r03c01f35p01-ch5sk1fk1fl1.tiff,r03c01f35p01-ch3sk1fk1fl1.tiff,r03c01f35p01-ch4sk1fk1fl1.tiff,C01_s35,5,high,,5_high,train
HepatoPAC Islands 20260413,C01,36,r03c01f36p01-ch1sk1fk1fl1.tiff,r03c01f36p01-ch6sk1fk1fl1.tiff,r03c01f36p01-ch2sk1fk1fl1.tiff,r03c01f36p01-ch5sk1fk1fl1.tiff,r03c01f36p01-ch3sk1fk1fl1.tiff,r03c01f36p01-ch4sk1fk1fl1.tiff,C01_s36,5,high,,5_high,train
HepatoPAC Islands 20260413,C01,37,r03c01f37p01-ch1sk1fk1fl1.tiff,r03c01f37p01-ch6sk1fk1fl1.tiff,r03c01f37p01-ch2sk1fk1fl1.tiff,r03c01f37p01-ch5sk1fk1fl1.tiff,r03c01f37p01-ch3sk1fk1fl1.tiff,r03c01f37p01-ch4sk1fk1fl1.tiff,C01_s37,5,high,,5_high,train
HepatoPAC Islands 20260413,C01,38,r03c01f38p01-ch1sk1fk1fl1.tiff,r03c01f38p01-ch6sk1fk1fl1.tiff,r03c01f38p01-ch2sk1fk1fl1.tiff,r03c01f38p01-ch5sk1fk1fl1.tiff,r03c01f38p01-ch3sk1fk1fl1.tiff,r03c01f38p01-ch4sk1fk1fl1.tiff,C01_s38,5,high,,5_high,train
HepatoPAC Islands 20260413,C01,39,r03c01f39p01-ch1sk1fk1fl1.tiff,r03c01f39p01-ch6sk1fk1fl1.tiff,r03c01f39p01-ch2sk1fk1fl1.tiff,r03c01f39p01-ch5sk1fk1fl1.tiff,r03c01f39p01-ch3sk1fk1fl1.tiff,r03c01f39p01-ch4sk1fk1fl1.tiff,C01_s39,5,high,,5_high,train
HepatoPAC Islands 20260413,C01,40,r03c01f40p01-ch1sk1fk1fl1.tiff,r03c01f40p01-ch6sk1fk1fl1.tiff,r03c01f40p01-ch2sk1fk1fl1.tiff,r03c01f40p01-ch5sk1fk1fl1.tiff,r03c01f40p01-ch3sk1fk1fl1.tiff,r03c01f40p01-ch4sk1fk1fl1.tiff,C01_s40,5,high,,5_high,train
HepatoPAC Islands 20260413,C01,41,r03c01f41p01-ch1sk1fk1fl1.tiff,r03c01f41p01-ch6sk1fk1fl1.tiff,r03c01f41p01-ch2sk1fk1fl1.tiff,r03c01f41p01-ch5sk1fk1fl1.tiff,r03c01f41p01-ch3sk1fk1fl1.tiff,r03c01f41p01-ch4sk1fk1fl1.tiff,C01_s41,5,high,,5_high,train
HepatoPAC Islands 20260413,C01,42,r03c01f42p01-ch1sk1fk1fl1.tiff,r03c01f42p01-ch6sk1fk1fl1.tiff,r03c01f42p01-ch2sk1fk1fl1.tiff,r03c01f42p01-ch5sk1fk1fl1.tiff,r03c01f42p01-ch3sk1fk1fl1.tiff,r03c01f42p01-ch4sk1fk1fl1.tiff,C01_s42,5,high,,5_high,train
HepatoPAC Islands 20260413,C01,43,r03c01f43p01-ch1sk1fk1fl1.tiff,r03c01f43p01-ch6sk1fk1fl1.tiff,r03c01f43p01-ch2sk1fk1fl1.tiff,r03c01f43p01-ch5sk1fk1fl1.tiff,r03c01f43p01-ch3sk1fk1fl1.tiff,r03c01f43p01-ch4sk1fk1fl1.tiff,C01_s43,5,high,,5_high,train
HepatoPAC Islands 20260413,C01,44,r03c01f44p01-ch1sk1fk1fl1.tiff,r03c01f44p01-ch6sk1fk1fl1.tiff,r03c01f44p01-ch2sk1fk1fl1.tiff,r03c01f44p01-ch5sk1fk1fl1.tiff,r03c01f44p01-ch3sk1fk1fl1.tiff,r03c01f44p01-ch4sk1fk1fl1.tiff,C01_s44,5,high,,5_high,train
HepatoPAC Islands 20260413,C01,45,r03c01f45p01-ch1sk1fk1fl1.tiff,r03c01f45p01-ch6sk1fk1fl1.tiff,r03c01f45p01-ch2sk1fk1fl1.tiff,r03c01f45p01-ch5sk1fk1fl1.tiff,r03c01f45p01-ch3sk1fk1fl1.tiff,r03c01f45p01-ch4sk1fk1fl1.tiff,C01_s45,5,high,,5_high,train
HepatoPAC Islands 20260413,C01,46,r03c01f46p01-ch1sk1fk1fl1.tiff,r03c01f46p01-ch6sk1fk1fl1.tiff,r03c01f46p01-ch2sk1fk1fl1.tiff,r03c01f46p01-ch5sk1fk1fl1.tiff,r03c01f46p01-ch3sk1fk1fl1.tiff,r03c01f46p01-ch4sk1fk1fl1.tiff,C01_s46,5,high,,5_high,train
HepatoPAC Islands 20260413,C01,47,r03c01f47p01-ch1sk1fk1fl1.tiff,r03c01f47p01-ch6sk1fk1fl1.tiff,r03c01f47p01-ch2sk1fk1fl1.tiff,r03c01f47p01-ch5sk1fk1fl1.tiff,r03c01f47p01-ch3sk1fk1fl1.tiff,r03c01f47p01-ch4sk1fk1fl1.tiff,C01_s47,5,high,,5_high,train
HepatoPAC Islands 20260413,C01,48,r03c01f48p01-ch1sk1fk1fl1.tiff,r03c01f48p01-ch6sk1fk1fl1.tiff,r03c01f48p01-ch2sk1fk1fl1.tiff,r03c01f48p01-ch5sk1fk1fl1.tiff,r03c01f48p01-ch3sk1fk1fl1.tiff,r03c01f48p01-ch4sk1fk1fl1.tiff,C01_s48,5,high,,5_high,train
HepatoPAC Islands 20260413,C01,49,r03c01f49p01-ch1sk1fk1fl1.tiff,r03c01f49p01-ch6sk1fk1fl1.tiff,r03c01f49p01-ch2sk1fk1fl1.tiff,r03c01f49p01-ch5sk1fk1fl1.tiff,r03c01f49p01-ch3sk1fk1fl1.tiff,r03c01f49p01-ch4sk1fk1fl1.tiff,C01_s49,5,high,,5_high,train
HepatoPAC Islands 20260413,C02,1,r03c02f01p01-ch1sk1fk1fl1.tiff,r03c02f01p01-ch6sk1fk1fl1.tiff,r03c02f01p01-ch2sk1fk1fl1.tiff,r03c02f01p01-ch5sk1fk1fl1.tiff,r03c02f01p01-ch3sk1fk1fl1.tiff,r03c02f01p01-ch4sk1fk1fl1.tiff,C02_s01,5,low,,5_low,test
HepatoPAC Islands 20260413,C02,2,r03c02f02p01-ch1sk1fk1fl1.tiff,r03c02f02p01-ch6sk1fk1fl1.tiff,r03c02f02p01-ch2sk1fk1fl1.tiff,r03c02f02p01-ch5sk1fk1fl1.tiff,r03c02f02p01-ch3sk1fk1fl1.tiff,r03c02f02p01-ch4sk1fk1fl1.tiff,C02_s02,5,low,,5_low,test
HepatoPAC Islands 20260413,C02,3,r03c02f03p01-ch1sk1fk1fl1.tiff,r03c02f03p01-ch6sk1fk1fl1.tiff,r03c02f03p01-ch2sk1fk1fl1.tiff,r03c02f03p01-ch5sk1fk1fl1.tiff,r03c02f03p01-ch3sk1fk1fl1.tiff,r03c02f03p01-ch4sk1fk1fl1.tiff,C02_s03,5,low,,5_low,test
HepatoPAC Islands 20260413,C02,4,r03c02f04p01-ch1sk1fk1fl1.tiff,r03c02f04p01-ch6sk1fk1fl1.tiff,r03c02f04p01-ch2sk1fk1fl1.tiff,r03c02f04p01-ch5sk1fk1fl1.tiff,r03c02f04p01-ch3sk1fk1fl1.tiff,r03c02f04p01-ch4sk1fk1fl1.tiff,C02_s04,5,low,,5_low,test
HepatoPAC Islands 20260413,C02,5,r03c02f05p01-ch1sk1fk1fl1.tiff,r03c02f05p01-ch6sk1fk1fl1.tiff,r03c02f05p01-ch2sk1fk1fl1.tiff,r03c02f05p01-ch5sk1fk1fl1.tiff,r03c02f05p01-ch3sk1fk1fl1.tiff,r03c02f05p01-ch4sk1fk1fl1.tiff,C02_s05,5,low,,5_low,test
HepatoPAC Islands 20260413,C02,6,r03c02f06p01-ch1sk1fk1fl1.tiff,r03c02f06p01-ch6sk1fk1fl1.tiff,r03c02f06p01-ch2sk1fk1fl1.tiff,r03c02f06p01-ch5sk1fk1fl1.tiff,r03c02f06p01-ch3sk1fk1fl1.tiff,r03c02f06p01-ch4sk1fk1fl1.tiff,C02_s06,5,low,,5_low,test
HepatoPAC Islands 20260413,C02,7,r03c02f07p01-ch1sk1fk1fl1.tiff,r03c02f07p01-ch6sk1fk1fl1.tiff,r03c02f07p01-ch2sk1fk1fl1.tiff,r03c02f07p01-ch5sk1fk1fl1.tiff,r03c02f07p01-ch3sk1fk1fl1.tiff,r03c02f07p01-ch4sk1fk1fl1.tiff,C02_s07,5,low,,5_low,test
HepatoPAC Islands 20260413,C02,8,r03c02f08p01-ch1sk1fk1fl1.tiff,r03c02f08p01-ch6sk1fk1fl1.tiff,r03c02f08p01-ch2sk1fk1fl1.tiff,r03c02f08p01-ch5sk1fk1fl1.tiff,r03c02f08p01-ch3sk1fk1fl1.tiff,r03c02f08p01-ch4sk1fk1fl1.tiff,C02_s08,5,low,,5_low,test
HepatoPAC Islands 20260413,C02,9,r03c02f09p01-ch1sk1fk1fl1.tiff,r03c02f09p01-ch6sk1fk1fl1.tiff,r03c02f09p01-ch2sk1fk1fl1.tiff,r03c02f09p01-ch5sk1fk1fl1.tiff,r03c02f09p01-ch3sk1fk1fl1.tiff,r03c02f09p01-ch4sk1fk1fl1.tiff,C02_s09,5,low,,5_low,test
HepatoPAC Islands 20260413,C02,10,r03c02f10p01-ch1sk1fk1fl1.tiff,r03c02f10p01-ch6sk1fk1fl1.tiff,r03c02f10p01-ch2sk1fk1fl1.tiff,r03c02f10p01-ch5sk1fk1fl1.tiff,r03c02f10p01-ch3sk1fk1fl1.tiff,r03c02f10p01-ch4sk1fk1fl1.tiff,C02_s10,5,low,,5_low,test
HepatoPAC Islands 20260413,C02,11,r03c02f11p01-ch1sk1fk1fl1.tiff,r03c02f11p01-ch6sk1fk1fl1.tiff,r03c02f11p01-ch2sk1fk1fl1.tiff,r03c02f11p01-ch5sk1fk1fl1.tiff,r03c02f11p01-ch3sk1fk1fl1.tiff,r03c02f11p01-ch4sk1fk1fl1.tiff,C02_s11,5,low,,5_low,test
HepatoPAC Islands 20260413,C02,12,r03c02f12p01-ch1sk1fk1fl1.tiff,r03c02f12p01-ch6sk1fk1fl1.tiff,r03c02f12p01-ch2sk1fk1fl1.tiff,r03c02f12p01-ch5sk1fk1fl1.tiff,r03c02f12p01-ch3sk1fk1fl1.tiff,r03c02f12p01-ch4sk1fk1fl1.tiff,C02_s12,5,low,,5_low,test
HepatoPAC Islands 20260413,C02,13,r03c02f13p01-ch1sk1fk1fl1.tiff,r03c02f13p01-ch6sk1fk1fl1.tiff,r03c02f13p01-ch2sk1fk1fl1.tiff,r03c02f13p01-ch5sk1fk1fl1.tiff,r03c02f13p01-ch3sk1fk1fl1.tiff,r03c02f13p01-ch4sk1fk1fl1.tiff,C02_s13,5,low,,5_low,test
HepatoPAC Islands 20260413,C02,14,r03c02f14p01-ch1sk1fk1fl1.tiff,r03c02f14p01-ch6sk1fk1fl1.tiff,r03c02f14p01-ch2sk1fk1fl1.tiff,r03c02f14p01-ch5sk1fk1fl1.tiff,r03c02f14p01-ch3sk1fk1fl1.tiff,r03c02f14p01-ch4sk1fk1fl1.tiff,C02_s14,5,low,,5_low,test
HepatoPAC Islands 20260413,C02,15,r03c02f15p01-ch1sk1fk1fl1.tiff,r03c02f15p01-ch6sk1fk1fl1.tiff,r03c02f15p01-ch2sk1fk1fl1.tiff,r03c02f15p01-ch5sk1fk1fl1.tiff,r03c02f15p01-ch3sk1fk1fl1.tiff,r03c02f15p01-ch4sk1fk1fl1.tiff,C02_s15,5,low,,5_low,test
HepatoPAC Islands 20260413,C02,16,r03c02f16p01-ch1sk1fk1fl1.tiff,r03c02f16p01-ch6sk1fk1fl1.tiff,r03c02f16p01-ch2sk1fk1fl1.tiff,r03c02f16p01-ch5sk1fk1fl1.tiff,r03c02f16p01-ch3sk1fk1fl1.tiff,r03c02f16p01-ch4sk1fk1fl1.tiff,C02_s16,5,low,,5_low,test
HepatoPAC Islands 20260413,C02,17,r03c02f17p01-ch1sk1fk1fl1.tiff,r03c02f17p01-ch6sk1fk1fl1.tiff,r03c02f17p01-ch2sk1fk1fl1.tiff,r03c02f17p01-ch5sk1fk1fl1.tiff,r03c02f17p01-ch3sk1fk1fl1.tiff,r03c02f17p01-ch4sk1fk1fl1.tiff,C02_s17,5,low,,5_low,test
HepatoPAC Islands 20260413,C02,18,r03c02f18p01-ch1sk1fk1fl1.tiff,r03c02f18p01-ch6sk1fk1fl1.tiff,r03c02f18p01-ch2sk1fk1fl1.tiff,r03c02f18p01-ch5sk1fk1fl1.tiff,r03c02f18p01-ch3sk1fk1fl1.tiff,r03c02f18p01-ch4sk1fk1fl1.tiff,C02_s18,5,low,,5_low,test
HepatoPAC Islands 20260413,C02,19,r03c02f19p01-ch1sk1fk1fl1.tiff,r03c02f19p01-ch6sk1fk1fl1.tiff,r03c02f19p01-ch2sk1fk1fl1.tiff,r03c02f19p01-ch5sk1fk1fl1.tiff,r03c02f19p01-ch3sk1fk1fl1.tiff,r03c02f19p01-ch4sk1fk1fl1.tiff,C02_s19,5,low,,5_low,test
HepatoPAC Islands 20260413,C02,20,r03c02f20p01-ch1sk1fk1fl1.tiff,r03c02f20p01-ch6sk1fk1fl1.tiff,r03c02f20p01-ch2sk1fk1fl1.tiff,r03c02f20p01-ch5sk1fk1fl1.tiff,r03c02f20p01-ch3sk1fk1fl1.tiff,r03c02f20p01-ch4sk1fk1fl1.tiff,C02_s20,5,low,,5_low,test
HepatoPAC Islands 20260413,C02,21,r03c02f21p01-ch1sk1fk1fl1.tiff,r03c02f21p01-ch6sk1fk1fl1.tiff,r03c02f21p01-ch2sk1fk1fl1.tiff,r03c02f21p01-ch5sk1fk1fl1.tiff,r03c02f21p01-ch3sk1fk1fl1.tiff,r03c02f21p01-ch4sk1fk1fl1.tiff,C02_s21,5,low,,5_low,test
HepatoPAC Islands 20260413,C02,22,r03c02f22p01-ch1sk1fk1fl1.tiff,r03c02f22p01-ch6sk1fk1fl1.tiff,r03c02f22p01-ch2sk1fk1fl1.tiff,r03c02f22p01-ch5sk1fk1fl1.tiff,r03c02f22p01-ch3sk1fk1fl1.tiff,r03c02f22p01-ch4sk1fk1fl1.tiff,C02_s22,5,low,,5_low,test
HepatoPAC Islands 20260413,C02,23,r03c02f23p01-ch1sk1fk1fl1.tiff,r03c02f23p01-ch6sk1fk1fl1.tiff,r03c02f23p01-ch2sk1fk1fl1.tiff,r03c02f23p01-ch5sk1fk1fl1.tiff,r03c02f23p01-ch3sk1fk1fl1.tiff,r03c02f23p01-ch4sk1fk1fl1.tiff,C02_s23,5,low,,5_low,test
HepatoPAC Islands 20260413,C02,24,r03c02f24p01-ch1sk1fk1fl1.tiff,r03c02f24p01-ch6sk1fk1fl1.tiff,r03c02f24p01-ch2sk1fk1fl1.tiff,r03c02f24p01-ch5sk1fk1fl1.tiff,r03c02f24p01-ch3sk1fk1fl1.tiff,r03c02f24p01-ch4sk1fk1fl1.tiff,C02_s24,5,low,,5_low,test
HepatoPAC Islands 20260413,C02,25,r03c02f25p01-ch1sk1fk1fl1.tiff,r03c02f25p01-ch6sk1fk1fl1.tiff,r03c02f25p01-ch2sk1fk1fl1.tiff,r03c02f25p01-ch5sk1fk1fl1.tiff,r03c02f25p01-ch3sk1fk1fl1.tiff,r03c02f25p01-ch4sk1fk1fl1.tiff,C02_s25,5,low,,5_low,test
HepatoPAC Islands 20260413,C02,26,r03c02f26p01-ch1sk1fk1fl1.tiff,r03c02f26p01-ch6sk1fk1fl1.tiff,r03c02f26p01-ch2sk1fk1fl1.tiff,r03c02f26p01-ch5sk1fk1fl1.tiff,r03c02f26p01-ch3sk1fk1fl1.tiff,r03c02f26p01-ch4sk1fk1fl1.tiff,C02_s26,5,low,,5_low,test
HepatoPAC Islands 20260413,C02,27,r03c02f27p01-ch1sk1fk1fl1.tiff,r03c02f27p01-ch6sk1fk1fl1.tiff,r03c02f27p01-ch2sk1fk1fl1.tiff,r03c02f27p01-ch5sk1fk1fl1.tiff,r03c02f27p01-ch3sk1fk1fl1.tiff,r03c02f27p01-ch4sk1fk1fl1.tiff,C02_s27,5,low,,5_low,test
HepatoPAC Islands 20260413,C02,28,r03c02f28p01-ch1sk1fk1fl1.tiff,r03c02f28p01-ch6sk1fk1fl1.tiff,r03c02f28p01-ch2sk1fk1fl1.tiff,r03c02f28p01-ch5sk1fk1fl1.tiff,r03c02f28p01-ch3sk1fk1fl1.tiff,r03c02f28p01-ch4sk1fk1fl1.tiff,C02_s28,5,low,,5_low,test
HepatoPAC Islands 20260413,C02,29,r03c02f29p01-ch1sk1fk1fl1.tiff,r03c02f29p01-ch6sk1fk1fl1.tiff,r03c02f29p01-ch2sk1fk1fl1.tiff,r03c02f29p01-ch5sk1fk1fl1.tiff,r03c02f29p01-ch3sk1fk1fl1.tiff,r03c02f29p01-ch4sk1fk1fl1.tiff,C02_s29,5,low,,5_low,test
HepatoPAC Islands 20260413,C02,30,r03c02f30p01-ch1sk1fk1fl1.tiff,r03c02f30p01-ch6sk1fk1fl1.tiff,r03c02f30p01-ch2sk1fk1fl1.tiff,r03c02f30p01-ch5sk1fk1fl1.tiff,r03c02f30p01-ch3sk1fk1fl1.tiff,r03c02f30p01-ch4sk1fk1fl1.tiff,C02_s30,5,low,,5_low,test
HepatoPAC Islands 20260413,C02,31,r03c02f31p01-ch1sk1fk1fl1.tiff,r03c02f31p01-ch6sk1fk1fl1.tiff,r03c02f31p01-ch2sk1fk1fl1.tiff,r03c02f31p01-ch5sk1fk1fl1.tiff,r03c02f31p01-ch3sk1fk1fl1.tiff,r03c02f31p01-ch4sk1fk1fl1.tiff,C02_s31,5,low,,5_low,test
HepatoPAC Islands 20260413,C02,32,r03c02f32p01-ch1sk1fk1fl1.tiff,r03c02f32p01-ch6sk1fk1fl1.tiff,r03c02f32p01-ch2sk1fk1fl1.tiff,r03c02f32p01-ch5sk1fk1fl1.tiff,r03c02f32p01-ch3sk1fk1fl1.tiff,r03c02f32p01-ch4sk1fk1fl1.tiff,C02_s32,5,low,,5_low,test
HepatoPAC Islands 20260413,C02,33,r03c02f33p01-ch1sk1fk1fl1.tiff,r03c02f33p01-ch6sk1fk1fl1.tiff,r03c02f33p01-ch2sk1fk1fl1.tiff,r03c02f33p01-ch5sk1fk1fl1.tiff,r03c02f33p01-ch3sk1fk1fl1.tiff,r03c02f33p01-ch4sk1fk1fl1.tiff,C02_s33,5,low,,5_low,test
HepatoPAC Islands 20260413,C02,34,r03c02f34p01-ch1sk1fk1fl1.tiff,r03c02f34p01-ch6sk1fk1fl1.tiff,r03c02f34p01-ch2sk1fk1fl1.tiff,r03c02f34p01-ch5sk1fk1fl1.tiff,r03c02f34p01-ch3sk1fk1fl1.tiff,r03c02f34p01-ch4sk1fk1fl1.tiff,C02_s34,5,low,,5_low,test
HepatoPAC Islands 20260413,C02,35,r03c02f35p01-ch1sk1fk1fl1.tiff,r03c02f35p01-ch6sk1fk1fl1.tiff,r03c02f35p01-ch2sk1fk1fl1.tiff,r03c02f35p01-ch5sk1fk1fl1.tiff,r03c02f35p01-ch3sk1fk1fl1.tiff,r03c02f35p01-ch4sk1fk1fl1.tiff,C02_s35,5,low,,5_low,test
HepatoPAC Islands 20260413,C02,36,r03c02f36p01-ch1sk1fk1fl1.tiff,r03c02f36p01-ch6sk1fk1fl1.tiff,r03c02f36p01-ch2sk1fk1fl1.tiff,r03c02f36p01-ch5sk1fk1fl1.tiff,r03c02f36p01-ch3sk1fk1fl1.tiff,r03c02f36p01-ch4sk1fk1fl1.tiff,C02_s36,5,low,,5_low,test
HepatoPAC Islands 20260413,C02,37,r03c02f37p01-ch1sk1fk1fl1.tiff,r03c02f37p01-ch6sk1fk1fl1.tiff,r03c02f37p01-ch2sk1fk1fl1.tiff,r03c02f37p01-ch5sk1fk1fl1.tiff,r03c02f37p01-ch3sk1fk1fl1.tiff,r03c02f37p01-ch4sk1fk1fl1.tiff,C02_s37,5,low,,5_low,test
HepatoPAC Islands 20260413,C02,38,r03c02f38p01-ch1sk1fk1fl1.tiff,r03c02f38p01-ch6sk1fk1fl1.tiff,r03c02f38p01-ch2sk1fk1fl1.tiff,r03c02f38p01-ch5sk1fk1fl1.tiff,r03c02f38p01-ch3sk1fk1fl1.tiff,r03c02f38p01-ch4sk1fk1fl1.tiff,C02_s38,5,low,,5_low,test
HepatoPAC Islands 20260413,C02,39,r03c02f39p01-ch1sk1fk1fl1.tiff,r03c02f39p01-ch6sk1fk1fl1.tiff,r03c02f39p01-ch2sk1fk1fl1.tiff,r03c02f39p01-ch5sk1fk1fl1.tiff,r03c02f39p01-ch3sk1fk1fl1.tiff,r03c02f39p01-ch4sk1fk1fl1.tiff,C02_s39,5,low,,5_low,test
HepatoPAC Islands 20260413,C02,40,r03c02f40p01-ch1sk1fk1fl1.tiff,r03c02f40p01-ch6sk1fk1fl1.tiff,r03c02f40p01-ch2sk1fk1fl1.tiff,r03c02f40p01-ch5sk1fk1fl1.tiff,r03c02f40p01-ch3sk1fk1fl1.tiff,r03c02f40p01-ch4sk1fk1fl1.tiff,C02_s40,5,low,,5_low,test
HepatoPAC Islands 20260413,C02,41,r03c02f41p01-ch1sk1fk1fl1.tiff,r03c02f41p01-ch6sk1fk1fl1.tiff,r03c02f41p01-ch2sk1fk1fl1.tiff,r03c02f41p01-ch5sk1fk1fl1.tiff,r03c02f41p01-ch3sk1fk1fl1.tiff,r03c02f41p01-ch4sk1fk1fl1.tiff,C02_s41,5,low,,5_low,test
HepatoPAC Islands 20260413,C02,42,r03c02f42p01-ch1sk1fk1fl1.tiff,r03c02f42p01-ch6sk1fk1fl1.tiff,r03c02f42p01-ch2sk1fk1fl1.tiff,r03c02f42p01-ch5sk1fk1fl1.tiff,r03c02f42p01-ch3sk1fk1fl1.tiff,r03c02f42p01-ch4sk1fk1fl1.tiff,C02_s42,5,low,,5_low,test
HepatoPAC Islands 20260413,C02,43,r03c02f43p01-ch1sk1fk1fl1.tiff,r03c02f43p01-ch6sk1fk1fl1.tiff,r03c02f43p01-ch2sk1fk1fl1.tiff,r03c02f43p01-ch5sk1fk1fl1.tiff,r03c02f43p01-ch3sk1fk1fl1.tiff,r03c02f43p01-ch4sk1fk1fl1.tiff,C02_s43,5,low,,5_low,test
HepatoPAC Islands 20260413,C02,44,r03c02f44p01-ch1sk1fk1fl1.tiff,r03c02f44p01-ch6sk1fk1fl1.tiff,r03c02f44p01-ch2sk1fk1fl1.tiff,r03c02f44p01-ch5sk1fk1fl1.tiff,r03c02f44p01-ch3sk1fk1fl1.tiff,r03c02f44p01-ch4sk1fk1fl1.tiff,C02_s44,5,low,,5_low,test
HepatoPAC Islands 20260413,C02,45,r03c02f45p01-ch1sk1fk1fl1.tiff,r03c02f45p01-ch6sk1fk1fl1.tiff,r03c02f45p01-ch2sk1fk1fl1.tiff,r03c02f45p01-ch5sk1fk1fl1.tiff,r03c02f45p01-ch3sk1fk1fl1.tiff,r03c02f45p01-ch4sk1fk1fl1.tiff,C02_s45,5,low,,5_low,test
HepatoPAC Islands 20260413,C02,46,r03c02f46p01-ch1sk1fk1fl1.tiff,r03c02f46p01-ch6sk1fk1fl1.tiff,r03c02f46p01-ch2sk1fk1fl1.tiff,r03c02f46p01-ch5sk1fk1fl1.tiff,r03c02f46p01-ch3sk1fk1fl1.tiff,r03c02f46p01-ch4sk1fk1fl1.tiff,C02_s46,5,low,,5_low,test
HepatoPAC Islands 20260413,C02,47,r03c02f47p01-ch1sk1fk1fl1.tiff,r03c02f47p01-ch6sk1fk1fl1.tiff,r03c02f47p01-ch2sk1fk1fl1.tiff,r03c02f47p01-ch5sk1fk1fl1.tiff,r03c02f47p01-ch3sk1fk1fl1.tiff,r03c02f47p01-ch4sk1fk1fl1.tiff,C02_s47,5,low,,5_low,test
HepatoPAC Islands 20260413,C02,48,r03c02f48p01-ch1sk1fk1fl1.tiff,r03c02f48p01-ch6sk1fk1fl1.tiff,r03c02f48p01-ch2sk1fk1fl1.tiff,r03c02f48p01-ch5sk1fk1fl1.tiff,r03c02f48p01-ch3sk1fk1fl1.tiff,r03c02f48p01-ch4sk1fk1fl1.tiff,C02_s48,5,low,,5_low,test
HepatoPAC Islands 20260413,C02,49,r03c02f49p01-ch1sk1fk1fl1.tiff,r03c02f49p01-ch6sk1fk1fl1.tiff,r03c02f49p01-ch2sk1fk1fl1.tiff,r03c02f49p01-ch5sk1fk1fl1.tiff,r03c02f49p01-ch3sk1fk1fl1.tiff,r03c02f49p01-ch4sk1fk1fl1.tiff,C02_s49,5,low,,5_low,test
HepatoPAC Islands 20260413,C03,1,r03c03f01p01-ch1sk1fk1fl1.tiff,r03c03f01p01-ch6sk1fk1fl1.tiff,r03c03f01p01-ch2sk1fk1fl1.tiff,r03c03f01p01-ch5sk1fk1fl1.tiff,r03c03f01p01-ch3sk1fk1fl1.tiff,r03c03f01p01-ch4sk1fk1fl1.tiff,C03_s01,control,none,negcon,control_none,test
HepatoPAC Islands 20260413,C03,2,r03c03f02p01-ch1sk1fk1fl1.tiff,r03c03f02p01-ch6sk1fk1fl1.tiff,r03c03f02p01-ch2sk1fk1fl1.tiff,r03c03f02p01-ch5sk1fk1fl1.tiff,r03c03f02p01-ch3sk1fk1fl1.tiff,r03c03f02p01-ch4sk1fk1fl1.tiff,C03_s02,control,none,negcon,control_none,test
HepatoPAC Islands 20260413,C03,3,r03c03f03p01-ch1sk1fk1fl1.tiff,r03c03f03p01-ch6sk1fk1fl1.tiff,r03c03f03p01-ch2sk1fk1fl1.tiff,r03c03f03p01-ch5sk1fk1fl1.tiff,r03c03f03p01-ch3sk1fk1fl1.tiff,r03c03f03p01-ch4sk1fk1fl1.tiff,C03_s03,control,none,negcon,control_none,test
HepatoPAC Islands 20260413,C03,4,r03c03f04p01-ch1sk1fk1fl1.tiff,r03c03f04p01-ch6sk1fk1fl1.tiff,r03c03f04p01-ch2sk1fk1fl1.tiff,r03c03f04p01-ch5sk1fk1fl1.tiff,r03c03f04p01-ch3sk1fk1fl1.tiff,r03c03f04p01-ch4sk1fk1fl1.tiff,C03_s04,control,none,negcon,control_none,test
HepatoPAC Islands 20260413,C03,5,r03c03f05p01-ch1sk1fk1fl1.tiff,r03c03f05p01-ch6sk1fk1fl1.tiff,r03c03f05p01-ch2sk1fk1fl1.tiff,r03c03f05p01-ch5sk1fk1fl1.tiff,r03c03f05p01-ch3sk1fk1fl1.tiff,r03c03f05p01-ch4sk1fk1fl1.tiff,C03_s05,control,none,negcon,control_none,test
HepatoPAC Islands 20260413,C03,6,r03c03f06p01-ch1sk1fk1fl1.tiff,r03c03f06p01-ch6sk1fk1fl1.tiff,r03c03f06p01-ch2sk1fk1fl1.tiff,r03c03f06p01-ch5sk1fk1fl1.tiff,r03c03f06p01-ch3sk1fk1fl1.tiff,r03c03f06p01-ch4sk1fk1fl1.tiff,C03_s06,control,none,negcon,control_none,test
HepatoPAC Islands 20260413,C03,7,r03c03f07p01-ch1sk1fk1fl1.tiff,r03c03f07p01-ch6sk1fk1fl1.tiff,r03c03f07p01-ch2sk1fk1fl1.tiff,r03c03f07p01-ch5sk1fk1fl1.tiff,r03c03f07p01-ch3sk1fk1fl1.tiff,r03c03f07p01-ch4sk1fk1fl1.tiff,C03_s07,control,none,negcon,control_none,test
HepatoPAC Islands 20260413,C03,8,r03c03f08p01-ch1sk1fk1fl1.tiff,r03c03f08p01-ch6sk1fk1fl1.tiff,r03c03f08p01-ch2sk1fk1fl1.tiff,r03c03f08p01-ch5sk1fk1fl1.tiff,r03c03f08p01-ch3sk1fk1fl1.tiff,r03c03f08p01-ch4sk1fk1fl1.tiff,C03_s08,control,none,negcon,control_none,test
HepatoPAC Islands 20260413,C03,9,r03c03f09p01-ch1sk1fk1fl1.tiff,r03c03f09p01-ch6sk1fk1fl1.tiff,r03c03f09p01-ch2sk1fk1fl1.tiff,r03c03f09p01-ch5sk1fk1fl1.tiff,r03c03f09p01-ch3sk1fk1fl1.tiff,r03c03f09p01-ch4sk1fk1fl1.tiff,C03_s09,control,none,negcon,control_none,test
HepatoPAC Islands 20260413,C03,10,r03c03f10p01-ch1sk1fk1fl1.tiff,r03c03f10p01-ch6sk1fk1fl1.tiff,r03c03f10p01-ch2sk1fk1fl1.tiff,r03c03f10p01-ch5sk1fk1fl1.tiff,r03c03f10p01-ch3sk1fk1fl1.tiff,r03c03f10p01-ch4sk1fk1fl1.tiff,C03_s10,control,none,negcon,control_none,test
HepatoPAC Islands 20260413,C03,11,r03c03f11p01-ch1sk1fk1fl1.tiff,r03c03f11p01-ch6sk1fk1fl1.tiff,r03c03f11p01-ch2sk1fk1fl1.tiff,r03c03f11p01-ch5sk1fk1fl1.tiff,r03c03f11p01-ch3sk1fk1fl1.tiff,r03c03f11p01-ch4sk1fk1fl1.tiff,C03_s11,control,none,negcon,control_none,test
HepatoPAC Islands 20260413,C03,12,r03c03f12p01-ch1sk1fk1fl1.tiff,r03c03f12p01-ch6sk1fk1fl1.tiff,r03c03f12p01-ch2sk1fk1fl1.tiff,r03c03f12p01-ch5sk1fk1fl1.tiff,r03c03f12p01-ch3sk1fk1fl1.tiff,r03c03f12p01-ch4sk1fk1fl1.tiff,C03_s12,control,none,negcon,control_none,test
HepatoPAC Islands 20260413,C03,13,r03c03f13p01-ch1sk1fk1fl1.tiff,r03c03f13p01-ch6sk1fk1fl1.tiff,r03c03f13p01-ch2sk1fk1fl1.tiff,r03c03f13p01-ch5sk1fk1fl1.tiff,r03c03f13p01-ch3sk1fk1fl1.tiff,r03c03f13p01-ch4sk1fk1fl1.tiff,C03_s13,control,none,negcon,control_none,test
HepatoPAC Islands 20260413,C03,14,r03c03f14p01-ch1sk1fk1fl1.tiff,r03c03f14p01-ch6sk1fk1fl1.tiff,r03c03f14p01-ch2sk1fk1fl1.tiff,r03c03f14p01-ch5sk1fk1fl1.tiff,r03c03f14p01-ch3sk1fk1fl1.tiff,r03c03f14p01-ch4sk1fk1fl1.tiff,C03_s14,control,none,negcon,control_none,test
HepatoPAC Islands 20260413,C03,15,r03c03f15p01-ch1sk1fk1fl1.tiff,r03c03f15p01-ch6sk1fk1fl1.tiff,r03c03f15p01-ch2sk1fk1fl1.tiff,r03c03f15p01-ch5sk1fk1fl1.tiff,r03c03f15p01-ch3sk1fk1fl1.tiff,r03c03f15p01-ch4sk1fk1fl1.tiff,C03_s15,control,none,negcon,control_none,test
HepatoPAC Islands 20260413,C03,16,r03c03f16p01-ch1sk1fk1fl1.tiff,r03c03f16p01-ch6sk1fk1fl1.tiff,r03c03f16p01-ch2sk1fk1fl1.tiff,r03c03f16p01-ch5sk1fk1fl1.tiff,r03c03f16p01-ch3sk1fk1fl1.tiff,r03c03f16p01-ch4sk1fk1fl1.tiff,C03_s16,control,none,negcon,control_none,test
HepatoPAC Islands 20260413,C03,17,r03c03f17p01-ch1sk1fk1fl1.tiff,r03c03f17p01-ch6sk1fk1fl1.tiff,r03c03f17p01-ch2sk1fk1fl1.tiff,r03c03f17p01-ch5sk1fk1fl1.tiff,r03c03f17p01-ch3sk1fk1fl1.tiff,r03c03f17p01-ch4sk1fk1fl1.tiff,C03_s17,control,none,negcon,control_none,test
HepatoPAC Islands 20260413,C03,18,r03c03f18p01-ch1sk1fk1fl1.tiff,r03c03f18p01-ch6sk1fk1fl1.tiff,r03c03f18p01-ch2sk1fk1fl1.tiff,r03c03f18p01-ch5sk1fk1fl1.tiff,r03c03f18p01-ch3sk1fk1fl1.tiff,r03c03f18p01-ch4sk1fk1fl1.tiff,C03_s18,control,none,negcon,control_none,test
HepatoPAC Islands 20260413,C03,19,r03c03f19p01-ch1sk1fk1fl1.tiff,r03c03f19p01-ch6sk1fk1fl1.tiff,r03c03f19p01-ch2sk1fk1fl1.tiff,r03c03f19p01-ch5sk1fk1fl1.tiff,r03c03f19p01-ch3sk1fk1fl1.tiff,r03c03f19p01-ch4sk1fk1fl1.tiff,C03_s19,control,none,negcon,control_none,test
HepatoPAC Islands 20260413,C03,20,r03c03f20p01-ch1sk1fk1fl1.tiff,r03c03f20p01-ch6sk1fk1fl1.tiff,r03c03f20p01-ch2sk1fk1fl1.tiff,r03c03f20p01-ch5sk1fk1fl1.tiff,r03c03f20p01-ch3sk1fk1fl1.tiff,r03c03f20p01-ch4sk1fk1fl1.tiff,C03_s20,control,none,negcon,control_none,test
HepatoPAC Islands 20260413,C03,21,r03c03f21p01-ch1sk1fk1fl1.tiff,r03c03f21p01-ch6sk1fk1fl1.tiff,r03c03f21p01-ch2sk1fk1fl1.tiff,r03c03f21p01-ch5sk1fk1fl1.tiff,r03c03f21p01-ch3sk1fk1fl1.tiff,r03c03f21p01-ch4sk1fk1fl1.tiff,C03_s21,control,none,negcon,control_none,test
HepatoPAC Islands 20260413,C03,22,r03c03f22p01-ch1sk1fk1fl1.tiff,r03c03f22p01-ch6sk1fk1fl1.tiff,r03c03f22p01-ch2sk1fk1fl1.tiff,r03c03f22p01-ch5sk1fk1fl1.tiff,r03c03f22p01-ch3sk1fk1fl1.tiff,r03c03f22p01-ch4sk1fk1fl1.tiff,C03_s22,control,none,negcon,control_none,test
HepatoPAC Islands 20260413,C03,23,r03c03f23p01-ch1sk1fk1fl1.tiff,r03c03f23p01-ch6sk1fk1fl1.tiff,r03c03f23p01-ch2sk1fk1fl1.tiff,r03c03f23p01-ch5sk1fk1fl1.tiff,r03c03f23p01-ch3sk1fk1fl1.tiff,r03c03f23p01-ch4sk1fk1fl1.tiff,C03_s23,control,none,negcon,control_none,test
HepatoPAC Islands 20260413,C03,24,r03c03f24p01-ch1sk1fk1fl1.tiff,r03c03f24p01-ch6sk1fk1fl1.tiff,r03c03f24p01-ch2sk1fk1fl1.tiff,r03c03f24p01-ch5sk1fk1fl1.tiff,r03c03f24p01-ch3sk1fk1fl1.tiff,r03c03f24p01-ch4sk1fk1fl1.tiff,C03_s24,control,none,negcon,control_none,test
HepatoPAC Islands 20260413,C03,25,r03c03f25p01-ch1sk1fk1fl1.tiff,r03c03f25p01-ch6sk1fk1fl1.tiff,r03c03f25p01-ch2sk1fk1fl1.tiff,r03c03f25p01-ch5sk1fk1fl1.tiff,r03c03f25p01-ch3sk1fk1fl1.tiff,r03c03f25p01-ch4sk1fk1fl1.tiff,C03_s25,control,none,negcon,control_none,test
HepatoPAC Islands 20260413,C03,26,r03c03f26p01-ch1sk1fk1fl1.tiff,r03c03f26p01-ch6sk1fk1fl1.tiff,r03c03f26p01-ch2sk1fk1fl1.tiff,r03c03f26p01-ch5sk1fk1fl1.tiff,r03c03f26p01-ch3sk1fk1fl1.tiff,r03c03f26p01-ch4sk1fk1fl1.tiff,C03_s26,control,none,negcon,control_none,test
HepatoPAC Islands 20260413,C03,27,r03c03f27p01-ch1sk1fk1fl1.tiff,r03c03f27p01-ch6sk1fk1fl1.tiff,r03c03f27p01-ch2sk1fk1fl1.tiff,r03c03f27p01-ch5sk1fk1fl1.tiff,r03c03f27p01-ch3sk1fk1fl1.tiff,r03c03f27p01-ch4sk1fk1fl1.tiff,C03_s27,control,none,negcon,control_none,test
HepatoPAC Islands 20260413,C03,28,r03c03f28p01-ch1sk1fk1fl1.tiff,r03c03f28p01-ch6sk1fk1fl1.tiff,r03c03f28p01-ch2sk1fk1fl1.tiff,r03c03f28p01-ch5sk1fk1fl1.tiff,r03c03f28p01-ch3sk1fk1fl1.tiff,r03c03f28p01-ch4sk1fk1fl1.tiff,C03_s28,control,none,negcon,control_none,test
HepatoPAC Islands 20260413,C03,29,r03c03f29p01-ch1sk1fk1fl1.tiff,r03c03f29p01-ch6sk1fk1fl1.tiff,r03c03f29p01-ch2sk1fk1fl1.tiff,r03c03f29p01-ch5sk1fk1fl1.tiff,r03c03f29p01-ch3sk1fk1fl1.tiff,r03c03f29p01-ch4sk1fk1fl1.tiff,C03_s29,control,none,negcon,control_none,test
HepatoPAC Islands 20260413,C03,30,r03c03f30p01-ch1sk1fk1fl1.tiff,r03c03f30p01-ch6sk1fk1fl1.tiff,r03c03f30p01-ch2sk1fk1fl1.tiff,r03c03f30p01-ch5sk1fk1fl1.tiff,r03c03f30p01-ch3sk1fk1fl1.tiff,r03c03f30p01-ch4sk1fk1fl1.tiff,C03_s30,control,none,negcon,control_none,test
HepatoPAC Islands 20260413,C03,31,r03c03f31p01-ch1sk1fk1fl1.tiff,r03c03f31p01-ch6sk1fk1fl1.tiff,r03c03f31p01-ch2sk1fk1fl1.tiff,r03c03f31p01-ch5sk1fk1fl1.tiff,r03c03f31p01-ch3sk1fk1fl1.tiff,r03c03f31p01-ch4sk1fk1fl1.tiff,C03_s31,control,none,negcon,control_none,test
HepatoPAC Islands 20260413,C03,32,r03c03f32p01-ch1sk1fk1fl1.tiff,r03c03f32p01-ch6sk1fk1fl1.tiff,r03c03f32p01-ch2sk1fk1fl1.tiff,r03c03f32p01-ch5sk1fk1fl1.tiff,r03c03f32p01-ch3sk1fk1fl1.tiff,r03c03f32p01-ch4sk1fk1fl1.tiff,C03_s32,control,none,negcon,control_none,test
HepatoPAC Islands 20260413,C03,33,r03c03f33p01-ch1sk1fk1fl1.tiff,r03c03f33p01-ch6sk1fk1fl1.tiff,r03c03f33p01-ch2sk1fk1fl1.tiff,r03c03f33p01-ch5sk1fk1fl1.tiff,r03c03f33p01-ch3sk1fk1fl1.tiff,r03c03f33p01-ch4sk1fk1fl1.tiff,C03_s33,control,none,negcon,control_none,test
HepatoPAC Islands 20260413,C03,34,r03c03f34p01-ch1sk1fk1fl1.tiff,r03c03f34p01-ch6sk1fk1fl1.tiff,r03c03f34p01-ch2sk1fk1fl1.tiff,r03c03f34p01-ch5sk1fk1fl1.tiff,r03c03f34p01-ch3sk1fk1fl1.tiff,r03c03f34p01-ch4sk1fk1fl1.tiff,C03_s34,control,none,negcon,control_none,test
HepatoPAC Islands 20260413,C03,35,r03c03f35p01-ch1sk1fk1fl1.tiff,r03c03f35p01-ch6sk1fk1fl1.tiff,r03c03f35p01-ch2sk1fk1fl1.tiff,r03c03f35p01-ch5sk1fk1fl1.tiff,r03c03f35p01-ch3sk1fk1fl1.tiff,r03c03f35p01-ch4sk1fk1fl1.tiff,C03_s35,control,none,negcon,control_none,test
HepatoPAC Islands 20260413,C03,36,r03c03f36p01-ch1sk1fk1fl1.tiff,r03c03f36p01-ch6sk1fk1fl1.tiff,r03c03f36p01-ch2sk1fk1fl1.tiff,r03c03f36p01-ch5sk1fk1fl1.tiff,r03c03f36p01-ch3sk1fk1fl1.tiff,r03c03f36p01-ch4sk1fk1fl1.tiff,C03_s36,control,none,negcon,control_none,test
HepatoPAC Islands 20260413,C03,37,r03c03f37p01-ch1sk1fk1fl1.tiff,r03c03f37p01-ch6sk1fk1fl1.tiff,r03c03f37p01-ch2sk1fk1fl1.tiff,r03c03f37p01-ch5sk1fk1fl1.tiff,r03c03f37p01-ch3sk1fk1fl1.tiff,r03c03f37p01-ch4sk1fk1fl1.tiff,C03_s37,control,none,negcon,control_none,test
HepatoPAC Islands 20260413,C03,38,r03c03f38p01-ch1sk1fk1fl1.tiff,r03c03f38p01-ch6sk1fk1fl1.tiff,r03c03f38p01-ch2sk1fk1fl1.tiff,r03c03f38p01-ch5sk1fk1fl1.tiff,r03c03f38p01-ch3sk1fk1fl1.tiff,r03c03f38p01-ch4sk1fk1fl1.tiff,C03_s38,control,none,negcon,control_none,test
HepatoPAC Islands 20260413,C03,39,r03c03f39p01-ch1sk1fk1fl1.tiff,r03c03f39p01-ch6sk1fk1fl1.tiff,r03c03f39p01-ch2sk1fk1fl1.tiff,r03c03f39p01-ch5sk1fk1fl1.tiff,r03c03f39p01-ch3sk1fk1fl1.tiff,r03c03f39p01-ch4sk1fk1fl1.tiff,C03_s39,control,none,negcon,control_none,test
HepatoPAC Islands 20260413,C03,40,r03c03f40p01-ch1sk1fk1fl1.tiff,r03c03f40p01-ch6sk1fk1fl1.tiff,r03c03f40p01-ch2sk1fk1fl1.tiff,r03c03f40p01-ch5sk1fk1fl1.tiff,r03c03f40p01-ch3sk1fk1fl1.tiff,r03c03f40p01-ch4sk1fk1fl1.tiff,C03_s40,control,none,negcon,control_none,test
HepatoPAC Islands 20260413,C03,41,r03c03f41p01-ch1sk1fk1fl1.tiff,r03c03f41p01-ch6sk1fk1fl1.tiff,r03c03f41p01-ch2sk1fk1fl1.tiff,r03c03f41p01-ch5sk1fk1fl1.tiff,r03c03f41p01-ch3sk1fk1fl1.tiff,r03c03f41p01-ch4sk1fk1fl1.tiff,C03_s41,control,none,negcon,control_none,test
HepatoPAC Islands 20260413,C03,42,r03c03f42p01-ch1sk1fk1fl1.tiff,r03c03f42p01-ch6sk1fk1fl1.tiff,r03c03f42p01-ch2sk1fk1fl1.tiff,r03c03f42p01-ch5sk1fk1fl1.tiff,r03c03f42p01-ch3sk1fk1fl1.tiff,r03c03f42p01-ch4sk1fk1fl1.tiff,C03_s42,control,none,negcon,control_none,test
HepatoPAC Islands 20260413,C03,43,r03c03f43p01-ch1sk1fk1fl1.tiff,r03c03f43p01-ch6sk1fk1fl1.tiff,r03c03f43p01-ch2sk1fk1fl1.tiff,r03c03f43p01-ch5sk1fk1fl1.tiff,r03c03f43p01-ch3sk1fk1fl1.tiff,r03c03f43p01-ch4sk1fk1fl1.tiff,C03_s43,control,none,negcon,control_none,test
HepatoPAC Islands 20260413,C03,44,r03c03f44p01-ch1sk1fk1fl1.tiff,r03c03f44p01-ch6sk1fk1fl1.tiff,r03c03f44p01-ch2sk1fk1fl1.tiff,r03c03f44p01-ch5sk1fk1fl1.tiff,r03c03f44p01-ch3sk1fk1fl1.tiff,r03c03f44p01-ch4sk1fk1fl1.tiff,C03_s44,control,none,negcon,control_none,test
HepatoPAC Islands 20260413,C03,45,r03c03f45p01-ch1sk1fk1fl1.tiff,r03c03f45p01-ch6sk1fk1fl1.tiff,r03c03f45p01-ch2sk1fk1fl1.tiff,r03c03f45p01-ch5sk1fk1fl1.tiff,r03c03f45p01-ch3sk1fk1fl1.tiff,r03c03f45p01-ch4sk1fk1fl1.tiff,C03_s45,control,none,negcon,control_none,test
HepatoPAC Islands 20260413,C03,46,r03c03f46p01-ch1sk1fk1fl1.tiff,r03c03f46p01-ch6sk1fk1fl1.tiff,r03c03f46p01-ch2sk1fk1fl1.tiff,r03c03f46p01-ch5sk1fk1fl1.tiff,r03c03f46p01-ch3sk1fk1fl1.tiff,r03c03f46p01-ch4sk1fk1fl1.tiff,C03_s46,control,none,negcon,control_none,test
HepatoPAC Islands 20260413,C03,47,r03c03f47p01-ch1sk1fk1fl1.tiff,r03c03f47p01-ch6sk1fk1fl1.tiff,r03c03f47p01-ch2sk1fk1fl1.tiff,r03c03f47p01-ch5sk1fk1fl1.tiff,r03c03f47p01-ch3sk1fk1fl1.tiff,r03c03f47p01-ch4sk1fk1fl1.tiff,C03_s47,control,none,negcon,control_none,test
HepatoPAC Islands 20260413,C03,48,r03c03f48p01-ch1sk1fk1fl1.tiff,r03c03f48p01-ch6sk1fk1fl1.tiff,r03c03f48p01-ch2sk1fk1fl1.tiff,r03c03f48p01-ch5sk1fk1fl1.tiff,r03c03f48p01-ch3sk1fk1fl1.tiff,r03c03f48p01-ch4sk1fk1fl1.tiff,C03_s48,control,none,negcon,control_none,test
HepatoPAC Islands 20260413,C03,49,r03c03f49p01-ch1sk1fk1fl1.tiff,r03c03f49p01-ch6sk1fk1fl1.tiff,r03c03f49p01-ch2sk1fk1fl1.tiff,r03c03f49p01-ch5sk1fk1fl1.tiff,r03c03f49p01-ch3sk1fk1fl1.tiff,r03c03f49p01-ch4sk1fk1fl1.tiff,C03_s49,control,none,negcon,control_none,test
HepatoPAC Islands 20260413,C04,1,r03c04f01p01-ch1sk1fk1fl1.tiff,r03c04f01p01-ch6sk1fk1fl1.tiff,r03c04f01p01-ch2sk1fk1fl1.tiff,r03c04f01p01-ch5sk1fk1fl1.tiff,r03c04f01p01-ch3sk1fk1fl1.tiff,r03c04f01p01-ch4sk1fk1fl1.tiff,C04_s01,control,none,negcon,control_none,test
HepatoPAC Islands 20260413,C04,2,r03c04f02p01-ch1sk1fk1fl1.tiff,r03c04f02p01-ch6sk1fk1fl1.tiff,r03c04f02p01-ch2sk1fk1fl1.tiff,r03c04f02p01-ch5sk1fk1fl1.tiff,r03c04f02p01-ch3sk1fk1fl1.tiff,r03c04f02p01-ch4sk1fk1fl1.tiff,C04_s02,control,none,negcon,control_none,test
HepatoPAC Islands 20260413,C04,3,r03c04f03p01-ch1sk1fk1fl1.tiff,r03c04f03p01-ch6sk1fk1fl1.tiff,r03c04f03p01-ch2sk1fk1fl1.tiff,r03c04f03p01-ch5sk1fk1fl1.tiff,r03c04f03p01-ch3sk1fk1fl1.tiff,r03c04f03p01-ch4sk1fk1fl1.tiff,C04_s03,control,none,negcon,control_none,test
HepatoPAC Islands 20260413,C04,4,r03c04f04p01-ch1sk1fk1fl1.tiff,r03c04f04p01-ch6sk1fk1fl1.tiff,r03c04f04p01-ch2sk1fk1fl1.tiff,r03c04f04p01-ch5sk1fk1fl1.tiff,r03c04f04p01-ch3sk1fk1fl1.tiff,r03c04f04p01-ch4sk1fk1fl1.tiff,C04_s04,control,none,negcon,control_none,test
HepatoPAC Islands 20260413,C04,5,r03c04f05p01-ch1sk1fk1fl1.tiff,r03c04f05p01-ch6sk1fk1fl1.tiff,r03c04f05p01-ch2sk1fk1fl1.tiff,r03c04f05p01-ch5sk1fk1fl1.tiff,r03c04f05p01-ch3sk1fk1fl1.tiff,r03c04f05p01-ch4sk1fk1fl1.tiff,C04_s05,control,none,negcon,control_none,test
HepatoPAC Islands 20260413,C04,6,r03c04f06p01-ch1sk1fk1fl1.tiff,r03c04f06p01-ch6sk1fk1fl1.tiff,r03c04f06p01-ch2sk1fk1fl1.tiff,r03c04f06p01-ch5sk1fk1fl1.tiff,r03c04f06p01-ch3sk1fk1fl1.tiff,r03c04f06p01-ch4sk1fk1fl1.tiff,C04_s06,control,none,negcon,control_none,test
HepatoPAC Islands 20260413,C04,7,r03c04f07p01-ch1sk1fk1fl1.tiff,r03c04f07p01-ch6sk1fk1fl1.tiff,r03c04f07p01-ch2sk1fk1fl1.tiff,r03c04f07p01-ch5sk1fk1fl1.tiff,r03c04f07p01-ch3sk1fk1fl1.tiff,r03c04f07p01-ch4sk1fk1fl1.tiff,C04_s07,control,none,negcon,control_none,test
HepatoPAC Islands 20260413,C04,8,r03c04f08p01-ch1sk1fk1fl1.tiff,r03c04f08p01-ch6sk1fk1fl1.tiff,r03c04f08p01-ch2sk1fk1fl1.tiff,r03c04f08p01-ch5sk1fk1fl1.tiff,r03c04f08p01-ch3sk1fk1fl1.tiff,r03c04f08p01-ch4sk1fk1fl1.tiff,C04_s08,control,none,negcon,control_none,test
HepatoPAC Islands 20260413,C04,9,r03c04f09p01-ch1sk1fk1fl1.tiff,r03c04f09p01-ch6sk1fk1fl1.tiff,r03c04f09p01-ch2sk1fk1fl1.tiff,r03c04f09p01-ch5sk1fk1fl1.tiff,r03c04f09p01-ch3sk1fk1fl1.tiff,r03c04f09p01-ch4sk1fk1fl1.tiff,C04_s09,control,none,negcon,control_none,test
HepatoPAC Islands 20260413,C04,10,r03c04f10p01-ch1sk1fk1fl1.tiff,r03c04f10p01-ch6sk1fk1fl1.tiff,r03c04f10p01-ch2sk1fk1fl1.tiff,r03c04f10p01-ch5sk1fk1fl1.tiff,r03c04f10p01-ch3sk1fk1fl1.tiff,r03c04f10p01-ch4sk1fk1fl1.tiff,C04_s10,control,none,negcon,control_none,test
HepatoPAC Islands 20260413,C04,11,r03c04f11p01-ch1sk1fk1fl1.tiff,r03c04f11p01-ch6sk1fk1fl1.tiff,r03c04f11p01-ch2sk1fk1fl1.tiff,r03c04f11p01-ch5sk1fk1fl1.tiff,r03c04f11p01-ch3sk1fk1fl1.tiff,r03c04f11p01-ch4sk1fk1fl1.tiff,C04_s11,control,none,negcon,control_none,test
HepatoPAC Islands 20260413,C04,12,r03c04f12p01-ch1sk1fk1fl1.tiff,r03c04f12p01-ch6sk1fk1fl1.tiff,r03c04f12p01-ch2sk1fk1fl1.tiff,r03c04f12p01-ch5sk1fk1fl1.tiff,r03c04f12p01-ch3sk1fk1fl1.tiff,r03c04f12p01-ch4sk1fk1fl1.tiff,C04_s12,control,none,negcon,control_none,test
HepatoPAC Islands 20260413,C04,13,r03c04f13p01-ch1sk1fk1fl1.tiff,r03c04f13p01-ch6sk1fk1fl1.tiff,r03c04f13p01-ch2sk1fk1fl1.tiff,r03c04f13p01-ch5sk1fk1fl1.tiff,r03c04f13p01-ch3sk1fk1fl1.tiff,r03c04f13p01-ch4sk1fk1fl1.tiff,C04_s13,control,none,negcon,control_none,test
HepatoPAC Islands 20260413,C04,14,r03c04f14p01-ch1sk1fk1fl1.tiff,r03c04f14p01-ch6sk1fk1fl1.tiff,r03c04f14p01-ch2sk1fk1fl1.tiff,r03c04f14p01-ch5sk1fk1fl1.tiff,r03c04f14p01-ch3sk1fk1fl1.tiff,r03c04f14p01-ch4sk1fk1fl1.tiff,C04_s14,control,none,negcon,control_none,test
HepatoPAC Islands 20260413,C04,15,r03c04f15p01-ch1sk1fk1fl1.tiff,r03c04f15p01-ch6sk1fk1fl1.tiff,r03c04f15p01-ch2sk1fk1fl1.tiff,r03c04f15p01-ch5sk1fk1fl1.tiff,r03c04f15p01-ch3sk1fk1fl1.tiff,r03c04f15p01-ch4sk1fk1fl1.tiff,C04_s15,control,none,negcon,control_none,test
HepatoPAC Islands 20260413,C04,16,r03c04f16p01-ch1sk1fk1fl1.tiff,r03c04f16p01-ch6sk1fk1fl1.tiff,r03c04f16p01-ch2sk1fk1fl1.tiff,r03c04f16p01-ch5sk1fk1fl1.tiff,r03c04f16p01-ch3sk1fk1fl1.tiff,r03c04f16p01-ch4sk1fk1fl1.tiff,C04_s16,control,none,negcon,control_none,test
HepatoPAC Islands 20260413,C04,17,r03c04f17p01-ch1sk1fk1fl1.tiff,r03c04f17p01-ch6sk1fk1fl1.tiff,r03c04f17p01-ch2sk1fk1fl1.tiff,r03c04f17p01-ch5sk1fk1fl1.tiff,r03c04f17p01-ch3sk1fk1fl1.tiff,r03c04f17p01-ch4sk1fk1fl1.tiff,C04_s17,control,none,negcon,control_none,test
HepatoPAC Islands 20260413,C04,18,r03c04f18p01-ch1sk1fk1fl1.tiff,r03c04f18p01-ch6sk1fk1fl1.tiff,r03c04f18p01-ch2sk1fk1fl1.tiff,r03c04f18p01-ch5sk1fk1fl1.tiff,r03c04f18p01-ch3sk1fk1fl1.tiff,r03c04f18p01-ch4sk1fk1fl1.tiff,C04_s18,control,none,negcon,control_none,test
HepatoPAC Islands 20260413,C04,19,r03c04f19p01-ch1sk1fk1fl1.tiff,r03c04f19p01-ch6sk1fk1fl1.tiff,r03c04f19p01-ch2sk1fk1fl1.tiff,r03c04f19p01-ch5sk1fk1fl1.tiff,r03c04f19p01-ch3sk1fk1fl1.tiff,r03c04f19p01-ch4sk1fk1fl1.tiff,C04_s19,control,none,negcon,control_none,test
HepatoPAC Islands 20260413,C04,20,r03c04f20p01-ch1sk1fk1fl1.tiff,r03c04f20p01-ch6sk1fk1fl1.tiff,r03c04f20p01-ch2sk1fk1fl1.tiff,r03c04f20p01-ch5sk1fk1fl1.tiff,r03c04f20p01-ch3sk1fk1fl1.tiff,r03c04f20p01-ch4sk1fk1fl1.tiff,C04_s20,control,none,negcon,control_none,test
HepatoPAC Islands 20260413,C04,21,r03c04f21p01-ch1sk1fk1fl1.tiff,r03c04f21p01-ch6sk1fk1fl1.tiff,r03c04f21p01-ch2sk1fk1fl1.tiff,r03c04f21p01-ch5sk1fk1fl1.tiff,r03c04f21p01-ch3sk1fk1fl1.tiff,r03c04f21p01-ch4sk1fk1fl1.tiff,C04_s21,control,none,negcon,control_none,test
HepatoPAC Islands 20260413,C04,22,r03c04f22p01-ch1sk1fk1fl1.tiff,r03c04f22p01-ch6sk1fk1fl1.tiff,r03c04f22p01-ch2sk1fk1fl1.tiff,r03c04f22p01-ch5sk1fk1fl1.tiff,r03c04f22p01-ch3sk1fk1fl1.tiff,r03c04f22p01-ch4sk1fk1fl1.tiff,C04_s22,control,none,negcon,control_none,test
HepatoPAC Islands 20260413,C04,23,r03c04f23p01-ch1sk1fk1fl1.tiff,r03c04f23p01-ch6sk1fk1fl1.tiff,r03c04f23p01-ch2sk1fk1fl1.tiff,r03c04f23p01-ch5sk1fk1fl1.tiff,r03c04f23p01-ch3sk1fk1fl1.tiff,r03c04f23p01-ch4sk1fk1fl1.tiff,C04_s23,control,none,negcon,control_none,test
HepatoPAC Islands 20260413,C04,24,r03c04f24p01-ch1sk1fk1fl1.tiff,r03c04f24p01-ch6sk1fk1fl1.tiff,r03c04f24p01-ch2sk1fk1fl1.tiff,r03c04f24p01-ch5sk1fk1fl1.tiff,r03c04f24p01-ch3sk1fk1fl1.tiff,r03c04f24p01-ch4sk1fk1fl1.tiff,C04_s24,control,none,negcon,control_none,test
HepatoPAC Islands 20260413,C04,25,r03c04f25p01-ch1sk1fk1fl1.tiff,r03c04f25p01-ch6sk1fk1fl1.tiff,r03c04f25p01-ch2sk1fk1fl1.tiff,r03c04f25p01-ch5sk1fk1fl1.tiff,r03c04f25p01-ch3sk1fk1fl1.tiff,r03c04f25p01-ch4sk1fk1fl1.tiff,C04_s25,control,none,negcon,control_none,test
HepatoPAC Islands 20260413,C04,26,r03c04f26p01-ch1sk1fk1fl1.tiff,r03c04f26p01-ch6sk1fk1fl1.tiff,r03c04f26p01-ch2sk1fk1fl1.tiff,r03c04f26p01-ch5sk1fk1fl1.tiff,r03c04f26p01-ch3sk1fk1fl1.tiff,r03c04f26p01-ch4sk1fk1fl1.tiff,C04_s26,control,none,negcon,control_none,test
HepatoPAC Islands 20260413,C04,27,r03c04f27p01-ch1sk1fk1fl1.tiff,r03c04f27p01-ch6sk1fk1fl1.tiff,r03c04f27p01-ch2sk1fk1fl1.tiff,r03c04f27p01-ch5sk1fk1fl1.tiff,r03c04f27p01-ch3sk1fk1fl1.tiff,r03c04f27p01-ch4sk1fk1fl1.tiff,C04_s27,control,none,negcon,control_none,test
HepatoPAC Islands 20260413,C04,28,r03c04f28p01-ch1sk1fk1fl1.tiff,r03c04f28p01-ch6sk1fk1fl1.tiff,r03c04f28p01-ch2sk1fk1fl1.tiff,r03c04f28p01-ch5sk1fk1fl1.tiff,r03c04f28p01-ch3sk1fk1fl1.tiff,r03c04f28p01-ch4sk1fk1fl1.tiff,C04_s28,control,none,negcon,control_none,test
HepatoPAC Islands 20260413,C04,29,r03c04f29p01-ch1sk1fk1fl1.tiff,r03c04f29p01-ch6sk1fk1fl1.tiff,r03c04f29p01-ch2sk1fk1fl1.tiff,r03c04f29p01-ch5sk1fk1fl1.tiff,r03c04f29p01-ch3sk1fk1fl1.tiff,r03c04f29p01-ch4sk1fk1fl1.tiff,C04_s29,control,none,negcon,control_none,test
HepatoPAC Islands 20260413,C04,30,r03c04f30p01-ch1sk1fk1fl1.tiff,r03c04f30p01-ch6sk1fk1fl1.tiff,r03c04f30p01-ch2sk1fk1fl1.tiff,r03c04f30p01-ch5sk1fk1fl1.tiff,r03c04f30p01-ch3sk1fk1fl1.tiff,r03c04f30p01-ch4sk1fk1fl1.tiff,C04_s30,control,none,negcon,control_none,test
HepatoPAC Islands 20260413,C04,31,r03c04f31p01-ch1sk1fk1fl1.tiff,r03c04f31p01-ch6sk1fk1fl1.tiff,r03c04f31p01-ch2sk1fk1fl1.tiff,r03c04f31p01-ch5sk1fk1fl1.tiff,r03c04f31p01-ch3sk1fk1fl1.tiff,r03c04f31p01-ch4sk1fk1fl1.tiff,C04_s31,control,none,negcon,control_none,test
HepatoPAC Islands 20260413,C04,32,r03c04f32p01-ch1sk1fk1fl1.tiff,r03c04f32p01-ch6sk1fk1fl1.tiff,r03c04f32p01-ch2sk1fk1fl1.tiff,r03c04f32p01-ch5sk1fk1fl1.tiff,r03c04f32p01-ch3sk1fk1fl1.tiff,r03c04f32p01-ch4sk1fk1fl1.tiff,C04_s32,control,none,negcon,control_none,test
HepatoPAC Islands 20260413,C04,33,r03c04f33p01-ch1sk1fk1fl1.tiff,r03c04f33p01-ch6sk1fk1fl1.tiff,r03c04f33p01-ch2sk1fk1fl1.tiff,r03c04f33p01-ch5sk1fk1fl1.tiff,r03c04f33p01-ch3sk1fk1fl1.tiff,r03c04f33p01-ch4sk1fk1fl1.tiff,C04_s33,control,none,negcon,control_none,test
HepatoPAC Islands 20260413,C04,34,r03c04f34p01-ch1sk1fk1fl1.tiff,r03c04f34p01-ch6sk1fk1fl1.tiff,r03c04f34p01-ch2sk1fk1fl1.tiff,r03c04f34p01-ch5sk1fk1fl1.tiff,r03c04f34p01-ch3sk1fk1fl1.tiff,r03c04f34p01-ch4sk1fk1fl1.tiff,C04_s34,control,none,negcon,control_none,test
HepatoPAC Islands 20260413,C04,35,r03c04f35p01-ch1sk1fk1fl1.tiff,r03c04f35p01-ch6sk1fk1fl1.tiff,r03c04f35p01-ch2sk1fk1fl1.tiff,r03c04f35p01-ch5sk1fk1fl1.tiff,r03c04f35p01-ch3sk1fk1fl1.tiff,r03c04f35p01-ch4sk1fk1fl1.tiff,C04_s35,control,none,negcon,control_none,test
HepatoPAC Islands 20260413,C04,36,r03c04f36p01-ch1sk1fk1fl1.tiff,r03c04f36p01-ch6sk1fk1fl1.tiff,r03c04f36p01-ch2sk1fk1fl1.tiff,r03c04f36p01-ch5sk1fk1fl1.tiff,r03c04f36p01-ch3sk1fk1fl1.tiff,r03c04f36p01-ch4sk1fk1fl1.tiff,C04_s36,control,none,negcon,control_none,test
HepatoPAC Islands 20260413,C04,37,r03c04f37p01-ch1sk1fk1fl1.tiff,r03c04f37p01-ch6sk1fk1fl1.tiff,r03c04f37p01-ch2sk1fk1fl1.tiff,r03c04f37p01-ch5sk1fk1fl1.tiff,r03c04f37p01-ch3sk1fk1fl1.tiff,r03c04f37p01-ch4sk1fk1fl1.tiff,C04_s37,control,none,negcon,control_none,test
HepatoPAC Islands 20260413,C04,38,r03c04f38p01-ch1sk1fk1fl1.tiff,r03c04f38p01-ch6sk1fk1fl1.tiff,r03c04f38p01-ch2sk1fk1fl1.tiff,r03c04f38p01-ch5sk1fk1fl1.tiff,r03c04f38p01-ch3sk1fk1fl1.tiff,r03c04f38p01-ch4sk1fk1fl1.tiff,C04_s38,control,none,negcon,control_none,test
HepatoPAC Islands 20260413,C04,39,r03c04f39p01-ch1sk1fk1fl1.tiff,r03c04f39p01-ch6sk1fk1fl1.tiff,r03c04f39p01-ch2sk1fk1fl1.tiff,r03c04f39p01-ch5sk1fk1fl1.tiff,r03c04f39p01-ch3sk1fk1fl1.tiff,r03c04f39p01-ch4sk1fk1fl1.tiff,C04_s39,control,none,negcon,control_none,test
HepatoPAC Islands 20260413,C04,40,r03c04f40p01-ch1sk1fk1fl1.tiff,r03c04f40p01-ch6sk1fk1fl1.tiff,r03c04f40p01-ch2sk1fk1fl1.tiff,r03c04f40p01-ch5sk1fk1fl1.tiff,r03c04f40p01-ch3sk1fk1fl1.tiff,r03c04f40p01-ch4sk1fk1fl1.tiff,C04_s40,control,none,negcon,control_none,test
HepatoPAC Islands 20260413,C04,41,r03c04f41p01-ch1sk1fk1fl1.tiff,r03c04f41p01-ch6sk1fk1fl1.tiff,r03c04f41p01-ch2sk1fk1fl1.tiff,r03c04f41p01-ch5sk1fk1fl1.tiff,r03c04f41p01-ch3sk1fk1fl1.tiff,r03c04f41p01-ch4sk1fk1fl1.tiff,C04_s41,control,none,negcon,control_none,test
HepatoPAC Islands 20260413,C04,42,r03c04f42p01-ch1sk1fk1fl1.tiff,r03c04f42p01-ch6sk1fk1fl1.tiff,r03c04f42p01-ch2sk1fk1fl1.tiff,r03c04f42p01-ch5sk1fk1fl1.tiff,r03c04f42p01-ch3sk1fk1fl1.tiff,r03c04f42p01-ch4sk1fk1fl1.tiff,C04_s42,control,none,negcon,control_none,test
HepatoPAC Islands 20260413,C04,43,r03c04f43p01-ch1sk1fk1fl1.tiff,r03c04f43p01-ch6sk1fk1fl1.tiff,r03c04f43p01-ch2sk1fk1fl1.tiff,r03c04f43p01-ch5sk1fk1fl1.tiff,r03c04f43p01-ch3sk1fk1fl1.tiff,r03c04f43p01-ch4sk1fk1fl1.tiff,C04_s43,control,none,negcon,control_none,test
HepatoPAC Islands 20260413,C04,44,r03c04f44p01-ch1sk1fk1fl1.tiff,r03c04f44p01-ch6sk1fk1fl1.tiff,r03c04f44p01-ch2sk1fk1fl1.tiff,r03c04f44p01-ch5sk1fk1fl1.tiff,r03c04f44p01-ch3sk1fk1fl1.tiff,r03c04f44p01-ch4sk1fk1fl1.tiff,C04_s44,control,none,negcon,control_none,test
HepatoPAC Islands 20260413,C04,45,r03c04f45p01-ch1sk1fk1fl1.tiff,r03c04f45p01-ch6sk1fk1fl1.tiff,r03c04f45p01-ch2sk1fk1fl1.tiff,r03c04f45p01-ch5sk1fk1fl1.tiff,r03c04f45p01-ch3sk1fk1fl1.tiff,r03c04f45p01-ch4sk1fk1fl1.tiff,C04_s45,control,none,negcon,control_none,test
HepatoPAC Islands 20260413,C04,46,r03c04f46p01-ch1sk1fk1fl1.tiff,r03c04f46p01-ch6sk1fk1fl1.tiff,r03c04f46p01-ch2sk1fk1fl1.tiff,r03c04f46p01-ch5sk1fk1fl1.tiff,r03c04f46p01-ch3sk1fk1fl1.tiff,r03c04f46p01-ch4sk1fk1fl1.tiff,C04_s46,control,none,negcon,control_none,test
HepatoPAC Islands 20260413,C04,47,r03c04f47p01-ch1sk1fk1fl1.tiff,r03c04f47p01-ch6sk1fk1fl1.tiff,r03c04f47p01-ch2sk1fk1fl1.tiff,r03c04f47p01-ch5sk1fk1fl1.tiff,r03c04f47p01-ch3sk1fk1fl1.tiff,r03c04f47p01-ch4sk1fk1fl1.tiff,C04_s47,control,none,negcon,control_none,test
HepatoPAC Islands 20260413,C04,48,r03c04f48p01-ch1sk1fk1fl1.tiff,r03c04f48p01-ch6sk1fk1fl1.tiff,r03c04f48p01-ch2sk1fk1fl1.tiff,r03c04f48p01-ch5sk1fk1fl1.tiff,r03c04f48p01-ch3sk1fk1fl1.tiff,r03c04f48p01-ch4sk1fk1fl1.tiff,C04_s48,control,none,negcon,control_none,test
HepatoPAC Islands 20260413,C04,49,r03c04f49p01-ch1sk1fk1fl1.tiff,r03c04f49p01-ch6sk1fk1fl1.tiff,r03c04f49p01-ch2sk1fk1fl1.tiff,r03c04f49p01-ch5sk1fk1fl1.tiff,r03c04f49p01-ch3sk1fk1fl1.tiff,r03c04f49p01-ch4sk1fk1fl1.tiff,C04_s49,control,none,negcon,control_none,test
HepatoPAC Islands 20260413,C05,1,r03c05f01p01-ch1sk1fk1fl1.tiff,r03c05f01p01-ch6sk1fk1fl1.tiff,r03c05f01p01-ch2sk1fk1fl1.tiff,r03c05f01p01-ch5sk1fk1fl1.tiff,r03c05f01p01-ch3sk1fk1fl1.tiff,r03c05f01p01-ch4sk1fk1fl1.tiff,C05_s01,control,none,negcon,control_none,train
HepatoPAC Islands 20260413,C05,2,r03c05f02p01-ch1sk1fk1fl1.tiff,r03c05f02p01-ch6sk1fk1fl1.tiff,r03c05f02p01-ch2sk1fk1fl1.tiff,r03c05f02p01-ch5sk1fk1fl1.tiff,r03c05f02p01-ch3sk1fk1fl1.tiff,r03c05f02p01-ch4sk1fk1fl1.tiff,C05_s02,control,none,negcon,control_none,train
HepatoPAC Islands 20260413,C05,3,r03c05f03p01-ch1sk1fk1fl1.tiff,r03c05f03p01-ch6sk1fk1fl1.tiff,r03c05f03p01-ch2sk1fk1fl1.tiff,r03c05f03p01-ch5sk1fk1fl1.tiff,r03c05f03p01-ch3sk1fk1fl1.tiff,r03c05f03p01-ch4sk1fk1fl1.tiff,C05_s03,control,none,negcon,control_none,train
HepatoPAC Islands 20260413,C05,4,r03c05f04p01-ch1sk1fk1fl1.tiff,r03c05f04p01-ch6sk1fk1fl1.tiff,r03c05f04p01-ch2sk1fk1fl1.tiff,r03c05f04p01-ch5sk1fk1fl1.tiff,r03c05f04p01-ch3sk1fk1fl1.tiff,r03c05f04p01-ch4sk1fk1fl1.tiff,C05_s04,control,none,negcon,control_none,train
HepatoPAC Islands 20260413,C05,5,r03c05f05p01-ch1sk1fk1fl1.tiff,r03c05f05p01-ch6sk1fk1fl1.tiff,r03c05f05p01-ch2sk1fk1fl1.tiff,r03c05f05p01-ch5sk1fk1fl1.tiff,r03c05f05p01-ch3sk1fk1fl1.tiff,r03c05f05p01-ch4sk1fk1fl1.tiff,C05_s05,control,none,negcon,control_none,train
HepatoPAC Islands 20260413,C05,6,r03c05f06p01-ch1sk1fk1fl1.tiff,r03c05f06p01-ch6sk1fk1fl1.tiff,r03c05f06p01-ch2sk1fk1fl1.tiff,r03c05f06p01-ch5sk1fk1fl1.tiff,r03c05f06p01-ch3sk1fk1fl1.tiff,r03c05f06p01-ch4sk1fk1fl1.tiff,C05_s06,control,none,negcon,control_none,train
HepatoPAC Islands 20260413,C05,7,r03c05f07p01-ch1sk1fk1fl1.tiff,r03c05f07p01-ch6sk1fk1fl1.tiff,r03c05f07p01-ch2sk1fk1fl1.tiff,r03c05f07p01-ch5sk1fk1fl1.tiff,r03c05f07p01-ch3sk1fk1fl1.tiff,r03c05f07p01-ch4sk1fk1fl1.tiff,C05_s07,control,none,negcon,control_none,train
HepatoPAC Islands 20260413,C05,8,r03c05f08p01-ch1sk1fk1fl1.tiff,r03c05f08p01-ch6sk1fk1fl1.tiff,r03c05f08p01-ch2sk1fk1fl1.tiff,r03c05f08p01-ch5sk1fk1fl1.tiff,r03c05f08p01-ch3sk1fk1fl1.tiff,r03c05f08p01-ch4sk1fk1fl1.tiff,C05_s08,control,none,negcon,control_none,train
HepatoPAC Islands 20260413,C05,9,r03c05f09p01-ch1sk1fk1fl1.tiff,r03c05f09p01-ch6sk1fk1fl1.tiff,r03c05f09p01-ch2sk1fk1fl1.tiff,r03c05f09p01-ch5sk1fk1fl1.tiff,r03c05f09p01-ch3sk1fk1fl1.tiff,r03c05f09p01-ch4sk1fk1fl1.tiff,C05_s09,control,none,negcon,control_none,train
HepatoPAC Islands 20260413,C05,10,r03c05f10p01-ch1sk1fk1fl1.tiff,r03c05f10p01-ch6sk1fk1fl1.tiff,r03c05f10p01-ch2sk1fk1fl1.tiff,r03c05f10p01-ch5sk1fk1fl1.tiff,r03c05f10p01-ch3sk1fk1fl1.tiff,r03c05f10p01-ch4sk1fk1fl1.tiff,C05_s10,control,none,negcon,control_none,train
HepatoPAC Islands 20260413,C05,11,r03c05f11p01-ch1sk1fk1fl1.tiff,r03c05f11p01-ch6sk1fk1fl1.tiff,r03c05f11p01-ch2sk1fk1fl1.tiff,r03c05f11p01-ch5sk1fk1fl1.tiff,r03c05f11p01-ch3sk1fk1fl1.tiff,r03c05f11p01-ch4sk1fk1fl1.tiff,C05_s11,control,none,negcon,control_none,train
HepatoPAC Islands 20260413,C05,12,r03c05f12p01-ch1sk1fk1fl1.tiff,r03c05f12p01-ch6sk1fk1fl1.tiff,r03c05f12p01-ch2sk1fk1fl1.tiff,r03c05f12p01-ch5sk1fk1fl1.tiff,r03c05f12p01-ch3sk1fk1fl1.tiff,r03c05f12p01-ch4sk1fk1fl1.tiff,C05_s12,control,none,negcon,control_none,train
HepatoPAC Islands 20260413,C05,13,r03c05f13p01-ch1sk1fk1fl1.tiff,r03c05f13p01-ch6sk1fk1fl1.tiff,r03c05f13p01-ch2sk1fk1fl1.tiff,r03c05f13p01-ch5sk1fk1fl1.tiff,r03c05f13p01-ch3sk1fk1fl1.tiff,r03c05f13p01-ch4sk1fk1fl1.tiff,C05_s13,control,none,negcon,control_none,train
HepatoPAC Islands 20260413,C05,14,r03c05f14p01-ch1sk1fk1fl1.tiff,r03c05f14p01-ch6sk1fk1fl1.tiff,r03c05f14p01-ch2sk1fk1fl1.tiff,r03c05f14p01-ch5sk1fk1fl1.tiff,r03c05f14p01-ch3sk1fk1fl1.tiff,r03c05f14p01-ch4sk1fk1fl1.tiff,C05_s14,control,none,negcon,control_none,train
HepatoPAC Islands 20260413,C05,15,r03c05f15p01-ch1sk1fk1fl1.tiff,r03c05f15p01-ch6sk1fk1fl1.tiff,r03c05f15p01-ch2sk1fk1fl1.tiff,r03c05f15p01-ch5sk1fk1fl1.tiff,r03c05f15p01-ch3sk1fk1fl1.tiff,r03c05f15p01-ch4sk1fk1fl1.tiff,C05_s15,control,none,negcon,control_none,train
HepatoPAC Islands 20260413,C05,16,r03c05f16p01-ch1sk1fk1fl1.tiff,r03c05f16p01-ch6sk1fk1fl1.tiff,r03c05f16p01-ch2sk1fk1fl1.tiff,r03c05f16p01-ch5sk1fk1fl1.tiff,r03c05f16p01-ch3sk1fk1fl1.tiff,r03c05f16p01-ch4sk1fk1fl1.tiff,C05_s16,control,none,negcon,control_none,train
HepatoPAC Islands 20260413,C05,17,r03c05f17p01-ch1sk1fk1fl1.tiff,r03c05f17p01-ch6sk1fk1fl1.tiff,r03c05f17p01-ch2sk1fk1fl1.tiff,r03c05f17p01-ch5sk1fk1fl1.tiff,r03c05f17p01-ch3sk1fk1fl1.tiff,r03c05f17p01-ch4sk1fk1fl1.tiff,C05_s17,control,none,negcon,control_none,train
HepatoPAC Islands 20260413,C05,18,r03c05f18p01-ch1sk1fk1fl1.tiff,r03c05f18p01-ch6sk1fk1fl1.tiff,r03c05f18p01-ch2sk1fk1fl1.tiff,r03c05f18p01-ch5sk1fk1fl1.tiff,r03c05f18p01-ch3sk1fk1fl1.tiff,r03c05f18p01-ch4sk1fk1fl1.tiff,C05_s18,control,none,negcon,control_none,train
HepatoPAC Islands 20260413,C05,19,r03c05f19p01-ch1sk1fk1fl1.tiff,r03c05f19p01-ch6sk1fk1fl1.tiff,r03c05f19p01-ch2sk1fk1fl1.tiff,r03c05f19p01-ch5sk1fk1fl1.tiff,r03c05f19p01-ch3sk1fk1fl1.tiff,r03c05f19p01-ch4sk1fk1fl1.tiff,C05_s19,control,none,negcon,control_none,train
HepatoPAC Islands 20260413,C05,20,r03c05f20p01-ch1sk1fk1fl1.tiff,r03c05f20p01-ch6sk1fk1fl1.tiff,r03c05f20p01-ch2sk1fk1fl1.tiff,r03c05f20p01-ch5sk1fk1fl1.tiff,r03c05f20p01-ch3sk1fk1fl1.tiff,r03c05f20p01-ch4sk1fk1fl1.tiff,C05_s20,control,none,negcon,control_none,train
HepatoPAC Islands 20260413,C05,21,r03c05f21p01-ch1sk1fk1fl1.tiff,r03c05f21p01-ch6sk1fk1fl1.tiff,r03c05f21p01-ch2sk1fk1fl1.tiff,r03c05f21p01-ch5sk1fk1fl1.tiff,r03c05f21p01-ch3sk1fk1fl1.tiff,r03c05f21p01-ch4sk1fk1fl1.tiff,C05_s21,control,none,negcon,control_none,train
HepatoPAC Islands 20260413,C05,22,r03c05f22p01-ch1sk1fk1fl1.tiff,r03c05f22p01-ch6sk1fk1fl1.tiff,r03c05f22p01-ch2sk1fk1fl1.tiff,r03c05f22p01-ch5sk1fk1fl1.tiff,r03c05f22p01-ch3sk1fk1fl1.tiff,r03c05f22p01-ch4sk1fk1fl1.tiff,C05_s22,control,none,negcon,control_none,train
HepatoPAC Islands 20260413,C05,23,r03c05f23p01-ch1sk1fk1fl1.tiff,r03c05f23p01-ch6sk1fk1fl1.tiff,r03c05f23p01-ch2sk1fk1fl1.tiff,r03c05f23p01-ch5sk1fk1fl1.tiff,r03c05f23p01-ch3sk1fk1fl1.tiff,r03c05f23p01-ch4sk1fk1fl1.tiff,C05_s23,control,none,negcon,control_none,train
HepatoPAC Islands 20260413,C05,24,r03c05f24p01-ch1sk1fk1fl1.tiff,r03c05f24p01-ch6sk1fk1fl1.tiff,r03c05f24p01-ch2sk1fk1fl1.tiff,r03c05f24p01-ch5sk1fk1fl1.tiff,r03c05f24p01-ch3sk1fk1fl1.tiff,r03c05f24p01-ch4sk1fk1fl1.tiff,C05_s24,control,none,negcon,control_none,train
HepatoPAC Islands 20260413,C05,25,r03c05f25p01-ch1sk1fk1fl1.tiff,r03c05f25p01-ch6sk1fk1fl1.tiff,r03c05f25p01-ch2sk1fk1fl1.tiff,r03c05f25p01-ch5sk1fk1fl1.tiff,r03c05f25p01-ch3sk1fk1fl1.tiff,r03c05f25p01-ch4sk1fk1fl1.tiff,C05_s25,control,none,negcon,control_none,train
HepatoPAC Islands 20260413,C05,26,r03c05f26p01-ch1sk1fk1fl1.tiff,r03c05f26p01-ch6sk1fk1fl1.tiff,r03c05f26p01-ch2sk1fk1fl1.tiff,r03c05f26p01-ch5sk1fk1fl1.tiff,r03c05f26p01-ch3sk1fk1fl1.tiff,r03c05f26p01-ch4sk1fk1fl1.tiff,C05_s26,control,none,negcon,control_none,train
HepatoPAC Islands 20260413,C05,27,r03c05f27p01-ch1sk1fk1fl1.tiff,r03c05f27p01-ch6sk1fk1fl1.tiff,r03c05f27p01-ch2sk1fk1fl1.tiff,r03c05f27p01-ch5sk1fk1fl1.tiff,r03c05f27p01-ch3sk1fk1fl1.tiff,r03c05f27p01-ch4sk1fk1fl1.tiff,C05_s27,control,none,negcon,control_none,train
HepatoPAC Islands 20260413,C05,28,r03c05f28p01-ch1sk1fk1fl1.tiff,r03c05f28p01-ch6sk1fk1fl1.tiff,r03c05f28p01-ch2sk1fk1fl1.tiff,r03c05f28p01-ch5sk1fk1fl1.tiff,r03c05f28p01-ch3sk1fk1fl1.tiff,r03c05f28p01-ch4sk1fk1fl1.tiff,C05_s28,control,none,negcon,control_none,train
HepatoPAC Islands 20260413,C05,29,r03c05f29p01-ch1sk1fk1fl1.tiff,r03c05f29p01-ch6sk1fk1fl1.tiff,r03c05f29p01-ch2sk1fk1fl1.tiff,r03c05f29p01-ch5sk1fk1fl1.tiff,r03c05f29p01-ch3sk1fk1fl1.tiff,r03c05f29p01-ch4sk1fk1fl1.tiff,C05_s29,control,none,negcon,control_none,train
HepatoPAC Islands 20260413,C05,30,r03c05f30p01-ch1sk1fk1fl1.tiff,r03c05f30p01-ch6sk1fk1fl1.tiff,r03c05f30p01-ch2sk1fk1fl1.tiff,r03c05f30p01-ch5sk1fk1fl1.tiff,r03c05f30p01-ch3sk1fk1fl1.tiff,r03c05f30p01-ch4sk1fk1fl1.tiff,C05_s30,control,none,negcon,control_none,train
HepatoPAC Islands 20260413,C05,31,r03c05f31p01-ch1sk1fk1fl1.tiff,r03c05f31p01-ch6sk1fk1fl1.tiff,r03c05f31p01-ch2sk1fk1fl1.tiff,r03c05f31p01-ch5sk1fk1fl1.tiff,r03c05f31p01-ch3sk1fk1fl1.tiff,r03c05f31p01-ch4sk1fk1fl1.tiff,C05_s31,control,none,negcon,control_none,train
HepatoPAC Islands 20260413,C05,32,r03c05f32p01-ch1sk1fk1fl1.tiff,r03c05f32p01-ch6sk1fk1fl1.tiff,r03c05f32p01-ch2sk1fk1fl1.tiff,r03c05f32p01-ch5sk1fk1fl1.tiff,r03c05f32p01-ch3sk1fk1fl1.tiff,r03c05f32p01-ch4sk1fk1fl1.tiff,C05_s32,control,none,negcon,control_none,train
HepatoPAC Islands 20260413,C05,33,r03c05f33p01-ch1sk1fk1fl1.tiff,r03c05f33p01-ch6sk1fk1fl1.tiff,r03c05f33p01-ch2sk1fk1fl1.tiff,r03c05f33p01-ch5sk1fk1fl1.tiff,r03c05f33p01-ch3sk1fk1fl1.tiff,r03c05f33p01-ch4sk1fk1fl1.tiff,C05_s33,control,none,negcon,control_none,train
HepatoPAC Islands 20260413,C05,34,r03c05f34p01-ch1sk1fk1fl1.tiff,r03c05f34p01-ch6sk1fk1fl1.tiff,r03c05f34p01-ch2sk1fk1fl1.tiff,r03c05f34p01-ch5sk1fk1fl1.tiff,r03c05f34p01-ch3sk1fk1fl1.tiff,r03c05f34p01-ch4sk1fk1fl1.tiff,C05_s34,control,none,negcon,control_none,train
HepatoPAC Islands 20260413,C05,35,r03c05f35p01-ch1sk1fk1fl1.tiff,r03c05f35p01-ch6sk1fk1fl1.tiff,r03c05f35p01-ch2sk1fk1fl1.tiff,r03c05f35p01-ch5sk1fk1fl1.tiff,r03c05f35p01-ch3sk1fk1fl1.tiff,r03c05f35p01-ch4sk1fk1fl1.tiff,C05_s35,control,none,negcon,control_none,train
HepatoPAC Islands 20260413,C05,36,r03c05f36p01-ch1sk1fk1fl1.tiff,r03c05f36p01-ch6sk1fk1fl1.tiff,r03c05f36p01-ch2sk1fk1fl1.tiff,r03c05f36p01-ch5sk1fk1fl1.tiff,r03c05f36p01-ch3sk1fk1fl1.tiff,r03c05f36p01-ch4sk1fk1fl1.tiff,C05_s36,control,none,negcon,control_none,train
HepatoPAC Islands 20260413,C05,37,r03c05f37p01-ch1sk1fk1fl1.tiff,r03c05f37p01-ch6sk1fk1fl1.tiff,r03c05f37p01-ch2sk1fk1fl1.tiff,r03c05f37p01-ch5sk1fk1fl1.tiff,r03c05f37p01-ch3sk1fk1fl1.tiff,r03c05f37p01-ch4sk1fk1fl1.tiff,C05_s37,control,none,negcon,control_none,train
HepatoPAC Islands 20260413,C05,38,r03c05f38p01-ch1sk1fk1fl1.tiff,r03c05f38p01-ch6sk1fk1fl1.tiff,r03c05f38p01-ch2sk1fk1fl1.tiff,r03c05f38p01-ch5sk1fk1fl1.tiff,r03c05f38p01-ch3sk1fk1fl1.tiff,r03c05f38p01-ch4sk1fk1fl1.tiff,C05_s38,control,none,negcon,control_none,train
HepatoPAC Islands 20260413,C05,39,r03c05f39p01-ch1sk1fk1fl1.tiff,r03c05f39p01-ch6sk1fk1fl1.tiff,r03c05f39p01-ch2sk1fk1fl1.tiff,r03c05f39p01-ch5sk1fk1fl1.tiff,r03c05f39p01-ch3sk1fk1fl1.tiff,r03c05f39p01-ch4sk1fk1fl1.tiff,C05_s39,control,none,negcon,control_none,train
HepatoPAC Islands 20260413,C05,40,r03c05f40p01-ch1sk1fk1fl1.tiff,r03c05f40p01-ch6sk1fk1fl1.tiff,r03c05f40p01-ch2sk1fk1fl1.tiff,r03c05f40p01-ch5sk1fk1fl1.tiff,r03c05f40p01-ch3sk1fk1fl1.tiff,r03c05f40p01-ch4sk1fk1fl1.tiff,C05_s40,control,none,negcon,control_none,train
HepatoPAC Islands 20260413,C05,41,r03c05f41p01-ch1sk1fk1fl1.tiff,r03c05f41p01-ch6sk1fk1fl1.tiff,r03c05f41p01-ch2sk1fk1fl1.tiff,r03c05f41p01-ch5sk1fk1fl1.tiff,r03c05f41p01-ch3sk1fk1fl1.tiff,r03c05f41p01-ch4sk1fk1fl1.tiff,C05_s41,control,none,negcon,control_none,train
HepatoPAC Islands 20260413,C05,42,r03c05f42p01-ch1sk1fk1fl1.tiff,r03c05f42p01-ch6sk1fk1fl1.tiff,r03c05f42p01-ch2sk1fk1fl1.tiff,r03c05f42p01-ch5sk1fk1fl1.tiff,r03c05f42p01-ch3sk1fk1fl1.tiff,r03c05f42p01-ch4sk1fk1fl1.tiff,C05_s42,control,none,negcon,control_none,train
HepatoPAC Islands 20260413,C05,43,r03c05f43p01-ch1sk1fk1fl1.tiff,r03c05f43p01-ch6sk1fk1fl1.tiff,r03c05f43p01-ch2sk1fk1fl1.tiff,r03c05f43p01-ch5sk1fk1fl1.tiff,r03c05f43p01-ch3sk1fk1fl1.tiff,r03c05f43p01-ch4sk1fk1fl1.tiff,C05_s43,control,none,negcon,control_none,train
HepatoPAC Islands 20260413,C05,44,r03c05f44p01-ch1sk1fk1fl1.tiff,r03c05f44p01-ch6sk1fk1fl1.tiff,r03c05f44p01-ch2sk1fk1fl1.tiff,r03c05f44p01-ch5sk1fk1fl1.tiff,r03c05f44p01-ch3sk1fk1fl1.tiff,r03c05f44p01-ch4sk1fk1fl1.tiff,C05_s44,control,none,negcon,control_none,train
HepatoPAC Islands 20260413,C05,45,r03c05f45p01-ch1sk1fk1fl1.tiff,r03c05f45p01-ch6sk1fk1fl1.tiff,r03c05f45p01-ch2sk1fk1fl1.tiff,r03c05f45p01-ch5sk1fk1fl1.tiff,r03c05f45p01-ch3sk1fk1fl1.tiff,r03c05f45p01-ch4sk1fk1fl1.tiff,C05_s45,control,none,negcon,control_none,train
HepatoPAC Islands 20260413,C05,46,r03c05f46p01-ch1sk1fk1fl1.tiff,r03c05f46p01-ch6sk1fk1fl1.tiff,r03c05f46p01-ch2sk1fk1fl1.tiff,r03c05f46p01-ch5sk1fk1fl1.tiff,r03c05f46p01-ch3sk1fk1fl1.tiff,r03c05f46p01-ch4sk1fk1fl1.tiff,C05_s46,control,none,negcon,control_none,train
HepatoPAC Islands 20260413,C05,47,r03c05f47p01-ch1sk1fk1fl1.tiff,r03c05f47p01-ch6sk1fk1fl1.tiff,r03c05f47p01-ch2sk1fk1fl1.tiff,r03c05f47p01-ch5sk1fk1fl1.tiff,r03c05f47p01-ch3sk1fk1fl1.tiff,r03c05f47p01-ch4sk1fk1fl1.tiff,C05_s47,control,none,negcon,control_none,train
HepatoPAC Islands 20260413,C05,48,r03c05f48p01-ch1sk1fk1fl1.tiff,r03c05f48p01-ch6sk1fk1fl1.tiff,r03c05f48p01-ch2sk1fk1fl1.tiff,r03c05f48p01-ch5sk1fk1fl1.tiff,r03c05f48p01-ch3sk1fk1fl1.tiff,r03c05f48p01-ch4sk1fk1fl1.tiff,C05_s48,control,none,negcon,control_none,train
HepatoPAC Islands 20260413,C05,49,r03c05f49p01-ch1sk1fk1fl1.tiff,r03c05f49p01-ch6sk1fk1fl1.tiff,r03c05f49p01-ch2sk1fk1fl1.tiff,r03c05f49p01-ch5sk1fk1fl1.tiff,r03c05f49p01-ch3sk1fk1fl1.tiff,r03c05f49p01-ch4sk1fk1fl1.tiff,C05_s49,control,none,negcon,control_none,train
HepatoPAC Islands 20260413,C06,1,r03c06f01p01-ch1sk1fk1fl1.tiff,r03c06f01p01-ch6sk1fk1fl1.tiff,r03c06f01p01-ch2sk1fk1fl1.tiff,r03c06f01p01-ch5sk1fk1fl1.tiff,r03c06f01p01-ch3sk1fk1fl1.tiff,r03c06f01p01-ch4sk1fk1fl1.tiff,C06_s01,control,none,negcon,control_none,train
HepatoPAC Islands 20260413,C06,2,r03c06f02p01-ch1sk1fk1fl1.tiff,r03c06f02p01-ch6sk1fk1fl1.tiff,r03c06f02p01-ch2sk1fk1fl1.tiff,r03c06f02p01-ch5sk1fk1fl1.tiff,r03c06f02p01-ch3sk1fk1fl1.tiff,r03c06f02p01-ch4sk1fk1fl1.tiff,C06_s02,control,none,negcon,control_none,train
HepatoPAC Islands 20260413,C06,3,r03c06f03p01-ch1sk1fk1fl1.tiff,r03c06f03p01-ch6sk1fk1fl1.tiff,r03c06f03p01-ch2sk1fk1fl1.tiff,r03c06f03p01-ch5sk1fk1fl1.tiff,r03c06f03p01-ch3sk1fk1fl1.tiff,r03c06f03p01-ch4sk1fk1fl1.tiff,C06_s03,control,none,negcon,control_none,train
HepatoPAC Islands 20260413,C06,4,r03c06f04p01-ch1sk1fk1fl1.tiff,r03c06f04p01-ch6sk1fk1fl1.tiff,r03c06f04p01-ch2sk1fk1fl1.tiff,r03c06f04p01-ch5sk1fk1fl1.tiff,r03c06f04p01-ch3sk1fk1fl1.tiff,r03c06f04p01-ch4sk1fk1fl1.tiff,C06_s04,control,none,negcon,control_none,train
HepatoPAC Islands 20260413,C06,5,r03c06f05p01-ch1sk1fk1fl1.tiff,r03c06f05p01-ch6sk1fk1fl1.tiff,r03c06f05p01-ch2sk1fk1fl1.tiff,r03c06f05p01-ch5sk1fk1fl1.tiff,r03c06f05p01-ch3sk1fk1fl1.tiff,r03c06f05p01-ch4sk1fk1fl1.tiff,C06_s05,control,none,negcon,control_none,train
HepatoPAC Islands 20260413,C06,6,r03c06f06p01-ch1sk1fk1fl1.tiff,r03c06f06p01-ch6sk1fk1fl1.tiff,r03c06f06p01-ch2sk1fk1fl1.tiff,r03c06f06p01-ch5sk1fk1fl1.tiff,r03c06f06p01-ch3sk1fk1fl1.tiff,r03c06f06p01-ch4sk1fk1fl1.tiff,C06_s06,control,none,negcon,control_none,train
HepatoPAC Islands 20260413,C06,7,r03c06f07p01-ch1sk1fk1fl1.tiff,r03c06f07p01-ch6sk1fk1fl1.tiff,r03c06f07p01-ch2sk1fk1fl1.tiff,r03c06f07p01-ch5sk1fk1fl1.tiff,r03c06f07p01-ch3sk1fk1fl1.tiff,r03c06f07p01-ch4sk1fk1fl1.tiff,C06_s07,control,none,negcon,control_none,train
HepatoPAC Islands 20260413,C06,8,r03c06f08p01-ch1sk1fk1fl1.tiff,r03c06f08p01-ch6sk1fk1fl1.tiff,r03c06f08p01-ch2sk1fk1fl1.tiff,r03c06f08p01-ch5sk1fk1fl1.tiff,r03c06f08p01-ch3sk1fk1fl1.tiff,r03c06f08p01-ch4sk1fk1fl1.tiff,C06_s08,control,none,negcon,control_none,train
HepatoPAC Islands 20260413,C06,9,r03c06f09p01-ch1sk1fk1fl1.tiff,r03c06f09p01-ch6sk1fk1fl1.tiff,r03c06f09p01-ch2sk1fk1fl1.tiff,r03c06f09p01-ch5sk1fk1fl1.tiff,r03c06f09p01-ch3sk1fk1fl1.tiff,r03c06f09p01-ch4sk1fk1fl1.tiff,C06_s09,control,none,negcon,control_none,train
HepatoPAC Islands 20260413,C06,10,r03c06f10p01-ch1sk1fk1fl1.tiff,r03c06f10p01-ch6sk1fk1fl1.tiff,r03c06f10p01-ch2sk1fk1fl1.tiff,r03c06f10p01-ch5sk1fk1fl1.tiff,r03c06f10p01-ch3sk1fk1fl1.tiff,r03c06f10p01-ch4sk1fk1fl1.tiff,C06_s10,control,none,negcon,control_none,train
HepatoPAC Islands 20260413,C06,11,r03c06f11p01-ch1sk1fk1fl1.tiff,r03c06f11p01-ch6sk1fk1fl1.tiff,r03c06f11p01-ch2sk1fk1fl1.tiff,r03c06f11p01-ch5sk1fk1fl1.tiff,r03c06f11p01-ch3sk1fk1fl1.tiff,r03c06f11p01-ch4sk1fk1fl1.tiff,C06_s11,control,none,negcon,control_none,train
HepatoPAC Islands 20260413,C06,12,r03c06f12p01-ch1sk1fk1fl1.tiff,r03c06f12p01-ch6sk1fk1fl1.tiff,r03c06f12p01-ch2sk1fk1fl1.tiff,r03c06f12p01-ch5sk1fk1fl1.tiff,r03c06f12p01-ch3sk1fk1fl1.tiff,r03c06f12p01-ch4sk1fk1fl1.tiff,C06_s12,control,none,negcon,control_none,train
HepatoPAC Islands 20260413,C06,13,r03c06f13p01-ch1sk1fk1fl1.tiff,r03c06f13p01-ch6sk1fk1fl1.tiff,r03c06f13p01-ch2sk1fk1fl1.tiff,r03c06f13p01-ch5sk1fk1fl1.tiff,r03c06f13p01-ch3sk1fk1fl1.tiff,r03c06f13p01-ch4sk1fk1fl1.tiff,C06_s13,control,none,negcon,control_none,train
HepatoPAC Islands 20260413,C06,14,r03c06f14p01-ch1sk1fk1fl1.tiff,r03c06f14p01-ch6sk1fk1fl1.tiff,r03c06f14p01-ch2sk1fk1fl1.tiff,r03c06f14p01-ch5sk1fk1fl1.tiff,r03c06f14p01-ch3sk1fk1fl1.tiff,r03c06f14p01-ch4sk1fk1fl1.tiff,C06_s14,control,none,negcon,control_none,train
HepatoPAC Islands 20260413,C06,15,r03c06f15p01-ch1sk1fk1fl1.tiff,r03c06f15p01-ch6sk1fk1fl1.tiff,r03c06f15p01-ch2sk1fk1fl1.tiff,r03c06f15p01-ch5sk1fk1fl1.tiff,r03c06f15p01-ch3sk1fk1fl1.tiff,r03c06f15p01-ch4sk1fk1fl1.tiff,C06_s15,control,none,negcon,control_none,train
HepatoPAC Islands 20260413,C06,16,r03c06f16p01-ch1sk1fk1fl1.tiff,r03c06f16p01-ch6sk1fk1fl1.tiff,r03c06f16p01-ch2sk1fk1fl1.tiff,r03c06f16p01-ch5sk1fk1fl1.tiff,r03c06f16p01-ch3sk1fk1fl1.tiff,r03c06f16p01-ch4sk1fk1fl1.tiff,C06_s16,control,none,negcon,control_none,train
HepatoPAC Islands 20260413,C06,17,r03c06f17p01-ch1sk1fk1fl1.tiff,r03c06f17p01-ch6sk1fk1fl1.tiff,r03c06f17p01-ch2sk1fk1fl1.tiff,r03c06f17p01-ch5sk1fk1fl1.tiff,r03c06f17p01-ch3sk1fk1fl1.tiff,r03c06f17p01-ch4sk1fk1fl1.tiff,C06_s17,control,none,negcon,control_none,train
HepatoPAC Islands 20260413,C06,18,r03c06f18p01-ch1sk1fk1fl1.tiff,r03c06f18p01-ch6sk1fk1fl1.tiff,r03c06f18p01-ch2sk1fk1fl1.tiff,r03c06f18p01-ch5sk1fk1fl1.tiff,r03c06f18p01-ch3sk1fk1fl1.tiff,r03c06f18p01-ch4sk1fk1fl1.tiff,C06_s18,control,none,negcon,control_none,train
HepatoPAC Islands 20260413,C06,19,r03c06f19p01-ch1sk1fk1fl1.tiff,r03c06f19p01-ch6sk1fk1fl1.tiff,r03c06f19p01-ch2sk1fk1fl1.tiff,r03c06f19p01-ch5sk1fk1fl1.tiff,r03c06f19p01-ch3sk1fk1fl1.tiff,r03c06f19p01-ch4sk1fk1fl1.tiff,C06_s19,control,none,negcon,control_none,train
HepatoPAC Islands 20260413,C06,20,r03c06f20p01-ch1sk1fk1fl1.tiff,r03c06f20p01-ch6sk1fk1fl1.tiff,r03c06f20p01-ch2sk1fk1fl1.tiff,r03c06f20p01-ch5sk1fk1fl1.tiff,r03c06f20p01-ch3sk1fk1fl1.tiff,r03c06f20p01-ch4sk1fk1fl1.tiff,C06_s20,control,none,negcon,control_none,train
HepatoPAC Islands 20260413,C06,21,r03c06f21p01-ch1sk1fk1fl1.tiff,r03c06f21p01-ch6sk1fk1fl1.tiff,r03c06f21p01-ch2sk1fk1fl1.tiff,r03c06f21p01-ch5sk1fk1fl1.tiff,r03c06f21p01-ch3sk1fk1fl1.tiff,r03c06f21p01-ch4sk1fk1fl1.tiff,C06_s21,control,none,negcon,control_none,train
HepatoPAC Islands 20260413,C06,22,r03c06f22p01-ch1sk1fk1fl1.tiff,r03c06f22p01-ch6sk1fk1fl1.tiff,r03c06f22p01-ch2sk1fk1fl1.tiff,r03c06f22p01-ch5sk1fk1fl1.tiff,r03c06f22p01-ch3sk1fk1fl1.tiff,r03c06f22p01-ch4sk1fk1fl1.tiff,C06_s22,control,none,negcon,control_none,train
HepatoPAC Islands 20260413,C06,23,r03c06f23p01-ch1sk1fk1fl1.tiff,r03c06f23p01-ch6sk1fk1fl1.tiff,r03c06f23p01-ch2sk1fk1fl1.tiff,r03c06f23p01-ch5sk1fk1fl1.tiff,r03c06f23p01-ch3sk1fk1fl1.tiff,r03c06f23p01-ch4sk1fk1fl1.tiff,C06_s23,control,none,negcon,control_none,train
HepatoPAC Islands 20260413,C06,24,r03c06f24p01-ch1sk1fk1fl1.tiff,r03c06f24p01-ch6sk1fk1fl1.tiff,r03c06f24p01-ch2sk1fk1fl1.tiff,r03c06f24p01-ch5sk1fk1fl1.tiff,r03c06f24p01-ch3sk1fk1fl1.tiff,r03c06f24p01-ch4sk1fk1fl1.tiff,C06_s24,control,none,negcon,control_none,train
HepatoPAC Islands 20260413,C06,25,r03c06f25p01-ch1sk1fk1fl1.tiff,r03c06f25p01-ch6sk1fk1fl1.tiff,r03c06f25p01-ch2sk1fk1fl1.tiff,r03c06f25p01-ch5sk1fk1fl1.tiff,r03c06f25p01-ch3sk1fk1fl1.tiff,r03c06f25p01-ch4sk1fk1fl1.tiff,C06_s25,control,none,negcon,control_none,train
HepatoPAC Islands 20260413,C06,26,r03c06f26p01-ch1sk1fk1fl1.tiff,r03c06f26p01-ch6sk1fk1fl1.tiff,r03c06f26p01-ch2sk1fk1fl1.tiff,r03c06f26p01-ch5sk1fk1fl1.tiff,r03c06f26p01-ch3sk1fk1fl1.tiff,r03c06f26p01-ch4sk1fk1fl1.tiff,C06_s26,control,none,negcon,control_none,train
HepatoPAC Islands 20260413,C06,27,r03c06f27p01-ch1sk1fk1fl1.tiff,r03c06f27p01-ch6sk1fk1fl1.tiff,r03c06f27p01-ch2sk1fk1fl1.tiff,r03c06f27p01-ch5sk1fk1fl1.tiff,r03c06f27p01-ch3sk1fk1fl1.tiff,r03c06f27p01-ch4sk1fk1fl1.tiff,C06_s27,control,none,negcon,control_none,train
HepatoPAC Islands 20260413,C06,28,r03c06f28p01-ch1sk1fk1fl1.tiff,r03c06f28p01-ch6sk1fk1fl1.tiff,r03c06f28p01-ch2sk1fk1fl1.tiff,r03c06f28p01-ch5sk1fk1fl1.tiff,r03c06f28p01-ch3sk1fk1fl1.tiff,r03c06f28p01-ch4sk1fk1fl1.tiff,C06_s28,control,none,negcon,control_none,train
HepatoPAC Islands 20260413,C06,29,r03c06f29p01-ch1sk1fk1fl1.tiff,r03c06f29p01-ch6sk1fk1fl1.tiff,r03c06f29p01-ch2sk1fk1fl1.tiff,r03c06f29p01-ch5sk1fk1fl1.tiff,r03c06f29p01-ch3sk1fk1fl1.tiff,r03c06f29p01-ch4sk1fk1fl1.tiff,C06_s29,control,none,negcon,control_none,train
HepatoPAC Islands 20260413,C06,30,r03c06f30p01-ch1sk1fk1fl1.tiff,r03c06f30p01-ch6sk1fk1fl1.tiff,r03c06f30p01-ch2sk1fk1fl1.tiff,r03c06f30p01-ch5sk1fk1fl1.tiff,r03c06f30p01-ch3sk1fk1fl1.tiff,r03c06f30p01-ch4sk1fk1fl1.tiff,C06_s30,control,none,negcon,control_none,train
HepatoPAC Islands 20260413,C06,31,r03c06f31p01-ch1sk1fk1fl1.tiff,r03c06f31p01-ch6sk1fk1fl1.tiff,r03c06f31p01-ch2sk1fk1fl1.tiff,r03c06f31p01-ch5sk1fk1fl1.tiff,r03c06f31p01-ch3sk1fk1fl1.tiff,r03c06f31p01-ch4sk1fk1fl1.tiff,C06_s31,control,none,negcon,control_none,train
HepatoPAC Islands 20260413,C06,32,r03c06f32p01-ch1sk1fk1fl1.tiff,r03c06f32p01-ch6sk1fk1fl1.tiff,r03c06f32p01-ch2sk1fk1fl1.tiff,r03c06f32p01-ch5sk1fk1fl1.tiff,r03c06f32p01-ch3sk1fk1fl1.tiff,r03c06f32p01-ch4sk1fk1fl1.tiff,C06_s32,control,none,negcon,control_none,train
HepatoPAC Islands 20260413,C06,33,r03c06f33p01-ch1sk1fk1fl1.tiff,r03c06f33p01-ch6sk1fk1fl1.tiff,r03c06f33p01-ch2sk1fk1fl1.tiff,r03c06f33p01-ch5sk1fk1fl1.tiff,r03c06f33p01-ch3sk1fk1fl1.tiff,r03c06f33p01-ch4sk1fk1fl1.tiff,C06_s33,control,none,negcon,control_none,train
HepatoPAC Islands 20260413,C06,34,r03c06f34p01-ch1sk1fk1fl1.tiff,r03c06f34p01-ch6sk1fk1fl1.tiff,r03c06f34p01-ch2sk1fk1fl1.tiff,r03c06f34p01-ch5sk1fk1fl1.tiff,r03c06f34p01-ch3sk1fk1fl1.tiff,r03c06f34p01-ch4sk1fk1fl1.tiff,C06_s34,control,none,negcon,control_none,train
HepatoPAC Islands 20260413,C06,35,r03c06f35p01-ch1sk1fk1fl1.tiff,r03c06f35p01-ch6sk1fk1fl1.tiff,r03c06f35p01-ch2sk1fk1fl1.tiff,r03c06f35p01-ch5sk1fk1fl1.tiff,r03c06f35p01-ch3sk1fk1fl1.tiff,r03c06f35p01-ch4sk1fk1fl1.tiff,C06_s35,control,none,negcon,control_none,train
HepatoPAC Islands 20260413,C06,36,r03c06f36p01-ch1sk1fk1fl1.tiff,r03c06f36p01-ch6sk1fk1fl1.tiff,r03c06f36p01-ch2sk1fk1fl1.tiff,r03c06f36p01-ch5sk1fk1fl1.tiff,r03c06f36p01-ch3sk1fk1fl1.tiff,r03c06f36p01-ch4sk1fk1fl1.tiff,C06_s36,control,none,negcon,control_none,train
HepatoPAC Islands 20260413,C06,37,r03c06f37p01-ch1sk1fk1fl1.tiff,r03c06f37p01-ch6sk1fk1fl1.tiff,r03c06f37p01-ch2sk1fk1fl1.tiff,r03c06f37p01-ch5sk1fk1fl1.tiff,r03c06f37p01-ch3sk1fk1fl1.tiff,r03c06f37p01-ch4sk1fk1fl1.tiff,C06_s37,control,none,negcon,control_none,train
HepatoPAC Islands 20260413,C06,38,r03c06f38p01-ch1sk1fk1fl1.tiff,r03c06f38p01-ch6sk1fk1fl1.tiff,r03c06f38p01-ch2sk1fk1fl1.tiff,r03c06f38p01-ch5sk1fk1fl1.tiff,r03c06f38p01-ch3sk1fk1fl1.tiff,r03c06f38p01-ch4sk1fk1fl1.tiff,C06_s38,control,none,negcon,control_none,train
HepatoPAC Islands 20260413,C06,39,r03c06f39p01-ch1sk1fk1fl1.tiff,r03c06f39p01-ch6sk1fk1fl1.tiff,r03c06f39p01-ch2sk1fk1fl1.tiff,r03c06f39p01-ch5sk1fk1fl1.tiff,r03c06f39p01-ch3sk1fk1fl1.tiff,r03c06f39p01-ch4sk1fk1fl1.tiff,C06_s39,control,none,negcon,control_none,train
HepatoPAC Islands 20260413,C06,40,r03c06f40p01-ch1sk1fk1fl1.tiff,r03c06f40p01-ch6sk1fk1fl1.tiff,r03c06f40p01-ch2sk1fk1fl1.tiff,r03c06f40p01-ch5sk1fk1fl1.tiff,r03c06f40p01-ch3sk1fk1fl1.tiff,r03c06f40p01-ch4sk1fk1fl1.tiff,C06_s40,control,none,negcon,control_none,train
HepatoPAC Islands 20260413,C06,41,r03c06f41p01-ch1sk1fk1fl1.tiff,r03c06f41p01-ch6sk1fk1fl1.tiff,r03c06f41p01-ch2sk1fk1fl1.tiff,r03c06f41p01-ch5sk1fk1fl1.tiff,r03c06f41p01-ch3sk1fk1fl1.tiff,r03c06f41p01-ch4sk1fk1fl1.tiff,C06_s41,control,none,negcon,control_none,train
HepatoPAC Islands 20260413,C06,42,r03c06f42p01-ch1sk1fk1fl1.tiff,r03c06f42p01-ch6sk1fk1fl1.tiff,r03c06f42p01-ch2sk1fk1fl1.tiff,r03c06f42p01-ch5sk1fk1fl1.tiff,r03c06f42p01-ch3sk1fk1fl1.tiff,r03c06f42p01-ch4sk1fk1fl1.tiff,C06_s42,control,none,negcon,control_none,train
HepatoPAC Islands 20260413,C06,43,r03c06f43p01-ch1sk1fk1fl1.tiff,r03c06f43p01-ch6sk1fk1fl1.tiff,r03c06f43p01-ch2sk1fk1fl1.tiff,r03c06f43p01-ch5sk1fk1fl1.tiff,r03c06f43p01-ch3sk1fk1fl1.tiff,r03c06f43p01-ch4sk1fk1fl1.tiff,C06_s43,control,none,negcon,control_none,train
HepatoPAC Islands 20260413,C06,44,r03c06f44p01-ch1sk1fk1fl1.tiff,r03c06f44p01-ch6sk1fk1fl1.tiff,r03c06f44p01-ch2sk1fk1fl1.tiff,r03c06f44p01-ch5sk1fk1fl1.tiff,r03c06f44p01-ch3sk1fk1fl1.tiff,r03c06f44p01-ch4sk1fk1fl1.tiff,C06_s44,control,none,negcon,control_none,train
HepatoPAC Islands 20260413,C06,45,r03c06f45p01-ch1sk1fk1fl1.tiff,r03c06f45p01-ch6sk1fk1fl1.tiff,r03c06f45p01-ch2sk1fk1fl1.tiff,r03c06f45p01-ch5sk1fk1fl1.tiff,r03c06f45p01-ch3sk1fk1fl1.tiff,r03c06f45p01-ch4sk1fk1fl1.tiff,C06_s45,control,none,negcon,control_none,train
HepatoPAC Islands 20260413,C06,46,r03c06f46p01-ch1sk1fk1fl1.tiff,r03c06f46p01-ch6sk1fk1fl1.tiff,r03c06f46p01-ch2sk1fk1fl1.tiff,r03c06f46p01-ch5sk1fk1fl1.tiff,r03c06f46p01-ch3sk1fk1fl1.tiff,r03c06f46p01-ch4sk1fk1fl1.tiff,C06_s46,control,none,negcon,control_none,train
HepatoPAC Islands 20260413,C06,47,r03c06f47p01-ch1sk1fk1fl1.tiff,r03c06f47p01-ch6sk1fk1fl1.tiff,r03c06f47p01-ch2sk1fk1fl1.tiff,r03c06f47p01-ch5sk1fk1fl1.tiff,r03c06f47p01-ch3sk1fk1fl1.tiff,r03c06f47p01-ch4sk1fk1fl1.tiff,C06_s47,control,none,negcon,control_none,train
HepatoPAC Islands 20260413,C06,48,r03c06f48p01-ch1sk1fk1fl1.tiff,r03c06f48p01-ch6sk1fk1fl1.tiff,r03c06f48p01-ch2sk1fk1fl1.tiff,r03c06f48p01-ch5sk1fk1fl1.tiff,r03c06f48p01-ch3sk1fk1fl1.tiff,r03c06f48p01-ch4sk1fk1fl1.tiff,C06_s48,control,none,negcon,control_none,train
HepatoPAC Islands 20260413,C06,49,r03c06f49p01-ch1sk1fk1fl1.tiff,r03c06f49p01-ch6sk1fk1fl1.tiff,r03c06f49p01-ch2sk1fk1fl1.tiff,r03c06f49p01-ch5sk1fk1fl1.tiff,r03c06f49p01-ch3sk1fk1fl1.tiff,r03c06f49p01-ch4sk1fk1fl1.tiff,C06_s49,control,none,negcon,control_none,train
HepatoPAC Islands 20260413,D01,1,r04c01f01p01-ch1sk1fk1fl1.tiff,r04c01f01p01-ch6sk1fk1fl1.tiff,r04c01f01p01-ch2sk1fk1fl1.tiff,r04c01f01p01-ch5sk1fk1fl1.tiff,r04c01f01p01-ch3sk1fk1fl1.tiff,r04c01f01p01-ch4sk1fk1fl1.tiff,D01_s01,5,high,,5_high,test
HepatoPAC Islands 20260413,D01,2,r04c01f02p01-ch1sk1fk1fl1.tiff,r04c01f02p01-ch6sk1fk1fl1.tiff,r04c01f02p01-ch2sk1fk1fl1.tiff,r04c01f02p01-ch5sk1fk1fl1.tiff,r04c01f02p01-ch3sk1fk1fl1.tiff,r04c01f02p01-ch4sk1fk1fl1.tiff,D01_s02,5,high,,5_high,test
HepatoPAC Islands 20260413,D01,3,r04c01f03p01-ch1sk1fk1fl1.tiff,r04c01f03p01-ch6sk1fk1fl1.tiff,r04c01f03p01-ch2sk1fk1fl1.tiff,r04c01f03p01-ch5sk1fk1fl1.tiff,r04c01f03p01-ch3sk1fk1fl1.tiff,r04c01f03p01-ch4sk1fk1fl1.tiff,D01_s03,5,high,,5_high,test
HepatoPAC Islands 20260413,D01,4,r04c01f04p01-ch1sk1fk1fl1.tiff,r04c01f04p01-ch6sk1fk1fl1.tiff,r04c01f04p01-ch2sk1fk1fl1.tiff,r04c01f04p01-ch5sk1fk1fl1.tiff,r04c01f04p01-ch3sk1fk1fl1.tiff,r04c01f04p01-ch4sk1fk1fl1.tiff,D01_s04,5,high,,5_high,test
HepatoPAC Islands 20260413,D01,5,r04c01f05p01-ch1sk1fk1fl1.tiff,r04c01f05p01-ch6sk1fk1fl1.tiff,r04c01f05p01-ch2sk1fk1fl1.tiff,r04c01f05p01-ch5sk1fk1fl1.tiff,r04c01f05p01-ch3sk1fk1fl1.tiff,r04c01f05p01-ch4sk1fk1fl1.tiff,D01_s05,5,high,,5_high,test
HepatoPAC Islands 20260413,D01,6,r04c01f06p01-ch1sk1fk1fl1.tiff,r04c01f06p01-ch6sk1fk1fl1.tiff,r04c01f06p01-ch2sk1fk1fl1.tiff,r04c01f06p01-ch5sk1fk1fl1.tiff,r04c01f06p01-ch3sk1fk1fl1.tiff,r04c01f06p01-ch4sk1fk1fl1.tiff,D01_s06,5,high,,5_high,test
HepatoPAC Islands 20260413,D01,7,r04c01f07p01-ch1sk1fk1fl1.tiff,r04c01f07p01-ch6sk1fk1fl1.tiff,r04c01f07p01-ch2sk1fk1fl1.tiff,r04c01f07p01-ch5sk1fk1fl1.tiff,r04c01f07p01-ch3sk1fk1fl1.tiff,r04c01f07p01-ch4sk1fk1fl1.tiff,D01_s07,5,high,,5_high,test
HepatoPAC Islands 20260413,D01,8,r04c01f08p01-ch1sk1fk1fl1.tiff,r04c01f08p01-ch6sk1fk1fl1.tiff,r04c01f08p01-ch2sk1fk1fl1.tiff,r04c01f08p01-ch5sk1fk1fl1.tiff,r04c01f08p01-ch3sk1fk1fl1.tiff,r04c01f08p01-ch4sk1fk1fl1.tiff,D01_s08,5,high,,5_high,test
HepatoPAC Islands 20260413,D01,9,r04c01f09p01-ch1sk1fk1fl1.tiff,r04c01f09p01-ch6sk1fk1fl1.tiff,r04c01f09p01-ch2sk1fk1fl1.tiff,r04c01f09p01-ch5sk1fk1fl1.tiff,r04c01f09p01-ch3sk1fk1fl1.tiff,r04c01f09p01-ch4sk1fk1fl1.tiff,D01_s09,5,high,,5_high,test
HepatoPAC Islands 20260413,D01,10,r04c01f10p01-ch1sk1fk1fl1.tiff,r04c01f10p01-ch6sk1fk1fl1.tiff,r04c01f10p01-ch2sk1fk1fl1.tiff,r04c01f10p01-ch5sk1fk1fl1.tiff,r04c01f10p01-ch3sk1fk1fl1.tiff,r04c01f10p01-ch4sk1fk1fl1.tiff,D01_s10,5,high,,5_high,test
HepatoPAC Islands 20260413,D01,11,r04c01f11p01-ch1sk1fk1fl1.tiff,r04c01f11p01-ch6sk1fk1fl1.tiff,r04c01f11p01-ch2sk1fk1fl1.tiff,r04c01f11p01-ch5sk1fk1fl1.tiff,r04c01f11p01-ch3sk1fk1fl1.tiff,r04c01f11p01-ch4sk1fk1fl1.tiff,D01_s11,5,high,,5_high,test
HepatoPAC Islands 20260413,D01,12,r04c01f12p01-ch1sk1fk1fl1.tiff,r04c01f12p01-ch6sk1fk1fl1.tiff,r04c01f12p01-ch2sk1fk1fl1.tiff,r04c01f12p01-ch5sk1fk1fl1.tiff,r04c01f12p01-ch3sk1fk1fl1.tiff,r04c01f12p01-ch4sk1fk1fl1.tiff,D01_s12,5,high,,5_high,test
HepatoPAC Islands 20260413,D01,13,r04c01f13p01-ch1sk1fk1fl1.tiff,r04c01f13p01-ch6sk1fk1fl1.tiff,r04c01f13p01-ch2sk1fk1fl1.tiff,r04c01f13p01-ch5sk1fk1fl1.tiff,r04c01f13p01-ch3sk1fk1fl1.tiff,r04c01f13p01-ch4sk1fk1fl1.tiff,D01_s13,5,high,,5_high,test
HepatoPAC Islands 20260413,D01,14,r04c01f14p01-ch1sk1fk1fl1.tiff,r04c01f14p01-ch6sk1fk1fl1.tiff,r04c01f14p01-ch2sk1fk1fl1.tiff,r04c01f14p01-ch5sk1fk1fl1.tiff,r04c01f14p01-ch3sk1fk1fl1.tiff,r04c01f14p01-ch4sk1fk1fl1.tiff,D01_s14,5,high,,5_high,test
HepatoPAC Islands 20260413,D01,15,r04c01f15p01-ch1sk1fk1fl1.tiff,r04c01f15p01-ch6sk1fk1fl1.tiff,r04c01f15p01-ch2sk1fk1fl1.tiff,r04c01f15p01-ch5sk1fk1fl1.tiff,r04c01f15p01-ch3sk1fk1fl1.tiff,r04c01f15p01-ch4sk1fk1fl1.tiff,D01_s15,5,high,,5_high,test
HepatoPAC Islands 20260413,D01,16,r04c01f16p01-ch1sk1fk1fl1.tiff,r04c01f16p01-ch6sk1fk1fl1.tiff,r04c01f16p01-ch2sk1fk1fl1.tiff,r04c01f16p01-ch5sk1fk1fl1.tiff,r04c01f16p01-ch3sk1fk1fl1.tiff,r04c01f16p01-ch4sk1fk1fl1.tiff,D01_s16,5,high,,5_high,test
HepatoPAC Islands 20260413,D01,17,r04c01f17p01-ch1sk1fk1fl1.tiff,r04c01f17p01-ch6sk1fk1fl1.tiff,r04c01f17p01-ch2sk1fk1fl1.tiff,r04c01f17p01-ch5sk1fk1fl1.tiff,r04c01f17p01-ch3sk1fk1fl1.tiff,r04c01f17p01-ch4sk1fk1fl1.tiff,D01_s17,5,high,,5_high,test
HepatoPAC Islands 20260413,D01,18,r04c01f18p01-ch1sk1fk1fl1.tiff,r04c01f18p01-ch6sk1fk1fl1.tiff,r04c01f18p01-ch2sk1fk1fl1.tiff,r04c01f18p01-ch5sk1fk1fl1.tiff,r04c01f18p01-ch3sk1fk1fl1.tiff,r04c01f18p01-ch4sk1fk1fl1.tiff,D01_s18,5,high,,5_high,test
HepatoPAC Islands 20260413,D01,19,r04c01f19p01-ch1sk1fk1fl1.tiff,r04c01f19p01-ch6sk1fk1fl1.tiff,r04c01f19p01-ch2sk1fk1fl1.tiff,r04c01f19p01-ch5sk1fk1fl1.tiff,r04c01f19p01-ch3sk1fk1fl1.tiff,r04c01f19p01-ch4sk1fk1fl1.tiff,D01_s19,5,high,,5_high,test
HepatoPAC Islands 20260413,D01,20,r04c01f20p01-ch1sk1fk1fl1.tiff,r04c01f20p01-ch6sk1fk1fl1.tiff,r04c01f20p01-ch2sk1fk1fl1.tiff,r04c01f20p01-ch5sk1fk1fl1.tiff,r04c01f20p01-ch3sk1fk1fl1.tiff,r04c01f20p01-ch4sk1fk1fl1.tiff,D01_s20,5,high,,5_high,test
HepatoPAC Islands 20260413,D01,21,r04c01f21p01-ch1sk1fk1fl1.tiff,r04c01f21p01-ch6sk1fk1fl1.tiff,r04c01f21p01-ch2sk1fk1fl1.tiff,r04c01f21p01-ch5sk1fk1fl1.tiff,r04c01f21p01-ch3sk1fk1fl1.tiff,r04c01f21p01-ch4sk1fk1fl1.tiff,D01_s21,5,high,,5_high,test
HepatoPAC Islands 20260413,D01,22,r04c01f22p01-ch1sk1fk1fl1.tiff,r04c01f22p01-ch6sk1fk1fl1.tiff,r04c01f22p01-ch2sk1fk1fl1.tiff,r04c01f22p01-ch5sk1fk1fl1.tiff,r04c01f22p01-ch3sk1fk1fl1.tiff,r04c01f22p01-ch4sk1fk1fl1.tiff,D01_s22,5,high,,5_high,test
HepatoPAC Islands 20260413,D01,23,r04c01f23p01-ch1sk1fk1fl1.tiff,r04c01f23p01-ch6sk1fk1fl1.tiff,r04c01f23p01-ch2sk1fk1fl1.tiff,r04c01f23p01-ch5sk1fk1fl1.tiff,r04c01f23p01-ch3sk1fk1fl1.tiff,r04c01f23p01-ch4sk1fk1fl1.tiff,D01_s23,5,high,,5_high,test
HepatoPAC Islands 20260413,D01,24,r04c01f24p01-ch1sk1fk1fl1.tiff,r04c01f24p01-ch6sk1fk1fl1.tiff,r04c01f24p01-ch2sk1fk1fl1.tiff,r04c01f24p01-ch5sk1fk1fl1.tiff,r04c01f24p01-ch3sk1fk1fl1.tiff,r04c01f24p01-ch4sk1fk1fl1.tiff,D01_s24,5,high,,5_high,test
HepatoPAC Islands 20260413,D01,25,r04c01f25p01-ch1sk1fk1fl1.tiff,r04c01f25p01-ch6sk1fk1fl1.tiff,r04c01f25p01-ch2sk1fk1fl1.tiff,r04c01f25p01-ch5sk1fk1fl1.tiff,r04c01f25p01-ch3sk1fk1fl1.tiff,r04c01f25p01-ch4sk1fk1fl1.tiff,D01_s25,5,high,,5_high,test
HepatoPAC Islands 20260413,D01,26,r04c01f26p01-ch1sk1fk1fl1.tiff,r04c01f26p01-ch6sk1fk1fl1.tiff,r04c01f26p01-ch2sk1fk1fl1.tiff,r04c01f26p01-ch5sk1fk1fl1.tiff,r04c01f26p01-ch3sk1fk1fl1.tiff,r04c01f26p01-ch4sk1fk1fl1.tiff,D01_s26,5,high,,5_high,test
HepatoPAC Islands 20260413,D01,27,r04c01f27p01-ch1sk1fk1fl1.tiff,r04c01f27p01-ch6sk1fk1fl1.tiff,r04c01f27p01-ch2sk1fk1fl1.tiff,r04c01f27p01-ch5sk1fk1fl1.tiff,r04c01f27p01-ch3sk1fk1fl1.tiff,r04c01f27p01-ch4sk1fk1fl1.tiff,D01_s27,5,high,,5_high,test
HepatoPAC Islands 20260413,D01,28,r04c01f28p01-ch1sk1fk1fl1.tiff,r04c01f28p01-ch6sk1fk1fl1.tiff,r04c01f28p01-ch2sk1fk1fl1.tiff,r04c01f28p01-ch5sk1fk1fl1.tiff,r04c01f28p01-ch3sk1fk1fl1.tiff,r04c01f28p01-ch4sk1fk1fl1.tiff,D01_s28,5,high,,5_high,test
HepatoPAC Islands 20260413,D01,29,r04c01f29p01-ch1sk1fk1fl1.tiff,r04c01f29p01-ch6sk1fk1fl1.tiff,r04c01f29p01-ch2sk1fk1fl1.tiff,r04c01f29p01-ch5sk1fk1fl1.tiff,r04c01f29p01-ch3sk1fk1fl1.tiff,r04c01f29p01-ch4sk1fk1fl1.tiff,D01_s29,5,high,,5_high,test
HepatoPAC Islands 20260413,D01,30,r04c01f30p01-ch1sk1fk1fl1.tiff,r04c01f30p01-ch6sk1fk1fl1.tiff,r04c01f30p01-ch2sk1fk1fl1.tiff,r04c01f30p01-ch5sk1fk1fl1.tiff,r04c01f30p01-ch3sk1fk1fl1.tiff,r04c01f30p01-ch4sk1fk1fl1.tiff,D01_s30,5,high,,5_high,test
HepatoPAC Islands 20260413,D01,31,r04c01f31p01-ch1sk1fk1fl1.tiff,r04c01f31p01-ch6sk1fk1fl1.tiff,r04c01f31p01-ch2sk1fk1fl1.tiff,r04c01f31p01-ch5sk1fk1fl1.tiff,r04c01f31p01-ch3sk1fk1fl1.tiff,r04c01f31p01-ch4sk1fk1fl1.tiff,D01_s31,5,high,,5_high,test
HepatoPAC Islands 20260413,D01,32,r04c01f32p01-ch1sk1fk1fl1.tiff,r04c01f32p01-ch6sk1fk1fl1.tiff,r04c01f32p01-ch2sk1fk1fl1.tiff,r04c01f32p01-ch5sk1fk1fl1.tiff,r04c01f32p01-ch3sk1fk1fl1.tiff,r04c01f32p01-ch4sk1fk1fl1.tiff,D01_s32,5,high,,5_high,test
HepatoPAC Islands 20260413,D01,33,r04c01f33p01-ch1sk1fk1fl1.tiff,r04c01f33p01-ch6sk1fk1fl1.tiff,r04c01f33p01-ch2sk1fk1fl1.tiff,r04c01f33p01-ch5sk1fk1fl1.tiff,r04c01f33p01-ch3sk1fk1fl1.tiff,r04c01f33p01-ch4sk1fk1fl1.tiff,D01_s33,5,high,,5_high,test
HepatoPAC Islands 20260413,D01,34,r04c01f34p01-ch1sk1fk1fl1.tiff,r04c01f34p01-ch6sk1fk1fl1.tiff,r04c01f34p01-ch2sk1fk1fl1.tiff,r04c01f34p01-ch5sk1fk1fl1.tiff,r04c01f34p01-ch3sk1fk1fl1.tiff,r04c01f34p01-ch4sk1fk1fl1.tiff,D01_s34,5,high,,5_high,test
HepatoPAC Islands 20260413,D01,35,r04c01f35p01-ch1sk1fk1fl1.tiff,r04c01f35p01-ch6sk1fk1fl1.tiff,r04c01f35p01-ch2sk1fk1fl1.tiff,r04c01f35p01-ch5sk1fk1fl1.tiff,r04c01f35p01-ch3sk1fk1fl1.tiff,r04c01f35p01-ch4sk1fk1fl1.tiff,D01_s35,5,high,,5_high,test
HepatoPAC Islands 20260413,D01,36,r04c01f36p01-ch1sk1fk1fl1.tiff,r04c01f36p01-ch6sk1fk1fl1.tiff,r04c01f36p01-ch2sk1fk1fl1.tiff,r04c01f36p01-ch5sk1fk1fl1.tiff,r04c01f36p01-ch3sk1fk1fl1.tiff,r04c01f36p01-ch4sk1fk1fl1.tiff,D01_s36,5,high,,5_high,test
HepatoPAC Islands 20260413,D01,37,r04c01f37p01-ch1sk1fk1fl1.tiff,r04c01f37p01-ch6sk1fk1fl1.tiff,r04c01f37p01-ch2sk1fk1fl1.tiff,r04c01f37p01-ch5sk1fk1fl1.tiff,r04c01f37p01-ch3sk1fk1fl1.tiff,r04c01f37p01-ch4sk1fk1fl1.tiff,D01_s37,5,high,,5_high,test
HepatoPAC Islands 20260413,D01,38,r04c01f38p01-ch1sk1fk1fl1.tiff,r04c01f38p01-ch6sk1fk1fl1.tiff,r04c01f38p01-ch2sk1fk1fl1.tiff,r04c01f38p01-ch5sk1fk1fl1.tiff,r04c01f38p01-ch3sk1fk1fl1.tiff,r04c01f38p01-ch4sk1fk1fl1.tiff,D01_s38,5,high,,5_high,test
HepatoPAC Islands 20260413,D01,39,r04c01f39p01-ch1sk1fk1fl1.tiff,r04c01f39p01-ch6sk1fk1fl1.tiff,r04c01f39p01-ch2sk1fk1fl1.tiff,r04c01f39p01-ch5sk1fk1fl1.tiff,r04c01f39p01-ch3sk1fk1fl1.tiff,r04c01f39p01-ch4sk1fk1fl1.tiff,D01_s39,5,high,,5_high,test
HepatoPAC Islands 20260413,D01,40,r04c01f40p01-ch1sk1fk1fl1.tiff,r04c01f40p01-ch6sk1fk1fl1.tiff,r04c01f40p01-ch2sk1fk1fl1.tiff,r04c01f40p01-ch5sk1fk1fl1.tiff,r04c01f40p01-ch3sk1fk1fl1.tiff,r04c01f40p01-ch4sk1fk1fl1.tiff,D01_s40,5,high,,5_high,test
HepatoPAC Islands 20260413,D01,41,r04c01f41p01-ch1sk1fk1fl1.tiff,r04c01f41p01-ch6sk1fk1fl1.tiff,r04c01f41p01-ch2sk1fk1fl1.tiff,r04c01f41p01-ch5sk1fk1fl1.tiff,r04c01f41p01-ch3sk1fk1fl1.tiff,r04c01f41p01-ch4sk1fk1fl1.tiff,D01_s41,5,high,,5_high,test
HepatoPAC Islands 20260413,D01,42,r04c01f42p01-ch1sk1fk1fl1.tiff,r04c01f42p01-ch6sk1fk1fl1.tiff,r04c01f42p01-ch2sk1fk1fl1.tiff,r04c01f42p01-ch5sk1fk1fl1.tiff,r04c01f42p01-ch3sk1fk1fl1.tiff,r04c01f42p01-ch4sk1fk1fl1.tiff,D01_s42,5,high,,5_high,test
HepatoPAC Islands 20260413,D01,43,r04c01f43p01-ch1sk1fk1fl1.tiff,r04c01f43p01-ch6sk1fk1fl1.tiff,r04c01f43p01-ch2sk1fk1fl1.tiff,r04c01f43p01-ch5sk1fk1fl1.tiff,r04c01f43p01-ch3sk1fk1fl1.tiff,r04c01f43p01-ch4sk1fk1fl1.tiff,D01_s43,5,high,,5_high,test
HepatoPAC Islands 20260413,D01,44,r04c01f44p01-ch1sk1fk1fl1.tiff,r04c01f44p01-ch6sk1fk1fl1.tiff,r04c01f44p01-ch2sk1fk1fl1.tiff,r04c01f44p01-ch5sk1fk1fl1.tiff,r04c01f44p01-ch3sk1fk1fl1.tiff,r04c01f44p01-ch4sk1fk1fl1.tiff,D01_s44,5,high,,5_high,test
HepatoPAC Islands 20260413,D01,45,r04c01f45p01-ch1sk1fk1fl1.tiff,r04c01f45p01-ch6sk1fk1fl1.tiff,r04c01f45p01-ch2sk1fk1fl1.tiff,r04c01f45p01-ch5sk1fk1fl1.tiff,r04c01f45p01-ch3sk1fk1fl1.tiff,r04c01f45p01-ch4sk1fk1fl1.tiff,D01_s45,5,high,,5_high,test
HepatoPAC Islands 20260413,D01,46,r04c01f46p01-ch1sk1fk1fl1.tiff,r04c01f46p01-ch6sk1fk1fl1.tiff,r04c01f46p01-ch2sk1fk1fl1.tiff,r04c01f46p01-ch5sk1fk1fl1.tiff,r04c01f46p01-ch3sk1fk1fl1.tiff,r04c01f46p01-ch4sk1fk1fl1.tiff,D01_s46,5,high,,5_high,test
HepatoPAC Islands 20260413,D01,47,r04c01f47p01-ch1sk1fk1fl1.tiff,r04c01f47p01-ch6sk1fk1fl1.tiff,r04c01f47p01-ch2sk1fk1fl1.tiff,r04c01f47p01-ch5sk1fk1fl1.tiff,r04c01f47p01-ch3sk1fk1fl1.tiff,r04c01f47p01-ch4sk1fk1fl1.tiff,D01_s47,5,high,,5_high,test
HepatoPAC Islands 20260413,D01,48,r04c01f48p01-ch1sk1fk1fl1.tiff,r04c01f48p01-ch6sk1fk1fl1.tiff,r04c01f48p01-ch2sk1fk1fl1.tiff,r04c01f48p01-ch5sk1fk1fl1.tiff,r04c01f48p01-ch3sk1fk1fl1.tiff,r04c01f48p01-ch4sk1fk1fl1.tiff,D01_s48,5,high,,5_high,test
HepatoPAC Islands 20260413,D01,49,r04c01f49p01-ch1sk1fk1fl1.tiff,r04c01f49p01-ch6sk1fk1fl1.tiff,r04c01f49p01-ch2sk1fk1fl1.tiff,r04c01f49p01-ch5sk1fk1fl1.tiff,r04c01f49p01-ch3sk1fk1fl1.tiff,r04c01f49p01-ch4sk1fk1fl1.tiff,D01_s49,5,high,,5_high,test
HepatoPAC Islands 20260413,D02,1,r04c02f01p01-ch1sk1fk1fl1.tiff,r04c02f01p01-ch6sk1fk1fl1.tiff,r04c02f01p01-ch2sk1fk1fl1.tiff,r04c02f01p01-ch5sk1fk1fl1.tiff,r04c02f01p01-ch3sk1fk1fl1.tiff,r04c02f01p01-ch4sk1fk1fl1.tiff,D02_s01,5,low,,5_low,train
HepatoPAC Islands 20260413,D02,2,r04c02f02p01-ch1sk1fk1fl1.tiff,r04c02f02p01-ch6sk1fk1fl1.tiff,r04c02f02p01-ch2sk1fk1fl1.tiff,r04c02f02p01-ch5sk1fk1fl1.tiff,r04c02f02p01-ch3sk1fk1fl1.tiff,r04c02f02p01-ch4sk1fk1fl1.tiff,D02_s02,5,low,,5_low,train
HepatoPAC Islands 20260413,D02,3,r04c02f03p01-ch1sk1fk1fl1.tiff,r04c02f03p01-ch6sk1fk1fl1.tiff,r04c02f03p01-ch2sk1fk1fl1.tiff,r04c02f03p01-ch5sk1fk1fl1.tiff,r04c02f03p01-ch3sk1fk1fl1.tiff,r04c02f03p01-ch4sk1fk1fl1.tiff,D02_s03,5,low,,5_low,train
HepatoPAC Islands 20260413,D02,4,r04c02f04p01-ch1sk1fk1fl1.tiff,r04c02f04p01-ch6sk1fk1fl1.tiff,r04c02f04p01-ch2sk1fk1fl1.tiff,r04c02f04p01-ch5sk1fk1fl1.tiff,r04c02f04p01-ch3sk1fk1fl1.tiff,r04c02f04p01-ch4sk1fk1fl1.tiff,D02_s04,5,low,,5_low,train
HepatoPAC Islands 20260413,D02,5,r04c02f05p01-ch1sk1fk1fl1.tiff,r04c02f05p01-ch6sk1fk1fl1.tiff,r04c02f05p01-ch2sk1fk1fl1.tiff,r04c02f05p01-ch5sk1fk1fl1.tiff,r04c02f05p01-ch3sk1fk1fl1.tiff,r04c02f05p01-ch4sk1fk1fl1.tiff,D02_s05,5,low,,5_low,train
HepatoPAC Islands 20260413,D02,6,r04c02f06p01-ch1sk1fk1fl1.tiff,r04c02f06p01-ch6sk1fk1fl1.tiff,r04c02f06p01-ch2sk1fk1fl1.tiff,r04c02f06p01-ch5sk1fk1fl1.tiff,r04c02f06p01-ch3sk1fk1fl1.tiff,r04c02f06p01-ch4sk1fk1fl1.tiff,D02_s06,5,low,,5_low,train
HepatoPAC Islands 20260413,D02,7,r04c02f07p01-ch1sk1fk1fl1.tiff,r04c02f07p01-ch6sk1fk1fl1.tiff,r04c02f07p01-ch2sk1fk1fl1.tiff,r04c02f07p01-ch5sk1fk1fl1.tiff,r04c02f07p01-ch3sk1fk1fl1.tiff,r04c02f07p01-ch4sk1fk1fl1.tiff,D02_s07,5,low,,5_low,train
HepatoPAC Islands 20260413,D02,8,r04c02f08p01-ch1sk1fk1fl1.tiff,r04c02f08p01-ch6sk1fk1fl1.tiff,r04c02f08p01-ch2sk1fk1fl1.tiff,r04c02f08p01-ch5sk1fk1fl1.tiff,r04c02f08p01-ch3sk1fk1fl1.tiff,r04c02f08p01-ch4sk1fk1fl1.tiff,D02_s08,5,low,,5_low,train
HepatoPAC Islands 20260413,D02,9,r04c02f09p01-ch1sk1fk1fl1.tiff,r04c02f09p01-ch6sk1fk1fl1.tiff,r04c02f09p01-ch2sk1fk1fl1.tiff,r04c02f09p01-ch5sk1fk1fl1.tiff,r04c02f09p01-ch3sk1fk1fl1.tiff,r04c02f09p01-ch4sk1fk1fl1.tiff,D02_s09,5,low,,5_low,train
HepatoPAC Islands 20260413,D02,10,r04c02f10p01-ch1sk1fk1fl1.tiff,r04c02f10p01-ch6sk1fk1fl1.tiff,r04c02f10p01-ch2sk1fk1fl1.tiff,r04c02f10p01-ch5sk1fk1fl1.tiff,r04c02f10p01-ch3sk1fk1fl1.tiff,r04c02f10p01-ch4sk1fk1fl1.tiff,D02_s10,5,low,,5_low,train
HepatoPAC Islands 20260413,D02,11,r04c02f11p01-ch1sk1fk1fl1.tiff,r04c02f11p01-ch6sk1fk1fl1.tiff,r04c02f11p01-ch2sk1fk1fl1.tiff,r04c02f11p01-ch5sk1fk1fl1.tiff,r04c02f11p01-ch3sk1fk1fl1.tiff,r04c02f11p01-ch4sk1fk1fl1.tiff,D02_s11,5,low,,5_low,train
HepatoPAC Islands 20260413,D02,12,r04c02f12p01-ch1sk1fk1fl1.tiff,r04c02f12p01-ch6sk1fk1fl1.tiff,r04c02f12p01-ch2sk1fk1fl1.tiff,r04c02f12p01-ch5sk1fk1fl1.tiff,r04c02f12p01-ch3sk1fk1fl1.tiff,r04c02f12p01-ch4sk1fk1fl1.tiff,D02_s12,5,low,,5_low,train
HepatoPAC Islands 20260413,D02,13,r04c02f13p01-ch1sk1fk1fl1.tiff,r04c02f13p01-ch6sk1fk1fl1.tiff,r04c02f13p01-ch2sk1fk1fl1.tiff,r04c02f13p01-ch5sk1fk1fl1.tiff,r04c02f13p01-ch3sk1fk1fl1.tiff,r04c02f13p01-ch4sk1fk1fl1.tiff,D02_s13,5,low,,5_low,train
HepatoPAC Islands 20260413,D02,14,r04c02f14p01-ch1sk1fk1fl1.tiff,r04c02f14p01-ch6sk1fk1fl1.tiff,r04c02f14p01-ch2sk1fk1fl1.tiff,r04c02f14p01-ch5sk1fk1fl1.tiff,r04c02f14p01-ch3sk1fk1fl1.tiff,r04c02f14p01-ch4sk1fk1fl1.tiff,D02_s14,5,low,,5_low,train
HepatoPAC Islands 20260413,D02,15,r04c02f15p01-ch1sk1fk1fl1.tiff,r04c02f15p01-ch6sk1fk1fl1.tiff,r04c02f15p01-ch2sk1fk1fl1.tiff,r04c02f15p01-ch5sk1fk1fl1.tiff,r04c02f15p01-ch3sk1fk1fl1.tiff,r04c02f15p01-ch4sk1fk1fl1.tiff,D02_s15,5,low,,5_low,train
HepatoPAC Islands 20260413,D02,16,r04c02f16p01-ch1sk1fk1fl1.tiff,r04c02f16p01-ch6sk1fk1fl1.tiff,r04c02f16p01-ch2sk1fk1fl1.tiff,r04c02f16p01-ch5sk1fk1fl1.tiff,r04c02f16p01-ch3sk1fk1fl1.tiff,r04c02f16p01-ch4sk1fk1fl1.tiff,D02_s16,5,low,,5_low,train
HepatoPAC Islands 20260413,D02,17,r04c02f17p01-ch1sk1fk1fl1.tiff,r04c02f17p01-ch6sk1fk1fl1.tiff,r04c02f17p01-ch2sk1fk1fl1.tiff,r04c02f17p01-ch5sk1fk1fl1.tiff,r04c02f17p01-ch3sk1fk1fl1.tiff,r04c02f17p01-ch4sk1fk1fl1.tiff,D02_s17,5,low,,5_low,train
HepatoPAC Islands 20260413,D02,18,r04c02f18p01-ch1sk1fk1fl1.tiff,r04c02f18p01-ch6sk1fk1fl1.tiff,r04c02f18p01-ch2sk1fk1fl1.tiff,r04c02f18p01-ch5sk1fk1fl1.tiff,r04c02f18p01-ch3sk1fk1fl1.tiff,r04c02f18p01-ch4sk1fk1fl1.tiff,D02_s18,5,low,,5_low,train
HepatoPAC Islands 20260413,D02,19,r04c02f19p01-ch1sk1fk1fl1.tiff,r04c02f19p01-ch6sk1fk1fl1.tiff,r04c02f19p01-ch2sk1fk1fl1.tiff,r04c02f19p01-ch5sk1fk1fl1.tiff,r04c02f19p01-ch3sk1fk1fl1.tiff,r04c02f19p01-ch4sk1fk1fl1.tiff,D02_s19,5,low,,5_low,train
HepatoPAC Islands 20260413,D02,20,r04c02f20p01-ch1sk1fk1fl1.tiff,r04c02f20p01-ch6sk1fk1fl1.tiff,r04c02f20p01-ch2sk1fk1fl1.tiff,r04c02f20p01-ch5sk1fk1fl1.tiff,r04c02f20p01-ch3sk1fk1fl1.tiff,r04c02f20p01-ch4sk1fk1fl1.tiff,D02_s20,5,low,,5_low,train
HepatoPAC Islands 20260413,D02,21,r04c02f21p01-ch1sk1fk1fl1.tiff,r04c02f21p01-ch6sk1fk1fl1.tiff,r04c02f21p01-ch2sk1fk1fl1.tiff,r04c02f21p01-ch5sk1fk1fl1.tiff,r04c02f21p01-ch3sk1fk1fl1.tiff,r04c02f21p01-ch4sk1fk1fl1.tiff,D02_s21,5,low,,5_low,train
HepatoPAC Islands 20260413,D02,22,r04c02f22p01-ch1sk1fk1fl1.tiff,r04c02f22p01-ch6sk1fk1fl1.tiff,r04c02f22p01-ch2sk1fk1fl1.tiff,r04c02f22p01-ch5sk1fk1fl1.tiff,r04c02f22p01-ch3sk1fk1fl1.tiff,r04c02f22p01-ch4sk1fk1fl1.tiff,D02_s22,5,low,,5_low,train
HepatoPAC Islands 20260413,D02,23,r04c02f23p01-ch1sk1fk1fl1.tiff,r04c02f23p01-ch6sk1fk1fl1.tiff,r04c02f23p01-ch2sk1fk1fl1.tiff,r04c02f23p01-ch5sk1fk1fl1.tiff,r04c02f23p01-ch3sk1fk1fl1.tiff,r04c02f23p01-ch4sk1fk1fl1.tiff,D02_s23,5,low,,5_low,train
HepatoPAC Islands 20260413,D02,24,r04c02f24p01-ch1sk1fk1fl1.tiff,r04c02f24p01-ch6sk1fk1fl1.tiff,r04c02f24p01-ch2sk1fk1fl1.tiff,r04c02f24p01-ch5sk1fk1fl1.tiff,r04c02f24p01-ch3sk1fk1fl1.tiff,r04c02f24p01-ch4sk1fk1fl1.tiff,D02_s24,5,low,,5_low,train
HepatoPAC Islands 20260413,D02,25,r04c02f25p01-ch1sk1fk1fl1.tiff,r04c02f25p01-ch6sk1fk1fl1.tiff,r04c02f25p01-ch2sk1fk1fl1.tiff,r04c02f25p01-ch5sk1fk1fl1.tiff,r04c02f25p01-ch3sk1fk1fl1.tiff,r04c02f25p01-ch4sk1fk1fl1.tiff,D02_s25,5,low,,5_low,train
HepatoPAC Islands 20260413,D02,26,r04c02f26p01-ch1sk1fk1fl1.tiff,r04c02f26p01-ch6sk1fk1fl1.tiff,r04c02f26p01-ch2sk1fk1fl1.tiff,r04c02f26p01-ch5sk1fk1fl1.tiff,r04c02f26p01-ch3sk1fk1fl1.tiff,r04c02f26p01-ch4sk1fk1fl1.tiff,D02_s26,5,low,,5_low,train
HepatoPAC Islands 20260413,D02,27,r04c02f27p01-ch1sk1fk1fl1.tiff,r04c02f27p01-ch6sk1fk1fl1.tiff,r04c02f27p01-ch2sk1fk1fl1.tiff,r04c02f27p01-ch5sk1fk1fl1.tiff,r04c02f27p01-ch3sk1fk1fl1.tiff,r04c02f27p01-ch4sk1fk1fl1.tiff,D02_s27,5,low,,5_low,train
HepatoPAC Islands 20260413,D02,28,r04c02f28p01-ch1sk1fk1fl1.tiff,r04c02f28p01-ch6sk1fk1fl1.tiff,r04c02f28p01-ch2sk1fk1fl1.tiff,r04c02f28p01-ch5sk1fk1fl1.tiff,r04c02f28p01-ch3sk1fk1fl1.tiff,r04c02f28p01-ch4sk1fk1fl1.tiff,D02_s28,5,low,,5_low,train
HepatoPAC Islands 20260413,D02,29,r04c02f29p01-ch1sk1fk1fl1.tiff,r04c02f29p01-ch6sk1fk1fl1.tiff,r04c02f29p01-ch2sk1fk1fl1.tiff,r04c02f29p01-ch5sk1fk1fl1.tiff,r04c02f29p01-ch3sk1fk1fl1.tiff,r04c02f29p01-ch4sk1fk1fl1.tiff,D02_s29,5,low,,5_low,train
HepatoPAC Islands 20260413,D02,30,r04c02f30p01-ch1sk1fk1fl1.tiff,r04c02f30p01-ch6sk1fk1fl1.tiff,r04c02f30p01-ch2sk1fk1fl1.tiff,r04c02f30p01-ch5sk1fk1fl1.tiff,r04c02f30p01-ch3sk1fk1fl1.tiff,r04c02f30p01-ch4sk1fk1fl1.tiff,D02_s30,5,low,,5_low,train
HepatoPAC Islands 20260413,D02,31,r04c02f31p01-ch1sk1fk1fl1.tiff,r04c02f31p01-ch6sk1fk1fl1.tiff,r04c02f31p01-ch2sk1fk1fl1.tiff,r04c02f31p01-ch5sk1fk1fl1.tiff,r04c02f31p01-ch3sk1fk1fl1.tiff,r04c02f31p01-ch4sk1fk1fl1.tiff,D02_s31,5,low,,5_low,train
HepatoPAC Islands 20260413,D02,32,r04c02f32p01-ch1sk1fk1fl1.tiff,r04c02f32p01-ch6sk1fk1fl1.tiff,r04c02f32p01-ch2sk1fk1fl1.tiff,r04c02f32p01-ch5sk1fk1fl1.tiff,r04c02f32p01-ch3sk1fk1fl1.tiff,r04c02f32p01-ch4sk1fk1fl1.tiff,D02_s32,5,low,,5_low,train
HepatoPAC Islands 20260413,D02,33,r04c02f33p01-ch1sk1fk1fl1.tiff,r04c02f33p01-ch6sk1fk1fl1.tiff,r04c02f33p01-ch2sk1fk1fl1.tiff,r04c02f33p01-ch5sk1fk1fl1.tiff,r04c02f33p01-ch3sk1fk1fl1.tiff,r04c02f33p01-ch4sk1fk1fl1.tiff,D02_s33,5,low,,5_low,train
HepatoPAC Islands 20260413,D02,34,r04c02f34p01-ch1sk1fk1fl1.tiff,r04c02f34p01-ch6sk1fk1fl1.tiff,r04c02f34p01-ch2sk1fk1fl1.tiff,r04c02f34p01-ch5sk1fk1fl1.tiff,r04c02f34p01-ch3sk1fk1fl1.tiff,r04c02f34p01-ch4sk1fk1fl1.tiff,D02_s34,5,low,,5_low,train
HepatoPAC Islands 20260413,D02,35,r04c02f35p01-ch1sk1fk1fl1.tiff,r04c02f35p01-ch6sk1fk1fl1.tiff,r04c02f35p01-ch2sk1fk1fl1.tiff,r04c02f35p01-ch5sk1fk1fl1.tiff,r04c02f35p01-ch3sk1fk1fl1.tiff,r04c02f35p01-ch4sk1fk1fl1.tiff,D02_s35,5,low,,5_low,train
HepatoPAC Islands 20260413,D02,36,r04c02f36p01-ch1sk1fk1fl1.tiff,r04c02f36p01-ch6sk1fk1fl1.tiff,r04c02f36p01-ch2sk1fk1fl1.tiff,r04c02f36p01-ch5sk1fk1fl1.tiff,r04c02f36p01-ch3sk1fk1fl1.tiff,r04c02f36p01-ch4sk1fk1fl1.tiff,D02_s36,5,low,,5_low,train
HepatoPAC Islands 20260413,D02,37,r04c02f37p01-ch1sk1fk1fl1.tiff,r04c02f37p01-ch6sk1fk1fl1.tiff,r04c02f37p01-ch2sk1fk1fl1.tiff,r04c02f37p01-ch5sk1fk1fl1.tiff,r04c02f37p01-ch3sk1fk1fl1.tiff,r04c02f37p01-ch4sk1fk1fl1.tiff,D02_s37,5,low,,5_low,train
HepatoPAC Islands 20260413,D02,38,r04c02f38p01-ch1sk1fk1fl1.tiff,r04c02f38p01-ch6sk1fk1fl1.tiff,r04c02f38p01-ch2sk1fk1fl1.tiff,r04c02f38p01-ch5sk1fk1fl1.tiff,r04c02f38p01-ch3sk1fk1fl1.tiff,r04c02f38p01-ch4sk1fk1fl1.tiff,D02_s38,5,low,,5_low,train
HepatoPAC Islands 20260413,D02,39,r04c02f39p01-ch1sk1fk1fl1.tiff,r04c02f39p01-ch6sk1fk1fl1.tiff,r04c02f39p01-ch2sk1fk1fl1.tiff,r04c02f39p01-ch5sk1fk1fl1.tiff,r04c02f39p01-ch3sk1fk1fl1.tiff,r04c02f39p01-ch4sk1fk1fl1.tiff,D02_s39,5,low,,5_low,train
HepatoPAC Islands 20260413,D02,40,r04c02f40p01-ch1sk1fk1fl1.tiff,r04c02f40p01-ch6sk1fk1fl1.tiff,r04c02f40p01-ch2sk1fk1fl1.tiff,r04c02f40p01-ch5sk1fk1fl1.tiff,r04c02f40p01-ch3sk1fk1fl1.tiff,r04c02f40p01-ch4sk1fk1fl1.tiff,D02_s40,5,low,,5_low,train
HepatoPAC Islands 20260413,D02,41,r04c02f41p01-ch1sk1fk1fl1.tiff,r04c02f41p01-ch6sk1fk1fl1.tiff,r04c02f41p01-ch2sk1fk1fl1.tiff,r04c02f41p01-ch5sk1fk1fl1.tiff,r04c02f41p01-ch3sk1fk1fl1.tiff,r04c02f41p01-ch4sk1fk1fl1.tiff,D02_s41,5,low,,5_low,train
HepatoPAC Islands 20260413,D02,42,r04c02f42p01-ch1sk1fk1fl1.tiff,r04c02f42p01-ch6sk1fk1fl1.tiff,r04c02f42p01-ch2sk1fk1fl1.tiff,r04c02f42p01-ch5sk1fk1fl1.tiff,r04c02f42p01-ch3sk1fk1fl1.tiff,r04c02f42p01-ch4sk1fk1fl1.tiff,D02_s42,5,low,,5_low,train
HepatoPAC Islands 20260413,D02,43,r04c02f43p01-ch1sk1fk1fl1.tiff,r04c02f43p01-ch6sk1fk1fl1.tiff,r04c02f43p01-ch2sk1fk1fl1.tiff,r04c02f43p01-ch5sk1fk1fl1.tiff,r04c02f43p01-ch3sk1fk1fl1.tiff,r04c02f43p01-ch4sk1fk1fl1.tiff,D02_s43,5,low,,5_low,train
HepatoPAC Islands 20260413,D02,44,r04c02f44p01-ch1sk1fk1fl1.tiff,r04c02f44p01-ch6sk1fk1fl1.tiff,r04c02f44p01-ch2sk1fk1fl1.tiff,r04c02f44p01-ch5sk1fk1fl1.tiff,r04c02f44p01-ch3sk1fk1fl1.tiff,r04c02f44p01-ch4sk1fk1fl1.tiff,D02_s44,5,low,,5_low,train
HepatoPAC Islands 20260413,D02,45,r04c02f45p01-ch1sk1fk1fl1.tiff,r04c02f45p01-ch6sk1fk1fl1.tiff,r04c02f45p01-ch2sk1fk1fl1.tiff,r04c02f45p01-ch5sk1fk1fl1.tiff,r04c02f45p01-ch3sk1fk1fl1.tiff,r04c02f45p01-ch4sk1fk1fl1.tiff,D02_s45,5,low,,5_low,train
HepatoPAC Islands 20260413,D02,46,r04c02f46p01-ch1sk1fk1fl1.tiff,r04c02f46p01-ch6sk1fk1fl1.tiff,r04c02f46p01-ch2sk1fk1fl1.tiff,r04c02f46p01-ch5sk1fk1fl1.tiff,r04c02f46p01-ch3sk1fk1fl1.tiff,r04c02f46p01-ch4sk1fk1fl1.tiff,D02_s46,5,low,,5_low,train
HepatoPAC Islands 20260413,D02,47,r04c02f47p01-ch1sk1fk1fl1.tiff,r04c02f47p01-ch6sk1fk1fl1.tiff,r04c02f47p01-ch2sk1fk1fl1.tiff,r04c02f47p01-ch5sk1fk1fl1.tiff,r04c02f47p01-ch3sk1fk1fl1.tiff,r04c02f47p01-ch4sk1fk1fl1.tiff,D02_s47,5,low,,5_low,train
HepatoPAC Islands 20260413,D02,48,r04c02f48p01-ch1sk1fk1fl1.tiff,r04c02f48p01-ch6sk1fk1fl1.tiff,r04c02f48p01-ch2sk1fk1fl1.tiff,r04c02f48p01-ch5sk1fk1fl1.tiff,r04c02f48p01-ch3sk1fk1fl1.tiff,r04c02f48p01-ch4sk1fk1fl1.tiff,D02_s48,5,low,,5_low,train
HepatoPAC Islands 20260413,D02,49,r04c02f49p01-ch1sk1fk1fl1.tiff,r04c02f49p01-ch6sk1fk1fl1.tiff,r04c02f49p01-ch2sk1fk1fl1.tiff,r04c02f49p01-ch5sk1fk1fl1.tiff,r04c02f49p01-ch3sk1fk1fl1.tiff,r04c02f49p01-ch4sk1fk1fl1.tiff,D02_s49,5,low,,5_low,train
HepatoPAC Islands 20260413,D03,1,r04c03f01p01-ch1sk1fk1fl1.tiff,r04c03f01p01-ch6sk1fk1fl1.tiff,r04c03f01p01-ch2sk1fk1fl1.tiff,r04c03f01p01-ch5sk1fk1fl1.tiff,r04c03f01p01-ch3sk1fk1fl1.tiff,r04c03f01p01-ch4sk1fk1fl1.tiff,D03_s01,4,low,,4_low,val
HepatoPAC Islands 20260413,D03,2,r04c03f02p01-ch1sk1fk1fl1.tiff,r04c03f02p01-ch6sk1fk1fl1.tiff,r04c03f02p01-ch2sk1fk1fl1.tiff,r04c03f02p01-ch5sk1fk1fl1.tiff,r04c03f02p01-ch3sk1fk1fl1.tiff,r04c03f02p01-ch4sk1fk1fl1.tiff,D03_s02,4,low,,4_low,val
HepatoPAC Islands 20260413,D03,3,r04c03f03p01-ch1sk1fk1fl1.tiff,r04c03f03p01-ch6sk1fk1fl1.tiff,r04c03f03p01-ch2sk1fk1fl1.tiff,r04c03f03p01-ch5sk1fk1fl1.tiff,r04c03f03p01-ch3sk1fk1fl1.tiff,r04c03f03p01-ch4sk1fk1fl1.tiff,D03_s03,4,low,,4_low,val
HepatoPAC Islands 20260413,D03,4,r04c03f04p01-ch1sk1fk1fl1.tiff,r04c03f04p01-ch6sk1fk1fl1.tiff,r04c03f04p01-ch2sk1fk1fl1.tiff,r04c03f04p01-ch5sk1fk1fl1.tiff,r04c03f04p01-ch3sk1fk1fl1.tiff,r04c03f04p01-ch4sk1fk1fl1.tiff,D03_s04,4,low,,4_low,val
HepatoPAC Islands 20260413,D03,5,r04c03f05p01-ch1sk1fk1fl1.tiff,r04c03f05p01-ch6sk1fk1fl1.tiff,r04c03f05p01-ch2sk1fk1fl1.tiff,r04c03f05p01-ch5sk1fk1fl1.tiff,r04c03f05p01-ch3sk1fk1fl1.tiff,r04c03f05p01-ch4sk1fk1fl1.tiff,D03_s05,4,low,,4_low,val
HepatoPAC Islands 20260413,D03,6,r04c03f06p01-ch1sk1fk1fl1.tiff,r04c03f06p01-ch6sk1fk1fl1.tiff,r04c03f06p01-ch2sk1fk1fl1.tiff,r04c03f06p01-ch5sk1fk1fl1.tiff,r04c03f06p01-ch3sk1fk1fl1.tiff,r04c03f06p01-ch4sk1fk1fl1.tiff,D03_s06,4,low,,4_low,val
HepatoPAC Islands 20260413,D03,7,r04c03f07p01-ch1sk1fk1fl1.tiff,r04c03f07p01-ch6sk1fk1fl1.tiff,r04c03f07p01-ch2sk1fk1fl1.tiff,r04c03f07p01-ch5sk1fk1fl1.tiff,r04c03f07p01-ch3sk1fk1fl1.tiff,r04c03f07p01-ch4sk1fk1fl1.tiff,D03_s07,4,low,,4_low,val
HepatoPAC Islands 20260413,D03,8,r04c03f08p01-ch1sk1fk1fl1.tiff,r04c03f08p01-ch6sk1fk1fl1.tiff,r04c03f08p01-ch2sk1fk1fl1.tiff,r04c03f08p01-ch5sk1fk1fl1.tiff,r04c03f08p01-ch3sk1fk1fl1.tiff,r04c03f08p01-ch4sk1fk1fl1.tiff,D03_s08,4,low,,4_low,val
HepatoPAC Islands 20260413,D03,9,r04c03f09p01-ch1sk1fk1fl1.tiff,r04c03f09p01-ch6sk1fk1fl1.tiff,r04c03f09p01-ch2sk1fk1fl1.tiff,r04c03f09p01-ch5sk1fk1fl1.tiff,r04c03f09p01-ch3sk1fk1fl1.tiff,r04c03f09p01-ch4sk1fk1fl1.tiff,D03_s09,4,low,,4_low,val
HepatoPAC Islands 20260413,D03,10,r04c03f10p01-ch1sk1fk1fl1.tiff,r04c03f10p01-ch6sk1fk1fl1.tiff,r04c03f10p01-ch2sk1fk1fl1.tiff,r04c03f10p01-ch5sk1fk1fl1.tiff,r04c03f10p01-ch3sk1fk1fl1.tiff,r04c03f10p01-ch4sk1fk1fl1.tiff,D03_s10,4,low,,4_low,val
HepatoPAC Islands 20260413,D03,11,r04c03f11p01-ch1sk1fk1fl1.tiff,r04c03f11p01-ch6sk1fk1fl1.tiff,r04c03f11p01-ch2sk1fk1fl1.tiff,r04c03f11p01-ch5sk1fk1fl1.tiff,r04c03f11p01-ch3sk1fk1fl1.tiff,r04c03f11p01-ch4sk1fk1fl1.tiff,D03_s11,4,low,,4_low,val
HepatoPAC Islands 20260413,D03,12,r04c03f12p01-ch1sk1fk1fl1.tiff,r04c03f12p01-ch6sk1fk1fl1.tiff,r04c03f12p01-ch2sk1fk1fl1.tiff,r04c03f12p01-ch5sk1fk1fl1.tiff,r04c03f12p01-ch3sk1fk1fl1.tiff,r04c03f12p01-ch4sk1fk1fl1.tiff,D03_s12,4,low,,4_low,val
HepatoPAC Islands 20260413,D03,13,r04c03f13p01-ch1sk1fk1fl1.tiff,r04c03f13p01-ch6sk1fk1fl1.tiff,r04c03f13p01-ch2sk1fk1fl1.tiff,r04c03f13p01-ch5sk1fk1fl1.tiff,r04c03f13p01-ch3sk1fk1fl1.tiff,r04c03f13p01-ch4sk1fk1fl1.tiff,D03_s13,4,low,,4_low,val
HepatoPAC Islands 20260413,D03,14,r04c03f14p01-ch1sk1fk1fl1.tiff,r04c03f14p01-ch6sk1fk1fl1.tiff,r04c03f14p01-ch2sk1fk1fl1.tiff,r04c03f14p01-ch5sk1fk1fl1.tiff,r04c03f14p01-ch3sk1fk1fl1.tiff,r04c03f14p01-ch4sk1fk1fl1.tiff,D03_s14,4,low,,4_low,val
HepatoPAC Islands 20260413,D03,15,r04c03f15p01-ch1sk1fk1fl1.tiff,r04c03f15p01-ch6sk1fk1fl1.tiff,r04c03f15p01-ch2sk1fk1fl1.tiff,r04c03f15p01-ch5sk1fk1fl1.tiff,r04c03f15p01-ch3sk1fk1fl1.tiff,r04c03f15p01-ch4sk1fk1fl1.tiff,D03_s15,4,low,,4_low,val
HepatoPAC Islands 20260413,D03,16,r04c03f16p01-ch1sk1fk1fl1.tiff,r04c03f16p01-ch6sk1fk1fl1.tiff,r04c03f16p01-ch2sk1fk1fl1.tiff,r04c03f16p01-ch5sk1fk1fl1.tiff,r04c03f16p01-ch3sk1fk1fl1.tiff,r04c03f16p01-ch4sk1fk1fl1.tiff,D03_s16,4,low,,4_low,val
HepatoPAC Islands 20260413,D03,17,r04c03f17p01-ch1sk1fk1fl1.tiff,r04c03f17p01-ch6sk1fk1fl1.tiff,r04c03f17p01-ch2sk1fk1fl1.tiff,r04c03f17p01-ch5sk1fk1fl1.tiff,r04c03f17p01-ch3sk1fk1fl1.tiff,r04c03f17p01-ch4sk1fk1fl1.tiff,D03_s17,4,low,,4_low,val
HepatoPAC Islands 20260413,D03,18,r04c03f18p01-ch1sk1fk1fl1.tiff,r04c03f18p01-ch6sk1fk1fl1.tiff,r04c03f18p01-ch2sk1fk1fl1.tiff,r04c03f18p01-ch5sk1fk1fl1.tiff,r04c03f18p01-ch3sk1fk1fl1.tiff,r04c03f18p01-ch4sk1fk1fl1.tiff,D03_s18,4,low,,4_low,val
HepatoPAC Islands 20260413,D03,19,r04c03f19p01-ch1sk1fk1fl1.tiff,r04c03f19p01-ch6sk1fk1fl1.tiff,r04c03f19p01-ch2sk1fk1fl1.tiff,r04c03f19p01-ch5sk1fk1fl1.tiff,r04c03f19p01-ch3sk1fk1fl1.tiff,r04c03f19p01-ch4sk1fk1fl1.tiff,D03_s19,4,low,,4_low,val
HepatoPAC Islands 20260413,D03,20,r04c03f20p01-ch1sk1fk1fl1.tiff,r04c03f20p01-ch6sk1fk1fl1.tiff,r04c03f20p01-ch2sk1fk1fl1.tiff,r04c03f20p01-ch5sk1fk1fl1.tiff,r04c03f20p01-ch3sk1fk1fl1.tiff,r04c03f20p01-ch4sk1fk1fl1.tiff,D03_s20,4,low,,4_low,val
HepatoPAC Islands 20260413,D03,21,r04c03f21p01-ch1sk1fk1fl1.tiff,r04c03f21p01-ch6sk1fk1fl1.tiff,r04c03f21p01-ch2sk1fk1fl1.tiff,r04c03f21p01-ch5sk1fk1fl1.tiff,r04c03f21p01-ch3sk1fk1fl1.tiff,r04c03f21p01-ch4sk1fk1fl1.tiff,D03_s21,4,low,,4_low,val
HepatoPAC Islands 20260413,D03,22,r04c03f22p01-ch1sk1fk1fl1.tiff,r04c03f22p01-ch6sk1fk1fl1.tiff,r04c03f22p01-ch2sk1fk1fl1.tiff,r04c03f22p01-ch5sk1fk1fl1.tiff,r04c03f22p01-ch3sk1fk1fl1.tiff,r04c03f22p01-ch4sk1fk1fl1.tiff,D03_s22,4,low,,4_low,val
HepatoPAC Islands 20260413,D03,23,r04c03f23p01-ch1sk1fk1fl1.tiff,r04c03f23p01-ch6sk1fk1fl1.tiff,r04c03f23p01-ch2sk1fk1fl1.tiff,r04c03f23p01-ch5sk1fk1fl1.tiff,r04c03f23p01-ch3sk1fk1fl1.tiff,r04c03f23p01-ch4sk1fk1fl1.tiff,D03_s23,4,low,,4_low,val
HepatoPAC Islands 20260413,D03,24,r04c03f24p01-ch1sk1fk1fl1.tiff,r04c03f24p01-ch6sk1fk1fl1.tiff,r04c03f24p01-ch2sk1fk1fl1.tiff,r04c03f24p01-ch5sk1fk1fl1.tiff,r04c03f24p01-ch3sk1fk1fl1.tiff,r04c03f24p01-ch4sk1fk1fl1.tiff,D03_s24,4,low,,4_low,val
HepatoPAC Islands 20260413,D03,25,r04c03f25p01-ch1sk1fk1fl1.tiff,r04c03f25p01-ch6sk1fk1fl1.tiff,r04c03f25p01-ch2sk1fk1fl1.tiff,r04c03f25p01-ch5sk1fk1fl1.tiff,r04c03f25p01-ch3sk1fk1fl1.tiff,r04c03f25p01-ch4sk1fk1fl1.tiff,D03_s25,4,low,,4_low,val
HepatoPAC Islands 20260413,D03,26,r04c03f26p01-ch1sk1fk1fl1.tiff,r04c03f26p01-ch6sk1fk1fl1.tiff,r04c03f26p01-ch2sk1fk1fl1.tiff,r04c03f26p01-ch5sk1fk1fl1.tiff,r04c03f26p01-ch3sk1fk1fl1.tiff,r04c03f26p01-ch4sk1fk1fl1.tiff,D03_s26,4,low,,4_low,val
HepatoPAC Islands 20260413,D03,27,r04c03f27p01-ch1sk1fk1fl1.tiff,r04c03f27p01-ch6sk1fk1fl1.tiff,r04c03f27p01-ch2sk1fk1fl1.tiff,r04c03f27p01-ch5sk1fk1fl1.tiff,r04c03f27p01-ch3sk1fk1fl1.tiff,r04c03f27p01-ch4sk1fk1fl1.tiff,D03_s27,4,low,,4_low,val
HepatoPAC Islands 20260413,D03,28,r04c03f28p01-ch1sk1fk1fl1.tiff,r04c03f28p01-ch6sk1fk1fl1.tiff,r04c03f28p01-ch2sk1fk1fl1.tiff,r04c03f28p01-ch5sk1fk1fl1.tiff,r04c03f28p01-ch3sk1fk1fl1.tiff,r04c03f28p01-ch4sk1fk1fl1.tiff,D03_s28,4,low,,4_low,val
HepatoPAC Islands 20260413,D03,29,r04c03f29p01-ch1sk1fk1fl1.tiff,r04c03f29p01-ch6sk1fk1fl1.tiff,r04c03f29p01-ch2sk1fk1fl1.tiff,r04c03f29p01-ch5sk1fk1fl1.tiff,r04c03f29p01-ch3sk1fk1fl1.tiff,r04c03f29p01-ch4sk1fk1fl1.tiff,D03_s29,4,low,,4_low,val
HepatoPAC Islands 20260413,D03,30,r04c03f30p01-ch1sk1fk1fl1.tiff,r04c03f30p01-ch6sk1fk1fl1.tiff,r04c03f30p01-ch2sk1fk1fl1.tiff,r04c03f30p01-ch5sk1fk1fl1.tiff,r04c03f30p01-ch3sk1fk1fl1.tiff,r04c03f30p01-ch4sk1fk1fl1.tiff,D03_s30,4,low,,4_low,val
HepatoPAC Islands 20260413,D03,31,r04c03f31p01-ch1sk1fk1fl1.tiff,r04c03f31p01-ch6sk1fk1fl1.tiff,r04c03f31p01-ch2sk1fk1fl1.tiff,r04c03f31p01-ch5sk1fk1fl1.tiff,r04c03f31p01-ch3sk1fk1fl1.tiff,r04c03f31p01-ch4sk1fk1fl1.tiff,D03_s31,4,low,,4_low,val
HepatoPAC Islands 20260413,D03,32,r04c03f32p01-ch1sk1fk1fl1.tiff,r04c03f32p01-ch6sk1fk1fl1.tiff,r04c03f32p01-ch2sk1fk1fl1.tiff,r04c03f32p01-ch5sk1fk1fl1.tiff,r04c03f32p01-ch3sk1fk1fl1.tiff,r04c03f32p01-ch4sk1fk1fl1.tiff,D03_s32,4,low,,4_low,val
HepatoPAC Islands 20260413,D03,33,r04c03f33p01-ch1sk1fk1fl1.tiff,r04c03f33p01-ch6sk1fk1fl1.tiff,r04c03f33p01-ch2sk1fk1fl1.tiff,r04c03f33p01-ch5sk1fk1fl1.tiff,r04c03f33p01-ch3sk1fk1fl1.tiff,r04c03f33p01-ch4sk1fk1fl1.tiff,D03_s33,4,low,,4_low,val
HepatoPAC Islands 20260413,D03,34,r04c03f34p01-ch1sk1fk1fl1.tiff,r04c03f34p01-ch6sk1fk1fl1.tiff,r04c03f34p01-ch2sk1fk1fl1.tiff,r04c03f34p01-ch5sk1fk1fl1.tiff,r04c03f34p01-ch3sk1fk1fl1.tiff,r04c03f34p01-ch4sk1fk1fl1.tiff,D03_s34,4,low,,4_low,val
HepatoPAC Islands 20260413,D03,35,r04c03f35p01-ch1sk1fk1fl1.tiff,r04c03f35p01-ch6sk1fk1fl1.tiff,r04c03f35p01-ch2sk1fk1fl1.tiff,r04c03f35p01-ch5sk1fk1fl1.tiff,r04c03f35p01-ch3sk1fk1fl1.tiff,r04c03f35p01-ch4sk1fk1fl1.tiff,D03_s35,4,low,,4_low,val
HepatoPAC Islands 20260413,D03,36,r04c03f36p01-ch1sk1fk1fl1.tiff,r04c03f36p01-ch6sk1fk1fl1.tiff,r04c03f36p01-ch2sk1fk1fl1.tiff,r04c03f36p01-ch5sk1fk1fl1.tiff,r04c03f36p01-ch3sk1fk1fl1.tiff,r04c03f36p01-ch4sk1fk1fl1.tiff,D03_s36,4,low,,4_low,val
HepatoPAC Islands 20260413,D03,37,r04c03f37p01-ch1sk1fk1fl1.tiff,r04c03f37p01-ch6sk1fk1fl1.tiff,r04c03f37p01-ch2sk1fk1fl1.tiff,r04c03f37p01-ch5sk1fk1fl1.tiff,r04c03f37p01-ch3sk1fk1fl1.tiff,r04c03f37p01-ch4sk1fk1fl1.tiff,D03_s37,4,low,,4_low,val
HepatoPAC Islands 20260413,D03,38,r04c03f38p01-ch1sk1fk1fl1.tiff,r04c03f38p01-ch6sk1fk1fl1.tiff,r04c03f38p01-ch2sk1fk1fl1.tiff,r04c03f38p01-ch5sk1fk1fl1.tiff,r04c03f38p01-ch3sk1fk1fl1.tiff,r04c03f38p01-ch4sk1fk1fl1.tiff,D03_s38,4,low,,4_low,val
HepatoPAC Islands 20260413,D03,39,r04c03f39p01-ch1sk1fk1fl1.tiff,r04c03f39p01-ch6sk1fk1fl1.tiff,r04c03f39p01-ch2sk1fk1fl1.tiff,r04c03f39p01-ch5sk1fk1fl1.tiff,r04c03f39p01-ch3sk1fk1fl1.tiff,r04c03f39p01-ch4sk1fk1fl1.tiff,D03_s39,4,low,,4_low,val
HepatoPAC Islands 20260413,D03,40,r04c03f40p01-ch1sk1fk1fl1.tiff,r04c03f40p01-ch6sk1fk1fl1.tiff,r04c03f40p01-ch2sk1fk1fl1.tiff,r04c03f40p01-ch5sk1fk1fl1.tiff,r04c03f40p01-ch3sk1fk1fl1.tiff,r04c03f40p01-ch4sk1fk1fl1.tiff,D03_s40,4,low,,4_low,val
HepatoPAC Islands 20260413,D03,41,r04c03f41p01-ch1sk1fk1fl1.tiff,r04c03f41p01-ch6sk1fk1fl1.tiff,r04c03f41p01-ch2sk1fk1fl1.tiff,r04c03f41p01-ch5sk1fk1fl1.tiff,r04c03f41p01-ch3sk1fk1fl1.tiff,r04c03f41p01-ch4sk1fk1fl1.tiff,D03_s41,4,low,,4_low,val
HepatoPAC Islands 20260413,D03,42,r04c03f42p01-ch1sk1fk1fl1.tiff,r04c03f42p01-ch6sk1fk1fl1.tiff,r04c03f42p01-ch2sk1fk1fl1.tiff,r04c03f42p01-ch5sk1fk1fl1.tiff,r04c03f42p01-ch3sk1fk1fl1.tiff,r04c03f42p01-ch4sk1fk1fl1.tiff,D03_s42,4,low,,4_low,val
HepatoPAC Islands 20260413,D03,43,r04c03f43p01-ch1sk1fk1fl1.tiff,r04c03f43p01-ch6sk1fk1fl1.tiff,r04c03f43p01-ch2sk1fk1fl1.tiff,r04c03f43p01-ch5sk1fk1fl1.tiff,r04c03f43p01-ch3sk1fk1fl1.tiff,r04c03f43p01-ch4sk1fk1fl1.tiff,D03_s43,4,low,,4_low,val
HepatoPAC Islands 20260413,D03,44,r04c03f44p01-ch1sk1fk1fl1.tiff,r04c03f44p01-ch6sk1fk1fl1.tiff,r04c03f44p01-ch2sk1fk1fl1.tiff,r04c03f44p01-ch5sk1fk1fl1.tiff,r04c03f44p01-ch3sk1fk1fl1.tiff,r04c03f44p01-ch4sk1fk1fl1.tiff,D03_s44,4,low,,4_low,val
HepatoPAC Islands 20260413,D03,45,r04c03f45p01-ch1sk1fk1fl1.tiff,r04c03f45p01-ch6sk1fk1fl1.tiff,r04c03f45p01-ch2sk1fk1fl1.tiff,r04c03f45p01-ch5sk1fk1fl1.tiff,r04c03f45p01-ch3sk1fk1fl1.tiff,r04c03f45p01-ch4sk1fk1fl1.tiff,D03_s45,4,low,,4_low,val
HepatoPAC Islands 20260413,D03,46,r04c03f46p01-ch1sk1fk1fl1.tiff,r04c03f46p01-ch6sk1fk1fl1.tiff,r04c03f46p01-ch2sk1fk1fl1.tiff,r04c03f46p01-ch5sk1fk1fl1.tiff,r04c03f46p01-ch3sk1fk1fl1.tiff,r04c03f46p01-ch4sk1fk1fl1.tiff,D03_s46,4,low,,4_low,val
HepatoPAC Islands 20260413,D03,47,r04c03f47p01-ch1sk1fk1fl1.tiff,r04c03f47p01-ch6sk1fk1fl1.tiff,r04c03f47p01-ch2sk1fk1fl1.tiff,r04c03f47p01-ch5sk1fk1fl1.tiff,r04c03f47p01-ch3sk1fk1fl1.tiff,r04c03f47p01-ch4sk1fk1fl1.tiff,D03_s47,4,low,,4_low,val
HepatoPAC Islands 20260413,D03,48,r04c03f48p01-ch1sk1fk1fl1.tiff,r04c03f48p01-ch6sk1fk1fl1.tiff,r04c03f48p01-ch2sk1fk1fl1.tiff,r04c03f48p01-ch5sk1fk1fl1.tiff,r04c03f48p01-ch3sk1fk1fl1.tiff,r04c03f48p01-ch4sk1fk1fl1.tiff,D03_s48,4,low,,4_low,val
HepatoPAC Islands 20260413,D03,49,r04c03f49p01-ch1sk1fk1fl1.tiff,r04c03f49p01-ch6sk1fk1fl1.tiff,r04c03f49p01-ch2sk1fk1fl1.tiff,r04c03f49p01-ch5sk1fk1fl1.tiff,r04c03f49p01-ch3sk1fk1fl1.tiff,r04c03f49p01-ch4sk1fk1fl1.tiff,D03_s49,4,low,,4_low,val
HepatoPAC Islands 20260413,D04,1,r04c04f01p01-ch1sk1fk1fl1.tiff,r04c04f01p01-ch6sk1fk1fl1.tiff,r04c04f01p01-ch2sk1fk1fl1.tiff,r04c04f01p01-ch5sk1fk1fl1.tiff,r04c04f01p01-ch3sk1fk1fl1.tiff,r04c04f01p01-ch4sk1fk1fl1.tiff,D04_s01,3,low,,3_low,val
HepatoPAC Islands 20260413,D04,2,r04c04f02p01-ch1sk1fk1fl1.tiff,r04c04f02p01-ch6sk1fk1fl1.tiff,r04c04f02p01-ch2sk1fk1fl1.tiff,r04c04f02p01-ch5sk1fk1fl1.tiff,r04c04f02p01-ch3sk1fk1fl1.tiff,r04c04f02p01-ch4sk1fk1fl1.tiff,D04_s02,3,low,,3_low,val
HepatoPAC Islands 20260413,D04,3,r04c04f03p01-ch1sk1fk1fl1.tiff,r04c04f03p01-ch6sk1fk1fl1.tiff,r04c04f03p01-ch2sk1fk1fl1.tiff,r04c04f03p01-ch5sk1fk1fl1.tiff,r04c04f03p01-ch3sk1fk1fl1.tiff,r04c04f03p01-ch4sk1fk1fl1.tiff,D04_s03,3,low,,3_low,val
HepatoPAC Islands 20260413,D04,4,r04c04f04p01-ch1sk1fk1fl1.tiff,r04c04f04p01-ch6sk1fk1fl1.tiff,r04c04f04p01-ch2sk1fk1fl1.tiff,r04c04f04p01-ch5sk1fk1fl1.tiff,r04c04f04p01-ch3sk1fk1fl1.tiff,r04c04f04p01-ch4sk1fk1fl1.tiff,D04_s04,3,low,,3_low,val
HepatoPAC Islands 20260413,D04,5,r04c04f05p01-ch1sk1fk1fl1.tiff,r04c04f05p01-ch6sk1fk1fl1.tiff,r04c04f05p01-ch2sk1fk1fl1.tiff,r04c04f05p01-ch5sk1fk1fl1.tiff,r04c04f05p01-ch3sk1fk1fl1.tiff,r04c04f05p01-ch4sk1fk1fl1.tiff,D04_s05,3,low,,3_low,val
HepatoPAC Islands 20260413,D04,6,r04c04f06p01-ch1sk1fk1fl1.tiff,r04c04f06p01-ch6sk1fk1fl1.tiff,r04c04f06p01-ch2sk1fk1fl1.tiff,r04c04f06p01-ch5sk1fk1fl1.tiff,r04c04f06p01-ch3sk1fk1fl1.tiff,r04c04f06p01-ch4sk1fk1fl1.tiff,D04_s06,3,low,,3_low,val
HepatoPAC Islands 20260413,D04,7,r04c04f07p01-ch1sk1fk1fl1.tiff,r04c04f07p01-ch6sk1fk1fl1.tiff,r04c04f07p01-ch2sk1fk1fl1.tiff,r04c04f07p01-ch5sk1fk1fl1.tiff,r04c04f07p01-ch3sk1fk1fl1.tiff,r04c04f07p01-ch4sk1fk1fl1.tiff,D04_s07,3,low,,3_low,val
HepatoPAC Islands 20260413,D04,8,r04c04f08p01-ch1sk1fk1fl1.tiff,r04c04f08p01-ch6sk1fk1fl1.tiff,r04c04f08p01-ch2sk1fk1fl1.tiff,r04c04f08p01-ch5sk1fk1fl1.tiff,r04c04f08p01-ch3sk1fk1fl1.tiff,r04c04f08p01-ch4sk1fk1fl1.tiff,D04_s08,3,low,,3_low,val
HepatoPAC Islands 20260413,D04,9,r04c04f09p01-ch1sk1fk1fl1.tiff,r04c04f09p01-ch6sk1fk1fl1.tiff,r04c04f09p01-ch2sk1fk1fl1.tiff,r04c04f09p01-ch5sk1fk1fl1.tiff,r04c04f09p01-ch3sk1fk1fl1.tiff,r04c04f09p01-ch4sk1fk1fl1.tiff,D04_s09,3,low,,3_low,val
HepatoPAC Islands 20260413,D04,10,r04c04f10p01-ch1sk1fk1fl1.tiff,r04c04f10p01-ch6sk1fk1fl1.tiff,r04c04f10p01-ch2sk1fk1fl1.tiff,r04c04f10p01-ch5sk1fk1fl1.tiff,r04c04f10p01-ch3sk1fk1fl1.tiff,r04c04f10p01-ch4sk1fk1fl1.tiff,D04_s10,3,low,,3_low,val
HepatoPAC Islands 20260413,D04,11,r04c04f11p01-ch1sk1fk1fl1.tiff,r04c04f11p01-ch6sk1fk1fl1.tiff,r04c04f11p01-ch2sk1fk1fl1.tiff,r04c04f11p01-ch5sk1fk1fl1.tiff,r04c04f11p01-ch3sk1fk1fl1.tiff,r04c04f11p01-ch4sk1fk1fl1.tiff,D04_s11,3,low,,3_low,val
HepatoPAC Islands 20260413,D04,12,r04c04f12p01-ch1sk1fk1fl1.tiff,r04c04f12p01-ch6sk1fk1fl1.tiff,r04c04f12p01-ch2sk1fk1fl1.tiff,r04c04f12p01-ch5sk1fk1fl1.tiff,r04c04f12p01-ch3sk1fk1fl1.tiff,r04c04f12p01-ch4sk1fk1fl1.tiff,D04_s12,3,low,,3_low,val
HepatoPAC Islands 20260413,D04,13,r04c04f13p01-ch1sk1fk1fl1.tiff,r04c04f13p01-ch6sk1fk1fl1.tiff,r04c04f13p01-ch2sk1fk1fl1.tiff,r04c04f13p01-ch5sk1fk1fl1.tiff,r04c04f13p01-ch3sk1fk1fl1.tiff,r04c04f13p01-ch4sk1fk1fl1.tiff,D04_s13,3,low,,3_low,val
HepatoPAC Islands 20260413,D04,14,r04c04f14p01-ch1sk1fk1fl1.tiff,r04c04f14p01-ch6sk1fk1fl1.tiff,r04c04f14p01-ch2sk1fk1fl1.tiff,r04c04f14p01-ch5sk1fk1fl1.tiff,r04c04f14p01-ch3sk1fk1fl1.tiff,r04c04f14p01-ch4sk1fk1fl1.tiff,D04_s14,3,low,,3_low,val
HepatoPAC Islands 20260413,D04,15,r04c04f15p01-ch1sk1fk1fl1.tiff,r04c04f15p01-ch6sk1fk1fl1.tiff,r04c04f15p01-ch2sk1fk1fl1.tiff,r04c04f15p01-ch5sk1fk1fl1.tiff,r04c04f15p01-ch3sk1fk1fl1.tiff,r04c04f15p01-ch4sk1fk1fl1.tiff,D04_s15,3,low,,3_low,val
HepatoPAC Islands 20260413,D04,16,r04c04f16p01-ch1sk1fk1fl1.tiff,r04c04f16p01-ch6sk1fk1fl1.tiff,r04c04f16p01-ch2sk1fk1fl1.tiff,r04c04f16p01-ch5sk1fk1fl1.tiff,r04c04f16p01-ch3sk1fk1fl1.tiff,r04c04f16p01-ch4sk1fk1fl1.tiff,D04_s16,3,low,,3_low,val
HepatoPAC Islands 20260413,D04,17,r04c04f17p01-ch1sk1fk1fl1.tiff,r04c04f17p01-ch6sk1fk1fl1.tiff,r04c04f17p01-ch2sk1fk1fl1.tiff,r04c04f17p01-ch5sk1fk1fl1.tiff,r04c04f17p01-ch3sk1fk1fl1.tiff,r04c04f17p01-ch4sk1fk1fl1.tiff,D04_s17,3,low,,3_low,val
HepatoPAC Islands 20260413,D04,18,r04c04f18p01-ch1sk1fk1fl1.tiff,r04c04f18p01-ch6sk1fk1fl1.tiff,r04c04f18p01-ch2sk1fk1fl1.tiff,r04c04f18p01-ch5sk1fk1fl1.tiff,r04c04f18p01-ch3sk1fk1fl1.tiff,r04c04f18p01-ch4sk1fk1fl1.tiff,D04_s18,3,low,,3_low,val
HepatoPAC Islands 20260413,D04,19,r04c04f19p01-ch1sk1fk1fl1.tiff,r04c04f19p01-ch6sk1fk1fl1.tiff,r04c04f19p01-ch2sk1fk1fl1.tiff,r04c04f19p01-ch5sk1fk1fl1.tiff,r04c04f19p01-ch3sk1fk1fl1.tiff,r04c04f19p01-ch4sk1fk1fl1.tiff,D04_s19,3,low,,3_low,val
HepatoPAC Islands 20260413,D04,20,r04c04f20p01-ch1sk1fk1fl1.tiff,r04c04f20p01-ch6sk1fk1fl1.tiff,r04c04f20p01-ch2sk1fk1fl1.tiff,r04c04f20p01-ch5sk1fk1fl1.tiff,r04c04f20p01-ch3sk1fk1fl1.tiff,r04c04f20p01-ch4sk1fk1fl1.tiff,D04_s20,3,low,,3_low,val
HepatoPAC Islands 20260413,D04,21,r04c04f21p01-ch1sk1fk1fl1.tiff,r04c04f21p01-ch6sk1fk1fl1.tiff,r04c04f21p01-ch2sk1fk1fl1.tiff,r04c04f21p01-ch5sk1fk1fl1.tiff,r04c04f21p01-ch3sk1fk1fl1.tiff,r04c04f21p01-ch4sk1fk1fl1.tiff,D04_s21,3,low,,3_low,val
HepatoPAC Islands 20260413,D04,22,r04c04f22p01-ch1sk1fk1fl1.tiff,r04c04f22p01-ch6sk1fk1fl1.tiff,r04c04f22p01-ch2sk1fk1fl1.tiff,r04c04f22p01-ch5sk1fk1fl1.tiff,r04c04f22p01-ch3sk1fk1fl1.tiff,r04c04f22p01-ch4sk1fk1fl1.tiff,D04_s22,3,low,,3_low,val
HepatoPAC Islands 20260413,D04,23,r04c04f23p01-ch1sk1fk1fl1.tiff,r04c04f23p01-ch6sk1fk1fl1.tiff,r04c04f23p01-ch2sk1fk1fl1.tiff,r04c04f23p01-ch5sk1fk1fl1.tiff,r04c04f23p01-ch3sk1fk1fl1.tiff,r04c04f23p01-ch4sk1fk1fl1.tiff,D04_s23,3,low,,3_low,val
HepatoPAC Islands 20260413,D04,24,r04c04f24p01-ch1sk1fk1fl1.tiff,r04c04f24p01-ch6sk1fk1fl1.tiff,r04c04f24p01-ch2sk1fk1fl1.tiff,r04c04f24p01-ch5sk1fk1fl1.tiff,r04c04f24p01-ch3sk1fk1fl1.tiff,r04c04f24p01-ch4sk1fk1fl1.tiff,D04_s24,3,low,,3_low,val
HepatoPAC Islands 20260413,D04,25,r04c04f25p01-ch1sk1fk1fl1.tiff,r04c04f25p01-ch6sk1fk1fl1.tiff,r04c04f25p01-ch2sk1fk1fl1.tiff,r04c04f25p01-ch5sk1fk1fl1.tiff,r04c04f25p01-ch3sk1fk1fl1.tiff,r04c04f25p01-ch4sk1fk1fl1.tiff,D04_s25,3,low,,3_low,val
HepatoPAC Islands 20260413,D04,26,r04c04f26p01-ch1sk1fk1fl1.tiff,r04c04f26p01-ch6sk1fk1fl1.tiff,r04c04f26p01-ch2sk1fk1fl1.tiff,r04c04f26p01-ch5sk1fk1fl1.tiff,r04c04f26p01-ch3sk1fk1fl1.tiff,r04c04f26p01-ch4sk1fk1fl1.tiff,D04_s26,3,low,,3_low,val
HepatoPAC Islands 20260413,D04,27,r04c04f27p01-ch1sk1fk1fl1.tiff,r04c04f27p01-ch6sk1fk1fl1.tiff,r04c04f27p01-ch2sk1fk1fl1.tiff,r04c04f27p01-ch5sk1fk1fl1.tiff,r04c04f27p01-ch3sk1fk1fl1.tiff,r04c04f27p01-ch4sk1fk1fl1.tiff,D04_s27,3,low,,3_low,val
HepatoPAC Islands 20260413,D04,28,r04c04f28p01-ch1sk1fk1fl1.tiff,r04c04f28p01-ch6sk1fk1fl1.tiff,r04c04f28p01-ch2sk1fk1fl1.tiff,r04c04f28p01-ch5sk1fk1fl1.tiff,r04c04f28p01-ch3sk1fk1fl1.tiff,r04c04f28p01-ch4sk1fk1fl1.tiff,D04_s28,3,low,,3_low,val
HepatoPAC Islands 20260413,D04,29,r04c04f29p01-ch1sk1fk1fl1.tiff,r04c04f29p01-ch6sk1fk1fl1.tiff,r04c04f29p01-ch2sk1fk1fl1.tiff,r04c04f29p01-ch5sk1fk1fl1.tiff,r04c04f29p01-ch3sk1fk1fl1.tiff,r04c04f29p01-ch4sk1fk1fl1.tiff,D04_s29,3,low,,3_low,val
HepatoPAC Islands 20260413,D04,30,r04c04f30p01-ch1sk1fk1fl1.tiff,r04c04f30p01-ch6sk1fk1fl1.tiff,r04c04f30p01-ch2sk1fk1fl1.tiff,r04c04f30p01-ch5sk1fk1fl1.tiff,r04c04f30p01-ch3sk1fk1fl1.tiff,r04c04f30p01-ch4sk1fk1fl1.tiff,D04_s30,3,low,,3_low,val
HepatoPAC Islands 20260413,D04,31,r04c04f31p01-ch1sk1fk1fl1.tiff,r04c04f31p01-ch6sk1fk1fl1.tiff,r04c04f31p01-ch2sk1fk1fl1.tiff,r04c04f31p01-ch5sk1fk1fl1.tiff,r04c04f31p01-ch3sk1fk1fl1.tiff,r04c04f31p01-ch4sk1fk1fl1.tiff,D04_s31,3,low,,3_low,val
HepatoPAC Islands 20260413,D04,32,r04c04f32p01-ch1sk1fk1fl1.tiff,r04c04f32p01-ch6sk1fk1fl1.tiff,r04c04f32p01-ch2sk1fk1fl1.tiff,r04c04f32p01-ch5sk1fk1fl1.tiff,r04c04f32p01-ch3sk1fk1fl1.tiff,r04c04f32p01-ch4sk1fk1fl1.tiff,D04_s32,3,low,,3_low,val
HepatoPAC Islands 20260413,D04,33,r04c04f33p01-ch1sk1fk1fl1.tiff,r04c04f33p01-ch6sk1fk1fl1.tiff,r04c04f33p01-ch2sk1fk1fl1.tiff,r04c04f33p01-ch5sk1fk1fl1.tiff,r04c04f33p01-ch3sk1fk1fl1.tiff,r04c04f33p01-ch4sk1fk1fl1.tiff,D04_s33,3,low,,3_low,val
HepatoPAC Islands 20260413,D04,34,r04c04f34p01-ch1sk1fk1fl1.tiff,r04c04f34p01-ch6sk1fk1fl1.tiff,r04c04f34p01-ch2sk1fk1fl1.tiff,r04c04f34p01-ch5sk1fk1fl1.tiff,r04c04f34p01-ch3sk1fk1fl1.tiff,r04c04f34p01-ch4sk1fk1fl1.tiff,D04_s34,3,low,,3_low,val
HepatoPAC Islands 20260413,D04,35,r04c04f35p01-ch1sk1fk1fl1.tiff,r04c04f35p01-ch6sk1fk1fl1.tiff,r04c04f35p01-ch2sk1fk1fl1.tiff,r04c04f35p01-ch5sk1fk1fl1.tiff,r04c04f35p01-ch3sk1fk1fl1.tiff,r04c04f35p01-ch4sk1fk1fl1.tiff,D04_s35,3,low,,3_low,val
HepatoPAC Islands 20260413,D04,36,r04c04f36p01-ch1sk1fk1fl1.tiff,r04c04f36p01-ch6sk1fk1fl1.tiff,r04c04f36p01-ch2sk1fk1fl1.tiff,r04c04f36p01-ch5sk1fk1fl1.tiff,r04c04f36p01-ch3sk1fk1fl1.tiff,r04c04f36p01-ch4sk1fk1fl1.tiff,D04_s36,3,low,,3_low,val
HepatoPAC Islands 20260413,D04,37,r04c04f37p01-ch1sk1fk1fl1.tiff,r04c04f37p01-ch6sk1fk1fl1.tiff,r04c04f37p01-ch2sk1fk1fl1.tiff,r04c04f37p01-ch5sk1fk1fl1.tiff,r04c04f37p01-ch3sk1fk1fl1.tiff,r04c04f37p01-ch4sk1fk1fl1.tiff,D04_s37,3,low,,3_low,val
HepatoPAC Islands 20260413,D04,38,r04c04f38p01-ch1sk1fk1fl1.tiff,r04c04f38p01-ch6sk1fk1fl1.tiff,r04c04f38p01-ch2sk1fk1fl1.tiff,r04c04f38p01-ch5sk1fk1fl1.tiff,r04c04f38p01-ch3sk1fk1fl1.tiff,r04c04f38p01-ch4sk1fk1fl1.tiff,D04_s38,3,low,,3_low,val
HepatoPAC Islands 20260413,D04,39,r04c04f39p01-ch1sk1fk1fl1.tiff,r04c04f39p01-ch6sk1fk1fl1.tiff,r04c04f39p01-ch2sk1fk1fl1.tiff,r04c04f39p01-ch5sk1fk1fl1.tiff,r04c04f39p01-ch3sk1fk1fl1.tiff,r04c04f39p01-ch4sk1fk1fl1.tiff,D04_s39,3,low,,3_low,val
HepatoPAC Islands 20260413,D04,40,r04c04f40p01-ch1sk1fk1fl1.tiff,r04c04f40p01-ch6sk1fk1fl1.tiff,r04c04f40p01-ch2sk1fk1fl1.tiff,r04c04f40p01-ch5sk1fk1fl1.tiff,r04c04f40p01-ch3sk1fk1fl1.tiff,r04c04f40p01-ch4sk1fk1fl1.tiff,D04_s40,3,low,,3_low,val
HepatoPAC Islands 20260413,D04,41,r04c04f41p01-ch1sk1fk1fl1.tiff,r04c04f41p01-ch6sk1fk1fl1.tiff,r04c04f41p01-ch2sk1fk1fl1.tiff,r04c04f41p01-ch5sk1fk1fl1.tiff,r04c04f41p01-ch3sk1fk1fl1.tiff,r04c04f41p01-ch4sk1fk1fl1.tiff,D04_s41,3,low,,3_low,val
HepatoPAC Islands 20260413,D04,42,r04c04f42p01-ch1sk1fk1fl1.tiff,r04c04f42p01-ch6sk1fk1fl1.tiff,r04c04f42p01-ch2sk1fk1fl1.tiff,r04c04f42p01-ch5sk1fk1fl1.tiff,r04c04f42p01-ch3sk1fk1fl1.tiff,r04c04f42p01-ch4sk1fk1fl1.tiff,D04_s42,3,low,,3_low,val
HepatoPAC Islands 20260413,D04,43,r04c04f43p01-ch1sk1fk1fl1.tiff,r04c04f43p01-ch6sk1fk1fl1.tiff,r04c04f43p01-ch2sk1fk1fl1.tiff,r04c04f43p01-ch5sk1fk1fl1.tiff,r04c04f43p01-ch3sk1fk1fl1.tiff,r04c04f43p01-ch4sk1fk1fl1.tiff,D04_s43,3,low,,3_low,val
HepatoPAC Islands 20260413,D04,44,r04c04f44p01-ch1sk1fk1fl1.tiff,r04c04f44p01-ch6sk1fk1fl1.tiff,r04c04f44p01-ch2sk1fk1fl1.tiff,r04c04f44p01-ch5sk1fk1fl1.tiff,r04c04f44p01-ch3sk1fk1fl1.tiff,r04c04f44p01-ch4sk1fk1fl1.tiff,D04_s44,3,low,,3_low,val
HepatoPAC Islands 20260413,D04,45,r04c04f45p01-ch1sk1fk1fl1.tiff,r04c04f45p01-ch6sk1fk1fl1.tiff,r04c04f45p01-ch2sk1fk1fl1.tiff,r04c04f45p01-ch5sk1fk1fl1.tiff,r04c04f45p01-ch3sk1fk1fl1.tiff,r04c04f45p01-ch4sk1fk1fl1.tiff,D04_s45,3,low,,3_low,val
HepatoPAC Islands 20260413,D04,46,r04c04f46p01-ch1sk1fk1fl1.tiff,r04c04f46p01-ch6sk1fk1fl1.tiff,r04c04f46p01-ch2sk1fk1fl1.tiff,r04c04f46p01-ch5sk1fk1fl1.tiff,r04c04f46p01-ch3sk1fk1fl1.tiff,r04c04f46p01-ch4sk1fk1fl1.tiff,D04_s46,3,low,,3_low,val
HepatoPAC Islands 20260413,D04,47,r04c04f47p01-ch1sk1fk1fl1.tiff,r04c04f47p01-ch6sk1fk1fl1.tiff,r04c04f47p01-ch2sk1fk1fl1.tiff,r04c04f47p01-ch5sk1fk1fl1.tiff,r04c04f47p01-ch3sk1fk1fl1.tiff,r04c04f47p01-ch4sk1fk1fl1.tiff,D04_s47,3,low,,3_low,val
HepatoPAC Islands 20260413,D04,48,r04c04f48p01-ch1sk1fk1fl1.tiff,r04c04f48p01-ch6sk1fk1fl1.tiff,r04c04f48p01-ch2sk1fk1fl1.tiff,r04c04f48p01-ch5sk1fk1fl1.tiff,r04c04f48p01-ch3sk1fk1fl1.tiff,r04c04f48p01-ch4sk1fk1fl1.tiff,D04_s48,3,low,,3_low,val
HepatoPAC Islands 20260413,D04,49,r04c04f49p01-ch1sk1fk1fl1.tiff,r04c04f49p01-ch6sk1fk1fl1.tiff,r04c04f49p01-ch2sk1fk1fl1.tiff,r04c04f49p01-ch5sk1fk1fl1.tiff,r04c04f49p01-ch3sk1fk1fl1.tiff,r04c04f49p01-ch4sk1fk1fl1.tiff,D04_s49,3,low,,3_low,val
HepatoPAC Islands 20260413,D05,1,r04c05f01p01-ch1sk1fk1fl1.tiff,r04c05f01p01-ch6sk1fk1fl1.tiff,r04c05f01p01-ch2sk1fk1fl1.tiff,r04c05f01p01-ch5sk1fk1fl1.tiff,r04c05f01p01-ch3sk1fk1fl1.tiff,r04c05f01p01-ch4sk1fk1fl1.tiff,D05_s01,2,low,,2_low,train
HepatoPAC Islands 20260413,D05,2,r04c05f02p01-ch1sk1fk1fl1.tiff,r04c05f02p01-ch6sk1fk1fl1.tiff,r04c05f02p01-ch2sk1fk1fl1.tiff,r04c05f02p01-ch5sk1fk1fl1.tiff,r04c05f02p01-ch3sk1fk1fl1.tiff,r04c05f02p01-ch4sk1fk1fl1.tiff,D05_s02,2,low,,2_low,train
HepatoPAC Islands 20260413,D05,3,r04c05f03p01-ch1sk1fk1fl1.tiff,r04c05f03p01-ch6sk1fk1fl1.tiff,r04c05f03p01-ch2sk1fk1fl1.tiff,r04c05f03p01-ch5sk1fk1fl1.tiff,r04c05f03p01-ch3sk1fk1fl1.tiff,r04c05f03p01-ch4sk1fk1fl1.tiff,D05_s03,2,low,,2_low,train
HepatoPAC Islands 20260413,D05,4,r04c05f04p01-ch1sk1fk1fl1.tiff,r04c05f04p01-ch6sk1fk1fl1.tiff,r04c05f04p01-ch2sk1fk1fl1.tiff,r04c05f04p01-ch5sk1fk1fl1.tiff,r04c05f04p01-ch3sk1fk1fl1.tiff,r04c05f04p01-ch4sk1fk1fl1.tiff,D05_s04,2,low,,2_low,train
HepatoPAC Islands 20260413,D05,5,r04c05f05p01-ch1sk1fk1fl1.tiff,r04c05f05p01-ch6sk1fk1fl1.tiff,r04c05f05p01-ch2sk1fk1fl1.tiff,r04c05f05p01-ch5sk1fk1fl1.tiff,r04c05f05p01-ch3sk1fk1fl1.tiff,r04c05f05p01-ch4sk1fk1fl1.tiff,D05_s05,2,low,,2_low,train
HepatoPAC Islands 20260413,D05,6,r04c05f06p01-ch1sk1fk1fl1.tiff,r04c05f06p01-ch6sk1fk1fl1.tiff,r04c05f06p01-ch2sk1fk1fl1.tiff,r04c05f06p01-ch5sk1fk1fl1.tiff,r04c05f06p01-ch3sk1fk1fl1.tiff,r04c05f06p01-ch4sk1fk1fl1.tiff,D05_s06,2,low,,2_low,train
HepatoPAC Islands 20260413,D05,7,r04c05f07p01-ch1sk1fk1fl1.tiff,r04c05f07p01-ch6sk1fk1fl1.tiff,r04c05f07p01-ch2sk1fk1fl1.tiff,r04c05f07p01-ch5sk1fk1fl1.tiff,r04c05f07p01-ch3sk1fk1fl1.tiff,r04c05f07p01-ch4sk1fk1fl1.tiff,D05_s07,2,low,,2_low,train
HepatoPAC Islands 20260413,D05,8,r04c05f08p01-ch1sk1fk1fl1.tiff,r04c05f08p01-ch6sk1fk1fl1.tiff,r04c05f08p01-ch2sk1fk1fl1.tiff,r04c05f08p01-ch5sk1fk1fl1.tiff,r04c05f08p01-ch3sk1fk1fl1.tiff,r04c05f08p01-ch4sk1fk1fl1.tiff,D05_s08,2,low,,2_low,train
HepatoPAC Islands 20260413,D05,9,r04c05f09p01-ch1sk1fk1fl1.tiff,r04c05f09p01-ch6sk1fk1fl1.tiff,r04c05f09p01-ch2sk1fk1fl1.tiff,r04c05f09p01-ch5sk1fk1fl1.tiff,r04c05f09p01-ch3sk1fk1fl1.tiff,r04c05f09p01-ch4sk1fk1fl1.tiff,D05_s09,2,low,,2_low,train
HepatoPAC Islands 20260413,D05,10,r04c05f10p01-ch1sk1fk1fl1.tiff,r04c05f10p01-ch6sk1fk1fl1.tiff,r04c05f10p01-ch2sk1fk1fl1.tiff,r04c05f10p01-ch5sk1fk1fl1.tiff,r04c05f10p01-ch3sk1fk1fl1.tiff,r04c05f10p01-ch4sk1fk1fl1.tiff,D05_s10,2,low,,2_low,train
HepatoPAC Islands 20260413,D05,11,r04c05f11p01-ch1sk1fk1fl1.tiff,r04c05f11p01-ch6sk1fk1fl1.tiff,r04c05f11p01-ch2sk1fk1fl1.tiff,r04c05f11p01-ch5sk1fk1fl1.tiff,r04c05f11p01-ch3sk1fk1fl1.tiff,r04c05f11p01-ch4sk1fk1fl1.tiff,D05_s11,2,low,,2_low,train
HepatoPAC Islands 20260413,D05,12,r04c05f12p01-ch1sk1fk1fl1.tiff,r04c05f12p01-ch6sk1fk1fl1.tiff,r04c05f12p01-ch2sk1fk1fl1.tiff,r04c05f12p01-ch5sk1fk1fl1.tiff,r04c05f12p01-ch3sk1fk1fl1.tiff,r04c05f12p01-ch4sk1fk1fl1.tiff,D05_s12,2,low,,2_low,train
HepatoPAC Islands 20260413,D05,13,r04c05f13p01-ch1sk1fk1fl1.tiff,r04c05f13p01-ch6sk1fk1fl1.tiff,r04c05f13p01-ch2sk1fk1fl1.tiff,r04c05f13p01-ch5sk1fk1fl1.tiff,r04c05f13p01-ch3sk1fk1fl1.tiff,r04c05f13p01-ch4sk1fk1fl1.tiff,D05_s13,2,low,,2_low,train
HepatoPAC Islands 20260413,D05,14,r04c05f14p01-ch1sk1fk1fl1.tiff,r04c05f14p01-ch6sk1fk1fl1.tiff,r04c05f14p01-ch2sk1fk1fl1.tiff,r04c05f14p01-ch5sk1fk1fl1.tiff,r04c05f14p01-ch3sk1fk1fl1.tiff,r04c05f14p01-ch4sk1fk1fl1.tiff,D05_s14,2,low,,2_low,train
HepatoPAC Islands 20260413,D05,15,r04c05f15p01-ch1sk1fk1fl1.tiff,r04c05f15p01-ch6sk1fk1fl1.tiff,r04c05f15p01-ch2sk1fk1fl1.tiff,r04c05f15p01-ch5sk1fk1fl1.tiff,r04c05f15p01-ch3sk1fk1fl1.tiff,r04c05f15p01-ch4sk1fk1fl1.tiff,D05_s15,2,low,,2_low,train
HepatoPAC Islands 20260413,D05,16,r04c05f16p01-ch1sk1fk1fl1.tiff,r04c05f16p01-ch6sk1fk1fl1.tiff,r04c05f16p01-ch2sk1fk1fl1.tiff,r04c05f16p01-ch5sk1fk1fl1.tiff,r04c05f16p01-ch3sk1fk1fl1.tiff,r04c05f16p01-ch4sk1fk1fl1.tiff,D05_s16,2,low,,2_low,train
HepatoPAC Islands 20260413,D05,17,r04c05f17p01-ch1sk1fk1fl1.tiff,r04c05f17p01-ch6sk1fk1fl1.tiff,r04c05f17p01-ch2sk1fk1fl1.tiff,r04c05f17p01-ch5sk1fk1fl1.tiff,r04c05f17p01-ch3sk1fk1fl1.tiff,r04c05f17p01-ch4sk1fk1fl1.tiff,D05_s17,2,low,,2_low,train
HepatoPAC Islands 20260413,D05,18,r04c05f18p01-ch1sk1fk1fl1.tiff,r04c05f18p01-ch6sk1fk1fl1.tiff,r04c05f18p01-ch2sk1fk1fl1.tiff,r04c05f18p01-ch5sk1fk1fl1.tiff,r04c05f18p01-ch3sk1fk1fl1.tiff,r04c05f18p01-ch4sk1fk1fl1.tiff,D05_s18,2,low,,2_low,train
HepatoPAC Islands 20260413,D05,19,r04c05f19p01-ch1sk1fk1fl1.tiff,r04c05f19p01-ch6sk1fk1fl1.tiff,r04c05f19p01-ch2sk1fk1fl1.tiff,r04c05f19p01-ch5sk1fk1fl1.tiff,r04c05f19p01-ch3sk1fk1fl1.tiff,r04c05f19p01-ch4sk1fk1fl1.tiff,D05_s19,2,low,,2_low,train
HepatoPAC Islands 20260413,D05,20,r04c05f20p01-ch1sk1fk1fl1.tiff,r04c05f20p01-ch6sk1fk1fl1.tiff,r04c05f20p01-ch2sk1fk1fl1.tiff,r04c05f20p01-ch5sk1fk1fl1.tiff,r04c05f20p01-ch3sk1fk1fl1.tiff,r04c05f20p01-ch4sk1fk1fl1.tiff,D05_s20,2,low,,2_low,train
HepatoPAC Islands 20260413,D05,21,r04c05f21p01-ch1sk1fk1fl1.tiff,r04c05f21p01-ch6sk1fk1fl1.tiff,r04c05f21p01-ch2sk1fk1fl1.tiff,r04c05f21p01-ch5sk1fk1fl1.tiff,r04c05f21p01-ch3sk1fk1fl1.tiff,r04c05f21p01-ch4sk1fk1fl1.tiff,D05_s21,2,low,,2_low,train
HepatoPAC Islands 20260413,D05,22,r04c05f22p01-ch1sk1fk1fl1.tiff,r04c05f22p01-ch6sk1fk1fl1.tiff,r04c05f22p01-ch2sk1fk1fl1.tiff,r04c05f22p01-ch5sk1fk1fl1.tiff,r04c05f22p01-ch3sk1fk1fl1.tiff,r04c05f22p01-ch4sk1fk1fl1.tiff,D05_s22,2,low,,2_low,train
HepatoPAC Islands 20260413,D05,23,r04c05f23p01-ch1sk1fk1fl1.tiff,r04c05f23p01-ch6sk1fk1fl1.tiff,r04c05f23p01-ch2sk1fk1fl1.tiff,r04c05f23p01-ch5sk1fk1fl1.tiff,r04c05f23p01-ch3sk1fk1fl1.tiff,r04c05f23p01-ch4sk1fk1fl1.tiff,D05_s23,2,low,,2_low,train
HepatoPAC Islands 20260413,D05,24,r04c05f24p01-ch1sk1fk1fl1.tiff,r04c05f24p01-ch6sk1fk1fl1.tiff,r04c05f24p01-ch2sk1fk1fl1.tiff,r04c05f24p01-ch5sk1fk1fl1.tiff,r04c05f24p01-ch3sk1fk1fl1.tiff,r04c05f24p01-ch4sk1fk1fl1.tiff,D05_s24,2,low,,2_low,train
HepatoPAC Islands 20260413,D05,25,r04c05f25p01-ch1sk1fk1fl1.tiff,r04c05f25p01-ch6sk1fk1fl1.tiff,r04c05f25p01-ch2sk1fk1fl1.tiff,r04c05f25p01-ch5sk1fk1fl1.tiff,r04c05f25p01-ch3sk1fk1fl1.tiff,r04c05f25p01-ch4sk1fk1fl1.tiff,D05_s25,2,low,,2_low,train
HepatoPAC Islands 20260413,D05,26,r04c05f26p01-ch1sk1fk1fl1.tiff,r04c05f26p01-ch6sk1fk1fl1.tiff,r04c05f26p01-ch2sk1fk1fl1.tiff,r04c05f26p01-ch5sk1fk1fl1.tiff,r04c05f26p01-ch3sk1fk1fl1.tiff,r04c05f26p01-ch4sk1fk1fl1.tiff,D05_s26,2,low,,2_low,train
HepatoPAC Islands 20260413,D05,27,r04c05f27p01-ch1sk1fk1fl1.tiff,r04c05f27p01-ch6sk1fk1fl1.tiff,r04c05f27p01-ch2sk1fk1fl1.tiff,r04c05f27p01-ch5sk1fk1fl1.tiff,r04c05f27p01-ch3sk1fk1fl1.tiff,r04c05f27p01-ch4sk1fk1fl1.tiff,D05_s27,2,low,,2_low,train
HepatoPAC Islands 20260413,D05,28,r04c05f28p01-ch1sk1fk1fl1.tiff,r04c05f28p01-ch6sk1fk1fl1.tiff,r04c05f28p01-ch2sk1fk1fl1.tiff,r04c05f28p01-ch5sk1fk1fl1.tiff,r04c05f28p01-ch3sk1fk1fl1.tiff,r04c05f28p01-ch4sk1fk1fl1.tiff,D05_s28,2,low,,2_low,train
HepatoPAC Islands 20260413,D05,29,r04c05f29p01-ch1sk1fk1fl1.tiff,r04c05f29p01-ch6sk1fk1fl1.tiff,r04c05f29p01-ch2sk1fk1fl1.tiff,r04c05f29p01-ch5sk1fk1fl1.tiff,r04c05f29p01-ch3sk1fk1fl1.tiff,r04c05f29p01-ch4sk1fk1fl1.tiff,D05_s29,2,low,,2_low,train
HepatoPAC Islands 20260413,D05,30,r04c05f30p01-ch1sk1fk1fl1.tiff,r04c05f30p01-ch6sk1fk1fl1.tiff,r04c05f30p01-ch2sk1fk1fl1.tiff,r04c05f30p01-ch5sk1fk1fl1.tiff,r04c05f30p01-ch3sk1fk1fl1.tiff,r04c05f30p01-ch4sk1fk1fl1.tiff,D05_s30,2,low,,2_low,train
HepatoPAC Islands 20260413,D05,31,r04c05f31p01-ch1sk1fk1fl1.tiff,r04c05f31p01-ch6sk1fk1fl1.tiff,r04c05f31p01-ch2sk1fk1fl1.tiff,r04c05f31p01-ch5sk1fk1fl1.tiff,r04c05f31p01-ch3sk1fk1fl1.tiff,r04c05f31p01-ch4sk1fk1fl1.tiff,D05_s31,2,low,,2_low,train
HepatoPAC Islands 20260413,D05,32,r04c05f32p01-ch1sk1fk1fl1.tiff,r04c05f32p01-ch6sk1fk1fl1.tiff,r04c05f32p01-ch2sk1fk1fl1.tiff,r04c05f32p01-ch5sk1fk1fl1.tiff,r04c05f32p01-ch3sk1fk1fl1.tiff,r04c05f32p01-ch4sk1fk1fl1.tiff,D05_s32,2,low,,2_low,train
HepatoPAC Islands 20260413,D05,33,r04c05f33p01-ch1sk1fk1fl1.tiff,r04c05f33p01-ch6sk1fk1fl1.tiff,r04c05f33p01-ch2sk1fk1fl1.tiff,r04c05f33p01-ch5sk1fk1fl1.tiff,r04c05f33p01-ch3sk1fk1fl1.tiff,r04c05f33p01-ch4sk1fk1fl1.tiff,D05_s33,2,low,,2_low,train
HepatoPAC Islands 20260413,D05,34,r04c05f34p01-ch1sk1fk1fl1.tiff,r04c05f34p01-ch6sk1fk1fl1.tiff,r04c05f34p01-ch2sk1fk1fl1.tiff,r04c05f34p01-ch5sk1fk1fl1.tiff,r04c05f34p01-ch3sk1fk1fl1.tiff,r04c05f34p01-ch4sk1fk1fl1.tiff,D05_s34,2,low,,2_low,train
HepatoPAC Islands 20260413,D05,35,r04c05f35p01-ch1sk1fk1fl1.tiff,r04c05f35p01-ch6sk1fk1fl1.tiff,r04c05f35p01-ch2sk1fk1fl1.tiff,r04c05f35p01-ch5sk1fk1fl1.tiff,r04c05f35p01-ch3sk1fk1fl1.tiff,r04c05f35p01-ch4sk1fk1fl1.tiff,D05_s35,2,low,,2_low,train
HepatoPAC Islands 20260413,D05,36,r04c05f36p01-ch1sk1fk1fl1.tiff,r04c05f36p01-ch6sk1fk1fl1.tiff,r04c05f36p01-ch2sk1fk1fl1.tiff,r04c05f36p01-ch5sk1fk1fl1.tiff,r04c05f36p01-ch3sk1fk1fl1.tiff,r04c05f36p01-ch4sk1fk1fl1.tiff,D05_s36,2,low,,2_low,train
HepatoPAC Islands 20260413,D05,37,r04c05f37p01-ch1sk1fk1fl1.tiff,r04c05f37p01-ch6sk1fk1fl1.tiff,r04c05f37p01-ch2sk1fk1fl1.tiff,r04c05f37p01-ch5sk1fk1fl1.tiff,r04c05f37p01-ch3sk1fk1fl1.tiff,r04c05f37p01-ch4sk1fk1fl1.tiff,D05_s37,2,low,,2_low,train
HepatoPAC Islands 20260413,D05,38,r04c05f38p01-ch1sk1fk1fl1.tiff,r04c05f38p01-ch6sk1fk1fl1.tiff,r04c05f38p01-ch2sk1fk1fl1.tiff,r04c05f38p01-ch5sk1fk1fl1.tiff,r04c05f38p01-ch3sk1fk1fl1.tiff,r04c05f38p01-ch4sk1fk1fl1.tiff,D05_s38,2,low,,2_low,train
HepatoPAC Islands 20260413,D05,39,r04c05f39p01-ch1sk1fk1fl1.tiff,r04c05f39p01-ch6sk1fk1fl1.tiff,r04c05f39p01-ch2sk1fk1fl1.tiff,r04c05f39p01-ch5sk1fk1fl1.tiff,r04c05f39p01-ch3sk1fk1fl1.tiff,r04c05f39p01-ch4sk1fk1fl1.tiff,D05_s39,2,low,,2_low,train
HepatoPAC Islands 20260413,D05,40,r04c05f40p01-ch1sk1fk1fl1.tiff,r04c05f40p01-ch6sk1fk1fl1.tiff,r04c05f40p01-ch2sk1fk1fl1.tiff,r04c05f40p01-ch5sk1fk1fl1.tiff,r04c05f40p01-ch3sk1fk1fl1.tiff,r04c05f40p01-ch4sk1fk1fl1.tiff,D05_s40,2,low,,2_low,train
HepatoPAC Islands 20260413,D05,41,r04c05f41p01-ch1sk1fk1fl1.tiff,r04c05f41p01-ch6sk1fk1fl1.tiff,r04c05f41p01-ch2sk1fk1fl1.tiff,r04c05f41p01-ch5sk1fk1fl1.tiff,r04c05f41p01-ch3sk1fk1fl1.tiff,r04c05f41p01-ch4sk1fk1fl1.tiff,D05_s41,2,low,,2_low,train
HepatoPAC Islands 20260413,D05,42,r04c05f42p01-ch1sk1fk1fl1.tiff,r04c05f42p01-ch6sk1fk1fl1.tiff,r04c05f42p01-ch2sk1fk1fl1.tiff,r04c05f42p01-ch5sk1fk1fl1.tiff,r04c05f42p01-ch3sk1fk1fl1.tiff,r04c05f42p01-ch4sk1fk1fl1.tiff,D05_s42,2,low,,2_low,train
HepatoPAC Islands 20260413,D05,43,r04c05f43p01-ch1sk1fk1fl1.tiff,r04c05f43p01-ch6sk1fk1fl1.tiff,r04c05f43p01-ch2sk1fk1fl1.tiff,r04c05f43p01-ch5sk1fk1fl1.tiff,r04c05f43p01-ch3sk1fk1fl1.tiff,r04c05f43p01-ch4sk1fk1fl1.tiff,D05_s43,2,low,,2_low,train
HepatoPAC Islands 20260413,D05,44,r04c05f44p01-ch1sk1fk1fl1.tiff,r04c05f44p01-ch6sk1fk1fl1.tiff,r04c05f44p01-ch2sk1fk1fl1.tiff,r04c05f44p01-ch5sk1fk1fl1.tiff,r04c05f44p01-ch3sk1fk1fl1.tiff,r04c05f44p01-ch4sk1fk1fl1.tiff,D05_s44,2,low,,2_low,train
HepatoPAC Islands 20260413,D05,45,r04c05f45p01-ch1sk1fk1fl1.tiff,r04c05f45p01-ch6sk1fk1fl1.tiff,r04c05f45p01-ch2sk1fk1fl1.tiff,r04c05f45p01-ch5sk1fk1fl1.tiff,r04c05f45p01-ch3sk1fk1fl1.tiff,r04c05f45p01-ch4sk1fk1fl1.tiff,D05_s45,2,low,,2_low,train
HepatoPAC Islands 20260413,D05,46,r04c05f46p01-ch1sk1fk1fl1.tiff,r04c05f46p01-ch6sk1fk1fl1.tiff,r04c05f46p01-ch2sk1fk1fl1.tiff,r04c05f46p01-ch5sk1fk1fl1.tiff,r04c05f46p01-ch3sk1fk1fl1.tiff,r04c05f46p01-ch4sk1fk1fl1.tiff,D05_s46,2,low,,2_low,train
HepatoPAC Islands 20260413,D05,47,r04c05f47p01-ch1sk1fk1fl1.tiff,r04c05f47p01-ch6sk1fk1fl1.tiff,r04c05f47p01-ch2sk1fk1fl1.tiff,r04c05f47p01-ch5sk1fk1fl1.tiff,r04c05f47p01-ch3sk1fk1fl1.tiff,r04c05f47p01-ch4sk1fk1fl1.tiff,D05_s47,2,low,,2_low,train
HepatoPAC Islands 20260413,D05,48,r04c05f48p01-ch1sk1fk1fl1.tiff,r04c05f48p01-ch6sk1fk1fl1.tiff,r04c05f48p01-ch2sk1fk1fl1.tiff,r04c05f48p01-ch5sk1fk1fl1.tiff,r04c05f48p01-ch3sk1fk1fl1.tiff,r04c05f48p01-ch4sk1fk1fl1.tiff,D05_s48,2,low,,2_low,train
HepatoPAC Islands 20260413,D05,49,r04c05f49p01-ch1sk1fk1fl1.tiff,r04c05f49p01-ch6sk1fk1fl1.tiff,r04c05f49p01-ch2sk1fk1fl1.tiff,r04c05f49p01-ch5sk1fk1fl1.tiff,r04c05f49p01-ch3sk1fk1fl1.tiff,r04c05f49p01-ch4sk1fk1fl1.tiff,D05_s49,2,low,,2_low,train
HepatoPAC Islands 20260413,D06,1,r04c06f01p01-ch1sk1fk1fl1.tiff,r04c06f01p01-ch6sk1fk1fl1.tiff,r04c06f01p01-ch2sk1fk1fl1.tiff,r04c06f01p01-ch5sk1fk1fl1.tiff,r04c06f01p01-ch3sk1fk1fl1.tiff,r04c06f01p01-ch4sk1fk1fl1.tiff,D06_s01,1,low,,1_low,train
HepatoPAC Islands 20260413,D06,2,r04c06f02p01-ch1sk1fk1fl1.tiff,r04c06f02p01-ch6sk1fk1fl1.tiff,r04c06f02p01-ch2sk1fk1fl1.tiff,r04c06f02p01-ch5sk1fk1fl1.tiff,r04c06f02p01-ch3sk1fk1fl1.tiff,r04c06f02p01-ch4sk1fk1fl1.tiff,D06_s02,1,low,,1_low,train
HepatoPAC Islands 20260413,D06,3,r04c06f03p01-ch1sk1fk1fl1.tiff,r04c06f03p01-ch6sk1fk1fl1.tiff,r04c06f03p01-ch2sk1fk1fl1.tiff,r04c06f03p01-ch5sk1fk1fl1.tiff,r04c06f03p01-ch3sk1fk1fl1.tiff,r04c06f03p01-ch4sk1fk1fl1.tiff,D06_s03,1,low,,1_low,train
HepatoPAC Islands 20260413,D06,4,r04c06f04p01-ch1sk1fk1fl1.tiff,r04c06f04p01-ch6sk1fk1fl1.tiff,r04c06f04p01-ch2sk1fk1fl1.tiff,r04c06f04p01-ch5sk1fk1fl1.tiff,r04c06f04p01-ch3sk1fk1fl1.tiff,r04c06f04p01-ch4sk1fk1fl1.tiff,D06_s04,1,low,,1_low,train
HepatoPAC Islands 20260413,D06,5,r04c06f05p01-ch1sk1fk1fl1.tiff,r04c06f05p01-ch6sk1fk1fl1.tiff,r04c06f05p01-ch2sk1fk1fl1.tiff,r04c06f05p01-ch5sk1fk1fl1.tiff,r04c06f05p01-ch3sk1fk1fl1.tiff,r04c06f05p01-ch4sk1fk1fl1.tiff,D06_s05,1,low,,1_low,train
HepatoPAC Islands 20260413,D06,6,r04c06f06p01-ch1sk1fk1fl1.tiff,r04c06f06p01-ch6sk1fk1fl1.tiff,r04c06f06p01-ch2sk1fk1fl1.tiff,r04c06f06p01-ch5sk1fk1fl1.tiff,r04c06f06p01-ch3sk1fk1fl1.tiff,r04c06f06p01-ch4sk1fk1fl1.tiff,D06_s06,1,low,,1_low,train
HepatoPAC Islands 20260413,D06,7,r04c06f07p01-ch1sk1fk1fl1.tiff,r04c06f07p01-ch6sk1fk1fl1.tiff,r04c06f07p01-ch2sk1fk1fl1.tiff,r04c06f07p01-ch5sk1fk1fl1.tiff,r04c06f07p01-ch3sk1fk1fl1.tiff,r04c06f07p01-ch4sk1fk1fl1.tiff,D06_s07,1,low,,1_low,train
HepatoPAC Islands 20260413,D06,8,r04c06f08p01-ch1sk1fk1fl1.tiff,r04c06f08p01-ch6sk1fk1fl1.tiff,r04c06f08p01-ch2sk1fk1fl1.tiff,r04c06f08p01-ch5sk1fk1fl1.tiff,r04c06f08p01-ch3sk1fk1fl1.tiff,r04c06f08p01-ch4sk1fk1fl1.tiff,D06_s08,1,low,,1_low,train
HepatoPAC Islands 20260413,D06,9,r04c06f09p01-ch1sk1fk1fl1.tiff,r04c06f09p01-ch6sk1fk1fl1.tiff,r04c06f09p01-ch2sk1fk1fl1.tiff,r04c06f09p01-ch5sk1fk1fl1.tiff,r04c06f09p01-ch3sk1fk1fl1.tiff,r04c06f09p01-ch4sk1fk1fl1.tiff,D06_s09,1,low,,1_low,train
HepatoPAC Islands 20260413,D06,10,r04c06f10p01-ch1sk1fk1fl1.tiff,r04c06f10p01-ch6sk1fk1fl1.tiff,r04c06f10p01-ch2sk1fk1fl1.tiff,r04c06f10p01-ch5sk1fk1fl1.tiff,r04c06f10p01-ch3sk1fk1fl1.tiff,r04c06f10p01-ch4sk1fk1fl1.tiff,D06_s10,1,low,,1_low,train
HepatoPAC Islands 20260413,D06,11,r04c06f11p01-ch1sk1fk1fl1.tiff,r04c06f11p01-ch6sk1fk1fl1.tiff,r04c06f11p01-ch2sk1fk1fl1.tiff,r04c06f11p01-ch5sk1fk1fl1.tiff,r04c06f11p01-ch3sk1fk1fl1.tiff,r04c06f11p01-ch4sk1fk1fl1.tiff,D06_s11,1,low,,1_low,train
HepatoPAC Islands 20260413,D06,12,r04c06f12p01-ch1sk1fk1fl1.tiff,r04c06f12p01-ch6sk1fk1fl1.tiff,r04c06f12p01-ch2sk1fk1fl1.tiff,r04c06f12p01-ch5sk1fk1fl1.tiff,r04c06f12p01-ch3sk1fk1fl1.tiff,r04c06f12p01-ch4sk1fk1fl1.tiff,D06_s12,1,low,,1_low,train
HepatoPAC Islands 20260413,D06,13,r04c06f13p01-ch1sk1fk1fl1.tiff,r04c06f13p01-ch6sk1fk1fl1.tiff,r04c06f13p01-ch2sk1fk1fl1.tiff,r04c06f13p01-ch5sk1fk1fl1.tiff,r04c06f13p01-ch3sk1fk1fl1.tiff,r04c06f13p01-ch4sk1fk1fl1.tiff,D06_s13,1,low,,1_low,train
HepatoPAC Islands 20260413,D06,14,r04c06f14p01-ch1sk1fk1fl1.tiff,r04c06f14p01-ch6sk1fk1fl1.tiff,r04c06f14p01-ch2sk1fk1fl1.tiff,r04c06f14p01-ch5sk1fk1fl1.tiff,r04c06f14p01-ch3sk1fk1fl1.tiff,r04c06f14p01-ch4sk1fk1fl1.tiff,D06_s14,1,low,,1_low,train
HepatoPAC Islands 20260413,D06,15,r04c06f15p01-ch1sk1fk1fl1.tiff,r04c06f15p01-ch6sk1fk1fl1.tiff,r04c06f15p01-ch2sk1fk1fl1.tiff,r04c06f15p01-ch5sk1fk1fl1.tiff,r04c06f15p01-ch3sk1fk1fl1.tiff,r04c06f15p01-ch4sk1fk1fl1.tiff,D06_s15,1,low,,1_low,train
HepatoPAC Islands 20260413,D06,16,r04c06f16p01-ch1sk1fk1fl1.tiff,r04c06f16p01-ch6sk1fk1fl1.tiff,r04c06f16p01-ch2sk1fk1fl1.tiff,r04c06f16p01-ch5sk1fk1fl1.tiff,r04c06f16p01-ch3sk1fk1fl1.tiff,r04c06f16p01-ch4sk1fk1fl1.tiff,D06_s16,1,low,,1_low,train
HepatoPAC Islands 20260413,D06,17,r04c06f17p01-ch1sk1fk1fl1.tiff,r04c06f17p01-ch6sk1fk1fl1.tiff,r04c06f17p01-ch2sk1fk1fl1.tiff,r04c06f17p01-ch5sk1fk1fl1.tiff,r04c06f17p01-ch3sk1fk1fl1.tiff,r04c06f17p01-ch4sk1fk1fl1.tiff,D06_s17,1,low,,1_low,train
HepatoPAC Islands 20260413,D06,18,r04c06f18p01-ch1sk1fk1fl1.tiff,r04c06f18p01-ch6sk1fk1fl1.tiff,r04c06f18p01-ch2sk1fk1fl1.tiff,r04c06f18p01-ch5sk1fk1fl1.tiff,r04c06f18p01-ch3sk1fk1fl1.tiff,r04c06f18p01-ch4sk1fk1fl1.tiff,D06_s18,1,low,,1_low,train
HepatoPAC Islands 20260413,D06,19,r04c06f19p01-ch1sk1fk1fl1.tiff,r04c06f19p01-ch6sk1fk1fl1.tiff,r04c06f19p01-ch2sk1fk1fl1.tiff,r04c06f19p01-ch5sk1fk1fl1.tiff,r04c06f19p01-ch3sk1fk1fl1.tiff,r04c06f19p01-ch4sk1fk1fl1.tiff,D06_s19,1,low,,1_low,train
HepatoPAC Islands 20260413,D06,20,r04c06f20p01-ch1sk1fk1fl1.tiff,r04c06f20p01-ch6sk1fk1fl1.tiff,r04c06f20p01-ch2sk1fk1fl1.tiff,r04c06f20p01-ch5sk1fk1fl1.tiff,r04c06f20p01-ch3sk1fk1fl1.tiff,r04c06f20p01-ch4sk1fk1fl1.tiff,D06_s20,1,low,,1_low,train
HepatoPAC Islands 20260413,D06,21,r04c06f21p01-ch1sk1fk1fl1.tiff,r04c06f21p01-ch6sk1fk1fl1.tiff,r04c06f21p01-ch2sk1fk1fl1.tiff,r04c06f21p01-ch5sk1fk1fl1.tiff,r04c06f21p01-ch3sk1fk1fl1.tiff,r04c06f21p01-ch4sk1fk1fl1.tiff,D06_s21,1,low,,1_low,train
HepatoPAC Islands 20260413,D06,22,r04c06f22p01-ch1sk1fk1fl1.tiff,r04c06f22p01-ch6sk1fk1fl1.tiff,r04c06f22p01-ch2sk1fk1fl1.tiff,r04c06f22p01-ch5sk1fk1fl1.tiff,r04c06f22p01-ch3sk1fk1fl1.tiff,r04c06f22p01-ch4sk1fk1fl1.tiff,D06_s22,1,low,,1_low,train
HepatoPAC Islands 20260413,D06,23,r04c06f23p01-ch1sk1fk1fl1.tiff,r04c06f23p01-ch6sk1fk1fl1.tiff,r04c06f23p01-ch2sk1fk1fl1.tiff,r04c06f23p01-ch5sk1fk1fl1.tiff,r04c06f23p01-ch3sk1fk1fl1.tiff,r04c06f23p01-ch4sk1fk1fl1.tiff,D06_s23,1,low,,1_low,train
HepatoPAC Islands 20260413,D06,24,r04c06f24p01-ch1sk1fk1fl1.tiff,r04c06f24p01-ch6sk1fk1fl1.tiff,r04c06f24p01-ch2sk1fk1fl1.tiff,r04c06f24p01-ch5sk1fk1fl1.tiff,r04c06f24p01-ch3sk1fk1fl1.tiff,r04c06f24p01-ch4sk1fk1fl1.tiff,D06_s24,1,low,,1_low,train
HepatoPAC Islands 20260413,D06,25,r04c06f25p01-ch1sk1fk1fl1.tiff,r04c06f25p01-ch6sk1fk1fl1.tiff,r04c06f25p01-ch2sk1fk1fl1.tiff,r04c06f25p01-ch5sk1fk1fl1.tiff,r04c06f25p01-ch3sk1fk1fl1.tiff,r04c06f25p01-ch4sk1fk1fl1.tiff,D06_s25,1,low,,1_low,train
HepatoPAC Islands 20260413,D06,26,r04c06f26p01-ch1sk1fk1fl1.tiff,r04c06f26p01-ch6sk1fk1fl1.tiff,r04c06f26p01-ch2sk1fk1fl1.tiff,r04c06f26p01-ch5sk1fk1fl1.tiff,r04c06f26p01-ch3sk1fk1fl1.tiff,r04c06f26p01-ch4sk1fk1fl1.tiff,D06_s26,1,low,,1_low,train
HepatoPAC Islands 20260413,D06,27,r04c06f27p01-ch1sk1fk1fl1.tiff,r04c06f27p01-ch6sk1fk1fl1.tiff,r04c06f27p01-ch2sk1fk1fl1.tiff,r04c06f27p01-ch5sk1fk1fl1.tiff,r04c06f27p01-ch3sk1fk1fl1.tiff,r04c06f27p01-ch4sk1fk1fl1.tiff,D06_s27,1,low,,1_low,train
HepatoPAC Islands 20260413,D06,28,r04c06f28p01-ch1sk1fk1fl1.tiff,r04c06f28p01-ch6sk1fk1fl1.tiff,r04c06f28p01-ch2sk1fk1fl1.tiff,r04c06f28p01-ch5sk1fk1fl1.tiff,r04c06f28p01-ch3sk1fk1fl1.tiff,r04c06f28p01-ch4sk1fk1fl1.tiff,D06_s28,1,low,,1_low,train
HepatoPAC Islands 20260413,D06,29,r04c06f29p01-ch1sk1fk1fl1.tiff,r04c06f29p01-ch6sk1fk1fl1.tiff,r04c06f29p01-ch2sk1fk1fl1.tiff,r04c06f29p01-ch5sk1fk1fl1.tiff,r04c06f29p01-ch3sk1fk1fl1.tiff,r04c06f29p01-ch4sk1fk1fl1.tiff,D06_s29,1,low,,1_low,train
HepatoPAC Islands 20260413,D06,30,r04c06f30p01-ch1sk1fk1fl1.tiff,r04c06f30p01-ch6sk1fk1fl1.tiff,r04c06f30p01-ch2sk1fk1fl1.tiff,r04c06f30p01-ch5sk1fk1fl1.tiff,r04c06f30p01-ch3sk1fk1fl1.tiff,r04c06f30p01-ch4sk1fk1fl1.tiff,D06_s30,1,low,,1_low,train
HepatoPAC Islands 20260413,D06,31,r04c06f31p01-ch1sk1fk1fl1.tiff,r04c06f31p01-ch6sk1fk1fl1.tiff,r04c06f31p01-ch2sk1fk1fl1.tiff,r04c06f31p01-ch5sk1fk1fl1.tiff,r04c06f31p01-ch3sk1fk1fl1.tiff,r04c06f31p01-ch4sk1fk1fl1.tiff,D06_s31,1,low,,1_low,train
HepatoPAC Islands 20260413,D06,32,r04c06f32p01-ch1sk1fk1fl1.tiff,r04c06f32p01-ch6sk1fk1fl1.tiff,r04c06f32p01-ch2sk1fk1fl1.tiff,r04c06f32p01-ch5sk1fk1fl1.tiff,r04c06f32p01-ch3sk1fk1fl1.tiff,r04c06f32p01-ch4sk1fk1fl1.tiff,D06_s32,1,low,,1_low,train
HepatoPAC Islands 20260413,D06,33,r04c06f33p01-ch1sk1fk1fl1.tiff,r04c06f33p01-ch6sk1fk1fl1.tiff,r04c06f33p01-ch2sk1fk1fl1.tiff,r04c06f33p01-ch5sk1fk1fl1.tiff,r04c06f33p01-ch3sk1fk1fl1.tiff,r04c06f33p01-ch4sk1fk1fl1.tiff,D06_s33,1,low,,1_low,train
HepatoPAC Islands 20260413,D06,34,r04c06f34p01-ch1sk1fk1fl1.tiff,r04c06f34p01-ch6sk1fk1fl1.tiff,r04c06f34p01-ch2sk1fk1fl1.tiff,r04c06f34p01-ch5sk1fk1fl1.tiff,r04c06f34p01-ch3sk1fk1fl1.tiff,r04c06f34p01-ch4sk1fk1fl1.tiff,D06_s34,1,low,,1_low,train
HepatoPAC Islands 20260413,D06,35,r04c06f35p01-ch1sk1fk1fl1.tiff,r04c06f35p01-ch6sk1fk1fl1.tiff,r04c06f35p01-ch2sk1fk1fl1.tiff,r04c06f35p01-ch5sk1fk1fl1.tiff,r04c06f35p01-ch3sk1fk1fl1.tiff,r04c06f35p01-ch4sk1fk1fl1.tiff,D06_s35,1,low,,1_low,train
HepatoPAC Islands 20260413,D06,36,r04c06f36p01-ch1sk1fk1fl1.tiff,r04c06f36p01-ch6sk1fk1fl1.tiff,r04c06f36p01-ch2sk1fk1fl1.tiff,r04c06f36p01-ch5sk1fk1fl1.tiff,r04c06f36p01-ch3sk1fk1fl1.tiff,r04c06f36p01-ch4sk1fk1fl1.tiff,D06_s36,1,low,,1_low,train
HepatoPAC Islands 20260413,D06,37,r04c06f37p01-ch1sk1fk1fl1.tiff,r04c06f37p01-ch6sk1fk1fl1.tiff,r04c06f37p01-ch2sk1fk1fl1.tiff,r04c06f37p01-ch5sk1fk1fl1.tiff,r04c06f37p01-ch3sk1fk1fl1.tiff,r04c06f37p01-ch4sk1fk1fl1.tiff,D06_s37,1,low,,1_low,train
HepatoPAC Islands 20260413,D06,38,r04c06f38p01-ch1sk1fk1fl1.tiff,r04c06f38p01-ch6sk1fk1fl1.tiff,r04c06f38p01-ch2sk1fk1fl1.tiff,r04c06f38p01-ch5sk1fk1fl1.tiff,r04c06f38p01-ch3sk1fk1fl1.tiff,r04c06f38p01-ch4sk1fk1fl1.tiff,D06_s38,1,low,,1_low,train
HepatoPAC Islands 20260413,D06,39,r04c06f39p01-ch1sk1fk1fl1.tiff,r04c06f39p01-ch6sk1fk1fl1.tiff,r04c06f39p01-ch2sk1fk1fl1.tiff,r04c06f39p01-ch5sk1fk1fl1.tiff,r04c06f39p01-ch3sk1fk1fl1.tiff,r04c06f39p01-ch4sk1fk1fl1.tiff,D06_s39,1,low,,1_low,train
HepatoPAC Islands 20260413,D06,40,r04c06f40p01-ch1sk1fk1fl1.tiff,r04c06f40p01-ch6sk1fk1fl1.tiff,r04c06f40p01-ch2sk1fk1fl1.tiff,r04c06f40p01-ch5sk1fk1fl1.tiff,r04c06f40p01-ch3sk1fk1fl1.tiff,r04c06f40p01-ch4sk1fk1fl1.tiff,D06_s40,1,low,,1_low,train
HepatoPAC Islands 20260413,D06,41,r04c06f41p01-ch1sk1fk1fl1.tiff,r04c06f41p01-ch6sk1fk1fl1.tiff,r04c06f41p01-ch2sk1fk1fl1.tiff,r04c06f41p01-ch5sk1fk1fl1.tiff,r04c06f41p01-ch3sk1fk1fl1.tiff,r04c06f41p01-ch4sk1fk1fl1.tiff,D06_s41,1,low,,1_low,train
HepatoPAC Islands 20260413,D06,42,r04c06f42p01-ch1sk1fk1fl1.tiff,r04c06f42p01-ch6sk1fk1fl1.tiff,r04c06f42p01-ch2sk1fk1fl1.tiff,r04c06f42p01-ch5sk1fk1fl1.tiff,r04c06f42p01-ch3sk1fk1fl1.tiff,r04c06f42p01-ch4sk1fk1fl1.tiff,D06_s42,1,low,,1_low,train
HepatoPAC Islands 20260413,D06,43,r04c06f43p01-ch1sk1fk1fl1.tiff,r04c06f43p01-ch6sk1fk1fl1.tiff,r04c06f43p01-ch2sk1fk1fl1.tiff,r04c06f43p01-ch5sk1fk1fl1.tiff,r04c06f43p01-ch3sk1fk1fl1.tiff,r04c06f43p01-ch4sk1fk1fl1.tiff,D06_s43,1,low,,1_low,train
HepatoPAC Islands 20260413,D06,44,r04c06f44p01-ch1sk1fk1fl1.tiff,r04c06f44p01-ch6sk1fk1fl1.tiff,r04c06f44p01-ch2sk1fk1fl1.tiff,r04c06f44p01-ch5sk1fk1fl1.tiff,r04c06f44p01-ch3sk1fk1fl1.tiff,r04c06f44p01-ch4sk1fk1fl1.tiff,D06_s44,1,low,,1_low,train
HepatoPAC Islands 20260413,D06,45,r04c06f45p01-ch1sk1fk1fl1.tiff,r04c06f45p01-ch6sk1fk1fl1.tiff,r04c06f45p01-ch2sk1fk1fl1.tiff,r04c06f45p01-ch5sk1fk1fl1.tiff,r04c06f45p01-ch3sk1fk1fl1.tiff,r04c06f45p01-ch4sk1fk1fl1.tiff,D06_s45,1,low,,1_low,train
HepatoPAC Islands 20260413,D06,46,r04c06f46p01-ch1sk1fk1fl1.tiff,r04c06f46p01-ch6sk1fk1fl1.tiff,r04c06f46p01-ch2sk1fk1fl1.tiff,r04c06f46p01-ch5sk1fk1fl1.tiff,r04c06f46p01-ch3sk1fk1fl1.tiff,r04c06f46p01-ch4sk1fk1fl1.tiff,D06_s46,1,low,,1_low,train
HepatoPAC Islands 20260413,D06,47,r04c06f47p01-ch1sk1fk1fl1.tiff,r04c06f47p01-ch6sk1fk1fl1.tiff,r04c06f47p01-ch2sk1fk1fl1.tiff,r04c06f47p01-ch5sk1fk1fl1.tiff,r04c06f47p01-ch3sk1fk1fl1.tiff,r04c06f47p01-ch4sk1fk1fl1.tiff,D06_s47,1,low,,1_low,train
HepatoPAC Islands 20260413,D06,48,r04c06f48p01-ch1sk1fk1fl1.tiff,r04c06f48p01-ch6sk1fk1fl1.tiff,r04c06f48p01-ch2sk1fk1fl1.tiff,r04c06f48p01-ch5sk1fk1fl1.tiff,r04c06f48p01-ch3sk1fk1fl1.tiff,r04c06f48p01-ch4sk1fk1fl1.tiff,D06_s48,1,low,,1_low,train
HepatoPAC Islands 20260413,D06,49,r04c06f49p01-ch1sk1fk1fl1.tiff,r04c06f49p01-ch6sk1fk1fl1.tiff,r04c06f49p01-ch2sk1fk1fl1.tiff,r04c06f49p01-ch5sk1fk1fl1.tiff,r04c06f49p01-ch3sk1fk1fl1.tiff,r04c06f49p01-ch4sk1fk1fl1.tiff,D06_s49,1,low,,1_low,train
HepatoPAC Islands 20260413,E01,1,r05c01f01p01-ch1sk1fk1fl1.tiff,r05c01f01p01-ch6sk1fk1fl1.tiff,r05c01f01p01-ch2sk1fk1fl1.tiff,r05c01f01p01-ch5sk1fk1fl1.tiff,r05c01f01p01-ch3sk1fk1fl1.tiff,r05c01f01p01-ch4sk1fk1fl1.tiff,E01_s01,1,high,,1_high,val
HepatoPAC Islands 20260413,E01,2,r05c01f02p01-ch1sk1fk1fl1.tiff,r05c01f02p01-ch6sk1fk1fl1.tiff,r05c01f02p01-ch2sk1fk1fl1.tiff,r05c01f02p01-ch5sk1fk1fl1.tiff,r05c01f02p01-ch3sk1fk1fl1.tiff,r05c01f02p01-ch4sk1fk1fl1.tiff,E01_s02,1,high,,1_high,val
HepatoPAC Islands 20260413,E01,3,r05c01f03p01-ch1sk1fk1fl1.tiff,r05c01f03p01-ch6sk1fk1fl1.tiff,r05c01f03p01-ch2sk1fk1fl1.tiff,r05c01f03p01-ch5sk1fk1fl1.tiff,r05c01f03p01-ch3sk1fk1fl1.tiff,r05c01f03p01-ch4sk1fk1fl1.tiff,E01_s03,1,high,,1_high,val
HepatoPAC Islands 20260413,E01,4,r05c01f04p01-ch1sk1fk1fl1.tiff,r05c01f04p01-ch6sk1fk1fl1.tiff,r05c01f04p01-ch2sk1fk1fl1.tiff,r05c01f04p01-ch5sk1fk1fl1.tiff,r05c01f04p01-ch3sk1fk1fl1.tiff,r05c01f04p01-ch4sk1fk1fl1.tiff,E01_s04,1,high,,1_high,val
HepatoPAC Islands 20260413,E01,5,r05c01f05p01-ch1sk1fk1fl1.tiff,r05c01f05p01-ch6sk1fk1fl1.tiff,r05c01f05p01-ch2sk1fk1fl1.tiff,r05c01f05p01-ch5sk1fk1fl1.tiff,r05c01f05p01-ch3sk1fk1fl1.tiff,r05c01f05p01-ch4sk1fk1fl1.tiff,E01_s05,1,high,,1_high,val
HepatoPAC Islands 20260413,E01,6,r05c01f06p01-ch1sk1fk1fl1.tiff,r05c01f06p01-ch6sk1fk1fl1.tiff,r05c01f06p01-ch2sk1fk1fl1.tiff,r05c01f06p01-ch5sk1fk1fl1.tiff,r05c01f06p01-ch3sk1fk1fl1.tiff,r05c01f06p01-ch4sk1fk1fl1.tiff,E01_s06,1,high,,1_high,val
HepatoPAC Islands 20260413,E01,7,r05c01f07p01-ch1sk1fk1fl1.tiff,r05c01f07p01-ch6sk1fk1fl1.tiff,r05c01f07p01-ch2sk1fk1fl1.tiff,r05c01f07p01-ch5sk1fk1fl1.tiff,r05c01f07p01-ch3sk1fk1fl1.tiff,r05c01f07p01-ch4sk1fk1fl1.tiff,E01_s07,1,high,,1_high,val
HepatoPAC Islands 20260413,E01,8,r05c01f08p01-ch1sk1fk1fl1.tiff,r05c01f08p01-ch6sk1fk1fl1.tiff,r05c01f08p01-ch2sk1fk1fl1.tiff,r05c01f08p01-ch5sk1fk1fl1.tiff,r05c01f08p01-ch3sk1fk1fl1.tiff,r05c01f08p01-ch4sk1fk1fl1.tiff,E01_s08,1,high,,1_high,val
HepatoPAC Islands 20260413,E01,9,r05c01f09p01-ch1sk1fk1fl1.tiff,r05c01f09p01-ch6sk1fk1fl1.tiff,r05c01f09p01-ch2sk1fk1fl1.tiff,r05c01f09p01-ch5sk1fk1fl1.tiff,r05c01f09p01-ch3sk1fk1fl1.tiff,r05c01f09p01-ch4sk1fk1fl1.tiff,E01_s09,1,high,,1_high,val
HepatoPAC Islands 20260413,E01,10,r05c01f10p01-ch1sk1fk1fl1.tiff,r05c01f10p01-ch6sk1fk1fl1.tiff,r05c01f10p01-ch2sk1fk1fl1.tiff,r05c01f10p01-ch5sk1fk1fl1.tiff,r05c01f10p01-ch3sk1fk1fl1.tiff,r05c01f10p01-ch4sk1fk1fl1.tiff,E01_s10,1,high,,1_high,val
HepatoPAC Islands 20260413,E01,11,r05c01f11p01-ch1sk1fk1fl1.tiff,r05c01f11p01-ch6sk1fk1fl1.tiff,r05c01f11p01-ch2sk1fk1fl1.tiff,r05c01f11p01-ch5sk1fk1fl1.tiff,r05c01f11p01-ch3sk1fk1fl1.tiff,r05c01f11p01-ch4sk1fk1fl1.tiff,E01_s11,1,high,,1_high,val
HepatoPAC Islands 20260413,E01,12,r05c01f12p01-ch1sk1fk1fl1.tiff,r05c01f12p01-ch6sk1fk1fl1.tiff,r05c01f12p01-ch2sk1fk1fl1.tiff,r05c01f12p01-ch5sk1fk1fl1.tiff,r05c01f12p01-ch3sk1fk1fl1.tiff,r05c01f12p01-ch4sk1fk1fl1.tiff,E01_s12,1,high,,1_high,val
HepatoPAC Islands 20260413,E01,13,r05c01f13p01-ch1sk1fk1fl1.tiff,r05c01f13p01-ch6sk1fk1fl1.tiff,r05c01f13p01-ch2sk1fk1fl1.tiff,r05c01f13p01-ch5sk1fk1fl1.tiff,r05c01f13p01-ch3sk1fk1fl1.tiff,r05c01f13p01-ch4sk1fk1fl1.tiff,E01_s13,1,high,,1_high,val
HepatoPAC Islands 20260413,E01,14,r05c01f14p01-ch1sk1fk1fl1.tiff,r05c01f14p01-ch6sk1fk1fl1.tiff,r05c01f14p01-ch2sk1fk1fl1.tiff,r05c01f14p01-ch5sk1fk1fl1.tiff,r05c01f14p01-ch3sk1fk1fl1.tiff,r05c01f14p01-ch4sk1fk1fl1.tiff,E01_s14,1,high,,1_high,val
HepatoPAC Islands 20260413,E01,15,r05c01f15p01-ch1sk1fk1fl1.tiff,r05c01f15p01-ch6sk1fk1fl1.tiff,r05c01f15p01-ch2sk1fk1fl1.tiff,r05c01f15p01-ch5sk1fk1fl1.tiff,r05c01f15p01-ch3sk1fk1fl1.tiff,r05c01f15p01-ch4sk1fk1fl1.tiff,E01_s15,1,high,,1_high,val
HepatoPAC Islands 20260413,E01,16,r05c01f16p01-ch1sk1fk1fl1.tiff,r05c01f16p01-ch6sk1fk1fl1.tiff,r05c01f16p01-ch2sk1fk1fl1.tiff,r05c01f16p01-ch5sk1fk1fl1.tiff,r05c01f16p01-ch3sk1fk1fl1.tiff,r05c01f16p01-ch4sk1fk1fl1.tiff,E01_s16,1,high,,1_high,val
HepatoPAC Islands 20260413,E01,17,r05c01f17p01-ch1sk1fk1fl1.tiff,r05c01f17p01-ch6sk1fk1fl1.tiff,r05c01f17p01-ch2sk1fk1fl1.tiff,r05c01f17p01-ch5sk1fk1fl1.tiff,r05c01f17p01-ch3sk1fk1fl1.tiff,r05c01f17p01-ch4sk1fk1fl1.tiff,E01_s17,1,high,,1_high,val
HepatoPAC Islands 20260413,E01,18,r05c01f18p01-ch1sk1fk1fl1.tiff,r05c01f18p01-ch6sk1fk1fl1.tiff,r05c01f18p01-ch2sk1fk1fl1.tiff,r05c01f18p01-ch5sk1fk1fl1.tiff,r05c01f18p01-ch3sk1fk1fl1.tiff,r05c01f18p01-ch4sk1fk1fl1.tiff,E01_s18,1,high,,1_high,val
HepatoPAC Islands 20260413,E01,19,r05c01f19p01-ch1sk1fk1fl1.tiff,r05c01f19p01-ch6sk1fk1fl1.tiff,r05c01f19p01-ch2sk1fk1fl1.tiff,r05c01f19p01-ch5sk1fk1fl1.tiff,r05c01f19p01-ch3sk1fk1fl1.tiff,r05c01f19p01-ch4sk1fk1fl1.tiff,E01_s19,1,high,,1_high,val
HepatoPAC Islands 20260413,E01,20,r05c01f20p01-ch1sk1fk1fl1.tiff,r05c01f20p01-ch6sk1fk1fl1.tiff,r05c01f20p01-ch2sk1fk1fl1.tiff,r05c01f20p01-ch5sk1fk1fl1.tiff,r05c01f20p01-ch3sk1fk1fl1.tiff,r05c01f20p01-ch4sk1fk1fl1.tiff,E01_s20,1,high,,1_high,val
HepatoPAC Islands 20260413,E01,21,r05c01f21p01-ch1sk1fk1fl1.tiff,r05c01f21p01-ch6sk1fk1fl1.tiff,r05c01f21p01-ch2sk1fk1fl1.tiff,r05c01f21p01-ch5sk1fk1fl1.tiff,r05c01f21p01-ch3sk1fk1fl1.tiff,r05c01f21p01-ch4sk1fk1fl1.tiff,E01_s21,1,high,,1_high,val
HepatoPAC Islands 20260413,E01,22,r05c01f22p01-ch1sk1fk1fl1.tiff,r05c01f22p01-ch6sk1fk1fl1.tiff,r05c01f22p01-ch2sk1fk1fl1.tiff,r05c01f22p01-ch5sk1fk1fl1.tiff,r05c01f22p01-ch3sk1fk1fl1.tiff,r05c01f22p01-ch4sk1fk1fl1.tiff,E01_s22,1,high,,1_high,val
HepatoPAC Islands 20260413,E01,23,r05c01f23p01-ch1sk1fk1fl1.tiff,r05c01f23p01-ch6sk1fk1fl1.tiff,r05c01f23p01-ch2sk1fk1fl1.tiff,r05c01f23p01-ch5sk1fk1fl1.tiff,r05c01f23p01-ch3sk1fk1fl1.tiff,r05c01f23p01-ch4sk1fk1fl1.tiff,E01_s23,1,high,,1_high,val
HepatoPAC Islands 20260413,E01,24,r05c01f24p01-ch1sk1fk1fl1.tiff,r05c01f24p01-ch6sk1fk1fl1.tiff,r05c01f24p01-ch2sk1fk1fl1.tiff,r05c01f24p01-ch5sk1fk1fl1.tiff,r05c01f24p01-ch3sk1fk1fl1.tiff,r05c01f24p01-ch4sk1fk1fl1.tiff,E01_s24,1,high,,1_high,val
HepatoPAC Islands 20260413,E01,25,r05c01f25p01-ch1sk1fk1fl1.tiff,r05c01f25p01-ch6sk1fk1fl1.tiff,r05c01f25p01-ch2sk1fk1fl1.tiff,r05c01f25p01-ch5sk1fk1fl1.tiff,r05c01f25p01-ch3sk1fk1fl1.tiff,r05c01f25p01-ch4sk1fk1fl1.tiff,E01_s25,1,high,,1_high,val
HepatoPAC Islands 20260413,E01,26,r05c01f26p01-ch1sk1fk1fl1.tiff,r05c01f26p01-ch6sk1fk1fl1.tiff,r05c01f26p01-ch2sk1fk1fl1.tiff,r05c01f26p01-ch5sk1fk1fl1.tiff,r05c01f26p01-ch3sk1fk1fl1.tiff,r05c01f26p01-ch4sk1fk1fl1.tiff,E01_s26,1,high,,1_high,val
HepatoPAC Islands 20260413,E01,27,r05c01f27p01-ch1sk1fk1fl1.tiff,r05c01f27p01-ch6sk1fk1fl1.tiff,r05c01f27p01-ch2sk1fk1fl1.tiff,r05c01f27p01-ch5sk1fk1fl1.tiff,r05c01f27p01-ch3sk1fk1fl1.tiff,r05c01f27p01-ch4sk1fk1fl1.tiff,E01_s27,1,high,,1_high,val
HepatoPAC Islands 20260413,E01,28,r05c01f28p01-ch1sk1fk1fl1.tiff,r05c01f28p01-ch6sk1fk1fl1.tiff,r05c01f28p01-ch2sk1fk1fl1.tiff,r05c01f28p01-ch5sk1fk1fl1.tiff,r05c01f28p01-ch3sk1fk1fl1.tiff,r05c01f28p01-ch4sk1fk1fl1.tiff,E01_s28,1,high,,1_high,val
HepatoPAC Islands 20260413,E01,29,r05c01f29p01-ch1sk1fk1fl1.tiff,r05c01f29p01-ch6sk1fk1fl1.tiff,r05c01f29p01-ch2sk1fk1fl1.tiff,r05c01f29p01-ch5sk1fk1fl1.tiff,r05c01f29p01-ch3sk1fk1fl1.tiff,r05c01f29p01-ch4sk1fk1fl1.tiff,E01_s29,1,high,,1_high,val
HepatoPAC Islands 20260413,E01,30,r05c01f30p01-ch1sk1fk1fl1.tiff,r05c01f30p01-ch6sk1fk1fl1.tiff,r05c01f30p01-ch2sk1fk1fl1.tiff,r05c01f30p01-ch5sk1fk1fl1.tiff,r05c01f30p01-ch3sk1fk1fl1.tiff,r05c01f30p01-ch4sk1fk1fl1.tiff,E01_s30,1,high,,1_high,val
HepatoPAC Islands 20260413,E01,31,r05c01f31p01-ch1sk1fk1fl1.tiff,r05c01f31p01-ch6sk1fk1fl1.tiff,r05c01f31p01-ch2sk1fk1fl1.tiff,r05c01f31p01-ch5sk1fk1fl1.tiff,r05c01f31p01-ch3sk1fk1fl1.tiff,r05c01f31p01-ch4sk1fk1fl1.tiff,E01_s31,1,high,,1_high,val
HepatoPAC Islands 20260413,E01,32,r05c01f32p01-ch1sk1fk1fl1.tiff,r05c01f32p01-ch6sk1fk1fl1.tiff,r05c01f32p01-ch2sk1fk1fl1.tiff,r05c01f32p01-ch5sk1fk1fl1.tiff,r05c01f32p01-ch3sk1fk1fl1.tiff,r05c01f32p01-ch4sk1fk1fl1.tiff,E01_s32,1,high,,1_high,val
HepatoPAC Islands 20260413,E01,33,r05c01f33p01-ch1sk1fk1fl1.tiff,r05c01f33p01-ch6sk1fk1fl1.tiff,r05c01f33p01-ch2sk1fk1fl1.tiff,r05c01f33p01-ch5sk1fk1fl1.tiff,r05c01f33p01-ch3sk1fk1fl1.tiff,r05c01f33p01-ch4sk1fk1fl1.tiff,E01_s33,1,high,,1_high,val
HepatoPAC Islands 20260413,E01,34,r05c01f34p01-ch1sk1fk1fl1.tiff,r05c01f34p01-ch6sk1fk1fl1.tiff,r05c01f34p01-ch2sk1fk1fl1.tiff,r05c01f34p01-ch5sk1fk1fl1.tiff,r05c01f34p01-ch3sk1fk1fl1.tiff,r05c01f34p01-ch4sk1fk1fl1.tiff,E01_s34,1,high,,1_high,val
HepatoPAC Islands 20260413,E01,35,r05c01f35p01-ch1sk1fk1fl1.tiff,r05c01f35p01-ch6sk1fk1fl1.tiff,r05c01f35p01-ch2sk1fk1fl1.tiff,r05c01f35p01-ch5sk1fk1fl1.tiff,r05c01f35p01-ch3sk1fk1fl1.tiff,r05c01f35p01-ch4sk1fk1fl1.tiff,E01_s35,1,high,,1_high,val
HepatoPAC Islands 20260413,E01,36,r05c01f36p01-ch1sk1fk1fl1.tiff,r05c01f36p01-ch6sk1fk1fl1.tiff,r05c01f36p01-ch2sk1fk1fl1.tiff,r05c01f36p01-ch5sk1fk1fl1.tiff,r05c01f36p01-ch3sk1fk1fl1.tiff,r05c01f36p01-ch4sk1fk1fl1.tiff,E01_s36,1,high,,1_high,val
HepatoPAC Islands 20260413,E01,37,r05c01f37p01-ch1sk1fk1fl1.tiff,r05c01f37p01-ch6sk1fk1fl1.tiff,r05c01f37p01-ch2sk1fk1fl1.tiff,r05c01f37p01-ch5sk1fk1fl1.tiff,r05c01f37p01-ch3sk1fk1fl1.tiff,r05c01f37p01-ch4sk1fk1fl1.tiff,E01_s37,1,high,,1_high,val
HepatoPAC Islands 20260413,E01,38,r05c01f38p01-ch1sk1fk1fl1.tiff,r05c01f38p01-ch6sk1fk1fl1.tiff,r05c01f38p01-ch2sk1fk1fl1.tiff,r05c01f38p01-ch5sk1fk1fl1.tiff,r05c01f38p01-ch3sk1fk1fl1.tiff,r05c01f38p01-ch4sk1fk1fl1.tiff,E01_s38,1,high,,1_high,val
HepatoPAC Islands 20260413,E01,39,r05c01f39p01-ch1sk1fk1fl1.tiff,r05c01f39p01-ch6sk1fk1fl1.tiff,r05c01f39p01-ch2sk1fk1fl1.tiff,r05c01f39p01-ch5sk1fk1fl1.tiff,r05c01f39p01-ch3sk1fk1fl1.tiff,r05c01f39p01-ch4sk1fk1fl1.tiff,E01_s39,1,high,,1_high,val
HepatoPAC Islands 20260413,E01,40,r05c01f40p01-ch1sk1fk1fl1.tiff,r05c01f40p01-ch6sk1fk1fl1.tiff,r05c01f40p01-ch2sk1fk1fl1.tiff,r05c01f40p01-ch5sk1fk1fl1.tiff,r05c01f40p01-ch3sk1fk1fl1.tiff,r05c01f40p01-ch4sk1fk1fl1.tiff,E01_s40,1,high,,1_high,val
HepatoPAC Islands 20260413,E01,41,r05c01f41p01-ch1sk1fk1fl1.tiff,r05c01f41p01-ch6sk1fk1fl1.tiff,r05c01f41p01-ch2sk1fk1fl1.tiff,r05c01f41p01-ch5sk1fk1fl1.tiff,r05c01f41p01-ch3sk1fk1fl1.tiff,r05c01f41p01-ch4sk1fk1fl1.tiff,E01_s41,1,high,,1_high,val
HepatoPAC Islands 20260413,E01,42,r05c01f42p01-ch1sk1fk1fl1.tiff,r05c01f42p01-ch6sk1fk1fl1.tiff,r05c01f42p01-ch2sk1fk1fl1.tiff,r05c01f42p01-ch5sk1fk1fl1.tiff,r05c01f42p01-ch3sk1fk1fl1.tiff,r05c01f42p01-ch4sk1fk1fl1.tiff,E01_s42,1,high,,1_high,val
HepatoPAC Islands 20260413,E01,43,r05c01f43p01-ch1sk1fk1fl1.tiff,r05c01f43p01-ch6sk1fk1fl1.tiff,r05c01f43p01-ch2sk1fk1fl1.tiff,r05c01f43p01-ch5sk1fk1fl1.tiff,r05c01f43p01-ch3sk1fk1fl1.tiff,r05c01f43p01-ch4sk1fk1fl1.tiff,E01_s43,1,high,,1_high,val
HepatoPAC Islands 20260413,E01,44,r05c01f44p01-ch1sk1fk1fl1.tiff,r05c01f44p01-ch6sk1fk1fl1.tiff,r05c01f44p01-ch2sk1fk1fl1.tiff,r05c01f44p01-ch5sk1fk1fl1.tiff,r05c01f44p01-ch3sk1fk1fl1.tiff,r05c01f44p01-ch4sk1fk1fl1.tiff,E01_s44,1,high,,1_high,val
HepatoPAC Islands 20260413,E01,45,r05c01f45p01-ch1sk1fk1fl1.tiff,r05c01f45p01-ch6sk1fk1fl1.tiff,r05c01f45p01-ch2sk1fk1fl1.tiff,r05c01f45p01-ch5sk1fk1fl1.tiff,r05c01f45p01-ch3sk1fk1fl1.tiff,r05c01f45p01-ch4sk1fk1fl1.tiff,E01_s45,1,high,,1_high,val
HepatoPAC Islands 20260413,E01,46,r05c01f46p01-ch1sk1fk1fl1.tiff,r05c01f46p01-ch6sk1fk1fl1.tiff,r05c01f46p01-ch2sk1fk1fl1.tiff,r05c01f46p01-ch5sk1fk1fl1.tiff,r05c01f46p01-ch3sk1fk1fl1.tiff,r05c01f46p01-ch4sk1fk1fl1.tiff,E01_s46,1,high,,1_high,val
HepatoPAC Islands 20260413,E01,47,r05c01f47p01-ch1sk1fk1fl1.tiff,r05c01f47p01-ch6sk1fk1fl1.tiff,r05c01f47p01-ch2sk1fk1fl1.tiff,r05c01f47p01-ch5sk1fk1fl1.tiff,r05c01f47p01-ch3sk1fk1fl1.tiff,r05c01f47p01-ch4sk1fk1fl1.tiff,E01_s47,1,high,,1_high,val
HepatoPAC Islands 20260413,E01,48,r05c01f48p01-ch1sk1fk1fl1.tiff,r05c01f48p01-ch6sk1fk1fl1.tiff,r05c01f48p01-ch2sk1fk1fl1.tiff,r05c01f48p01-ch5sk1fk1fl1.tiff,r05c01f48p01-ch3sk1fk1fl1.tiff,r05c01f48p01-ch4sk1fk1fl1.tiff,E01_s48,1,high,,1_high,val
HepatoPAC Islands 20260413,E01,49,r05c01f49p01-ch1sk1fk1fl1.tiff,r05c01f49p01-ch6sk1fk1fl1.tiff,r05c01f49p01-ch2sk1fk1fl1.tiff,r05c01f49p01-ch5sk1fk1fl1.tiff,r05c01f49p01-ch3sk1fk1fl1.tiff,r05c01f49p01-ch4sk1fk1fl1.tiff,E01_s49,1,high,,1_high,val
HepatoPAC Islands 20260413,E02,1,r05c02f01p01-ch1sk1fk1fl1.tiff,r05c02f01p01-ch6sk1fk1fl1.tiff,r05c02f01p01-ch2sk1fk1fl1.tiff,r05c02f01p01-ch5sk1fk1fl1.tiff,r05c02f01p01-ch3sk1fk1fl1.tiff,r05c02f01p01-ch4sk1fk1fl1.tiff,E02_s01,2,high,,2_high,train
HepatoPAC Islands 20260413,E02,2,r05c02f02p01-ch1sk1fk1fl1.tiff,r05c02f02p01-ch6sk1fk1fl1.tiff,r05c02f02p01-ch2sk1fk1fl1.tiff,r05c02f02p01-ch5sk1fk1fl1.tiff,r05c02f02p01-ch3sk1fk1fl1.tiff,r05c02f02p01-ch4sk1fk1fl1.tiff,E02_s02,2,high,,2_high,train
HepatoPAC Islands 20260413,E02,3,r05c02f03p01-ch1sk1fk1fl1.tiff,r05c02f03p01-ch6sk1fk1fl1.tiff,r05c02f03p01-ch2sk1fk1fl1.tiff,r05c02f03p01-ch5sk1fk1fl1.tiff,r05c02f03p01-ch3sk1fk1fl1.tiff,r05c02f03p01-ch4sk1fk1fl1.tiff,E02_s03,2,high,,2_high,train
HepatoPAC Islands 20260413,E02,4,r05c02f04p01-ch1sk1fk1fl1.tiff,r05c02f04p01-ch6sk1fk1fl1.tiff,r05c02f04p01-ch2sk1fk1fl1.tiff,r05c02f04p01-ch5sk1fk1fl1.tiff,r05c02f04p01-ch3sk1fk1fl1.tiff,r05c02f04p01-ch4sk1fk1fl1.tiff,E02_s04,2,high,,2_high,train
HepatoPAC Islands 20260413,E02,5,r05c02f05p01-ch1sk1fk1fl1.tiff,r05c02f05p01-ch6sk1fk1fl1.tiff,r05c02f05p01-ch2sk1fk1fl1.tiff,r05c02f05p01-ch5sk1fk1fl1.tiff,r05c02f05p01-ch3sk1fk1fl1.tiff,r05c02f05p01-ch4sk1fk1fl1.tiff,E02_s05,2,high,,2_high,train
HepatoPAC Islands 20260413,E02,6,r05c02f06p01-ch1sk1fk1fl1.tiff,r05c02f06p01-ch6sk1fk1fl1.tiff,r05c02f06p01-ch2sk1fk1fl1.tiff,r05c02f06p01-ch5sk1fk1fl1.tiff,r05c02f06p01-ch3sk1fk1fl1.tiff,r05c02f06p01-ch4sk1fk1fl1.tiff,E02_s06,2,high,,2_high,train
HepatoPAC Islands 20260413,E02,7,r05c02f07p01-ch1sk1fk1fl1.tiff,r05c02f07p01-ch6sk1fk1fl1.tiff,r05c02f07p01-ch2sk1fk1fl1.tiff,r05c02f07p01-ch5sk1fk1fl1.tiff,r05c02f07p01-ch3sk1fk1fl1.tiff,r05c02f07p01-ch4sk1fk1fl1.tiff,E02_s07,2,high,,2_high,train
HepatoPAC Islands 20260413,E02,8,r05c02f08p01-ch1sk1fk1fl1.tiff,r05c02f08p01-ch6sk1fk1fl1.tiff,r05c02f08p01-ch2sk1fk1fl1.tiff,r05c02f08p01-ch5sk1fk1fl1.tiff,r05c02f08p01-ch3sk1fk1fl1.tiff,r05c02f08p01-ch4sk1fk1fl1.tiff,E02_s08,2,high,,2_high,train
HepatoPAC Islands 20260413,E02,9,r05c02f09p01-ch1sk1fk1fl1.tiff,r05c02f09p01-ch6sk1fk1fl1.tiff,r05c02f09p01-ch2sk1fk1fl1.tiff,r05c02f09p01-ch5sk1fk1fl1.tiff,r05c02f09p01-ch3sk1fk1fl1.tiff,r05c02f09p01-ch4sk1fk1fl1.tiff,E02_s09,2,high,,2_high,train
HepatoPAC Islands 20260413,E02,10,r05c02f10p01-ch1sk1fk1fl1.tiff,r05c02f10p01-ch6sk1fk1fl1.tiff,r05c02f10p01-ch2sk1fk1fl1.tiff,r05c02f10p01-ch5sk1fk1fl1.tiff,r05c02f10p01-ch3sk1fk1fl1.tiff,r05c02f10p01-ch4sk1fk1fl1.tiff,E02_s10,2,high,,2_high,train
HepatoPAC Islands 20260413,E02,11,r05c02f11p01-ch1sk1fk1fl1.tiff,r05c02f11p01-ch6sk1fk1fl1.tiff,r05c02f11p01-ch2sk1fk1fl1.tiff,r05c02f11p01-ch5sk1fk1fl1.tiff,r05c02f11p01-ch3sk1fk1fl1.tiff,r05c02f11p01-ch4sk1fk1fl1.tiff,E02_s11,2,high,,2_high,train
HepatoPAC Islands 20260413,E02,12,r05c02f12p01-ch1sk1fk1fl1.tiff,r05c02f12p01-ch6sk1fk1fl1.tiff,r05c02f12p01-ch2sk1fk1fl1.tiff,r05c02f12p01-ch5sk1fk1fl1.tiff,r05c02f12p01-ch3sk1fk1fl1.tiff,r05c02f12p01-ch4sk1fk1fl1.tiff,E02_s12,2,high,,2_high,train
HepatoPAC Islands 20260413,E02,13,r05c02f13p01-ch1sk1fk1fl1.tiff,r05c02f13p01-ch6sk1fk1fl1.tiff,r05c02f13p01-ch2sk1fk1fl1.tiff,r05c02f13p01-ch5sk1fk1fl1.tiff,r05c02f13p01-ch3sk1fk1fl1.tiff,r05c02f13p01-ch4sk1fk1fl1.tiff,E02_s13,2,high,,2_high,train
HepatoPAC Islands 20260413,E02,14,r05c02f14p01-ch1sk1fk1fl1.tiff,r05c02f14p01-ch6sk1fk1fl1.tiff,r05c02f14p01-ch2sk1fk1fl1.tiff,r05c02f14p01-ch5sk1fk1fl1.tiff,r05c02f14p01-ch3sk1fk1fl1.tiff,r05c02f14p01-ch4sk1fk1fl1.tiff,E02_s14,2,high,,2_high,train
HepatoPAC Islands 20260413,E02,15,r05c02f15p01-ch1sk1fk1fl1.tiff,r05c02f15p01-ch6sk1fk1fl1.tiff,r05c02f15p01-ch2sk1fk1fl1.tiff,r05c02f15p01-ch5sk1fk1fl1.tiff,r05c02f15p01-ch3sk1fk1fl1.tiff,r05c02f15p01-ch4sk1fk1fl1.tiff,E02_s15,2,high,,2_high,train
HepatoPAC Islands 20260413,E02,16,r05c02f16p01-ch1sk1fk1fl1.tiff,r05c02f16p01-ch6sk1fk1fl1.tiff,r05c02f16p01-ch2sk1fk1fl1.tiff,r05c02f16p01-ch5sk1fk1fl1.tiff,r05c02f16p01-ch3sk1fk1fl1.tiff,r05c02f16p01-ch4sk1fk1fl1.tiff,E02_s16,2,high,,2_high,train
HepatoPAC Islands 20260413,E02,17,r05c02f17p01-ch1sk1fk1fl1.tiff,r05c02f17p01-ch6sk1fk1fl1.tiff,r05c02f17p01-ch2sk1fk1fl1.tiff,r05c02f17p01-ch5sk1fk1fl1.tiff,r05c02f17p01-ch3sk1fk1fl1.tiff,r05c02f17p01-ch4sk1fk1fl1.tiff,E02_s17,2,high,,2_high,train
HepatoPAC Islands 20260413,E02,18,r05c02f18p01-ch1sk1fk1fl1.tiff,r05c02f18p01-ch6sk1fk1fl1.tiff,r05c02f18p01-ch2sk1fk1fl1.tiff,r05c02f18p01-ch5sk1fk1fl1.tiff,r05c02f18p01-ch3sk1fk1fl1.tiff,r05c02f18p01-ch4sk1fk1fl1.tiff,E02_s18,2,high,,2_high,train
HepatoPAC Islands 20260413,E02,19,r05c02f19p01-ch1sk1fk1fl1.tiff,r05c02f19p01-ch6sk1fk1fl1.tiff,r05c02f19p01-ch2sk1fk1fl1.tiff,r05c02f19p01-ch5sk1fk1fl1.tiff,r05c02f19p01-ch3sk1fk1fl1.tiff,r05c02f19p01-ch4sk1fk1fl1.tiff,E02_s19,2,high,,2_high,train
HepatoPAC Islands 20260413,E02,20,r05c02f20p01-ch1sk1fk1fl1.tiff,r05c02f20p01-ch6sk1fk1fl1.tiff,r05c02f20p01-ch2sk1fk1fl1.tiff,r05c02f20p01-ch5sk1fk1fl1.tiff,r05c02f20p01-ch3sk1fk1fl1.tiff,r05c02f20p01-ch4sk1fk1fl1.tiff,E02_s20,2,high,,2_high,train
HepatoPAC Islands 20260413,E02,21,r05c02f21p01-ch1sk1fk1fl1.tiff,r05c02f21p01-ch6sk1fk1fl1.tiff,r05c02f21p01-ch2sk1fk1fl1.tiff,r05c02f21p01-ch5sk1fk1fl1.tiff,r05c02f21p01-ch3sk1fk1fl1.tiff,r05c02f21p01-ch4sk1fk1fl1.tiff,E02_s21,2,high,,2_high,train
HepatoPAC Islands 20260413,E02,22,r05c02f22p01-ch1sk1fk1fl1.tiff,r05c02f22p01-ch6sk1fk1fl1.tiff,r05c02f22p01-ch2sk1fk1fl1.tiff,r05c02f22p01-ch5sk1fk1fl1.tiff,r05c02f22p01-ch3sk1fk1fl1.tiff,r05c02f22p01-ch4sk1fk1fl1.tiff,E02_s22,2,high,,2_high,train
HepatoPAC Islands 20260413,E02,23,r05c02f23p01-ch1sk1fk1fl1.tiff,r05c02f23p01-ch6sk1fk1fl1.tiff,r05c02f23p01-ch2sk1fk1fl1.tiff,r05c02f23p01-ch5sk1fk1fl1.tiff,r05c02f23p01-ch3sk1fk1fl1.tiff,r05c02f23p01-ch4sk1fk1fl1.tiff,E02_s23,2,high,,2_high,train
HepatoPAC Islands 20260413,E02,24,r05c02f24p01-ch1sk1fk1fl1.tiff,r05c02f24p01-ch6sk1fk1fl1.tiff,r05c02f24p01-ch2sk1fk1fl1.tiff,r05c02f24p01-ch5sk1fk1fl1.tiff,r05c02f24p01-ch3sk1fk1fl1.tiff,r05c02f24p01-ch4sk1fk1fl1.tiff,E02_s24,2,high,,2_high,train
HepatoPAC Islands 20260413,E02,25,r05c02f25p01-ch1sk1fk1fl1.tiff,r05c02f25p01-ch6sk1fk1fl1.tiff,r05c02f25p01-ch2sk1fk1fl1.tiff,r05c02f25p01-ch5sk1fk1fl1.tiff,r05c02f25p01-ch3sk1fk1fl1.tiff,r05c02f25p01-ch4sk1fk1fl1.tiff,E02_s25,2,high,,2_high,train
HepatoPAC Islands 20260413,E02,26,r05c02f26p01-ch1sk1fk1fl1.tiff,r05c02f26p01-ch6sk1fk1fl1.tiff,r05c02f26p01-ch2sk1fk1fl1.tiff,r05c02f26p01-ch5sk1fk1fl1.tiff,r05c02f26p01-ch3sk1fk1fl1.tiff,r05c02f26p01-ch4sk1fk1fl1.tiff,E02_s26,2,high,,2_high,train
HepatoPAC Islands 20260413,E02,27,r05c02f27p01-ch1sk1fk1fl1.tiff,r05c02f27p01-ch6sk1fk1fl1.tiff,r05c02f27p01-ch2sk1fk1fl1.tiff,r05c02f27p01-ch5sk1fk1fl1.tiff,r05c02f27p01-ch3sk1fk1fl1.tiff,r05c02f27p01-ch4sk1fk1fl1.tiff,E02_s27,2,high,,2_high,train
HepatoPAC Islands 20260413,E02,28,r05c02f28p01-ch1sk1fk1fl1.tiff,r05c02f28p01-ch6sk1fk1fl1.tiff,r05c02f28p01-ch2sk1fk1fl1.tiff,r05c02f28p01-ch5sk1fk1fl1.tiff,r05c02f28p01-ch3sk1fk1fl1.tiff,r05c02f28p01-ch4sk1fk1fl1.tiff,E02_s28,2,high,,2_high,train
HepatoPAC Islands 20260413,E02,29,r05c02f29p01-ch1sk1fk1fl1.tiff,r05c02f29p01-ch6sk1fk1fl1.tiff,r05c02f29p01-ch2sk1fk1fl1.tiff,r05c02f29p01-ch5sk1fk1fl1.tiff,r05c02f29p01-ch3sk1fk1fl1.tiff,r05c02f29p01-ch4sk1fk1fl1.tiff,E02_s29,2,high,,2_high,train
HepatoPAC Islands 20260413,E02,30,r05c02f30p01-ch1sk1fk1fl1.tiff,r05c02f30p01-ch6sk1fk1fl1.tiff,r05c02f30p01-ch2sk1fk1fl1.tiff,r05c02f30p01-ch5sk1fk1fl1.tiff,r05c02f30p01-ch3sk1fk1fl1.tiff,r05c02f30p01-ch4sk1fk1fl1.tiff,E02_s30,2,high,,2_high,train
HepatoPAC Islands 20260413,E02,31,r05c02f31p01-ch1sk1fk1fl1.tiff,r05c02f31p01-ch6sk1fk1fl1.tiff,r05c02f31p01-ch2sk1fk1fl1.tiff,r05c02f31p01-ch5sk1fk1fl1.tiff,r05c02f31p01-ch3sk1fk1fl1.tiff,r05c02f31p01-ch4sk1fk1fl1.tiff,E02_s31,2,high,,2_high,train
HepatoPAC Islands 20260413,E02,32,r05c02f32p01-ch1sk1fk1fl1.tiff,r05c02f32p01-ch6sk1fk1fl1.tiff,r05c02f32p01-ch2sk1fk1fl1.tiff,r05c02f32p01-ch5sk1fk1fl1.tiff,r05c02f32p01-ch3sk1fk1fl1.tiff,r05c02f32p01-ch4sk1fk1fl1.tiff,E02_s32,2,high,,2_high,train
HepatoPAC Islands 20260413,E02,33,r05c02f33p01-ch1sk1fk1fl1.tiff,r05c02f33p01-ch6sk1fk1fl1.tiff,r05c02f33p01-ch2sk1fk1fl1.tiff,r05c02f33p01-ch5sk1fk1fl1.tiff,r05c02f33p01-ch3sk1fk1fl1.tiff,r05c02f33p01-ch4sk1fk1fl1.tiff,E02_s33,2,high,,2_high,train
HepatoPAC Islands 20260413,E02,34,r05c02f34p01-ch1sk1fk1fl1.tiff,r05c02f34p01-ch6sk1fk1fl1.tiff,r05c02f34p01-ch2sk1fk1fl1.tiff,r05c02f34p01-ch5sk1fk1fl1.tiff,r05c02f34p01-ch3sk1fk1fl1.tiff,r05c02f34p01-ch4sk1fk1fl1.tiff,E02_s34,2,high,,2_high,train
HepatoPAC Islands 20260413,E02,35,r05c02f35p01-ch1sk1fk1fl1.tiff,r05c02f35p01-ch6sk1fk1fl1.tiff,r05c02f35p01-ch2sk1fk1fl1.tiff,r05c02f35p01-ch5sk1fk1fl1.tiff,r05c02f35p01-ch3sk1fk1fl1.tiff,r05c02f35p01-ch4sk1fk1fl1.tiff,E02_s35,2,high,,2_high,train
HepatoPAC Islands 20260413,E02,36,r05c02f36p01-ch1sk1fk1fl1.tiff,r05c02f36p01-ch6sk1fk1fl1.tiff,r05c02f36p01-ch2sk1fk1fl1.tiff,r05c02f36p01-ch5sk1fk1fl1.tiff,r05c02f36p01-ch3sk1fk1fl1.tiff,r05c02f36p01-ch4sk1fk1fl1.tiff,E02_s36,2,high,,2_high,train
HepatoPAC Islands 20260413,E02,37,r05c02f37p01-ch1sk1fk1fl1.tiff,r05c02f37p01-ch6sk1fk1fl1.tiff,r05c02f37p01-ch2sk1fk1fl1.tiff,r05c02f37p01-ch5sk1fk1fl1.tiff,r05c02f37p01-ch3sk1fk1fl1.tiff,r05c02f37p01-ch4sk1fk1fl1.tiff,E02_s37,2,high,,2_high,train
HepatoPAC Islands 20260413,E02,38,r05c02f38p01-ch1sk1fk1fl1.tiff,r05c02f38p01-ch6sk1fk1fl1.tiff,r05c02f38p01-ch2sk1fk1fl1.tiff,r05c02f38p01-ch5sk1fk1fl1.tiff,r05c02f38p01-ch3sk1fk1fl1.tiff,r05c02f38p01-ch4sk1fk1fl1.tiff,E02_s38,2,high,,2_high,train
HepatoPAC Islands 20260413,E02,39,r05c02f39p01-ch1sk1fk1fl1.tiff,r05c02f39p01-ch6sk1fk1fl1.tiff,r05c02f39p01-ch2sk1fk1fl1.tiff,r05c02f39p01-ch5sk1fk1fl1.tiff,r05c02f39p01-ch3sk1fk1fl1.tiff,r05c02f39p01-ch4sk1fk1fl1.tiff,E02_s39,2,high,,2_high,train
HepatoPAC Islands 20260413,E02,40,r05c02f40p01-ch1sk1fk1fl1.tiff,r05c02f40p01-ch6sk1fk1fl1.tiff,r05c02f40p01-ch2sk1fk1fl1.tiff,r05c02f40p01-ch5sk1fk1fl1.tiff,r05c02f40p01-ch3sk1fk1fl1.tiff,r05c02f40p01-ch4sk1fk1fl1.tiff,E02_s40,2,high,,2_high,train
HepatoPAC Islands 20260413,E02,41,r05c02f41p01-ch1sk1fk1fl1.tiff,r05c02f41p01-ch6sk1fk1fl1.tiff,r05c02f41p01-ch2sk1fk1fl1.tiff,r05c02f41p01-ch5sk1fk1fl1.tiff,r05c02f41p01-ch3sk1fk1fl1.tiff,r05c02f41p01-ch4sk1fk1fl1.tiff,E02_s41,2,high,,2_high,train
HepatoPAC Islands 20260413,E02,42,r05c02f42p01-ch1sk1fk1fl1.tiff,r05c02f42p01-ch6sk1fk1fl1.tiff,r05c02f42p01-ch2sk1fk1fl1.tiff,r05c02f42p01-ch5sk1fk1fl1.tiff,r05c02f42p01-ch3sk1fk1fl1.tiff,r05c02f42p01-ch4sk1fk1fl1.tiff,E02_s42,2,high,,2_high,train
HepatoPAC Islands 20260413,E02,43,r05c02f43p01-ch1sk1fk1fl1.tiff,r05c02f43p01-ch6sk1fk1fl1.tiff,r05c02f43p01-ch2sk1fk1fl1.tiff,r05c02f43p01-ch5sk1fk1fl1.tiff,r05c02f43p01-ch3sk1fk1fl1.tiff,r05c02f43p01-ch4sk1fk1fl1.tiff,E02_s43,2,high,,2_high,train
HepatoPAC Islands 20260413,E02,44,r05c02f44p01-ch1sk1fk1fl1.tiff,r05c02f44p01-ch6sk1fk1fl1.tiff,r05c02f44p01-ch2sk1fk1fl1.tiff,r05c02f44p01-ch5sk1fk1fl1.tiff,r05c02f44p01-ch3sk1fk1fl1.tiff,r05c02f44p01-ch4sk1fk1fl1.tiff,E02_s44,2,high,,2_high,train
HepatoPAC Islands 20260413,E02,45,r05c02f45p01-ch1sk1fk1fl1.tiff,r05c02f45p01-ch6sk1fk1fl1.tiff,r05c02f45p01-ch2sk1fk1fl1.tiff,r05c02f45p01-ch5sk1fk1fl1.tiff,r05c02f45p01-ch3sk1fk1fl1.tiff,r05c02f45p01-ch4sk1fk1fl1.tiff,E02_s45,2,high,,2_high,train
HepatoPAC Islands 20260413,E02,46,r05c02f46p01-ch1sk1fk1fl1.tiff,r05c02f46p01-ch6sk1fk1fl1.tiff,r05c02f46p01-ch2sk1fk1fl1.tiff,r05c02f46p01-ch5sk1fk1fl1.tiff,r05c02f46p01-ch3sk1fk1fl1.tiff,r05c02f46p01-ch4sk1fk1fl1.tiff,E02_s46,2,high,,2_high,train
HepatoPAC Islands 20260413,E02,47,r05c02f47p01-ch1sk1fk1fl1.tiff,r05c02f47p01-ch6sk1fk1fl1.tiff,r05c02f47p01-ch2sk1fk1fl1.tiff,r05c02f47p01-ch5sk1fk1fl1.tiff,r05c02f47p01-ch3sk1fk1fl1.tiff,r05c02f47p01-ch4sk1fk1fl1.tiff,E02_s47,2,high,,2_high,train
HepatoPAC Islands 20260413,E02,48,r05c02f48p01-ch1sk1fk1fl1.tiff,r05c02f48p01-ch6sk1fk1fl1.tiff,r05c02f48p01-ch2sk1fk1fl1.tiff,r05c02f48p01-ch5sk1fk1fl1.tiff,r05c02f48p01-ch3sk1fk1fl1.tiff,r05c02f48p01-ch4sk1fk1fl1.tiff,E02_s48,2,high,,2_high,train
HepatoPAC Islands 20260413,E02,49,r05c02f49p01-ch1sk1fk1fl1.tiff,r05c02f49p01-ch6sk1fk1fl1.tiff,r05c02f49p01-ch2sk1fk1fl1.tiff,r05c02f49p01-ch5sk1fk1fl1.tiff,r05c02f49p01-ch3sk1fk1fl1.tiff,r05c02f49p01-ch4sk1fk1fl1.tiff,E02_s49,2,high,,2_high,train
HepatoPAC Islands 20260413,E03,1,r05c03f01p01-ch1sk1fk1fl1.tiff,r05c03f01p01-ch6sk1fk1fl1.tiff,r05c03f01p01-ch2sk1fk1fl1.tiff,r05c03f01p01-ch5sk1fk1fl1.tiff,r05c03f01p01-ch3sk1fk1fl1.tiff,r05c03f01p01-ch4sk1fk1fl1.tiff,E03_s01,4,low,,4_low,train
HepatoPAC Islands 20260413,E03,2,r05c03f02p01-ch1sk1fk1fl1.tiff,r05c03f02p01-ch6sk1fk1fl1.tiff,r05c03f02p01-ch2sk1fk1fl1.tiff,r05c03f02p01-ch5sk1fk1fl1.tiff,r05c03f02p01-ch3sk1fk1fl1.tiff,r05c03f02p01-ch4sk1fk1fl1.tiff,E03_s02,4,low,,4_low,train
HepatoPAC Islands 20260413,E03,3,r05c03f03p01-ch1sk1fk1fl1.tiff,r05c03f03p01-ch6sk1fk1fl1.tiff,r05c03f03p01-ch2sk1fk1fl1.tiff,r05c03f03p01-ch5sk1fk1fl1.tiff,r05c03f03p01-ch3sk1fk1fl1.tiff,r05c03f03p01-ch4sk1fk1fl1.tiff,E03_s03,4,low,,4_low,train
HepatoPAC Islands 20260413,E03,4,r05c03f04p01-ch1sk1fk1fl1.tiff,r05c03f04p01-ch6sk1fk1fl1.tiff,r05c03f04p01-ch2sk1fk1fl1.tiff,r05c03f04p01-ch5sk1fk1fl1.tiff,r05c03f04p01-ch3sk1fk1fl1.tiff,r05c03f04p01-ch4sk1fk1fl1.tiff,E03_s04,4,low,,4_low,train
HepatoPAC Islands 20260413,E03,5,r05c03f05p01-ch1sk1fk1fl1.tiff,r05c03f05p01-ch6sk1fk1fl1.tiff,r05c03f05p01-ch2sk1fk1fl1.tiff,r05c03f05p01-ch5sk1fk1fl1.tiff,r05c03f05p01-ch3sk1fk1fl1.tiff,r05c03f05p01-ch4sk1fk1fl1.tiff,E03_s05,4,low,,4_low,train
HepatoPAC Islands 20260413,E03,6,r05c03f06p01-ch1sk1fk1fl1.tiff,r05c03f06p01-ch6sk1fk1fl1.tiff,r05c03f06p01-ch2sk1fk1fl1.tiff,r05c03f06p01-ch5sk1fk1fl1.tiff,r05c03f06p01-ch3sk1fk1fl1.tiff,r05c03f06p01-ch4sk1fk1fl1.tiff,E03_s06,4,low,,4_low,train
HepatoPAC Islands 20260413,E03,7,r05c03f07p01-ch1sk1fk1fl1.tiff,r05c03f07p01-ch6sk1fk1fl1.tiff,r05c03f07p01-ch2sk1fk1fl1.tiff,r05c03f07p01-ch5sk1fk1fl1.tiff,r05c03f07p01-ch3sk1fk1fl1.tiff,r05c03f07p01-ch4sk1fk1fl1.tiff,E03_s07,4,low,,4_low,train
HepatoPAC Islands 20260413,E03,8,r05c03f08p01-ch1sk1fk1fl1.tiff,r05c03f08p01-ch6sk1fk1fl1.tiff,r05c03f08p01-ch2sk1fk1fl1.tiff,r05c03f08p01-ch5sk1fk1fl1.tiff,r05c03f08p01-ch3sk1fk1fl1.tiff,r05c03f08p01-ch4sk1fk1fl1.tiff,E03_s08,4,low,,4_low,train
HepatoPAC Islands 20260413,E03,9,r05c03f09p01-ch1sk1fk1fl1.tiff,r05c03f09p01-ch6sk1fk1fl1.tiff,r05c03f09p01-ch2sk1fk1fl1.tiff,r05c03f09p01-ch5sk1fk1fl1.tiff,r05c03f09p01-ch3sk1fk1fl1.tiff,r05c03f09p01-ch4sk1fk1fl1.tiff,E03_s09,4,low,,4_low,train
HepatoPAC Islands 20260413,E03,10,r05c03f10p01-ch1sk1fk1fl1.tiff,r05c03f10p01-ch6sk1fk1fl1.tiff,r05c03f10p01-ch2sk1fk1fl1.tiff,r05c03f10p01-ch5sk1fk1fl1.tiff,r05c03f10p01-ch3sk1fk1fl1.tiff,r05c03f10p01-ch4sk1fk1fl1.tiff,E03_s10,4,low,,4_low,train
HepatoPAC Islands 20260413,E03,11,r05c03f11p01-ch1sk1fk1fl1.tiff,r05c03f11p01-ch6sk1fk1fl1.tiff,r05c03f11p01-ch2sk1fk1fl1.tiff,r05c03f11p01-ch5sk1fk1fl1.tiff,r05c03f11p01-ch3sk1fk1fl1.tiff,r05c03f11p01-ch4sk1fk1fl1.tiff,E03_s11,4,low,,4_low,train
HepatoPAC Islands 20260413,E03,12,r05c03f12p01-ch1sk1fk1fl1.tiff,r05c03f12p01-ch6sk1fk1fl1.tiff,r05c03f12p01-ch2sk1fk1fl1.tiff,r05c03f12p01-ch5sk1fk1fl1.tiff,r05c03f12p01-ch3sk1fk1fl1.tiff,r05c03f12p01-ch4sk1fk1fl1.tiff,E03_s12,4,low,,4_low,train
HepatoPAC Islands 20260413,E03,13,r05c03f13p01-ch1sk1fk1fl1.tiff,r05c03f13p01-ch6sk1fk1fl1.tiff,r05c03f13p01-ch2sk1fk1fl1.tiff,r05c03f13p01-ch5sk1fk1fl1.tiff,r05c03f13p01-ch3sk1fk1fl1.tiff,r05c03f13p01-ch4sk1fk1fl1.tiff,E03_s13,4,low,,4_low,train
HepatoPAC Islands 20260413,E03,14,r05c03f14p01-ch1sk1fk1fl1.tiff,r05c03f14p01-ch6sk1fk1fl1.tiff,r05c03f14p01-ch2sk1fk1fl1.tiff,r05c03f14p01-ch5sk1fk1fl1.tiff,r05c03f14p01-ch3sk1fk1fl1.tiff,r05c03f14p01-ch4sk1fk1fl1.tiff,E03_s14,4,low,,4_low,train
HepatoPAC Islands 20260413,E03,15,r05c03f15p01-ch1sk1fk1fl1.tiff,r05c03f15p01-ch6sk1fk1fl1.tiff,r05c03f15p01-ch2sk1fk1fl1.tiff,r05c03f15p01-ch5sk1fk1fl1.tiff,r05c03f15p01-ch3sk1fk1fl1.tiff,r05c03f15p01-ch4sk1fk1fl1.tiff,E03_s15,4,low,,4_low,train
HepatoPAC Islands 20260413,E03,16,r05c03f16p01-ch1sk1fk1fl1.tiff,r05c03f16p01-ch6sk1fk1fl1.tiff,r05c03f16p01-ch2sk1fk1fl1.tiff,r05c03f16p01-ch5sk1fk1fl1.tiff,r05c03f16p01-ch3sk1fk1fl1.tiff,r05c03f16p01-ch4sk1fk1fl1.tiff,E03_s16,4,low,,4_low,train
HepatoPAC Islands 20260413,E03,17,r05c03f17p01-ch1sk1fk1fl1.tiff,r05c03f17p01-ch6sk1fk1fl1.tiff,r05c03f17p01-ch2sk1fk1fl1.tiff,r05c03f17p01-ch5sk1fk1fl1.tiff,r05c03f17p01-ch3sk1fk1fl1.tiff,r05c03f17p01-ch4sk1fk1fl1.tiff,E03_s17,4,low,,4_low,train
HepatoPAC Islands 20260413,E03,18,r05c03f18p01-ch1sk1fk1fl1.tiff,r05c03f18p01-ch6sk1fk1fl1.tiff,r05c03f18p01-ch2sk1fk1fl1.tiff,r05c03f18p01-ch5sk1fk1fl1.tiff,r05c03f18p01-ch3sk1fk1fl1.tiff,r05c03f18p01-ch4sk1fk1fl1.tiff,E03_s18,4,low,,4_low,train
HepatoPAC Islands 20260413,E03,19,r05c03f19p01-ch1sk1fk1fl1.tiff,r05c03f19p01-ch6sk1fk1fl1.tiff,r05c03f19p01-ch2sk1fk1fl1.tiff,r05c03f19p01-ch5sk1fk1fl1.tiff,r05c03f19p01-ch3sk1fk1fl1.tiff,r05c03f19p01-ch4sk1fk1fl1.tiff,E03_s19,4,low,,4_low,train
HepatoPAC Islands 20260413,E03,20,r05c03f20p01-ch1sk1fk1fl1.tiff,r05c03f20p01-ch6sk1fk1fl1.tiff,r05c03f20p01-ch2sk1fk1fl1.tiff,r05c03f20p01-ch5sk1fk1fl1.tiff,r05c03f20p01-ch3sk1fk1fl1.tiff,r05c03f20p01-ch4sk1fk1fl1.tiff,E03_s20,4,low,,4_low,train
HepatoPAC Islands 20260413,E03,21,r05c03f21p01-ch1sk1fk1fl1.tiff,r05c03f21p01-ch6sk1fk1fl1.tiff,r05c03f21p01-ch2sk1fk1fl1.tiff,r05c03f21p01-ch5sk1fk1fl1.tiff,r05c03f21p01-ch3sk1fk1fl1.tiff,r05c03f21p01-ch4sk1fk1fl1.tiff,E03_s21,4,low,,4_low,train
HepatoPAC Islands 20260413,E03,22,r05c03f22p01-ch1sk1fk1fl1.tiff,r05c03f22p01-ch6sk1fk1fl1.tiff,r05c03f22p01-ch2sk1fk1fl1.tiff,r05c03f22p01-ch5sk1fk1fl1.tiff,r05c03f22p01-ch3sk1fk1fl1.tiff,r05c03f22p01-ch4sk1fk1fl1.tiff,E03_s22,4,low,,4_low,train
HepatoPAC Islands 20260413,E03,23,r05c03f23p01-ch1sk1fk1fl1.tiff,r05c03f23p01-ch6sk1fk1fl1.tiff,r05c03f23p01-ch2sk1fk1fl1.tiff,r05c03f23p01-ch5sk1fk1fl1.tiff,r05c03f23p01-ch3sk1fk1fl1.tiff,r05c03f23p01-ch4sk1fk1fl1.tiff,E03_s23,4,low,,4_low,train
HepatoPAC Islands 20260413,E03,24,r05c03f24p01-ch1sk1fk1fl1.tiff,r05c03f24p01-ch6sk1fk1fl1.tiff,r05c03f24p01-ch2sk1fk1fl1.tiff,r05c03f24p01-ch5sk1fk1fl1.tiff,r05c03f24p01-ch3sk1fk1fl1.tiff,r05c03f24p01-ch4sk1fk1fl1.tiff,E03_s24,4,low,,4_low,train
HepatoPAC Islands 20260413,E03,25,r05c03f25p01-ch1sk1fk1fl1.tiff,r05c03f25p01-ch6sk1fk1fl1.tiff,r05c03f25p01-ch2sk1fk1fl1.tiff,r05c03f25p01-ch5sk1fk1fl1.tiff,r05c03f25p01-ch3sk1fk1fl1.tiff,r05c03f25p01-ch4sk1fk1fl1.tiff,E03_s25,4,low,,4_low,train
HepatoPAC Islands 20260413,E03,26,r05c03f26p01-ch1sk1fk1fl1.tiff,r05c03f26p01-ch6sk1fk1fl1.tiff,r05c03f26p01-ch2sk1fk1fl1.tiff,r05c03f26p01-ch5sk1fk1fl1.tiff,r05c03f26p01-ch3sk1fk1fl1.tiff,r05c03f26p01-ch4sk1fk1fl1.tiff,E03_s26,4,low,,4_low,train
HepatoPAC Islands 20260413,E03,27,r05c03f27p01-ch1sk1fk1fl1.tiff,r05c03f27p01-ch6sk1fk1fl1.tiff,r05c03f27p01-ch2sk1fk1fl1.tiff,r05c03f27p01-ch5sk1fk1fl1.tiff,r05c03f27p01-ch3sk1fk1fl1.tiff,r05c03f27p01-ch4sk1fk1fl1.tiff,E03_s27,4,low,,4_low,train
HepatoPAC Islands 20260413,E03,28,r05c03f28p01-ch1sk1fk1fl1.tiff,r05c03f28p01-ch6sk1fk1fl1.tiff,r05c03f28p01-ch2sk1fk1fl1.tiff,r05c03f28p01-ch5sk1fk1fl1.tiff,r05c03f28p01-ch3sk1fk1fl1.tiff,r05c03f28p01-ch4sk1fk1fl1.tiff,E03_s28,4,low,,4_low,train
HepatoPAC Islands 20260413,E03,29,r05c03f29p01-ch1sk1fk1fl1.tiff,r05c03f29p01-ch6sk1fk1fl1.tiff,r05c03f29p01-ch2sk1fk1fl1.tiff,r05c03f29p01-ch5sk1fk1fl1.tiff,r05c03f29p01-ch3sk1fk1fl1.tiff,r05c03f29p01-ch4sk1fk1fl1.tiff,E03_s29,4,low,,4_low,train
HepatoPAC Islands 20260413,E03,30,r05c03f30p01-ch1sk1fk1fl1.tiff,r05c03f30p01-ch6sk1fk1fl1.tiff,r05c03f30p01-ch2sk1fk1fl1.tiff,r05c03f30p01-ch5sk1fk1fl1.tiff,r05c03f30p01-ch3sk1fk1fl1.tiff,r05c03f30p01-ch4sk1fk1fl1.tiff,E03_s30,4,low,,4_low,train
HepatoPAC Islands 20260413,E03,31,r05c03f31p01-ch1sk1fk1fl1.tiff,r05c03f31p01-ch6sk1fk1fl1.tiff,r05c03f31p01-ch2sk1fk1fl1.tiff,r05c03f31p01-ch5sk1fk1fl1.tiff,r05c03f31p01-ch3sk1fk1fl1.tiff,r05c03f31p01-ch4sk1fk1fl1.tiff,E03_s31,4,low,,4_low,train
HepatoPAC Islands 20260413,E03,32,r05c03f32p01-ch1sk1fk1fl1.tiff,r05c03f32p01-ch6sk1fk1fl1.tiff,r05c03f32p01-ch2sk1fk1fl1.tiff,r05c03f32p01-ch5sk1fk1fl1.tiff,r05c03f32p01-ch3sk1fk1fl1.tiff,r05c03f32p01-ch4sk1fk1fl1.tiff,E03_s32,4,low,,4_low,train
HepatoPAC Islands 20260413,E03,33,r05c03f33p01-ch1sk1fk1fl1.tiff,r05c03f33p01-ch6sk1fk1fl1.tiff,r05c03f33p01-ch2sk1fk1fl1.tiff,r05c03f33p01-ch5sk1fk1fl1.tiff,r05c03f33p01-ch3sk1fk1fl1.tiff,r05c03f33p01-ch4sk1fk1fl1.tiff,E03_s33,4,low,,4_low,train
HepatoPAC Islands 20260413,E03,34,r05c03f34p01-ch1sk1fk1fl1.tiff,r05c03f34p01-ch6sk1fk1fl1.tiff,r05c03f34p01-ch2sk1fk1fl1.tiff,r05c03f34p01-ch5sk1fk1fl1.tiff,r05c03f34p01-ch3sk1fk1fl1.tiff,r05c03f34p01-ch4sk1fk1fl1.tiff,E03_s34,4,low,,4_low,train
HepatoPAC Islands 20260413,E03,35,r05c03f35p01-ch1sk1fk1fl1.tiff,r05c03f35p01-ch6sk1fk1fl1.tiff,r05c03f35p01-ch2sk1fk1fl1.tiff,r05c03f35p01-ch5sk1fk1fl1.tiff,r05c03f35p01-ch3sk1fk1fl1.tiff,r05c03f35p01-ch4sk1fk1fl1.tiff,E03_s35,4,low,,4_low,train
HepatoPAC Islands 20260413,E03,36,r05c03f36p01-ch1sk1fk1fl1.tiff,r05c03f36p01-ch6sk1fk1fl1.tiff,r05c03f36p01-ch2sk1fk1fl1.tiff,r05c03f36p01-ch5sk1fk1fl1.tiff,r05c03f36p01-ch3sk1fk1fl1.tiff,r05c03f36p01-ch4sk1fk1fl1.tiff,E03_s36,4,low,,4_low,train
HepatoPAC Islands 20260413,E03,37,r05c03f37p01-ch1sk1fk1fl1.tiff,r05c03f37p01-ch6sk1fk1fl1.tiff,r05c03f37p01-ch2sk1fk1fl1.tiff,r05c03f37p01-ch5sk1fk1fl1.tiff,r05c03f37p01-ch3sk1fk1fl1.tiff,r05c03f37p01-ch4sk1fk1fl1.tiff,E03_s37,4,low,,4_low,train
HepatoPAC Islands 20260413,E03,38,r05c03f38p01-ch1sk1fk1fl1.tiff,r05c03f38p01-ch6sk1fk1fl1.tiff,r05c03f38p01-ch2sk1fk1fl1.tiff,r05c03f38p01-ch5sk1fk1fl1.tiff,r05c03f38p01-ch3sk1fk1fl1.tiff,r05c03f38p01-ch4sk1fk1fl1.tiff,E03_s38,4,low,,4_low,train
HepatoPAC Islands 20260413,E03,39,r05c03f39p01-ch1sk1fk1fl1.tiff,r05c03f39p01-ch6sk1fk1fl1.tiff,r05c03f39p01-ch2sk1fk1fl1.tiff,r05c03f39p01-ch5sk1fk1fl1.tiff,r05c03f39p01-ch3sk1fk1fl1.tiff,r05c03f39p01-ch4sk1fk1fl1.tiff,E03_s39,4,low,,4_low,train
HepatoPAC Islands 20260413,E03,40,r05c03f40p01-ch1sk1fk1fl1.tiff,r05c03f40p01-ch6sk1fk1fl1.tiff,r05c03f40p01-ch2sk1fk1fl1.tiff,r05c03f40p01-ch5sk1fk1fl1.tiff,r05c03f40p01-ch3sk1fk1fl1.tiff,r05c03f40p01-ch4sk1fk1fl1.tiff,E03_s40,4,low,,4_low,train
HepatoPAC Islands 20260413,E03,41,r05c03f41p01-ch1sk1fk1fl1.tiff,r05c03f41p01-ch6sk1fk1fl1.tiff,r05c03f41p01-ch2sk1fk1fl1.tiff,r05c03f41p01-ch5sk1fk1fl1.tiff,r05c03f41p01-ch3sk1fk1fl1.tiff,r05c03f41p01-ch4sk1fk1fl1.tiff,E03_s41,4,low,,4_low,train
HepatoPAC Islands 20260413,E03,42,r05c03f42p01-ch1sk1fk1fl1.tiff,r05c03f42p01-ch6sk1fk1fl1.tiff,r05c03f42p01-ch2sk1fk1fl1.tiff,r05c03f42p01-ch5sk1fk1fl1.tiff,r05c03f42p01-ch3sk1fk1fl1.tiff,r05c03f42p01-ch4sk1fk1fl1.tiff,E03_s42,4,low,,4_low,train
HepatoPAC Islands 20260413,E03,43,r05c03f43p01-ch1sk1fk1fl1.tiff,r05c03f43p01-ch6sk1fk1fl1.tiff,r05c03f43p01-ch2sk1fk1fl1.tiff,r05c03f43p01-ch5sk1fk1fl1.tiff,r05c03f43p01-ch3sk1fk1fl1.tiff,r05c03f43p01-ch4sk1fk1fl1.tiff,E03_s43,4,low,,4_low,train
HepatoPAC Islands 20260413,E03,44,r05c03f44p01-ch1sk1fk1fl1.tiff,r05c03f44p01-ch6sk1fk1fl1.tiff,r05c03f44p01-ch2sk1fk1fl1.tiff,r05c03f44p01-ch5sk1fk1fl1.tiff,r05c03f44p01-ch3sk1fk1fl1.tiff,r05c03f44p01-ch4sk1fk1fl1.tiff,E03_s44,4,low,,4_low,train
HepatoPAC Islands 20260413,E03,45,r05c03f45p01-ch1sk1fk1fl1.tiff,r05c03f45p01-ch6sk1fk1fl1.tiff,r05c03f45p01-ch2sk1fk1fl1.tiff,r05c03f45p01-ch5sk1fk1fl1.tiff,r05c03f45p01-ch3sk1fk1fl1.tiff,r05c03f45p01-ch4sk1fk1fl1.tiff,E03_s45,4,low,,4_low,train
HepatoPAC Islands 20260413,E03,46,r05c03f46p01-ch1sk1fk1fl1.tiff,r05c03f46p01-ch6sk1fk1fl1.tiff,r05c03f46p01-ch2sk1fk1fl1.tiff,r05c03f46p01-ch5sk1fk1fl1.tiff,r05c03f46p01-ch3sk1fk1fl1.tiff,r05c03f46p01-ch4sk1fk1fl1.tiff,E03_s46,4,low,,4_low,train
HepatoPAC Islands 20260413,E03,47,r05c03f47p01-ch1sk1fk1fl1.tiff,r05c03f47p01-ch6sk1fk1fl1.tiff,r05c03f47p01-ch2sk1fk1fl1.tiff,r05c03f47p01-ch5sk1fk1fl1.tiff,r05c03f47p01-ch3sk1fk1fl1.tiff,r05c03f47p01-ch4sk1fk1fl1.tiff,E03_s47,4,low,,4_low,train
HepatoPAC Islands 20260413,E03,48,r05c03f48p01-ch1sk1fk1fl1.tiff,r05c03f48p01-ch6sk1fk1fl1.tiff,r05c03f48p01-ch2sk1fk1fl1.tiff,r05c03f48p01-ch5sk1fk1fl1.tiff,r05c03f48p01-ch3sk1fk1fl1.tiff,r05c03f48p01-ch4sk1fk1fl1.tiff,E03_s48,4,low,,4_low,train
HepatoPAC Islands 20260413,E03,49,r05c03f49p01-ch1sk1fk1fl1.tiff,r05c03f49p01-ch6sk1fk1fl1.tiff,r05c03f49p01-ch2sk1fk1fl1.tiff,r05c03f49p01-ch5sk1fk1fl1.tiff,r05c03f49p01-ch3sk1fk1fl1.tiff,r05c03f49p01-ch4sk1fk1fl1.tiff,E03_s49,4,low,,4_low,train
HepatoPAC Islands 20260413,E04,1,r05c04f01p01-ch1sk1fk1fl1.tiff,r05c04f01p01-ch6sk1fk1fl1.tiff,r05c04f01p01-ch2sk1fk1fl1.tiff,r05c04f01p01-ch5sk1fk1fl1.tiff,r05c04f01p01-ch3sk1fk1fl1.tiff,r05c04f01p01-ch4sk1fk1fl1.tiff,E04_s01,3,low,,3_low,train
HepatoPAC Islands 20260413,E04,2,r05c04f02p01-ch1sk1fk1fl1.tiff,r05c04f02p01-ch6sk1fk1fl1.tiff,r05c04f02p01-ch2sk1fk1fl1.tiff,r05c04f02p01-ch5sk1fk1fl1.tiff,r05c04f02p01-ch3sk1fk1fl1.tiff,r05c04f02p01-ch4sk1fk1fl1.tiff,E04_s02,3,low,,3_low,train
HepatoPAC Islands 20260413,E04,3,r05c04f03p01-ch1sk1fk1fl1.tiff,r05c04f03p01-ch6sk1fk1fl1.tiff,r05c04f03p01-ch2sk1fk1fl1.tiff,r05c04f03p01-ch5sk1fk1fl1.tiff,r05c04f03p01-ch3sk1fk1fl1.tiff,r05c04f03p01-ch4sk1fk1fl1.tiff,E04_s03,3,low,,3_low,train
HepatoPAC Islands 20260413,E04,4,r05c04f04p01-ch1sk1fk1fl1.tiff,r05c04f04p01-ch6sk1fk1fl1.tiff,r05c04f04p01-ch2sk1fk1fl1.tiff,r05c04f04p01-ch5sk1fk1fl1.tiff,r05c04f04p01-ch3sk1fk1fl1.tiff,r05c04f04p01-ch4sk1fk1fl1.tiff,E04_s04,3,low,,3_low,train
HepatoPAC Islands 20260413,E04,5,r05c04f05p01-ch1sk1fk1fl1.tiff,r05c04f05p01-ch6sk1fk1fl1.tiff,r05c04f05p01-ch2sk1fk1fl1.tiff,r05c04f05p01-ch5sk1fk1fl1.tiff,r05c04f05p01-ch3sk1fk1fl1.tiff,r05c04f05p01-ch4sk1fk1fl1.tiff,E04_s05,3,low,,3_low,train
HepatoPAC Islands 20260413,E04,6,r05c04f06p01-ch1sk1fk1fl1.tiff,r05c04f06p01-ch6sk1fk1fl1.tiff,r05c04f06p01-ch2sk1fk1fl1.tiff,r05c04f06p01-ch5sk1fk1fl1.tiff,r05c04f06p01-ch3sk1fk1fl1.tiff,r05c04f06p01-ch4sk1fk1fl1.tiff,E04_s06,3,low,,3_low,train
HepatoPAC Islands 20260413,E04,7,r05c04f07p01-ch1sk1fk1fl1.tiff,r05c04f07p01-ch6sk1fk1fl1.tiff,r05c04f07p01-ch2sk1fk1fl1.tiff,r05c04f07p01-ch5sk1fk1fl1.tiff,r05c04f07p01-ch3sk1fk1fl1.tiff,r05c04f07p01-ch4sk1fk1fl1.tiff,E04_s07,3,low,,3_low,train
HepatoPAC Islands 20260413,E04,8,r05c04f08p01-ch1sk1fk1fl1.tiff,r05c04f08p01-ch6sk1fk1fl1.tiff,r05c04f08p01-ch2sk1fk1fl1.tiff,r05c04f08p01-ch5sk1fk1fl1.tiff,r05c04f08p01-ch3sk1fk1fl1.tiff,r05c04f08p01-ch4sk1fk1fl1.tiff,E04_s08,3,low,,3_low,train
HepatoPAC Islands 20260413,E04,9,r05c04f09p01-ch1sk1fk1fl1.tiff,r05c04f09p01-ch6sk1fk1fl1.tiff,r05c04f09p01-ch2sk1fk1fl1.tiff,r05c04f09p01-ch5sk1fk1fl1.tiff,r05c04f09p01-ch3sk1fk1fl1.tiff,r05c04f09p01-ch4sk1fk1fl1.tiff,E04_s09,3,low,,3_low,train
HepatoPAC Islands 20260413,E04,10,r05c04f10p01-ch1sk1fk1fl1.tiff,r05c04f10p01-ch6sk1fk1fl1.tiff,r05c04f10p01-ch2sk1fk1fl1.tiff,r05c04f10p01-ch5sk1fk1fl1.tiff,r05c04f10p01-ch3sk1fk1fl1.tiff,r05c04f10p01-ch4sk1fk1fl1.tiff,E04_s10,3,low,,3_low,train
HepatoPAC Islands 20260413,E04,11,r05c04f11p01-ch1sk1fk1fl1.tiff,r05c04f11p01-ch6sk1fk1fl1.tiff,r05c04f11p01-ch2sk1fk1fl1.tiff,r05c04f11p01-ch5sk1fk1fl1.tiff,r05c04f11p01-ch3sk1fk1fl1.tiff,r05c04f11p01-ch4sk1fk1fl1.tiff,E04_s11,3,low,,3_low,train
HepatoPAC Islands 20260413,E04,12,r05c04f12p01-ch1sk1fk1fl1.tiff,r05c04f12p01-ch6sk1fk1fl1.tiff,r05c04f12p01-ch2sk1fk1fl1.tiff,r05c04f12p01-ch5sk1fk1fl1.tiff,r05c04f12p01-ch3sk1fk1fl1.tiff,r05c04f12p01-ch4sk1fk1fl1.tiff,E04_s12,3,low,,3_low,train
HepatoPAC Islands 20260413,E04,13,r05c04f13p01-ch1sk1fk1fl1.tiff,r05c04f13p01-ch6sk1fk1fl1.tiff,r05c04f13p01-ch2sk1fk1fl1.tiff,r05c04f13p01-ch5sk1fk1fl1.tiff,r05c04f13p01-ch3sk1fk1fl1.tiff,r05c04f13p01-ch4sk1fk1fl1.tiff,E04_s13,3,low,,3_low,train
HepatoPAC Islands 20260413,E04,14,r05c04f14p01-ch1sk1fk1fl1.tiff,r05c04f14p01-ch6sk1fk1fl1.tiff,r05c04f14p01-ch2sk1fk1fl1.tiff,r05c04f14p01-ch5sk1fk1fl1.tiff,r05c04f14p01-ch3sk1fk1fl1.tiff,r05c04f14p01-ch4sk1fk1fl1.tiff,E04_s14,3,low,,3_low,train
HepatoPAC Islands 20260413,E04,15,r05c04f15p01-ch1sk1fk1fl1.tiff,r05c04f15p01-ch6sk1fk1fl1.tiff,r05c04f15p01-ch2sk1fk1fl1.tiff,r05c04f15p01-ch5sk1fk1fl1.tiff,r05c04f15p01-ch3sk1fk1fl1.tiff,r05c04f15p01-ch4sk1fk1fl1.tiff,E04_s15,3,low,,3_low,train
HepatoPAC Islands 20260413,E04,16,r05c04f16p01-ch1sk1fk1fl1.tiff,r05c04f16p01-ch6sk1fk1fl1.tiff,r05c04f16p01-ch2sk1fk1fl1.tiff,r05c04f16p01-ch5sk1fk1fl1.tiff,r05c04f16p01-ch3sk1fk1fl1.tiff,r05c04f16p01-ch4sk1fk1fl1.tiff,E04_s16,3,low,,3_low,train
HepatoPAC Islands 20260413,E04,17,r05c04f17p01-ch1sk1fk1fl1.tiff,r05c04f17p01-ch6sk1fk1fl1.tiff,r05c04f17p01-ch2sk1fk1fl1.tiff,r05c04f17p01-ch5sk1fk1fl1.tiff,r05c04f17p01-ch3sk1fk1fl1.tiff,r05c04f17p01-ch4sk1fk1fl1.tiff,E04_s17,3,low,,3_low,train
HepatoPAC Islands 20260413,E04,18,r05c04f18p01-ch1sk1fk1fl1.tiff,r05c04f18p01-ch6sk1fk1fl1.tiff,r05c04f18p01-ch2sk1fk1fl1.tiff,r05c04f18p01-ch5sk1fk1fl1.tiff,r05c04f18p01-ch3sk1fk1fl1.tiff,r05c04f18p01-ch4sk1fk1fl1.tiff,E04_s18,3,low,,3_low,train
HepatoPAC Islands 20260413,E04,19,r05c04f19p01-ch1sk1fk1fl1.tiff,r05c04f19p01-ch6sk1fk1fl1.tiff,r05c04f19p01-ch2sk1fk1fl1.tiff,r05c04f19p01-ch5sk1fk1fl1.tiff,r05c04f19p01-ch3sk1fk1fl1.tiff,r05c04f19p01-ch4sk1fk1fl1.tiff,E04_s19,3,low,,3_low,train
HepatoPAC Islands 20260413,E04,20,r05c04f20p01-ch1sk1fk1fl1.tiff,r05c04f20p01-ch6sk1fk1fl1.tiff,r05c04f20p01-ch2sk1fk1fl1.tiff,r05c04f20p01-ch5sk1fk1fl1.tiff,r05c04f20p01-ch3sk1fk1fl1.tiff,r05c04f20p01-ch4sk1fk1fl1.tiff,E04_s20,3,low,,3_low,train
HepatoPAC Islands 20260413,E04,21,r05c04f21p01-ch1sk1fk1fl1.tiff,r05c04f21p01-ch6sk1fk1fl1.tiff,r05c04f21p01-ch2sk1fk1fl1.tiff,r05c04f21p01-ch5sk1fk1fl1.tiff,r05c04f21p01-ch3sk1fk1fl1.tiff,r05c04f21p01-ch4sk1fk1fl1.tiff,E04_s21,3,low,,3_low,train
HepatoPAC Islands 20260413,E04,22,r05c04f22p01-ch1sk1fk1fl1.tiff,r05c04f22p01-ch6sk1fk1fl1.tiff,r05c04f22p01-ch2sk1fk1fl1.tiff,r05c04f22p01-ch5sk1fk1fl1.tiff,r05c04f22p01-ch3sk1fk1fl1.tiff,r05c04f22p01-ch4sk1fk1fl1.tiff,E04_s22,3,low,,3_low,train
HepatoPAC Islands 20260413,E04,23,r05c04f23p01-ch1sk1fk1fl1.tiff,r05c04f23p01-ch6sk1fk1fl1.tiff,r05c04f23p01-ch2sk1fk1fl1.tiff,r05c04f23p01-ch5sk1fk1fl1.tiff,r05c04f23p01-ch3sk1fk1fl1.tiff,r05c04f23p01-ch4sk1fk1fl1.tiff,E04_s23,3,low,,3_low,train
HepatoPAC Islands 20260413,E04,24,r05c04f24p01-ch1sk1fk1fl1.tiff,r05c04f24p01-ch6sk1fk1fl1.tiff,r05c04f24p01-ch2sk1fk1fl1.tiff,r05c04f24p01-ch5sk1fk1fl1.tiff,r05c04f24p01-ch3sk1fk1fl1.tiff,r05c04f24p01-ch4sk1fk1fl1.tiff,E04_s24,3,low,,3_low,train
HepatoPAC Islands 20260413,E04,25,r05c04f25p01-ch1sk1fk1fl1.tiff,r05c04f25p01-ch6sk1fk1fl1.tiff,r05c04f25p01-ch2sk1fk1fl1.tiff,r05c04f25p01-ch5sk1fk1fl1.tiff,r05c04f25p01-ch3sk1fk1fl1.tiff,r05c04f25p01-ch4sk1fk1fl1.tiff,E04_s25,3,low,,3_low,train
HepatoPAC Islands 20260413,E04,26,r05c04f26p01-ch1sk1fk1fl1.tiff,r05c04f26p01-ch6sk1fk1fl1.tiff,r05c04f26p01-ch2sk1fk1fl1.tiff,r05c04f26p01-ch5sk1fk1fl1.tiff,r05c04f26p01-ch3sk1fk1fl1.tiff,r05c04f26p01-ch4sk1fk1fl1.tiff,E04_s26,3,low,,3_low,train
HepatoPAC Islands 20260413,E04,27,r05c04f27p01-ch1sk1fk1fl1.tiff,r05c04f27p01-ch6sk1fk1fl1.tiff,r05c04f27p01-ch2sk1fk1fl1.tiff,r05c04f27p01-ch5sk1fk1fl1.tiff,r05c04f27p01-ch3sk1fk1fl1.tiff,r05c04f27p01-ch4sk1fk1fl1.tiff,E04_s27,3,low,,3_low,train
HepatoPAC Islands 20260413,E04,28,r05c04f28p01-ch1sk1fk1fl1.tiff,r05c04f28p01-ch6sk1fk1fl1.tiff,r05c04f28p01-ch2sk1fk1fl1.tiff,r05c04f28p01-ch5sk1fk1fl1.tiff,r05c04f28p01-ch3sk1fk1fl1.tiff,r05c04f28p01-ch4sk1fk1fl1.tiff,E04_s28,3,low,,3_low,train
HepatoPAC Islands 20260413,E04,29,r05c04f29p01-ch1sk1fk1fl1.tiff,r05c04f29p01-ch6sk1fk1fl1.tiff,r05c04f29p01-ch2sk1fk1fl1.tiff,r05c04f29p01-ch5sk1fk1fl1.tiff,r05c04f29p01-ch3sk1fk1fl1.tiff,r05c04f29p01-ch4sk1fk1fl1.tiff,E04_s29,3,low,,3_low,train
HepatoPAC Islands 20260413,E04,30,r05c04f30p01-ch1sk1fk1fl1.tiff,r05c04f30p01-ch6sk1fk1fl1.tiff,r05c04f30p01-ch2sk1fk1fl1.tiff,r05c04f30p01-ch5sk1fk1fl1.tiff,r05c04f30p01-ch3sk1fk1fl1.tiff,r05c04f30p01-ch4sk1fk1fl1.tiff,E04_s30,3,low,,3_low,train
HepatoPAC Islands 20260413,E04,31,r05c04f31p01-ch1sk1fk1fl1.tiff,r05c04f31p01-ch6sk1fk1fl1.tiff,r05c04f31p01-ch2sk1fk1fl1.tiff,r05c04f31p01-ch5sk1fk1fl1.tiff,r05c04f31p01-ch3sk1fk1fl1.tiff,r05c04f31p01-ch4sk1fk1fl1.tiff,E04_s31,3,low,,3_low,train
HepatoPAC Islands 20260413,E04,32,r05c04f32p01-ch1sk1fk1fl1.tiff,r05c04f32p01-ch6sk1fk1fl1.tiff,r05c04f32p01-ch2sk1fk1fl1.tiff,r05c04f32p01-ch5sk1fk1fl1.tiff,r05c04f32p01-ch3sk1fk1fl1.tiff,r05c04f32p01-ch4sk1fk1fl1.tiff,E04_s32,3,low,,3_low,train
HepatoPAC Islands 20260413,E04,33,r05c04f33p01-ch1sk1fk1fl1.tiff,r05c04f33p01-ch6sk1fk1fl1.tiff,r05c04f33p01-ch2sk1fk1fl1.tiff,r05c04f33p01-ch5sk1fk1fl1.tiff,r05c04f33p01-ch3sk1fk1fl1.tiff,r05c04f33p01-ch4sk1fk1fl1.tiff,E04_s33,3,low,,3_low,train
HepatoPAC Islands 20260413,E04,34,r05c04f34p01-ch1sk1fk1fl1.tiff,r05c04f34p01-ch6sk1fk1fl1.tiff,r05c04f34p01-ch2sk1fk1fl1.tiff,r05c04f34p01-ch5sk1fk1fl1.tiff,r05c04f34p01-ch3sk1fk1fl1.tiff,r05c04f34p01-ch4sk1fk1fl1.tiff,E04_s34,3,low,,3_low,train
HepatoPAC Islands 20260413,E04,35,r05c04f35p01-ch1sk1fk1fl1.tiff,r05c04f35p01-ch6sk1fk1fl1.tiff,r05c04f35p01-ch2sk1fk1fl1.tiff,r05c04f35p01-ch5sk1fk1fl1.tiff,r05c04f35p01-ch3sk1fk1fl1.tiff,r05c04f35p01-ch4sk1fk1fl1.tiff,E04_s35,3,low,,3_low,train
HepatoPAC Islands 20260413,E04,36,r05c04f36p01-ch1sk1fk1fl1.tiff,r05c04f36p01-ch6sk1fk1fl1.tiff,r05c04f36p01-ch2sk1fk1fl1.tiff,r05c04f36p01-ch5sk1fk1fl1.tiff,r05c04f36p01-ch3sk1fk1fl1.tiff,r05c04f36p01-ch4sk1fk1fl1.tiff,E04_s36,3,low,,3_low,train
HepatoPAC Islands 20260413,E04,37,r05c04f37p01-ch1sk1fk1fl1.tiff,r05c04f37p01-ch6sk1fk1fl1.tiff,r05c04f37p01-ch2sk1fk1fl1.tiff,r05c04f37p01-ch5sk1fk1fl1.tiff,r05c04f37p01-ch3sk1fk1fl1.tiff,r05c04f37p01-ch4sk1fk1fl1.tiff,E04_s37,3,low,,3_low,train
HepatoPAC Islands 20260413,E04,38,r05c04f38p01-ch1sk1fk1fl1.tiff,r05c04f38p01-ch6sk1fk1fl1.tiff,r05c04f38p01-ch2sk1fk1fl1.tiff,r05c04f38p01-ch5sk1fk1fl1.tiff,r05c04f38p01-ch3sk1fk1fl1.tiff,r05c04f38p01-ch4sk1fk1fl1.tiff,E04_s38,3,low,,3_low,train
HepatoPAC Islands 20260413,E04,39,r05c04f39p01-ch1sk1fk1fl1.tiff,r05c04f39p01-ch6sk1fk1fl1.tiff,r05c04f39p01-ch2sk1fk1fl1.tiff,r05c04f39p01-ch5sk1fk1fl1.tiff,r05c04f39p01-ch3sk1fk1fl1.tiff,r05c04f39p01-ch4sk1fk1fl1.tiff,E04_s39,3,low,,3_low,train
HepatoPAC Islands 20260413,E04,40,r05c04f40p01-ch1sk1fk1fl1.tiff,r05c04f40p01-ch6sk1fk1fl1.tiff,r05c04f40p01-ch2sk1fk1fl1.tiff,r05c04f40p01-ch5sk1fk1fl1.tiff,r05c04f40p01-ch3sk1fk1fl1.tiff,r05c04f40p01-ch4sk1fk1fl1.tiff,E04_s40,3,low,,3_low,train
HepatoPAC Islands 20260413,E04,41,r05c04f41p01-ch1sk1fk1fl1.tiff,r05c04f41p01-ch6sk1fk1fl1.tiff,r05c04f41p01-ch2sk1fk1fl1.tiff,r05c04f41p01-ch5sk1fk1fl1.tiff,r05c04f41p01-ch3sk1fk1fl1.tiff,r05c04f41p01-ch4sk1fk1fl1.tiff,E04_s41,3,low,,3_low,train
HepatoPAC Islands 20260413,E04,42,r05c04f42p01-ch1sk1fk1fl1.tiff,r05c04f42p01-ch6sk1fk1fl1.tiff,r05c04f42p01-ch2sk1fk1fl1.tiff,r05c04f42p01-ch5sk1fk1fl1.tiff,r05c04f42p01-ch3sk1fk1fl1.tiff,r05c04f42p01-ch4sk1fk1fl1.tiff,E04_s42,3,low,,3_low,train
HepatoPAC Islands 20260413,E04,43,r05c04f43p01-ch1sk1fk1fl1.tiff,r05c04f43p01-ch6sk1fk1fl1.tiff,r05c04f43p01-ch2sk1fk1fl1.tiff,r05c04f43p01-ch5sk1fk1fl1.tiff,r05c04f43p01-ch3sk1fk1fl1.tiff,r05c04f43p01-ch4sk1fk1fl1.tiff,E04_s43,3,low,,3_low,train
HepatoPAC Islands 20260413,E04,44,r05c04f44p01-ch1sk1fk1fl1.tiff,r05c04f44p01-ch6sk1fk1fl1.tiff,r05c04f44p01-ch2sk1fk1fl1.tiff,r05c04f44p01-ch5sk1fk1fl1.tiff,r05c04f44p01-ch3sk1fk1fl1.tiff,r05c04f44p01-ch4sk1fk1fl1.tiff,E04_s44,3,low,,3_low,train
HepatoPAC Islands 20260413,E04,45,r05c04f45p01-ch1sk1fk1fl1.tiff,r05c04f45p01-ch6sk1fk1fl1.tiff,r05c04f45p01-ch2sk1fk1fl1.tiff,r05c04f45p01-ch5sk1fk1fl1.tiff,r05c04f45p01-ch3sk1fk1fl1.tiff,r05c04f45p01-ch4sk1fk1fl1.tiff,E04_s45,3,low,,3_low,train
HepatoPAC Islands 20260413,E04,46,r05c04f46p01-ch1sk1fk1fl1.tiff,r05c04f46p01-ch6sk1fk1fl1.tiff,r05c04f46p01-ch2sk1fk1fl1.tiff,r05c04f46p01-ch5sk1fk1fl1.tiff,r05c04f46p01-ch3sk1fk1fl1.tiff,r05c04f46p01-ch4sk1fk1fl1.tiff,E04_s46,3,low,,3_low,train
HepatoPAC Islands 20260413,E04,47,r05c04f47p01-ch1sk1fk1fl1.tiff,r05c04f47p01-ch6sk1fk1fl1.tiff,r05c04f47p01-ch2sk1fk1fl1.tiff,r05c04f47p01-ch5sk1fk1fl1.tiff,r05c04f47p01-ch3sk1fk1fl1.tiff,r05c04f47p01-ch4sk1fk1fl1.tiff,E04_s47,3,low,,3_low,train
HepatoPAC Islands 20260413,E04,48,r05c04f48p01-ch1sk1fk1fl1.tiff,r05c04f48p01-ch6sk1fk1fl1.tiff,r05c04f48p01-ch2sk1fk1fl1.tiff,r05c04f48p01-ch5sk1fk1fl1.tiff,r05c04f48p01-ch3sk1fk1fl1.tiff,r05c04f48p01-ch4sk1fk1fl1.tiff,E04_s48,3,low,,3_low,train
HepatoPAC Islands 20260413,E04,49,r05c04f49p01-ch1sk1fk1fl1.tiff,r05c04f49p01-ch6sk1fk1fl1.tiff,r05c04f49p01-ch2sk1fk1fl1.tiff,r05c04f49p01-ch5sk1fk1fl1.tiff,r05c04f49p01-ch3sk1fk1fl1.tiff,r05c04f49p01-ch4sk1fk1fl1.tiff,E04_s49,3,low,,3_low,train
HepatoPAC Islands 20260413,E05,1,r05c05f01p01-ch1sk1fk1fl1.tiff,r05c05f01p01-ch6sk1fk1fl1.tiff,r05c05f01p01-ch2sk1fk1fl1.tiff,r05c05f01p01-ch5sk1fk1fl1.tiff,r05c05f01p01-ch3sk1fk1fl1.tiff,r05c05f01p01-ch4sk1fk1fl1.tiff,E05_s01,2,low,,2_low,train
HepatoPAC Islands 20260413,E05,2,r05c05f02p01-ch1sk1fk1fl1.tiff,r05c05f02p01-ch6sk1fk1fl1.tiff,r05c05f02p01-ch2sk1fk1fl1.tiff,r05c05f02p01-ch5sk1fk1fl1.tiff,r05c05f02p01-ch3sk1fk1fl1.tiff,r05c05f02p01-ch4sk1fk1fl1.tiff,E05_s02,2,low,,2_low,train
HepatoPAC Islands 20260413,E05,3,r05c05f03p01-ch1sk1fk1fl1.tiff,r05c05f03p01-ch6sk1fk1fl1.tiff,r05c05f03p01-ch2sk1fk1fl1.tiff,r05c05f03p01-ch5sk1fk1fl1.tiff,r05c05f03p01-ch3sk1fk1fl1.tiff,r05c05f03p01-ch4sk1fk1fl1.tiff,E05_s03,2,low,,2_low,train
HepatoPAC Islands 20260413,E05,4,r05c05f04p01-ch1sk1fk1fl1.tiff,r05c05f04p01-ch6sk1fk1fl1.tiff,r05c05f04p01-ch2sk1fk1fl1.tiff,r05c05f04p01-ch5sk1fk1fl1.tiff,r05c05f04p01-ch3sk1fk1fl1.tiff,r05c05f04p01-ch4sk1fk1fl1.tiff,E05_s04,2,low,,2_low,train
HepatoPAC Islands 20260413,E05,5,r05c05f05p01-ch1sk1fk1fl1.tiff,r05c05f05p01-ch6sk1fk1fl1.tiff,r05c05f05p01-ch2sk1fk1fl1.tiff,r05c05f05p01-ch5sk1fk1fl1.tiff,r05c05f05p01-ch3sk1fk1fl1.tiff,r05c05f05p01-ch4sk1fk1fl1.tiff,E05_s05,2,low,,2_low,train
HepatoPAC Islands 20260413,E05,6,r05c05f06p01-ch1sk1fk1fl1.tiff,r05c05f06p01-ch6sk1fk1fl1.tiff,r05c05f06p01-ch2sk1fk1fl1.tiff,r05c05f06p01-ch5sk1fk1fl1.tiff,r05c05f06p01-ch3sk1fk1fl1.tiff,r05c05f06p01-ch4sk1fk1fl1.tiff,E05_s06,2,low,,2_low,train
HepatoPAC Islands 20260413,E05,7,r05c05f07p01-ch1sk1fk1fl1.tiff,r05c05f07p01-ch6sk1fk1fl1.tiff,r05c05f07p01-ch2sk1fk1fl1.tiff,r05c05f07p01-ch5sk1fk1fl1.tiff,r05c05f07p01-ch3sk1fk1fl1.tiff,r05c05f07p01-ch4sk1fk1fl1.tiff,E05_s07,2,low,,2_low,train
HepatoPAC Islands 20260413,E05,8,r05c05f08p01-ch1sk1fk1fl1.tiff,r05c05f08p01-ch6sk1fk1fl1.tiff,r05c05f08p01-ch2sk1fk1fl1.tiff,r05c05f08p01-ch5sk1fk1fl1.tiff,r05c05f08p01-ch3sk1fk1fl1.tiff,r05c05f08p01-ch4sk1fk1fl1.tiff,E05_s08,2,low,,2_low,train
HepatoPAC Islands 20260413,E05,9,r05c05f09p01-ch1sk1fk1fl1.tiff,r05c05f09p01-ch6sk1fk1fl1.tiff,r05c05f09p01-ch2sk1fk1fl1.tiff,r05c05f09p01-ch5sk1fk1fl1.tiff,r05c05f09p01-ch3sk1fk1fl1.tiff,r05c05f09p01-ch4sk1fk1fl1.tiff,E05_s09,2,low,,2_low,train
HepatoPAC Islands 20260413,E05,10,r05c05f10p01-ch1sk1fk1fl1.tiff,r05c05f10p01-ch6sk1fk1fl1.tiff,r05c05f10p01-ch2sk1fk1fl1.tiff,r05c05f10p01-ch5sk1fk1fl1.tiff,r05c05f10p01-ch3sk1fk1fl1.tiff,r05c05f10p01-ch4sk1fk1fl1.tiff,E05_s10,2,low,,2_low,train
HepatoPAC Islands 20260413,E05,11,r05c05f11p01-ch1sk1fk1fl1.tiff,r05c05f11p01-ch6sk1fk1fl1.tiff,r05c05f11p01-ch2sk1fk1fl1.tiff,r05c05f11p01-ch5sk1fk1fl1.tiff,r05c05f11p01-ch3sk1fk1fl1.tiff,r05c05f11p01-ch4sk1fk1fl1.tiff,E05_s11,2,low,,2_low,train
HepatoPAC Islands 20260413,E05,12,r05c05f12p01-ch1sk1fk1fl1.tiff,r05c05f12p01-ch6sk1fk1fl1.tiff,r05c05f12p01-ch2sk1fk1fl1.tiff,r05c05f12p01-ch5sk1fk1fl1.tiff,r05c05f12p01-ch3sk1fk1fl1.tiff,r05c05f12p01-ch4sk1fk1fl1.tiff,E05_s12,2,low,,2_low,train
HepatoPAC Islands 20260413,E05,13,r05c05f13p01-ch1sk1fk1fl1.tiff,r05c05f13p01-ch6sk1fk1fl1.tiff,r05c05f13p01-ch2sk1fk1fl1.tiff,r05c05f13p01-ch5sk1fk1fl1.tiff,r05c05f13p01-ch3sk1fk1fl1.tiff,r05c05f13p01-ch4sk1fk1fl1.tiff,E05_s13,2,low,,2_low,train
HepatoPAC Islands 20260413,E05,14,r05c05f14p01-ch1sk1fk1fl1.tiff,r05c05f14p01-ch6sk1fk1fl1.tiff,r05c05f14p01-ch2sk1fk1fl1.tiff,r05c05f14p01-ch5sk1fk1fl1.tiff,r05c05f14p01-ch3sk1fk1fl1.tiff,r05c05f14p01-ch4sk1fk1fl1.tiff,E05_s14,2,low,,2_low,train
HepatoPAC Islands 20260413,E05,15,r05c05f15p01-ch1sk1fk1fl1.tiff,r05c05f15p01-ch6sk1fk1fl1.tiff,r05c05f15p01-ch2sk1fk1fl1.tiff,r05c05f15p01-ch5sk1fk1fl1.tiff,r05c05f15p01-ch3sk1fk1fl1.tiff,r05c05f15p01-ch4sk1fk1fl1.tiff,E05_s15,2,low,,2_low,train
HepatoPAC Islands 20260413,E05,16,r05c05f16p01-ch1sk1fk1fl1.tiff,r05c05f16p01-ch6sk1fk1fl1.tiff,r05c05f16p01-ch2sk1fk1fl1.tiff,r05c05f16p01-ch5sk1fk1fl1.tiff,r05c05f16p01-ch3sk1fk1fl1.tiff,r05c05f16p01-ch4sk1fk1fl1.tiff,E05_s16,2,low,,2_low,train
HepatoPAC Islands 20260413,E05,17,r05c05f17p01-ch1sk1fk1fl1.tiff,r05c05f17p01-ch6sk1fk1fl1.tiff,r05c05f17p01-ch2sk1fk1fl1.tiff,r05c05f17p01-ch5sk1fk1fl1.tiff,r05c05f17p01-ch3sk1fk1fl1.tiff,r05c05f17p01-ch4sk1fk1fl1.tiff,E05_s17,2,low,,2_low,train
HepatoPAC Islands 20260413,E05,18,r05c05f18p01-ch1sk1fk1fl1.tiff,r05c05f18p01-ch6sk1fk1fl1.tiff,r05c05f18p01-ch2sk1fk1fl1.tiff,r05c05f18p01-ch5sk1fk1fl1.tiff,r05c05f18p01-ch3sk1fk1fl1.tiff,r05c05f18p01-ch4sk1fk1fl1.tiff,E05_s18,2,low,,2_low,train
HepatoPAC Islands 20260413,E05,19,r05c05f19p01-ch1sk1fk1fl1.tiff,r05c05f19p01-ch6sk1fk1fl1.tiff,r05c05f19p01-ch2sk1fk1fl1.tiff,r05c05f19p01-ch5sk1fk1fl1.tiff,r05c05f19p01-ch3sk1fk1fl1.tiff,r05c05f19p01-ch4sk1fk1fl1.tiff,E05_s19,2,low,,2_low,train
HepatoPAC Islands 20260413,E05,20,r05c05f20p01-ch1sk1fk1fl1.tiff,r05c05f20p01-ch6sk1fk1fl1.tiff,r05c05f20p01-ch2sk1fk1fl1.tiff,r05c05f20p01-ch5sk1fk1fl1.tiff,r05c05f20p01-ch3sk1fk1fl1.tiff,r05c05f20p01-ch4sk1fk1fl1.tiff,E05_s20,2,low,,2_low,train
HepatoPAC Islands 20260413,E05,21,r05c05f21p01-ch1sk1fk1fl1.tiff,r05c05f21p01-ch6sk1fk1fl1.tiff,r05c05f21p01-ch2sk1fk1fl1.tiff,r05c05f21p01-ch5sk1fk1fl1.tiff,r05c05f21p01-ch3sk1fk1fl1.tiff,r05c05f21p01-ch4sk1fk1fl1.tiff,E05_s21,2,low,,2_low,train
HepatoPAC Islands 20260413,E05,22,r05c05f22p01-ch1sk1fk1fl1.tiff,r05c05f22p01-ch6sk1fk1fl1.tiff,r05c05f22p01-ch2sk1fk1fl1.tiff,r05c05f22p01-ch5sk1fk1fl1.tiff,r05c05f22p01-ch3sk1fk1fl1.tiff,r05c05f22p01-ch4sk1fk1fl1.tiff,E05_s22,2,low,,2_low,train
HepatoPAC Islands 20260413,E05,23,r05c05f23p01-ch1sk1fk1fl1.tiff,r05c05f23p01-ch6sk1fk1fl1.tiff,r05c05f23p01-ch2sk1fk1fl1.tiff,r05c05f23p01-ch5sk1fk1fl1.tiff,r05c05f23p01-ch3sk1fk1fl1.tiff,r05c05f23p01-ch4sk1fk1fl1.tiff,E05_s23,2,low,,2_low,train
HepatoPAC Islands 20260413,E05,24,r05c05f24p01-ch1sk1fk1fl1.tiff,r05c05f24p01-ch6sk1fk1fl1.tiff,r05c05f24p01-ch2sk1fk1fl1.tiff,r05c05f24p01-ch5sk1fk1fl1.tiff,r05c05f24p01-ch3sk1fk1fl1.tiff,r05c05f24p01-ch4sk1fk1fl1.tiff,E05_s24,2,low,,2_low,train
HepatoPAC Islands 20260413,E05,25,r05c05f25p01-ch1sk1fk1fl1.tiff,r05c05f25p01-ch6sk1fk1fl1.tiff,r05c05f25p01-ch2sk1fk1fl1.tiff,r05c05f25p01-ch5sk1fk1fl1.tiff,r05c05f25p01-ch3sk1fk1fl1.tiff,r05c05f25p01-ch4sk1fk1fl1.tiff,E05_s25,2,low,,2_low,train
HepatoPAC Islands 20260413,E05,26,r05c05f26p01-ch1sk1fk1fl1.tiff,r05c05f26p01-ch6sk1fk1fl1.tiff,r05c05f26p01-ch2sk1fk1fl1.tiff,r05c05f26p01-ch5sk1fk1fl1.tiff,r05c05f26p01-ch3sk1fk1fl1.tiff,r05c05f26p01-ch4sk1fk1fl1.tiff,E05_s26,2,low,,2_low,train
HepatoPAC Islands 20260413,E05,27,r05c05f27p01-ch1sk1fk1fl1.tiff,r05c05f27p01-ch6sk1fk1fl1.tiff,r05c05f27p01-ch2sk1fk1fl1.tiff,r05c05f27p01-ch5sk1fk1fl1.tiff,r05c05f27p01-ch3sk1fk1fl1.tiff,r05c05f27p01-ch4sk1fk1fl1.tiff,E05_s27,2,low,,2_low,train
HepatoPAC Islands 20260413,E05,28,r05c05f28p01-ch1sk1fk1fl1.tiff,r05c05f28p01-ch6sk1fk1fl1.tiff,r05c05f28p01-ch2sk1fk1fl1.tiff,r05c05f28p01-ch5sk1fk1fl1.tiff,r05c05f28p01-ch3sk1fk1fl1.tiff,r05c05f28p01-ch4sk1fk1fl1.tiff,E05_s28,2,low,,2_low,train
HepatoPAC Islands 20260413,E05,29,r05c05f29p01-ch1sk1fk1fl1.tiff,r05c05f29p01-ch6sk1fk1fl1.tiff,r05c05f29p01-ch2sk1fk1fl1.tiff,r05c05f29p01-ch5sk1fk1fl1.tiff,r05c05f29p01-ch3sk1fk1fl1.tiff,r05c05f29p01-ch4sk1fk1fl1.tiff,E05_s29,2,low,,2_low,train
HepatoPAC Islands 20260413,E05,30,r05c05f30p01-ch1sk1fk1fl1.tiff,r05c05f30p01-ch6sk1fk1fl1.tiff,r05c05f30p01-ch2sk1fk1fl1.tiff,r05c05f30p01-ch5sk1fk1fl1.tiff,r05c05f30p01-ch3sk1fk1fl1.tiff,r05c05f30p01-ch4sk1fk1fl1.tiff,E05_s30,2,low,,2_low,train
HepatoPAC Islands 20260413,E05,31,r05c05f31p01-ch1sk1fk1fl1.tiff,r05c05f31p01-ch6sk1fk1fl1.tiff,r05c05f31p01-ch2sk1fk1fl1.tiff,r05c05f31p01-ch5sk1fk1fl1.tiff,r05c05f31p01-ch3sk1fk1fl1.tiff,r05c05f31p01-ch4sk1fk1fl1.tiff,E05_s31,2,low,,2_low,train
HepatoPAC Islands 20260413,E05,32,r05c05f32p01-ch1sk1fk1fl1.tiff,r05c05f32p01-ch6sk1fk1fl1.tiff,r05c05f32p01-ch2sk1fk1fl1.tiff,r05c05f32p01-ch5sk1fk1fl1.tiff,r05c05f32p01-ch3sk1fk1fl1.tiff,r05c05f32p01-ch4sk1fk1fl1.tiff,E05_s32,2,low,,2_low,train
HepatoPAC Islands 20260413,E05,33,r05c05f33p01-ch1sk1fk1fl1.tiff,r05c05f33p01-ch6sk1fk1fl1.tiff,r05c05f33p01-ch2sk1fk1fl1.tiff,r05c05f33p01-ch5sk1fk1fl1.tiff,r05c05f33p01-ch3sk1fk1fl1.tiff,r05c05f33p01-ch4sk1fk1fl1.tiff,E05_s33,2,low,,2_low,train
HepatoPAC Islands 20260413,E05,34,r05c05f34p01-ch1sk1fk1fl1.tiff,r05c05f34p01-ch6sk1fk1fl1.tiff,r05c05f34p01-ch2sk1fk1fl1.tiff,r05c05f34p01-ch5sk1fk1fl1.tiff,r05c05f34p01-ch3sk1fk1fl1.tiff,r05c05f34p01-ch4sk1fk1fl1.tiff,E05_s34,2,low,,2_low,train
HepatoPAC Islands 20260413,E05,35,r05c05f35p01-ch1sk1fk1fl1.tiff,r05c05f35p01-ch6sk1fk1fl1.tiff,r05c05f35p01-ch2sk1fk1fl1.tiff,r05c05f35p01-ch5sk1fk1fl1.tiff,r05c05f35p01-ch3sk1fk1fl1.tiff,r05c05f35p01-ch4sk1fk1fl1.tiff,E05_s35,2,low,,2_low,train
HepatoPAC Islands 20260413,E05,36,r05c05f36p01-ch1sk1fk1fl1.tiff,r05c05f36p01-ch6sk1fk1fl1.tiff,r05c05f36p01-ch2sk1fk1fl1.tiff,r05c05f36p01-ch5sk1fk1fl1.tiff,r05c05f36p01-ch3sk1fk1fl1.tiff,r05c05f36p01-ch4sk1fk1fl1.tiff,E05_s36,2,low,,2_low,train
HepatoPAC Islands 20260413,E05,37,r05c05f37p01-ch1sk1fk1fl1.tiff,r05c05f37p01-ch6sk1fk1fl1.tiff,r05c05f37p01-ch2sk1fk1fl1.tiff,r05c05f37p01-ch5sk1fk1fl1.tiff,r05c05f37p01-ch3sk1fk1fl1.tiff,r05c05f37p01-ch4sk1fk1fl1.tiff,E05_s37,2,low,,2_low,train
HepatoPAC Islands 20260413,E05,38,r05c05f38p01-ch1sk1fk1fl1.tiff,r05c05f38p01-ch6sk1fk1fl1.tiff,r05c05f38p01-ch2sk1fk1fl1.tiff,r05c05f38p01-ch5sk1fk1fl1.tiff,r05c05f38p01-ch3sk1fk1fl1.tiff,r05c05f38p01-ch4sk1fk1fl1.tiff,E05_s38,2,low,,2_low,train
HepatoPAC Islands 20260413,E05,39,r05c05f39p01-ch1sk1fk1fl1.tiff,r05c05f39p01-ch6sk1fk1fl1.tiff,r05c05f39p01-ch2sk1fk1fl1.tiff,r05c05f39p01-ch5sk1fk1fl1.tiff,r05c05f39p01-ch3sk1fk1fl1.tiff,r05c05f39p01-ch4sk1fk1fl1.tiff,E05_s39,2,low,,2_low,train
HepatoPAC Islands 20260413,E05,40,r05c05f40p01-ch1sk1fk1fl1.tiff,r05c05f40p01-ch6sk1fk1fl1.tiff,r05c05f40p01-ch2sk1fk1fl1.tiff,r05c05f40p01-ch5sk1fk1fl1.tiff,r05c05f40p01-ch3sk1fk1fl1.tiff,r05c05f40p01-ch4sk1fk1fl1.tiff,E05_s40,2,low,,2_low,train
HepatoPAC Islands 20260413,E05,41,r05c05f41p01-ch1sk1fk1fl1.tiff,r05c05f41p01-ch6sk1fk1fl1.tiff,r05c05f41p01-ch2sk1fk1fl1.tiff,r05c05f41p01-ch5sk1fk1fl1.tiff,r05c05f41p01-ch3sk1fk1fl1.tiff,r05c05f41p01-ch4sk1fk1fl1.tiff,E05_s41,2,low,,2_low,train
HepatoPAC Islands 20260413,E05,42,r05c05f42p01-ch1sk1fk1fl1.tiff,r05c05f42p01-ch6sk1fk1fl1.tiff,r05c05f42p01-ch2sk1fk1fl1.tiff,r05c05f42p01-ch5sk1fk1fl1.tiff,r05c05f42p01-ch3sk1fk1fl1.tiff,r05c05f42p01-ch4sk1fk1fl1.tiff,E05_s42,2,low,,2_low,train
HepatoPAC Islands 20260413,E05,43,r05c05f43p01-ch1sk1fk1fl1.tiff,r05c05f43p01-ch6sk1fk1fl1.tiff,r05c05f43p01-ch2sk1fk1fl1.tiff,r05c05f43p01-ch5sk1fk1fl1.tiff,r05c05f43p01-ch3sk1fk1fl1.tiff,r05c05f43p01-ch4sk1fk1fl1.tiff,E05_s43,2,low,,2_low,train
HepatoPAC Islands 20260413,E05,44,r05c05f44p01-ch1sk1fk1fl1.tiff,r05c05f44p01-ch6sk1fk1fl1.tiff,r05c05f44p01-ch2sk1fk1fl1.tiff,r05c05f44p01-ch5sk1fk1fl1.tiff,r05c05f44p01-ch3sk1fk1fl1.tiff,r05c05f44p01-ch4sk1fk1fl1.tiff,E05_s44,2,low,,2_low,train
HepatoPAC Islands 20260413,E05,45,r05c05f45p01-ch1sk1fk1fl1.tiff,r05c05f45p01-ch6sk1fk1fl1.tiff,r05c05f45p01-ch2sk1fk1fl1.tiff,r05c05f45p01-ch5sk1fk1fl1.tiff,r05c05f45p01-ch3sk1fk1fl1.tiff,r05c05f45p01-ch4sk1fk1fl1.tiff,E05_s45,2,low,,2_low,train
HepatoPAC Islands 20260413,E05,46,r05c05f46p01-ch1sk1fk1fl1.tiff,r05c05f46p01-ch6sk1fk1fl1.tiff,r05c05f46p01-ch2sk1fk1fl1.tiff,r05c05f46p01-ch5sk1fk1fl1.tiff,r05c05f46p01-ch3sk1fk1fl1.tiff,r05c05f46p01-ch4sk1fk1fl1.tiff,E05_s46,2,low,,2_low,train
HepatoPAC Islands 20260413,E05,47,r05c05f47p01-ch1sk1fk1fl1.tiff,r05c05f47p01-ch6sk1fk1fl1.tiff,r05c05f47p01-ch2sk1fk1fl1.tiff,r05c05f47p01-ch5sk1fk1fl1.tiff,r05c05f47p01-ch3sk1fk1fl1.tiff,r05c05f47p01-ch4sk1fk1fl1.tiff,E05_s47,2,low,,2_low,train
HepatoPAC Islands 20260413,E05,48,r05c05f48p01-ch1sk1fk1fl1.tiff,r05c05f48p01-ch6sk1fk1fl1.tiff,r05c05f48p01-ch2sk1fk1fl1.tiff,r05c05f48p01-ch5sk1fk1fl1.tiff,r05c05f48p01-ch3sk1fk1fl1.tiff,r05c05f48p01-ch4sk1fk1fl1.tiff,E05_s48,2,low,,2_low,train
HepatoPAC Islands 20260413,E05,49,r05c05f49p01-ch1sk1fk1fl1.tiff,r05c05f49p01-ch6sk1fk1fl1.tiff,r05c05f49p01-ch2sk1fk1fl1.tiff,r05c05f49p01-ch5sk1fk1fl1.tiff,r05c05f49p01-ch3sk1fk1fl1.tiff,r05c05f49p01-ch4sk1fk1fl1.tiff,E05_s49,2,low,,2_low,train
HepatoPAC Islands 20260413,E06,1,r05c06f01p01-ch1sk1fk1fl1.tiff,r05c06f01p01-ch6sk1fk1fl1.tiff,r05c06f01p01-ch2sk1fk1fl1.tiff,r05c06f01p01-ch5sk1fk1fl1.tiff,r05c06f01p01-ch3sk1fk1fl1.tiff,r05c06f01p01-ch4sk1fk1fl1.tiff,E06_s01,1,low,,1_low,train
HepatoPAC Islands 20260413,E06,2,r05c06f02p01-ch1sk1fk1fl1.tiff,r05c06f02p01-ch6sk1fk1fl1.tiff,r05c06f02p01-ch2sk1fk1fl1.tiff,r05c06f02p01-ch5sk1fk1fl1.tiff,r05c06f02p01-ch3sk1fk1fl1.tiff,r05c06f02p01-ch4sk1fk1fl1.tiff,E06_s02,1,low,,1_low,train
HepatoPAC Islands 20260413,E06,3,r05c06f03p01-ch1sk1fk1fl1.tiff,r05c06f03p01-ch6sk1fk1fl1.tiff,r05c06f03p01-ch2sk1fk1fl1.tiff,r05c06f03p01-ch5sk1fk1fl1.tiff,r05c06f03p01-ch3sk1fk1fl1.tiff,r05c06f03p01-ch4sk1fk1fl1.tiff,E06_s03,1,low,,1_low,train
HepatoPAC Islands 20260413,E06,4,r05c06f04p01-ch1sk1fk1fl1.tiff,r05c06f04p01-ch6sk1fk1fl1.tiff,r05c06f04p01-ch2sk1fk1fl1.tiff,r05c06f04p01-ch5sk1fk1fl1.tiff,r05c06f04p01-ch3sk1fk1fl1.tiff,r05c06f04p01-ch4sk1fk1fl1.tiff,E06_s04,1,low,,1_low,train
HepatoPAC Islands 20260413,E06,5,r05c06f05p01-ch1sk1fk1fl1.tiff,r05c06f05p01-ch6sk1fk1fl1.tiff,r05c06f05p01-ch2sk1fk1fl1.tiff,r05c06f05p01-ch5sk1fk1fl1.tiff,r05c06f05p01-ch3sk1fk1fl1.tiff,r05c06f05p01-ch4sk1fk1fl1.tiff,E06_s05,1,low,,1_low,train
HepatoPAC Islands 20260413,E06,6,r05c06f06p01-ch1sk1fk1fl1.tiff,r05c06f06p01-ch6sk1fk1fl1.tiff,r05c06f06p01-ch2sk1fk1fl1.tiff,r05c06f06p01-ch5sk1fk1fl1.tiff,r05c06f06p01-ch3sk1fk1fl1.tiff,r05c06f06p01-ch4sk1fk1fl1.tiff,E06_s06,1,low,,1_low,train
HepatoPAC Islands 20260413,E06,7,r05c06f07p01-ch1sk1fk1fl1.tiff,r05c06f07p01-ch6sk1fk1fl1.tiff,r05c06f07p01-ch2sk1fk1fl1.tiff,r05c06f07p01-ch5sk1fk1fl1.tiff,r05c06f07p01-ch3sk1fk1fl1.tiff,r05c06f07p01-ch4sk1fk1fl1.tiff,E06_s07,1,low,,1_low,train
HepatoPAC Islands 20260413,E06,8,r05c06f08p01-ch1sk1fk1fl1.tiff,r05c06f08p01-ch6sk1fk1fl1.tiff,r05c06f08p01-ch2sk1fk1fl1.tiff,r05c06f08p01-ch5sk1fk1fl1.tiff,r05c06f08p01-ch3sk1fk1fl1.tiff,r05c06f08p01-ch4sk1fk1fl1.tiff,E06_s08,1,low,,1_low,train
HepatoPAC Islands 20260413,E06,9,r05c06f09p01-ch1sk1fk1fl1.tiff,r05c06f09p01-ch6sk1fk1fl1.tiff,r05c06f09p01-ch2sk1fk1fl1.tiff,r05c06f09p01-ch5sk1fk1fl1.tiff,r05c06f09p01-ch3sk1fk1fl1.tiff,r05c06f09p01-ch4sk1fk1fl1.tiff,E06_s09,1,low,,1_low,train
HepatoPAC Islands 20260413,E06,10,r05c06f10p01-ch1sk1fk1fl1.tiff,r05c06f10p01-ch6sk1fk1fl1.tiff,r05c06f10p01-ch2sk1fk1fl1.tiff,r05c06f10p01-ch5sk1fk1fl1.tiff,r05c06f10p01-ch3sk1fk1fl1.tiff,r05c06f10p01-ch4sk1fk1fl1.tiff,E06_s10,1,low,,1_low,train
HepatoPAC Islands 20260413,E06,11,r05c06f11p01-ch1sk1fk1fl1.tiff,r05c06f11p01-ch6sk1fk1fl1.tiff,r05c06f11p01-ch2sk1fk1fl1.tiff,r05c06f11p01-ch5sk1fk1fl1.tiff,r05c06f11p01-ch3sk1fk1fl1.tiff,r05c06f11p01-ch4sk1fk1fl1.tiff,E06_s11,1,low,,1_low,train
HepatoPAC Islands 20260413,E06,12,r05c06f12p01-ch1sk1fk1fl1.tiff,r05c06f12p01-ch6sk1fk1fl1.tiff,r05c06f12p01-ch2sk1fk1fl1.tiff,r05c06f12p01-ch5sk1fk1fl1.tiff,r05c06f12p01-ch3sk1fk1fl1.tiff,r05c06f12p01-ch4sk1fk1fl1.tiff,E06_s12,1,low,,1_low,train
HepatoPAC Islands 20260413,E06,13,r05c06f13p01-ch1sk1fk1fl1.tiff,r05c06f13p01-ch6sk1fk1fl1.tiff,r05c06f13p01-ch2sk1fk1fl1.tiff,r05c06f13p01-ch5sk1fk1fl1.tiff,r05c06f13p01-ch3sk1fk1fl1.tiff,r05c06f13p01-ch4sk1fk1fl1.tiff,E06_s13,1,low,,1_low,train
HepatoPAC Islands 20260413,E06,14,r05c06f14p01-ch1sk1fk1fl1.tiff,r05c06f14p01-ch6sk1fk1fl1.tiff,r05c06f14p01-ch2sk1fk1fl1.tiff,r05c06f14p01-ch5sk1fk1fl1.tiff,r05c06f14p01-ch3sk1fk1fl1.tiff,r05c06f14p01-ch4sk1fk1fl1.tiff,E06_s14,1,low,,1_low,train
HepatoPAC Islands 20260413,E06,15,r05c06f15p01-ch1sk1fk1fl1.tiff,r05c06f15p01-ch6sk1fk1fl1.tiff,r05c06f15p01-ch2sk1fk1fl1.tiff,r05c06f15p01-ch5sk1fk1fl1.tiff,r05c06f15p01-ch3sk1fk1fl1.tiff,r05c06f15p01-ch4sk1fk1fl1.tiff,E06_s15,1,low,,1_low,train
HepatoPAC Islands 20260413,E06,16,r05c06f16p01-ch1sk1fk1fl1.tiff,r05c06f16p01-ch6sk1fk1fl1.tiff,r05c06f16p01-ch2sk1fk1fl1.tiff,r05c06f16p01-ch5sk1fk1fl1.tiff,r05c06f16p01-ch3sk1fk1fl1.tiff,r05c06f16p01-ch4sk1fk1fl1.tiff,E06_s16,1,low,,1_low,train
HepatoPAC Islands 20260413,E06,17,r05c06f17p01-ch1sk1fk1fl1.tiff,r05c06f17p01-ch6sk1fk1fl1.tiff,r05c06f17p01-ch2sk1fk1fl1.tiff,r05c06f17p01-ch5sk1fk1fl1.tiff,r05c06f17p01-ch3sk1fk1fl1.tiff,r05c06f17p01-ch4sk1fk1fl1.tiff,E06_s17,1,low,,1_low,train
HepatoPAC Islands 20260413,E06,18,r05c06f18p01-ch1sk1fk1fl1.tiff,r05c06f18p01-ch6sk1fk1fl1.tiff,r05c06f18p01-ch2sk1fk1fl1.tiff,r05c06f18p01-ch5sk1fk1fl1.tiff,r05c06f18p01-ch3sk1fk1fl1.tiff,r05c06f18p01-ch4sk1fk1fl1.tiff,E06_s18,1,low,,1_low,train
HepatoPAC Islands 20260413,E06,19,r05c06f19p01-ch1sk1fk1fl1.tiff,r05c06f19p01-ch6sk1fk1fl1.tiff,r05c06f19p01-ch2sk1fk1fl1.tiff,r05c06f19p01-ch5sk1fk1fl1.tiff,r05c06f19p01-ch3sk1fk1fl1.tiff,r05c06f19p01-ch4sk1fk1fl1.tiff,E06_s19,1,low,,1_low,train
HepatoPAC Islands 20260413,E06,20,r05c06f20p01-ch1sk1fk1fl1.tiff,r05c06f20p01-ch6sk1fk1fl1.tiff,r05c06f20p01-ch2sk1fk1fl1.tiff,r05c06f20p01-ch5sk1fk1fl1.tiff,r05c06f20p01-ch3sk1fk1fl1.tiff,r05c06f20p01-ch4sk1fk1fl1.tiff,E06_s20,1,low,,1_low,train
HepatoPAC Islands 20260413,E06,21,r05c06f21p01-ch1sk1fk1fl1.tiff,r05c06f21p01-ch6sk1fk1fl1.tiff,r05c06f21p01-ch2sk1fk1fl1.tiff,r05c06f21p01-ch5sk1fk1fl1.tiff,r05c06f21p01-ch3sk1fk1fl1.tiff,r05c06f21p01-ch4sk1fk1fl1.tiff,E06_s21,1,low,,1_low,train
HepatoPAC Islands 20260413,E06,22,r05c06f22p01-ch1sk1fk1fl1.tiff,r05c06f22p01-ch6sk1fk1fl1.tiff,r05c06f22p01-ch2sk1fk1fl1.tiff,r05c06f22p01-ch5sk1fk1fl1.tiff,r05c06f22p01-ch3sk1fk1fl1.tiff,r05c06f22p01-ch4sk1fk1fl1.tiff,E06_s22,1,low,,1_low,train
HepatoPAC Islands 20260413,E06,23,r05c06f23p01-ch1sk1fk1fl1.tiff,r05c06f23p01-ch6sk1fk1fl1.tiff,r05c06f23p01-ch2sk1fk1fl1.tiff,r05c06f23p01-ch5sk1fk1fl1.tiff,r05c06f23p01-ch3sk1fk1fl1.tiff,r05c06f23p01-ch4sk1fk1fl1.tiff,E06_s23,1,low,,1_low,train
HepatoPAC Islands 20260413,E06,24,r05c06f24p01-ch1sk1fk1fl1.tiff,r05c06f24p01-ch6sk1fk1fl1.tiff,r05c06f24p01-ch2sk1fk1fl1.tiff,r05c06f24p01-ch5sk1fk1fl1.tiff,r05c06f24p01-ch3sk1fk1fl1.tiff,r05c06f24p01-ch4sk1fk1fl1.tiff,E06_s24,1,low,,1_low,train
HepatoPAC Islands 20260413,E06,25,r05c06f25p01-ch1sk1fk1fl1.tiff,r05c06f25p01-ch6sk1fk1fl1.tiff,r05c06f25p01-ch2sk1fk1fl1.tiff,r05c06f25p01-ch5sk1fk1fl1.tiff,r05c06f25p01-ch3sk1fk1fl1.tiff,r05c06f25p01-ch4sk1fk1fl1.tiff,E06_s25,1,low,,1_low,train
HepatoPAC Islands 20260413,E06,26,r05c06f26p01-ch1sk1fk1fl1.tiff,r05c06f26p01-ch6sk1fk1fl1.tiff,r05c06f26p01-ch2sk1fk1fl1.tiff,r05c06f26p01-ch5sk1fk1fl1.tiff,r05c06f26p01-ch3sk1fk1fl1.tiff,r05c06f26p01-ch4sk1fk1fl1.tiff,E06_s26,1,low,,1_low,train
HepatoPAC Islands 20260413,E06,27,r05c06f27p01-ch1sk1fk1fl1.tiff,r05c06f27p01-ch6sk1fk1fl1.tiff,r05c06f27p01-ch2sk1fk1fl1.tiff,r05c06f27p01-ch5sk1fk1fl1.tiff,r05c06f27p01-ch3sk1fk1fl1.tiff,r05c06f27p01-ch4sk1fk1fl1.tiff,E06_s27,1,low,,1_low,train
HepatoPAC Islands 20260413,E06,28,r05c06f28p01-ch1sk1fk1fl1.tiff,r05c06f28p01-ch6sk1fk1fl1.tiff,r05c06f28p01-ch2sk1fk1fl1.tiff,r05c06f28p01-ch5sk1fk1fl1.tiff,r05c06f28p01-ch3sk1fk1fl1.tiff,r05c06f28p01-ch4sk1fk1fl1.tiff,E06_s28,1,low,,1_low,train
HepatoPAC Islands 20260413,E06,29,r05c06f29p01-ch1sk1fk1fl1.tiff,r05c06f29p01-ch6sk1fk1fl1.tiff,r05c06f29p01-ch2sk1fk1fl1.tiff,r05c06f29p01-ch5sk1fk1fl1.tiff,r05c06f29p01-ch3sk1fk1fl1.tiff,r05c06f29p01-ch4sk1fk1fl1.tiff,E06_s29,1,low,,1_low,train
HepatoPAC Islands 20260413,E06,30,r05c06f30p01-ch1sk1fk1fl1.tiff,r05c06f30p01-ch6sk1fk1fl1.tiff,r05c06f30p01-ch2sk1fk1fl1.tiff,r05c06f30p01-ch5sk1fk1fl1.tiff,r05c06f30p01-ch3sk1fk1fl1.tiff,r05c06f30p01-ch4sk1fk1fl1.tiff,E06_s30,1,low,,1_low,train
HepatoPAC Islands 20260413,E06,31,r05c06f31p01-ch1sk1fk1fl1.tiff,r05c06f31p01-ch6sk1fk1fl1.tiff,r05c06f31p01-ch2sk1fk1fl1.tiff,r05c06f31p01-ch5sk1fk1fl1.tiff,r05c06f31p01-ch3sk1fk1fl1.tiff,r05c06f31p01-ch4sk1fk1fl1.tiff,E06_s31,1,low,,1_low,train
HepatoPAC Islands 20260413,E06,32,r05c06f32p01-ch1sk1fk1fl1.tiff,r05c06f32p01-ch6sk1fk1fl1.tiff,r05c06f32p01-ch2sk1fk1fl1.tiff,r05c06f32p01-ch5sk1fk1fl1.tiff,r05c06f32p01-ch3sk1fk1fl1.tiff,r05c06f32p01-ch4sk1fk1fl1.tiff,E06_s32,1,low,,1_low,train
HepatoPAC Islands 20260413,E06,33,r05c06f33p01-ch1sk1fk1fl1.tiff,r05c06f33p01-ch6sk1fk1fl1.tiff,r05c06f33p01-ch2sk1fk1fl1.tiff,r05c06f33p01-ch5sk1fk1fl1.tiff,r05c06f33p01-ch3sk1fk1fl1.tiff,r05c06f33p01-ch4sk1fk1fl1.tiff,E06_s33,1,low,,1_low,train
HepatoPAC Islands 20260413,E06,34,r05c06f34p01-ch1sk1fk1fl1.tiff,r05c06f34p01-ch6sk1fk1fl1.tiff,r05c06f34p01-ch2sk1fk1fl1.tiff,r05c06f34p01-ch5sk1fk1fl1.tiff,r05c06f34p01-ch3sk1fk1fl1.tiff,r05c06f34p01-ch4sk1fk1fl1.tiff,E06_s34,1,low,,1_low,train
HepatoPAC Islands 20260413,E06,35,r05c06f35p01-ch1sk1fk1fl1.tiff,r05c06f35p01-ch6sk1fk1fl1.tiff,r05c06f35p01-ch2sk1fk1fl1.tiff,r05c06f35p01-ch5sk1fk1fl1.tiff,r05c06f35p01-ch3sk1fk1fl1.tiff,r05c06f35p01-ch4sk1fk1fl1.tiff,E06_s35,1,low,,1_low,train
HepatoPAC Islands 20260413,E06,36,r05c06f36p01-ch1sk1fk1fl1.tiff,r05c06f36p01-ch6sk1fk1fl1.tiff,r05c06f36p01-ch2sk1fk1fl1.tiff,r05c06f36p01-ch5sk1fk1fl1.tiff,r05c06f36p01-ch3sk1fk1fl1.tiff,r05c06f36p01-ch4sk1fk1fl1.tiff,E06_s36,1,low,,1_low,train
HepatoPAC Islands 20260413,E06,37,r05c06f37p01-ch1sk1fk1fl1.tiff,r05c06f37p01-ch6sk1fk1fl1.tiff,r05c06f37p01-ch2sk1fk1fl1.tiff,r05c06f37p01-ch5sk1fk1fl1.tiff,r05c06f37p01-ch3sk1fk1fl1.tiff,r05c06f37p01-ch4sk1fk1fl1.tiff,E06_s37,1,low,,1_low,train
HepatoPAC Islands 20260413,E06,38,r05c06f38p01-ch1sk1fk1fl1.tiff,r05c06f38p01-ch6sk1fk1fl1.tiff,r05c06f38p01-ch2sk1fk1fl1.tiff,r05c06f38p01-ch5sk1fk1fl1.tiff,r05c06f38p01-ch3sk1fk1fl1.tiff,r05c06f38p01-ch4sk1fk1fl1.tiff,E06_s38,1,low,,1_low,train
HepatoPAC Islands 20260413,E06,39,r05c06f39p01-ch1sk1fk1fl1.tiff,r05c06f39p01-ch6sk1fk1fl1.tiff,r05c06f39p01-ch2sk1fk1fl1.tiff,r05c06f39p01-ch5sk1fk1fl1.tiff,r05c06f39p01-ch3sk1fk1fl1.tiff,r05c06f39p01-ch4sk1fk1fl1.tiff,E06_s39,1,low,,1_low,train
HepatoPAC Islands 20260413,E06,40,r05c06f40p01-ch1sk1fk1fl1.tiff,r05c06f40p01-ch6sk1fk1fl1.tiff,r05c06f40p01-ch2sk1fk1fl1.tiff,r05c06f40p01-ch5sk1fk1fl1.tiff,r05c06f40p01-ch3sk1fk1fl1.tiff,r05c06f40p01-ch4sk1fk1fl1.tiff,E06_s40,1,low,,1_low,train
HepatoPAC Islands 20260413,E06,41,r05c06f41p01-ch1sk1fk1fl1.tiff,r05c06f41p01-ch6sk1fk1fl1.tiff,r05c06f41p01-ch2sk1fk1fl1.tiff,r05c06f41p01-ch5sk1fk1fl1.tiff,r05c06f41p01-ch3sk1fk1fl1.tiff,r05c06f41p01-ch4sk1fk1fl1.tiff,E06_s41,1,low,,1_low,train
HepatoPAC Islands 20260413,E06,42,r05c06f42p01-ch1sk1fk1fl1.tiff,r05c06f42p01-ch6sk1fk1fl1.tiff,r05c06f42p01-ch2sk1fk1fl1.tiff,r05c06f42p01-ch5sk1fk1fl1.tiff,r05c06f42p01-ch3sk1fk1fl1.tiff,r05c06f42p01-ch4sk1fk1fl1.tiff,E06_s42,1,low,,1_low,train
HepatoPAC Islands 20260413,E06,43,r05c06f43p01-ch1sk1fk1fl1.tiff,r05c06f43p01-ch6sk1fk1fl1.tiff,r05c06f43p01-ch2sk1fk1fl1.tiff,r05c06f43p01-ch5sk1fk1fl1.tiff,r05c06f43p01-ch3sk1fk1fl1.tiff,r05c06f43p01-ch4sk1fk1fl1.tiff,E06_s43,1,low,,1_low,train
HepatoPAC Islands 20260413,E06,44,r05c06f44p01-ch1sk1fk1fl1.tiff,r05c06f44p01-ch6sk1fk1fl1.tiff,r05c06f44p01-ch2sk1fk1fl1.tiff,r05c06f44p01-ch5sk1fk1fl1.tiff,r05c06f44p01-ch3sk1fk1fl1.tiff,r05c06f44p01-ch4sk1fk1fl1.tiff,E06_s44,1,low,,1_low,train
HepatoPAC Islands 20260413,E06,45,r05c06f45p01-ch1sk1fk1fl1.tiff,r05c06f45p01-ch6sk1fk1fl1.tiff,r05c06f45p01-ch2sk1fk1fl1.tiff,r05c06f45p01-ch5sk1fk1fl1.tiff,r05c06f45p01-ch3sk1fk1fl1.tiff,r05c06f45p01-ch4sk1fk1fl1.tiff,E06_s45,1,low,,1_low,train
HepatoPAC Islands 20260413,E06,46,r05c06f46p01-ch1sk1fk1fl1.tiff,r05c06f46p01-ch6sk1fk1fl1.tiff,r05c06f46p01-ch2sk1fk1fl1.tiff,r05c06f46p01-ch5sk1fk1fl1.tiff,r05c06f46p01-ch3sk1fk1fl1.tiff,r05c06f46p01-ch4sk1fk1fl1.tiff,E06_s46,1,low,,1_low,train
HepatoPAC Islands 20260413,E06,47,r05c06f47p01-ch1sk1fk1fl1.tiff,r05c06f47p01-ch6sk1fk1fl1.tiff,r05c06f47p01-ch2sk1fk1fl1.tiff,r05c06f47p01-ch5sk1fk1fl1.tiff,r05c06f47p01-ch3sk1fk1fl1.tiff,r05c06f47p01-ch4sk1fk1fl1.tiff,E06_s47,1,low,,1_low,train
HepatoPAC Islands 20260413,E06,48,r05c06f48p01-ch1sk1fk1fl1.tiff,r05c06f48p01-ch6sk1fk1fl1.tiff,r05c06f48p01-ch2sk1fk1fl1.tiff,r05c06f48p01-ch5sk1fk1fl1.tiff,r05c06f48p01-ch3sk1fk1fl1.tiff,r05c06f48p01-ch4sk1fk1fl1.tiff,E06_s48,1,low,,1_low,train
HepatoPAC Islands 20260413,E06,49,r05c06f49p01-ch1sk1fk1fl1.tiff,r05c06f49p01-ch6sk1fk1fl1.tiff,r05c06f49p01-ch2sk1fk1fl1.tiff,r05c06f49p01-ch5sk1fk1fl1.tiff,r05c06f49p01-ch3sk1fk1fl1.tiff,r05c06f49p01-ch4sk1fk1fl1.tiff,E06_s49,1,low,,1_low,train
HepatoPAC Islands 20260413,F01,1,r06c01f01p01-ch1sk1fk1fl1.tiff,r06c01f01p01-ch6sk1fk1fl1.tiff,r06c01f01p01-ch2sk1fk1fl1.tiff,r06c01f01p01-ch5sk1fk1fl1.tiff,r06c01f01p01-ch3sk1fk1fl1.tiff,r06c01f01p01-ch4sk1fk1fl1.tiff,F01_s01,1,high,,1_high,train
HepatoPAC Islands 20260413,F01,2,r06c01f02p01-ch1sk1fk1fl1.tiff,r06c01f02p01-ch6sk1fk1fl1.tiff,r06c01f02p01-ch2sk1fk1fl1.tiff,r06c01f02p01-ch5sk1fk1fl1.tiff,r06c01f02p01-ch3sk1fk1fl1.tiff,r06c01f02p01-ch4sk1fk1fl1.tiff,F01_s02,1,high,,1_high,train
HepatoPAC Islands 20260413,F01,3,r06c01f03p01-ch1sk1fk1fl1.tiff,r06c01f03p01-ch6sk1fk1fl1.tiff,r06c01f03p01-ch2sk1fk1fl1.tiff,r06c01f03p01-ch5sk1fk1fl1.tiff,r06c01f03p01-ch3sk1fk1fl1.tiff,r06c01f03p01-ch4sk1fk1fl1.tiff,F01_s03,1,high,,1_high,train
HepatoPAC Islands 20260413,F01,4,r06c01f04p01-ch1sk1fk1fl1.tiff,r06c01f04p01-ch6sk1fk1fl1.tiff,r06c01f04p01-ch2sk1fk1fl1.tiff,r06c01f04p01-ch5sk1fk1fl1.tiff,r06c01f04p01-ch3sk1fk1fl1.tiff,r06c01f04p01-ch4sk1fk1fl1.tiff,F01_s04,1,high,,1_high,train
HepatoPAC Islands 20260413,F01,5,r06c01f05p01-ch1sk1fk1fl1.tiff,r06c01f05p01-ch6sk1fk1fl1.tiff,r06c01f05p01-ch2sk1fk1fl1.tiff,r06c01f05p01-ch5sk1fk1fl1.tiff,r06c01f05p01-ch3sk1fk1fl1.tiff,r06c01f05p01-ch4sk1fk1fl1.tiff,F01_s05,1,high,,1_high,train
HepatoPAC Islands 20260413,F01,6,r06c01f06p01-ch1sk1fk1fl1.tiff,r06c01f06p01-ch6sk1fk1fl1.tiff,r06c01f06p01-ch2sk1fk1fl1.tiff,r06c01f06p01-ch5sk1fk1fl1.tiff,r06c01f06p01-ch3sk1fk1fl1.tiff,r06c01f06p01-ch4sk1fk1fl1.tiff,F01_s06,1,high,,1_high,train
HepatoPAC Islands 20260413,F01,7,r06c01f07p01-ch1sk1fk1fl1.tiff,r06c01f07p01-ch6sk1fk1fl1.tiff,r06c01f07p01-ch2sk1fk1fl1.tiff,r06c01f07p01-ch5sk1fk1fl1.tiff,r06c01f07p01-ch3sk1fk1fl1.tiff,r06c01f07p01-ch4sk1fk1fl1.tiff,F01_s07,1,high,,1_high,train
HepatoPAC Islands 20260413,F01,8,r06c01f08p01-ch1sk1fk1fl1.tiff,r06c01f08p01-ch6sk1fk1fl1.tiff,r06c01f08p01-ch2sk1fk1fl1.tiff,r06c01f08p01-ch5sk1fk1fl1.tiff,r06c01f08p01-ch3sk1fk1fl1.tiff,r06c01f08p01-ch4sk1fk1fl1.tiff,F01_s08,1,high,,1_high,train
HepatoPAC Islands 20260413,F01,9,r06c01f09p01-ch1sk1fk1fl1.tiff,r06c01f09p01-ch6sk1fk1fl1.tiff,r06c01f09p01-ch2sk1fk1fl1.tiff,r06c01f09p01-ch5sk1fk1fl1.tiff,r06c01f09p01-ch3sk1fk1fl1.tiff,r06c01f09p01-ch4sk1fk1fl1.tiff,F01_s09,1,high,,1_high,train
HepatoPAC Islands 20260413,F01,10,r06c01f10p01-ch1sk1fk1fl1.tiff,r06c01f10p01-ch6sk1fk1fl1.tiff,r06c01f10p01-ch2sk1fk1fl1.tiff,r06c01f10p01-ch5sk1fk1fl1.tiff,r06c01f10p01-ch3sk1fk1fl1.tiff,r06c01f10p01-ch4sk1fk1fl1.tiff,F01_s10,1,high,,1_high,train
HepatoPAC Islands 20260413,F01,11,r06c01f11p01-ch1sk1fk1fl1.tiff,r06c01f11p01-ch6sk1fk1fl1.tiff,r06c01f11p01-ch2sk1fk1fl1.tiff,r06c01f11p01-ch5sk1fk1fl1.tiff,r06c01f11p01-ch3sk1fk1fl1.tiff,r06c01f11p01-ch4sk1fk1fl1.tiff,F01_s11,1,high,,1_high,train
HepatoPAC Islands 20260413,F01,12,r06c01f12p01-ch1sk1fk1fl1.tiff,r06c01f12p01-ch6sk1fk1fl1.tiff,r06c01f12p01-ch2sk1fk1fl1.tiff,r06c01f12p01-ch5sk1fk1fl1.tiff,r06c01f12p01-ch3sk1fk1fl1.tiff,r06c01f12p01-ch4sk1fk1fl1.tiff,F01_s12,1,high,,1_high,train
HepatoPAC Islands 20260413,F01,13,r06c01f13p01-ch1sk1fk1fl1.tiff,r06c01f13p01-ch6sk1fk1fl1.tiff,r06c01f13p01-ch2sk1fk1fl1.tiff,r06c01f13p01-ch5sk1fk1fl1.tiff,r06c01f13p01-ch3sk1fk1fl1.tiff,r06c01f13p01-ch4sk1fk1fl1.tiff,F01_s13,1,high,,1_high,train
HepatoPAC Islands 20260413,F01,14,r06c01f14p01-ch1sk1fk1fl1.tiff,r06c01f14p01-ch6sk1fk1fl1.tiff,r06c01f14p01-ch2sk1fk1fl1.tiff,r06c01f14p01-ch5sk1fk1fl1.tiff,r06c01f14p01-ch3sk1fk1fl1.tiff,r06c01f14p01-ch4sk1fk1fl1.tiff,F01_s14,1,high,,1_high,train
HepatoPAC Islands 20260413,F01,15,r06c01f15p01-ch1sk1fk1fl1.tiff,r06c01f15p01-ch6sk1fk1fl1.tiff,r06c01f15p01-ch2sk1fk1fl1.tiff,r06c01f15p01-ch5sk1fk1fl1.tiff,r06c01f15p01-ch3sk1fk1fl1.tiff,r06c01f15p01-ch4sk1fk1fl1.tiff,F01_s15,1,high,,1_high,train
HepatoPAC Islands 20260413,F01,16,r06c01f16p01-ch1sk1fk1fl1.tiff,r06c01f16p01-ch6sk1fk1fl1.tiff,r06c01f16p01-ch2sk1fk1fl1.tiff,r06c01f16p01-ch5sk1fk1fl1.tiff,r06c01f16p01-ch3sk1fk1fl1.tiff,r06c01f16p01-ch4sk1fk1fl1.tiff,F01_s16,1,high,,1_high,train
HepatoPAC Islands 20260413,F01,17,r06c01f17p01-ch1sk1fk1fl1.tiff,r06c01f17p01-ch6sk1fk1fl1.tiff,r06c01f17p01-ch2sk1fk1fl1.tiff,r06c01f17p01-ch5sk1fk1fl1.tiff,r06c01f17p01-ch3sk1fk1fl1.tiff,r06c01f17p01-ch4sk1fk1fl1.tiff,F01_s17,1,high,,1_high,train
HepatoPAC Islands 20260413,F01,18,r06c01f18p01-ch1sk1fk1fl1.tiff,r06c01f18p01-ch6sk1fk1fl1.tiff,r06c01f18p01-ch2sk1fk1fl1.tiff,r06c01f18p01-ch5sk1fk1fl1.tiff,r06c01f18p01-ch3sk1fk1fl1.tiff,r06c01f18p01-ch4sk1fk1fl1.tiff,F01_s18,1,high,,1_high,train
HepatoPAC Islands 20260413,F01,19,r06c01f19p01-ch1sk1fk1fl1.tiff,r06c01f19p01-ch6sk1fk1fl1.tiff,r06c01f19p01-ch2sk1fk1fl1.tiff,r06c01f19p01-ch5sk1fk1fl1.tiff,r06c01f19p01-ch3sk1fk1fl1.tiff,r06c01f19p01-ch4sk1fk1fl1.tiff,F01_s19,1,high,,1_high,train
HepatoPAC Islands 20260413,F01,20,r06c01f20p01-ch1sk1fk1fl1.tiff,r06c01f20p01-ch6sk1fk1fl1.tiff,r06c01f20p01-ch2sk1fk1fl1.tiff,r06c01f20p01-ch5sk1fk1fl1.tiff,r06c01f20p01-ch3sk1fk1fl1.tiff,r06c01f20p01-ch4sk1fk1fl1.tiff,F01_s20,1,high,,1_high,train
HepatoPAC Islands 20260413,F01,21,r06c01f21p01-ch1sk1fk1fl1.tiff,r06c01f21p01-ch6sk1fk1fl1.tiff,r06c01f21p01-ch2sk1fk1fl1.tiff,r06c01f21p01-ch5sk1fk1fl1.tiff,r06c01f21p01-ch3sk1fk1fl1.tiff,r06c01f21p01-ch4sk1fk1fl1.tiff,F01_s21,1,high,,1_high,train
HepatoPAC Islands 20260413,F01,22,r06c01f22p01-ch1sk1fk1fl1.tiff,r06c01f22p01-ch6sk1fk1fl1.tiff,r06c01f22p01-ch2sk1fk1fl1.tiff,r06c01f22p01-ch5sk1fk1fl1.tiff,r06c01f22p01-ch3sk1fk1fl1.tiff,r06c01f22p01-ch4sk1fk1fl1.tiff,F01_s22,1,high,,1_high,train
HepatoPAC Islands 20260413,F01,23,r06c01f23p01-ch1sk1fk1fl1.tiff,r06c01f23p01-ch6sk1fk1fl1.tiff,r06c01f23p01-ch2sk1fk1fl1.tiff,r06c01f23p01-ch5sk1fk1fl1.tiff,r06c01f23p01-ch3sk1fk1fl1.tiff,r06c01f23p01-ch4sk1fk1fl1.tiff,F01_s23,1,high,,1_high,train
HepatoPAC Islands 20260413,F01,24,r06c01f24p01-ch1sk1fk1fl1.tiff,r06c01f24p01-ch6sk1fk1fl1.tiff,r06c01f24p01-ch2sk1fk1fl1.tiff,r06c01f24p01-ch5sk1fk1fl1.tiff,r06c01f24p01-ch3sk1fk1fl1.tiff,r06c01f24p01-ch4sk1fk1fl1.tiff,F01_s24,1,high,,1_high,train
HepatoPAC Islands 20260413,F01,25,r06c01f25p01-ch1sk1fk1fl1.tiff,r06c01f25p01-ch6sk1fk1fl1.tiff,r06c01f25p01-ch2sk1fk1fl1.tiff,r06c01f25p01-ch5sk1fk1fl1.tiff,r06c01f25p01-ch3sk1fk1fl1.tiff,r06c01f25p01-ch4sk1fk1fl1.tiff,F01_s25,1,high,,1_high,train
HepatoPAC Islands 20260413,F01,26,r06c01f26p01-ch1sk1fk1fl1.tiff,r06c01f26p01-ch6sk1fk1fl1.tiff,r06c01f26p01-ch2sk1fk1fl1.tiff,r06c01f26p01-ch5sk1fk1fl1.tiff,r06c01f26p01-ch3sk1fk1fl1.tiff,r06c01f26p01-ch4sk1fk1fl1.tiff,F01_s26,1,high,,1_high,train
HepatoPAC Islands 20260413,F01,27,r06c01f27p01-ch1sk1fk1fl1.tiff,r06c01f27p01-ch6sk1fk1fl1.tiff,r06c01f27p01-ch2sk1fk1fl1.tiff,r06c01f27p01-ch5sk1fk1fl1.tiff,r06c01f27p01-ch3sk1fk1fl1.tiff,r06c01f27p01-ch4sk1fk1fl1.tiff,F01_s27,1,high,,1_high,train
HepatoPAC Islands 20260413,F01,28,r06c01f28p01-ch1sk1fk1fl1.tiff,r06c01f28p01-ch6sk1fk1fl1.tiff,r06c01f28p01-ch2sk1fk1fl1.tiff,r06c01f28p01-ch5sk1fk1fl1.tiff,r06c01f28p01-ch3sk1fk1fl1.tiff,r06c01f28p01-ch4sk1fk1fl1.tiff,F01_s28,1,high,,1_high,train
HepatoPAC Islands 20260413,F01,29,r06c01f29p01-ch1sk1fk1fl1.tiff,r06c01f29p01-ch6sk1fk1fl1.tiff,r06c01f29p01-ch2sk1fk1fl1.tiff,r06c01f29p01-ch5sk1fk1fl1.tiff,r06c01f29p01-ch3sk1fk1fl1.tiff,r06c01f29p01-ch4sk1fk1fl1.tiff,F01_s29,1,high,,1_high,train
HepatoPAC Islands 20260413,F01,30,r06c01f30p01-ch1sk1fk1fl1.tiff,r06c01f30p01-ch6sk1fk1fl1.tiff,r06c01f30p01-ch2sk1fk1fl1.tiff,r06c01f30p01-ch5sk1fk1fl1.tiff,r06c01f30p01-ch3sk1fk1fl1.tiff,r06c01f30p01-ch4sk1fk1fl1.tiff,F01_s30,1,high,,1_high,train
HepatoPAC Islands 20260413,F01,31,r06c01f31p01-ch1sk1fk1fl1.tiff,r06c01f31p01-ch6sk1fk1fl1.tiff,r06c01f31p01-ch2sk1fk1fl1.tiff,r06c01f31p01-ch5sk1fk1fl1.tiff,r06c01f31p01-ch3sk1fk1fl1.tiff,r06c01f31p01-ch4sk1fk1fl1.tiff,F01_s31,1,high,,1_high,train
HepatoPAC Islands 20260413,F01,32,r06c01f32p01-ch1sk1fk1fl1.tiff,r06c01f32p01-ch6sk1fk1fl1.tiff,r06c01f32p01-ch2sk1fk1fl1.tiff,r06c01f32p01-ch5sk1fk1fl1.tiff,r06c01f32p01-ch3sk1fk1fl1.tiff,r06c01f32p01-ch4sk1fk1fl1.tiff,F01_s32,1,high,,1_high,train
HepatoPAC Islands 20260413,F01,33,r06c01f33p01-ch1sk1fk1fl1.tiff,r06c01f33p01-ch6sk1fk1fl1.tiff,r06c01f33p01-ch2sk1fk1fl1.tiff,r06c01f33p01-ch5sk1fk1fl1.tiff,r06c01f33p01-ch3sk1fk1fl1.tiff,r06c01f33p01-ch4sk1fk1fl1.tiff,F01_s33,1,high,,1_high,train
HepatoPAC Islands 20260413,F01,34,r06c01f34p01-ch1sk1fk1fl1.tiff,r06c01f34p01-ch6sk1fk1fl1.tiff,r06c01f34p01-ch2sk1fk1fl1.tiff,r06c01f34p01-ch5sk1fk1fl1.tiff,r06c01f34p01-ch3sk1fk1fl1.tiff,r06c01f34p01-ch4sk1fk1fl1.tiff,F01_s34,1,high,,1_high,train
HepatoPAC Islands 20260413,F01,35,r06c01f35p01-ch1sk1fk1fl1.tiff,r06c01f35p01-ch6sk1fk1fl1.tiff,r06c01f35p01-ch2sk1fk1fl1.tiff,r06c01f35p01-ch5sk1fk1fl1.tiff,r06c01f35p01-ch3sk1fk1fl1.tiff,r06c01f35p01-ch4sk1fk1fl1.tiff,F01_s35,1,high,,1_high,train
HepatoPAC Islands 20260413,F01,36,r06c01f36p01-ch1sk1fk1fl1.tiff,r06c01f36p01-ch6sk1fk1fl1.tiff,r06c01f36p01-ch2sk1fk1fl1.tiff,r06c01f36p01-ch5sk1fk1fl1.tiff,r06c01f36p01-ch3sk1fk1fl1.tiff,r06c01f36p01-ch4sk1fk1fl1.tiff,F01_s36,1,high,,1_high,train
HepatoPAC Islands 20260413,F01,37,r06c01f37p01-ch1sk1fk1fl1.tiff,r06c01f37p01-ch6sk1fk1fl1.tiff,r06c01f37p01-ch2sk1fk1fl1.tiff,r06c01f37p01-ch5sk1fk1fl1.tiff,r06c01f37p01-ch3sk1fk1fl1.tiff,r06c01f37p01-ch4sk1fk1fl1.tiff,F01_s37,1,high,,1_high,train
HepatoPAC Islands 20260413,F01,38,r06c01f38p01-ch1sk1fk1fl1.tiff,r06c01f38p01-ch6sk1fk1fl1.tiff,r06c01f38p01-ch2sk1fk1fl1.tiff,r06c01f38p01-ch5sk1fk1fl1.tiff,r06c01f38p01-ch3sk1fk1fl1.tiff,r06c01f38p01-ch4sk1fk1fl1.tiff,F01_s38,1,high,,1_high,train
HepatoPAC Islands 20260413,F01,39,r06c01f39p01-ch1sk1fk1fl1.tiff,r06c01f39p01-ch6sk1fk1fl1.tiff,r06c01f39p01-ch2sk1fk1fl1.tiff,r06c01f39p01-ch5sk1fk1fl1.tiff,r06c01f39p01-ch3sk1fk1fl1.tiff,r06c01f39p01-ch4sk1fk1fl1.tiff,F01_s39,1,high,,1_high,train
HepatoPAC Islands 20260413,F01,40,r06c01f40p01-ch1sk1fk1fl1.tiff,r06c01f40p01-ch6sk1fk1fl1.tiff,r06c01f40p01-ch2sk1fk1fl1.tiff,r06c01f40p01-ch5sk1fk1fl1.tiff,r06c01f40p01-ch3sk1fk1fl1.tiff,r06c01f40p01-ch4sk1fk1fl1.tiff,F01_s40,1,high,,1_high,train
HepatoPAC Islands 20260413,F01,41,r06c01f41p01-ch1sk1fk1fl1.tiff,r06c01f41p01-ch6sk1fk1fl1.tiff,r06c01f41p01-ch2sk1fk1fl1.tiff,r06c01f41p01-ch5sk1fk1fl1.tiff,r06c01f41p01-ch3sk1fk1fl1.tiff,r06c01f41p01-ch4sk1fk1fl1.tiff,F01_s41,1,high,,1_high,train
HepatoPAC Islands 20260413,F01,42,r06c01f42p01-ch1sk1fk1fl1.tiff,r06c01f42p01-ch6sk1fk1fl1.tiff,r06c01f42p01-ch2sk1fk1fl1.tiff,r06c01f42p01-ch5sk1fk1fl1.tiff,r06c01f42p01-ch3sk1fk1fl1.tiff,r06c01f42p01-ch4sk1fk1fl1.tiff,F01_s42,1,high,,1_high,train
HepatoPAC Islands 20260413,F01,43,r06c01f43p01-ch1sk1fk1fl1.tiff,r06c01f43p01-ch6sk1fk1fl1.tiff,r06c01f43p01-ch2sk1fk1fl1.tiff,r06c01f43p01-ch5sk1fk1fl1.tiff,r06c01f43p01-ch3sk1fk1fl1.tiff,r06c01f43p01-ch4sk1fk1fl1.tiff,F01_s43,1,high,,1_high,train
HepatoPAC Islands 20260413,F01,44,r06c01f44p01-ch1sk1fk1fl1.tiff,r06c01f44p01-ch6sk1fk1fl1.tiff,r06c01f44p01-ch2sk1fk1fl1.tiff,r06c01f44p01-ch5sk1fk1fl1.tiff,r06c01f44p01-ch3sk1fk1fl1.tiff,r06c01f44p01-ch4sk1fk1fl1.tiff,F01_s44,1,high,,1_high,train
HepatoPAC Islands 20260413,F01,45,r06c01f45p01-ch1sk1fk1fl1.tiff,r06c01f45p01-ch6sk1fk1fl1.tiff,r06c01f45p01-ch2sk1fk1fl1.tiff,r06c01f45p01-ch5sk1fk1fl1.tiff,r06c01f45p01-ch3sk1fk1fl1.tiff,r06c01f45p01-ch4sk1fk1fl1.tiff,F01_s45,1,high,,1_high,train
HepatoPAC Islands 20260413,F01,46,r06c01f46p01-ch1sk1fk1fl1.tiff,r06c01f46p01-ch6sk1fk1fl1.tiff,r06c01f46p01-ch2sk1fk1fl1.tiff,r06c01f46p01-ch5sk1fk1fl1.tiff,r06c01f46p01-ch3sk1fk1fl1.tiff,r06c01f46p01-ch4sk1fk1fl1.tiff,F01_s46,1,high,,1_high,train
HepatoPAC Islands 20260413,F01,47,r06c01f47p01-ch1sk1fk1fl1.tiff,r06c01f47p01-ch6sk1fk1fl1.tiff,r06c01f47p01-ch2sk1fk1fl1.tiff,r06c01f47p01-ch5sk1fk1fl1.tiff,r06c01f47p01-ch3sk1fk1fl1.tiff,r06c01f47p01-ch4sk1fk1fl1.tiff,F01_s47,1,high,,1_high,train
HepatoPAC Islands 20260413,F01,48,r06c01f48p01-ch1sk1fk1fl1.tiff,r06c01f48p01-ch6sk1fk1fl1.tiff,r06c01f48p01-ch2sk1fk1fl1.tiff,r06c01f48p01-ch5sk1fk1fl1.tiff,r06c01f48p01-ch3sk1fk1fl1.tiff,r06c01f48p01-ch4sk1fk1fl1.tiff,F01_s48,1,high,,1_high,train
HepatoPAC Islands 20260413,F01,49,r06c01f49p01-ch1sk1fk1fl1.tiff,r06c01f49p01-ch6sk1fk1fl1.tiff,r06c01f49p01-ch2sk1fk1fl1.tiff,r06c01f49p01-ch5sk1fk1fl1.tiff,r06c01f49p01-ch3sk1fk1fl1.tiff,r06c01f49p01-ch4sk1fk1fl1.tiff,F01_s49,1,high,,1_high,train
HepatoPAC Islands 20260413,F02,1,r06c02f01p01-ch1sk1fk1fl1.tiff,r06c02f01p01-ch6sk1fk1fl1.tiff,r06c02f01p01-ch2sk1fk1fl1.tiff,r06c02f01p01-ch5sk1fk1fl1.tiff,r06c02f01p01-ch3sk1fk1fl1.tiff,r06c02f01p01-ch4sk1fk1fl1.tiff,F02_s01,2,high,,2_high,train
HepatoPAC Islands 20260413,F02,2,r06c02f02p01-ch1sk1fk1fl1.tiff,r06c02f02p01-ch6sk1fk1fl1.tiff,r06c02f02p01-ch2sk1fk1fl1.tiff,r06c02f02p01-ch5sk1fk1fl1.tiff,r06c02f02p01-ch3sk1fk1fl1.tiff,r06c02f02p01-ch4sk1fk1fl1.tiff,F02_s02,2,high,,2_high,train
HepatoPAC Islands 20260413,F02,3,r06c02f03p01-ch1sk1fk1fl1.tiff,r06c02f03p01-ch6sk1fk1fl1.tiff,r06c02f03p01-ch2sk1fk1fl1.tiff,r06c02f03p01-ch5sk1fk1fl1.tiff,r06c02f03p01-ch3sk1fk1fl1.tiff,r06c02f03p01-ch4sk1fk1fl1.tiff,F02_s03,2,high,,2_high,train
HepatoPAC Islands 20260413,F02,4,r06c02f04p01-ch1sk1fk1fl1.tiff,r06c02f04p01-ch6sk1fk1fl1.tiff,r06c02f04p01-ch2sk1fk1fl1.tiff,r06c02f04p01-ch5sk1fk1fl1.tiff,r06c02f04p01-ch3sk1fk1fl1.tiff,r06c02f04p01-ch4sk1fk1fl1.tiff,F02_s04,2,high,,2_high,train
HepatoPAC Islands 20260413,F02,5,r06c02f05p01-ch1sk1fk1fl1.tiff,r06c02f05p01-ch6sk1fk1fl1.tiff,r06c02f05p01-ch2sk1fk1fl1.tiff,r06c02f05p01-ch5sk1fk1fl1.tiff,r06c02f05p01-ch3sk1fk1fl1.tiff,r06c02f05p01-ch4sk1fk1fl1.tiff,F02_s05,2,high,,2_high,train
HepatoPAC Islands 20260413,F02,6,r06c02f06p01-ch1sk1fk1fl1.tiff,r06c02f06p01-ch6sk1fk1fl1.tiff,r06c02f06p01-ch2sk1fk1fl1.tiff,r06c02f06p01-ch5sk1fk1fl1.tiff,r06c02f06p01-ch3sk1fk1fl1.tiff,r06c02f06p01-ch4sk1fk1fl1.tiff,F02_s06,2,high,,2_high,train
HepatoPAC Islands 20260413,F02,7,r06c02f07p01-ch1sk1fk1fl1.tiff,r06c02f07p01-ch6sk1fk1fl1.tiff,r06c02f07p01-ch2sk1fk1fl1.tiff,r06c02f07p01-ch5sk1fk1fl1.tiff,r06c02f07p01-ch3sk1fk1fl1.tiff,r06c02f07p01-ch4sk1fk1fl1.tiff,F02_s07,2,high,,2_high,train
HepatoPAC Islands 20260413,F02,8,r06c02f08p01-ch1sk1fk1fl1.tiff,r06c02f08p01-ch6sk1fk1fl1.tiff,r06c02f08p01-ch2sk1fk1fl1.tiff,r06c02f08p01-ch5sk1fk1fl1.tiff,r06c02f08p01-ch3sk1fk1fl1.tiff,r06c02f08p01-ch4sk1fk1fl1.tiff,F02_s08,2,high,,2_high,train
HepatoPAC Islands 20260413,F02,9,r06c02f09p01-ch1sk1fk1fl1.tiff,r06c02f09p01-ch6sk1fk1fl1.tiff,r06c02f09p01-ch2sk1fk1fl1.tiff,r06c02f09p01-ch5sk1fk1fl1.tiff,r06c02f09p01-ch3sk1fk1fl1.tiff,r06c02f09p01-ch4sk1fk1fl1.tiff,F02_s09,2,high,,2_high,train
HepatoPAC Islands 20260413,F02,10,r06c02f10p01-ch1sk1fk1fl1.tiff,r06c02f10p01-ch6sk1fk1fl1.tiff,r06c02f10p01-ch2sk1fk1fl1.tiff,r06c02f10p01-ch5sk1fk1fl1.tiff,r06c02f10p01-ch3sk1fk1fl1.tiff,r06c02f10p01-ch4sk1fk1fl1.tiff,F02_s10,2,high,,2_high,train
HepatoPAC Islands 20260413,F02,11,r06c02f11p01-ch1sk1fk1fl1.tiff,r06c02f11p01-ch6sk1fk1fl1.tiff,r06c02f11p01-ch2sk1fk1fl1.tiff,r06c02f11p01-ch5sk1fk1fl1.tiff,r06c02f11p01-ch3sk1fk1fl1.tiff,r06c02f11p01-ch4sk1fk1fl1.tiff,F02_s11,2,high,,2_high,train
HepatoPAC Islands 20260413,F02,12,r06c02f12p01-ch1sk1fk1fl1.tiff,r06c02f12p01-ch6sk1fk1fl1.tiff,r06c02f12p01-ch2sk1fk1fl1.tiff,r06c02f12p01-ch5sk1fk1fl1.tiff,r06c02f12p01-ch3sk1fk1fl1.tiff,r06c02f12p01-ch4sk1fk1fl1.tiff,F02_s12,2,high,,2_high,train
HepatoPAC Islands 20260413,F02,13,r06c02f13p01-ch1sk1fk1fl1.tiff,r06c02f13p01-ch6sk1fk1fl1.tiff,r06c02f13p01-ch2sk1fk1fl1.tiff,r06c02f13p01-ch5sk1fk1fl1.tiff,r06c02f13p01-ch3sk1fk1fl1.tiff,r06c02f13p01-ch4sk1fk1fl1.tiff,F02_s13,2,high,,2_high,train
HepatoPAC Islands 20260413,F02,14,r06c02f14p01-ch1sk1fk1fl1.tiff,r06c02f14p01-ch6sk1fk1fl1.tiff,r06c02f14p01-ch2sk1fk1fl1.tiff,r06c02f14p01-ch5sk1fk1fl1.tiff,r06c02f14p01-ch3sk1fk1fl1.tiff,r06c02f14p01-ch4sk1fk1fl1.tiff,F02_s14,2,high,,2_high,train
HepatoPAC Islands 20260413,F02,15,r06c02f15p01-ch1sk1fk1fl1.tiff,r06c02f15p01-ch6sk1fk1fl1.tiff,r06c02f15p01-ch2sk1fk1fl1.tiff,r06c02f15p01-ch5sk1fk1fl1.tiff,r06c02f15p01-ch3sk1fk1fl1.tiff,r06c02f15p01-ch4sk1fk1fl1.tiff,F02_s15,2,high,,2_high,train
HepatoPAC Islands 20260413,F02,16,r06c02f16p01-ch1sk1fk1fl1.tiff,r06c02f16p01-ch6sk1fk1fl1.tiff,r06c02f16p01-ch2sk1fk1fl1.tiff,r06c02f16p01-ch5sk1fk1fl1.tiff,r06c02f16p01-ch3sk1fk1fl1.tiff,r06c02f16p01-ch4sk1fk1fl1.tiff,F02_s16,2,high,,2_high,train
HepatoPAC Islands 20260413,F02,17,r06c02f17p01-ch1sk1fk1fl1.tiff,r06c02f17p01-ch6sk1fk1fl1.tiff,r06c02f17p01-ch2sk1fk1fl1.tiff,r06c02f17p01-ch5sk1fk1fl1.tiff,r06c02f17p01-ch3sk1fk1fl1.tiff,r06c02f17p01-ch4sk1fk1fl1.tiff,F02_s17,2,high,,2_high,train
HepatoPAC Islands 20260413,F02,18,r06c02f18p01-ch1sk1fk1fl1.tiff,r06c02f18p01-ch6sk1fk1fl1.tiff,r06c02f18p01-ch2sk1fk1fl1.tiff,r06c02f18p01-ch5sk1fk1fl1.tiff,r06c02f18p01-ch3sk1fk1fl1.tiff,r06c02f18p01-ch4sk1fk1fl1.tiff,F02_s18,2,high,,2_high,train
HepatoPAC Islands 20260413,F02,19,r06c02f19p01-ch1sk1fk1fl1.tiff,r06c02f19p01-ch6sk1fk1fl1.tiff,r06c02f19p01-ch2sk1fk1fl1.tiff,r06c02f19p01-ch5sk1fk1fl1.tiff,r06c02f19p01-ch3sk1fk1fl1.tiff,r06c02f19p01-ch4sk1fk1fl1.tiff,F02_s19,2,high,,2_high,train
HepatoPAC Islands 20260413,F02,20,r06c02f20p01-ch1sk1fk1fl1.tiff,r06c02f20p01-ch6sk1fk1fl1.tiff,r06c02f20p01-ch2sk1fk1fl1.tiff,r06c02f20p01-ch5sk1fk1fl1.tiff,r06c02f20p01-ch3sk1fk1fl1.tiff,r06c02f20p01-ch4sk1fk1fl1.tiff,F02_s20,2,high,,2_high,train
HepatoPAC Islands 20260413,F02,21,r06c02f21p01-ch1sk1fk1fl1.tiff,r06c02f21p01-ch6sk1fk1fl1.tiff,r06c02f21p01-ch2sk1fk1fl1.tiff,r06c02f21p01-ch5sk1fk1fl1.tiff,r06c02f21p01-ch3sk1fk1fl1.tiff,r06c02f21p01-ch4sk1fk1fl1.tiff,F02_s21,2,high,,2_high,train
HepatoPAC Islands 20260413,F02,22,r06c02f22p01-ch1sk1fk1fl1.tiff,r06c02f22p01-ch6sk1fk1fl1.tiff,r06c02f22p01-ch2sk1fk1fl1.tiff,r06c02f22p01-ch5sk1fk1fl1.tiff,r06c02f22p01-ch3sk1fk1fl1.tiff,r06c02f22p01-ch4sk1fk1fl1.tiff,F02_s22,2,high,,2_high,train
HepatoPAC Islands 20260413,F02,23,r06c02f23p01-ch1sk1fk1fl1.tiff,r06c02f23p01-ch6sk1fk1fl1.tiff,r06c02f23p01-ch2sk1fk1fl1.tiff,r06c02f23p01-ch5sk1fk1fl1.tiff,r06c02f23p01-ch3sk1fk1fl1.tiff,r06c02f23p01-ch4sk1fk1fl1.tiff,F02_s23,2,high,,2_high,train
HepatoPAC Islands 20260413,F02,24,r06c02f24p01-ch1sk1fk1fl1.tiff,r06c02f24p01-ch6sk1fk1fl1.tiff,r06c02f24p01-ch2sk1fk1fl1.tiff,r06c02f24p01-ch5sk1fk1fl1.tiff,r06c02f24p01-ch3sk1fk1fl1.tiff,r06c02f24p01-ch4sk1fk1fl1.tiff,F02_s24,2,high,,2_high,train
HepatoPAC Islands 20260413,F02,25,r06c02f25p01-ch1sk1fk1fl1.tiff,r06c02f25p01-ch6sk1fk1fl1.tiff,r06c02f25p01-ch2sk1fk1fl1.tiff,r06c02f25p01-ch5sk1fk1fl1.tiff,r06c02f25p01-ch3sk1fk1fl1.tiff,r06c02f25p01-ch4sk1fk1fl1.tiff,F02_s25,2,high,,2_high,train
HepatoPAC Islands 20260413,F02,26,r06c02f26p01-ch1sk1fk1fl1.tiff,r06c02f26p01-ch6sk1fk1fl1.tiff,r06c02f26p01-ch2sk1fk1fl1.tiff,r06c02f26p01-ch5sk1fk1fl1.tiff,r06c02f26p01-ch3sk1fk1fl1.tiff,r06c02f26p01-ch4sk1fk1fl1.tiff,F02_s26,2,high,,2_high,train
HepatoPAC Islands 20260413,F02,27,r06c02f27p01-ch1sk1fk1fl1.tiff,r06c02f27p01-ch6sk1fk1fl1.tiff,r06c02f27p01-ch2sk1fk1fl1.tiff,r06c02f27p01-ch5sk1fk1fl1.tiff,r06c02f27p01-ch3sk1fk1fl1.tiff,r06c02f27p01-ch4sk1fk1fl1.tiff,F02_s27,2,high,,2_high,train
HepatoPAC Islands 20260413,F02,28,r06c02f28p01-ch1sk1fk1fl1.tiff,r06c02f28p01-ch6sk1fk1fl1.tiff,r06c02f28p01-ch2sk1fk1fl1.tiff,r06c02f28p01-ch5sk1fk1fl1.tiff,r06c02f28p01-ch3sk1fk1fl1.tiff,r06c02f28p01-ch4sk1fk1fl1.tiff,F02_s28,2,high,,2_high,train
HepatoPAC Islands 20260413,F02,29,r06c02f29p01-ch1sk1fk1fl1.tiff,r06c02f29p01-ch6sk1fk1fl1.tiff,r06c02f29p01-ch2sk1fk1fl1.tiff,r06c02f29p01-ch5sk1fk1fl1.tiff,r06c02f29p01-ch3sk1fk1fl1.tiff,r06c02f29p01-ch4sk1fk1fl1.tiff,F02_s29,2,high,,2_high,train
HepatoPAC Islands 20260413,F02,30,r06c02f30p01-ch1sk1fk1fl1.tiff,r06c02f30p01-ch6sk1fk1fl1.tiff,r06c02f30p01-ch2sk1fk1fl1.tiff,r06c02f30p01-ch5sk1fk1fl1.tiff,r06c02f30p01-ch3sk1fk1fl1.tiff,r06c02f30p01-ch4sk1fk1fl1.tiff,F02_s30,2,high,,2_high,train
HepatoPAC Islands 20260413,F02,31,r06c02f31p01-ch1sk1fk1fl1.tiff,r06c02f31p01-ch6sk1fk1fl1.tiff,r06c02f31p01-ch2sk1fk1fl1.tiff,r06c02f31p01-ch5sk1fk1fl1.tiff,r06c02f31p01-ch3sk1fk1fl1.tiff,r06c02f31p01-ch4sk1fk1fl1.tiff,F02_s31,2,high,,2_high,train
HepatoPAC Islands 20260413,F02,32,r06c02f32p01-ch1sk1fk1fl1.tiff,r06c02f32p01-ch6sk1fk1fl1.tiff,r06c02f32p01-ch2sk1fk1fl1.tiff,r06c02f32p01-ch5sk1fk1fl1.tiff,r06c02f32p01-ch3sk1fk1fl1.tiff,r06c02f32p01-ch4sk1fk1fl1.tiff,F02_s32,2,high,,2_high,train
HepatoPAC Islands 20260413,F02,33,r06c02f33p01-ch1sk1fk1fl1.tiff,r06c02f33p01-ch6sk1fk1fl1.tiff,r06c02f33p01-ch2sk1fk1fl1.tiff,r06c02f33p01-ch5sk1fk1fl1.tiff,r06c02f33p01-ch3sk1fk1fl1.tiff,r06c02f33p01-ch4sk1fk1fl1.tiff,F02_s33,2,high,,2_high,train
HepatoPAC Islands 20260413,F02,34,r06c02f34p01-ch1sk1fk1fl1.tiff,r06c02f34p01-ch6sk1fk1fl1.tiff,r06c02f34p01-ch2sk1fk1fl1.tiff,r06c02f34p01-ch5sk1fk1fl1.tiff,r06c02f34p01-ch3sk1fk1fl1.tiff,r06c02f34p01-ch4sk1fk1fl1.tiff,F02_s34,2,high,,2_high,train
HepatoPAC Islands 20260413,F02,35,r06c02f35p01-ch1sk1fk1fl1.tiff,r06c02f35p01-ch6sk1fk1fl1.tiff,r06c02f35p01-ch2sk1fk1fl1.tiff,r06c02f35p01-ch5sk1fk1fl1.tiff,r06c02f35p01-ch3sk1fk1fl1.tiff,r06c02f35p01-ch4sk1fk1fl1.tiff,F02_s35,2,high,,2_high,train
HepatoPAC Islands 20260413,F02,36,r06c02f36p01-ch1sk1fk1fl1.tiff,r06c02f36p01-ch6sk1fk1fl1.tiff,r06c02f36p01-ch2sk1fk1fl1.tiff,r06c02f36p01-ch5sk1fk1fl1.tiff,r06c02f36p01-ch3sk1fk1fl1.tiff,r06c02f36p01-ch4sk1fk1fl1.tiff,F02_s36,2,high,,2_high,train
HepatoPAC Islands 20260413,F02,37,r06c02f37p01-ch1sk1fk1fl1.tiff,r06c02f37p01-ch6sk1fk1fl1.tiff,r06c02f37p01-ch2sk1fk1fl1.tiff,r06c02f37p01-ch5sk1fk1fl1.tiff,r06c02f37p01-ch3sk1fk1fl1.tiff,r06c02f37p01-ch4sk1fk1fl1.tiff,F02_s37,2,high,,2_high,train
HepatoPAC Islands 20260413,F02,38,r06c02f38p01-ch1sk1fk1fl1.tiff,r06c02f38p01-ch6sk1fk1fl1.tiff,r06c02f38p01-ch2sk1fk1fl1.tiff,r06c02f38p01-ch5sk1fk1fl1.tiff,r06c02f38p01-ch3sk1fk1fl1.tiff,r06c02f38p01-ch4sk1fk1fl1.tiff,F02_s38,2,high,,2_high,train
HepatoPAC Islands 20260413,F02,39,r06c02f39p01-ch1sk1fk1fl1.tiff,r06c02f39p01-ch6sk1fk1fl1.tiff,r06c02f39p01-ch2sk1fk1fl1.tiff,r06c02f39p01-ch5sk1fk1fl1.tiff,r06c02f39p01-ch3sk1fk1fl1.tiff,r06c02f39p01-ch4sk1fk1fl1.tiff,F02_s39,2,high,,2_high,train
HepatoPAC Islands 20260413,F02,40,r06c02f40p01-ch1sk1fk1fl1.tiff,r06c02f40p01-ch6sk1fk1fl1.tiff,r06c02f40p01-ch2sk1fk1fl1.tiff,r06c02f40p01-ch5sk1fk1fl1.tiff,r06c02f40p01-ch3sk1fk1fl1.tiff,r06c02f40p01-ch4sk1fk1fl1.tiff,F02_s40,2,high,,2_high,train
HepatoPAC Islands 20260413,F02,41,r06c02f41p01-ch1sk1fk1fl1.tiff,r06c02f41p01-ch6sk1fk1fl1.tiff,r06c02f41p01-ch2sk1fk1fl1.tiff,r06c02f41p01-ch5sk1fk1fl1.tiff,r06c02f41p01-ch3sk1fk1fl1.tiff,r06c02f41p01-ch4sk1fk1fl1.tiff,F02_s41,2,high,,2_high,train
HepatoPAC Islands 20260413,F02,42,r06c02f42p01-ch1sk1fk1fl1.tiff,r06c02f42p01-ch6sk1fk1fl1.tiff,r06c02f42p01-ch2sk1fk1fl1.tiff,r06c02f42p01-ch5sk1fk1fl1.tiff,r06c02f42p01-ch3sk1fk1fl1.tiff,r06c02f42p01-ch4sk1fk1fl1.tiff,F02_s42,2,high,,2_high,train
HepatoPAC Islands 20260413,F02,43,r06c02f43p01-ch1sk1fk1fl1.tiff,r06c02f43p01-ch6sk1fk1fl1.tiff,r06c02f43p01-ch2sk1fk1fl1.tiff,r06c02f43p01-ch5sk1fk1fl1.tiff,r06c02f43p01-ch3sk1fk1fl1.tiff,r06c02f43p01-ch4sk1fk1fl1.tiff,F02_s43,2,high,,2_high,train
HepatoPAC Islands 20260413,F02,44,r06c02f44p01-ch1sk1fk1fl1.tiff,r06c02f44p01-ch6sk1fk1fl1.tiff,r06c02f44p01-ch2sk1fk1fl1.tiff,r06c02f44p01-ch5sk1fk1fl1.tiff,r06c02f44p01-ch3sk1fk1fl1.tiff,r06c02f44p01-ch4sk1fk1fl1.tiff,F02_s44,2,high,,2_high,train
HepatoPAC Islands 20260413,F02,45,r06c02f45p01-ch1sk1fk1fl1.tiff,r06c02f45p01-ch6sk1fk1fl1.tiff,r06c02f45p01-ch2sk1fk1fl1.tiff,r06c02f45p01-ch5sk1fk1fl1.tiff,r06c02f45p01-ch3sk1fk1fl1.tiff,r06c02f45p01-ch4sk1fk1fl1.tiff,F02_s45,2,high,,2_high,train
HepatoPAC Islands 20260413,F02,46,r06c02f46p01-ch1sk1fk1fl1.tiff,r06c02f46p01-ch6sk1fk1fl1.tiff,r06c02f46p01-ch2sk1fk1fl1.tiff,r06c02f46p01-ch5sk1fk1fl1.tiff,r06c02f46p01-ch3sk1fk1fl1.tiff,r06c02f46p01-ch4sk1fk1fl1.tiff,F02_s46,2,high,,2_high,train
HepatoPAC Islands 20260413,F02,47,r06c02f47p01-ch1sk1fk1fl1.tiff,r06c02f47p01-ch6sk1fk1fl1.tiff,r06c02f47p01-ch2sk1fk1fl1.tiff,r06c02f47p01-ch5sk1fk1fl1.tiff,r06c02f47p01-ch3sk1fk1fl1.tiff,r06c02f47p01-ch4sk1fk1fl1.tiff,F02_s47,2,high,,2_high,train
HepatoPAC Islands 20260413,F02,48,r06c02f48p01-ch1sk1fk1fl1.tiff,r06c02f48p01-ch6sk1fk1fl1.tiff,r06c02f48p01-ch2sk1fk1fl1.tiff,r06c02f48p01-ch5sk1fk1fl1.tiff,r06c02f48p01-ch3sk1fk1fl1.tiff,r06c02f48p01-ch4sk1fk1fl1.tiff,F02_s48,2,high,,2_high,train
HepatoPAC Islands 20260413,F02,49,r06c02f49p01-ch1sk1fk1fl1.tiff,r06c02f49p01-ch6sk1fk1fl1.tiff,r06c02f49p01-ch2sk1fk1fl1.tiff,r06c02f49p01-ch5sk1fk1fl1.tiff,r06c02f49p01-ch3sk1fk1fl1.tiff,r06c02f49p01-ch4sk1fk1fl1.tiff,F02_s49,2,high,,2_high,train
HepatoPAC Islands 20260413,F03,1,r06c03f01p01-ch1sk1fk1fl1.tiff,r06c03f01p01-ch6sk1fk1fl1.tiff,r06c03f01p01-ch2sk1fk1fl1.tiff,r06c03f01p01-ch5sk1fk1fl1.tiff,r06c03f01p01-ch3sk1fk1fl1.tiff,r06c03f01p01-ch4sk1fk1fl1.tiff,F03_s01,control,none,negcon,control_none,val
HepatoPAC Islands 20260413,F03,2,r06c03f02p01-ch1sk1fk1fl1.tiff,r06c03f02p01-ch6sk1fk1fl1.tiff,r06c03f02p01-ch2sk1fk1fl1.tiff,r06c03f02p01-ch5sk1fk1fl1.tiff,r06c03f02p01-ch3sk1fk1fl1.tiff,r06c03f02p01-ch4sk1fk1fl1.tiff,F03_s02,control,none,negcon,control_none,val
HepatoPAC Islands 20260413,F03,3,r06c03f03p01-ch1sk1fk1fl1.tiff,r06c03f03p01-ch6sk1fk1fl1.tiff,r06c03f03p01-ch2sk1fk1fl1.tiff,r06c03f03p01-ch5sk1fk1fl1.tiff,r06c03f03p01-ch3sk1fk1fl1.tiff,r06c03f03p01-ch4sk1fk1fl1.tiff,F03_s03,control,none,negcon,control_none,val
HepatoPAC Islands 20260413,F03,4,r06c03f04p01-ch1sk1fk1fl1.tiff,r06c03f04p01-ch6sk1fk1fl1.tiff,r06c03f04p01-ch2sk1fk1fl1.tiff,r06c03f04p01-ch5sk1fk1fl1.tiff,r06c03f04p01-ch3sk1fk1fl1.tiff,r06c03f04p01-ch4sk1fk1fl1.tiff,F03_s04,control,none,negcon,control_none,val
HepatoPAC Islands 20260413,F03,5,r06c03f05p01-ch1sk1fk1fl1.tiff,r06c03f05p01-ch6sk1fk1fl1.tiff,r06c03f05p01-ch2sk1fk1fl1.tiff,r06c03f05p01-ch5sk1fk1fl1.tiff,r06c03f05p01-ch3sk1fk1fl1.tiff,r06c03f05p01-ch4sk1fk1fl1.tiff,F03_s05,control,none,negcon,control_none,val
HepatoPAC Islands 20260413,F03,6,r06c03f06p01-ch1sk1fk1fl1.tiff,r06c03f06p01-ch6sk1fk1fl1.tiff,r06c03f06p01-ch2sk1fk1fl1.tiff,r06c03f06p01-ch5sk1fk1fl1.tiff,r06c03f06p01-ch3sk1fk1fl1.tiff,r06c03f06p01-ch4sk1fk1fl1.tiff,F03_s06,control,none,negcon,control_none,val
HepatoPAC Islands 20260413,F03,7,r06c03f07p01-ch1sk1fk1fl1.tiff,r06c03f07p01-ch6sk1fk1fl1.tiff,r06c03f07p01-ch2sk1fk1fl1.tiff,r06c03f07p01-ch5sk1fk1fl1.tiff,r06c03f07p01-ch3sk1fk1fl1.tiff,r06c03f07p01-ch4sk1fk1fl1.tiff,F03_s07,control,none,negcon,control_none,val
HepatoPAC Islands 20260413,F03,8,r06c03f08p01-ch1sk1fk1fl1.tiff,r06c03f08p01-ch6sk1fk1fl1.tiff,r06c03f08p01-ch2sk1fk1fl1.tiff,r06c03f08p01-ch5sk1fk1fl1.tiff,r06c03f08p01-ch3sk1fk1fl1.tiff,r06c03f08p01-ch4sk1fk1fl1.tiff,F03_s08,control,none,negcon,control_none,val
HepatoPAC Islands 20260413,F03,9,r06c03f09p01-ch1sk1fk1fl1.tiff,r06c03f09p01-ch6sk1fk1fl1.tiff,r06c03f09p01-ch2sk1fk1fl1.tiff,r06c03f09p01-ch5sk1fk1fl1.tiff,r06c03f09p01-ch3sk1fk1fl1.tiff,r06c03f09p01-ch4sk1fk1fl1.tiff,F03_s09,control,none,negcon,control_none,val
HepatoPAC Islands 20260413,F03,10,r06c03f10p01-ch1sk1fk1fl1.tiff,r06c03f10p01-ch6sk1fk1fl1.tiff,r06c03f10p01-ch2sk1fk1fl1.tiff,r06c03f10p01-ch5sk1fk1fl1.tiff,r06c03f10p01-ch3sk1fk1fl1.tiff,r06c03f10p01-ch4sk1fk1fl1.tiff,F03_s10,control,none,negcon,control_none,val
HepatoPAC Islands 20260413,F03,11,r06c03f11p01-ch1sk1fk1fl1.tiff,r06c03f11p01-ch6sk1fk1fl1.tiff,r06c03f11p01-ch2sk1fk1fl1.tiff,r06c03f11p01-ch5sk1fk1fl1.tiff,r06c03f11p01-ch3sk1fk1fl1.tiff,r06c03f11p01-ch4sk1fk1fl1.tiff,F03_s11,control,none,negcon,control_none,val
HepatoPAC Islands 20260413,F03,12,r06c03f12p01-ch1sk1fk1fl1.tiff,r06c03f12p01-ch6sk1fk1fl1.tiff,r06c03f12p01-ch2sk1fk1fl1.tiff,r06c03f12p01-ch5sk1fk1fl1.tiff,r06c03f12p01-ch3sk1fk1fl1.tiff,r06c03f12p01-ch4sk1fk1fl1.tiff,F03_s12,control,none,negcon,control_none,val
HepatoPAC Islands 20260413,F03,13,r06c03f13p01-ch1sk1fk1fl1.tiff,r06c03f13p01-ch6sk1fk1fl1.tiff,r06c03f13p01-ch2sk1fk1fl1.tiff,r06c03f13p01-ch5sk1fk1fl1.tiff,r06c03f13p01-ch3sk1fk1fl1.tiff,r06c03f13p01-ch4sk1fk1fl1.tiff,F03_s13,control,none,negcon,control_none,val
HepatoPAC Islands 20260413,F03,14,r06c03f14p01-ch1sk1fk1fl1.tiff,r06c03f14p01-ch6sk1fk1fl1.tiff,r06c03f14p01-ch2sk1fk1fl1.tiff,r06c03f14p01-ch5sk1fk1fl1.tiff,r06c03f14p01-ch3sk1fk1fl1.tiff,r06c03f14p01-ch4sk1fk1fl1.tiff,F03_s14,control,none,negcon,control_none,val
HepatoPAC Islands 20260413,F03,15,r06c03f15p01-ch1sk1fk1fl1.tiff,r06c03f15p01-ch6sk1fk1fl1.tiff,r06c03f15p01-ch2sk1fk1fl1.tiff,r06c03f15p01-ch5sk1fk1fl1.tiff,r06c03f15p01-ch3sk1fk1fl1.tiff,r06c03f15p01-ch4sk1fk1fl1.tiff,F03_s15,control,none,negcon,control_none,val
HepatoPAC Islands 20260413,F03,16,r06c03f16p01-ch1sk1fk1fl1.tiff,r06c03f16p01-ch6sk1fk1fl1.tiff,r06c03f16p01-ch2sk1fk1fl1.tiff,r06c03f16p01-ch5sk1fk1fl1.tiff,r06c03f16p01-ch3sk1fk1fl1.tiff,r06c03f16p01-ch4sk1fk1fl1.tiff,F03_s16,control,none,negcon,control_none,val
HepatoPAC Islands 20260413,F03,17,r06c03f17p01-ch1sk1fk1fl1.tiff,r06c03f17p01-ch6sk1fk1fl1.tiff,r06c03f17p01-ch2sk1fk1fl1.tiff,r06c03f17p01-ch5sk1fk1fl1.tiff,r06c03f17p01-ch3sk1fk1fl1.tiff,r06c03f17p01-ch4sk1fk1fl1.tiff,F03_s17,control,none,negcon,control_none,val
HepatoPAC Islands 20260413,F03,18,r06c03f18p01-ch1sk1fk1fl1.tiff,r06c03f18p01-ch6sk1fk1fl1.tiff,r06c03f18p01-ch2sk1fk1fl1.tiff,r06c03f18p01-ch5sk1fk1fl1.tiff,r06c03f18p01-ch3sk1fk1fl1.tiff,r06c03f18p01-ch4sk1fk1fl1.tiff,F03_s18,control,none,negcon,control_none,val
HepatoPAC Islands 20260413,F03,19,r06c03f19p01-ch1sk1fk1fl1.tiff,r06c03f19p01-ch6sk1fk1fl1.tiff,r06c03f19p01-ch2sk1fk1fl1.tiff,r06c03f19p01-ch5sk1fk1fl1.tiff,r06c03f19p01-ch3sk1fk1fl1.tiff,r06c03f19p01-ch4sk1fk1fl1.tiff,F03_s19,control,none,negcon,control_none,val
HepatoPAC Islands 20260413,F03,20,r06c03f20p01-ch1sk1fk1fl1.tiff,r06c03f20p01-ch6sk1fk1fl1.tiff,r06c03f20p01-ch2sk1fk1fl1.tiff,r06c03f20p01-ch5sk1fk1fl1.tiff,r06c03f20p01-ch3sk1fk1fl1.tiff,r06c03f20p01-ch4sk1fk1fl1.tiff,F03_s20,control,none,negcon,control_none,val
HepatoPAC Islands 20260413,F03,21,r06c03f21p01-ch1sk1fk1fl1.tiff,r06c03f21p01-ch6sk1fk1fl1.tiff,r06c03f21p01-ch2sk1fk1fl1.tiff,r06c03f21p01-ch5sk1fk1fl1.tiff,r06c03f21p01-ch3sk1fk1fl1.tiff,r06c03f21p01-ch4sk1fk1fl1.tiff,F03_s21,control,none,negcon,control_none,val
HepatoPAC Islands 20260413,F03,22,r06c03f22p01-ch1sk1fk1fl1.tiff,r06c03f22p01-ch6sk1fk1fl1.tiff,r06c03f22p01-ch2sk1fk1fl1.tiff,r06c03f22p01-ch5sk1fk1fl1.tiff,r06c03f22p01-ch3sk1fk1fl1.tiff,r06c03f22p01-ch4sk1fk1fl1.tiff,F03_s22,control,none,negcon,control_none,val
HepatoPAC Islands 20260413,F03,23,r06c03f23p01-ch1sk1fk1fl1.tiff,r06c03f23p01-ch6sk1fk1fl1.tiff,r06c03f23p01-ch2sk1fk1fl1.tiff,r06c03f23p01-ch5sk1fk1fl1.tiff,r06c03f23p01-ch3sk1fk1fl1.tiff,r06c03f23p01-ch4sk1fk1fl1.tiff,F03_s23,control,none,negcon,control_none,val
HepatoPAC Islands 20260413,F03,24,r06c03f24p01-ch1sk1fk1fl1.tiff,r06c03f24p01-ch6sk1fk1fl1.tiff,r06c03f24p01-ch2sk1fk1fl1.tiff,r06c03f24p01-ch5sk1fk1fl1.tiff,r06c03f24p01-ch3sk1fk1fl1.tiff,r06c03f24p01-ch4sk1fk1fl1.tiff,F03_s24,control,none,negcon,control_none,val
HepatoPAC Islands 20260413,F03,25,r06c03f25p01-ch1sk1fk1fl1.tiff,r06c03f25p01-ch6sk1fk1fl1.tiff,r06c03f25p01-ch2sk1fk1fl1.tiff,r06c03f25p01-ch5sk1fk1fl1.tiff,r06c03f25p01-ch3sk1fk1fl1.tiff,r06c03f25p01-ch4sk1fk1fl1.tiff,F03_s25,control,none,negcon,control_none,val
HepatoPAC Islands 20260413,F03,26,r06c03f26p01-ch1sk1fk1fl1.tiff,r06c03f26p01-ch6sk1fk1fl1.tiff,r06c03f26p01-ch2sk1fk1fl1.tiff,r06c03f26p01-ch5sk1fk1fl1.tiff,r06c03f26p01-ch3sk1fk1fl1.tiff,r06c03f26p01-ch4sk1fk1fl1.tiff,F03_s26,control,none,negcon,control_none,val
HepatoPAC Islands 20260413,F03,27,r06c03f27p01-ch1sk1fk1fl1.tiff,r06c03f27p01-ch6sk1fk1fl1.tiff,r06c03f27p01-ch2sk1fk1fl1.tiff,r06c03f27p01-ch5sk1fk1fl1.tiff,r06c03f27p01-ch3sk1fk1fl1.tiff,r06c03f27p01-ch4sk1fk1fl1.tiff,F03_s27,control,none,negcon,control_none,val
HepatoPAC Islands 20260413,F03,28,r06c03f28p01-ch1sk1fk1fl1.tiff,r06c03f28p01-ch6sk1fk1fl1.tiff,r06c03f28p01-ch2sk1fk1fl1.tiff,r06c03f28p01-ch5sk1fk1fl1.tiff,r06c03f28p01-ch3sk1fk1fl1.tiff,r06c03f28p01-ch4sk1fk1fl1.tiff,F03_s28,control,none,negcon,control_none,val
HepatoPAC Islands 20260413,F03,29,r06c03f29p01-ch1sk1fk1fl1.tiff,r06c03f29p01-ch6sk1fk1fl1.tiff,r06c03f29p01-ch2sk1fk1fl1.tiff,r06c03f29p01-ch5sk1fk1fl1.tiff,r06c03f29p01-ch3sk1fk1fl1.tiff,r06c03f29p01-ch4sk1fk1fl1.tiff,F03_s29,control,none,negcon,control_none,val
HepatoPAC Islands 20260413,F03,30,r06c03f30p01-ch1sk1fk1fl1.tiff,r06c03f30p01-ch6sk1fk1fl1.tiff,r06c03f30p01-ch2sk1fk1fl1.tiff,r06c03f30p01-ch5sk1fk1fl1.tiff,r06c03f30p01-ch3sk1fk1fl1.tiff,r06c03f30p01-ch4sk1fk1fl1.tiff,F03_s30,control,none,negcon,control_none,val
HepatoPAC Islands 20260413,F03,31,r06c03f31p01-ch1sk1fk1fl1.tiff,r06c03f31p01-ch6sk1fk1fl1.tiff,r06c03f31p01-ch2sk1fk1fl1.tiff,r06c03f31p01-ch5sk1fk1fl1.tiff,r06c03f31p01-ch3sk1fk1fl1.tiff,r06c03f31p01-ch4sk1fk1fl1.tiff,F03_s31,control,none,negcon,control_none,val
HepatoPAC Islands 20260413,F03,32,r06c03f32p01-ch1sk1fk1fl1.tiff,r06c03f32p01-ch6sk1fk1fl1.tiff,r06c03f32p01-ch2sk1fk1fl1.tiff,r06c03f32p01-ch5sk1fk1fl1.tiff,r06c03f32p01-ch3sk1fk1fl1.tiff,r06c03f32p01-ch4sk1fk1fl1.tiff,F03_s32,control,none,negcon,control_none,val
HepatoPAC Islands 20260413,F03,33,r06c03f33p01-ch1sk1fk1fl1.tiff,r06c03f33p01-ch6sk1fk1fl1.tiff,r06c03f33p01-ch2sk1fk1fl1.tiff,r06c03f33p01-ch5sk1fk1fl1.tiff,r06c03f33p01-ch3sk1fk1fl1.tiff,r06c03f33p01-ch4sk1fk1fl1.tiff,F03_s33,control,none,negcon,control_none,val
HepatoPAC Islands 20260413,F03,34,r06c03f34p01-ch1sk1fk1fl1.tiff,r06c03f34p01-ch6sk1fk1fl1.tiff,r06c03f34p01-ch2sk1fk1fl1.tiff,r06c03f34p01-ch5sk1fk1fl1.tiff,r06c03f34p01-ch3sk1fk1fl1.tiff,r06c03f34p01-ch4sk1fk1fl1.tiff,F03_s34,control,none,negcon,control_none,val
HepatoPAC Islands 20260413,F03,35,r06c03f35p01-ch1sk1fk1fl1.tiff,r06c03f35p01-ch6sk1fk1fl1.tiff,r06c03f35p01-ch2sk1fk1fl1.tiff,r06c03f35p01-ch5sk1fk1fl1.tiff,r06c03f35p01-ch3sk1fk1fl1.tiff,r06c03f35p01-ch4sk1fk1fl1.tiff,F03_s35,control,none,negcon,control_none,val
HepatoPAC Islands 20260413,F03,36,r06c03f36p01-ch1sk1fk1fl1.tiff,r06c03f36p01-ch6sk1fk1fl1.tiff,r06c03f36p01-ch2sk1fk1fl1.tiff,r06c03f36p01-ch5sk1fk1fl1.tiff,r06c03f36p01-ch3sk1fk1fl1.tiff,r06c03f36p01-ch4sk1fk1fl1.tiff,F03_s36,control,none,negcon,control_none,val
HepatoPAC Islands 20260413,F03,37,r06c03f37p01-ch1sk1fk1fl1.tiff,r06c03f37p01-ch6sk1fk1fl1.tiff,r06c03f37p01-ch2sk1fk1fl1.tiff,r06c03f37p01-ch5sk1fk1fl1.tiff,r06c03f37p01-ch3sk1fk1fl1.tiff,r06c03f37p01-ch4sk1fk1fl1.tiff,F03_s37,control,none,negcon,control_none,val
HepatoPAC Islands 20260413,F03,38,r06c03f38p01-ch1sk1fk1fl1.tiff,r06c03f38p01-ch6sk1fk1fl1.tiff,r06c03f38p01-ch2sk1fk1fl1.tiff,r06c03f38p01-ch5sk1fk1fl1.tiff,r06c03f38p01-ch3sk1fk1fl1.tiff,r06c03f38p01-ch4sk1fk1fl1.tiff,F03_s38,control,none,negcon,control_none,val
HepatoPAC Islands 20260413,F03,39,r06c03f39p01-ch1sk1fk1fl1.tiff,r06c03f39p01-ch6sk1fk1fl1.tiff,r06c03f39p01-ch2sk1fk1fl1.tiff,r06c03f39p01-ch5sk1fk1fl1.tiff,r06c03f39p01-ch3sk1fk1fl1.tiff,r06c03f39p01-ch4sk1fk1fl1.tiff,F03_s39,control,none,negcon,control_none,val
HepatoPAC Islands 20260413,F03,40,r06c03f40p01-ch1sk1fk1fl1.tiff,r06c03f40p01-ch6sk1fk1fl1.tiff,r06c03f40p01-ch2sk1fk1fl1.tiff,r06c03f40p01-ch5sk1fk1fl1.tiff,r06c03f40p01-ch3sk1fk1fl1.tiff,r06c03f40p01-ch4sk1fk1fl1.tiff,F03_s40,control,none,negcon,control_none,val
HepatoPAC Islands 20260413,F03,41,r06c03f41p01-ch1sk1fk1fl1.tiff,r06c03f41p01-ch6sk1fk1fl1.tiff,r06c03f41p01-ch2sk1fk1fl1.tiff,r06c03f41p01-ch5sk1fk1fl1.tiff,r06c03f41p01-ch3sk1fk1fl1.tiff,r06c03f41p01-ch4sk1fk1fl1.tiff,F03_s41,control,none,negcon,control_none,val
HepatoPAC Islands 20260413,F03,42,r06c03f42p01-ch1sk1fk1fl1.tiff,r06c03f42p01-ch6sk1fk1fl1.tiff,r06c03f42p01-ch2sk1fk1fl1.tiff,r06c03f42p01-ch5sk1fk1fl1.tiff,r06c03f42p01-ch3sk1fk1fl1.tiff,r06c03f42p01-ch4sk1fk1fl1.tiff,F03_s42,control,none,negcon,control_none,val
HepatoPAC Islands 20260413,F03,43,r06c03f43p01-ch1sk1fk1fl1.tiff,r06c03f43p01-ch6sk1fk1fl1.tiff,r06c03f43p01-ch2sk1fk1fl1.tiff,r06c03f43p01-ch5sk1fk1fl1.tiff,r06c03f43p01-ch3sk1fk1fl1.tiff,r06c03f43p01-ch4sk1fk1fl1.tiff,F03_s43,control,none,negcon,control_none,val
HepatoPAC Islands 20260413,F03,44,r06c03f44p01-ch1sk1fk1fl1.tiff,r06c03f44p01-ch6sk1fk1fl1.tiff,r06c03f44p01-ch2sk1fk1fl1.tiff,r06c03f44p01-ch5sk1fk1fl1.tiff,r06c03f44p01-ch3sk1fk1fl1.tiff,r06c03f44p01-ch4sk1fk1fl1.tiff,F03_s44,control,none,negcon,control_none,val
HepatoPAC Islands 20260413,F03,45,r06c03f45p01-ch1sk1fk1fl1.tiff,r06c03f45p01-ch6sk1fk1fl1.tiff,r06c03f45p01-ch2sk1fk1fl1.tiff,r06c03f45p01-ch5sk1fk1fl1.tiff,r06c03f45p01-ch3sk1fk1fl1.tiff,r06c03f45p01-ch4sk1fk1fl1.tiff,F03_s45,control,none,negcon,control_none,val
HepatoPAC Islands 20260413,F03,46,r06c03f46p01-ch1sk1fk1fl1.tiff,r06c03f46p01-ch6sk1fk1fl1.tiff,r06c03f46p01-ch2sk1fk1fl1.tiff,r06c03f46p01-ch5sk1fk1fl1.tiff,r06c03f46p01-ch3sk1fk1fl1.tiff,r06c03f46p01-ch4sk1fk1fl1.tiff,F03_s46,control,none,negcon,control_none,val
HepatoPAC Islands 20260413,F03,47,r06c03f47p01-ch1sk1fk1fl1.tiff,r06c03f47p01-ch6sk1fk1fl1.tiff,r06c03f47p01-ch2sk1fk1fl1.tiff,r06c03f47p01-ch5sk1fk1fl1.tiff,r06c03f47p01-ch3sk1fk1fl1.tiff,r06c03f47p01-ch4sk1fk1fl1.tiff,F03_s47,control,none,negcon,control_none,val
HepatoPAC Islands 20260413,F03,48,r06c03f48p01-ch1sk1fk1fl1.tiff,r06c03f48p01-ch6sk1fk1fl1.tiff,r06c03f48p01-ch2sk1fk1fl1.tiff,r06c03f48p01-ch5sk1fk1fl1.tiff,r06c03f48p01-ch3sk1fk1fl1.tiff,r06c03f48p01-ch4sk1fk1fl1.tiff,F03_s48,control,none,negcon,control_none,val
HepatoPAC Islands 20260413,F03,49,r06c03f49p01-ch1sk1fk1fl1.tiff,r06c03f49p01-ch6sk1fk1fl1.tiff,r06c03f49p01-ch2sk1fk1fl1.tiff,r06c03f49p01-ch5sk1fk1fl1.tiff,r06c03f49p01-ch3sk1fk1fl1.tiff,r06c03f49p01-ch4sk1fk1fl1.tiff,F03_s49,control,none,negcon,control_none,val
HepatoPAC Islands 20260413,F04,1,r06c04f01p01-ch1sk1fk1fl1.tiff,r06c04f01p01-ch6sk1fk1fl1.tiff,r06c04f01p01-ch2sk1fk1fl1.tiff,r06c04f01p01-ch5sk1fk1fl1.tiff,r06c04f01p01-ch3sk1fk1fl1.tiff,r06c04f01p01-ch4sk1fk1fl1.tiff,F04_s01,control,none,negcon,control_none,train
HepatoPAC Islands 20260413,F04,2,r06c04f02p01-ch1sk1fk1fl1.tiff,r06c04f02p01-ch6sk1fk1fl1.tiff,r06c04f02p01-ch2sk1fk1fl1.tiff,r06c04f02p01-ch5sk1fk1fl1.tiff,r06c04f02p01-ch3sk1fk1fl1.tiff,r06c04f02p01-ch4sk1fk1fl1.tiff,F04_s02,control,none,negcon,control_none,train
HepatoPAC Islands 20260413,F04,3,r06c04f03p01-ch1sk1fk1fl1.tiff,r06c04f03p01-ch6sk1fk1fl1.tiff,r06c04f03p01-ch2sk1fk1fl1.tiff,r06c04f03p01-ch5sk1fk1fl1.tiff,r06c04f03p01-ch3sk1fk1fl1.tiff,r06c04f03p01-ch4sk1fk1fl1.tiff,F04_s03,control,none,negcon,control_none,train
HepatoPAC Islands 20260413,F04,4,r06c04f04p01-ch1sk1fk1fl1.tiff,r06c04f04p01-ch6sk1fk1fl1.tiff,r06c04f04p01-ch2sk1fk1fl1.tiff,r06c04f04p01-ch5sk1fk1fl1.tiff,r06c04f04p01-ch3sk1fk1fl1.tiff,r06c04f04p01-ch4sk1fk1fl1.tiff,F04_s04,control,none,negcon,control_none,train
HepatoPAC Islands 20260413,F04,5,r06c04f05p01-ch1sk1fk1fl1.tiff,r06c04f05p01-ch6sk1fk1fl1.tiff,r06c04f05p01-ch2sk1fk1fl1.tiff,r06c04f05p01-ch5sk1fk1fl1.tiff,r06c04f05p01-ch3sk1fk1fl1.tiff,r06c04f05p01-ch4sk1fk1fl1.tiff,F04_s05,control,none,negcon,control_none,train
HepatoPAC Islands 20260413,F04,6,r06c04f06p01-ch1sk1fk1fl1.tiff,r06c04f06p01-ch6sk1fk1fl1.tiff,r06c04f06p01-ch2sk1fk1fl1.tiff,r06c04f06p01-ch5sk1fk1fl1.tiff,r06c04f06p01-ch3sk1fk1fl1.tiff,r06c04f06p01-ch4sk1fk1fl1.tiff,F04_s06,control,none,negcon,control_none,train
HepatoPAC Islands 20260413,F04,7,r06c04f07p01-ch1sk1fk1fl1.tiff,r06c04f07p01-ch6sk1fk1fl1.tiff,r06c04f07p01-ch2sk1fk1fl1.tiff,r06c04f07p01-ch5sk1fk1fl1.tiff,r06c04f07p01-ch3sk1fk1fl1.tiff,r06c04f07p01-ch4sk1fk1fl1.tiff,F04_s07,control,none,negcon,control_none,train
HepatoPAC Islands 20260413,F04,8,r06c04f08p01-ch1sk1fk1fl1.tiff,r06c04f08p01-ch6sk1fk1fl1.tiff,r06c04f08p01-ch2sk1fk1fl1.tiff,r06c04f08p01-ch5sk1fk1fl1.tiff,r06c04f08p01-ch3sk1fk1fl1.tiff,r06c04f08p01-ch4sk1fk1fl1.tiff,F04_s08,control,none,negcon,control_none,train
HepatoPAC Islands 20260413,F04,9,r06c04f09p01-ch1sk1fk1fl1.tiff,r06c04f09p01-ch6sk1fk1fl1.tiff,r06c04f09p01-ch2sk1fk1fl1.tiff,r06c04f09p01-ch5sk1fk1fl1.tiff,r06c04f09p01-ch3sk1fk1fl1.tiff,r06c04f09p01-ch4sk1fk1fl1.tiff,F04_s09,control,none,negcon,control_none,train
HepatoPAC Islands 20260413,F04,10,r06c04f10p01-ch1sk1fk1fl1.tiff,r06c04f10p01-ch6sk1fk1fl1.tiff,r06c04f10p01-ch2sk1fk1fl1.tiff,r06c04f10p01-ch5sk1fk1fl1.tiff,r06c04f10p01-ch3sk1fk1fl1.tiff,r06c04f10p01-ch4sk1fk1fl1.tiff,F04_s10,control,none,negcon,control_none,train
HepatoPAC Islands 20260413,F04,11,r06c04f11p01-ch1sk1fk1fl1.tiff,r06c04f11p01-ch6sk1fk1fl1.tiff,r06c04f11p01-ch2sk1fk1fl1.tiff,r06c04f11p01-ch5sk1fk1fl1.tiff,r06c04f11p01-ch3sk1fk1fl1.tiff,r06c04f11p01-ch4sk1fk1fl1.tiff,F04_s11,control,none,negcon,control_none,train
HepatoPAC Islands 20260413,F04,12,r06c04f12p01-ch1sk1fk1fl1.tiff,r06c04f12p01-ch6sk1fk1fl1.tiff,r06c04f12p01-ch2sk1fk1fl1.tiff,r06c04f12p01-ch5sk1fk1fl1.tiff,r06c04f12p01-ch3sk1fk1fl1.tiff,r06c04f12p01-ch4sk1fk1fl1.tiff,F04_s12,control,none,negcon,control_none,train
HepatoPAC Islands 20260413,F04,13,r06c04f13p01-ch1sk1fk1fl1.tiff,r06c04f13p01-ch6sk1fk1fl1.tiff,r06c04f13p01-ch2sk1fk1fl1.tiff,r06c04f13p01-ch5sk1fk1fl1.tiff,r06c04f13p01-ch3sk1fk1fl1.tiff,r06c04f13p01-ch4sk1fk1fl1.tiff,F04_s13,control,none,negcon,control_none,train
HepatoPAC Islands 20260413,F04,14,r06c04f14p01-ch1sk1fk1fl1.tiff,r06c04f14p01-ch6sk1fk1fl1.tiff,r06c04f14p01-ch2sk1fk1fl1.tiff,r06c04f14p01-ch5sk1fk1fl1.tiff,r06c04f14p01-ch3sk1fk1fl1.tiff,r06c04f14p01-ch4sk1fk1fl1.tiff,F04_s14,control,none,negcon,control_none,train
HepatoPAC Islands 20260413,F04,15,r06c04f15p01-ch1sk1fk1fl1.tiff,r06c04f15p01-ch6sk1fk1fl1.tiff,r06c04f15p01-ch2sk1fk1fl1.tiff,r06c04f15p01-ch5sk1fk1fl1.tiff,r06c04f15p01-ch3sk1fk1fl1.tiff,r06c04f15p01-ch4sk1fk1fl1.tiff,F04_s15,control,none,negcon,control_none,train
HepatoPAC Islands 20260413,F04,16,r06c04f16p01-ch1sk1fk1fl1.tiff,r06c04f16p01-ch6sk1fk1fl1.tiff,r06c04f16p01-ch2sk1fk1fl1.tiff,r06c04f16p01-ch5sk1fk1fl1.tiff,r06c04f16p01-ch3sk1fk1fl1.tiff,r06c04f16p01-ch4sk1fk1fl1.tiff,F04_s16,control,none,negcon,control_none,train
HepatoPAC Islands 20260413,F04,17,r06c04f17p01-ch1sk1fk1fl1.tiff,r06c04f17p01-ch6sk1fk1fl1.tiff,r06c04f17p01-ch2sk1fk1fl1.tiff,r06c04f17p01-ch5sk1fk1fl1.tiff,r06c04f17p01-ch3sk1fk1fl1.tiff,r06c04f17p01-ch4sk1fk1fl1.tiff,F04_s17,control,none,negcon,control_none,train
HepatoPAC Islands 20260413,F04,18,r06c04f18p01-ch1sk1fk1fl1.tiff,r06c04f18p01-ch6sk1fk1fl1.tiff,r06c04f18p01-ch2sk1fk1fl1.tiff,r06c04f18p01-ch5sk1fk1fl1.tiff,r06c04f18p01-ch3sk1fk1fl1.tiff,r06c04f18p01-ch4sk1fk1fl1.tiff,F04_s18,control,none,negcon,control_none,train
HepatoPAC Islands 20260413,F04,19,r06c04f19p01-ch1sk1fk1fl1.tiff,r06c04f19p01-ch6sk1fk1fl1.tiff,r06c04f19p01-ch2sk1fk1fl1.tiff,r06c04f19p01-ch5sk1fk1fl1.tiff,r06c04f19p01-ch3sk1fk1fl1.tiff,r06c04f19p01-ch4sk1fk1fl1.tiff,F04_s19,control,none,negcon,control_none,train
HepatoPAC Islands 20260413,F04,20,r06c04f20p01-ch1sk1fk1fl1.tiff,r06c04f20p01-ch6sk1fk1fl1.tiff,r06c04f20p01-ch2sk1fk1fl1.tiff,r06c04f20p01-ch5sk1fk1fl1.tiff,r06c04f20p01-ch3sk1fk1fl1.tiff,r06c04f20p01-ch4sk1fk1fl1.tiff,F04_s20,control,none,negcon,control_none,train
HepatoPAC Islands 20260413,F04,21,r06c04f21p01-ch1sk1fk1fl1.tiff,r06c04f21p01-ch6sk1fk1fl1.tiff,r06c04f21p01-ch2sk1fk1fl1.tiff,r06c04f21p01-ch5sk1fk1fl1.tiff,r06c04f21p01-ch3sk1fk1fl1.tiff,r06c04f21p01-ch4sk1fk1fl1.tiff,F04_s21,control,none,negcon,control_none,train
HepatoPAC Islands 20260413,F04,22,r06c04f22p01-ch1sk1fk1fl1.tiff,r06c04f22p01-ch6sk1fk1fl1.tiff,r06c04f22p01-ch2sk1fk1fl1.tiff,r06c04f22p01-ch5sk1fk1fl1.tiff,r06c04f22p01-ch3sk1fk1fl1.tiff,r06c04f22p01-ch4sk1fk1fl1.tiff,F04_s22,control,none,negcon,control_none,train
HepatoPAC Islands 20260413,F04,23,r06c04f23p01-ch1sk1fk1fl1.tiff,r06c04f23p01-ch6sk1fk1fl1.tiff,r06c04f23p01-ch2sk1fk1fl1.tiff,r06c04f23p01-ch5sk1fk1fl1.tiff,r06c04f23p01-ch3sk1fk1fl1.tiff,r06c04f23p01-ch4sk1fk1fl1.tiff,F04_s23,control,none,negcon,control_none,train
HepatoPAC Islands 20260413,F04,24,r06c04f24p01-ch1sk1fk1fl1.tiff,r06c04f24p01-ch6sk1fk1fl1.tiff,r06c04f24p01-ch2sk1fk1fl1.tiff,r06c04f24p01-ch5sk1fk1fl1.tiff,r06c04f24p01-ch3sk1fk1fl1.tiff,r06c04f24p01-ch4sk1fk1fl1.tiff,F04_s24,control,none,negcon,control_none,train
HepatoPAC Islands 20260413,F04,25,r06c04f25p01-ch1sk1fk1fl1.tiff,r06c04f25p01-ch6sk1fk1fl1.tiff,r06c04f25p01-ch2sk1fk1fl1.tiff,r06c04f25p01-ch5sk1fk1fl1.tiff,r06c04f25p01-ch3sk1fk1fl1.tiff,r06c04f25p01-ch4sk1fk1fl1.tiff,F04_s25,control,none,negcon,control_none,train
HepatoPAC Islands 20260413,F04,26,r06c04f26p01-ch1sk1fk1fl1.tiff,r06c04f26p01-ch6sk1fk1fl1.tiff,r06c04f26p01-ch2sk1fk1fl1.tiff,r06c04f26p01-ch5sk1fk1fl1.tiff,r06c04f26p01-ch3sk1fk1fl1.tiff,r06c04f26p01-ch4sk1fk1fl1.tiff,F04_s26,control,none,negcon,control_none,train
HepatoPAC Islands 20260413,F04,27,r06c04f27p01-ch1sk1fk1fl1.tiff,r06c04f27p01-ch6sk1fk1fl1.tiff,r06c04f27p01-ch2sk1fk1fl1.tiff,r06c04f27p01-ch5sk1fk1fl1.tiff,r06c04f27p01-ch3sk1fk1fl1.tiff,r06c04f27p01-ch4sk1fk1fl1.tiff,F04_s27,control,none,negcon,control_none,train
HepatoPAC Islands 20260413,F04,28,r06c04f28p01-ch1sk1fk1fl1.tiff,r06c04f28p01-ch6sk1fk1fl1.tiff,r06c04f28p01-ch2sk1fk1fl1.tiff,r06c04f28p01-ch5sk1fk1fl1.tiff,r06c04f28p01-ch3sk1fk1fl1.tiff,r06c04f28p01-ch4sk1fk1fl1.tiff,F04_s28,control,none,negcon,control_none,train
HepatoPAC Islands 20260413,F04,29,r06c04f29p01-ch1sk1fk1fl1.tiff,r06c04f29p01-ch6sk1fk1fl1.tiff,r06c04f29p01-ch2sk1fk1fl1.tiff,r06c04f29p01-ch5sk1fk1fl1.tiff,r06c04f29p01-ch3sk1fk1fl1.tiff,r06c04f29p01-ch4sk1fk1fl1.tiff,F04_s29,control,none,negcon,control_none,train
HepatoPAC Islands 20260413,F04,30,r06c04f30p01-ch1sk1fk1fl1.tiff,r06c04f30p01-ch6sk1fk1fl1.tiff,r06c04f30p01-ch2sk1fk1fl1.tiff,r06c04f30p01-ch5sk1fk1fl1.tiff,r06c04f30p01-ch3sk1fk1fl1.tiff,r06c04f30p01-ch4sk1fk1fl1.tiff,F04_s30,control,none,negcon,control_none,train
HepatoPAC Islands 20260413,F04,31,r06c04f31p01-ch1sk1fk1fl1.tiff,r06c04f31p01-ch6sk1fk1fl1.tiff,r06c04f31p01-ch2sk1fk1fl1.tiff,r06c04f31p01-ch5sk1fk1fl1.tiff,r06c04f31p01-ch3sk1fk1fl1.tiff,r06c04f31p01-ch4sk1fk1fl1.tiff,F04_s31,control,none,negcon,control_none,train
HepatoPAC Islands 20260413,F04,32,r06c04f32p01-ch1sk1fk1fl1.tiff,r06c04f32p01-ch6sk1fk1fl1.tiff,r06c04f32p01-ch2sk1fk1fl1.tiff,r06c04f32p01-ch5sk1fk1fl1.tiff,r06c04f32p01-ch3sk1fk1fl1.tiff,r06c04f32p01-ch4sk1fk1fl1.tiff,F04_s32,control,none,negcon,control_none,train
HepatoPAC Islands 20260413,F04,33,r06c04f33p01-ch1sk1fk1fl1.tiff,r06c04f33p01-ch6sk1fk1fl1.tiff,r06c04f33p01-ch2sk1fk1fl1.tiff,r06c04f33p01-ch5sk1fk1fl1.tiff,r06c04f33p01-ch3sk1fk1fl1.tiff,r06c04f33p01-ch4sk1fk1fl1.tiff,F04_s33,control,none,negcon,control_none,train
HepatoPAC Islands 20260413,F04,34,r06c04f34p01-ch1sk1fk1fl1.tiff,r06c04f34p01-ch6sk1fk1fl1.tiff,r06c04f34p01-ch2sk1fk1fl1.tiff,r06c04f34p01-ch5sk1fk1fl1.tiff,r06c04f34p01-ch3sk1fk1fl1.tiff,r06c04f34p01-ch4sk1fk1fl1.tiff,F04_s34,control,none,negcon,control_none,train
HepatoPAC Islands 20260413,F04,35,r06c04f35p01-ch1sk1fk1fl1.tiff,r06c04f35p01-ch6sk1fk1fl1.tiff,r06c04f35p01-ch2sk1fk1fl1.tiff,r06c04f35p01-ch5sk1fk1fl1.tiff,r06c04f35p01-ch3sk1fk1fl1.tiff,r06c04f35p01-ch4sk1fk1fl1.tiff,F04_s35,control,none,negcon,control_none,train
HepatoPAC Islands 20260413,F04,36,r06c04f36p01-ch1sk1fk1fl1.tiff,r06c04f36p01-ch6sk1fk1fl1.tiff,r06c04f36p01-ch2sk1fk1fl1.tiff,r06c04f36p01-ch5sk1fk1fl1.tiff,r06c04f36p01-ch3sk1fk1fl1.tiff,r06c04f36p01-ch4sk1fk1fl1.tiff,F04_s36,control,none,negcon,control_none,train
HepatoPAC Islands 20260413,F04,37,r06c04f37p01-ch1sk1fk1fl1.tiff,r06c04f37p01-ch6sk1fk1fl1.tiff,r06c04f37p01-ch2sk1fk1fl1.tiff,r06c04f37p01-ch5sk1fk1fl1.tiff,r06c04f37p01-ch3sk1fk1fl1.tiff,r06c04f37p01-ch4sk1fk1fl1.tiff,F04_s37,control,none,negcon,control_none,train
HepatoPAC Islands 20260413,F04,38,r06c04f38p01-ch1sk1fk1fl1.tiff,r06c04f38p01-ch6sk1fk1fl1.tiff,r06c04f38p01-ch2sk1fk1fl1.tiff,r06c04f38p01-ch5sk1fk1fl1.tiff,r06c04f38p01-ch3sk1fk1fl1.tiff,r06c04f38p01-ch4sk1fk1fl1.tiff,F04_s38,control,none,negcon,control_none,train
HepatoPAC Islands 20260413,F04,39,r06c04f39p01-ch1sk1fk1fl1.tiff,r06c04f39p01-ch6sk1fk1fl1.tiff,r06c04f39p01-ch2sk1fk1fl1.tiff,r06c04f39p01-ch5sk1fk1fl1.tiff,r06c04f39p01-ch3sk1fk1fl1.tiff,r06c04f39p01-ch4sk1fk1fl1.tiff,F04_s39,control,none,negcon,control_none,train
HepatoPAC Islands 20260413,F04,40,r06c04f40p01-ch1sk1fk1fl1.tiff,r06c04f40p01-ch6sk1fk1fl1.tiff,r06c04f40p01-ch2sk1fk1fl1.tiff,r06c04f40p01-ch5sk1fk1fl1.tiff,r06c04f40p01-ch3sk1fk1fl1.tiff,r06c04f40p01-ch4sk1fk1fl1.tiff,F04_s40,control,none,negcon,control_none,train
HepatoPAC Islands 20260413,F04,41,r06c04f41p01-ch1sk1fk1fl1.tiff,r06c04f41p01-ch6sk1fk1fl1.tiff,r06c04f41p01-ch2sk1fk1fl1.tiff,r06c04f41p01-ch5sk1fk1fl1.tiff,r06c04f41p01-ch3sk1fk1fl1.tiff,r06c04f41p01-ch4sk1fk1fl1.tiff,F04_s41,control,none,negcon,control_none,train
HepatoPAC Islands 20260413,F04,42,r06c04f42p01-ch1sk1fk1fl1.tiff,r06c04f42p01-ch6sk1fk1fl1.tiff,r06c04f42p01-ch2sk1fk1fl1.tiff,r06c04f42p01-ch5sk1fk1fl1.tiff,r06c04f42p01-ch3sk1fk1fl1.tiff,r06c04f42p01-ch4sk1fk1fl1.tiff,F04_s42,control,none,negcon,control_none,train
HepatoPAC Islands 20260413,F04,43,r06c04f43p01-ch1sk1fk1fl1.tiff,r06c04f43p01-ch6sk1fk1fl1.tiff,r06c04f43p01-ch2sk1fk1fl1.tiff,r06c04f43p01-ch5sk1fk1fl1.tiff,r06c04f43p01-ch3sk1fk1fl1.tiff,r06c04f43p01-ch4sk1fk1fl1.tiff,F04_s43,control,none,negcon,control_none,train
HepatoPAC Islands 20260413,F04,44,r06c04f44p01-ch1sk1fk1fl1.tiff,r06c04f44p01-ch6sk1fk1fl1.tiff,r06c04f44p01-ch2sk1fk1fl1.tiff,r06c04f44p01-ch5sk1fk1fl1.tiff,r06c04f44p01-ch3sk1fk1fl1.tiff,r06c04f44p01-ch4sk1fk1fl1.tiff,F04_s44,control,none,negcon,control_none,train
HepatoPAC Islands 20260413,F04,45,r06c04f45p01-ch1sk1fk1fl1.tiff,r06c04f45p01-ch6sk1fk1fl1.tiff,r06c04f45p01-ch2sk1fk1fl1.tiff,r06c04f45p01-ch5sk1fk1fl1.tiff,r06c04f45p01-ch3sk1fk1fl1.tiff,r06c04f45p01-ch4sk1fk1fl1.tiff,F04_s45,control,none,negcon,control_none,train
HepatoPAC Islands 20260413,F04,46,r06c04f46p01-ch1sk1fk1fl1.tiff,r06c04f46p01-ch6sk1fk1fl1.tiff,r06c04f46p01-ch2sk1fk1fl1.tiff,r06c04f46p01-ch5sk1fk1fl1.tiff,r06c04f46p01-ch3sk1fk1fl1.tiff,r06c04f46p01-ch4sk1fk1fl1.tiff,F04_s46,control,none,negcon,control_none,train
HepatoPAC Islands 20260413,F04,47,r06c04f47p01-ch1sk1fk1fl1.tiff,r06c04f47p01-ch6sk1fk1fl1.tiff,r06c04f47p01-ch2sk1fk1fl1.tiff,r06c04f47p01-ch5sk1fk1fl1.tiff,r06c04f47p01-ch3sk1fk1fl1.tiff,r06c04f47p01-ch4sk1fk1fl1.tiff,F04_s47,control,none,negcon,control_none,train
HepatoPAC Islands 20260413,F04,48,r06c04f48p01-ch1sk1fk1fl1.tiff,r06c04f48p01-ch6sk1fk1fl1.tiff,r06c04f48p01-ch2sk1fk1fl1.tiff,r06c04f48p01-ch5sk1fk1fl1.tiff,r06c04f48p01-ch3sk1fk1fl1.tiff,r06c04f48p01-ch4sk1fk1fl1.tiff,F04_s48,control,none,negcon,control_none,train
HepatoPAC Islands 20260413,F04,49,r06c04f49p01-ch1sk1fk1fl1.tiff,r06c04f49p01-ch6sk1fk1fl1.tiff,r06c04f49p01-ch2sk1fk1fl1.tiff,r06c04f49p01-ch5sk1fk1fl1.tiff,r06c04f49p01-ch3sk1fk1fl1.tiff,r06c04f49p01-ch4sk1fk1fl1.tiff,F04_s49,control,none,negcon,control_none,train
HepatoPAC Islands 20260413,F05,1,r06c05f01p01-ch1sk1fk1fl1.tiff,r06c05f01p01-ch6sk1fk1fl1.tiff,r06c05f01p01-ch2sk1fk1fl1.tiff,r06c05f01p01-ch5sk1fk1fl1.tiff,r06c05f01p01-ch3sk1fk1fl1.tiff,r06c05f01p01-ch4sk1fk1fl1.tiff,F05_s01,control,none,negcon,control_none,train
HepatoPAC Islands 20260413,F05,2,r06c05f02p01-ch1sk1fk1fl1.tiff,r06c05f02p01-ch6sk1fk1fl1.tiff,r06c05f02p01-ch2sk1fk1fl1.tiff,r06c05f02p01-ch5sk1fk1fl1.tiff,r06c05f02p01-ch3sk1fk1fl1.tiff,r06c05f02p01-ch4sk1fk1fl1.tiff,F05_s02,control,none,negcon,control_none,train
HepatoPAC Islands 20260413,F05,3,r06c05f03p01-ch1sk1fk1fl1.tiff,r06c05f03p01-ch6sk1fk1fl1.tiff,r06c05f03p01-ch2sk1fk1fl1.tiff,r06c05f03p01-ch5sk1fk1fl1.tiff,r06c05f03p01-ch3sk1fk1fl1.tiff,r06c05f03p01-ch4sk1fk1fl1.tiff,F05_s03,control,none,negcon,control_none,train
HepatoPAC Islands 20260413,F05,4,r06c05f04p01-ch1sk1fk1fl1.tiff,r06c05f04p01-ch6sk1fk1fl1.tiff,r06c05f04p01-ch2sk1fk1fl1.tiff,r06c05f04p01-ch5sk1fk1fl1.tiff,r06c05f04p01-ch3sk1fk1fl1.tiff,r06c05f04p01-ch4sk1fk1fl1.tiff,F05_s04,control,none,negcon,control_none,train
HepatoPAC Islands 20260413,F05,5,r06c05f05p01-ch1sk1fk1fl1.tiff,r06c05f05p01-ch6sk1fk1fl1.tiff,r06c05f05p01-ch2sk1fk1fl1.tiff,r06c05f05p01-ch5sk1fk1fl1.tiff,r06c05f05p01-ch3sk1fk1fl1.tiff,r06c05f05p01-ch4sk1fk1fl1.tiff,F05_s05,control,none,negcon,control_none,train
HepatoPAC Islands 20260413,F05,6,r06c05f06p01-ch1sk1fk1fl1.tiff,r06c05f06p01-ch6sk1fk1fl1.tiff,r06c05f06p01-ch2sk1fk1fl1.tiff,r06c05f06p01-ch5sk1fk1fl1.tiff,r06c05f06p01-ch3sk1fk1fl1.tiff,r06c05f06p01-ch4sk1fk1fl1.tiff,F05_s06,control,none,negcon,control_none,train
HepatoPAC Islands 20260413,F05,7,r06c05f07p01-ch1sk1fk1fl1.tiff,r06c05f07p01-ch6sk1fk1fl1.tiff,r06c05f07p01-ch2sk1fk1fl1.tiff,r06c05f07p01-ch5sk1fk1fl1.tiff,r06c05f07p01-ch3sk1fk1fl1.tiff,r06c05f07p01-ch4sk1fk1fl1.tiff,F05_s07,control,none,negcon,control_none,train
HepatoPAC Islands 20260413,F05,8,r06c05f08p01-ch1sk1fk1fl1.tiff,r06c05f08p01-ch6sk1fk1fl1.tiff,r06c05f08p01-ch2sk1fk1fl1.tiff,r06c05f08p01-ch5sk1fk1fl1.tiff,r06c05f08p01-ch3sk1fk1fl1.tiff,r06c05f08p01-ch4sk1fk1fl1.tiff,F05_s08,control,none,negcon,control_none,train
HepatoPAC Islands 20260413,F05,9,r06c05f09p01-ch1sk1fk1fl1.tiff,r06c05f09p01-ch6sk1fk1fl1.tiff,r06c05f09p01-ch2sk1fk1fl1.tiff,r06c05f09p01-ch5sk1fk1fl1.tiff,r06c05f09p01-ch3sk1fk1fl1.tiff,r06c05f09p01-ch4sk1fk1fl1.tiff,F05_s09,control,none,negcon,control_none,train
HepatoPAC Islands 20260413,F05,10,r06c05f10p01-ch1sk1fk1fl1.tiff,r06c05f10p01-ch6sk1fk1fl1.tiff,r06c05f10p01-ch2sk1fk1fl1.tiff,r06c05f10p01-ch5sk1fk1fl1.tiff,r06c05f10p01-ch3sk1fk1fl1.tiff,r06c05f10p01-ch4sk1fk1fl1.tiff,F05_s10,control,none,negcon,control_none,train
HepatoPAC Islands 20260413,F05,11,r06c05f11p01-ch1sk1fk1fl1.tiff,r06c05f11p01-ch6sk1fk1fl1.tiff,r06c05f11p01-ch2sk1fk1fl1.tiff,r06c05f11p01-ch5sk1fk1fl1.tiff,r06c05f11p01-ch3sk1fk1fl1.tiff,r06c05f11p01-ch4sk1fk1fl1.tiff,F05_s11,control,none,negcon,control_none,train
HepatoPAC Islands 20260413,F05,12,r06c05f12p01-ch1sk1fk1fl1.tiff,r06c05f12p01-ch6sk1fk1fl1.tiff,r06c05f12p01-ch2sk1fk1fl1.tiff,r06c05f12p01-ch5sk1fk1fl1.tiff,r06c05f12p01-ch3sk1fk1fl1.tiff,r06c05f12p01-ch4sk1fk1fl1.tiff,F05_s12,control,none,negcon,control_none,train
HepatoPAC Islands 20260413,F05,13,r06c05f13p01-ch1sk1fk1fl1.tiff,r06c05f13p01-ch6sk1fk1fl1.tiff,r06c05f13p01-ch2sk1fk1fl1.tiff,r06c05f13p01-ch5sk1fk1fl1.tiff,r06c05f13p01-ch3sk1fk1fl1.tiff,r06c05f13p01-ch4sk1fk1fl1.tiff,F05_s13,control,none,negcon,control_none,train
HepatoPAC Islands 20260413,F05,14,r06c05f14p01-ch1sk1fk1fl1.tiff,r06c05f14p01-ch6sk1fk1fl1.tiff,r06c05f14p01-ch2sk1fk1fl1.tiff,r06c05f14p01-ch5sk1fk1fl1.tiff,r06c05f14p01-ch3sk1fk1fl1.tiff,r06c05f14p01-ch4sk1fk1fl1.tiff,F05_s14,control,none,negcon,control_none,train
HepatoPAC Islands 20260413,F05,15,r06c05f15p01-ch1sk1fk1fl1.tiff,r06c05f15p01-ch6sk1fk1fl1.tiff,r06c05f15p01-ch2sk1fk1fl1.tiff,r06c05f15p01-ch5sk1fk1fl1.tiff,r06c05f15p01-ch3sk1fk1fl1.tiff,r06c05f15p01-ch4sk1fk1fl1.tiff,F05_s15,control,none,negcon,control_none,train
HepatoPAC Islands 20260413,F05,16,r06c05f16p01-ch1sk1fk1fl1.tiff,r06c05f16p01-ch6sk1fk1fl1.tiff,r06c05f16p01-ch2sk1fk1fl1.tiff,r06c05f16p01-ch5sk1fk1fl1.tiff,r06c05f16p01-ch3sk1fk1fl1.tiff,r06c05f16p01-ch4sk1fk1fl1.tiff,F05_s16,control,none,negcon,control_none,train
HepatoPAC Islands 20260413,F05,17,r06c05f17p01-ch1sk1fk1fl1.tiff,r06c05f17p01-ch6sk1fk1fl1.tiff,r06c05f17p01-ch2sk1fk1fl1.tiff,r06c05f17p01-ch5sk1fk1fl1.tiff,r06c05f17p01-ch3sk1fk1fl1.tiff,r06c05f17p01-ch4sk1fk1fl1.tiff,F05_s17,control,none,negcon,control_none,train
HepatoPAC Islands 20260413,F05,18,r06c05f18p01-ch1sk1fk1fl1.tiff,r06c05f18p01-ch6sk1fk1fl1.tiff,r06c05f18p01-ch2sk1fk1fl1.tiff,r06c05f18p01-ch5sk1fk1fl1.tiff,r06c05f18p01-ch3sk1fk1fl1.tiff,r06c05f18p01-ch4sk1fk1fl1.tiff,F05_s18,control,none,negcon,control_none,train
HepatoPAC Islands 20260413,F05,19,r06c05f19p01-ch1sk1fk1fl1.tiff,r06c05f19p01-ch6sk1fk1fl1.tiff,r06c05f19p01-ch2sk1fk1fl1.tiff,r06c05f19p01-ch5sk1fk1fl1.tiff,r06c05f19p01-ch3sk1fk1fl1.tiff,r06c05f19p01-ch4sk1fk1fl1.tiff,F05_s19,control,none,negcon,control_none,train
HepatoPAC Islands 20260413,F05,20,r06c05f20p01-ch1sk1fk1fl1.tiff,r06c05f20p01-ch6sk1fk1fl1.tiff,r06c05f20p01-ch2sk1fk1fl1.tiff,r06c05f20p01-ch5sk1fk1fl1.tiff,r06c05f20p01-ch3sk1fk1fl1.tiff,r06c05f20p01-ch4sk1fk1fl1.tiff,F05_s20,control,none,negcon,control_none,train
HepatoPAC Islands 20260413,F05,21,r06c05f21p01-ch1sk1fk1fl1.tiff,r06c05f21p01-ch6sk1fk1fl1.tiff,r06c05f21p01-ch2sk1fk1fl1.tiff,r06c05f21p01-ch5sk1fk1fl1.tiff,r06c05f21p01-ch3sk1fk1fl1.tiff,r06c05f21p01-ch4sk1fk1fl1.tiff,F05_s21,control,none,negcon,control_none,train
HepatoPAC Islands 20260413,F05,22,r06c05f22p01-ch1sk1fk1fl1.tiff,r06c05f22p01-ch6sk1fk1fl1.tiff,r06c05f22p01-ch2sk1fk1fl1.tiff,r06c05f22p01-ch5sk1fk1fl1.tiff,r06c05f22p01-ch3sk1fk1fl1.tiff,r06c05f22p01-ch4sk1fk1fl1.tiff,F05_s22,control,none,negcon,control_none,train
HepatoPAC Islands 20260413,F05,23,r06c05f23p01-ch1sk1fk1fl1.tiff,r06c05f23p01-ch6sk1fk1fl1.tiff,r06c05f23p01-ch2sk1fk1fl1.tiff,r06c05f23p01-ch5sk1fk1fl1.tiff,r06c05f23p01-ch3sk1fk1fl1.tiff,r06c05f23p01-ch4sk1fk1fl1.tiff,F05_s23,control,none,negcon,control_none,train
HepatoPAC Islands 20260413,F05,24,r06c05f24p01-ch1sk1fk1fl1.tiff,r06c05f24p01-ch6sk1fk1fl1.tiff,r06c05f24p01-ch2sk1fk1fl1.tiff,r06c05f24p01-ch5sk1fk1fl1.tiff,r06c05f24p01-ch3sk1fk1fl1.tiff,r06c05f24p01-ch4sk1fk1fl1.tiff,F05_s24,control,none,negcon,control_none,train
HepatoPAC Islands 20260413,F05,25,r06c05f25p01-ch1sk1fk1fl1.tiff,r06c05f25p01-ch6sk1fk1fl1.tiff,r06c05f25p01-ch2sk1fk1fl1.tiff,r06c05f25p01-ch5sk1fk1fl1.tiff,r06c05f25p01-ch3sk1fk1fl1.tiff,r06c05f25p01-ch4sk1fk1fl1.tiff,F05_s25,control,none,negcon,control_none,train
HepatoPAC Islands 20260413,F05,26,r06c05f26p01-ch1sk1fk1fl1.tiff,r06c05f26p01-ch6sk1fk1fl1.tiff,r06c05f26p01-ch2sk1fk1fl1.tiff,r06c05f26p01-ch5sk1fk1fl1.tiff,r06c05f26p01-ch3sk1fk1fl1.tiff,r06c05f26p01-ch4sk1fk1fl1.tiff,F05_s26,control,none,negcon,control_none,train
HepatoPAC Islands 20260413,F05,27,r06c05f27p01-ch1sk1fk1fl1.tiff,r06c05f27p01-ch6sk1fk1fl1.tiff,r06c05f27p01-ch2sk1fk1fl1.tiff,r06c05f27p01-ch5sk1fk1fl1.tiff,r06c05f27p01-ch3sk1fk1fl1.tiff,r06c05f27p01-ch4sk1fk1fl1.tiff,F05_s27,control,none,negcon,control_none,train
HepatoPAC Islands 20260413,F05,28,r06c05f28p01-ch1sk1fk1fl1.tiff,r06c05f28p01-ch6sk1fk1fl1.tiff,r06c05f28p01-ch2sk1fk1fl1.tiff,r06c05f28p01-ch5sk1fk1fl1.tiff,r06c05f28p01-ch3sk1fk1fl1.tiff,r06c05f28p01-ch4sk1fk1fl1.tiff,F05_s28,control,none,negcon,control_none,train
HepatoPAC Islands 20260413,F05,29,r06c05f29p01-ch1sk1fk1fl1.tiff,r06c05f29p01-ch6sk1fk1fl1.tiff,r06c05f29p01-ch2sk1fk1fl1.tiff,r06c05f29p01-ch5sk1fk1fl1.tiff,r06c05f29p01-ch3sk1fk1fl1.tiff,r06c05f29p01-ch4sk1fk1fl1.tiff,F05_s29,control,none,negcon,control_none,train
HepatoPAC Islands 20260413,F05,30,r06c05f30p01-ch1sk1fk1fl1.tiff,r06c05f30p01-ch6sk1fk1fl1.tiff,r06c05f30p01-ch2sk1fk1fl1.tiff,r06c05f30p01-ch5sk1fk1fl1.tiff,r06c05f30p01-ch3sk1fk1fl1.tiff,r06c05f30p01-ch4sk1fk1fl1.tiff,F05_s30,control,none,negcon,control_none,train
HepatoPAC Islands 20260413,F05,31,r06c05f31p01-ch1sk1fk1fl1.tiff,r06c05f31p01-ch6sk1fk1fl1.tiff,r06c05f31p01-ch2sk1fk1fl1.tiff,r06c05f31p01-ch5sk1fk1fl1.tiff,r06c05f31p01-ch3sk1fk1fl1.tiff,r06c05f31p01-ch4sk1fk1fl1.tiff,F05_s31,control,none,negcon,control_none,train
HepatoPAC Islands 20260413,F05,32,r06c05f32p01-ch1sk1fk1fl1.tiff,r06c05f32p01-ch6sk1fk1fl1.tiff,r06c05f32p01-ch2sk1fk1fl1.tiff,r06c05f32p01-ch5sk1fk1fl1.tiff,r06c05f32p01-ch3sk1fk1fl1.tiff,r06c05f32p01-ch4sk1fk1fl1.tiff,F05_s32,control,none,negcon,control_none,train
HepatoPAC Islands 20260413,F05,33,r06c05f33p01-ch1sk1fk1fl1.tiff,r06c05f33p01-ch6sk1fk1fl1.tiff,r06c05f33p01-ch2sk1fk1fl1.tiff,r06c05f33p01-ch5sk1fk1fl1.tiff,r06c05f33p01-ch3sk1fk1fl1.tiff,r06c05f33p01-ch4sk1fk1fl1.tiff,F05_s33,control,none,negcon,control_none,train
HepatoPAC Islands 20260413,F05,34,r06c05f34p01-ch1sk1fk1fl1.tiff,r06c05f34p01-ch6sk1fk1fl1.tiff,r06c05f34p01-ch2sk1fk1fl1.tiff,r06c05f34p01-ch5sk1fk1fl1.tiff,r06c05f34p01-ch3sk1fk1fl1.tiff,r06c05f34p01-ch4sk1fk1fl1.tiff,F05_s34,control,none,negcon,control_none,train
HepatoPAC Islands 20260413,F05,35,r06c05f35p01-ch1sk1fk1fl1.tiff,r06c05f35p01-ch6sk1fk1fl1.tiff,r06c05f35p01-ch2sk1fk1fl1.tiff,r06c05f35p01-ch5sk1fk1fl1.tiff,r06c05f35p01-ch3sk1fk1fl1.tiff,r06c05f35p01-ch4sk1fk1fl1.tiff,F05_s35,control,none,negcon,control_none,train
HepatoPAC Islands 20260413,F05,36,r06c05f36p01-ch1sk1fk1fl1.tiff,r06c05f36p01-ch6sk1fk1fl1.tiff,r06c05f36p01-ch2sk1fk1fl1.tiff,r06c05f36p01-ch5sk1fk1fl1.tiff,r06c05f36p01-ch3sk1fk1fl1.tiff,r06c05f36p01-ch4sk1fk1fl1.tiff,F05_s36,control,none,negcon,control_none,train
HepatoPAC Islands 20260413,F05,37,r06c05f37p01-ch1sk1fk1fl1.tiff,r06c05f37p01-ch6sk1fk1fl1.tiff,r06c05f37p01-ch2sk1fk1fl1.tiff,r06c05f37p01-ch5sk1fk1fl1.tiff,r06c05f37p01-ch3sk1fk1fl1.tiff,r06c05f37p01-ch4sk1fk1fl1.tiff,F05_s37,control,none,negcon,control_none,train
HepatoPAC Islands 20260413,F05,38,r06c05f38p01-ch1sk1fk1fl1.tiff,r06c05f38p01-ch6sk1fk1fl1.tiff,r06c05f38p01-ch2sk1fk1fl1.tiff,r06c05f38p01-ch5sk1fk1fl1.tiff,r06c05f38p01-ch3sk1fk1fl1.tiff,r06c05f38p01-ch4sk1fk1fl1.tiff,F05_s38,control,none,negcon,control_none,train
HepatoPAC Islands 20260413,F05,39,r06c05f39p01-ch1sk1fk1fl1.tiff,r06c05f39p01-ch6sk1fk1fl1.tiff,r06c05f39p01-ch2sk1fk1fl1.tiff,r06c05f39p01-ch5sk1fk1fl1.tiff,r06c05f39p01-ch3sk1fk1fl1.tiff,r06c05f39p01-ch4sk1fk1fl1.tiff,F05_s39,control,none,negcon,control_none,train
HepatoPAC Islands 20260413,F05,40,r06c05f40p01-ch1sk1fk1fl1.tiff,r06c05f40p01-ch6sk1fk1fl1.tiff,r06c05f40p01-ch2sk1fk1fl1.tiff,r06c05f40p01-ch5sk1fk1fl1.tiff,r06c05f40p01-ch3sk1fk1fl1.tiff,r06c05f40p01-ch4sk1fk1fl1.tiff,F05_s40,control,none,negcon,control_none,train
HepatoPAC Islands 20260413,F05,41,r06c05f41p01-ch1sk1fk1fl1.tiff,r06c05f41p01-ch6sk1fk1fl1.tiff,r06c05f41p01-ch2sk1fk1fl1.tiff,r06c05f41p01-ch5sk1fk1fl1.tiff,r06c05f41p01-ch3sk1fk1fl1.tiff,r06c05f41p01-ch4sk1fk1fl1.tiff,F05_s41,control,none,negcon,control_none,train
HepatoPAC Islands 20260413,F05,42,r06c05f42p01-ch1sk1fk1fl1.tiff,r06c05f42p01-ch6sk1fk1fl1.tiff,r06c05f42p01-ch2sk1fk1fl1.tiff,r06c05f42p01-ch5sk1fk1fl1.tiff,r06c05f42p01-ch3sk1fk1fl1.tiff,r06c05f42p01-ch4sk1fk1fl1.tiff,F05_s42,control,none,negcon,control_none,train
HepatoPAC Islands 20260413,F05,43,r06c05f43p01-ch1sk1fk1fl1.tiff,r06c05f43p01-ch6sk1fk1fl1.tiff,r06c05f43p01-ch2sk1fk1fl1.tiff,r06c05f43p01-ch5sk1fk1fl1.tiff,r06c05f43p01-ch3sk1fk1fl1.tiff,r06c05f43p01-ch4sk1fk1fl1.tiff,F05_s43,control,none,negcon,control_none,train
HepatoPAC Islands 20260413,F05,44,r06c05f44p01-ch1sk1fk1fl1.tiff,r06c05f44p01-ch6sk1fk1fl1.tiff,r06c05f44p01-ch2sk1fk1fl1.tiff,r06c05f44p01-ch5sk1fk1fl1.tiff,r06c05f44p01-ch3sk1fk1fl1.tiff,r06c05f44p01-ch4sk1fk1fl1.tiff,F05_s44,control,none,negcon,control_none,train
HepatoPAC Islands 20260413,F05,45,r06c05f45p01-ch1sk1fk1fl1.tiff,r06c05f45p01-ch6sk1fk1fl1.tiff,r06c05f45p01-ch2sk1fk1fl1.tiff,r06c05f45p01-ch5sk1fk1fl1.tiff,r06c05f45p01-ch3sk1fk1fl1.tiff,r06c05f45p01-ch4sk1fk1fl1.tiff,F05_s45,control,none,negcon,control_none,train
HepatoPAC Islands 20260413,F05,46,r06c05f46p01-ch1sk1fk1fl1.tiff,r06c05f46p01-ch6sk1fk1fl1.tiff,r06c05f46p01-ch2sk1fk1fl1.tiff,r06c05f46p01-ch5sk1fk1fl1.tiff,r06c05f46p01-ch3sk1fk1fl1.tiff,r06c05f46p01-ch4sk1fk1fl1.tiff,F05_s46,control,none,negcon,control_none,train
HepatoPAC Islands 20260413,F05,47,r06c05f47p01-ch1sk1fk1fl1.tiff,r06c05f47p01-ch6sk1fk1fl1.tiff,r06c05f47p01-ch2sk1fk1fl1.tiff,r06c05f47p01-ch5sk1fk1fl1.tiff,r06c05f47p01-ch3sk1fk1fl1.tiff,r06c05f47p01-ch4sk1fk1fl1.tiff,F05_s47,control,none,negcon,control_none,train
HepatoPAC Islands 20260413,F05,48,r06c05f48p01-ch1sk1fk1fl1.tiff,r06c05f48p01-ch6sk1fk1fl1.tiff,r06c05f48p01-ch2sk1fk1fl1.tiff,r06c05f48p01-ch5sk1fk1fl1.tiff,r06c05f48p01-ch3sk1fk1fl1.tiff,r06c05f48p01-ch4sk1fk1fl1.tiff,F05_s48,control,none,negcon,control_none,train
HepatoPAC Islands 20260413,F05,49,r06c05f49p01-ch1sk1fk1fl1.tiff,r06c05f49p01-ch6sk1fk1fl1.tiff,r06c05f49p01-ch2sk1fk1fl1.tiff,r06c05f49p01-ch5sk1fk1fl1.tiff,r06c05f49p01-ch3sk1fk1fl1.tiff,r06c05f49p01-ch4sk1fk1fl1.tiff,F05_s49,control,none,negcon,control_none,train
HepatoPAC Islands 20260413,F06,1,r06c06f01p01-ch1sk1fk1fl1.tiff,r06c06f01p01-ch6sk1fk1fl1.tiff,r06c06f01p01-ch2sk1fk1fl1.tiff,r06c06f01p01-ch5sk1fk1fl1.tiff,r06c06f01p01-ch3sk1fk1fl1.tiff,r06c06f01p01-ch4sk1fk1fl1.tiff,F06_s01,control,none,negcon,control_none,train
HepatoPAC Islands 20260413,F06,2,r06c06f02p01-ch1sk1fk1fl1.tiff,r06c06f02p01-ch6sk1fk1fl1.tiff,r06c06f02p01-ch2sk1fk1fl1.tiff,r06c06f02p01-ch5sk1fk1fl1.tiff,r06c06f02p01-ch3sk1fk1fl1.tiff,r06c06f02p01-ch4sk1fk1fl1.tiff,F06_s02,control,none,negcon,control_none,train
HepatoPAC Islands 20260413,F06,3,r06c06f03p01-ch1sk1fk1fl1.tiff,r06c06f03p01-ch6sk1fk1fl1.tiff,r06c06f03p01-ch2sk1fk1fl1.tiff,r06c06f03p01-ch5sk1fk1fl1.tiff,r06c06f03p01-ch3sk1fk1fl1.tiff,r06c06f03p01-ch4sk1fk1fl1.tiff,F06_s03,control,none,negcon,control_none,train
HepatoPAC Islands 20260413,F06,4,r06c06f04p01-ch1sk1fk1fl1.tiff,r06c06f04p01-ch6sk1fk1fl1.tiff,r06c06f04p01-ch2sk1fk1fl1.tiff,r06c06f04p01-ch5sk1fk1fl1.tiff,r06c06f04p01-ch3sk1fk1fl1.tiff,r06c06f04p01-ch4sk1fk1fl1.tiff,F06_s04,control,none,negcon,control_none,train
HepatoPAC Islands 20260413,F06,5,r06c06f05p01-ch1sk1fk1fl1.tiff,r06c06f05p01-ch6sk1fk1fl1.tiff,r06c06f05p01-ch2sk1fk1fl1.tiff,r06c06f05p01-ch5sk1fk1fl1.tiff,r06c06f05p01-ch3sk1fk1fl1.tiff,r06c06f05p01-ch4sk1fk1fl1.tiff,F06_s05,control,none,negcon,control_none,train
HepatoPAC Islands 20260413,F06,6,r06c06f06p01-ch1sk1fk1fl1.tiff,r06c06f06p01-ch6sk1fk1fl1.tiff,r06c06f06p01-ch2sk1fk1fl1.tiff,r06c06f06p01-ch5sk1fk1fl1.tiff,r06c06f06p01-ch3sk1fk1fl1.tiff,r06c06f06p01-ch4sk1fk1fl1.tiff,F06_s06,control,none,negcon,control_none,train
HepatoPAC Islands 20260413,F06,7,r06c06f07p01-ch1sk1fk1fl1.tiff,r06c06f07p01-ch6sk1fk1fl1.tiff,r06c06f07p01-ch2sk1fk1fl1.tiff,r06c06f07p01-ch5sk1fk1fl1.tiff,r06c06f07p01-ch3sk1fk1fl1.tiff,r06c06f07p01-ch4sk1fk1fl1.tiff,F06_s07,control,none,negcon,control_none,train
HepatoPAC Islands 20260413,F06,8,r06c06f08p01-ch1sk1fk1fl1.tiff,r06c06f08p01-ch6sk1fk1fl1.tiff,r06c06f08p01-ch2sk1fk1fl1.tiff,r06c06f08p01-ch5sk1fk1fl1.tiff,r06c06f08p01-ch3sk1fk1fl1.tiff,r06c06f08p01-ch4sk1fk1fl1.tiff,F06_s08,control,none,negcon,control_none,train
HepatoPAC Islands 20260413,F06,9,r06c06f09p01-ch1sk1fk1fl1.tiff,r06c06f09p01-ch6sk1fk1fl1.tiff,r06c06f09p01-ch2sk1fk1fl1.tiff,r06c06f09p01-ch5sk1fk1fl1.tiff,r06c06f09p01-ch3sk1fk1fl1.tiff,r06c06f09p01-ch4sk1fk1fl1.tiff,F06_s09,control,none,negcon,control_none,train
HepatoPAC Islands 20260413,F06,10,r06c06f10p01-ch1sk1fk1fl1.tiff,r06c06f10p01-ch6sk1fk1fl1.tiff,r06c06f10p01-ch2sk1fk1fl1.tiff,r06c06f10p01-ch5sk1fk1fl1.tiff,r06c06f10p01-ch3sk1fk1fl1.tiff,r06c06f10p01-ch4sk1fk1fl1.tiff,F06_s10,control,none,negcon,control_none,train
HepatoPAC Islands 20260413,F06,11,r06c06f11p01-ch1sk1fk1fl1.tiff,r06c06f11p01-ch6sk1fk1fl1.tiff,r06c06f11p01-ch2sk1fk1fl1.tiff,r06c06f11p01-ch5sk1fk1fl1.tiff,r06c06f11p01-ch3sk1fk1fl1.tiff,r06c06f11p01-ch4sk1fk1fl1.tiff,F06_s11,control,none,negcon,control_none,train
HepatoPAC Islands 20260413,F06,12,r06c06f12p01-ch1sk1fk1fl1.tiff,r06c06f12p01-ch6sk1fk1fl1.tiff,r06c06f12p01-ch2sk1fk1fl1.tiff,r06c06f12p01-ch5sk1fk1fl1.tiff,r06c06f12p01-ch3sk1fk1fl1.tiff,r06c06f12p01-ch4sk1fk1fl1.tiff,F06_s12,control,none,negcon,control_none,train
HepatoPAC Islands 20260413,F06,13,r06c06f13p01-ch1sk1fk1fl1.tiff,r06c06f13p01-ch6sk1fk1fl1.tiff,r06c06f13p01-ch2sk1fk1fl1.tiff,r06c06f13p01-ch5sk1fk1fl1.tiff,r06c06f13p01-ch3sk1fk1fl1.tiff,r06c06f13p01-ch4sk1fk1fl1.tiff,F06_s13,control,none,negcon,control_none,train
HepatoPAC Islands 20260413,F06,14,r06c06f14p01-ch1sk1fk1fl1.tiff,r06c06f14p01-ch6sk1fk1fl1.tiff,r06c06f14p01-ch2sk1fk1fl1.tiff,r06c06f14p01-ch5sk1fk1fl1.tiff,r06c06f14p01-ch3sk1fk1fl1.tiff,r06c06f14p01-ch4sk1fk1fl1.tiff,F06_s14,control,none,negcon,control_none,train
HepatoPAC Islands 20260413,F06,15,r06c06f15p01-ch1sk1fk1fl1.tiff,r06c06f15p01-ch6sk1fk1fl1.tiff,r06c06f15p01-ch2sk1fk1fl1.tiff,r06c06f15p01-ch5sk1fk1fl1.tiff,r06c06f15p01-ch3sk1fk1fl1.tiff,r06c06f15p01-ch4sk1fk1fl1.tiff,F06_s15,control,none,negcon,control_none,train
HepatoPAC Islands 20260413,F06,16,r06c06f16p01-ch1sk1fk1fl1.tiff,r06c06f16p01-ch6sk1fk1fl1.tiff,r06c06f16p01-ch2sk1fk1fl1.tiff,r06c06f16p01-ch5sk1fk1fl1.tiff,r06c06f16p01-ch3sk1fk1fl1.tiff,r06c06f16p01-ch4sk1fk1fl1.tiff,F06_s16,control,none,negcon,control_none,train
HepatoPAC Islands 20260413,F06,17,r06c06f17p01-ch1sk1fk1fl1.tiff,r06c06f17p01-ch6sk1fk1fl1.tiff,r06c06f17p01-ch2sk1fk1fl1.tiff,r06c06f17p01-ch5sk1fk1fl1.tiff,r06c06f17p01-ch3sk1fk1fl1.tiff,r06c06f17p01-ch4sk1fk1fl1.tiff,F06_s17,control,none,negcon,control_none,train
HepatoPAC Islands 20260413,F06,18,r06c06f18p01-ch1sk1fk1fl1.tiff,r06c06f18p01-ch6sk1fk1fl1.tiff,r06c06f18p01-ch2sk1fk1fl1.tiff,r06c06f18p01-ch5sk1fk1fl1.tiff,r06c06f18p01-ch3sk1fk1fl1.tiff,r06c06f18p01-ch4sk1fk1fl1.tiff,F06_s18,control,none,negcon,control_none,train
HepatoPAC Islands 20260413,F06,19,r06c06f19p01-ch1sk1fk1fl1.tiff,r06c06f19p01-ch6sk1fk1fl1.tiff,r06c06f19p01-ch2sk1fk1fl1.tiff,r06c06f19p01-ch5sk1fk1fl1.tiff,r06c06f19p01-ch3sk1fk1fl1.tiff,r06c06f19p01-ch4sk1fk1fl1.tiff,F06_s19,control,none,negcon,control_none,train
HepatoPAC Islands 20260413,F06,20,r06c06f20p01-ch1sk1fk1fl1.tiff,r06c06f20p01-ch6sk1fk1fl1.tiff,r06c06f20p01-ch2sk1fk1fl1.tiff,r06c06f20p01-ch5sk1fk1fl1.tiff,r06c06f20p01-ch3sk1fk1fl1.tiff,r06c06f20p01-ch4sk1fk1fl1.tiff,F06_s20,control,none,negcon,control_none,train
HepatoPAC Islands 20260413,F06,21,r06c06f21p01-ch1sk1fk1fl1.tiff,r06c06f21p01-ch6sk1fk1fl1.tiff,r06c06f21p01-ch2sk1fk1fl1.tiff,r06c06f21p01-ch5sk1fk1fl1.tiff,r06c06f21p01-ch3sk1fk1fl1.tiff,r06c06f21p01-ch4sk1fk1fl1.tiff,F06_s21,control,none,negcon,control_none,train
HepatoPAC Islands 20260413,F06,22,r06c06f22p01-ch1sk1fk1fl1.tiff,r06c06f22p01-ch6sk1fk1fl1.tiff,r06c06f22p01-ch2sk1fk1fl1.tiff,r06c06f22p01-ch5sk1fk1fl1.tiff,r06c06f22p01-ch3sk1fk1fl1.tiff,r06c06f22p01-ch4sk1fk1fl1.tiff,F06_s22,control,none,negcon,control_none,train
HepatoPAC Islands 20260413,F06,23,r06c06f23p01-ch1sk1fk1fl1.tiff,r06c06f23p01-ch6sk1fk1fl1.tiff,r06c06f23p01-ch2sk1fk1fl1.tiff,r06c06f23p01-ch5sk1fk1fl1.tiff,r06c06f23p01-ch3sk1fk1fl1.tiff,r06c06f23p01-ch4sk1fk1fl1.tiff,F06_s23,control,none,negcon,control_none,train
HepatoPAC Islands 20260413,F06,24,r06c06f24p01-ch1sk1fk1fl1.tiff,r06c06f24p01-ch6sk1fk1fl1.tiff,r06c06f24p01-ch2sk1fk1fl1.tiff,r06c06f24p01-ch5sk1fk1fl1.tiff,r06c06f24p01-ch3sk1fk1fl1.tiff,r06c06f24p01-ch4sk1fk1fl1.tiff,F06_s24,control,none,negcon,control_none,train
HepatoPAC Islands 20260413,F06,25,r06c06f25p01-ch1sk1fk1fl1.tiff,r06c06f25p01-ch6sk1fk1fl1.tiff,r06c06f25p01-ch2sk1fk1fl1.tiff,r06c06f25p01-ch5sk1fk1fl1.tiff,r06c06f25p01-ch3sk1fk1fl1.tiff,r06c06f25p01-ch4sk1fk1fl1.tiff,F06_s25,control,none,negcon,control_none,train
HepatoPAC Islands 20260413,F06,26,r06c06f26p01-ch1sk1fk1fl1.tiff,r06c06f26p01-ch6sk1fk1fl1.tiff,r06c06f26p01-ch2sk1fk1fl1.tiff,r06c06f26p01-ch5sk1fk1fl1.tiff,r06c06f26p01-ch3sk1fk1fl1.tiff,r06c06f26p01-ch4sk1fk1fl1.tiff,F06_s26,control,none,negcon,control_none,train
HepatoPAC Islands 20260413,F06,27,r06c06f27p01-ch1sk1fk1fl1.tiff,r06c06f27p01-ch6sk1fk1fl1.tiff,r06c06f27p01-ch2sk1fk1fl1.tiff,r06c06f27p01-ch5sk1fk1fl1.tiff,r06c06f27p01-ch3sk1fk1fl1.tiff,r06c06f27p01-ch4sk1fk1fl1.tiff,F06_s27,control,none,negcon,control_none,train
HepatoPAC Islands 20260413,F06,28,r06c06f28p01-ch1sk1fk1fl1.tiff,r06c06f28p01-ch6sk1fk1fl1.tiff,r06c06f28p01-ch2sk1fk1fl1.tiff,r06c06f28p01-ch5sk1fk1fl1.tiff,r06c06f28p01-ch3sk1fk1fl1.tiff,r06c06f28p01-ch4sk1fk1fl1.tiff,F06_s28,control,none,negcon,control_none,train
HepatoPAC Islands 20260413,F06,29,r06c06f29p01-ch1sk1fk1fl1.tiff,r06c06f29p01-ch6sk1fk1fl1.tiff,r06c06f29p01-ch2sk1fk1fl1.tiff,r06c06f29p01-ch5sk1fk1fl1.tiff,r06c06f29p01-ch3sk1fk1fl1.tiff,r06c06f29p01-ch4sk1fk1fl1.tiff,F06_s29,control,none,negcon,control_none,train
HepatoPAC Islands 20260413,F06,30,r06c06f30p01-ch1sk1fk1fl1.tiff,r06c06f30p01-ch6sk1fk1fl1.tiff,r06c06f30p01-ch2sk1fk1fl1.tiff,r06c06f30p01-ch5sk1fk1fl1.tiff,r06c06f30p01-ch3sk1fk1fl1.tiff,r06c06f30p01-ch4sk1fk1fl1.tiff,F06_s30,control,none,negcon,control_none,train
HepatoPAC Islands 20260413,F06,31,r06c06f31p01-ch1sk1fk1fl1.tiff,r06c06f31p01-ch6sk1fk1fl1.tiff,r06c06f31p01-ch2sk1fk1fl1.tiff,r06c06f31p01-ch5sk1fk1fl1.tiff,r06c06f31p01-ch3sk1fk1fl1.tiff,r06c06f31p01-ch4sk1fk1fl1.tiff,F06_s31,control,none,negcon,control_none,train
HepatoPAC Islands 20260413,F06,32,r06c06f32p01-ch1sk1fk1fl1.tiff,r06c06f32p01-ch6sk1fk1fl1.tiff,r06c06f32p01-ch2sk1fk1fl1.tiff,r06c06f32p01-ch5sk1fk1fl1.tiff,r06c06f32p01-ch3sk1fk1fl1.tiff,r06c06f32p01-ch4sk1fk1fl1.tiff,F06_s32,control,none,negcon,control_none,train
HepatoPAC Islands 20260413,F06,33,r06c06f33p01-ch1sk1fk1fl1.tiff,r06c06f33p01-ch6sk1fk1fl1.tiff,r06c06f33p01-ch2sk1fk1fl1.tiff,r06c06f33p01-ch5sk1fk1fl1.tiff,r06c06f33p01-ch3sk1fk1fl1.tiff,r06c06f33p01-ch4sk1fk1fl1.tiff,F06_s33,control,none,negcon,control_none,train
HepatoPAC Islands 20260413,F06,34,r06c06f34p01-ch1sk1fk1fl1.tiff,r06c06f34p01-ch6sk1fk1fl1.tiff,r06c06f34p01-ch2sk1fk1fl1.tiff,r06c06f34p01-ch5sk1fk1fl1.tiff,r06c06f34p01-ch3sk1fk1fl1.tiff,r06c06f34p01-ch4sk1fk1fl1.tiff,F06_s34,control,none,negcon,control_none,train
HepatoPAC Islands 20260413,F06,35,r06c06f35p01-ch1sk1fk1fl1.tiff,r06c06f35p01-ch6sk1fk1fl1.tiff,r06c06f35p01-ch2sk1fk1fl1.tiff,r06c06f35p01-ch5sk1fk1fl1.tiff,r06c06f35p01-ch3sk1fk1fl1.tiff,r06c06f35p01-ch4sk1fk1fl1.tiff,F06_s35,control,none,negcon,control_none,train
HepatoPAC Islands 20260413,F06,36,r06c06f36p01-ch1sk1fk1fl1.tiff,r06c06f36p01-ch6sk1fk1fl1.tiff,r06c06f36p01-ch2sk1fk1fl1.tiff,r06c06f36p01-ch5sk1fk1fl1.tiff,r06c06f36p01-ch3sk1fk1fl1.tiff,r06c06f36p01-ch4sk1fk1fl1.tiff,F06_s36,control,none,negcon,control_none,train
HepatoPAC Islands 20260413,F06,37,r06c06f37p01-ch1sk1fk1fl1.tiff,r06c06f37p01-ch6sk1fk1fl1.tiff,r06c06f37p01-ch2sk1fk1fl1.tiff,r06c06f37p01-ch5sk1fk1fl1.tiff,r06c06f37p01-ch3sk1fk1fl1.tiff,r06c06f37p01-ch4sk1fk1fl1.tiff,F06_s37,control,none,negcon,control_none,train
HepatoPAC Islands 20260413,F06,38,r06c06f38p01-ch1sk1fk1fl1.tiff,r06c06f38p01-ch6sk1fk1fl1.tiff,r06c06f38p01-ch2sk1fk1fl1.tiff,r06c06f38p01-ch5sk1fk1fl1.tiff,r06c06f38p01-ch3sk1fk1fl1.tiff,r06c06f38p01-ch4sk1fk1fl1.tiff,F06_s38,control,none,negcon,control_none,train
HepatoPAC Islands 20260413,F06,39,r06c06f39p01-ch1sk1fk1fl1.tiff,r06c06f39p01-ch6sk1fk1fl1.tiff,r06c06f39p01-ch2sk1fk1fl1.tiff,r06c06f39p01-ch5sk1fk1fl1.tiff,r06c06f39p01-ch3sk1fk1fl1.tiff,r06c06f39p01-ch4sk1fk1fl1.tiff,F06_s39,control,none,negcon,control_none,train
HepatoPAC Islands 20260413,F06,40,r06c06f40p01-ch1sk1fk1fl1.tiff,r06c06f40p01-ch6sk1fk1fl1.tiff,r06c06f40p01-ch2sk1fk1fl1.tiff,r06c06f40p01-ch5sk1fk1fl1.tiff,r06c06f40p01-ch3sk1fk1fl1.tiff,r06c06f40p01-ch4sk1fk1fl1.tiff,F06_s40,control,none,negcon,control_none,train
HepatoPAC Islands 20260413,F06,41,r06c06f41p01-ch1sk1fk1fl1.tiff,r06c06f41p01-ch6sk1fk1fl1.tiff,r06c06f41p01-ch2sk1fk1fl1.tiff,r06c06f41p01-ch5sk1fk1fl1.tiff,r06c06f41p01-ch3sk1fk1fl1.tiff,r06c06f41p01-ch4sk1fk1fl1.tiff,F06_s41,control,none,negcon,control_none,train
HepatoPAC Islands 20260413,F06,42,r06c06f42p01-ch1sk1fk1fl1.tiff,r06c06f42p01-ch6sk1fk1fl1.tiff,r06c06f42p01-ch2sk1fk1fl1.tiff,r06c06f42p01-ch5sk1fk1fl1.tiff,r06c06f42p01-ch3sk1fk1fl1.tiff,r06c06f42p01-ch4sk1fk1fl1.tiff,F06_s42,control,none,negcon,control_none,train
HepatoPAC Islands 20260413,F06,43,r06c06f43p01-ch1sk1fk1fl1.tiff,r06c06f43p01-ch6sk1fk1fl1.tiff,r06c06f43p01-ch2sk1fk1fl1.tiff,r06c06f43p01-ch5sk1fk1fl1.tiff,r06c06f43p01-ch3sk1fk1fl1.tiff,r06c06f43p01-ch4sk1fk1fl1.tiff,F06_s43,control,none,negcon,control_none,train
HepatoPAC Islands 20260413,F06,44,r06c06f44p01-ch1sk1fk1fl1.tiff,r06c06f44p01-ch6sk1fk1fl1.tiff,r06c06f44p01-ch2sk1fk1fl1.tiff,r06c06f44p01-ch5sk1fk1fl1.tiff,r06c06f44p01-ch3sk1fk1fl1.tiff,r06c06f44p01-ch4sk1fk1fl1.tiff,F06_s44,control,none,negcon,control_none,train
HepatoPAC Islands 20260413,F06,45,r06c06f45p01-ch1sk1fk1fl1.tiff,r06c06f45p01-ch6sk1fk1fl1.tiff,r06c06f45p01-ch2sk1fk1fl1.tiff,r06c06f45p01-ch5sk1fk1fl1.tiff,r06c06f45p01-ch3sk1fk1fl1.tiff,r06c06f45p01-ch4sk1fk1fl1.tiff,F06_s45,control,none,negcon,control_none,train
HepatoPAC Islands 20260413,F06,46,r06c06f46p01-ch1sk1fk1fl1.tiff,r06c06f46p01-ch6sk1fk1fl1.tiff,r06c06f46p01-ch2sk1fk1fl1.tiff,r06c06f46p01-ch5sk1fk1fl1.tiff,r06c06f46p01-ch3sk1fk1fl1.tiff,r06c06f46p01-ch4sk1fk1fl1.tiff,F06_s46,control,none,negcon,control_none,train
HepatoPAC Islands 20260413,F06,47,r06c06f47p01-ch1sk1fk1fl1.tiff,r06c06f47p01-ch6sk1fk1fl1.tiff,r06c06f47p01-ch2sk1fk1fl1.tiff,r06c06f47p01-ch5sk1fk1fl1.tiff,r06c06f47p01-ch3sk1fk1fl1.tiff,r06c06f47p01-ch4sk1fk1fl1.tiff,F06_s47,control,none,negcon,control_none,train
HepatoPAC Islands 20260413,F06,48,r06c06f48p01-ch1sk1fk1fl1.tiff,r06c06f48p01-ch6sk1fk1fl1.tiff,r06c06f48p01-ch2sk1fk1fl1.tiff,r06c06f48p01-ch5sk1fk1fl1.tiff,r06c06f48p01-ch3sk1fk1fl1.tiff,r06c06f48p01-ch4sk1fk1fl1.tiff,F06_s48,control,none,negcon,control_none,train
HepatoPAC Islands 20260413,F06,49,r06c06f49p01-ch1sk1fk1fl1.tiff,r06c06f49p01-ch6sk1fk1fl1.tiff,r06c06f49p01-ch2sk1fk1fl1.tiff,r06c06f49p01-ch5sk1fk1fl1.tiff,r06c06f49p01-ch3sk1fk1fl1.tiff,r06c06f49p01-ch4sk1fk1fl1.tiff,F06_s49,control,none,negcon,control_none,train
HepatoPAC Islands 20260413,G01,1,r07c01f01p01-ch1sk1fk1fl1.tiff,r07c01f01p01-ch6sk1fk1fl1.tiff,r07c01f01p01-ch2sk1fk1fl1.tiff,r07c01f01p01-ch5sk1fk1fl1.tiff,r07c01f01p01-ch3sk1fk1fl1.tiff,r07c01f01p01-ch4sk1fk1fl1.tiff,G01_s01,3,high,,3_high,train
HepatoPAC Islands 20260413,G01,2,r07c01f02p01-ch1sk1fk1fl1.tiff,r07c01f02p01-ch6sk1fk1fl1.tiff,r07c01f02p01-ch2sk1fk1fl1.tiff,r07c01f02p01-ch5sk1fk1fl1.tiff,r07c01f02p01-ch3sk1fk1fl1.tiff,r07c01f02p01-ch4sk1fk1fl1.tiff,G01_s02,3,high,,3_high,train
HepatoPAC Islands 20260413,G01,3,r07c01f03p01-ch1sk1fk1fl1.tiff,r07c01f03p01-ch6sk1fk1fl1.tiff,r07c01f03p01-ch2sk1fk1fl1.tiff,r07c01f03p01-ch5sk1fk1fl1.tiff,r07c01f03p01-ch3sk1fk1fl1.tiff,r07c01f03p01-ch4sk1fk1fl1.tiff,G01_s03,3,high,,3_high,train
HepatoPAC Islands 20260413,G01,4,r07c01f04p01-ch1sk1fk1fl1.tiff,r07c01f04p01-ch6sk1fk1fl1.tiff,r07c01f04p01-ch2sk1fk1fl1.tiff,r07c01f04p01-ch5sk1fk1fl1.tiff,r07c01f04p01-ch3sk1fk1fl1.tiff,r07c01f04p01-ch4sk1fk1fl1.tiff,G01_s04,3,high,,3_high,train
HepatoPAC Islands 20260413,G01,5,r07c01f05p01-ch1sk1fk1fl1.tiff,r07c01f05p01-ch6sk1fk1fl1.tiff,r07c01f05p01-ch2sk1fk1fl1.tiff,r07c01f05p01-ch5sk1fk1fl1.tiff,r07c01f05p01-ch3sk1fk1fl1.tiff,r07c01f05p01-ch4sk1fk1fl1.tiff,G01_s05,3,high,,3_high,train
HepatoPAC Islands 20260413,G01,6,r07c01f06p01-ch1sk1fk1fl1.tiff,r07c01f06p01-ch6sk1fk1fl1.tiff,r07c01f06p01-ch2sk1fk1fl1.tiff,r07c01f06p01-ch5sk1fk1fl1.tiff,r07c01f06p01-ch3sk1fk1fl1.tiff,r07c01f06p01-ch4sk1fk1fl1.tiff,G01_s06,3,high,,3_high,train
HepatoPAC Islands 20260413,G01,7,r07c01f07p01-ch1sk1fk1fl1.tiff,r07c01f07p01-ch6sk1fk1fl1.tiff,r07c01f07p01-ch2sk1fk1fl1.tiff,r07c01f07p01-ch5sk1fk1fl1.tiff,r07c01f07p01-ch3sk1fk1fl1.tiff,r07c01f07p01-ch4sk1fk1fl1.tiff,G01_s07,3,high,,3_high,train
HepatoPAC Islands 20260413,G01,8,r07c01f08p01-ch1sk1fk1fl1.tiff,r07c01f08p01-ch6sk1fk1fl1.tiff,r07c01f08p01-ch2sk1fk1fl1.tiff,r07c01f08p01-ch5sk1fk1fl1.tiff,r07c01f08p01-ch3sk1fk1fl1.tiff,r07c01f08p01-ch4sk1fk1fl1.tiff,G01_s08,3,high,,3_high,train
HepatoPAC Islands 20260413,G01,9,r07c01f09p01-ch1sk1fk1fl1.tiff,r07c01f09p01-ch6sk1fk1fl1.tiff,r07c01f09p01-ch2sk1fk1fl1.tiff,r07c01f09p01-ch5sk1fk1fl1.tiff,r07c01f09p01-ch3sk1fk1fl1.tiff,r07c01f09p01-ch4sk1fk1fl1.tiff,G01_s09,3,high,,3_high,train
HepatoPAC Islands 20260413,G01,10,r07c01f10p01-ch1sk1fk1fl1.tiff,r07c01f10p01-ch6sk1fk1fl1.tiff,r07c01f10p01-ch2sk1fk1fl1.tiff,r07c01f10p01-ch5sk1fk1fl1.tiff,r07c01f10p01-ch3sk1fk1fl1.tiff,r07c01f10p01-ch4sk1fk1fl1.tiff,G01_s10,3,high,,3_high,train
HepatoPAC Islands 20260413,G01,11,r07c01f11p01-ch1sk1fk1fl1.tiff,r07c01f11p01-ch6sk1fk1fl1.tiff,r07c01f11p01-ch2sk1fk1fl1.tiff,r07c01f11p01-ch5sk1fk1fl1.tiff,r07c01f11p01-ch3sk1fk1fl1.tiff,r07c01f11p01-ch4sk1fk1fl1.tiff,G01_s11,3,high,,3_high,train
HepatoPAC Islands 20260413,G01,12,r07c01f12p01-ch1sk1fk1fl1.tiff,r07c01f12p01-ch6sk1fk1fl1.tiff,r07c01f12p01-ch2sk1fk1fl1.tiff,r07c01f12p01-ch5sk1fk1fl1.tiff,r07c01f12p01-ch3sk1fk1fl1.tiff,r07c01f12p01-ch4sk1fk1fl1.tiff,G01_s12,3,high,,3_high,train
HepatoPAC Islands 20260413,G01,13,r07c01f13p01-ch1sk1fk1fl1.tiff,r07c01f13p01-ch6sk1fk1fl1.tiff,r07c01f13p01-ch2sk1fk1fl1.tiff,r07c01f13p01-ch5sk1fk1fl1.tiff,r07c01f13p01-ch3sk1fk1fl1.tiff,r07c01f13p01-ch4sk1fk1fl1.tiff,G01_s13,3,high,,3_high,train
HepatoPAC Islands 20260413,G01,14,r07c01f14p01-ch1sk1fk1fl1.tiff,r07c01f14p01-ch6sk1fk1fl1.tiff,r07c01f14p01-ch2sk1fk1fl1.tiff,r07c01f14p01-ch5sk1fk1fl1.tiff,r07c01f14p01-ch3sk1fk1fl1.tiff,r07c01f14p01-ch4sk1fk1fl1.tiff,G01_s14,3,high,,3_high,train
HepatoPAC Islands 20260413,G01,15,r07c01f15p01-ch1sk1fk1fl1.tiff,r07c01f15p01-ch6sk1fk1fl1.tiff,r07c01f15p01-ch2sk1fk1fl1.tiff,r07c01f15p01-ch5sk1fk1fl1.tiff,r07c01f15p01-ch3sk1fk1fl1.tiff,r07c01f15p01-ch4sk1fk1fl1.tiff,G01_s15,3,high,,3_high,train
HepatoPAC Islands 20260413,G01,16,r07c01f16p01-ch1sk1fk1fl1.tiff,r07c01f16p01-ch6sk1fk1fl1.tiff,r07c01f16p01-ch2sk1fk1fl1.tiff,r07c01f16p01-ch5sk1fk1fl1.tiff,r07c01f16p01-ch3sk1fk1fl1.tiff,r07c01f16p01-ch4sk1fk1fl1.tiff,G01_s16,3,high,,3_high,train
HepatoPAC Islands 20260413,G01,17,r07c01f17p01-ch1sk1fk1fl1.tiff,r07c01f17p01-ch6sk1fk1fl1.tiff,r07c01f17p01-ch2sk1fk1fl1.tiff,r07c01f17p01-ch5sk1fk1fl1.tiff,r07c01f17p01-ch3sk1fk1fl1.tiff,r07c01f17p01-ch4sk1fk1fl1.tiff,G01_s17,3,high,,3_high,train
HepatoPAC Islands 20260413,G01,18,r07c01f18p01-ch1sk1fk1fl1.tiff,r07c01f18p01-ch6sk1fk1fl1.tiff,r07c01f18p01-ch2sk1fk1fl1.tiff,r07c01f18p01-ch5sk1fk1fl1.tiff,r07c01f18p01-ch3sk1fk1fl1.tiff,r07c01f18p01-ch4sk1fk1fl1.tiff,G01_s18,3,high,,3_high,train
HepatoPAC Islands 20260413,G01,19,r07c01f19p01-ch1sk1fk1fl1.tiff,r07c01f19p01-ch6sk1fk1fl1.tiff,r07c01f19p01-ch2sk1fk1fl1.tiff,r07c01f19p01-ch5sk1fk1fl1.tiff,r07c01f19p01-ch3sk1fk1fl1.tiff,r07c01f19p01-ch4sk1fk1fl1.tiff,G01_s19,3,high,,3_high,train
HepatoPAC Islands 20260413,G01,20,r07c01f20p01-ch1sk1fk1fl1.tiff,r07c01f20p01-ch6sk1fk1fl1.tiff,r07c01f20p01-ch2sk1fk1fl1.tiff,r07c01f20p01-ch5sk1fk1fl1.tiff,r07c01f20p01-ch3sk1fk1fl1.tiff,r07c01f20p01-ch4sk1fk1fl1.tiff,G01_s20,3,high,,3_high,train
HepatoPAC Islands 20260413,G01,21,r07c01f21p01-ch1sk1fk1fl1.tiff,r07c01f21p01-ch6sk1fk1fl1.tiff,r07c01f21p01-ch2sk1fk1fl1.tiff,r07c01f21p01-ch5sk1fk1fl1.tiff,r07c01f21p01-ch3sk1fk1fl1.tiff,r07c01f21p01-ch4sk1fk1fl1.tiff,G01_s21,3,high,,3_high,train
HepatoPAC Islands 20260413,G01,22,r07c01f22p01-ch1sk1fk1fl1.tiff,r07c01f22p01-ch6sk1fk1fl1.tiff,r07c01f22p01-ch2sk1fk1fl1.tiff,r07c01f22p01-ch5sk1fk1fl1.tiff,r07c01f22p01-ch3sk1fk1fl1.tiff,r07c01f22p01-ch4sk1fk1fl1.tiff,G01_s22,3,high,,3_high,train
HepatoPAC Islands 20260413,G01,23,r07c01f23p01-ch1sk1fk1fl1.tiff,r07c01f23p01-ch6sk1fk1fl1.tiff,r07c01f23p01-ch2sk1fk1fl1.tiff,r07c01f23p01-ch5sk1fk1fl1.tiff,r07c01f23p01-ch3sk1fk1fl1.tiff,r07c01f23p01-ch4sk1fk1fl1.tiff,G01_s23,3,high,,3_high,train
HepatoPAC Islands 20260413,G01,24,r07c01f24p01-ch1sk1fk1fl1.tiff,r07c01f24p01-ch6sk1fk1fl1.tiff,r07c01f24p01-ch2sk1fk1fl1.tiff,r07c01f24p01-ch5sk1fk1fl1.tiff,r07c01f24p01-ch3sk1fk1fl1.tiff,r07c01f24p01-ch4sk1fk1fl1.tiff,G01_s24,3,high,,3_high,train
HepatoPAC Islands 20260413,G01,25,r07c01f25p01-ch1sk1fk1fl1.tiff,r07c01f25p01-ch6sk1fk1fl1.tiff,r07c01f25p01-ch2sk1fk1fl1.tiff,r07c01f25p01-ch5sk1fk1fl1.tiff,r07c01f25p01-ch3sk1fk1fl1.tiff,r07c01f25p01-ch4sk1fk1fl1.tiff,G01_s25,3,high,,3_high,train
HepatoPAC Islands 20260413,G01,26,r07c01f26p01-ch1sk1fk1fl1.tiff,r07c01f26p01-ch6sk1fk1fl1.tiff,r07c01f26p01-ch2sk1fk1fl1.tiff,r07c01f26p01-ch5sk1fk1fl1.tiff,r07c01f26p01-ch3sk1fk1fl1.tiff,r07c01f26p01-ch4sk1fk1fl1.tiff,G01_s26,3,high,,3_high,train
HepatoPAC Islands 20260413,G01,27,r07c01f27p01-ch1sk1fk1fl1.tiff,r07c01f27p01-ch6sk1fk1fl1.tiff,r07c01f27p01-ch2sk1fk1fl1.tiff,r07c01f27p01-ch5sk1fk1fl1.tiff,r07c01f27p01-ch3sk1fk1fl1.tiff,r07c01f27p01-ch4sk1fk1fl1.tiff,G01_s27,3,high,,3_high,train
HepatoPAC Islands 20260413,G01,28,r07c01f28p01-ch1sk1fk1fl1.tiff,r07c01f28p01-ch6sk1fk1fl1.tiff,r07c01f28p01-ch2sk1fk1fl1.tiff,r07c01f28p01-ch5sk1fk1fl1.tiff,r07c01f28p01-ch3sk1fk1fl1.tiff,r07c01f28p01-ch4sk1fk1fl1.tiff,G01_s28,3,high,,3_high,train
HepatoPAC Islands 20260413,G01,29,r07c01f29p01-ch1sk1fk1fl1.tiff,r07c01f29p01-ch6sk1fk1fl1.tiff,r07c01f29p01-ch2sk1fk1fl1.tiff,r07c01f29p01-ch5sk1fk1fl1.tiff,r07c01f29p01-ch3sk1fk1fl1.tiff,r07c01f29p01-ch4sk1fk1fl1.tiff,G01_s29,3,high,,3_high,train
HepatoPAC Islands 20260413,G01,30,r07c01f30p01-ch1sk1fk1fl1.tiff,r07c01f30p01-ch6sk1fk1fl1.tiff,r07c01f30p01-ch2sk1fk1fl1.tiff,r07c01f30p01-ch5sk1fk1fl1.tiff,r07c01f30p01-ch3sk1fk1fl1.tiff,r07c01f30p01-ch4sk1fk1fl1.tiff,G01_s30,3,high,,3_high,train
HepatoPAC Islands 20260413,G01,31,r07c01f31p01-ch1sk1fk1fl1.tiff,r07c01f31p01-ch6sk1fk1fl1.tiff,r07c01f31p01-ch2sk1fk1fl1.tiff,r07c01f31p01-ch5sk1fk1fl1.tiff,r07c01f31p01-ch3sk1fk1fl1.tiff,r07c01f31p01-ch4sk1fk1fl1.tiff,G01_s31,3,high,,3_high,train
HepatoPAC Islands 20260413,G01,32,r07c01f32p01-ch1sk1fk1fl1.tiff,r07c01f32p01-ch6sk1fk1fl1.tiff,r07c01f32p01-ch2sk1fk1fl1.tiff,r07c01f32p01-ch5sk1fk1fl1.tiff,r07c01f32p01-ch3sk1fk1fl1.tiff,r07c01f32p01-ch4sk1fk1fl1.tiff,G01_s32,3,high,,3_high,train
HepatoPAC Islands 20260413,G01,33,r07c01f33p01-ch1sk1fk1fl1.tiff,r07c01f33p01-ch6sk1fk1fl1.tiff,r07c01f33p01-ch2sk1fk1fl1.tiff,r07c01f33p01-ch5sk1fk1fl1.tiff,r07c01f33p01-ch3sk1fk1fl1.tiff,r07c01f33p01-ch4sk1fk1fl1.tiff,G01_s33,3,high,,3_high,train
HepatoPAC Islands 20260413,G01,34,r07c01f34p01-ch1sk1fk1fl1.tiff,r07c01f34p01-ch6sk1fk1fl1.tiff,r07c01f34p01-ch2sk1fk1fl1.tiff,r07c01f34p01-ch5sk1fk1fl1.tiff,r07c01f34p01-ch3sk1fk1fl1.tiff,r07c01f34p01-ch4sk1fk1fl1.tiff,G01_s34,3,high,,3_high,train
HepatoPAC Islands 20260413,G01,35,r07c01f35p01-ch1sk1fk1fl1.tiff,r07c01f35p01-ch6sk1fk1fl1.tiff,r07c01f35p01-ch2sk1fk1fl1.tiff,r07c01f35p01-ch5sk1fk1fl1.tiff,r07c01f35p01-ch3sk1fk1fl1.tiff,r07c01f35p01-ch4sk1fk1fl1.tiff,G01_s35,3,high,,3_high,train
HepatoPAC Islands 20260413,G01,36,r07c01f36p01-ch1sk1fk1fl1.tiff,r07c01f36p01-ch6sk1fk1fl1.tiff,r07c01f36p01-ch2sk1fk1fl1.tiff,r07c01f36p01-ch5sk1fk1fl1.tiff,r07c01f36p01-ch3sk1fk1fl1.tiff,r07c01f36p01-ch4sk1fk1fl1.tiff,G01_s36,3,high,,3_high,train
HepatoPAC Islands 20260413,G01,37,r07c01f37p01-ch1sk1fk1fl1.tiff,r07c01f37p01-ch6sk1fk1fl1.tiff,r07c01f37p01-ch2sk1fk1fl1.tiff,r07c01f37p01-ch5sk1fk1fl1.tiff,r07c01f37p01-ch3sk1fk1fl1.tiff,r07c01f37p01-ch4sk1fk1fl1.tiff,G01_s37,3,high,,3_high,train
HepatoPAC Islands 20260413,G01,38,r07c01f38p01-ch1sk1fk1fl1.tiff,r07c01f38p01-ch6sk1fk1fl1.tiff,r07c01f38p01-ch2sk1fk1fl1.tiff,r07c01f38p01-ch5sk1fk1fl1.tiff,r07c01f38p01-ch3sk1fk1fl1.tiff,r07c01f38p01-ch4sk1fk1fl1.tiff,G01_s38,3,high,,3_high,train
HepatoPAC Islands 20260413,G01,39,r07c01f39p01-ch1sk1fk1fl1.tiff,r07c01f39p01-ch6sk1fk1fl1.tiff,r07c01f39p01-ch2sk1fk1fl1.tiff,r07c01f39p01-ch5sk1fk1fl1.tiff,r07c01f39p01-ch3sk1fk1fl1.tiff,r07c01f39p01-ch4sk1fk1fl1.tiff,G01_s39,3,high,,3_high,train
HepatoPAC Islands 20260413,G01,40,r07c01f40p01-ch1sk1fk1fl1.tiff,r07c01f40p01-ch6sk1fk1fl1.tiff,r07c01f40p01-ch2sk1fk1fl1.tiff,r07c01f40p01-ch5sk1fk1fl1.tiff,r07c01f40p01-ch3sk1fk1fl1.tiff,r07c01f40p01-ch4sk1fk1fl1.tiff,G01_s40,3,high,,3_high,train
HepatoPAC Islands 20260413,G01,41,r07c01f41p01-ch1sk1fk1fl1.tiff,r07c01f41p01-ch6sk1fk1fl1.tiff,r07c01f41p01-ch2sk1fk1fl1.tiff,r07c01f41p01-ch5sk1fk1fl1.tiff,r07c01f41p01-ch3sk1fk1fl1.tiff,r07c01f41p01-ch4sk1fk1fl1.tiff,G01_s41,3,high,,3_high,train
HepatoPAC Islands 20260413,G01,42,r07c01f42p01-ch1sk1fk1fl1.tiff,r07c01f42p01-ch6sk1fk1fl1.tiff,r07c01f42p01-ch2sk1fk1fl1.tiff,r07c01f42p01-ch5sk1fk1fl1.tiff,r07c01f42p01-ch3sk1fk1fl1.tiff,r07c01f42p01-ch4sk1fk1fl1.tiff,G01_s42,3,high,,3_high,train
HepatoPAC Islands 20260413,G01,43,r07c01f43p01-ch1sk1fk1fl1.tiff,r07c01f43p01-ch6sk1fk1fl1.tiff,r07c01f43p01-ch2sk1fk1fl1.tiff,r07c01f43p01-ch5sk1fk1fl1.tiff,r07c01f43p01-ch3sk1fk1fl1.tiff,r07c01f43p01-ch4sk1fk1fl1.tiff,G01_s43,3,high,,3_high,train
HepatoPAC Islands 20260413,G01,44,r07c01f44p01-ch1sk1fk1fl1.tiff,r07c01f44p01-ch6sk1fk1fl1.tiff,r07c01f44p01-ch2sk1fk1fl1.tiff,r07c01f44p01-ch5sk1fk1fl1.tiff,r07c01f44p01-ch3sk1fk1fl1.tiff,r07c01f44p01-ch4sk1fk1fl1.tiff,G01_s44,3,high,,3_high,train
HepatoPAC Islands 20260413,G01,45,r07c01f45p01-ch1sk1fk1fl1.tiff,r07c01f45p01-ch6sk1fk1fl1.tiff,r07c01f45p01-ch2sk1fk1fl1.tiff,r07c01f45p01-ch5sk1fk1fl1.tiff,r07c01f45p01-ch3sk1fk1fl1.tiff,r07c01f45p01-ch4sk1fk1fl1.tiff,G01_s45,3,high,,3_high,train
HepatoPAC Islands 20260413,G01,46,r07c01f46p01-ch1sk1fk1fl1.tiff,r07c01f46p01-ch6sk1fk1fl1.tiff,r07c01f46p01-ch2sk1fk1fl1.tiff,r07c01f46p01-ch5sk1fk1fl1.tiff,r07c01f46p01-ch3sk1fk1fl1.tiff,r07c01f46p01-ch4sk1fk1fl1.tiff,G01_s46,3,high,,3_high,train
HepatoPAC Islands 20260413,G01,47,r07c01f47p01-ch1sk1fk1fl1.tiff,r07c01f47p01-ch6sk1fk1fl1.tiff,r07c01f47p01-ch2sk1fk1fl1.tiff,r07c01f47p01-ch5sk1fk1fl1.tiff,r07c01f47p01-ch3sk1fk1fl1.tiff,r07c01f47p01-ch4sk1fk1fl1.tiff,G01_s47,3,high,,3_high,train
HepatoPAC Islands 20260413,G01,48,r07c01f48p01-ch1sk1fk1fl1.tiff,r07c01f48p01-ch6sk1fk1fl1.tiff,r07c01f48p01-ch2sk1fk1fl1.tiff,r07c01f48p01-ch5sk1fk1fl1.tiff,r07c01f48p01-ch3sk1fk1fl1.tiff,r07c01f48p01-ch4sk1fk1fl1.tiff,G01_s48,3,high,,3_high,train
HepatoPAC Islands 20260413,G01,49,r07c01f49p01-ch1sk1fk1fl1.tiff,r07c01f49p01-ch6sk1fk1fl1.tiff,r07c01f49p01-ch2sk1fk1fl1.tiff,r07c01f49p01-ch5sk1fk1fl1.tiff,r07c01f49p01-ch3sk1fk1fl1.tiff,r07c01f49p01-ch4sk1fk1fl1.tiff,G01_s49,3,high,,3_high,train
HepatoPAC Islands 20260413,G02,1,r07c02f01p01-ch1sk1fk1fl1.tiff,r07c02f01p01-ch6sk1fk1fl1.tiff,r07c02f01p01-ch2sk1fk1fl1.tiff,r07c02f01p01-ch5sk1fk1fl1.tiff,r07c02f01p01-ch3sk1fk1fl1.tiff,r07c02f01p01-ch4sk1fk1fl1.tiff,G02_s01,4,high,,4_high,train
HepatoPAC Islands 20260413,G02,2,r07c02f02p01-ch1sk1fk1fl1.tiff,r07c02f02p01-ch6sk1fk1fl1.tiff,r07c02f02p01-ch2sk1fk1fl1.tiff,r07c02f02p01-ch5sk1fk1fl1.tiff,r07c02f02p01-ch3sk1fk1fl1.tiff,r07c02f02p01-ch4sk1fk1fl1.tiff,G02_s02,4,high,,4_high,train
HepatoPAC Islands 20260413,G02,3,r07c02f03p01-ch1sk1fk1fl1.tiff,r07c02f03p01-ch6sk1fk1fl1.tiff,r07c02f03p01-ch2sk1fk1fl1.tiff,r07c02f03p01-ch5sk1fk1fl1.tiff,r07c02f03p01-ch3sk1fk1fl1.tiff,r07c02f03p01-ch4sk1fk1fl1.tiff,G02_s03,4,high,,4_high,train
HepatoPAC Islands 20260413,G02,4,r07c02f04p01-ch1sk1fk1fl1.tiff,r07c02f04p01-ch6sk1fk1fl1.tiff,r07c02f04p01-ch2sk1fk1fl1.tiff,r07c02f04p01-ch5sk1fk1fl1.tiff,r07c02f04p01-ch3sk1fk1fl1.tiff,r07c02f04p01-ch4sk1fk1fl1.tiff,G02_s04,4,high,,4_high,train
HepatoPAC Islands 20260413,G02,5,r07c02f05p01-ch1sk1fk1fl1.tiff,r07c02f05p01-ch6sk1fk1fl1.tiff,r07c02f05p01-ch2sk1fk1fl1.tiff,r07c02f05p01-ch5sk1fk1fl1.tiff,r07c02f05p01-ch3sk1fk1fl1.tiff,r07c02f05p01-ch4sk1fk1fl1.tiff,G02_s05,4,high,,4_high,train
HepatoPAC Islands 20260413,G02,6,r07c02f06p01-ch1sk1fk1fl1.tiff,r07c02f06p01-ch6sk1fk1fl1.tiff,r07c02f06p01-ch2sk1fk1fl1.tiff,r07c02f06p01-ch5sk1fk1fl1.tiff,r07c02f06p01-ch3sk1fk1fl1.tiff,r07c02f06p01-ch4sk1fk1fl1.tiff,G02_s06,4,high,,4_high,train
HepatoPAC Islands 20260413,G02,7,r07c02f07p01-ch1sk1fk1fl1.tiff,r07c02f07p01-ch6sk1fk1fl1.tiff,r07c02f07p01-ch2sk1fk1fl1.tiff,r07c02f07p01-ch5sk1fk1fl1.tiff,r07c02f07p01-ch3sk1fk1fl1.tiff,r07c02f07p01-ch4sk1fk1fl1.tiff,G02_s07,4,high,,4_high,train
HepatoPAC Islands 20260413,G02,8,r07c02f08p01-ch1sk1fk1fl1.tiff,r07c02f08p01-ch6sk1fk1fl1.tiff,r07c02f08p01-ch2sk1fk1fl1.tiff,r07c02f08p01-ch5sk1fk1fl1.tiff,r07c02f08p01-ch3sk1fk1fl1.tiff,r07c02f08p01-ch4sk1fk1fl1.tiff,G02_s08,4,high,,4_high,train
HepatoPAC Islands 20260413,G02,9,r07c02f09p01-ch1sk1fk1fl1.tiff,r07c02f09p01-ch6sk1fk1fl1.tiff,r07c02f09p01-ch2sk1fk1fl1.tiff,r07c02f09p01-ch5sk1fk1fl1.tiff,r07c02f09p01-ch3sk1fk1fl1.tiff,r07c02f09p01-ch4sk1fk1fl1.tiff,G02_s09,4,high,,4_high,train
HepatoPAC Islands 20260413,G02,10,r07c02f10p01-ch1sk1fk1fl1.tiff,r07c02f10p01-ch6sk1fk1fl1.tiff,r07c02f10p01-ch2sk1fk1fl1.tiff,r07c02f10p01-ch5sk1fk1fl1.tiff,r07c02f10p01-ch3sk1fk1fl1.tiff,r07c02f10p01-ch4sk1fk1fl1.tiff,G02_s10,4,high,,4_high,train
HepatoPAC Islands 20260413,G02,11,r07c02f11p01-ch1sk1fk1fl1.tiff,r07c02f11p01-ch6sk1fk1fl1.tiff,r07c02f11p01-ch2sk1fk1fl1.tiff,r07c02f11p01-ch5sk1fk1fl1.tiff,r07c02f11p01-ch3sk1fk1fl1.tiff,r07c02f11p01-ch4sk1fk1fl1.tiff,G02_s11,4,high,,4_high,train
HepatoPAC Islands 20260413,G02,12,r07c02f12p01-ch1sk1fk1fl1.tiff,r07c02f12p01-ch6sk1fk1fl1.tiff,r07c02f12p01-ch2sk1fk1fl1.tiff,r07c02f12p01-ch5sk1fk1fl1.tiff,r07c02f12p01-ch3sk1fk1fl1.tiff,r07c02f12p01-ch4sk1fk1fl1.tiff,G02_s12,4,high,,4_high,train
HepatoPAC Islands 20260413,G02,13,r07c02f13p01-ch1sk1fk1fl1.tiff,r07c02f13p01-ch6sk1fk1fl1.tiff,r07c02f13p01-ch2sk1fk1fl1.tiff,r07c02f13p01-ch5sk1fk1fl1.tiff,r07c02f13p01-ch3sk1fk1fl1.tiff,r07c02f13p01-ch4sk1fk1fl1.tiff,G02_s13,4,high,,4_high,train
HepatoPAC Islands 20260413,G02,14,r07c02f14p01-ch1sk1fk1fl1.tiff,r07c02f14p01-ch6sk1fk1fl1.tiff,r07c02f14p01-ch2sk1fk1fl1.tiff,r07c02f14p01-ch5sk1fk1fl1.tiff,r07c02f14p01-ch3sk1fk1fl1.tiff,r07c02f14p01-ch4sk1fk1fl1.tiff,G02_s14,4,high,,4_high,train
HepatoPAC Islands 20260413,G02,15,r07c02f15p01-ch1sk1fk1fl1.tiff,r07c02f15p01-ch6sk1fk1fl1.tiff,r07c02f15p01-ch2sk1fk1fl1.tiff,r07c02f15p01-ch5sk1fk1fl1.tiff,r07c02f15p01-ch3sk1fk1fl1.tiff,r07c02f15p01-ch4sk1fk1fl1.tiff,G02_s15,4,high,,4_high,train
HepatoPAC Islands 20260413,G02,16,r07c02f16p01-ch1sk1fk1fl1.tiff,r07c02f16p01-ch6sk1fk1fl1.tiff,r07c02f16p01-ch2sk1fk1fl1.tiff,r07c02f16p01-ch5sk1fk1fl1.tiff,r07c02f16p01-ch3sk1fk1fl1.tiff,r07c02f16p01-ch4sk1fk1fl1.tiff,G02_s16,4,high,,4_high,train
HepatoPAC Islands 20260413,G02,17,r07c02f17p01-ch1sk1fk1fl1.tiff,r07c02f17p01-ch6sk1fk1fl1.tiff,r07c02f17p01-ch2sk1fk1fl1.tiff,r07c02f17p01-ch5sk1fk1fl1.tiff,r07c02f17p01-ch3sk1fk1fl1.tiff,r07c02f17p01-ch4sk1fk1fl1.tiff,G02_s17,4,high,,4_high,train
HepatoPAC Islands 20260413,G02,18,r07c02f18p01-ch1sk1fk1fl1.tiff,r07c02f18p01-ch6sk1fk1fl1.tiff,r07c02f18p01-ch2sk1fk1fl1.tiff,r07c02f18p01-ch5sk1fk1fl1.tiff,r07c02f18p01-ch3sk1fk1fl1.tiff,r07c02f18p01-ch4sk1fk1fl1.tiff,G02_s18,4,high,,4_high,train
HepatoPAC Islands 20260413,G02,19,r07c02f19p01-ch1sk1fk1fl1.tiff,r07c02f19p01-ch6sk1fk1fl1.tiff,r07c02f19p01-ch2sk1fk1fl1.tiff,r07c02f19p01-ch5sk1fk1fl1.tiff,r07c02f19p01-ch3sk1fk1fl1.tiff,r07c02f19p01-ch4sk1fk1fl1.tiff,G02_s19,4,high,,4_high,train
HepatoPAC Islands 20260413,G02,20,r07c02f20p01-ch1sk1fk1fl1.tiff,r07c02f20p01-ch6sk1fk1fl1.tiff,r07c02f20p01-ch2sk1fk1fl1.tiff,r07c02f20p01-ch5sk1fk1fl1.tiff,r07c02f20p01-ch3sk1fk1fl1.tiff,r07c02f20p01-ch4sk1fk1fl1.tiff,G02_s20,4,high,,4_high,train
HepatoPAC Islands 20260413,G02,21,r07c02f21p01-ch1sk1fk1fl1.tiff,r07c02f21p01-ch6sk1fk1fl1.tiff,r07c02f21p01-ch2sk1fk1fl1.tiff,r07c02f21p01-ch5sk1fk1fl1.tiff,r07c02f21p01-ch3sk1fk1fl1.tiff,r07c02f21p01-ch4sk1fk1fl1.tiff,G02_s21,4,high,,4_high,train
HepatoPAC Islands 20260413,G02,22,r07c02f22p01-ch1sk1fk1fl1.tiff,r07c02f22p01-ch6sk1fk1fl1.tiff,r07c02f22p01-ch2sk1fk1fl1.tiff,r07c02f22p01-ch5sk1fk1fl1.tiff,r07c02f22p01-ch3sk1fk1fl1.tiff,r07c02f22p01-ch4sk1fk1fl1.tiff,G02_s22,4,high,,4_high,train
HepatoPAC Islands 20260413,G02,23,r07c02f23p01-ch1sk1fk1fl1.tiff,r07c02f23p01-ch6sk1fk1fl1.tiff,r07c02f23p01-ch2sk1fk1fl1.tiff,r07c02f23p01-ch5sk1fk1fl1.tiff,r07c02f23p01-ch3sk1fk1fl1.tiff,r07c02f23p01-ch4sk1fk1fl1.tiff,G02_s23,4,high,,4_high,train
HepatoPAC Islands 20260413,G02,24,r07c02f24p01-ch1sk1fk1fl1.tiff,r07c02f24p01-ch6sk1fk1fl1.tiff,r07c02f24p01-ch2sk1fk1fl1.tiff,r07c02f24p01-ch5sk1fk1fl1.tiff,r07c02f24p01-ch3sk1fk1fl1.tiff,r07c02f24p01-ch4sk1fk1fl1.tiff,G02_s24,4,high,,4_high,train
HepatoPAC Islands 20260413,G02,25,r07c02f25p01-ch1sk1fk1fl1.tiff,r07c02f25p01-ch6sk1fk1fl1.tiff,r07c02f25p01-ch2sk1fk1fl1.tiff,r07c02f25p01-ch5sk1fk1fl1.tiff,r07c02f25p01-ch3sk1fk1fl1.tiff,r07c02f25p01-ch4sk1fk1fl1.tiff,G02_s25,4,high,,4_high,train
HepatoPAC Islands 20260413,G02,26,r07c02f26p01-ch1sk1fk1fl1.tiff,r07c02f26p01-ch6sk1fk1fl1.tiff,r07c02f26p01-ch2sk1fk1fl1.tiff,r07c02f26p01-ch5sk1fk1fl1.tiff,r07c02f26p01-ch3sk1fk1fl1.tiff,r07c02f26p01-ch4sk1fk1fl1.tiff,G02_s26,4,high,,4_high,train
HepatoPAC Islands 20260413,G02,27,r07c02f27p01-ch1sk1fk1fl1.tiff,r07c02f27p01-ch6sk1fk1fl1.tiff,r07c02f27p01-ch2sk1fk1fl1.tiff,r07c02f27p01-ch5sk1fk1fl1.tiff,r07c02f27p01-ch3sk1fk1fl1.tiff,r07c02f27p01-ch4sk1fk1fl1.tiff,G02_s27,4,high,,4_high,train
HepatoPAC Islands 20260413,G02,28,r07c02f28p01-ch1sk1fk1fl1.tiff,r07c02f28p01-ch6sk1fk1fl1.tiff,r07c02f28p01-ch2sk1fk1fl1.tiff,r07c02f28p01-ch5sk1fk1fl1.tiff,r07c02f28p01-ch3sk1fk1fl1.tiff,r07c02f28p01-ch4sk1fk1fl1.tiff,G02_s28,4,high,,4_high,train
HepatoPAC Islands 20260413,G02,29,r07c02f29p01-ch1sk1fk1fl1.tiff,r07c02f29p01-ch6sk1fk1fl1.tiff,r07c02f29p01-ch2sk1fk1fl1.tiff,r07c02f29p01-ch5sk1fk1fl1.tiff,r07c02f29p01-ch3sk1fk1fl1.tiff,r07c02f29p01-ch4sk1fk1fl1.tiff,G02_s29,4,high,,4_high,train
HepatoPAC Islands 20260413,G02,30,r07c02f30p01-ch1sk1fk1fl1.tiff,r07c02f30p01-ch6sk1fk1fl1.tiff,r07c02f30p01-ch2sk1fk1fl1.tiff,r07c02f30p01-ch5sk1fk1fl1.tiff,r07c02f30p01-ch3sk1fk1fl1.tiff,r07c02f30p01-ch4sk1fk1fl1.tiff,G02_s30,4,high,,4_high,train
HepatoPAC Islands 20260413,G02,31,r07c02f31p01-ch1sk1fk1fl1.tiff,r07c02f31p01-ch6sk1fk1fl1.tiff,r07c02f31p01-ch2sk1fk1fl1.tiff,r07c02f31p01-ch5sk1fk1fl1.tiff,r07c02f31p01-ch3sk1fk1fl1.tiff,r07c02f31p01-ch4sk1fk1fl1.tiff,G02_s31,4,high,,4_high,train
HepatoPAC Islands 20260413,G02,32,r07c02f32p01-ch1sk1fk1fl1.tiff,r07c02f32p01-ch6sk1fk1fl1.tiff,r07c02f32p01-ch2sk1fk1fl1.tiff,r07c02f32p01-ch5sk1fk1fl1.tiff,r07c02f32p01-ch3sk1fk1fl1.tiff,r07c02f32p01-ch4sk1fk1fl1.tiff,G02_s32,4,high,,4_high,train
HepatoPAC Islands 20260413,G02,33,r07c02f33p01-ch1sk1fk1fl1.tiff,r07c02f33p01-ch6sk1fk1fl1.tiff,r07c02f33p01-ch2sk1fk1fl1.tiff,r07c02f33p01-ch5sk1fk1fl1.tiff,r07c02f33p01-ch3sk1fk1fl1.tiff,r07c02f33p01-ch4sk1fk1fl1.tiff,G02_s33,4,high,,4_high,train
HepatoPAC Islands 20260413,G02,34,r07c02f34p01-ch1sk1fk1fl1.tiff,r07c02f34p01-ch6sk1fk1fl1.tiff,r07c02f34p01-ch2sk1fk1fl1.tiff,r07c02f34p01-ch5sk1fk1fl1.tiff,r07c02f34p01-ch3sk1fk1fl1.tiff,r07c02f34p01-ch4sk1fk1fl1.tiff,G02_s34,4,high,,4_high,train
HepatoPAC Islands 20260413,G02,35,r07c02f35p01-ch1sk1fk1fl1.tiff,r07c02f35p01-ch6sk1fk1fl1.tiff,r07c02f35p01-ch2sk1fk1fl1.tiff,r07c02f35p01-ch5sk1fk1fl1.tiff,r07c02f35p01-ch3sk1fk1fl1.tiff,r07c02f35p01-ch4sk1fk1fl1.tiff,G02_s35,4,high,,4_high,train
HepatoPAC Islands 20260413,G02,36,r07c02f36p01-ch1sk1fk1fl1.tiff,r07c02f36p01-ch6sk1fk1fl1.tiff,r07c02f36p01-ch2sk1fk1fl1.tiff,r07c02f36p01-ch5sk1fk1fl1.tiff,r07c02f36p01-ch3sk1fk1fl1.tiff,r07c02f36p01-ch4sk1fk1fl1.tiff,G02_s36,4,high,,4_high,train
HepatoPAC Islands 20260413,G02,37,r07c02f37p01-ch1sk1fk1fl1.tiff,r07c02f37p01-ch6sk1fk1fl1.tiff,r07c02f37p01-ch2sk1fk1fl1.tiff,r07c02f37p01-ch5sk1fk1fl1.tiff,r07c02f37p01-ch3sk1fk1fl1.tiff,r07c02f37p01-ch4sk1fk1fl1.tiff,G02_s37,4,high,,4_high,train
HepatoPAC Islands 20260413,G02,38,r07c02f38p01-ch1sk1fk1fl1.tiff,r07c02f38p01-ch6sk1fk1fl1.tiff,r07c02f38p01-ch2sk1fk1fl1.tiff,r07c02f38p01-ch5sk1fk1fl1.tiff,r07c02f38p01-ch3sk1fk1fl1.tiff,r07c02f38p01-ch4sk1fk1fl1.tiff,G02_s38,4,high,,4_high,train
HepatoPAC Islands 20260413,G02,39,r07c02f39p01-ch1sk1fk1fl1.tiff,r07c02f39p01-ch6sk1fk1fl1.tiff,r07c02f39p01-ch2sk1fk1fl1.tiff,r07c02f39p01-ch5sk1fk1fl1.tiff,r07c02f39p01-ch3sk1fk1fl1.tiff,r07c02f39p01-ch4sk1fk1fl1.tiff,G02_s39,4,high,,4_high,train
HepatoPAC Islands 20260413,G02,40,r07c02f40p01-ch1sk1fk1fl1.tiff,r07c02f40p01-ch6sk1fk1fl1.tiff,r07c02f40p01-ch2sk1fk1fl1.tiff,r07c02f40p01-ch5sk1fk1fl1.tiff,r07c02f40p01-ch3sk1fk1fl1.tiff,r07c02f40p01-ch4sk1fk1fl1.tiff,G02_s40,4,high,,4_high,train
HepatoPAC Islands 20260413,G02,41,r07c02f41p01-ch1sk1fk1fl1.tiff,r07c02f41p01-ch6sk1fk1fl1.tiff,r07c02f41p01-ch2sk1fk1fl1.tiff,r07c02f41p01-ch5sk1fk1fl1.tiff,r07c02f41p01-ch3sk1fk1fl1.tiff,r07c02f41p01-ch4sk1fk1fl1.tiff,G02_s41,4,high,,4_high,train
HepatoPAC Islands 20260413,G02,42,r07c02f42p01-ch1sk1fk1fl1.tiff,r07c02f42p01-ch6sk1fk1fl1.tiff,r07c02f42p01-ch2sk1fk1fl1.tiff,r07c02f42p01-ch5sk1fk1fl1.tiff,r07c02f42p01-ch3sk1fk1fl1.tiff,r07c02f42p01-ch4sk1fk1fl1.tiff,G02_s42,4,high,,4_high,train
HepatoPAC Islands 20260413,G02,43,r07c02f43p01-ch1sk1fk1fl1.tiff,r07c02f43p01-ch6sk1fk1fl1.tiff,r07c02f43p01-ch2sk1fk1fl1.tiff,r07c02f43p01-ch5sk1fk1fl1.tiff,r07c02f43p01-ch3sk1fk1fl1.tiff,r07c02f43p01-ch4sk1fk1fl1.tiff,G02_s43,4,high,,4_high,train
HepatoPAC Islands 20260413,G02,44,r07c02f44p01-ch1sk1fk1fl1.tiff,r07c02f44p01-ch6sk1fk1fl1.tiff,r07c02f44p01-ch2sk1fk1fl1.tiff,r07c02f44p01-ch5sk1fk1fl1.tiff,r07c02f44p01-ch3sk1fk1fl1.tiff,r07c02f44p01-ch4sk1fk1fl1.tiff,G02_s44,4,high,,4_high,train
HepatoPAC Islands 20260413,G02,45,r07c02f45p01-ch1sk1fk1fl1.tiff,r07c02f45p01-ch6sk1fk1fl1.tiff,r07c02f45p01-ch2sk1fk1fl1.tiff,r07c02f45p01-ch5sk1fk1fl1.tiff,r07c02f45p01-ch3sk1fk1fl1.tiff,r07c02f45p01-ch4sk1fk1fl1.tiff,G02_s45,4,high,,4_high,train
HepatoPAC Islands 20260413,G02,46,r07c02f46p01-ch1sk1fk1fl1.tiff,r07c02f46p01-ch6sk1fk1fl1.tiff,r07c02f46p01-ch2sk1fk1fl1.tiff,r07c02f46p01-ch5sk1fk1fl1.tiff,r07c02f46p01-ch3sk1fk1fl1.tiff,r07c02f46p01-ch4sk1fk1fl1.tiff,G02_s46,4,high,,4_high,train
HepatoPAC Islands 20260413,G02,47,r07c02f47p01-ch1sk1fk1fl1.tiff,r07c02f47p01-ch6sk1fk1fl1.tiff,r07c02f47p01-ch2sk1fk1fl1.tiff,r07c02f47p01-ch5sk1fk1fl1.tiff,r07c02f47p01-ch3sk1fk1fl1.tiff,r07c02f47p01-ch4sk1fk1fl1.tiff,G02_s47,4,high,,4_high,train
HepatoPAC Islands 20260413,G02,48,r07c02f48p01-ch1sk1fk1fl1.tiff,r07c02f48p01-ch6sk1fk1fl1.tiff,r07c02f48p01-ch2sk1fk1fl1.tiff,r07c02f48p01-ch5sk1fk1fl1.tiff,r07c02f48p01-ch3sk1fk1fl1.tiff,r07c02f48p01-ch4sk1fk1fl1.tiff,G02_s48,4,high,,4_high,train
HepatoPAC Islands 20260413,G02,49,r07c02f49p01-ch1sk1fk1fl1.tiff,r07c02f49p01-ch6sk1fk1fl1.tiff,r07c02f49p01-ch2sk1fk1fl1.tiff,r07c02f49p01-ch5sk1fk1fl1.tiff,r07c02f49p01-ch3sk1fk1fl1.tiff,r07c02f49p01-ch4sk1fk1fl1.tiff,G02_s49,4,high,,4_high,train
HepatoPAC Islands 20260413,G03,1,r07c03f01p01-ch1sk1fk1fl1.tiff,r07c03f01p01-ch6sk1fk1fl1.tiff,r07c03f01p01-ch2sk1fk1fl1.tiff,r07c03f01p01-ch5sk1fk1fl1.tiff,r07c03f01p01-ch3sk1fk1fl1.tiff,r07c03f01p01-ch4sk1fk1fl1.tiff,G03_s01,5,high,,5_high,train
HepatoPAC Islands 20260413,G03,2,r07c03f02p01-ch1sk1fk1fl1.tiff,r07c03f02p01-ch6sk1fk1fl1.tiff,r07c03f02p01-ch2sk1fk1fl1.tiff,r07c03f02p01-ch5sk1fk1fl1.tiff,r07c03f02p01-ch3sk1fk1fl1.tiff,r07c03f02p01-ch4sk1fk1fl1.tiff,G03_s02,5,high,,5_high,train
HepatoPAC Islands 20260413,G03,3,r07c03f03p01-ch1sk1fk1fl1.tiff,r07c03f03p01-ch6sk1fk1fl1.tiff,r07c03f03p01-ch2sk1fk1fl1.tiff,r07c03f03p01-ch5sk1fk1fl1.tiff,r07c03f03p01-ch3sk1fk1fl1.tiff,r07c03f03p01-ch4sk1fk1fl1.tiff,G03_s03,5,high,,5_high,train
HepatoPAC Islands 20260413,G03,4,r07c03f04p01-ch1sk1fk1fl1.tiff,r07c03f04p01-ch6sk1fk1fl1.tiff,r07c03f04p01-ch2sk1fk1fl1.tiff,r07c03f04p01-ch5sk1fk1fl1.tiff,r07c03f04p01-ch3sk1fk1fl1.tiff,r07c03f04p01-ch4sk1fk1fl1.tiff,G03_s04,5,high,,5_high,train
HepatoPAC Islands 20260413,G03,5,r07c03f05p01-ch1sk1fk1fl1.tiff,r07c03f05p01-ch6sk1fk1fl1.tiff,r07c03f05p01-ch2sk1fk1fl1.tiff,r07c03f05p01-ch5sk1fk1fl1.tiff,r07c03f05p01-ch3sk1fk1fl1.tiff,r07c03f05p01-ch4sk1fk1fl1.tiff,G03_s05,5,high,,5_high,train
HepatoPAC Islands 20260413,G03,6,r07c03f06p01-ch1sk1fk1fl1.tiff,r07c03f06p01-ch6sk1fk1fl1.tiff,r07c03f06p01-ch2sk1fk1fl1.tiff,r07c03f06p01-ch5sk1fk1fl1.tiff,r07c03f06p01-ch3sk1fk1fl1.tiff,r07c03f06p01-ch4sk1fk1fl1.tiff,G03_s06,5,high,,5_high,train
HepatoPAC Islands 20260413,G03,7,r07c03f07p01-ch1sk1fk1fl1.tiff,r07c03f07p01-ch6sk1fk1fl1.tiff,r07c03f07p01-ch2sk1fk1fl1.tiff,r07c03f07p01-ch5sk1fk1fl1.tiff,r07c03f07p01-ch3sk1fk1fl1.tiff,r07c03f07p01-ch4sk1fk1fl1.tiff,G03_s07,5,high,,5_high,train
HepatoPAC Islands 20260413,G03,8,r07c03f08p01-ch1sk1fk1fl1.tiff,r07c03f08p01-ch6sk1fk1fl1.tiff,r07c03f08p01-ch2sk1fk1fl1.tiff,r07c03f08p01-ch5sk1fk1fl1.tiff,r07c03f08p01-ch3sk1fk1fl1.tiff,r07c03f08p01-ch4sk1fk1fl1.tiff,G03_s08,5,high,,5_high,train
HepatoPAC Islands 20260413,G03,9,r07c03f09p01-ch1sk1fk1fl1.tiff,r07c03f09p01-ch6sk1fk1fl1.tiff,r07c03f09p01-ch2sk1fk1fl1.tiff,r07c03f09p01-ch5sk1fk1fl1.tiff,r07c03f09p01-ch3sk1fk1fl1.tiff,r07c03f09p01-ch4sk1fk1fl1.tiff,G03_s09,5,high,,5_high,train
HepatoPAC Islands 20260413,G03,10,r07c03f10p01-ch1sk1fk1fl1.tiff,r07c03f10p01-ch6sk1fk1fl1.tiff,r07c03f10p01-ch2sk1fk1fl1.tiff,r07c03f10p01-ch5sk1fk1fl1.tiff,r07c03f10p01-ch3sk1fk1fl1.tiff,r07c03f10p01-ch4sk1fk1fl1.tiff,G03_s10,5,high,,5_high,train
HepatoPAC Islands 20260413,G03,11,r07c03f11p01-ch1sk1fk1fl1.tiff,r07c03f11p01-ch6sk1fk1fl1.tiff,r07c03f11p01-ch2sk1fk1fl1.tiff,r07c03f11p01-ch5sk1fk1fl1.tiff,r07c03f11p01-ch3sk1fk1fl1.tiff,r07c03f11p01-ch4sk1fk1fl1.tiff,G03_s11,5,high,,5_high,train
HepatoPAC Islands 20260413,G03,12,r07c03f12p01-ch1sk1fk1fl1.tiff,r07c03f12p01-ch6sk1fk1fl1.tiff,r07c03f12p01-ch2sk1fk1fl1.tiff,r07c03f12p01-ch5sk1fk1fl1.tiff,r07c03f12p01-ch3sk1fk1fl1.tiff,r07c03f12p01-ch4sk1fk1fl1.tiff,G03_s12,5,high,,5_high,train
HepatoPAC Islands 20260413,G03,13,r07c03f13p01-ch1sk1fk1fl1.tiff,r07c03f13p01-ch6sk1fk1fl1.tiff,r07c03f13p01-ch2sk1fk1fl1.tiff,r07c03f13p01-ch5sk1fk1fl1.tiff,r07c03f13p01-ch3sk1fk1fl1.tiff,r07c03f13p01-ch4sk1fk1fl1.tiff,G03_s13,5,high,,5_high,train
HepatoPAC Islands 20260413,G03,14,r07c03f14p01-ch1sk1fk1fl1.tiff,r07c03f14p01-ch6sk1fk1fl1.tiff,r07c03f14p01-ch2sk1fk1fl1.tiff,r07c03f14p01-ch5sk1fk1fl1.tiff,r07c03f14p01-ch3sk1fk1fl1.tiff,r07c03f14p01-ch4sk1fk1fl1.tiff,G03_s14,5,high,,5_high,train
HepatoPAC Islands 20260413,G03,15,r07c03f15p01-ch1sk1fk1fl1.tiff,r07c03f15p01-ch6sk1fk1fl1.tiff,r07c03f15p01-ch2sk1fk1fl1.tiff,r07c03f15p01-ch5sk1fk1fl1.tiff,r07c03f15p01-ch3sk1fk1fl1.tiff,r07c03f15p01-ch4sk1fk1fl1.tiff,G03_s15,5,high,,5_high,train
HepatoPAC Islands 20260413,G03,16,r07c03f16p01-ch1sk1fk1fl1.tiff,r07c03f16p01-ch6sk1fk1fl1.tiff,r07c03f16p01-ch2sk1fk1fl1.tiff,r07c03f16p01-ch5sk1fk1fl1.tiff,r07c03f16p01-ch3sk1fk1fl1.tiff,r07c03f16p01-ch4sk1fk1fl1.tiff,G03_s16,5,high,,5_high,train
HepatoPAC Islands 20260413,G03,17,r07c03f17p01-ch1sk1fk1fl1.tiff,r07c03f17p01-ch6sk1fk1fl1.tiff,r07c03f17p01-ch2sk1fk1fl1.tiff,r07c03f17p01-ch5sk1fk1fl1.tiff,r07c03f17p01-ch3sk1fk1fl1.tiff,r07c03f17p01-ch4sk1fk1fl1.tiff,G03_s17,5,high,,5_high,train
HepatoPAC Islands 20260413,G03,18,r07c03f18p01-ch1sk1fk1fl1.tiff,r07c03f18p01-ch6sk1fk1fl1.tiff,r07c03f18p01-ch2sk1fk1fl1.tiff,r07c03f18p01-ch5sk1fk1fl1.tiff,r07c03f18p01-ch3sk1fk1fl1.tiff,r07c03f18p01-ch4sk1fk1fl1.tiff,G03_s18,5,high,,5_high,train
HepatoPAC Islands 20260413,G03,19,r07c03f19p01-ch1sk1fk1fl1.tiff,r07c03f19p01-ch6sk1fk1fl1.tiff,r07c03f19p01-ch2sk1fk1fl1.tiff,r07c03f19p01-ch5sk1fk1fl1.tiff,r07c03f19p01-ch3sk1fk1fl1.tiff,r07c03f19p01-ch4sk1fk1fl1.tiff,G03_s19,5,high,,5_high,train
HepatoPAC Islands 20260413,G03,20,r07c03f20p01-ch1sk1fk1fl1.tiff,r07c03f20p01-ch6sk1fk1fl1.tiff,r07c03f20p01-ch2sk1fk1fl1.tiff,r07c03f20p01-ch5sk1fk1fl1.tiff,r07c03f20p01-ch3sk1fk1fl1.tiff,r07c03f20p01-ch4sk1fk1fl1.tiff,G03_s20,5,high,,5_high,train
HepatoPAC Islands 20260413,G03,21,r07c03f21p01-ch1sk1fk1fl1.tiff,r07c03f21p01-ch6sk1fk1fl1.tiff,r07c03f21p01-ch2sk1fk1fl1.tiff,r07c03f21p01-ch5sk1fk1fl1.tiff,r07c03f21p01-ch3sk1fk1fl1.tiff,r07c03f21p01-ch4sk1fk1fl1.tiff,G03_s21,5,high,,5_high,train
HepatoPAC Islands 20260413,G03,22,r07c03f22p01-ch1sk1fk1fl1.tiff,r07c03f22p01-ch6sk1fk1fl1.tiff,r07c03f22p01-ch2sk1fk1fl1.tiff,r07c03f22p01-ch5sk1fk1fl1.tiff,r07c03f22p01-ch3sk1fk1fl1.tiff,r07c03f22p01-ch4sk1fk1fl1.tiff,G03_s22,5,high,,5_high,train
HepatoPAC Islands 20260413,G03,23,r07c03f23p01-ch1sk1fk1fl1.tiff,r07c03f23p01-ch6sk1fk1fl1.tiff,r07c03f23p01-ch2sk1fk1fl1.tiff,r07c03f23p01-ch5sk1fk1fl1.tiff,r07c03f23p01-ch3sk1fk1fl1.tiff,r07c03f23p01-ch4sk1fk1fl1.tiff,G03_s23,5,high,,5_high,train
HepatoPAC Islands 20260413,G03,24,r07c03f24p01-ch1sk1fk1fl1.tiff,r07c03f24p01-ch6sk1fk1fl1.tiff,r07c03f24p01-ch2sk1fk1fl1.tiff,r07c03f24p01-ch5sk1fk1fl1.tiff,r07c03f24p01-ch3sk1fk1fl1.tiff,r07c03f24p01-ch4sk1fk1fl1.tiff,G03_s24,5,high,,5_high,train
HepatoPAC Islands 20260413,G03,25,r07c03f25p01-ch1sk1fk1fl1.tiff,r07c03f25p01-ch6sk1fk1fl1.tiff,r07c03f25p01-ch2sk1fk1fl1.tiff,r07c03f25p01-ch5sk1fk1fl1.tiff,r07c03f25p01-ch3sk1fk1fl1.tiff,r07c03f25p01-ch4sk1fk1fl1.tiff,G03_s25,5,high,,5_high,train
HepatoPAC Islands 20260413,G03,26,r07c03f26p01-ch1sk1fk1fl1.tiff,r07c03f26p01-ch6sk1fk1fl1.tiff,r07c03f26p01-ch2sk1fk1fl1.tiff,r07c03f26p01-ch5sk1fk1fl1.tiff,r07c03f26p01-ch3sk1fk1fl1.tiff,r07c03f26p01-ch4sk1fk1fl1.tiff,G03_s26,5,high,,5_high,train
HepatoPAC Islands 20260413,G03,27,r07c03f27p01-ch1sk1fk1fl1.tiff,r07c03f27p01-ch6sk1fk1fl1.tiff,r07c03f27p01-ch2sk1fk1fl1.tiff,r07c03f27p01-ch5sk1fk1fl1.tiff,r07c03f27p01-ch3sk1fk1fl1.tiff,r07c03f27p01-ch4sk1fk1fl1.tiff,G03_s27,5,high,,5_high,train
HepatoPAC Islands 20260413,G03,28,r07c03f28p01-ch1sk1fk1fl1.tiff,r07c03f28p01-ch6sk1fk1fl1.tiff,r07c03f28p01-ch2sk1fk1fl1.tiff,r07c03f28p01-ch5sk1fk1fl1.tiff,r07c03f28p01-ch3sk1fk1fl1.tiff,r07c03f28p01-ch4sk1fk1fl1.tiff,G03_s28,5,high,,5_high,train
HepatoPAC Islands 20260413,G03,29,r07c03f29p01-ch1sk1fk1fl1.tiff,r07c03f29p01-ch6sk1fk1fl1.tiff,r07c03f29p01-ch2sk1fk1fl1.tiff,r07c03f29p01-ch5sk1fk1fl1.tiff,r07c03f29p01-ch3sk1fk1fl1.tiff,r07c03f29p01-ch4sk1fk1fl1.tiff,G03_s29,5,high,,5_high,train
HepatoPAC Islands 20260413,G03,30,r07c03f30p01-ch1sk1fk1fl1.tiff,r07c03f30p01-ch6sk1fk1fl1.tiff,r07c03f30p01-ch2sk1fk1fl1.tiff,r07c03f30p01-ch5sk1fk1fl1.tiff,r07c03f30p01-ch3sk1fk1fl1.tiff,r07c03f30p01-ch4sk1fk1fl1.tiff,G03_s30,5,high,,5_high,train
HepatoPAC Islands 20260413,G03,31,r07c03f31p01-ch1sk1fk1fl1.tiff,r07c03f31p01-ch6sk1fk1fl1.tiff,r07c03f31p01-ch2sk1fk1fl1.tiff,r07c03f31p01-ch5sk1fk1fl1.tiff,r07c03f31p01-ch3sk1fk1fl1.tiff,r07c03f31p01-ch4sk1fk1fl1.tiff,G03_s31,5,high,,5_high,train
HepatoPAC Islands 20260413,G03,32,r07c03f32p01-ch1sk1fk1fl1.tiff,r07c03f32p01-ch6sk1fk1fl1.tiff,r07c03f32p01-ch2sk1fk1fl1.tiff,r07c03f32p01-ch5sk1fk1fl1.tiff,r07c03f32p01-ch3sk1fk1fl1.tiff,r07c03f32p01-ch4sk1fk1fl1.tiff,G03_s32,5,high,,5_high,train
HepatoPAC Islands 20260413,G03,33,r07c03f33p01-ch1sk1fk1fl1.tiff,r07c03f33p01-ch6sk1fk1fl1.tiff,r07c03f33p01-ch2sk1fk1fl1.tiff,r07c03f33p01-ch5sk1fk1fl1.tiff,r07c03f33p01-ch3sk1fk1fl1.tiff,r07c03f33p01-ch4sk1fk1fl1.tiff,G03_s33,5,high,,5_high,train
HepatoPAC Islands 20260413,G03,34,r07c03f34p01-ch1sk1fk1fl1.tiff,r07c03f34p01-ch6sk1fk1fl1.tiff,r07c03f34p01-ch2sk1fk1fl1.tiff,r07c03f34p01-ch5sk1fk1fl1.tiff,r07c03f34p01-ch3sk1fk1fl1.tiff,r07c03f34p01-ch4sk1fk1fl1.tiff,G03_s34,5,high,,5_high,train
HepatoPAC Islands 20260413,G03,35,r07c03f35p01-ch1sk1fk1fl1.tiff,r07c03f35p01-ch6sk1fk1fl1.tiff,r07c03f35p01-ch2sk1fk1fl1.tiff,r07c03f35p01-ch5sk1fk1fl1.tiff,r07c03f35p01-ch3sk1fk1fl1.tiff,r07c03f35p01-ch4sk1fk1fl1.tiff,G03_s35,5,high,,5_high,train
HepatoPAC Islands 20260413,G03,36,r07c03f36p01-ch1sk1fk1fl1.tiff,r07c03f36p01-ch6sk1fk1fl1.tiff,r07c03f36p01-ch2sk1fk1fl1.tiff,r07c03f36p01-ch5sk1fk1fl1.tiff,r07c03f36p01-ch3sk1fk1fl1.tiff,r07c03f36p01-ch4sk1fk1fl1.tiff,G03_s36,5,high,,5_high,train
HepatoPAC Islands 20260413,G03,37,r07c03f37p01-ch1sk1fk1fl1.tiff,r07c03f37p01-ch6sk1fk1fl1.tiff,r07c03f37p01-ch2sk1fk1fl1.tiff,r07c03f37p01-ch5sk1fk1fl1.tiff,r07c03f37p01-ch3sk1fk1fl1.tiff,r07c03f37p01-ch4sk1fk1fl1.tiff,G03_s37,5,high,,5_high,train
HepatoPAC Islands 20260413,G03,38,r07c03f38p01-ch1sk1fk1fl1.tiff,r07c03f38p01-ch6sk1fk1fl1.tiff,r07c03f38p01-ch2sk1fk1fl1.tiff,r07c03f38p01-ch5sk1fk1fl1.tiff,r07c03f38p01-ch3sk1fk1fl1.tiff,r07c03f38p01-ch4sk1fk1fl1.tiff,G03_s38,5,high,,5_high,train
HepatoPAC Islands 20260413,G03,39,r07c03f39p01-ch1sk1fk1fl1.tiff,r07c03f39p01-ch6sk1fk1fl1.tiff,r07c03f39p01-ch2sk1fk1fl1.tiff,r07c03f39p01-ch5sk1fk1fl1.tiff,r07c03f39p01-ch3sk1fk1fl1.tiff,r07c03f39p01-ch4sk1fk1fl1.tiff,G03_s39,5,high,,5_high,train
HepatoPAC Islands 20260413,G03,40,r07c03f40p01-ch1sk1fk1fl1.tiff,r07c03f40p01-ch6sk1fk1fl1.tiff,r07c03f40p01-ch2sk1fk1fl1.tiff,r07c03f40p01-ch5sk1fk1fl1.tiff,r07c03f40p01-ch3sk1fk1fl1.tiff,r07c03f40p01-ch4sk1fk1fl1.tiff,G03_s40,5,high,,5_high,train
HepatoPAC Islands 20260413,G03,41,r07c03f41p01-ch1sk1fk1fl1.tiff,r07c03f41p01-ch6sk1fk1fl1.tiff,r07c03f41p01-ch2sk1fk1fl1.tiff,r07c03f41p01-ch5sk1fk1fl1.tiff,r07c03f41p01-ch3sk1fk1fl1.tiff,r07c03f41p01-ch4sk1fk1fl1.tiff,G03_s41,5,high,,5_high,train
HepatoPAC Islands 20260413,G03,42,r07c03f42p01-ch1sk1fk1fl1.tiff,r07c03f42p01-ch6sk1fk1fl1.tiff,r07c03f42p01-ch2sk1fk1fl1.tiff,r07c03f42p01-ch5sk1fk1fl1.tiff,r07c03f42p01-ch3sk1fk1fl1.tiff,r07c03f42p01-ch4sk1fk1fl1.tiff,G03_s42,5,high,,5_high,train
HepatoPAC Islands 20260413,G03,43,r07c03f43p01-ch1sk1fk1fl1.tiff,r07c03f43p01-ch6sk1fk1fl1.tiff,r07c03f43p01-ch2sk1fk1fl1.tiff,r07c03f43p01-ch5sk1fk1fl1.tiff,r07c03f43p01-ch3sk1fk1fl1.tiff,r07c03f43p01-ch4sk1fk1fl1.tiff,G03_s43,5,high,,5_high,train
HepatoPAC Islands 20260413,G03,44,r07c03f44p01-ch1sk1fk1fl1.tiff,r07c03f44p01-ch6sk1fk1fl1.tiff,r07c03f44p01-ch2sk1fk1fl1.tiff,r07c03f44p01-ch5sk1fk1fl1.tiff,r07c03f44p01-ch3sk1fk1fl1.tiff,r07c03f44p01-ch4sk1fk1fl1.tiff,G03_s44,5,high,,5_high,train
HepatoPAC Islands 20260413,G03,45,r07c03f45p01-ch1sk1fk1fl1.tiff,r07c03f45p01-ch6sk1fk1fl1.tiff,r07c03f45p01-ch2sk1fk1fl1.tiff,r07c03f45p01-ch5sk1fk1fl1.tiff,r07c03f45p01-ch3sk1fk1fl1.tiff,r07c03f45p01-ch4sk1fk1fl1.tiff,G03_s45,5,high,,5_high,train
HepatoPAC Islands 20260413,G03,46,r07c03f46p01-ch1sk1fk1fl1.tiff,r07c03f46p01-ch6sk1fk1fl1.tiff,r07c03f46p01-ch2sk1fk1fl1.tiff,r07c03f46p01-ch5sk1fk1fl1.tiff,r07c03f46p01-ch3sk1fk1fl1.tiff,r07c03f46p01-ch4sk1fk1fl1.tiff,G03_s46,5,high,,5_high,train
HepatoPAC Islands 20260413,G03,47,r07c03f47p01-ch1sk1fk1fl1.tiff,r07c03f47p01-ch6sk1fk1fl1.tiff,r07c03f47p01-ch2sk1fk1fl1.tiff,r07c03f47p01-ch5sk1fk1fl1.tiff,r07c03f47p01-ch3sk1fk1fl1.tiff,r07c03f47p01-ch4sk1fk1fl1.tiff,G03_s47,5,high,,5_high,train
HepatoPAC Islands 20260413,G03,48,r07c03f48p01-ch1sk1fk1fl1.tiff,r07c03f48p01-ch6sk1fk1fl1.tiff,r07c03f48p01-ch2sk1fk1fl1.tiff,r07c03f48p01-ch5sk1fk1fl1.tiff,r07c03f48p01-ch3sk1fk1fl1.tiff,r07c03f48p01-ch4sk1fk1fl1.tiff,G03_s48,5,high,,5_high,train
HepatoPAC Islands 20260413,G03,49,r07c03f49p01-ch1sk1fk1fl1.tiff,r07c03f49p01-ch6sk1fk1fl1.tiff,r07c03f49p01-ch2sk1fk1fl1.tiff,r07c03f49p01-ch5sk1fk1fl1.tiff,r07c03f49p01-ch3sk1fk1fl1.tiff,r07c03f49p01-ch4sk1fk1fl1.tiff,G03_s49,5,high,,5_high,train
HepatoPAC Islands 20260413,G04,1,r07c04f01p01-ch1sk1fk1fl1.tiff,r07c04f01p01-ch6sk1fk1fl1.tiff,r07c04f01p01-ch2sk1fk1fl1.tiff,r07c04f01p01-ch5sk1fk1fl1.tiff,r07c04f01p01-ch3sk1fk1fl1.tiff,r07c04f01p01-ch4sk1fk1fl1.tiff,G04_s01,1,high,,1_high,test
HepatoPAC Islands 20260413,G04,2,r07c04f02p01-ch1sk1fk1fl1.tiff,r07c04f02p01-ch6sk1fk1fl1.tiff,r07c04f02p01-ch2sk1fk1fl1.tiff,r07c04f02p01-ch5sk1fk1fl1.tiff,r07c04f02p01-ch3sk1fk1fl1.tiff,r07c04f02p01-ch4sk1fk1fl1.tiff,G04_s02,1,high,,1_high,test
HepatoPAC Islands 20260413,G04,3,r07c04f03p01-ch1sk1fk1fl1.tiff,r07c04f03p01-ch6sk1fk1fl1.tiff,r07c04f03p01-ch2sk1fk1fl1.tiff,r07c04f03p01-ch5sk1fk1fl1.tiff,r07c04f03p01-ch3sk1fk1fl1.tiff,r07c04f03p01-ch4sk1fk1fl1.tiff,G04_s03,1,high,,1_high,test
HepatoPAC Islands 20260413,G04,4,r07c04f04p01-ch1sk1fk1fl1.tiff,r07c04f04p01-ch6sk1fk1fl1.tiff,r07c04f04p01-ch2sk1fk1fl1.tiff,r07c04f04p01-ch5sk1fk1fl1.tiff,r07c04f04p01-ch3sk1fk1fl1.tiff,r07c04f04p01-ch4sk1fk1fl1.tiff,G04_s04,1,high,,1_high,test
HepatoPAC Islands 20260413,G04,5,r07c04f05p01-ch1sk1fk1fl1.tiff,r07c04f05p01-ch6sk1fk1fl1.tiff,r07c04f05p01-ch2sk1fk1fl1.tiff,r07c04f05p01-ch5sk1fk1fl1.tiff,r07c04f05p01-ch3sk1fk1fl1.tiff,r07c04f05p01-ch4sk1fk1fl1.tiff,G04_s05,1,high,,1_high,test
HepatoPAC Islands 20260413,G04,6,r07c04f06p01-ch1sk1fk1fl1.tiff,r07c04f06p01-ch6sk1fk1fl1.tiff,r07c04f06p01-ch2sk1fk1fl1.tiff,r07c04f06p01-ch5sk1fk1fl1.tiff,r07c04f06p01-ch3sk1fk1fl1.tiff,r07c04f06p01-ch4sk1fk1fl1.tiff,G04_s06,1,high,,1_high,test
HepatoPAC Islands 20260413,G04,7,r07c04f07p01-ch1sk1fk1fl1.tiff,r07c04f07p01-ch6sk1fk1fl1.tiff,r07c04f07p01-ch2sk1fk1fl1.tiff,r07c04f07p01-ch5sk1fk1fl1.tiff,r07c04f07p01-ch3sk1fk1fl1.tiff,r07c04f07p01-ch4sk1fk1fl1.tiff,G04_s07,1,high,,1_high,test
HepatoPAC Islands 20260413,G04,8,r07c04f08p01-ch1sk1fk1fl1.tiff,r07c04f08p01-ch6sk1fk1fl1.tiff,r07c04f08p01-ch2sk1fk1fl1.tiff,r07c04f08p01-ch5sk1fk1fl1.tiff,r07c04f08p01-ch3sk1fk1fl1.tiff,r07c04f08p01-ch4sk1fk1fl1.tiff,G04_s08,1,high,,1_high,test
HepatoPAC Islands 20260413,G04,9,r07c04f09p01-ch1sk1fk1fl1.tiff,r07c04f09p01-ch6sk1fk1fl1.tiff,r07c04f09p01-ch2sk1fk1fl1.tiff,r07c04f09p01-ch5sk1fk1fl1.tiff,r07c04f09p01-ch3sk1fk1fl1.tiff,r07c04f09p01-ch4sk1fk1fl1.tiff,G04_s09,1,high,,1_high,test
HepatoPAC Islands 20260413,G04,10,r07c04f10p01-ch1sk1fk1fl1.tiff,r07c04f10p01-ch6sk1fk1fl1.tiff,r07c04f10p01-ch2sk1fk1fl1.tiff,r07c04f10p01-ch5sk1fk1fl1.tiff,r07c04f10p01-ch3sk1fk1fl1.tiff,r07c04f10p01-ch4sk1fk1fl1.tiff,G04_s10,1,high,,1_high,test
HepatoPAC Islands 20260413,G04,11,r07c04f11p01-ch1sk1fk1fl1.tiff,r07c04f11p01-ch6sk1fk1fl1.tiff,r07c04f11p01-ch2sk1fk1fl1.tiff,r07c04f11p01-ch5sk1fk1fl1.tiff,r07c04f11p01-ch3sk1fk1fl1.tiff,r07c04f11p01-ch4sk1fk1fl1.tiff,G04_s11,1,high,,1_high,test
HepatoPAC Islands 20260413,G04,12,r07c04f12p01-ch1sk1fk1fl1.tiff,r07c04f12p01-ch6sk1fk1fl1.tiff,r07c04f12p01-ch2sk1fk1fl1.tiff,r07c04f12p01-ch5sk1fk1fl1.tiff,r07c04f12p01-ch3sk1fk1fl1.tiff,r07c04f12p01-ch4sk1fk1fl1.tiff,G04_s12,1,high,,1_high,test
HepatoPAC Islands 20260413,G04,13,r07c04f13p01-ch1sk1fk1fl1.tiff,r07c04f13p01-ch6sk1fk1fl1.tiff,r07c04f13p01-ch2sk1fk1fl1.tiff,r07c04f13p01-ch5sk1fk1fl1.tiff,r07c04f13p01-ch3sk1fk1fl1.tiff,r07c04f13p01-ch4sk1fk1fl1.tiff,G04_s13,1,high,,1_high,test
HepatoPAC Islands 20260413,G04,14,r07c04f14p01-ch1sk1fk1fl1.tiff,r07c04f14p01-ch6sk1fk1fl1.tiff,r07c04f14p01-ch2sk1fk1fl1.tiff,r07c04f14p01-ch5sk1fk1fl1.tiff,r07c04f14p01-ch3sk1fk1fl1.tiff,r07c04f14p01-ch4sk1fk1fl1.tiff,G04_s14,1,high,,1_high,test
HepatoPAC Islands 20260413,G04,15,r07c04f15p01-ch1sk1fk1fl1.tiff,r07c04f15p01-ch6sk1fk1fl1.tiff,r07c04f15p01-ch2sk1fk1fl1.tiff,r07c04f15p01-ch5sk1fk1fl1.tiff,r07c04f15p01-ch3sk1fk1fl1.tiff,r07c04f15p01-ch4sk1fk1fl1.tiff,G04_s15,1,high,,1_high,test
HepatoPAC Islands 20260413,G04,16,r07c04f16p01-ch1sk1fk1fl1.tiff,r07c04f16p01-ch6sk1fk1fl1.tiff,r07c04f16p01-ch2sk1fk1fl1.tiff,r07c04f16p01-ch5sk1fk1fl1.tiff,r07c04f16p01-ch3sk1fk1fl1.tiff,r07c04f16p01-ch4sk1fk1fl1.tiff,G04_s16,1,high,,1_high,test
HepatoPAC Islands 20260413,G04,17,r07c04f17p01-ch1sk1fk1fl1.tiff,r07c04f17p01-ch6sk1fk1fl1.tiff,r07c04f17p01-ch2sk1fk1fl1.tiff,r07c04f17p01-ch5sk1fk1fl1.tiff,r07c04f17p01-ch3sk1fk1fl1.tiff,r07c04f17p01-ch4sk1fk1fl1.tiff,G04_s17,1,high,,1_high,test
HepatoPAC Islands 20260413,G04,18,r07c04f18p01-ch1sk1fk1fl1.tiff,r07c04f18p01-ch6sk1fk1fl1.tiff,r07c04f18p01-ch2sk1fk1fl1.tiff,r07c04f18p01-ch5sk1fk1fl1.tiff,r07c04f18p01-ch3sk1fk1fl1.tiff,r07c04f18p01-ch4sk1fk1fl1.tiff,G04_s18,1,high,,1_high,test
HepatoPAC Islands 20260413,G04,19,r07c04f19p01-ch1sk1fk1fl1.tiff,r07c04f19p01-ch6sk1fk1fl1.tiff,r07c04f19p01-ch2sk1fk1fl1.tiff,r07c04f19p01-ch5sk1fk1fl1.tiff,r07c04f19p01-ch3sk1fk1fl1.tiff,r07c04f19p01-ch4sk1fk1fl1.tiff,G04_s19,1,high,,1_high,test
HepatoPAC Islands 20260413,G04,20,r07c04f20p01-ch1sk1fk1fl1.tiff,r07c04f20p01-ch6sk1fk1fl1.tiff,r07c04f20p01-ch2sk1fk1fl1.tiff,r07c04f20p01-ch5sk1fk1fl1.tiff,r07c04f20p01-ch3sk1fk1fl1.tiff,r07c04f20p01-ch4sk1fk1fl1.tiff,G04_s20,1,high,,1_high,test
HepatoPAC Islands 20260413,G04,21,r07c04f21p01-ch1sk1fk1fl1.tiff,r07c04f21p01-ch6sk1fk1fl1.tiff,r07c04f21p01-ch2sk1fk1fl1.tiff,r07c04f21p01-ch5sk1fk1fl1.tiff,r07c04f21p01-ch3sk1fk1fl1.tiff,r07c04f21p01-ch4sk1fk1fl1.tiff,G04_s21,1,high,,1_high,test
HepatoPAC Islands 20260413,G04,22,r07c04f22p01-ch1sk1fk1fl1.tiff,r07c04f22p01-ch6sk1fk1fl1.tiff,r07c04f22p01-ch2sk1fk1fl1.tiff,r07c04f22p01-ch5sk1fk1fl1.tiff,r07c04f22p01-ch3sk1fk1fl1.tiff,r07c04f22p01-ch4sk1fk1fl1.tiff,G04_s22,1,high,,1_high,test
HepatoPAC Islands 20260413,G04,23,r07c04f23p01-ch1sk1fk1fl1.tiff,r07c04f23p01-ch6sk1fk1fl1.tiff,r07c04f23p01-ch2sk1fk1fl1.tiff,r07c04f23p01-ch5sk1fk1fl1.tiff,r07c04f23p01-ch3sk1fk1fl1.tiff,r07c04f23p01-ch4sk1fk1fl1.tiff,G04_s23,1,high,,1_high,test
HepatoPAC Islands 20260413,G04,24,r07c04f24p01-ch1sk1fk1fl1.tiff,r07c04f24p01-ch6sk1fk1fl1.tiff,r07c04f24p01-ch2sk1fk1fl1.tiff,r07c04f24p01-ch5sk1fk1fl1.tiff,r07c04f24p01-ch3sk1fk1fl1.tiff,r07c04f24p01-ch4sk1fk1fl1.tiff,G04_s24,1,high,,1_high,test
HepatoPAC Islands 20260413,G04,25,r07c04f25p01-ch1sk1fk1fl1.tiff,r07c04f25p01-ch6sk1fk1fl1.tiff,r07c04f25p01-ch2sk1fk1fl1.tiff,r07c04f25p01-ch5sk1fk1fl1.tiff,r07c04f25p01-ch3sk1fk1fl1.tiff,r07c04f25p01-ch4sk1fk1fl1.tiff,G04_s25,1,high,,1_high,test
HepatoPAC Islands 20260413,G04,26,r07c04f26p01-ch1sk1fk1fl1.tiff,r07c04f26p01-ch6sk1fk1fl1.tiff,r07c04f26p01-ch2sk1fk1fl1.tiff,r07c04f26p01-ch5sk1fk1fl1.tiff,r07c04f26p01-ch3sk1fk1fl1.tiff,r07c04f26p01-ch4sk1fk1fl1.tiff,G04_s26,1,high,,1_high,test
HepatoPAC Islands 20260413,G04,27,r07c04f27p01-ch1sk1fk1fl1.tiff,r07c04f27p01-ch6sk1fk1fl1.tiff,r07c04f27p01-ch2sk1fk1fl1.tiff,r07c04f27p01-ch5sk1fk1fl1.tiff,r07c04f27p01-ch3sk1fk1fl1.tiff,r07c04f27p01-ch4sk1fk1fl1.tiff,G04_s27,1,high,,1_high,test
HepatoPAC Islands 20260413,G04,28,r07c04f28p01-ch1sk1fk1fl1.tiff,r07c04f28p01-ch6sk1fk1fl1.tiff,r07c04f28p01-ch2sk1fk1fl1.tiff,r07c04f28p01-ch5sk1fk1fl1.tiff,r07c04f28p01-ch3sk1fk1fl1.tiff,r07c04f28p01-ch4sk1fk1fl1.tiff,G04_s28,1,high,,1_high,test
HepatoPAC Islands 20260413,G04,29,r07c04f29p01-ch1sk1fk1fl1.tiff,r07c04f29p01-ch6sk1fk1fl1.tiff,r07c04f29p01-ch2sk1fk1fl1.tiff,r07c04f29p01-ch5sk1fk1fl1.tiff,r07c04f29p01-ch3sk1fk1fl1.tiff,r07c04f29p01-ch4sk1fk1fl1.tiff,G04_s29,1,high,,1_high,test
HepatoPAC Islands 20260413,G04,30,r07c04f30p01-ch1sk1fk1fl1.tiff,r07c04f30p01-ch6sk1fk1fl1.tiff,r07c04f30p01-ch2sk1fk1fl1.tiff,r07c04f30p01-ch5sk1fk1fl1.tiff,r07c04f30p01-ch3sk1fk1fl1.tiff,r07c04f30p01-ch4sk1fk1fl1.tiff,G04_s30,1,high,,1_high,test
HepatoPAC Islands 20260413,G04,31,r07c04f31p01-ch1sk1fk1fl1.tiff,r07c04f31p01-ch6sk1fk1fl1.tiff,r07c04f31p01-ch2sk1fk1fl1.tiff,r07c04f31p01-ch5sk1fk1fl1.tiff,r07c04f31p01-ch3sk1fk1fl1.tiff,r07c04f31p01-ch4sk1fk1fl1.tiff,G04_s31,1,high,,1_high,test
HepatoPAC Islands 20260413,G04,32,r07c04f32p01-ch1sk1fk1fl1.tiff,r07c04f32p01-ch6sk1fk1fl1.tiff,r07c04f32p01-ch2sk1fk1fl1.tiff,r07c04f32p01-ch5sk1fk1fl1.tiff,r07c04f32p01-ch3sk1fk1fl1.tiff,r07c04f32p01-ch4sk1fk1fl1.tiff,G04_s32,1,high,,1_high,test
HepatoPAC Islands 20260413,G04,33,r07c04f33p01-ch1sk1fk1fl1.tiff,r07c04f33p01-ch6sk1fk1fl1.tiff,r07c04f33p01-ch2sk1fk1fl1.tiff,r07c04f33p01-ch5sk1fk1fl1.tiff,r07c04f33p01-ch3sk1fk1fl1.tiff,r07c04f33p01-ch4sk1fk1fl1.tiff,G04_s33,1,high,,1_high,test
HepatoPAC Islands 20260413,G04,34,r07c04f34p01-ch1sk1fk1fl1.tiff,r07c04f34p01-ch6sk1fk1fl1.tiff,r07c04f34p01-ch2sk1fk1fl1.tiff,r07c04f34p01-ch5sk1fk1fl1.tiff,r07c04f34p01-ch3sk1fk1fl1.tiff,r07c04f34p01-ch4sk1fk1fl1.tiff,G04_s34,1,high,,1_high,test
HepatoPAC Islands 20260413,G04,35,r07c04f35p01-ch1sk1fk1fl1.tiff,r07c04f35p01-ch6sk1fk1fl1.tiff,r07c04f35p01-ch2sk1fk1fl1.tiff,r07c04f35p01-ch5sk1fk1fl1.tiff,r07c04f35p01-ch3sk1fk1fl1.tiff,r07c04f35p01-ch4sk1fk1fl1.tiff,G04_s35,1,high,,1_high,test
HepatoPAC Islands 20260413,G04,36,r07c04f36p01-ch1sk1fk1fl1.tiff,r07c04f36p01-ch6sk1fk1fl1.tiff,r07c04f36p01-ch2sk1fk1fl1.tiff,r07c04f36p01-ch5sk1fk1fl1.tiff,r07c04f36p01-ch3sk1fk1fl1.tiff,r07c04f36p01-ch4sk1fk1fl1.tiff,G04_s36,1,high,,1_high,test
HepatoPAC Islands 20260413,G04,37,r07c04f37p01-ch1sk1fk1fl1.tiff,r07c04f37p01-ch6sk1fk1fl1.tiff,r07c04f37p01-ch2sk1fk1fl1.tiff,r07c04f37p01-ch5sk1fk1fl1.tiff,r07c04f37p01-ch3sk1fk1fl1.tiff,r07c04f37p01-ch4sk1fk1fl1.tiff,G04_s37,1,high,,1_high,test
HepatoPAC Islands 20260413,G04,38,r07c04f38p01-ch1sk1fk1fl1.tiff,r07c04f38p01-ch6sk1fk1fl1.tiff,r07c04f38p01-ch2sk1fk1fl1.tiff,r07c04f38p01-ch5sk1fk1fl1.tiff,r07c04f38p01-ch3sk1fk1fl1.tiff,r07c04f38p01-ch4sk1fk1fl1.tiff,G04_s38,1,high,,1_high,test
HepatoPAC Islands 20260413,G04,39,r07c04f39p01-ch1sk1fk1fl1.tiff,r07c04f39p01-ch6sk1fk1fl1.tiff,r07c04f39p01-ch2sk1fk1fl1.tiff,r07c04f39p01-ch5sk1fk1fl1.tiff,r07c04f39p01-ch3sk1fk1fl1.tiff,r07c04f39p01-ch4sk1fk1fl1.tiff,G04_s39,1,high,,1_high,test
HepatoPAC Islands 20260413,G04,40,r07c04f40p01-ch1sk1fk1fl1.tiff,r07c04f40p01-ch6sk1fk1fl1.tiff,r07c04f40p01-ch2sk1fk1fl1.tiff,r07c04f40p01-ch5sk1fk1fl1.tiff,r07c04f40p01-ch3sk1fk1fl1.tiff,r07c04f40p01-ch4sk1fk1fl1.tiff,G04_s40,1,high,,1_high,test
HepatoPAC Islands 20260413,G04,41,r07c04f41p01-ch1sk1fk1fl1.tiff,r07c04f41p01-ch6sk1fk1fl1.tiff,r07c04f41p01-ch2sk1fk1fl1.tiff,r07c04f41p01-ch5sk1fk1fl1.tiff,r07c04f41p01-ch3sk1fk1fl1.tiff,r07c04f41p01-ch4sk1fk1fl1.tiff,G04_s41,1,high,,1_high,test
HepatoPAC Islands 20260413,G04,42,r07c04f42p01-ch1sk1fk1fl1.tiff,r07c04f42p01-ch6sk1fk1fl1.tiff,r07c04f42p01-ch2sk1fk1fl1.tiff,r07c04f42p01-ch5sk1fk1fl1.tiff,r07c04f42p01-ch3sk1fk1fl1.tiff,r07c04f42p01-ch4sk1fk1fl1.tiff,G04_s42,1,high,,1_high,test
HepatoPAC Islands 20260413,G04,43,r07c04f43p01-ch1sk1fk1fl1.tiff,r07c04f43p01-ch6sk1fk1fl1.tiff,r07c04f43p01-ch2sk1fk1fl1.tiff,r07c04f43p01-ch5sk1fk1fl1.tiff,r07c04f43p01-ch3sk1fk1fl1.tiff,r07c04f43p01-ch4sk1fk1fl1.tiff,G04_s43,1,high,,1_high,test
HepatoPAC Islands 20260413,G04,44,r07c04f44p01-ch1sk1fk1fl1.tiff,r07c04f44p01-ch6sk1fk1fl1.tiff,r07c04f44p01-ch2sk1fk1fl1.tiff,r07c04f44p01-ch5sk1fk1fl1.tiff,r07c04f44p01-ch3sk1fk1fl1.tiff,r07c04f44p01-ch4sk1fk1fl1.tiff,G04_s44,1,high,,1_high,test
HepatoPAC Islands 20260413,G04,45,r07c04f45p01-ch1sk1fk1fl1.tiff,r07c04f45p01-ch6sk1fk1fl1.tiff,r07c04f45p01-ch2sk1fk1fl1.tiff,r07c04f45p01-ch5sk1fk1fl1.tiff,r07c04f45p01-ch3sk1fk1fl1.tiff,r07c04f45p01-ch4sk1fk1fl1.tiff,G04_s45,1,high,,1_high,test
HepatoPAC Islands 20260413,G04,46,r07c04f46p01-ch1sk1fk1fl1.tiff,r07c04f46p01-ch6sk1fk1fl1.tiff,r07c04f46p01-ch2sk1fk1fl1.tiff,r07c04f46p01-ch5sk1fk1fl1.tiff,r07c04f46p01-ch3sk1fk1fl1.tiff,r07c04f46p01-ch4sk1fk1fl1.tiff,G04_s46,1,high,,1_high,test
HepatoPAC Islands 20260413,G04,47,r07c04f47p01-ch1sk1fk1fl1.tiff,r07c04f47p01-ch6sk1fk1fl1.tiff,r07c04f47p01-ch2sk1fk1fl1.tiff,r07c04f47p01-ch5sk1fk1fl1.tiff,r07c04f47p01-ch3sk1fk1fl1.tiff,r07c04f47p01-ch4sk1fk1fl1.tiff,G04_s47,1,high,,1_high,test
HepatoPAC Islands 20260413,G04,48,r07c04f48p01-ch1sk1fk1fl1.tiff,r07c04f48p01-ch6sk1fk1fl1.tiff,r07c04f48p01-ch2sk1fk1fl1.tiff,r07c04f48p01-ch5sk1fk1fl1.tiff,r07c04f48p01-ch3sk1fk1fl1.tiff,r07c04f48p01-ch4sk1fk1fl1.tiff,G04_s48,1,high,,1_high,test
HepatoPAC Islands 20260413,G04,49,r07c04f49p01-ch1sk1fk1fl1.tiff,r07c04f49p01-ch6sk1fk1fl1.tiff,r07c04f49p01-ch2sk1fk1fl1.tiff,r07c04f49p01-ch5sk1fk1fl1.tiff,r07c04f49p01-ch3sk1fk1fl1.tiff,r07c04f49p01-ch4sk1fk1fl1.tiff,G04_s49,1,high,,1_high,test
HepatoPAC Islands 20260413,G05,1,r07c05f01p01-ch1sk1fk1fl1.tiff,r07c05f01p01-ch6sk1fk1fl1.tiff,r07c05f01p01-ch2sk1fk1fl1.tiff,r07c05f01p01-ch5sk1fk1fl1.tiff,r07c05f01p01-ch3sk1fk1fl1.tiff,r07c05f01p01-ch4sk1fk1fl1.tiff,G05_s01,2,high,,2_high,train
HepatoPAC Islands 20260413,G05,2,r07c05f02p01-ch1sk1fk1fl1.tiff,r07c05f02p01-ch6sk1fk1fl1.tiff,r07c05f02p01-ch2sk1fk1fl1.tiff,r07c05f02p01-ch5sk1fk1fl1.tiff,r07c05f02p01-ch3sk1fk1fl1.tiff,r07c05f02p01-ch4sk1fk1fl1.tiff,G05_s02,2,high,,2_high,train
HepatoPAC Islands 20260413,G05,3,r07c05f03p01-ch1sk1fk1fl1.tiff,r07c05f03p01-ch6sk1fk1fl1.tiff,r07c05f03p01-ch2sk1fk1fl1.tiff,r07c05f03p01-ch5sk1fk1fl1.tiff,r07c05f03p01-ch3sk1fk1fl1.tiff,r07c05f03p01-ch4sk1fk1fl1.tiff,G05_s03,2,high,,2_high,train
HepatoPAC Islands 20260413,G05,4,r07c05f04p01-ch1sk1fk1fl1.tiff,r07c05f04p01-ch6sk1fk1fl1.tiff,r07c05f04p01-ch2sk1fk1fl1.tiff,r07c05f04p01-ch5sk1fk1fl1.tiff,r07c05f04p01-ch3sk1fk1fl1.tiff,r07c05f04p01-ch4sk1fk1fl1.tiff,G05_s04,2,high,,2_high,train
HepatoPAC Islands 20260413,G05,5,r07c05f05p01-ch1sk1fk1fl1.tiff,r07c05f05p01-ch6sk1fk1fl1.tiff,r07c05f05p01-ch2sk1fk1fl1.tiff,r07c05f05p01-ch5sk1fk1fl1.tiff,r07c05f05p01-ch3sk1fk1fl1.tiff,r07c05f05p01-ch4sk1fk1fl1.tiff,G05_s05,2,high,,2_high,train
HepatoPAC Islands 20260413,G05,6,r07c05f06p01-ch1sk1fk1fl1.tiff,r07c05f06p01-ch6sk1fk1fl1.tiff,r07c05f06p01-ch2sk1fk1fl1.tiff,r07c05f06p01-ch5sk1fk1fl1.tiff,r07c05f06p01-ch3sk1fk1fl1.tiff,r07c05f06p01-ch4sk1fk1fl1.tiff,G05_s06,2,high,,2_high,train
HepatoPAC Islands 20260413,G05,7,r07c05f07p01-ch1sk1fk1fl1.tiff,r07c05f07p01-ch6sk1fk1fl1.tiff,r07c05f07p01-ch2sk1fk1fl1.tiff,r07c05f07p01-ch5sk1fk1fl1.tiff,r07c05f07p01-ch3sk1fk1fl1.tiff,r07c05f07p01-ch4sk1fk1fl1.tiff,G05_s07,2,high,,2_high,train
HepatoPAC Islands 20260413,G05,8,r07c05f08p01-ch1sk1fk1fl1.tiff,r07c05f08p01-ch6sk1fk1fl1.tiff,r07c05f08p01-ch2sk1fk1fl1.tiff,r07c05f08p01-ch5sk1fk1fl1.tiff,r07c05f08p01-ch3sk1fk1fl1.tiff,r07c05f08p01-ch4sk1fk1fl1.tiff,G05_s08,2,high,,2_high,train
HepatoPAC Islands 20260413,G05,9,r07c05f09p01-ch1sk1fk1fl1.tiff,r07c05f09p01-ch6sk1fk1fl1.tiff,r07c05f09p01-ch2sk1fk1fl1.tiff,r07c05f09p01-ch5sk1fk1fl1.tiff,r07c05f09p01-ch3sk1fk1fl1.tiff,r07c05f09p01-ch4sk1fk1fl1.tiff,G05_s09,2,high,,2_high,train
HepatoPAC Islands 20260413,G05,10,r07c05f10p01-ch1sk1fk1fl1.tiff,r07c05f10p01-ch6sk1fk1fl1.tiff,r07c05f10p01-ch2sk1fk1fl1.tiff,r07c05f10p01-ch5sk1fk1fl1.tiff,r07c05f10p01-ch3sk1fk1fl1.tiff,r07c05f10p01-ch4sk1fk1fl1.tiff,G05_s10,2,high,,2_high,train
HepatoPAC Islands 20260413,G05,11,r07c05f11p01-ch1sk1fk1fl1.tiff,r07c05f11p01-ch6sk1fk1fl1.tiff,r07c05f11p01-ch2sk1fk1fl1.tiff,r07c05f11p01-ch5sk1fk1fl1.tiff,r07c05f11p01-ch3sk1fk1fl1.tiff,r07c05f11p01-ch4sk1fk1fl1.tiff,G05_s11,2,high,,2_high,train
HepatoPAC Islands 20260413,G05,12,r07c05f12p01-ch1sk1fk1fl1.tiff,r07c05f12p01-ch6sk1fk1fl1.tiff,r07c05f12p01-ch2sk1fk1fl1.tiff,r07c05f12p01-ch5sk1fk1fl1.tiff,r07c05f12p01-ch3sk1fk1fl1.tiff,r07c05f12p01-ch4sk1fk1fl1.tiff,G05_s12,2,high,,2_high,train
HepatoPAC Islands 20260413,G05,13,r07c05f13p01-ch1sk1fk1fl1.tiff,r07c05f13p01-ch6sk1fk1fl1.tiff,r07c05f13p01-ch2sk1fk1fl1.tiff,r07c05f13p01-ch5sk1fk1fl1.tiff,r07c05f13p01-ch3sk1fk1fl1.tiff,r07c05f13p01-ch4sk1fk1fl1.tiff,G05_s13,2,high,,2_high,train
HepatoPAC Islands 20260413,G05,14,r07c05f14p01-ch1sk1fk1fl1.tiff,r07c05f14p01-ch6sk1fk1fl1.tiff,r07c05f14p01-ch2sk1fk1fl1.tiff,r07c05f14p01-ch5sk1fk1fl1.tiff,r07c05f14p01-ch3sk1fk1fl1.tiff,r07c05f14p01-ch4sk1fk1fl1.tiff,G05_s14,2,high,,2_high,train
HepatoPAC Islands 20260413,G05,15,r07c05f15p01-ch1sk1fk1fl1.tiff,r07c05f15p01-ch6sk1fk1fl1.tiff,r07c05f15p01-ch2sk1fk1fl1.tiff,r07c05f15p01-ch5sk1fk1fl1.tiff,r07c05f15p01-ch3sk1fk1fl1.tiff,r07c05f15p01-ch4sk1fk1fl1.tiff,G05_s15,2,high,,2_high,train
HepatoPAC Islands 20260413,G05,16,r07c05f16p01-ch1sk1fk1fl1.tiff,r07c05f16p01-ch6sk1fk1fl1.tiff,r07c05f16p01-ch2sk1fk1fl1.tiff,r07c05f16p01-ch5sk1fk1fl1.tiff,r07c05f16p01-ch3sk1fk1fl1.tiff,r07c05f16p01-ch4sk1fk1fl1.tiff,G05_s16,2,high,,2_high,train
HepatoPAC Islands 20260413,G05,17,r07c05f17p01-ch1sk1fk1fl1.tiff,r07c05f17p01-ch6sk1fk1fl1.tiff,r07c05f17p01-ch2sk1fk1fl1.tiff,r07c05f17p01-ch5sk1fk1fl1.tiff,r07c05f17p01-ch3sk1fk1fl1.tiff,r07c05f17p01-ch4sk1fk1fl1.tiff,G05_s17,2,high,,2_high,train
HepatoPAC Islands 20260413,G05,18,r07c05f18p01-ch1sk1fk1fl1.tiff,r07c05f18p01-ch6sk1fk1fl1.tiff,r07c05f18p01-ch2sk1fk1fl1.tiff,r07c05f18p01-ch5sk1fk1fl1.tiff,r07c05f18p01-ch3sk1fk1fl1.tiff,r07c05f18p01-ch4sk1fk1fl1.tiff,G05_s18,2,high,,2_high,train
HepatoPAC Islands 20260413,G05,19,r07c05f19p01-ch1sk1fk1fl1.tiff,r07c05f19p01-ch6sk1fk1fl1.tiff,r07c05f19p01-ch2sk1fk1fl1.tiff,r07c05f19p01-ch5sk1fk1fl1.tiff,r07c05f19p01-ch3sk1fk1fl1.tiff,r07c05f19p01-ch4sk1fk1fl1.tiff,G05_s19,2,high,,2_high,train
HepatoPAC Islands 20260413,G05,20,r07c05f20p01-ch1sk1fk1fl1.tiff,r07c05f20p01-ch6sk1fk1fl1.tiff,r07c05f20p01-ch2sk1fk1fl1.tiff,r07c05f20p01-ch5sk1fk1fl1.tiff,r07c05f20p01-ch3sk1fk1fl1.tiff,r07c05f20p01-ch4sk1fk1fl1.tiff,G05_s20,2,high,,2_high,train
HepatoPAC Islands 20260413,G05,21,r07c05f21p01-ch1sk1fk1fl1.tiff,r07c05f21p01-ch6sk1fk1fl1.tiff,r07c05f21p01-ch2sk1fk1fl1.tiff,r07c05f21p01-ch5sk1fk1fl1.tiff,r07c05f21p01-ch3sk1fk1fl1.tiff,r07c05f21p01-ch4sk1fk1fl1.tiff,G05_s21,2,high,,2_high,train
HepatoPAC Islands 20260413,G05,22,r07c05f22p01-ch1sk1fk1fl1.tiff,r07c05f22p01-ch6sk1fk1fl1.tiff,r07c05f22p01-ch2sk1fk1fl1.tiff,r07c05f22p01-ch5sk1fk1fl1.tiff,r07c05f22p01-ch3sk1fk1fl1.tiff,r07c05f22p01-ch4sk1fk1fl1.tiff,G05_s22,2,high,,2_high,train
HepatoPAC Islands 20260413,G05,23,r07c05f23p01-ch1sk1fk1fl1.tiff,r07c05f23p01-ch6sk1fk1fl1.tiff,r07c05f23p01-ch2sk1fk1fl1.tiff,r07c05f23p01-ch5sk1fk1fl1.tiff,r07c05f23p01-ch3sk1fk1fl1.tiff,r07c05f23p01-ch4sk1fk1fl1.tiff,G05_s23,2,high,,2_high,train
HepatoPAC Islands 20260413,G05,24,r07c05f24p01-ch1sk1fk1fl1.tiff,r07c05f24p01-ch6sk1fk1fl1.tiff,r07c05f24p01-ch2sk1fk1fl1.tiff,r07c05f24p01-ch5sk1fk1fl1.tiff,r07c05f24p01-ch3sk1fk1fl1.tiff,r07c05f24p01-ch4sk1fk1fl1.tiff,G05_s24,2,high,,2_high,train
HepatoPAC Islands 20260413,G05,25,r07c05f25p01-ch1sk1fk1fl1.tiff,r07c05f25p01-ch6sk1fk1fl1.tiff,r07c05f25p01-ch2sk1fk1fl1.tiff,r07c05f25p01-ch5sk1fk1fl1.tiff,r07c05f25p01-ch3sk1fk1fl1.tiff,r07c05f25p01-ch4sk1fk1fl1.tiff,G05_s25,2,high,,2_high,train
HepatoPAC Islands 20260413,G05,26,r07c05f26p01-ch1sk1fk1fl1.tiff,r07c05f26p01-ch6sk1fk1fl1.tiff,r07c05f26p01-ch2sk1fk1fl1.tiff,r07c05f26p01-ch5sk1fk1fl1.tiff,r07c05f26p01-ch3sk1fk1fl1.tiff,r07c05f26p01-ch4sk1fk1fl1.tiff,G05_s26,2,high,,2_high,train
HepatoPAC Islands 20260413,G05,27,r07c05f27p01-ch1sk1fk1fl1.tiff,r07c05f27p01-ch6sk1fk1fl1.tiff,r07c05f27p01-ch2sk1fk1fl1.tiff,r07c05f27p01-ch5sk1fk1fl1.tiff,r07c05f27p01-ch3sk1fk1fl1.tiff,r07c05f27p01-ch4sk1fk1fl1.tiff,G05_s27,2,high,,2_high,train
HepatoPAC Islands 20260413,G05,28,r07c05f28p01-ch1sk1fk1fl1.tiff,r07c05f28p01-ch6sk1fk1fl1.tiff,r07c05f28p01-ch2sk1fk1fl1.tiff,r07c05f28p01-ch5sk1fk1fl1.tiff,r07c05f28p01-ch3sk1fk1fl1.tiff,r07c05f28p01-ch4sk1fk1fl1.tiff,G05_s28,2,high,,2_high,train
HepatoPAC Islands 20260413,G05,29,r07c05f29p01-ch1sk1fk1fl1.tiff,r07c05f29p01-ch6sk1fk1fl1.tiff,r07c05f29p01-ch2sk1fk1fl1.tiff,r07c05f29p01-ch5sk1fk1fl1.tiff,r07c05f29p01-ch3sk1fk1fl1.tiff,r07c05f29p01-ch4sk1fk1fl1.tiff,G05_s29,2,high,,2_high,train
HepatoPAC Islands 20260413,G05,30,r07c05f30p01-ch1sk1fk1fl1.tiff,r07c05f30p01-ch6sk1fk1fl1.tiff,r07c05f30p01-ch2sk1fk1fl1.tiff,r07c05f30p01-ch5sk1fk1fl1.tiff,r07c05f30p01-ch3sk1fk1fl1.tiff,r07c05f30p01-ch4sk1fk1fl1.tiff,G05_s30,2,high,,2_high,train
HepatoPAC Islands 20260413,G05,31,r07c05f31p01-ch1sk1fk1fl1.tiff,r07c05f31p01-ch6sk1fk1fl1.tiff,r07c05f31p01-ch2sk1fk1fl1.tiff,r07c05f31p01-ch5sk1fk1fl1.tiff,r07c05f31p01-ch3sk1fk1fl1.tiff,r07c05f31p01-ch4sk1fk1fl1.tiff,G05_s31,2,high,,2_high,train
HepatoPAC Islands 20260413,G05,32,r07c05f32p01-ch1sk1fk1fl1.tiff,r07c05f32p01-ch6sk1fk1fl1.tiff,r07c05f32p01-ch2sk1fk1fl1.tiff,r07c05f32p01-ch5sk1fk1fl1.tiff,r07c05f32p01-ch3sk1fk1fl1.tiff,r07c05f32p01-ch4sk1fk1fl1.tiff,G05_s32,2,high,,2_high,train
HepatoPAC Islands 20260413,G05,33,r07c05f33p01-ch1sk1fk1fl1.tiff,r07c05f33p01-ch6sk1fk1fl1.tiff,r07c05f33p01-ch2sk1fk1fl1.tiff,r07c05f33p01-ch5sk1fk1fl1.tiff,r07c05f33p01-ch3sk1fk1fl1.tiff,r07c05f33p01-ch4sk1fk1fl1.tiff,G05_s33,2,high,,2_high,train
HepatoPAC Islands 20260413,G05,34,r07c05f34p01-ch1sk1fk1fl1.tiff,r07c05f34p01-ch6sk1fk1fl1.tiff,r07c05f34p01-ch2sk1fk1fl1.tiff,r07c05f34p01-ch5sk1fk1fl1.tiff,r07c05f34p01-ch3sk1fk1fl1.tiff,r07c05f34p01-ch4sk1fk1fl1.tiff,G05_s34,2,high,,2_high,train
HepatoPAC Islands 20260413,G05,35,r07c05f35p01-ch1sk1fk1fl1.tiff,r07c05f35p01-ch6sk1fk1fl1.tiff,r07c05f35p01-ch2sk1fk1fl1.tiff,r07c05f35p01-ch5sk1fk1fl1.tiff,r07c05f35p01-ch3sk1fk1fl1.tiff,r07c05f35p01-ch4sk1fk1fl1.tiff,G05_s35,2,high,,2_high,train
HepatoPAC Islands 20260413,G05,36,r07c05f36p01-ch1sk1fk1fl1.tiff,r07c05f36p01-ch6sk1fk1fl1.tiff,r07c05f36p01-ch2sk1fk1fl1.tiff,r07c05f36p01-ch5sk1fk1fl1.tiff,r07c05f36p01-ch3sk1fk1fl1.tiff,r07c05f36p01-ch4sk1fk1fl1.tiff,G05_s36,2,high,,2_high,train
HepatoPAC Islands 20260413,G05,37,r07c05f37p01-ch1sk1fk1fl1.tiff,r07c05f37p01-ch6sk1fk1fl1.tiff,r07c05f37p01-ch2sk1fk1fl1.tiff,r07c05f37p01-ch5sk1fk1fl1.tiff,r07c05f37p01-ch3sk1fk1fl1.tiff,r07c05f37p01-ch4sk1fk1fl1.tiff,G05_s37,2,high,,2_high,train
HepatoPAC Islands 20260413,G05,38,r07c05f38p01-ch1sk1fk1fl1.tiff,r07c05f38p01-ch6sk1fk1fl1.tiff,r07c05f38p01-ch2sk1fk1fl1.tiff,r07c05f38p01-ch5sk1fk1fl1.tiff,r07c05f38p01-ch3sk1fk1fl1.tiff,r07c05f38p01-ch4sk1fk1fl1.tiff,G05_s38,2,high,,2_high,train
HepatoPAC Islands 20260413,G05,39,r07c05f39p01-ch1sk1fk1fl1.tiff,r07c05f39p01-ch6sk1fk1fl1.tiff,r07c05f39p01-ch2sk1fk1fl1.tiff,r07c05f39p01-ch5sk1fk1fl1.tiff,r07c05f39p01-ch3sk1fk1fl1.tiff,r07c05f39p01-ch4sk1fk1fl1.tiff,G05_s39,2,high,,2_high,train
HepatoPAC Islands 20260413,G05,40,r07c05f40p01-ch1sk1fk1fl1.tiff,r07c05f40p01-ch6sk1fk1fl1.tiff,r07c05f40p01-ch2sk1fk1fl1.tiff,r07c05f40p01-ch5sk1fk1fl1.tiff,r07c05f40p01-ch3sk1fk1fl1.tiff,r07c05f40p01-ch4sk1fk1fl1.tiff,G05_s40,2,high,,2_high,train
HepatoPAC Islands 20260413,G05,41,r07c05f41p01-ch1sk1fk1fl1.tiff,r07c05f41p01-ch6sk1fk1fl1.tiff,r07c05f41p01-ch2sk1fk1fl1.tiff,r07c05f41p01-ch5sk1fk1fl1.tiff,r07c05f41p01-ch3sk1fk1fl1.tiff,r07c05f41p01-ch4sk1fk1fl1.tiff,G05_s41,2,high,,2_high,train
HepatoPAC Islands 20260413,G05,42,r07c05f42p01-ch1sk1fk1fl1.tiff,r07c05f42p01-ch6sk1fk1fl1.tiff,r07c05f42p01-ch2sk1fk1fl1.tiff,r07c05f42p01-ch5sk1fk1fl1.tiff,r07c05f42p01-ch3sk1fk1fl1.tiff,r07c05f42p01-ch4sk1fk1fl1.tiff,G05_s42,2,high,,2_high,train
HepatoPAC Islands 20260413,G05,43,r07c05f43p01-ch1sk1fk1fl1.tiff,r07c05f43p01-ch6sk1fk1fl1.tiff,r07c05f43p01-ch2sk1fk1fl1.tiff,r07c05f43p01-ch5sk1fk1fl1.tiff,r07c05f43p01-ch3sk1fk1fl1.tiff,r07c05f43p01-ch4sk1fk1fl1.tiff,G05_s43,2,high,,2_high,train
HepatoPAC Islands 20260413,G05,44,r07c05f44p01-ch1sk1fk1fl1.tiff,r07c05f44p01-ch6sk1fk1fl1.tiff,r07c05f44p01-ch2sk1fk1fl1.tiff,r07c05f44p01-ch5sk1fk1fl1.tiff,r07c05f44p01-ch3sk1fk1fl1.tiff,r07c05f44p01-ch4sk1fk1fl1.tiff,G05_s44,2,high,,2_high,train
HepatoPAC Islands 20260413,G05,45,r07c05f45p01-ch1sk1fk1fl1.tiff,r07c05f45p01-ch6sk1fk1fl1.tiff,r07c05f45p01-ch2sk1fk1fl1.tiff,r07c05f45p01-ch5sk1fk1fl1.tiff,r07c05f45p01-ch3sk1fk1fl1.tiff,r07c05f45p01-ch4sk1fk1fl1.tiff,G05_s45,2,high,,2_high,train
HepatoPAC Islands 20260413,G05,46,r07c05f46p01-ch1sk1fk1fl1.tiff,r07c05f46p01-ch6sk1fk1fl1.tiff,r07c05f46p01-ch2sk1fk1fl1.tiff,r07c05f46p01-ch5sk1fk1fl1.tiff,r07c05f46p01-ch3sk1fk1fl1.tiff,r07c05f46p01-ch4sk1fk1fl1.tiff,G05_s46,2,high,,2_high,train
HepatoPAC Islands 20260413,G05,47,r07c05f47p01-ch1sk1fk1fl1.tiff,r07c05f47p01-ch6sk1fk1fl1.tiff,r07c05f47p01-ch2sk1fk1fl1.tiff,r07c05f47p01-ch5sk1fk1fl1.tiff,r07c05f47p01-ch3sk1fk1fl1.tiff,r07c05f47p01-ch4sk1fk1fl1.tiff,G05_s47,2,high,,2_high,train
HepatoPAC Islands 20260413,G05,48,r07c05f48p01-ch1sk1fk1fl1.tiff,r07c05f48p01-ch6sk1fk1fl1.tiff,r07c05f48p01-ch2sk1fk1fl1.tiff,r07c05f48p01-ch5sk1fk1fl1.tiff,r07c05f48p01-ch3sk1fk1fl1.tiff,r07c05f48p01-ch4sk1fk1fl1.tiff,G05_s48,2,high,,2_high,train
HepatoPAC Islands 20260413,G05,49,r07c05f49p01-ch1sk1fk1fl1.tiff,r07c05f49p01-ch6sk1fk1fl1.tiff,r07c05f49p01-ch2sk1fk1fl1.tiff,r07c05f49p01-ch5sk1fk1fl1.tiff,r07c05f49p01-ch3sk1fk1fl1.tiff,r07c05f49p01-ch4sk1fk1fl1.tiff,G05_s49,2,high,,2_high,train
HepatoPAC Islands 20260413,G06,1,r07c06f01p01-ch1sk1fk1fl1.tiff,r07c06f01p01-ch6sk1fk1fl1.tiff,r07c06f01p01-ch2sk1fk1fl1.tiff,r07c06f01p01-ch5sk1fk1fl1.tiff,r07c06f01p01-ch3sk1fk1fl1.tiff,r07c06f01p01-ch4sk1fk1fl1.tiff,G06_s01,3,high,,3_high,test
HepatoPAC Islands 20260413,G06,2,r07c06f02p01-ch1sk1fk1fl1.tiff,r07c06f02p01-ch6sk1fk1fl1.tiff,r07c06f02p01-ch2sk1fk1fl1.tiff,r07c06f02p01-ch5sk1fk1fl1.tiff,r07c06f02p01-ch3sk1fk1fl1.tiff,r07c06f02p01-ch4sk1fk1fl1.tiff,G06_s02,3,high,,3_high,test
HepatoPAC Islands 20260413,G06,3,r07c06f03p01-ch1sk1fk1fl1.tiff,r07c06f03p01-ch6sk1fk1fl1.tiff,r07c06f03p01-ch2sk1fk1fl1.tiff,r07c06f03p01-ch5sk1fk1fl1.tiff,r07c06f03p01-ch3sk1fk1fl1.tiff,r07c06f03p01-ch4sk1fk1fl1.tiff,G06_s03,3,high,,3_high,test
HepatoPAC Islands 20260413,G06,4,r07c06f04p01-ch1sk1fk1fl1.tiff,r07c06f04p01-ch6sk1fk1fl1.tiff,r07c06f04p01-ch2sk1fk1fl1.tiff,r07c06f04p01-ch5sk1fk1fl1.tiff,r07c06f04p01-ch3sk1fk1fl1.tiff,r07c06f04p01-ch4sk1fk1fl1.tiff,G06_s04,3,high,,3_high,test
HepatoPAC Islands 20260413,G06,5,r07c06f05p01-ch1sk1fk1fl1.tiff,r07c06f05p01-ch6sk1fk1fl1.tiff,r07c06f05p01-ch2sk1fk1fl1.tiff,r07c06f05p01-ch5sk1fk1fl1.tiff,r07c06f05p01-ch3sk1fk1fl1.tiff,r07c06f05p01-ch4sk1fk1fl1.tiff,G06_s05,3,high,,3_high,test
HepatoPAC Islands 20260413,G06,6,r07c06f06p01-ch1sk1fk1fl1.tiff,r07c06f06p01-ch6sk1fk1fl1.tiff,r07c06f06p01-ch2sk1fk1fl1.tiff,r07c06f06p01-ch5sk1fk1fl1.tiff,r07c06f06p01-ch3sk1fk1fl1.tiff,r07c06f06p01-ch4sk1fk1fl1.tiff,G06_s06,3,high,,3_high,test
HepatoPAC Islands 20260413,G06,7,r07c06f07p01-ch1sk1fk1fl1.tiff,r07c06f07p01-ch6sk1fk1fl1.tiff,r07c06f07p01-ch2sk1fk1fl1.tiff,r07c06f07p01-ch5sk1fk1fl1.tiff,r07c06f07p01-ch3sk1fk1fl1.tiff,r07c06f07p01-ch4sk1fk1fl1.tiff,G06_s07,3,high,,3_high,test
HepatoPAC Islands 20260413,G06,8,r07c06f08p01-ch1sk1fk1fl1.tiff,r07c06f08p01-ch6sk1fk1fl1.tiff,r07c06f08p01-ch2sk1fk1fl1.tiff,r07c06f08p01-ch5sk1fk1fl1.tiff,r07c06f08p01-ch3sk1fk1fl1.tiff,r07c06f08p01-ch4sk1fk1fl1.tiff,G06_s08,3,high,,3_high,test
HepatoPAC Islands 20260413,G06,9,r07c06f09p01-ch1sk1fk1fl1.tiff,r07c06f09p01-ch6sk1fk1fl1.tiff,r07c06f09p01-ch2sk1fk1fl1.tiff,r07c06f09p01-ch5sk1fk1fl1.tiff,r07c06f09p01-ch3sk1fk1fl1.tiff,r07c06f09p01-ch4sk1fk1fl1.tiff,G06_s09,3,high,,3_high,test
HepatoPAC Islands 20260413,G06,10,r07c06f10p01-ch1sk1fk1fl1.tiff,r07c06f10p01-ch6sk1fk1fl1.tiff,r07c06f10p01-ch2sk1fk1fl1.tiff,r07c06f10p01-ch5sk1fk1fl1.tiff,r07c06f10p01-ch3sk1fk1fl1.tiff,r07c06f10p01-ch4sk1fk1fl1.tiff,G06_s10,3,high,,3_high,test
HepatoPAC Islands 20260413,G06,11,r07c06f11p01-ch1sk1fk1fl1.tiff,r07c06f11p01-ch6sk1fk1fl1.tiff,r07c06f11p01-ch2sk1fk1fl1.tiff,r07c06f11p01-ch5sk1fk1fl1.tiff,r07c06f11p01-ch3sk1fk1fl1.tiff,r07c06f11p01-ch4sk1fk1fl1.tiff,G06_s11,3,high,,3_high,test
HepatoPAC Islands 20260413,G06,12,r07c06f12p01-ch1sk1fk1fl1.tiff,r07c06f12p01-ch6sk1fk1fl1.tiff,r07c06f12p01-ch2sk1fk1fl1.tiff,r07c06f12p01-ch5sk1fk1fl1.tiff,r07c06f12p01-ch3sk1fk1fl1.tiff,r07c06f12p01-ch4sk1fk1fl1.tiff,G06_s12,3,high,,3_high,test
HepatoPAC Islands 20260413,G06,13,r07c06f13p01-ch1sk1fk1fl1.tiff,r07c06f13p01-ch6sk1fk1fl1.tiff,r07c06f13p01-ch2sk1fk1fl1.tiff,r07c06f13p01-ch5sk1fk1fl1.tiff,r07c06f13p01-ch3sk1fk1fl1.tiff,r07c06f13p01-ch4sk1fk1fl1.tiff,G06_s13,3,high,,3_high,test
HepatoPAC Islands 20260413,G06,14,r07c06f14p01-ch1sk1fk1fl1.tiff,r07c06f14p01-ch6sk1fk1fl1.tiff,r07c06f14p01-ch2sk1fk1fl1.tiff,r07c06f14p01-ch5sk1fk1fl1.tiff,r07c06f14p01-ch3sk1fk1fl1.tiff,r07c06f14p01-ch4sk1fk1fl1.tiff,G06_s14,3,high,,3_high,test
HepatoPAC Islands 20260413,G06,15,r07c06f15p01-ch1sk1fk1fl1.tiff,r07c06f15p01-ch6sk1fk1fl1.tiff,r07c06f15p01-ch2sk1fk1fl1.tiff,r07c06f15p01-ch5sk1fk1fl1.tiff,r07c06f15p01-ch3sk1fk1fl1.tiff,r07c06f15p01-ch4sk1fk1fl1.tiff,G06_s15,3,high,,3_high,test
HepatoPAC Islands 20260413,G06,16,r07c06f16p01-ch1sk1fk1fl1.tiff,r07c06f16p01-ch6sk1fk1fl1.tiff,r07c06f16p01-ch2sk1fk1fl1.tiff,r07c06f16p01-ch5sk1fk1fl1.tiff,r07c06f16p01-ch3sk1fk1fl1.tiff,r07c06f16p01-ch4sk1fk1fl1.tiff,G06_s16,3,high,,3_high,test
HepatoPAC Islands 20260413,G06,17,r07c06f17p01-ch1sk1fk1fl1.tiff,r07c06f17p01-ch6sk1fk1fl1.tiff,r07c06f17p01-ch2sk1fk1fl1.tiff,r07c06f17p01-ch5sk1fk1fl1.tiff,r07c06f17p01-ch3sk1fk1fl1.tiff,r07c06f17p01-ch4sk1fk1fl1.tiff,G06_s17,3,high,,3_high,test
HepatoPAC Islands 20260413,G06,18,r07c06f18p01-ch1sk1fk1fl1.tiff,r07c06f18p01-ch6sk1fk1fl1.tiff,r07c06f18p01-ch2sk1fk1fl1.tiff,r07c06f18p01-ch5sk1fk1fl1.tiff,r07c06f18p01-ch3sk1fk1fl1.tiff,r07c06f18p01-ch4sk1fk1fl1.tiff,G06_s18,3,high,,3_high,test
HepatoPAC Islands 20260413,G06,19,r07c06f19p01-ch1sk1fk1fl1.tiff,r07c06f19p01-ch6sk1fk1fl1.tiff,r07c06f19p01-ch2sk1fk1fl1.tiff,r07c06f19p01-ch5sk1fk1fl1.tiff,r07c06f19p01-ch3sk1fk1fl1.tiff,r07c06f19p01-ch4sk1fk1fl1.tiff,G06_s19,3,high,,3_high,test
HepatoPAC Islands 20260413,G06,20,r07c06f20p01-ch1sk1fk1fl1.tiff,r07c06f20p01-ch6sk1fk1fl1.tiff,r07c06f20p01-ch2sk1fk1fl1.tiff,r07c06f20p01-ch5sk1fk1fl1.tiff,r07c06f20p01-ch3sk1fk1fl1.tiff,r07c06f20p01-ch4sk1fk1fl1.tiff,G06_s20,3,high,,3_high,test
HepatoPAC Islands 20260413,G06,21,r07c06f21p01-ch1sk1fk1fl1.tiff,r07c06f21p01-ch6sk1fk1fl1.tiff,r07c06f21p01-ch2sk1fk1fl1.tiff,r07c06f21p01-ch5sk1fk1fl1.tiff,r07c06f21p01-ch3sk1fk1fl1.tiff,r07c06f21p01-ch4sk1fk1fl1.tiff,G06_s21,3,high,,3_high,test
HepatoPAC Islands 20260413,G06,22,r07c06f22p01-ch1sk1fk1fl1.tiff,r07c06f22p01-ch6sk1fk1fl1.tiff,r07c06f22p01-ch2sk1fk1fl1.tiff,r07c06f22p01-ch5sk1fk1fl1.tiff,r07c06f22p01-ch3sk1fk1fl1.tiff,r07c06f22p01-ch4sk1fk1fl1.tiff,G06_s22,3,high,,3_high,test
HepatoPAC Islands 20260413,G06,23,r07c06f23p01-ch1sk1fk1fl1.tiff,r07c06f23p01-ch6sk1fk1fl1.tiff,r07c06f23p01-ch2sk1fk1fl1.tiff,r07c06f23p01-ch5sk1fk1fl1.tiff,r07c06f23p01-ch3sk1fk1fl1.tiff,r07c06f23p01-ch4sk1fk1fl1.tiff,G06_s23,3,high,,3_high,test
HepatoPAC Islands 20260413,G06,24,r07c06f24p01-ch1sk1fk1fl1.tiff,r07c06f24p01-ch6sk1fk1fl1.tiff,r07c06f24p01-ch2sk1fk1fl1.tiff,r07c06f24p01-ch5sk1fk1fl1.tiff,r07c06f24p01-ch3sk1fk1fl1.tiff,r07c06f24p01-ch4sk1fk1fl1.tiff,G06_s24,3,high,,3_high,test
HepatoPAC Islands 20260413,G06,25,r07c06f25p01-ch1sk1fk1fl1.tiff,r07c06f25p01-ch6sk1fk1fl1.tiff,r07c06f25p01-ch2sk1fk1fl1.tiff,r07c06f25p01-ch5sk1fk1fl1.tiff,r07c06f25p01-ch3sk1fk1fl1.tiff,r07c06f25p01-ch4sk1fk1fl1.tiff,G06_s25,3,high,,3_high,test
HepatoPAC Islands 20260413,G06,26,r07c06f26p01-ch1sk1fk1fl1.tiff,r07c06f26p01-ch6sk1fk1fl1.tiff,r07c06f26p01-ch2sk1fk1fl1.tiff,r07c06f26p01-ch5sk1fk1fl1.tiff,r07c06f26p01-ch3sk1fk1fl1.tiff,r07c06f26p01-ch4sk1fk1fl1.tiff,G06_s26,3,high,,3_high,test
HepatoPAC Islands 20260413,G06,27,r07c06f27p01-ch1sk1fk1fl1.tiff,r07c06f27p01-ch6sk1fk1fl1.tiff,r07c06f27p01-ch2sk1fk1fl1.tiff,r07c06f27p01-ch5sk1fk1fl1.tiff,r07c06f27p01-ch3sk1fk1fl1.tiff,r07c06f27p01-ch4sk1fk1fl1.tiff,G06_s27,3,high,,3_high,test
HepatoPAC Islands 20260413,G06,28,r07c06f28p01-ch1sk1fk1fl1.tiff,r07c06f28p01-ch6sk1fk1fl1.tiff,r07c06f28p01-ch2sk1fk1fl1.tiff,r07c06f28p01-ch5sk1fk1fl1.tiff,r07c06f28p01-ch3sk1fk1fl1.tiff,r07c06f28p01-ch4sk1fk1fl1.tiff,G06_s28,3,high,,3_high,test
HepatoPAC Islands 20260413,G06,29,r07c06f29p01-ch1sk1fk1fl1.tiff,r07c06f29p01-ch6sk1fk1fl1.tiff,r07c06f29p01-ch2sk1fk1fl1.tiff,r07c06f29p01-ch5sk1fk1fl1.tiff,r07c06f29p01-ch3sk1fk1fl1.tiff,r07c06f29p01-ch4sk1fk1fl1.tiff,G06_s29,3,high,,3_high,test
HepatoPAC Islands 20260413,G06,30,r07c06f30p01-ch1sk1fk1fl1.tiff,r07c06f30p01-ch6sk1fk1fl1.tiff,r07c06f30p01-ch2sk1fk1fl1.tiff,r07c06f30p01-ch5sk1fk1fl1.tiff,r07c06f30p01-ch3sk1fk1fl1.tiff,r07c06f30p01-ch4sk1fk1fl1.tiff,G06_s30,3,high,,3_high,test
HepatoPAC Islands 20260413,G06,31,r07c06f31p01-ch1sk1fk1fl1.tiff,r07c06f31p01-ch6sk1fk1fl1.tiff,r07c06f31p01-ch2sk1fk1fl1.tiff,r07c06f31p01-ch5sk1fk1fl1.tiff,r07c06f31p01-ch3sk1fk1fl1.tiff,r07c06f31p01-ch4sk1fk1fl1.tiff,G06_s31,3,high,,3_high,test
HepatoPAC Islands 20260413,G06,32,r07c06f32p01-ch1sk1fk1fl1.tiff,r07c06f32p01-ch6sk1fk1fl1.tiff,r07c06f32p01-ch2sk1fk1fl1.tiff,r07c06f32p01-ch5sk1fk1fl1.tiff,r07c06f32p01-ch3sk1fk1fl1.tiff,r07c06f32p01-ch4sk1fk1fl1.tiff,G06_s32,3,high,,3_high,test
HepatoPAC Islands 20260413,G06,33,r07c06f33p01-ch1sk1fk1fl1.tiff,r07c06f33p01-ch6sk1fk1fl1.tiff,r07c06f33p01-ch2sk1fk1fl1.tiff,r07c06f33p01-ch5sk1fk1fl1.tiff,r07c06f33p01-ch3sk1fk1fl1.tiff,r07c06f33p01-ch4sk1fk1fl1.tiff,G06_s33,3,high,,3_high,test
HepatoPAC Islands 20260413,G06,34,r07c06f34p01-ch1sk1fk1fl1.tiff,r07c06f34p01-ch6sk1fk1fl1.tiff,r07c06f34p01-ch2sk1fk1fl1.tiff,r07c06f34p01-ch5sk1fk1fl1.tiff,r07c06f34p01-ch3sk1fk1fl1.tiff,r07c06f34p01-ch4sk1fk1fl1.tiff,G06_s34,3,high,,3_high,test
HepatoPAC Islands 20260413,G06,35,r07c06f35p01-ch1sk1fk1fl1.tiff,r07c06f35p01-ch6sk1fk1fl1.tiff,r07c06f35p01-ch2sk1fk1fl1.tiff,r07c06f35p01-ch5sk1fk1fl1.tiff,r07c06f35p01-ch3sk1fk1fl1.tiff,r07c06f35p01-ch4sk1fk1fl1.tiff,G06_s35,3,high,,3_high,test
HepatoPAC Islands 20260413,G06,36,r07c06f36p01-ch1sk1fk1fl1.tiff,r07c06f36p01-ch6sk1fk1fl1.tiff,r07c06f36p01-ch2sk1fk1fl1.tiff,r07c06f36p01-ch5sk1fk1fl1.tiff,r07c06f36p01-ch3sk1fk1fl1.tiff,r07c06f36p01-ch4sk1fk1fl1.tiff,G06_s36,3,high,,3_high,test
HepatoPAC Islands 20260413,G06,37,r07c06f37p01-ch1sk1fk1fl1.tiff,r07c06f37p01-ch6sk1fk1fl1.tiff,r07c06f37p01-ch2sk1fk1fl1.tiff,r07c06f37p01-ch5sk1fk1fl1.tiff,r07c06f37p01-ch3sk1fk1fl1.tiff,r07c06f37p01-ch4sk1fk1fl1.tiff,G06_s37,3,high,,3_high,test
HepatoPAC Islands 20260413,G06,38,r07c06f38p01-ch1sk1fk1fl1.tiff,r07c06f38p01-ch6sk1fk1fl1.tiff,r07c06f38p01-ch2sk1fk1fl1.tiff,r07c06f38p01-ch5sk1fk1fl1.tiff,r07c06f38p01-ch3sk1fk1fl1.tiff,r07c06f38p01-ch4sk1fk1fl1.tiff,G06_s38,3,high,,3_high,test
HepatoPAC Islands 20260413,G06,39,r07c06f39p01-ch1sk1fk1fl1.tiff,r07c06f39p01-ch6sk1fk1fl1.tiff,r07c06f39p01-ch2sk1fk1fl1.tiff,r07c06f39p01-ch5sk1fk1fl1.tiff,r07c06f39p01-ch3sk1fk1fl1.tiff,r07c06f39p01-ch4sk1fk1fl1.tiff,G06_s39,3,high,,3_high,test
HepatoPAC Islands 20260413,G06,40,r07c06f40p01-ch1sk1fk1fl1.tiff,r07c06f40p01-ch6sk1fk1fl1.tiff,r07c06f40p01-ch2sk1fk1fl1.tiff,r07c06f40p01-ch5sk1fk1fl1.tiff,r07c06f40p01-ch3sk1fk1fl1.tiff,r07c06f40p01-ch4sk1fk1fl1.tiff,G06_s40,3,high,,3_high,test
HepatoPAC Islands 20260413,G06,41,r07c06f41p01-ch1sk1fk1fl1.tiff,r07c06f41p01-ch6sk1fk1fl1.tiff,r07c06f41p01-ch2sk1fk1fl1.tiff,r07c06f41p01-ch5sk1fk1fl1.tiff,r07c06f41p01-ch3sk1fk1fl1.tiff,r07c06f41p01-ch4sk1fk1fl1.tiff,G06_s41,3,high,,3_high,test
HepatoPAC Islands 20260413,G06,42,r07c06f42p01-ch1sk1fk1fl1.tiff,r07c06f42p01-ch6sk1fk1fl1.tiff,r07c06f42p01-ch2sk1fk1fl1.tiff,r07c06f42p01-ch5sk1fk1fl1.tiff,r07c06f42p01-ch3sk1fk1fl1.tiff,r07c06f42p01-ch4sk1fk1fl1.tiff,G06_s42,3,high,,3_high,test
HepatoPAC Islands 20260413,G06,43,r07c06f43p01-ch1sk1fk1fl1.tiff,r07c06f43p01-ch6sk1fk1fl1.tiff,r07c06f43p01-ch2sk1fk1fl1.tiff,r07c06f43p01-ch5sk1fk1fl1.tiff,r07c06f43p01-ch3sk1fk1fl1.tiff,r07c06f43p01-ch4sk1fk1fl1.tiff,G06_s43,3,high,,3_high,test
HepatoPAC Islands 20260413,G06,44,r07c06f44p01-ch1sk1fk1fl1.tiff,r07c06f44p01-ch6sk1fk1fl1.tiff,r07c06f44p01-ch2sk1fk1fl1.tiff,r07c06f44p01-ch5sk1fk1fl1.tiff,r07c06f44p01-ch3sk1fk1fl1.tiff,r07c06f44p01-ch4sk1fk1fl1.tiff,G06_s44,3,high,,3_high,test
HepatoPAC Islands 20260413,G06,45,r07c06f45p01-ch1sk1fk1fl1.tiff,r07c06f45p01-ch6sk1fk1fl1.tiff,r07c06f45p01-ch2sk1fk1fl1.tiff,r07c06f45p01-ch5sk1fk1fl1.tiff,r07c06f45p01-ch3sk1fk1fl1.tiff,r07c06f45p01-ch4sk1fk1fl1.tiff,G06_s45,3,high,,3_high,test
HepatoPAC Islands 20260413,G06,46,r07c06f46p01-ch1sk1fk1fl1.tiff,r07c06f46p01-ch6sk1fk1fl1.tiff,r07c06f46p01-ch2sk1fk1fl1.tiff,r07c06f46p01-ch5sk1fk1fl1.tiff,r07c06f46p01-ch3sk1fk1fl1.tiff,r07c06f46p01-ch4sk1fk1fl1.tiff,G06_s46,3,high,,3_high,test
HepatoPAC Islands 20260413,G06,47,r07c06f47p01-ch1sk1fk1fl1.tiff,r07c06f47p01-ch6sk1fk1fl1.tiff,r07c06f47p01-ch2sk1fk1fl1.tiff,r07c06f47p01-ch5sk1fk1fl1.tiff,r07c06f47p01-ch3sk1fk1fl1.tiff,r07c06f47p01-ch4sk1fk1fl1.tiff,G06_s47,3,high,,3_high,test
HepatoPAC Islands 20260413,G06,48,r07c06f48p01-ch1sk1fk1fl1.tiff,r07c06f48p01-ch6sk1fk1fl1.tiff,r07c06f48p01-ch2sk1fk1fl1.tiff,r07c06f48p01-ch5sk1fk1fl1.tiff,r07c06f48p01-ch3sk1fk1fl1.tiff,r07c06f48p01-ch4sk1fk1fl1.tiff,G06_s48,3,high,,3_high,test
HepatoPAC Islands 20260413,G06,49,r07c06f49p01-ch1sk1fk1fl1.tiff,r07c06f49p01-ch6sk1fk1fl1.tiff,r07c06f49p01-ch2sk1fk1fl1.tiff,r07c06f49p01-ch5sk1fk1fl1.tiff,r07c06f49p01-ch3sk1fk1fl1.tiff,r07c06f49p01-ch4sk1fk1fl1.tiff,G06_s49,3,high,,3_high,test
HepatoPAC Islands 20260413,H01,1,r08c01f01p01-ch1sk1fk1fl1.tiff,r08c01f01p01-ch6sk1fk1fl1.tiff,r08c01f01p01-ch2sk1fk1fl1.tiff,r08c01f01p01-ch5sk1fk1fl1.tiff,r08c01f01p01-ch3sk1fk1fl1.tiff,r08c01f01p01-ch4sk1fk1fl1.tiff,H01_s01,3,high,,3_high,val
HepatoPAC Islands 20260413,H01,2,r08c01f02p01-ch1sk1fk1fl1.tiff,r08c01f02p01-ch6sk1fk1fl1.tiff,r08c01f02p01-ch2sk1fk1fl1.tiff,r08c01f02p01-ch5sk1fk1fl1.tiff,r08c01f02p01-ch3sk1fk1fl1.tiff,r08c01f02p01-ch4sk1fk1fl1.tiff,H01_s02,3,high,,3_high,val
HepatoPAC Islands 20260413,H01,3,r08c01f03p01-ch1sk1fk1fl1.tiff,r08c01f03p01-ch6sk1fk1fl1.tiff,r08c01f03p01-ch2sk1fk1fl1.tiff,r08c01f03p01-ch5sk1fk1fl1.tiff,r08c01f03p01-ch3sk1fk1fl1.tiff,r08c01f03p01-ch4sk1fk1fl1.tiff,H01_s03,3,high,,3_high,val
HepatoPAC Islands 20260413,H01,4,r08c01f04p01-ch1sk1fk1fl1.tiff,r08c01f04p01-ch6sk1fk1fl1.tiff,r08c01f04p01-ch2sk1fk1fl1.tiff,r08c01f04p01-ch5sk1fk1fl1.tiff,r08c01f04p01-ch3sk1fk1fl1.tiff,r08c01f04p01-ch4sk1fk1fl1.tiff,H01_s04,3,high,,3_high,val
HepatoPAC Islands 20260413,H01,5,r08c01f05p01-ch1sk1fk1fl1.tiff,r08c01f05p01-ch6sk1fk1fl1.tiff,r08c01f05p01-ch2sk1fk1fl1.tiff,r08c01f05p01-ch5sk1fk1fl1.tiff,r08c01f05p01-ch3sk1fk1fl1.tiff,r08c01f05p01-ch4sk1fk1fl1.tiff,H01_s05,3,high,,3_high,val
HepatoPAC Islands 20260413,H01,6,r08c01f06p01-ch1sk1fk1fl1.tiff,r08c01f06p01-ch6sk1fk1fl1.tiff,r08c01f06p01-ch2sk1fk1fl1.tiff,r08c01f06p01-ch5sk1fk1fl1.tiff,r08c01f06p01-ch3sk1fk1fl1.tiff,r08c01f06p01-ch4sk1fk1fl1.tiff,H01_s06,3,high,,3_high,val
HepatoPAC Islands 20260413,H01,7,r08c01f07p01-ch1sk1fk1fl1.tiff,r08c01f07p01-ch6sk1fk1fl1.tiff,r08c01f07p01-ch2sk1fk1fl1.tiff,r08c01f07p01-ch5sk1fk1fl1.tiff,r08c01f07p01-ch3sk1fk1fl1.tiff,r08c01f07p01-ch4sk1fk1fl1.tiff,H01_s07,3,high,,3_high,val
HepatoPAC Islands 20260413,H01,8,r08c01f08p01-ch1sk1fk1fl1.tiff,r08c01f08p01-ch6sk1fk1fl1.tiff,r08c01f08p01-ch2sk1fk1fl1.tiff,r08c01f08p01-ch5sk1fk1fl1.tiff,r08c01f08p01-ch3sk1fk1fl1.tiff,r08c01f08p01-ch4sk1fk1fl1.tiff,H01_s08,3,high,,3_high,val
HepatoPAC Islands 20260413,H01,9,r08c01f09p01-ch1sk1fk1fl1.tiff,r08c01f09p01-ch6sk1fk1fl1.tiff,r08c01f09p01-ch2sk1fk1fl1.tiff,r08c01f09p01-ch5sk1fk1fl1.tiff,r08c01f09p01-ch3sk1fk1fl1.tiff,r08c01f09p01-ch4sk1fk1fl1.tiff,H01_s09,3,high,,3_high,val
HepatoPAC Islands 20260413,H01,10,r08c01f10p01-ch1sk1fk1fl1.tiff,r08c01f10p01-ch6sk1fk1fl1.tiff,r08c01f10p01-ch2sk1fk1fl1.tiff,r08c01f10p01-ch5sk1fk1fl1.tiff,r08c01f10p01-ch3sk1fk1fl1.tiff,r08c01f10p01-ch4sk1fk1fl1.tiff,H01_s10,3,high,,3_high,val
HepatoPAC Islands 20260413,H01,11,r08c01f11p01-ch1sk1fk1fl1.tiff,r08c01f11p01-ch6sk1fk1fl1.tiff,r08c01f11p01-ch2sk1fk1fl1.tiff,r08c01f11p01-ch5sk1fk1fl1.tiff,r08c01f11p01-ch3sk1fk1fl1.tiff,r08c01f11p01-ch4sk1fk1fl1.tiff,H01_s11,3,high,,3_high,val
HepatoPAC Islands 20260413,H01,12,r08c01f12p01-ch1sk1fk1fl1.tiff,r08c01f12p01-ch6sk1fk1fl1.tiff,r08c01f12p01-ch2sk1fk1fl1.tiff,r08c01f12p01-ch5sk1fk1fl1.tiff,r08c01f12p01-ch3sk1fk1fl1.tiff,r08c01f12p01-ch4sk1fk1fl1.tiff,H01_s12,3,high,,3_high,val
HepatoPAC Islands 20260413,H01,13,r08c01f13p01-ch1sk1fk1fl1.tiff,r08c01f13p01-ch6sk1fk1fl1.tiff,r08c01f13p01-ch2sk1fk1fl1.tiff,r08c01f13p01-ch5sk1fk1fl1.tiff,r08c01f13p01-ch3sk1fk1fl1.tiff,r08c01f13p01-ch4sk1fk1fl1.tiff,H01_s13,3,high,,3_high,val
HepatoPAC Islands 20260413,H01,14,r08c01f14p01-ch1sk1fk1fl1.tiff,r08c01f14p01-ch6sk1fk1fl1.tiff,r08c01f14p01-ch2sk1fk1fl1.tiff,r08c01f14p01-ch5sk1fk1fl1.tiff,r08c01f14p01-ch3sk1fk1fl1.tiff,r08c01f14p01-ch4sk1fk1fl1.tiff,H01_s14,3,high,,3_high,val
HepatoPAC Islands 20260413,H01,15,r08c01f15p01-ch1sk1fk1fl1.tiff,r08c01f15p01-ch6sk1fk1fl1.tiff,r08c01f15p01-ch2sk1fk1fl1.tiff,r08c01f15p01-ch5sk1fk1fl1.tiff,r08c01f15p01-ch3sk1fk1fl1.tiff,r08c01f15p01-ch4sk1fk1fl1.tiff,H01_s15,3,high,,3_high,val
HepatoPAC Islands 20260413,H01,16,r08c01f16p01-ch1sk1fk1fl1.tiff,r08c01f16p01-ch6sk1fk1fl1.tiff,r08c01f16p01-ch2sk1fk1fl1.tiff,r08c01f16p01-ch5sk1fk1fl1.tiff,r08c01f16p01-ch3sk1fk1fl1.tiff,r08c01f16p01-ch4sk1fk1fl1.tiff,H01_s16,3,high,,3_high,val
HepatoPAC Islands 20260413,H01,17,r08c01f17p01-ch1sk1fk1fl1.tiff,r08c01f17p01-ch6sk1fk1fl1.tiff,r08c01f17p01-ch2sk1fk1fl1.tiff,r08c01f17p01-ch5sk1fk1fl1.tiff,r08c01f17p01-ch3sk1fk1fl1.tiff,r08c01f17p01-ch4sk1fk1fl1.tiff,H01_s17,3,high,,3_high,val
HepatoPAC Islands 20260413,H01,18,r08c01f18p01-ch1sk1fk1fl1.tiff,r08c01f18p01-ch6sk1fk1fl1.tiff,r08c01f18p01-ch2sk1fk1fl1.tiff,r08c01f18p01-ch5sk1fk1fl1.tiff,r08c01f18p01-ch3sk1fk1fl1.tiff,r08c01f18p01-ch4sk1fk1fl1.tiff,H01_s18,3,high,,3_high,val
HepatoPAC Islands 20260413,H01,19,r08c01f19p01-ch1sk1fk1fl1.tiff,r08c01f19p01-ch6sk1fk1fl1.tiff,r08c01f19p01-ch2sk1fk1fl1.tiff,r08c01f19p01-ch5sk1fk1fl1.tiff,r08c01f19p01-ch3sk1fk1fl1.tiff,r08c01f19p01-ch4sk1fk1fl1.tiff,H01_s19,3,high,,3_high,val
HepatoPAC Islands 20260413,H01,20,r08c01f20p01-ch1sk1fk1fl1.tiff,r08c01f20p01-ch6sk1fk1fl1.tiff,r08c01f20p01-ch2sk1fk1fl1.tiff,r08c01f20p01-ch5sk1fk1fl1.tiff,r08c01f20p01-ch3sk1fk1fl1.tiff,r08c01f20p01-ch4sk1fk1fl1.tiff,H01_s20,3,high,,3_high,val
HepatoPAC Islands 20260413,H01,21,r08c01f21p01-ch1sk1fk1fl1.tiff,r08c01f21p01-ch6sk1fk1fl1.tiff,r08c01f21p01-ch2sk1fk1fl1.tiff,r08c01f21p01-ch5sk1fk1fl1.tiff,r08c01f21p01-ch3sk1fk1fl1.tiff,r08c01f21p01-ch4sk1fk1fl1.tiff,H01_s21,3,high,,3_high,val
HepatoPAC Islands 20260413,H01,22,r08c01f22p01-ch1sk1fk1fl1.tiff,r08c01f22p01-ch6sk1fk1fl1.tiff,r08c01f22p01-ch2sk1fk1fl1.tiff,r08c01f22p01-ch5sk1fk1fl1.tiff,r08c01f22p01-ch3sk1fk1fl1.tiff,r08c01f22p01-ch4sk1fk1fl1.tiff,H01_s22,3,high,,3_high,val
HepatoPAC Islands 20260413,H01,23,r08c01f23p01-ch1sk1fk1fl1.tiff,r08c01f23p01-ch6sk1fk1fl1.tiff,r08c01f23p01-ch2sk1fk1fl1.tiff,r08c01f23p01-ch5sk1fk1fl1.tiff,r08c01f23p01-ch3sk1fk1fl1.tiff,r08c01f23p01-ch4sk1fk1fl1.tiff,H01_s23,3,high,,3_high,val
HepatoPAC Islands 20260413,H01,24,r08c01f24p01-ch1sk1fk1fl1.tiff,r08c01f24p01-ch6sk1fk1fl1.tiff,r08c01f24p01-ch2sk1fk1fl1.tiff,r08c01f24p01-ch5sk1fk1fl1.tiff,r08c01f24p01-ch3sk1fk1fl1.tiff,r08c01f24p01-ch4sk1fk1fl1.tiff,H01_s24,3,high,,3_high,val
HepatoPAC Islands 20260413,H01,25,r08c01f25p01-ch1sk1fk1fl1.tiff,r08c01f25p01-ch6sk1fk1fl1.tiff,r08c01f25p01-ch2sk1fk1fl1.tiff,r08c01f25p01-ch5sk1fk1fl1.tiff,r08c01f25p01-ch3sk1fk1fl1.tiff,r08c01f25p01-ch4sk1fk1fl1.tiff,H01_s25,3,high,,3_high,val
HepatoPAC Islands 20260413,H01,26,r08c01f26p01-ch1sk1fk1fl1.tiff,r08c01f26p01-ch6sk1fk1fl1.tiff,r08c01f26p01-ch2sk1fk1fl1.tiff,r08c01f26p01-ch5sk1fk1fl1.tiff,r08c01f26p01-ch3sk1fk1fl1.tiff,r08c01f26p01-ch4sk1fk1fl1.tiff,H01_s26,3,high,,3_high,val
HepatoPAC Islands 20260413,H01,27,r08c01f27p01-ch1sk1fk1fl1.tiff,r08c01f27p01-ch6sk1fk1fl1.tiff,r08c01f27p01-ch2sk1fk1fl1.tiff,r08c01f27p01-ch5sk1fk1fl1.tiff,r08c01f27p01-ch3sk1fk1fl1.tiff,r08c01f27p01-ch4sk1fk1fl1.tiff,H01_s27,3,high,,3_high,val
HepatoPAC Islands 20260413,H01,28,r08c01f28p01-ch1sk1fk1fl1.tiff,r08c01f28p01-ch6sk1fk1fl1.tiff,r08c01f28p01-ch2sk1fk1fl1.tiff,r08c01f28p01-ch5sk1fk1fl1.tiff,r08c01f28p01-ch3sk1fk1fl1.tiff,r08c01f28p01-ch4sk1fk1fl1.tiff,H01_s28,3,high,,3_high,val
HepatoPAC Islands 20260413,H01,29,r08c01f29p01-ch1sk1fk1fl1.tiff,r08c01f29p01-ch6sk1fk1fl1.tiff,r08c01f29p01-ch2sk1fk1fl1.tiff,r08c01f29p01-ch5sk1fk1fl1.tiff,r08c01f29p01-ch3sk1fk1fl1.tiff,r08c01f29p01-ch4sk1fk1fl1.tiff,H01_s29,3,high,,3_high,val
HepatoPAC Islands 20260413,H01,30,r08c01f30p01-ch1sk1fk1fl1.tiff,r08c01f30p01-ch6sk1fk1fl1.tiff,r08c01f30p01-ch2sk1fk1fl1.tiff,r08c01f30p01-ch5sk1fk1fl1.tiff,r08c01f30p01-ch3sk1fk1fl1.tiff,r08c01f30p01-ch4sk1fk1fl1.tiff,H01_s30,3,high,,3_high,val
HepatoPAC Islands 20260413,H01,31,r08c01f31p01-ch1sk1fk1fl1.tiff,r08c01f31p01-ch6sk1fk1fl1.tiff,r08c01f31p01-ch2sk1fk1fl1.tiff,r08c01f31p01-ch5sk1fk1fl1.tiff,r08c01f31p01-ch3sk1fk1fl1.tiff,r08c01f31p01-ch4sk1fk1fl1.tiff,H01_s31,3,high,,3_high,val
HepatoPAC Islands 20260413,H01,32,r08c01f32p01-ch1sk1fk1fl1.tiff,r08c01f32p01-ch6sk1fk1fl1.tiff,r08c01f32p01-ch2sk1fk1fl1.tiff,r08c01f32p01-ch5sk1fk1fl1.tiff,r08c01f32p01-ch3sk1fk1fl1.tiff,r08c01f32p01-ch4sk1fk1fl1.tiff,H01_s32,3,high,,3_high,val
HepatoPAC Islands 20260413,H01,33,r08c01f33p01-ch1sk1fk1fl1.tiff,r08c01f33p01-ch6sk1fk1fl1.tiff,r08c01f33p01-ch2sk1fk1fl1.tiff,r08c01f33p01-ch5sk1fk1fl1.tiff,r08c01f33p01-ch3sk1fk1fl1.tiff,r08c01f33p01-ch4sk1fk1fl1.tiff,H01_s33,3,high,,3_high,val
HepatoPAC Islands 20260413,H01,34,r08c01f34p01-ch1sk1fk1fl1.tiff,r08c01f34p01-ch6sk1fk1fl1.tiff,r08c01f34p01-ch2sk1fk1fl1.tiff,r08c01f34p01-ch5sk1fk1fl1.tiff,r08c01f34p01-ch3sk1fk1fl1.tiff,r08c01f34p01-ch4sk1fk1fl1.tiff,H01_s34,3,high,,3_high,val
HepatoPAC Islands 20260413,H01,35,r08c01f35p01-ch1sk1fk1fl1.tiff,r08c01f35p01-ch6sk1fk1fl1.tiff,r08c01f35p01-ch2sk1fk1fl1.tiff,r08c01f35p01-ch5sk1fk1fl1.tiff,r08c01f35p01-ch3sk1fk1fl1.tiff,r08c01f35p01-ch4sk1fk1fl1.tiff,H01_s35,3,high,,3_high,val
HepatoPAC Islands 20260413,H01,36,r08c01f36p01-ch1sk1fk1fl1.tiff,r08c01f36p01-ch6sk1fk1fl1.tiff,r08c01f36p01-ch2sk1fk1fl1.tiff,r08c01f36p01-ch5sk1fk1fl1.tiff,r08c01f36p01-ch3sk1fk1fl1.tiff,r08c01f36p01-ch4sk1fk1fl1.tiff,H01_s36,3,high,,3_high,val
HepatoPAC Islands 20260413,H01,37,r08c01f37p01-ch1sk1fk1fl1.tiff,r08c01f37p01-ch6sk1fk1fl1.tiff,r08c01f37p01-ch2sk1fk1fl1.tiff,r08c01f37p01-ch5sk1fk1fl1.tiff,r08c01f37p01-ch3sk1fk1fl1.tiff,r08c01f37p01-ch4sk1fk1fl1.tiff,H01_s37,3,high,,3_high,val
HepatoPAC Islands 20260413,H01,38,r08c01f38p01-ch1sk1fk1fl1.tiff,r08c01f38p01-ch6sk1fk1fl1.tiff,r08c01f38p01-ch2sk1fk1fl1.tiff,r08c01f38p01-ch5sk1fk1fl1.tiff,r08c01f38p01-ch3sk1fk1fl1.tiff,r08c01f38p01-ch4sk1fk1fl1.tiff,H01_s38,3,high,,3_high,val
HepatoPAC Islands 20260413,H01,39,r08c01f39p01-ch1sk1fk1fl1.tiff,r08c01f39p01-ch6sk1fk1fl1.tiff,r08c01f39p01-ch2sk1fk1fl1.tiff,r08c01f39p01-ch5sk1fk1fl1.tiff,r08c01f39p01-ch3sk1fk1fl1.tiff,r08c01f39p01-ch4sk1fk1fl1.tiff,H01_s39,3,high,,3_high,val
HepatoPAC Islands 20260413,H01,40,r08c01f40p01-ch1sk1fk1fl1.tiff,r08c01f40p01-ch6sk1fk1fl1.tiff,r08c01f40p01-ch2sk1fk1fl1.tiff,r08c01f40p01-ch5sk1fk1fl1.tiff,r08c01f40p01-ch3sk1fk1fl1.tiff,r08c01f40p01-ch4sk1fk1fl1.tiff,H01_s40,3,high,,3_high,val
HepatoPAC Islands 20260413,H01,41,r08c01f41p01-ch1sk1fk1fl1.tiff,r08c01f41p01-ch6sk1fk1fl1.tiff,r08c01f41p01-ch2sk1fk1fl1.tiff,r08c01f41p01-ch5sk1fk1fl1.tiff,r08c01f41p01-ch3sk1fk1fl1.tiff,r08c01f41p01-ch4sk1fk1fl1.tiff,H01_s41,3,high,,3_high,val
HepatoPAC Islands 20260413,H01,42,r08c01f42p01-ch1sk1fk1fl1.tiff,r08c01f42p01-ch6sk1fk1fl1.tiff,r08c01f42p01-ch2sk1fk1fl1.tiff,r08c01f42p01-ch5sk1fk1fl1.tiff,r08c01f42p01-ch3sk1fk1fl1.tiff,r08c01f42p01-ch4sk1fk1fl1.tiff,H01_s42,3,high,,3_high,val
HepatoPAC Islands 20260413,H01,43,r08c01f43p01-ch1sk1fk1fl1.tiff,r08c01f43p01-ch6sk1fk1fl1.tiff,r08c01f43p01-ch2sk1fk1fl1.tiff,r08c01f43p01-ch5sk1fk1fl1.tiff,r08c01f43p01-ch3sk1fk1fl1.tiff,r08c01f43p01-ch4sk1fk1fl1.tiff,H01_s43,3,high,,3_high,val
HepatoPAC Islands 20260413,H01,44,r08c01f44p01-ch1sk1fk1fl1.tiff,r08c01f44p01-ch6sk1fk1fl1.tiff,r08c01f44p01-ch2sk1fk1fl1.tiff,r08c01f44p01-ch5sk1fk1fl1.tiff,r08c01f44p01-ch3sk1fk1fl1.tiff,r08c01f44p01-ch4sk1fk1fl1.tiff,H01_s44,3,high,,3_high,val
HepatoPAC Islands 20260413,H01,45,r08c01f45p01-ch1sk1fk1fl1.tiff,r08c01f45p01-ch6sk1fk1fl1.tiff,r08c01f45p01-ch2sk1fk1fl1.tiff,r08c01f45p01-ch5sk1fk1fl1.tiff,r08c01f45p01-ch3sk1fk1fl1.tiff,r08c01f45p01-ch4sk1fk1fl1.tiff,H01_s45,3,high,,3_high,val
HepatoPAC Islands 20260413,H01,46,r08c01f46p01-ch1sk1fk1fl1.tiff,r08c01f46p01-ch6sk1fk1fl1.tiff,r08c01f46p01-ch2sk1fk1fl1.tiff,r08c01f46p01-ch5sk1fk1fl1.tiff,r08c01f46p01-ch3sk1fk1fl1.tiff,r08c01f46p01-ch4sk1fk1fl1.tiff,H01_s46,3,high,,3_high,val
HepatoPAC Islands 20260413,H01,47,r08c01f47p01-ch1sk1fk1fl1.tiff,r08c01f47p01-ch6sk1fk1fl1.tiff,r08c01f47p01-ch2sk1fk1fl1.tiff,r08c01f47p01-ch5sk1fk1fl1.tiff,r08c01f47p01-ch3sk1fk1fl1.tiff,r08c01f47p01-ch4sk1fk1fl1.tiff,H01_s47,3,high,,3_high,val
HepatoPAC Islands 20260413,H01,48,r08c01f48p01-ch1sk1fk1fl1.tiff,r08c01f48p01-ch6sk1fk1fl1.tiff,r08c01f48p01-ch2sk1fk1fl1.tiff,r08c01f48p01-ch5sk1fk1fl1.tiff,r08c01f48p01-ch3sk1fk1fl1.tiff,r08c01f48p01-ch4sk1fk1fl1.tiff,H01_s48,3,high,,3_high,val
HepatoPAC Islands 20260413,H01,49,r08c01f49p01-ch1sk1fk1fl1.tiff,r08c01f49p01-ch6sk1fk1fl1.tiff,r08c01f49p01-ch2sk1fk1fl1.tiff,r08c01f49p01-ch5sk1fk1fl1.tiff,r08c01f49p01-ch3sk1fk1fl1.tiff,r08c01f49p01-ch4sk1fk1fl1.tiff,H01_s49,3,high,,3_high,val
HepatoPAC Islands 20260413,H02,1,r08c02f01p01-ch1sk1fk1fl1.tiff,r08c02f01p01-ch6sk1fk1fl1.tiff,r08c02f01p01-ch2sk1fk1fl1.tiff,r08c02f01p01-ch5sk1fk1fl1.tiff,r08c02f01p01-ch3sk1fk1fl1.tiff,r08c02f01p01-ch4sk1fk1fl1.tiff,H02_s01,4,high,,4_high,train
HepatoPAC Islands 20260413,H02,2,r08c02f02p01-ch1sk1fk1fl1.tiff,r08c02f02p01-ch6sk1fk1fl1.tiff,r08c02f02p01-ch2sk1fk1fl1.tiff,r08c02f02p01-ch5sk1fk1fl1.tiff,r08c02f02p01-ch3sk1fk1fl1.tiff,r08c02f02p01-ch4sk1fk1fl1.tiff,H02_s02,4,high,,4_high,train
HepatoPAC Islands 20260413,H02,3,r08c02f03p01-ch1sk1fk1fl1.tiff,r08c02f03p01-ch6sk1fk1fl1.tiff,r08c02f03p01-ch2sk1fk1fl1.tiff,r08c02f03p01-ch5sk1fk1fl1.tiff,r08c02f03p01-ch3sk1fk1fl1.tiff,r08c02f03p01-ch4sk1fk1fl1.tiff,H02_s03,4,high,,4_high,train
HepatoPAC Islands 20260413,H02,4,r08c02f04p01-ch1sk1fk1fl1.tiff,r08c02f04p01-ch6sk1fk1fl1.tiff,r08c02f04p01-ch2sk1fk1fl1.tiff,r08c02f04p01-ch5sk1fk1fl1.tiff,r08c02f04p01-ch3sk1fk1fl1.tiff,r08c02f04p01-ch4sk1fk1fl1.tiff,H02_s04,4,high,,4_high,train
HepatoPAC Islands 20260413,H02,5,r08c02f05p01-ch1sk1fk1fl1.tiff,r08c02f05p01-ch6sk1fk1fl1.tiff,r08c02f05p01-ch2sk1fk1fl1.tiff,r08c02f05p01-ch5sk1fk1fl1.tiff,r08c02f05p01-ch3sk1fk1fl1.tiff,r08c02f05p01-ch4sk1fk1fl1.tiff,H02_s05,4,high,,4_high,train
HepatoPAC Islands 20260413,H02,6,r08c02f06p01-ch1sk1fk1fl1.tiff,r08c02f06p01-ch6sk1fk1fl1.tiff,r08c02f06p01-ch2sk1fk1fl1.tiff,r08c02f06p01-ch5sk1fk1fl1.tiff,r08c02f06p01-ch3sk1fk1fl1.tiff,r08c02f06p01-ch4sk1fk1fl1.tiff,H02_s06,4,high,,4_high,train
HepatoPAC Islands 20260413,H02,7,r08c02f07p01-ch1sk1fk1fl1.tiff,r08c02f07p01-ch6sk1fk1fl1.tiff,r08c02f07p01-ch2sk1fk1fl1.tiff,r08c02f07p01-ch5sk1fk1fl1.tiff,r08c02f07p01-ch3sk1fk1fl1.tiff,r08c02f07p01-ch4sk1fk1fl1.tiff,H02_s07,4,high,,4_high,train
HepatoPAC Islands 20260413,H02,8,r08c02f08p01-ch1sk1fk1fl1.tiff,r08c02f08p01-ch6sk1fk1fl1.tiff,r08c02f08p01-ch2sk1fk1fl1.tiff,r08c02f08p01-ch5sk1fk1fl1.tiff,r08c02f08p01-ch3sk1fk1fl1.tiff,r08c02f08p01-ch4sk1fk1fl1.tiff,H02_s08,4,high,,4_high,train
HepatoPAC Islands 20260413,H02,9,r08c02f09p01-ch1sk1fk1fl1.tiff,r08c02f09p01-ch6sk1fk1fl1.tiff,r08c02f09p01-ch2sk1fk1fl1.tiff,r08c02f09p01-ch5sk1fk1fl1.tiff,r08c02f09p01-ch3sk1fk1fl1.tiff,r08c02f09p01-ch4sk1fk1fl1.tiff,H02_s09,4,high,,4_high,train
HepatoPAC Islands 20260413,H02,10,r08c02f10p01-ch1sk1fk1fl1.tiff,r08c02f10p01-ch6sk1fk1fl1.tiff,r08c02f10p01-ch2sk1fk1fl1.tiff,r08c02f10p01-ch5sk1fk1fl1.tiff,r08c02f10p01-ch3sk1fk1fl1.tiff,r08c02f10p01-ch4sk1fk1fl1.tiff,H02_s10,4,high,,4_high,train
HepatoPAC Islands 20260413,H02,11,r08c02f11p01-ch1sk1fk1fl1.tiff,r08c02f11p01-ch6sk1fk1fl1.tiff,r08c02f11p01-ch2sk1fk1fl1.tiff,r08c02f11p01-ch5sk1fk1fl1.tiff,r08c02f11p01-ch3sk1fk1fl1.tiff,r08c02f11p01-ch4sk1fk1fl1.tiff,H02_s11,4,high,,4_high,train
HepatoPAC Islands 20260413,H02,12,r08c02f12p01-ch1sk1fk1fl1.tiff,r08c02f12p01-ch6sk1fk1fl1.tiff,r08c02f12p01-ch2sk1fk1fl1.tiff,r08c02f12p01-ch5sk1fk1fl1.tiff,r08c02f12p01-ch3sk1fk1fl1.tiff,r08c02f12p01-ch4sk1fk1fl1.tiff,H02_s12,4,high,,4_high,train
HepatoPAC Islands 20260413,H02,13,r08c02f13p01-ch1sk1fk1fl1.tiff,r08c02f13p01-ch6sk1fk1fl1.tiff,r08c02f13p01-ch2sk1fk1fl1.tiff,r08c02f13p01-ch5sk1fk1fl1.tiff,r08c02f13p01-ch3sk1fk1fl1.tiff,r08c02f13p01-ch4sk1fk1fl1.tiff,H02_s13,4,high,,4_high,train
HepatoPAC Islands 20260413,H02,14,r08c02f14p01-ch1sk1fk1fl1.tiff,r08c02f14p01-ch6sk1fk1fl1.tiff,r08c02f14p01-ch2sk1fk1fl1.tiff,r08c02f14p01-ch5sk1fk1fl1.tiff,r08c02f14p01-ch3sk1fk1fl1.tiff,r08c02f14p01-ch4sk1fk1fl1.tiff,H02_s14,4,high,,4_high,train
HepatoPAC Islands 20260413,H02,15,r08c02f15p01-ch1sk1fk1fl1.tiff,r08c02f15p01-ch6sk1fk1fl1.tiff,r08c02f15p01-ch2sk1fk1fl1.tiff,r08c02f15p01-ch5sk1fk1fl1.tiff,r08c02f15p01-ch3sk1fk1fl1.tiff,r08c02f15p01-ch4sk1fk1fl1.tiff,H02_s15,4,high,,4_high,train
HepatoPAC Islands 20260413,H02,16,r08c02f16p01-ch1sk1fk1fl1.tiff,r08c02f16p01-ch6sk1fk1fl1.tiff,r08c02f16p01-ch2sk1fk1fl1.tiff,r08c02f16p01-ch5sk1fk1fl1.tiff,r08c02f16p01-ch3sk1fk1fl1.tiff,r08c02f16p01-ch4sk1fk1fl1.tiff,H02_s16,4,high,,4_high,train
HepatoPAC Islands 20260413,H02,17,r08c02f17p01-ch1sk1fk1fl1.tiff,r08c02f17p01-ch6sk1fk1fl1.tiff,r08c02f17p01-ch2sk1fk1fl1.tiff,r08c02f17p01-ch5sk1fk1fl1.tiff,r08c02f17p01-ch3sk1fk1fl1.tiff,r08c02f17p01-ch4sk1fk1fl1.tiff,H02_s17,4,high,,4_high,train
HepatoPAC Islands 20260413,H02,18,r08c02f18p01-ch1sk1fk1fl1.tiff,r08c02f18p01-ch6sk1fk1fl1.tiff,r08c02f18p01-ch2sk1fk1fl1.tiff,r08c02f18p01-ch5sk1fk1fl1.tiff,r08c02f18p01-ch3sk1fk1fl1.tiff,r08c02f18p01-ch4sk1fk1fl1.tiff,H02_s18,4,high,,4_high,train
HepatoPAC Islands 20260413,H02,19,r08c02f19p01-ch1sk1fk1fl1.tiff,r08c02f19p01-ch6sk1fk1fl1.tiff,r08c02f19p01-ch2sk1fk1fl1.tiff,r08c02f19p01-ch5sk1fk1fl1.tiff,r08c02f19p01-ch3sk1fk1fl1.tiff,r08c02f19p01-ch4sk1fk1fl1.tiff,H02_s19,4,high,,4_high,train
HepatoPAC Islands 20260413,H02,20,r08c02f20p01-ch1sk1fk1fl1.tiff,r08c02f20p01-ch6sk1fk1fl1.tiff,r08c02f20p01-ch2sk1fk1fl1.tiff,r08c02f20p01-ch5sk1fk1fl1.tiff,r08c02f20p01-ch3sk1fk1fl1.tiff,r08c02f20p01-ch4sk1fk1fl1.tiff,H02_s20,4,high,,4_high,train
HepatoPAC Islands 20260413,H02,21,r08c02f21p01-ch1sk1fk1fl1.tiff,r08c02f21p01-ch6sk1fk1fl1.tiff,r08c02f21p01-ch2sk1fk1fl1.tiff,r08c02f21p01-ch5sk1fk1fl1.tiff,r08c02f21p01-ch3sk1fk1fl1.tiff,r08c02f21p01-ch4sk1fk1fl1.tiff,H02_s21,4,high,,4_high,train
HepatoPAC Islands 20260413,H02,22,r08c02f22p01-ch1sk1fk1fl1.tiff,r08c02f22p01-ch6sk1fk1fl1.tiff,r08c02f22p01-ch2sk1fk1fl1.tiff,r08c02f22p01-ch5sk1fk1fl1.tiff,r08c02f22p01-ch3sk1fk1fl1.tiff,r08c02f22p01-ch4sk1fk1fl1.tiff,H02_s22,4,high,,4_high,train
HepatoPAC Islands 20260413,H02,23,r08c02f23p01-ch1sk1fk1fl1.tiff,r08c02f23p01-ch6sk1fk1fl1.tiff,r08c02f23p01-ch2sk1fk1fl1.tiff,r08c02f23p01-ch5sk1fk1fl1.tiff,r08c02f23p01-ch3sk1fk1fl1.tiff,r08c02f23p01-ch4sk1fk1fl1.tiff,H02_s23,4,high,,4_high,train
HepatoPAC Islands 20260413,H02,24,r08c02f24p01-ch1sk1fk1fl1.tiff,r08c02f24p01-ch6sk1fk1fl1.tiff,r08c02f24p01-ch2sk1fk1fl1.tiff,r08c02f24p01-ch5sk1fk1fl1.tiff,r08c02f24p01-ch3sk1fk1fl1.tiff,r08c02f24p01-ch4sk1fk1fl1.tiff,H02_s24,4,high,,4_high,train
HepatoPAC Islands 20260413,H02,25,r08c02f25p01-ch1sk1fk1fl1.tiff,r08c02f25p01-ch6sk1fk1fl1.tiff,r08c02f25p01-ch2sk1fk1fl1.tiff,r08c02f25p01-ch5sk1fk1fl1.tiff,r08c02f25p01-ch3sk1fk1fl1.tiff,r08c02f25p01-ch4sk1fk1fl1.tiff,H02_s25,4,high,,4_high,train
HepatoPAC Islands 20260413,H02,26,r08c02f26p01-ch1sk1fk1fl1.tiff,r08c02f26p01-ch6sk1fk1fl1.tiff,r08c02f26p01-ch2sk1fk1fl1.tiff,r08c02f26p01-ch5sk1fk1fl1.tiff,r08c02f26p01-ch3sk1fk1fl1.tiff,r08c02f26p01-ch4sk1fk1fl1.tiff,H02_s26,4,high,,4_high,train
HepatoPAC Islands 20260413,H02,27,r08c02f27p01-ch1sk1fk1fl1.tiff,r08c02f27p01-ch6sk1fk1fl1.tiff,r08c02f27p01-ch2sk1fk1fl1.tiff,r08c02f27p01-ch5sk1fk1fl1.tiff,r08c02f27p01-ch3sk1fk1fl1.tiff,r08c02f27p01-ch4sk1fk1fl1.tiff,H02_s27,4,high,,4_high,train
HepatoPAC Islands 20260413,H02,28,r08c02f28p01-ch1sk1fk1fl1.tiff,r08c02f28p01-ch6sk1fk1fl1.tiff,r08c02f28p01-ch2sk1fk1fl1.tiff,r08c02f28p01-ch5sk1fk1fl1.tiff,r08c02f28p01-ch3sk1fk1fl1.tiff,r08c02f28p01-ch4sk1fk1fl1.tiff,H02_s28,4,high,,4_high,train
HepatoPAC Islands 20260413,H02,29,r08c02f29p01-ch1sk1fk1fl1.tiff,r08c02f29p01-ch6sk1fk1fl1.tiff,r08c02f29p01-ch2sk1fk1fl1.tiff,r08c02f29p01-ch5sk1fk1fl1.tiff,r08c02f29p01-ch3sk1fk1fl1.tiff,r08c02f29p01-ch4sk1fk1fl1.tiff,H02_s29,4,high,,4_high,train
HepatoPAC Islands 20260413,H02,30,r08c02f30p01-ch1sk1fk1fl1.tiff,r08c02f30p01-ch6sk1fk1fl1.tiff,r08c02f30p01-ch2sk1fk1fl1.tiff,r08c02f30p01-ch5sk1fk1fl1.tiff,r08c02f30p01-ch3sk1fk1fl1.tiff,r08c02f30p01-ch4sk1fk1fl1.tiff,H02_s30,4,high,,4_high,train
HepatoPAC Islands 20260413,H02,31,r08c02f31p01-ch1sk1fk1fl1.tiff,r08c02f31p01-ch6sk1fk1fl1.tiff,r08c02f31p01-ch2sk1fk1fl1.tiff,r08c02f31p01-ch5sk1fk1fl1.tiff,r08c02f31p01-ch3sk1fk1fl1.tiff,r08c02f31p01-ch4sk1fk1fl1.tiff,H02_s31,4,high,,4_high,train
HepatoPAC Islands 20260413,H02,32,r08c02f32p01-ch1sk1fk1fl1.tiff,r08c02f32p01-ch6sk1fk1fl1.tiff,r08c02f32p01-ch2sk1fk1fl1.tiff,r08c02f32p01-ch5sk1fk1fl1.tiff,r08c02f32p01-ch3sk1fk1fl1.tiff,r08c02f32p01-ch4sk1fk1fl1.tiff,H02_s32,4,high,,4_high,train
HepatoPAC Islands 20260413,H02,33,r08c02f33p01-ch1sk1fk1fl1.tiff,r08c02f33p01-ch6sk1fk1fl1.tiff,r08c02f33p01-ch2sk1fk1fl1.tiff,r08c02f33p01-ch5sk1fk1fl1.tiff,r08c02f33p01-ch3sk1fk1fl1.tiff,r08c02f33p01-ch4sk1fk1fl1.tiff,H02_s33,4,high,,4_high,train
HepatoPAC Islands 20260413,H02,34,r08c02f34p01-ch1sk1fk1fl1.tiff,r08c02f34p01-ch6sk1fk1fl1.tiff,r08c02f34p01-ch2sk1fk1fl1.tiff,r08c02f34p01-ch5sk1fk1fl1.tiff,r08c02f34p01-ch3sk1fk1fl1.tiff,r08c02f34p01-ch4sk1fk1fl1.tiff,H02_s34,4,high,,4_high,train
HepatoPAC Islands 20260413,H02,35,r08c02f35p01-ch1sk1fk1fl1.tiff,r08c02f35p01-ch6sk1fk1fl1.tiff,r08c02f35p01-ch2sk1fk1fl1.tiff,r08c02f35p01-ch5sk1fk1fl1.tiff,r08c02f35p01-ch3sk1fk1fl1.tiff,r08c02f35p01-ch4sk1fk1fl1.tiff,H02_s35,4,high,,4_high,train
HepatoPAC Islands 20260413,H02,36,r08c02f36p01-ch1sk1fk1fl1.tiff,r08c02f36p01-ch6sk1fk1fl1.tiff,r08c02f36p01-ch2sk1fk1fl1.tiff,r08c02f36p01-ch5sk1fk1fl1.tiff,r08c02f36p01-ch3sk1fk1fl1.tiff,r08c02f36p01-ch4sk1fk1fl1.tiff,H02_s36,4,high,,4_high,train
HepatoPAC Islands 20260413,H02,37,r08c02f37p01-ch1sk1fk1fl1.tiff,r08c02f37p01-ch6sk1fk1fl1.tiff,r08c02f37p01-ch2sk1fk1fl1.tiff,r08c02f37p01-ch5sk1fk1fl1.tiff,r08c02f37p01-ch3sk1fk1fl1.tiff,r08c02f37p01-ch4sk1fk1fl1.tiff,H02_s37,4,high,,4_high,train
HepatoPAC Islands 20260413,H02,38,r08c02f38p01-ch1sk1fk1fl1.tiff,r08c02f38p01-ch6sk1fk1fl1.tiff,r08c02f38p01-ch2sk1fk1fl1.tiff,r08c02f38p01-ch5sk1fk1fl1.tiff,r08c02f38p01-ch3sk1fk1fl1.tiff,r08c02f38p01-ch4sk1fk1fl1.tiff,H02_s38,4,high,,4_high,train
HepatoPAC Islands 20260413,H02,39,r08c02f39p01-ch1sk1fk1fl1.tiff,r08c02f39p01-ch6sk1fk1fl1.tiff,r08c02f39p01-ch2sk1fk1fl1.tiff,r08c02f39p01-ch5sk1fk1fl1.tiff,r08c02f39p01-ch3sk1fk1fl1.tiff,r08c02f39p01-ch4sk1fk1fl1.tiff,H02_s39,4,high,,4_high,train
HepatoPAC Islands 20260413,H02,40,r08c02f40p01-ch1sk1fk1fl1.tiff,r08c02f40p01-ch6sk1fk1fl1.tiff,r08c02f40p01-ch2sk1fk1fl1.tiff,r08c02f40p01-ch5sk1fk1fl1.tiff,r08c02f40p01-ch3sk1fk1fl1.tiff,r08c02f40p01-ch4sk1fk1fl1.tiff,H02_s40,4,high,,4_high,train
HepatoPAC Islands 20260413,H02,41,r08c02f41p01-ch1sk1fk1fl1.tiff,r08c02f41p01-ch6sk1fk1fl1.tiff,r08c02f41p01-ch2sk1fk1fl1.tiff,r08c02f41p01-ch5sk1fk1fl1.tiff,r08c02f41p01-ch3sk1fk1fl1.tiff,r08c02f41p01-ch4sk1fk1fl1.tiff,H02_s41,4,high,,4_high,train
HepatoPAC Islands 20260413,H02,42,r08c02f42p01-ch1sk1fk1fl1.tiff,r08c02f42p01-ch6sk1fk1fl1.tiff,r08c02f42p01-ch2sk1fk1fl1.tiff,r08c02f42p01-ch5sk1fk1fl1.tiff,r08c02f42p01-ch3sk1fk1fl1.tiff,r08c02f42p01-ch4sk1fk1fl1.tiff,H02_s42,4,high,,4_high,train
HepatoPAC Islands 20260413,H02,43,r08c02f43p01-ch1sk1fk1fl1.tiff,r08c02f43p01-ch6sk1fk1fl1.tiff,r08c02f43p01-ch2sk1fk1fl1.tiff,r08c02f43p01-ch5sk1fk1fl1.tiff,r08c02f43p01-ch3sk1fk1fl1.tiff,r08c02f43p01-ch4sk1fk1fl1.tiff,H02_s43,4,high,,4_high,train
HepatoPAC Islands 20260413,H02,44,r08c02f44p01-ch1sk1fk1fl1.tiff,r08c02f44p01-ch6sk1fk1fl1.tiff,r08c02f44p01-ch2sk1fk1fl1.tiff,r08c02f44p01-ch5sk1fk1fl1.tiff,r08c02f44p01-ch3sk1fk1fl1.tiff,r08c02f44p01-ch4sk1fk1fl1.tiff,H02_s44,4,high,,4_high,train
HepatoPAC Islands 20260413,H02,45,r08c02f45p01-ch1sk1fk1fl1.tiff,r08c02f45p01-ch6sk1fk1fl1.tiff,r08c02f45p01-ch2sk1fk1fl1.tiff,r08c02f45p01-ch5sk1fk1fl1.tiff,r08c02f45p01-ch3sk1fk1fl1.tiff,r08c02f45p01-ch4sk1fk1fl1.tiff,H02_s45,4,high,,4_high,train
HepatoPAC Islands 20260413,H02,46,r08c02f46p01-ch1sk1fk1fl1.tiff,r08c02f46p01-ch6sk1fk1fl1.tiff,r08c02f46p01-ch2sk1fk1fl1.tiff,r08c02f46p01-ch5sk1fk1fl1.tiff,r08c02f46p01-ch3sk1fk1fl1.tiff,r08c02f46p01-ch4sk1fk1fl1.tiff,H02_s46,4,high,,4_high,train
HepatoPAC Islands 20260413,H02,47,r08c02f47p01-ch1sk1fk1fl1.tiff,r08c02f47p01-ch6sk1fk1fl1.tiff,r08c02f47p01-ch2sk1fk1fl1.tiff,r08c02f47p01-ch5sk1fk1fl1.tiff,r08c02f47p01-ch3sk1fk1fl1.tiff,r08c02f47p01-ch4sk1fk1fl1.tiff,H02_s47,4,high,,4_high,train
HepatoPAC Islands 20260413,H02,48,r08c02f48p01-ch1sk1fk1fl1.tiff,r08c02f48p01-ch6sk1fk1fl1.tiff,r08c02f48p01-ch2sk1fk1fl1.tiff,r08c02f48p01-ch5sk1fk1fl1.tiff,r08c02f48p01-ch3sk1fk1fl1.tiff,r08c02f48p01-ch4sk1fk1fl1.tiff,H02_s48,4,high,,4_high,train
HepatoPAC Islands 20260413,H02,49,r08c02f49p01-ch1sk1fk1fl1.tiff,r08c02f49p01-ch6sk1fk1fl1.tiff,r08c02f49p01-ch2sk1fk1fl1.tiff,r08c02f49p01-ch5sk1fk1fl1.tiff,r08c02f49p01-ch3sk1fk1fl1.tiff,r08c02f49p01-ch4sk1fk1fl1.tiff,H02_s49,4,high,,4_high,train
HepatoPAC Islands 20260413,H03,1,r08c03f01p01-ch1sk1fk1fl1.tiff,r08c03f01p01-ch6sk1fk1fl1.tiff,r08c03f01p01-ch2sk1fk1fl1.tiff,r08c03f01p01-ch5sk1fk1fl1.tiff,r08c03f01p01-ch3sk1fk1fl1.tiff,r08c03f01p01-ch4sk1fk1fl1.tiff,H03_s01,5,high,,5_high,train
HepatoPAC Islands 20260413,H03,2,r08c03f02p01-ch1sk1fk1fl1.tiff,r08c03f02p01-ch6sk1fk1fl1.tiff,r08c03f02p01-ch2sk1fk1fl1.tiff,r08c03f02p01-ch5sk1fk1fl1.tiff,r08c03f02p01-ch3sk1fk1fl1.tiff,r08c03f02p01-ch4sk1fk1fl1.tiff,H03_s02,5,high,,5_high,train
HepatoPAC Islands 20260413,H03,3,r08c03f03p01-ch1sk1fk1fl1.tiff,r08c03f03p01-ch6sk1fk1fl1.tiff,r08c03f03p01-ch2sk1fk1fl1.tiff,r08c03f03p01-ch5sk1fk1fl1.tiff,r08c03f03p01-ch3sk1fk1fl1.tiff,r08c03f03p01-ch4sk1fk1fl1.tiff,H03_s03,5,high,,5_high,train
HepatoPAC Islands 20260413,H03,4,r08c03f04p01-ch1sk1fk1fl1.tiff,r08c03f04p01-ch6sk1fk1fl1.tiff,r08c03f04p01-ch2sk1fk1fl1.tiff,r08c03f04p01-ch5sk1fk1fl1.tiff,r08c03f04p01-ch3sk1fk1fl1.tiff,r08c03f04p01-ch4sk1fk1fl1.tiff,H03_s04,5,high,,5_high,train
HepatoPAC Islands 20260413,H03,5,r08c03f05p01-ch1sk1fk1fl1.tiff,r08c03f05p01-ch6sk1fk1fl1.tiff,r08c03f05p01-ch2sk1fk1fl1.tiff,r08c03f05p01-ch5sk1fk1fl1.tiff,r08c03f05p01-ch3sk1fk1fl1.tiff,r08c03f05p01-ch4sk1fk1fl1.tiff,H03_s05,5,high,,5_high,train
HepatoPAC Islands 20260413,H03,6,r08c03f06p01-ch1sk1fk1fl1.tiff,r08c03f06p01-ch6sk1fk1fl1.tiff,r08c03f06p01-ch2sk1fk1fl1.tiff,r08c03f06p01-ch5sk1fk1fl1.tiff,r08c03f06p01-ch3sk1fk1fl1.tiff,r08c03f06p01-ch4sk1fk1fl1.tiff,H03_s06,5,high,,5_high,train
HepatoPAC Islands 20260413,H03,7,r08c03f07p01-ch1sk1fk1fl1.tiff,r08c03f07p01-ch6sk1fk1fl1.tiff,r08c03f07p01-ch2sk1fk1fl1.tiff,r08c03f07p01-ch5sk1fk1fl1.tiff,r08c03f07p01-ch3sk1fk1fl1.tiff,r08c03f07p01-ch4sk1fk1fl1.tiff,H03_s07,5,high,,5_high,train
HepatoPAC Islands 20260413,H03,8,r08c03f08p01-ch1sk1fk1fl1.tiff,r08c03f08p01-ch6sk1fk1fl1.tiff,r08c03f08p01-ch2sk1fk1fl1.tiff,r08c03f08p01-ch5sk1fk1fl1.tiff,r08c03f08p01-ch3sk1fk1fl1.tiff,r08c03f08p01-ch4sk1fk1fl1.tiff,H03_s08,5,high,,5_high,train
HepatoPAC Islands 20260413,H03,9,r08c03f09p01-ch1sk1fk1fl1.tiff,r08c03f09p01-ch6sk1fk1fl1.tiff,r08c03f09p01-ch2sk1fk1fl1.tiff,r08c03f09p01-ch5sk1fk1fl1.tiff,r08c03f09p01-ch3sk1fk1fl1.tiff,r08c03f09p01-ch4sk1fk1fl1.tiff,H03_s09,5,high,,5_high,train
HepatoPAC Islands 20260413,H03,10,r08c03f10p01-ch1sk1fk1fl1.tiff,r08c03f10p01-ch6sk1fk1fl1.tiff,r08c03f10p01-ch2sk1fk1fl1.tiff,r08c03f10p01-ch5sk1fk1fl1.tiff,r08c03f10p01-ch3sk1fk1fl1.tiff,r08c03f10p01-ch4sk1fk1fl1.tiff,H03_s10,5,high,,5_high,train
HepatoPAC Islands 20260413,H03,11,r08c03f11p01-ch1sk1fk1fl1.tiff,r08c03f11p01-ch6sk1fk1fl1.tiff,r08c03f11p01-ch2sk1fk1fl1.tiff,r08c03f11p01-ch5sk1fk1fl1.tiff,r08c03f11p01-ch3sk1fk1fl1.tiff,r08c03f11p01-ch4sk1fk1fl1.tiff,H03_s11,5,high,,5_high,train
HepatoPAC Islands 20260413,H03,12,r08c03f12p01-ch1sk1fk1fl1.tiff,r08c03f12p01-ch6sk1fk1fl1.tiff,r08c03f12p01-ch2sk1fk1fl1.tiff,r08c03f12p01-ch5sk1fk1fl1.tiff,r08c03f12p01-ch3sk1fk1fl1.tiff,r08c03f12p01-ch4sk1fk1fl1.tiff,H03_s12,5,high,,5_high,train
HepatoPAC Islands 20260413,H03,13,r08c03f13p01-ch1sk1fk1fl1.tiff,r08c03f13p01-ch6sk1fk1fl1.tiff,r08c03f13p01-ch2sk1fk1fl1.tiff,r08c03f13p01-ch5sk1fk1fl1.tiff,r08c03f13p01-ch3sk1fk1fl1.tiff,r08c03f13p01-ch4sk1fk1fl1.tiff,H03_s13,5,high,,5_high,train
HepatoPAC Islands 20260413,H03,14,r08c03f14p01-ch1sk1fk1fl1.tiff,r08c03f14p01-ch6sk1fk1fl1.tiff,r08c03f14p01-ch2sk1fk1fl1.tiff,r08c03f14p01-ch5sk1fk1fl1.tiff,r08c03f14p01-ch3sk1fk1fl1.tiff,r08c03f14p01-ch4sk1fk1fl1.tiff,H03_s14,5,high,,5_high,train
HepatoPAC Islands 20260413,H03,15,r08c03f15p01-ch1sk1fk1fl1.tiff,r08c03f15p01-ch6sk1fk1fl1.tiff,r08c03f15p01-ch2sk1fk1fl1.tiff,r08c03f15p01-ch5sk1fk1fl1.tiff,r08c03f15p01-ch3sk1fk1fl1.tiff,r08c03f15p01-ch4sk1fk1fl1.tiff,H03_s15,5,high,,5_high,train
HepatoPAC Islands 20260413,H03,16,r08c03f16p01-ch1sk1fk1fl1.tiff,r08c03f16p01-ch6sk1fk1fl1.tiff,r08c03f16p01-ch2sk1fk1fl1.tiff,r08c03f16p01-ch5sk1fk1fl1.tiff,r08c03f16p01-ch3sk1fk1fl1.tiff,r08c03f16p01-ch4sk1fk1fl1.tiff,H03_s16,5,high,,5_high,train
HepatoPAC Islands 20260413,H03,17,r08c03f17p01-ch1sk1fk1fl1.tiff,r08c03f17p01-ch6sk1fk1fl1.tiff,r08c03f17p01-ch2sk1fk1fl1.tiff,r08c03f17p01-ch5sk1fk1fl1.tiff,r08c03f17p01-ch3sk1fk1fl1.tiff,r08c03f17p01-ch4sk1fk1fl1.tiff,H03_s17,5,high,,5_high,train
HepatoPAC Islands 20260413,H03,18,r08c03f18p01-ch1sk1fk1fl1.tiff,r08c03f18p01-ch6sk1fk1fl1.tiff,r08c03f18p01-ch2sk1fk1fl1.tiff,r08c03f18p01-ch5sk1fk1fl1.tiff,r08c03f18p01-ch3sk1fk1fl1.tiff,r08c03f18p01-ch4sk1fk1fl1.tiff,H03_s18,5,high,,5_high,train
HepatoPAC Islands 20260413,H03,19,r08c03f19p01-ch1sk1fk1fl1.tiff,r08c03f19p01-ch6sk1fk1fl1.tiff,r08c03f19p01-ch2sk1fk1fl1.tiff,r08c03f19p01-ch5sk1fk1fl1.tiff,r08c03f19p01-ch3sk1fk1fl1.tiff,r08c03f19p01-ch4sk1fk1fl1.tiff,H03_s19,5,high,,5_high,train
HepatoPAC Islands 20260413,H03,20,r08c03f20p01-ch1sk1fk1fl1.tiff,r08c03f20p01-ch6sk1fk1fl1.tiff,r08c03f20p01-ch2sk1fk1fl1.tiff,r08c03f20p01-ch5sk1fk1fl1.tiff,r08c03f20p01-ch3sk1fk1fl1.tiff,r08c03f20p01-ch4sk1fk1fl1.tiff,H03_s20,5,high,,5_high,train
HepatoPAC Islands 20260413,H03,21,r08c03f21p01-ch1sk1fk1fl1.tiff,r08c03f21p01-ch6sk1fk1fl1.tiff,r08c03f21p01-ch2sk1fk1fl1.tiff,r08c03f21p01-ch5sk1fk1fl1.tiff,r08c03f21p01-ch3sk1fk1fl1.tiff,r08c03f21p01-ch4sk1fk1fl1.tiff,H03_s21,5,high,,5_high,train
HepatoPAC Islands 20260413,H03,22,r08c03f22p01-ch1sk1fk1fl1.tiff,r08c03f22p01-ch6sk1fk1fl1.tiff,r08c03f22p01-ch2sk1fk1fl1.tiff,r08c03f22p01-ch5sk1fk1fl1.tiff,r08c03f22p01-ch3sk1fk1fl1.tiff,r08c03f22p01-ch4sk1fk1fl1.tiff,H03_s22,5,high,,5_high,train
HepatoPAC Islands 20260413,H03,23,r08c03f23p01-ch1sk1fk1fl1.tiff,r08c03f23p01-ch6sk1fk1fl1.tiff,r08c03f23p01-ch2sk1fk1fl1.tiff,r08c03f23p01-ch5sk1fk1fl1.tiff,r08c03f23p01-ch3sk1fk1fl1.tiff,r08c03f23p01-ch4sk1fk1fl1.tiff,H03_s23,5,high,,5_high,train
HepatoPAC Islands 20260413,H03,24,r08c03f24p01-ch1sk1fk1fl1.tiff,r08c03f24p01-ch6sk1fk1fl1.tiff,r08c03f24p01-ch2sk1fk1fl1.tiff,r08c03f24p01-ch5sk1fk1fl1.tiff,r08c03f24p01-ch3sk1fk1fl1.tiff,r08c03f24p01-ch4sk1fk1fl1.tiff,H03_s24,5,high,,5_high,train
HepatoPAC Islands 20260413,H03,25,r08c03f25p01-ch1sk1fk1fl1.tiff,r08c03f25p01-ch6sk1fk1fl1.tiff,r08c03f25p01-ch2sk1fk1fl1.tiff,r08c03f25p01-ch5sk1fk1fl1.tiff,r08c03f25p01-ch3sk1fk1fl1.tiff,r08c03f25p01-ch4sk1fk1fl1.tiff,H03_s25,5,high,,5_high,train
HepatoPAC Islands 20260413,H03,26,r08c03f26p01-ch1sk1fk1fl1.tiff,r08c03f26p01-ch6sk1fk1fl1.tiff,r08c03f26p01-ch2sk1fk1fl1.tiff,r08c03f26p01-ch5sk1fk1fl1.tiff,r08c03f26p01-ch3sk1fk1fl1.tiff,r08c03f26p01-ch4sk1fk1fl1.tiff,H03_s26,5,high,,5_high,train
HepatoPAC Islands 20260413,H03,27,r08c03f27p01-ch1sk1fk1fl1.tiff,r08c03f27p01-ch6sk1fk1fl1.tiff,r08c03f27p01-ch2sk1fk1fl1.tiff,r08c03f27p01-ch5sk1fk1fl1.tiff,r08c03f27p01-ch3sk1fk1fl1.tiff,r08c03f27p01-ch4sk1fk1fl1.tiff,H03_s27,5,high,,5_high,train
HepatoPAC Islands 20260413,H03,28,r08c03f28p01-ch1sk1fk1fl1.tiff,r08c03f28p01-ch6sk1fk1fl1.tiff,r08c03f28p01-ch2sk1fk1fl1.tiff,r08c03f28p01-ch5sk1fk1fl1.tiff,r08c03f28p01-ch3sk1fk1fl1.tiff,r08c03f28p01-ch4sk1fk1fl1.tiff,H03_s28,5,high,,5_high,train
HepatoPAC Islands 20260413,H03,29,r08c03f29p01-ch1sk1fk1fl1.tiff,r08c03f29p01-ch6sk1fk1fl1.tiff,r08c03f29p01-ch2sk1fk1fl1.tiff,r08c03f29p01-ch5sk1fk1fl1.tiff,r08c03f29p01-ch3sk1fk1fl1.tiff,r08c03f29p01-ch4sk1fk1fl1.tiff,H03_s29,5,high,,5_high,train
HepatoPAC Islands 20260413,H03,30,r08c03f30p01-ch1sk1fk1fl1.tiff,r08c03f30p01-ch6sk1fk1fl1.tiff,r08c03f30p01-ch2sk1fk1fl1.tiff,r08c03f30p01-ch5sk1fk1fl1.tiff,r08c03f30p01-ch3sk1fk1fl1.tiff,r08c03f30p01-ch4sk1fk1fl1.tiff,H03_s30,5,high,,5_high,train
HepatoPAC Islands 20260413,H03,31,r08c03f31p01-ch1sk1fk1fl1.tiff,r08c03f31p01-ch6sk1fk1fl1.tiff,r08c03f31p01-ch2sk1fk1fl1.tiff,r08c03f31p01-ch5sk1fk1fl1.tiff,r08c03f31p01-ch3sk1fk1fl1.tiff,r08c03f31p01-ch4sk1fk1fl1.tiff,H03_s31,5,high,,5_high,train
HepatoPAC Islands 20260413,H03,32,r08c03f32p01-ch1sk1fk1fl1.tiff,r08c03f32p01-ch6sk1fk1fl1.tiff,r08c03f32p01-ch2sk1fk1fl1.tiff,r08c03f32p01-ch5sk1fk1fl1.tiff,r08c03f32p01-ch3sk1fk1fl1.tiff,r08c03f32p01-ch4sk1fk1fl1.tiff,H03_s32,5,high,,5_high,train
HepatoPAC Islands 20260413,H03,33,r08c03f33p01-ch1sk1fk1fl1.tiff,r08c03f33p01-ch6sk1fk1fl1.tiff,r08c03f33p01-ch2sk1fk1fl1.tiff,r08c03f33p01-ch5sk1fk1fl1.tiff,r08c03f33p01-ch3sk1fk1fl1.tiff,r08c03f33p01-ch4sk1fk1fl1.tiff,H03_s33,5,high,,5_high,train
HepatoPAC Islands 20260413,H03,34,r08c03f34p01-ch1sk1fk1fl1.tiff,r08c03f34p01-ch6sk1fk1fl1.tiff,r08c03f34p01-ch2sk1fk1fl1.tiff,r08c03f34p01-ch5sk1fk1fl1.tiff,r08c03f34p01-ch3sk1fk1fl1.tiff,r08c03f34p01-ch4sk1fk1fl1.tiff,H03_s34,5,high,,5_high,train
HepatoPAC Islands 20260413,H03,35,r08c03f35p01-ch1sk1fk1fl1.tiff,r08c03f35p01-ch6sk1fk1fl1.tiff,r08c03f35p01-ch2sk1fk1fl1.tiff,r08c03f35p01-ch5sk1fk1fl1.tiff,r08c03f35p01-ch3sk1fk1fl1.tiff,r08c03f35p01-ch4sk1fk1fl1.tiff,H03_s35,5,high,,5_high,train
HepatoPAC Islands 20260413,H03,36,r08c03f36p01-ch1sk1fk1fl1.tiff,r08c03f36p01-ch6sk1fk1fl1.tiff,r08c03f36p01-ch2sk1fk1fl1.tiff,r08c03f36p01-ch5sk1fk1fl1.tiff,r08c03f36p01-ch3sk1fk1fl1.tiff,r08c03f36p01-ch4sk1fk1fl1.tiff,H03_s36,5,high,,5_high,train
HepatoPAC Islands 20260413,H03,37,r08c03f37p01-ch1sk1fk1fl1.tiff,r08c03f37p01-ch6sk1fk1fl1.tiff,r08c03f37p01-ch2sk1fk1fl1.tiff,r08c03f37p01-ch5sk1fk1fl1.tiff,r08c03f37p01-ch3sk1fk1fl1.tiff,r08c03f37p01-ch4sk1fk1fl1.tiff,H03_s37,5,high,,5_high,train
HepatoPAC Islands 20260413,H03,38,r08c03f38p01-ch1sk1fk1fl1.tiff,r08c03f38p01-ch6sk1fk1fl1.tiff,r08c03f38p01-ch2sk1fk1fl1.tiff,r08c03f38p01-ch5sk1fk1fl1.tiff,r08c03f38p01-ch3sk1fk1fl1.tiff,r08c03f38p01-ch4sk1fk1fl1.tiff,H03_s38,5,high,,5_high,train
HepatoPAC Islands 20260413,H03,39,r08c03f39p01-ch1sk1fk1fl1.tiff,r08c03f39p01-ch6sk1fk1fl1.tiff,r08c03f39p01-ch2sk1fk1fl1.tiff,r08c03f39p01-ch5sk1fk1fl1.tiff,r08c03f39p01-ch3sk1fk1fl1.tiff,r08c03f39p01-ch4sk1fk1fl1.tiff,H03_s39,5,high,,5_high,train
HepatoPAC Islands 20260413,H03,40,r08c03f40p01-ch1sk1fk1fl1.tiff,r08c03f40p01-ch6sk1fk1fl1.tiff,r08c03f40p01-ch2sk1fk1fl1.tiff,r08c03f40p01-ch5sk1fk1fl1.tiff,r08c03f40p01-ch3sk1fk1fl1.tiff,r08c03f40p01-ch4sk1fk1fl1.tiff,H03_s40,5,high,,5_high,train
HepatoPAC Islands 20260413,H03,41,r08c03f41p01-ch1sk1fk1fl1.tiff,r08c03f41p01-ch6sk1fk1fl1.tiff,r08c03f41p01-ch2sk1fk1fl1.tiff,r08c03f41p01-ch5sk1fk1fl1.tiff,r08c03f41p01-ch3sk1fk1fl1.tiff,r08c03f41p01-ch4sk1fk1fl1.tiff,H03_s41,5,high,,5_high,train
HepatoPAC Islands 20260413,H03,42,r08c03f42p01-ch1sk1fk1fl1.tiff,r08c03f42p01-ch6sk1fk1fl1.tiff,r08c03f42p01-ch2sk1fk1fl1.tiff,r08c03f42p01-ch5sk1fk1fl1.tiff,r08c03f42p01-ch3sk1fk1fl1.tiff,r08c03f42p01-ch4sk1fk1fl1.tiff,H03_s42,5,high,,5_high,train
HepatoPAC Islands 20260413,H03,43,r08c03f43p01-ch1sk1fk1fl1.tiff,r08c03f43p01-ch6sk1fk1fl1.tiff,r08c03f43p01-ch2sk1fk1fl1.tiff,r08c03f43p01-ch5sk1fk1fl1.tiff,r08c03f43p01-ch3sk1fk1fl1.tiff,r08c03f43p01-ch4sk1fk1fl1.tiff,H03_s43,5,high,,5_high,train
HepatoPAC Islands 20260413,H03,44,r08c03f44p01-ch1sk1fk1fl1.tiff,r08c03f44p01-ch6sk1fk1fl1.tiff,r08c03f44p01-ch2sk1fk1fl1.tiff,r08c03f44p01-ch5sk1fk1fl1.tiff,r08c03f44p01-ch3sk1fk1fl1.tiff,r08c03f44p01-ch4sk1fk1fl1.tiff,H03_s44,5,high,,5_high,train
HepatoPAC Islands 20260413,H03,45,r08c03f45p01-ch1sk1fk1fl1.tiff,r08c03f45p01-ch6sk1fk1fl1.tiff,r08c03f45p01-ch2sk1fk1fl1.tiff,r08c03f45p01-ch5sk1fk1fl1.tiff,r08c03f45p01-ch3sk1fk1fl1.tiff,r08c03f45p01-ch4sk1fk1fl1.tiff,H03_s45,5,high,,5_high,train
HepatoPAC Islands 20260413,H03,46,r08c03f46p01-ch1sk1fk1fl1.tiff,r08c03f46p01-ch6sk1fk1fl1.tiff,r08c03f46p01-ch2sk1fk1fl1.tiff,r08c03f46p01-ch5sk1fk1fl1.tiff,r08c03f46p01-ch3sk1fk1fl1.tiff,r08c03f46p01-ch4sk1fk1fl1.tiff,H03_s46,5,high,,5_high,train
HepatoPAC Islands 20260413,H03,47,r08c03f47p01-ch1sk1fk1fl1.tiff,r08c03f47p01-ch6sk1fk1fl1.tiff,r08c03f47p01-ch2sk1fk1fl1.tiff,r08c03f47p01-ch5sk1fk1fl1.tiff,r08c03f47p01-ch3sk1fk1fl1.tiff,r08c03f47p01-ch4sk1fk1fl1.tiff,H03_s47,5,high,,5_high,train
HepatoPAC Islands 20260413,H03,48,r08c03f48p01-ch1sk1fk1fl1.tiff,r08c03f48p01-ch6sk1fk1fl1.tiff,r08c03f48p01-ch2sk1fk1fl1.tiff,r08c03f48p01-ch5sk1fk1fl1.tiff,r08c03f48p01-ch3sk1fk1fl1.tiff,r08c03f48p01-ch4sk1fk1fl1.tiff,H03_s48,5,high,,5_high,train
HepatoPAC Islands 20260413,H03,49,r08c03f49p01-ch1sk1fk1fl1.tiff,r08c03f49p01-ch6sk1fk1fl1.tiff,r08c03f49p01-ch2sk1fk1fl1.tiff,r08c03f49p01-ch5sk1fk1fl1.tiff,r08c03f49p01-ch3sk1fk1fl1.tiff,r08c03f49p01-ch4sk1fk1fl1.tiff,H03_s49,5,high,,5_high,train
HepatoPAC Islands 20260413,H04,1,r08c04f01p01-ch1sk1fk1fl1.tiff,r08c04f01p01-ch6sk1fk1fl1.tiff,r08c04f01p01-ch2sk1fk1fl1.tiff,r08c04f01p01-ch5sk1fk1fl1.tiff,r08c04f01p01-ch3sk1fk1fl1.tiff,r08c04f01p01-ch4sk1fk1fl1.tiff,H04_s01,1,high,,1_high,train
HepatoPAC Islands 20260413,H04,2,r08c04f02p01-ch1sk1fk1fl1.tiff,r08c04f02p01-ch6sk1fk1fl1.tiff,r08c04f02p01-ch2sk1fk1fl1.tiff,r08c04f02p01-ch5sk1fk1fl1.tiff,r08c04f02p01-ch3sk1fk1fl1.tiff,r08c04f02p01-ch4sk1fk1fl1.tiff,H04_s02,1,high,,1_high,train
HepatoPAC Islands 20260413,H04,3,r08c04f03p01-ch1sk1fk1fl1.tiff,r08c04f03p01-ch6sk1fk1fl1.tiff,r08c04f03p01-ch2sk1fk1fl1.tiff,r08c04f03p01-ch5sk1fk1fl1.tiff,r08c04f03p01-ch3sk1fk1fl1.tiff,r08c04f03p01-ch4sk1fk1fl1.tiff,H04_s03,1,high,,1_high,train
HepatoPAC Islands 20260413,H04,4,r08c04f04p01-ch1sk1fk1fl1.tiff,r08c04f04p01-ch6sk1fk1fl1.tiff,r08c04f04p01-ch2sk1fk1fl1.tiff,r08c04f04p01-ch5sk1fk1fl1.tiff,r08c04f04p01-ch3sk1fk1fl1.tiff,r08c04f04p01-ch4sk1fk1fl1.tiff,H04_s04,1,high,,1_high,train
HepatoPAC Islands 20260413,H04,5,r08c04f05p01-ch1sk1fk1fl1.tiff,r08c04f05p01-ch6sk1fk1fl1.tiff,r08c04f05p01-ch2sk1fk1fl1.tiff,r08c04f05p01-ch5sk1fk1fl1.tiff,r08c04f05p01-ch3sk1fk1fl1.tiff,r08c04f05p01-ch4sk1fk1fl1.tiff,H04_s05,1,high,,1_high,train
HepatoPAC Islands 20260413,H04,6,r08c04f06p01-ch1sk1fk1fl1.tiff,r08c04f06p01-ch6sk1fk1fl1.tiff,r08c04f06p01-ch2sk1fk1fl1.tiff,r08c04f06p01-ch5sk1fk1fl1.tiff,r08c04f06p01-ch3sk1fk1fl1.tiff,r08c04f06p01-ch4sk1fk1fl1.tiff,H04_s06,1,high,,1_high,train
HepatoPAC Islands 20260413,H04,7,r08c04f07p01-ch1sk1fk1fl1.tiff,r08c04f07p01-ch6sk1fk1fl1.tiff,r08c04f07p01-ch2sk1fk1fl1.tiff,r08c04f07p01-ch5sk1fk1fl1.tiff,r08c04f07p01-ch3sk1fk1fl1.tiff,r08c04f07p01-ch4sk1fk1fl1.tiff,H04_s07,1,high,,1_high,train
HepatoPAC Islands 20260413,H04,8,r08c04f08p01-ch1sk1fk1fl1.tiff,r08c04f08p01-ch6sk1fk1fl1.tiff,r08c04f08p01-ch2sk1fk1fl1.tiff,r08c04f08p01-ch5sk1fk1fl1.tiff,r08c04f08p01-ch3sk1fk1fl1.tiff,r08c04f08p01-ch4sk1fk1fl1.tiff,H04_s08,1,high,,1_high,train
HepatoPAC Islands 20260413,H04,9,r08c04f09p01-ch1sk1fk1fl1.tiff,r08c04f09p01-ch6sk1fk1fl1.tiff,r08c04f09p01-ch2sk1fk1fl1.tiff,r08c04f09p01-ch5sk1fk1fl1.tiff,r08c04f09p01-ch3sk1fk1fl1.tiff,r08c04f09p01-ch4sk1fk1fl1.tiff,H04_s09,1,high,,1_high,train
HepatoPAC Islands 20260413,H04,10,r08c04f10p01-ch1sk1fk1fl1.tiff,r08c04f10p01-ch6sk1fk1fl1.tiff,r08c04f10p01-ch2sk1fk1fl1.tiff,r08c04f10p01-ch5sk1fk1fl1.tiff,r08c04f10p01-ch3sk1fk1fl1.tiff,r08c04f10p01-ch4sk1fk1fl1.tiff,H04_s10,1,high,,1_high,train
HepatoPAC Islands 20260413,H04,11,r08c04f11p01-ch1sk1fk1fl1.tiff,r08c04f11p01-ch6sk1fk1fl1.tiff,r08c04f11p01-ch2sk1fk1fl1.tiff,r08c04f11p01-ch5sk1fk1fl1.tiff,r08c04f11p01-ch3sk1fk1fl1.tiff,r08c04f11p01-ch4sk1fk1fl1.tiff,H04_s11,1,high,,1_high,train
HepatoPAC Islands 20260413,H04,12,r08c04f12p01-ch1sk1fk1fl1.tiff,r08c04f12p01-ch6sk1fk1fl1.tiff,r08c04f12p01-ch2sk1fk1fl1.tiff,r08c04f12p01-ch5sk1fk1fl1.tiff,r08c04f12p01-ch3sk1fk1fl1.tiff,r08c04f12p01-ch4sk1fk1fl1.tiff,H04_s12,1,high,,1_high,train
HepatoPAC Islands 20260413,H04,13,r08c04f13p01-ch1sk1fk1fl1.tiff,r08c04f13p01-ch6sk1fk1fl1.tiff,r08c04f13p01-ch2sk1fk1fl1.tiff,r08c04f13p01-ch5sk1fk1fl1.tiff,r08c04f13p01-ch3sk1fk1fl1.tiff,r08c04f13p01-ch4sk1fk1fl1.tiff,H04_s13,1,high,,1_high,train
HepatoPAC Islands 20260413,H04,14,r08c04f14p01-ch1sk1fk1fl1.tiff,r08c04f14p01-ch6sk1fk1fl1.tiff,r08c04f14p01-ch2sk1fk1fl1.tiff,r08c04f14p01-ch5sk1fk1fl1.tiff,r08c04f14p01-ch3sk1fk1fl1.tiff,r08c04f14p01-ch4sk1fk1fl1.tiff,H04_s14,1,high,,1_high,train
HepatoPAC Islands 20260413,H04,15,r08c04f15p01-ch1sk1fk1fl1.tiff,r08c04f15p01-ch6sk1fk1fl1.tiff,r08c04f15p01-ch2sk1fk1fl1.tiff,r08c04f15p01-ch5sk1fk1fl1.tiff,r08c04f15p01-ch3sk1fk1fl1.tiff,r08c04f15p01-ch4sk1fk1fl1.tiff,H04_s15,1,high,,1_high,train
HepatoPAC Islands 20260413,H04,16,r08c04f16p01-ch1sk1fk1fl1.tiff,r08c04f16p01-ch6sk1fk1fl1.tiff,r08c04f16p01-ch2sk1fk1fl1.tiff,r08c04f16p01-ch5sk1fk1fl1.tiff,r08c04f16p01-ch3sk1fk1fl1.tiff,r08c04f16p01-ch4sk1fk1fl1.tiff,H04_s16,1,high,,1_high,train
HepatoPAC Islands 20260413,H04,17,r08c04f17p01-ch1sk1fk1fl1.tiff,r08c04f17p01-ch6sk1fk1fl1.tiff,r08c04f17p01-ch2sk1fk1fl1.tiff,r08c04f17p01-ch5sk1fk1fl1.tiff,r08c04f17p01-ch3sk1fk1fl1.tiff,r08c04f17p01-ch4sk1fk1fl1.tiff,H04_s17,1,high,,1_high,train
HepatoPAC Islands 20260413,H04,18,r08c04f18p01-ch1sk1fk1fl1.tiff,r08c04f18p01-ch6sk1fk1fl1.tiff,r08c04f18p01-ch2sk1fk1fl1.tiff,r08c04f18p01-ch5sk1fk1fl1.tiff,r08c04f18p01-ch3sk1fk1fl1.tiff,r08c04f18p01-ch4sk1fk1fl1.tiff,H04_s18,1,high,,1_high,train
HepatoPAC Islands 20260413,H04,19,r08c04f19p01-ch1sk1fk1fl1.tiff,r08c04f19p01-ch6sk1fk1fl1.tiff,r08c04f19p01-ch2sk1fk1fl1.tiff,r08c04f19p01-ch5sk1fk1fl1.tiff,r08c04f19p01-ch3sk1fk1fl1.tiff,r08c04f19p01-ch4sk1fk1fl1.tiff,H04_s19,1,high,,1_high,train
HepatoPAC Islands 20260413,H04,20,r08c04f20p01-ch1sk1fk1fl1.tiff,r08c04f20p01-ch6sk1fk1fl1.tiff,r08c04f20p01-ch2sk1fk1fl1.tiff,r08c04f20p01-ch5sk1fk1fl1.tiff,r08c04f20p01-ch3sk1fk1fl1.tiff,r08c04f20p01-ch4sk1fk1fl1.tiff,H04_s20,1,high,,1_high,train
HepatoPAC Islands 20260413,H04,21,r08c04f21p01-ch1sk1fk1fl1.tiff,r08c04f21p01-ch6sk1fk1fl1.tiff,r08c04f21p01-ch2sk1fk1fl1.tiff,r08c04f21p01-ch5sk1fk1fl1.tiff,r08c04f21p01-ch3sk1fk1fl1.tiff,r08c04f21p01-ch4sk1fk1fl1.tiff,H04_s21,1,high,,1_high,train
HepatoPAC Islands 20260413,H04,22,r08c04f22p01-ch1sk1fk1fl1.tiff,r08c04f22p01-ch6sk1fk1fl1.tiff,r08c04f22p01-ch2sk1fk1fl1.tiff,r08c04f22p01-ch5sk1fk1fl1.tiff,r08c04f22p01-ch3sk1fk1fl1.tiff,r08c04f22p01-ch4sk1fk1fl1.tiff,H04_s22,1,high,,1_high,train
HepatoPAC Islands 20260413,H04,23,r08c04f23p01-ch1sk1fk1fl1.tiff,r08c04f23p01-ch6sk1fk1fl1.tiff,r08c04f23p01-ch2sk1fk1fl1.tiff,r08c04f23p01-ch5sk1fk1fl1.tiff,r08c04f23p01-ch3sk1fk1fl1.tiff,r08c04f23p01-ch4sk1fk1fl1.tiff,H04_s23,1,high,,1_high,train
HepatoPAC Islands 20260413,H04,24,r08c04f24p01-ch1sk1fk1fl1.tiff,r08c04f24p01-ch6sk1fk1fl1.tiff,r08c04f24p01-ch2sk1fk1fl1.tiff,r08c04f24p01-ch5sk1fk1fl1.tiff,r08c04f24p01-ch3sk1fk1fl1.tiff,r08c04f24p01-ch4sk1fk1fl1.tiff,H04_s24,1,high,,1_high,train
HepatoPAC Islands 20260413,H04,25,r08c04f25p01-ch1sk1fk1fl1.tiff,r08c04f25p01-ch6sk1fk1fl1.tiff,r08c04f25p01-ch2sk1fk1fl1.tiff,r08c04f25p01-ch5sk1fk1fl1.tiff,r08c04f25p01-ch3sk1fk1fl1.tiff,r08c04f25p01-ch4sk1fk1fl1.tiff,H04_s25,1,high,,1_high,train
HepatoPAC Islands 20260413,H04,26,r08c04f26p01-ch1sk1fk1fl1.tiff,r08c04f26p01-ch6sk1fk1fl1.tiff,r08c04f26p01-ch2sk1fk1fl1.tiff,r08c04f26p01-ch5sk1fk1fl1.tiff,r08c04f26p01-ch3sk1fk1fl1.tiff,r08c04f26p01-ch4sk1fk1fl1.tiff,H04_s26,1,high,,1_high,train
HepatoPAC Islands 20260413,H04,27,r08c04f27p01-ch1sk1fk1fl1.tiff,r08c04f27p01-ch6sk1fk1fl1.tiff,r08c04f27p01-ch2sk1fk1fl1.tiff,r08c04f27p01-ch5sk1fk1fl1.tiff,r08c04f27p01-ch3sk1fk1fl1.tiff,r08c04f27p01-ch4sk1fk1fl1.tiff,H04_s27,1,high,,1_high,train
HepatoPAC Islands 20260413,H04,28,r08c04f28p01-ch1sk1fk1fl1.tiff,r08c04f28p01-ch6sk1fk1fl1.tiff,r08c04f28p01-ch2sk1fk1fl1.tiff,r08c04f28p01-ch5sk1fk1fl1.tiff,r08c04f28p01-ch3sk1fk1fl1.tiff,r08c04f28p01-ch4sk1fk1fl1.tiff,H04_s28,1,high,,1_high,train
HepatoPAC Islands 20260413,H04,29,r08c04f29p01-ch1sk1fk1fl1.tiff,r08c04f29p01-ch6sk1fk1fl1.tiff,r08c04f29p01-ch2sk1fk1fl1.tiff,r08c04f29p01-ch5sk1fk1fl1.tiff,r08c04f29p01-ch3sk1fk1fl1.tiff,r08c04f29p01-ch4sk1fk1fl1.tiff,H04_s29,1,high,,1_high,train
HepatoPAC Islands 20260413,H04,30,r08c04f30p01-ch1sk1fk1fl1.tiff,r08c04f30p01-ch6sk1fk1fl1.tiff,r08c04f30p01-ch2sk1fk1fl1.tiff,r08c04f30p01-ch5sk1fk1fl1.tiff,r08c04f30p01-ch3sk1fk1fl1.tiff,r08c04f30p01-ch4sk1fk1fl1.tiff,H04_s30,1,high,,1_high,train
HepatoPAC Islands 20260413,H04,31,r08c04f31p01-ch1sk1fk1fl1.tiff,r08c04f31p01-ch6sk1fk1fl1.tiff,r08c04f31p01-ch2sk1fk1fl1.tiff,r08c04f31p01-ch5sk1fk1fl1.tiff,r08c04f31p01-ch3sk1fk1fl1.tiff,r08c04f31p01-ch4sk1fk1fl1.tiff,H04_s31,1,high,,1_high,train
HepatoPAC Islands 20260413,H04,32,r08c04f32p01-ch1sk1fk1fl1.tiff,r08c04f32p01-ch6sk1fk1fl1.tiff,r08c04f32p01-ch2sk1fk1fl1.tiff,r08c04f32p01-ch5sk1fk1fl1.tiff,r08c04f32p01-ch3sk1fk1fl1.tiff,r08c04f32p01-ch4sk1fk1fl1.tiff,H04_s32,1,high,,1_high,train
HepatoPAC Islands 20260413,H04,33,r08c04f33p01-ch1sk1fk1fl1.tiff,r08c04f33p01-ch6sk1fk1fl1.tiff,r08c04f33p01-ch2sk1fk1fl1.tiff,r08c04f33p01-ch5sk1fk1fl1.tiff,r08c04f33p01-ch3sk1fk1fl1.tiff,r08c04f33p01-ch4sk1fk1fl1.tiff,H04_s33,1,high,,1_high,train
HepatoPAC Islands 20260413,H04,34,r08c04f34p01-ch1sk1fk1fl1.tiff,r08c04f34p01-ch6sk1fk1fl1.tiff,r08c04f34p01-ch2sk1fk1fl1.tiff,r08c04f34p01-ch5sk1fk1fl1.tiff,r08c04f34p01-ch3sk1fk1fl1.tiff,r08c04f34p01-ch4sk1fk1fl1.tiff,H04_s34,1,high,,1_high,train
HepatoPAC Islands 20260413,H04,35,r08c04f35p01-ch1sk1fk1fl1.tiff,r08c04f35p01-ch6sk1fk1fl1.tiff,r08c04f35p01-ch2sk1fk1fl1.tiff,r08c04f35p01-ch5sk1fk1fl1.tiff,r08c04f35p01-ch3sk1fk1fl1.tiff,r08c04f35p01-ch4sk1fk1fl1.tiff,H04_s35,1,high,,1_high,train
HepatoPAC Islands 20260413,H04,36,r08c04f36p01-ch1sk1fk1fl1.tiff,r08c04f36p01-ch6sk1fk1fl1.tiff,r08c04f36p01-ch2sk1fk1fl1.tiff,r08c04f36p01-ch5sk1fk1fl1.tiff,r08c04f36p01-ch3sk1fk1fl1.tiff,r08c04f36p01-ch4sk1fk1fl1.tiff,H04_s36,1,high,,1_high,train
HepatoPAC Islands 20260413,H04,37,r08c04f37p01-ch1sk1fk1fl1.tiff,r08c04f37p01-ch6sk1fk1fl1.tiff,r08c04f37p01-ch2sk1fk1fl1.tiff,r08c04f37p01-ch5sk1fk1fl1.tiff,r08c04f37p01-ch3sk1fk1fl1.tiff,r08c04f37p01-ch4sk1fk1fl1.tiff,H04_s37,1,high,,1_high,train
HepatoPAC Islands 20260413,H04,38,r08c04f38p01-ch1sk1fk1fl1.tiff,r08c04f38p01-ch6sk1fk1fl1.tiff,r08c04f38p01-ch2sk1fk1fl1.tiff,r08c04f38p01-ch5sk1fk1fl1.tiff,r08c04f38p01-ch3sk1fk1fl1.tiff,r08c04f38p01-ch4sk1fk1fl1.tiff,H04_s38,1,high,,1_high,train
HepatoPAC Islands 20260413,H04,39,r08c04f39p01-ch1sk1fk1fl1.tiff,r08c04f39p01-ch6sk1fk1fl1.tiff,r08c04f39p01-ch2sk1fk1fl1.tiff,r08c04f39p01-ch5sk1fk1fl1.tiff,r08c04f39p01-ch3sk1fk1fl1.tiff,r08c04f39p01-ch4sk1fk1fl1.tiff,H04_s39,1,high,,1_high,train
HepatoPAC Islands 20260413,H04,40,r08c04f40p01-ch1sk1fk1fl1.tiff,r08c04f40p01-ch6sk1fk1fl1.tiff,r08c04f40p01-ch2sk1fk1fl1.tiff,r08c04f40p01-ch5sk1fk1fl1.tiff,r08c04f40p01-ch3sk1fk1fl1.tiff,r08c04f40p01-ch4sk1fk1fl1.tiff,H04_s40,1,high,,1_high,train
HepatoPAC Islands 20260413,H04,41,r08c04f41p01-ch1sk1fk1fl1.tiff,r08c04f41p01-ch6sk1fk1fl1.tiff,r08c04f41p01-ch2sk1fk1fl1.tiff,r08c04f41p01-ch5sk1fk1fl1.tiff,r08c04f41p01-ch3sk1fk1fl1.tiff,r08c04f41p01-ch4sk1fk1fl1.tiff,H04_s41,1,high,,1_high,train
HepatoPAC Islands 20260413,H04,42,r08c04f42p01-ch1sk1fk1fl1.tiff,r08c04f42p01-ch6sk1fk1fl1.tiff,r08c04f42p01-ch2sk1fk1fl1.tiff,r08c04f42p01-ch5sk1fk1fl1.tiff,r08c04f42p01-ch3sk1fk1fl1.tiff,r08c04f42p01-ch4sk1fk1fl1.tiff,H04_s42,1,high,,1_high,train
HepatoPAC Islands 20260413,H04,43,r08c04f43p01-ch1sk1fk1fl1.tiff,r08c04f43p01-ch6sk1fk1fl1.tiff,r08c04f43p01-ch2sk1fk1fl1.tiff,r08c04f43p01-ch5sk1fk1fl1.tiff,r08c04f43p01-ch3sk1fk1fl1.tiff,r08c04f43p01-ch4sk1fk1fl1.tiff,H04_s43,1,high,,1_high,train
HepatoPAC Islands 20260413,H04,44,r08c04f44p01-ch1sk1fk1fl1.tiff,r08c04f44p01-ch6sk1fk1fl1.tiff,r08c04f44p01-ch2sk1fk1fl1.tiff,r08c04f44p01-ch5sk1fk1fl1.tiff,r08c04f44p01-ch3sk1fk1fl1.tiff,r08c04f44p01-ch4sk1fk1fl1.tiff,H04_s44,1,high,,1_high,train
HepatoPAC Islands 20260413,H04,45,r08c04f45p01-ch1sk1fk1fl1.tiff,r08c04f45p01-ch6sk1fk1fl1.tiff,r08c04f45p01-ch2sk1fk1fl1.tiff,r08c04f45p01-ch5sk1fk1fl1.tiff,r08c04f45p01-ch3sk1fk1fl1.tiff,r08c04f45p01-ch4sk1fk1fl1.tiff,H04_s45,1,high,,1_high,train
HepatoPAC Islands 20260413,H04,46,r08c04f46p01-ch1sk1fk1fl1.tiff,r08c04f46p01-ch6sk1fk1fl1.tiff,r08c04f46p01-ch2sk1fk1fl1.tiff,r08c04f46p01-ch5sk1fk1fl1.tiff,r08c04f46p01-ch3sk1fk1fl1.tiff,r08c04f46p01-ch4sk1fk1fl1.tiff,H04_s46,1,high,,1_high,train
HepatoPAC Islands 20260413,H04,47,r08c04f47p01-ch1sk1fk1fl1.tiff,r08c04f47p01-ch6sk1fk1fl1.tiff,r08c04f47p01-ch2sk1fk1fl1.tiff,r08c04f47p01-ch5sk1fk1fl1.tiff,r08c04f47p01-ch3sk1fk1fl1.tiff,r08c04f47p01-ch4sk1fk1fl1.tiff,H04_s47,1,high,,1_high,train
HepatoPAC Islands 20260413,H04,48,r08c04f48p01-ch1sk1fk1fl1.tiff,r08c04f48p01-ch6sk1fk1fl1.tiff,r08c04f48p01-ch2sk1fk1fl1.tiff,r08c04f48p01-ch5sk1fk1fl1.tiff,r08c04f48p01-ch3sk1fk1fl1.tiff,r08c04f48p01-ch4sk1fk1fl1.tiff,H04_s48,1,high,,1_high,train
HepatoPAC Islands 20260413,H04,49,r08c04f49p01-ch1sk1fk1fl1.tiff,r08c04f49p01-ch6sk1fk1fl1.tiff,r08c04f49p01-ch2sk1fk1fl1.tiff,r08c04f49p01-ch5sk1fk1fl1.tiff,r08c04f49p01-ch3sk1fk1fl1.tiff,r08c04f49p01-ch4sk1fk1fl1.tiff,H04_s49,1,high,,1_high,train
HepatoPAC Islands 20260413,H05,1,r08c05f01p01-ch1sk1fk1fl1.tiff,r08c05f01p01-ch6sk1fk1fl1.tiff,r08c05f01p01-ch2sk1fk1fl1.tiff,r08c05f01p01-ch5sk1fk1fl1.tiff,r08c05f01p01-ch3sk1fk1fl1.tiff,r08c05f01p01-ch4sk1fk1fl1.tiff,H05_s01,2,high,,2_high,test
HepatoPAC Islands 20260413,H05,2,r08c05f02p01-ch1sk1fk1fl1.tiff,r08c05f02p01-ch6sk1fk1fl1.tiff,r08c05f02p01-ch2sk1fk1fl1.tiff,r08c05f02p01-ch5sk1fk1fl1.tiff,r08c05f02p01-ch3sk1fk1fl1.tiff,r08c05f02p01-ch4sk1fk1fl1.tiff,H05_s02,2,high,,2_high,test
HepatoPAC Islands 20260413,H05,3,r08c05f03p01-ch1sk1fk1fl1.tiff,r08c05f03p01-ch6sk1fk1fl1.tiff,r08c05f03p01-ch2sk1fk1fl1.tiff,r08c05f03p01-ch5sk1fk1fl1.tiff,r08c05f03p01-ch3sk1fk1fl1.tiff,r08c05f03p01-ch4sk1fk1fl1.tiff,H05_s03,2,high,,2_high,test
HepatoPAC Islands 20260413,H05,4,r08c05f04p01-ch1sk1fk1fl1.tiff,r08c05f04p01-ch6sk1fk1fl1.tiff,r08c05f04p01-ch2sk1fk1fl1.tiff,r08c05f04p01-ch5sk1fk1fl1.tiff,r08c05f04p01-ch3sk1fk1fl1.tiff,r08c05f04p01-ch4sk1fk1fl1.tiff,H05_s04,2,high,,2_high,test
HepatoPAC Islands 20260413,H05,5,r08c05f05p01-ch1sk1fk1fl1.tiff,r08c05f05p01-ch6sk1fk1fl1.tiff,r08c05f05p01-ch2sk1fk1fl1.tiff,r08c05f05p01-ch5sk1fk1fl1.tiff,r08c05f05p01-ch3sk1fk1fl1.tiff,r08c05f05p01-ch4sk1fk1fl1.tiff,H05_s05,2,high,,2_high,test
HepatoPAC Islands 20260413,H05,6,r08c05f06p01-ch1sk1fk1fl1.tiff,r08c05f06p01-ch6sk1fk1fl1.tiff,r08c05f06p01-ch2sk1fk1fl1.tiff,r08c05f06p01-ch5sk1fk1fl1.tiff,r08c05f06p01-ch3sk1fk1fl1.tiff,r08c05f06p01-ch4sk1fk1fl1.tiff,H05_s06,2,high,,2_high,test
HepatoPAC Islands 20260413,H05,7,r08c05f07p01-ch1sk1fk1fl1.tiff,r08c05f07p01-ch6sk1fk1fl1.tiff,r08c05f07p01-ch2sk1fk1fl1.tiff,r08c05f07p01-ch5sk1fk1fl1.tiff,r08c05f07p01-ch3sk1fk1fl1.tiff,r08c05f07p01-ch4sk1fk1fl1.tiff,H05_s07,2,high,,2_high,test
HepatoPAC Islands 20260413,H05,8,r08c05f08p01-ch1sk1fk1fl1.tiff,r08c05f08p01-ch6sk1fk1fl1.tiff,r08c05f08p01-ch2sk1fk1fl1.tiff,r08c05f08p01-ch5sk1fk1fl1.tiff,r08c05f08p01-ch3sk1fk1fl1.tiff,r08c05f08p01-ch4sk1fk1fl1.tiff,H05_s08,2,high,,2_high,test
HepatoPAC Islands 20260413,H05,9,r08c05f09p01-ch1sk1fk1fl1.tiff,r08c05f09p01-ch6sk1fk1fl1.tiff,r08c05f09p01-ch2sk1fk1fl1.tiff,r08c05f09p01-ch5sk1fk1fl1.tiff,r08c05f09p01-ch3sk1fk1fl1.tiff,r08c05f09p01-ch4sk1fk1fl1.tiff,H05_s09,2,high,,2_high,test
HepatoPAC Islands 20260413,H05,10,r08c05f10p01-ch1sk1fk1fl1.tiff,r08c05f10p01-ch6sk1fk1fl1.tiff,r08c05f10p01-ch2sk1fk1fl1.tiff,r08c05f10p01-ch5sk1fk1fl1.tiff,r08c05f10p01-ch3sk1fk1fl1.tiff,r08c05f10p01-ch4sk1fk1fl1.tiff,H05_s10,2,high,,2_high,test
HepatoPAC Islands 20260413,H05,11,r08c05f11p01-ch1sk1fk1fl1.tiff,r08c05f11p01-ch6sk1fk1fl1.tiff,r08c05f11p01-ch2sk1fk1fl1.tiff,r08c05f11p01-ch5sk1fk1fl1.tiff,r08c05f11p01-ch3sk1fk1fl1.tiff,r08c05f11p01-ch4sk1fk1fl1.tiff,H05_s11,2,high,,2_high,test
HepatoPAC Islands 20260413,H05,12,r08c05f12p01-ch1sk1fk1fl1.tiff,r08c05f12p01-ch6sk1fk1fl1.tiff,r08c05f12p01-ch2sk1fk1fl1.tiff,r08c05f12p01-ch5sk1fk1fl1.tiff,r08c05f12p01-ch3sk1fk1fl1.tiff,r08c05f12p01-ch4sk1fk1fl1.tiff,H05_s12,2,high,,2_high,test
HepatoPAC Islands 20260413,H05,13,r08c05f13p01-ch1sk1fk1fl1.tiff,r08c05f13p01-ch6sk1fk1fl1.tiff,r08c05f13p01-ch2sk1fk1fl1.tiff,r08c05f13p01-ch5sk1fk1fl1.tiff,r08c05f13p01-ch3sk1fk1fl1.tiff,r08c05f13p01-ch4sk1fk1fl1.tiff,H05_s13,2,high,,2_high,test
HepatoPAC Islands 20260413,H05,14,r08c05f14p01-ch1sk1fk1fl1.tiff,r08c05f14p01-ch6sk1fk1fl1.tiff,r08c05f14p01-ch2sk1fk1fl1.tiff,r08c05f14p01-ch5sk1fk1fl1.tiff,r08c05f14p01-ch3sk1fk1fl1.tiff,r08c05f14p01-ch4sk1fk1fl1.tiff,H05_s14,2,high,,2_high,test
HepatoPAC Islands 20260413,H05,15,r08c05f15p01-ch1sk1fk1fl1.tiff,r08c05f15p01-ch6sk1fk1fl1.tiff,r08c05f15p01-ch2sk1fk1fl1.tiff,r08c05f15p01-ch5sk1fk1fl1.tiff,r08c05f15p01-ch3sk1fk1fl1.tiff,r08c05f15p01-ch4sk1fk1fl1.tiff,H05_s15,2,high,,2_high,test
HepatoPAC Islands 20260413,H05,16,r08c05f16p01-ch1sk1fk1fl1.tiff,r08c05f16p01-ch6sk1fk1fl1.tiff,r08c05f16p01-ch2sk1fk1fl1.tiff,r08c05f16p01-ch5sk1fk1fl1.tiff,r08c05f16p01-ch3sk1fk1fl1.tiff,r08c05f16p01-ch4sk1fk1fl1.tiff,H05_s16,2,high,,2_high,test
HepatoPAC Islands 20260413,H05,17,r08c05f17p01-ch1sk1fk1fl1.tiff,r08c05f17p01-ch6sk1fk1fl1.tiff,r08c05f17p01-ch2sk1fk1fl1.tiff,r08c05f17p01-ch5sk1fk1fl1.tiff,r08c05f17p01-ch3sk1fk1fl1.tiff,r08c05f17p01-ch4sk1fk1fl1.tiff,H05_s17,2,high,,2_high,test
HepatoPAC Islands 20260413,H05,18,r08c05f18p01-ch1sk1fk1fl1.tiff,r08c05f18p01-ch6sk1fk1fl1.tiff,r08c05f18p01-ch2sk1fk1fl1.tiff,r08c05f18p01-ch5sk1fk1fl1.tiff,r08c05f18p01-ch3sk1fk1fl1.tiff,r08c05f18p01-ch4sk1fk1fl1.tiff,H05_s18,2,high,,2_high,test
HepatoPAC Islands 20260413,H05,19,r08c05f19p01-ch1sk1fk1fl1.tiff,r08c05f19p01-ch6sk1fk1fl1.tiff,r08c05f19p01-ch2sk1fk1fl1.tiff,r08c05f19p01-ch5sk1fk1fl1.tiff,r08c05f19p01-ch3sk1fk1fl1.tiff,r08c05f19p01-ch4sk1fk1fl1.tiff,H05_s19,2,high,,2_high,test
HepatoPAC Islands 20260413,H05,20,r08c05f20p01-ch1sk1fk1fl1.tiff,r08c05f20p01-ch6sk1fk1fl1.tiff,r08c05f20p01-ch2sk1fk1fl1.tiff,r08c05f20p01-ch5sk1fk1fl1.tiff,r08c05f20p01-ch3sk1fk1fl1.tiff,r08c05f20p01-ch4sk1fk1fl1.tiff,H05_s20,2,high,,2_high,test
HepatoPAC Islands 20260413,H05,21,r08c05f21p01-ch1sk1fk1fl1.tiff,r08c05f21p01-ch6sk1fk1fl1.tiff,r08c05f21p01-ch2sk1fk1fl1.tiff,r08c05f21p01-ch5sk1fk1fl1.tiff,r08c05f21p01-ch3sk1fk1fl1.tiff,r08c05f21p01-ch4sk1fk1fl1.tiff,H05_s21,2,high,,2_high,test
HepatoPAC Islands 20260413,H05,22,r08c05f22p01-ch1sk1fk1fl1.tiff,r08c05f22p01-ch6sk1fk1fl1.tiff,r08c05f22p01-ch2sk1fk1fl1.tiff,r08c05f22p01-ch5sk1fk1fl1.tiff,r08c05f22p01-ch3sk1fk1fl1.tiff,r08c05f22p01-ch4sk1fk1fl1.tiff,H05_s22,2,high,,2_high,test
HepatoPAC Islands 20260413,H05,23,r08c05f23p01-ch1sk1fk1fl1.tiff,r08c05f23p01-ch6sk1fk1fl1.tiff,r08c05f23p01-ch2sk1fk1fl1.tiff,r08c05f23p01-ch5sk1fk1fl1.tiff,r08c05f23p01-ch3sk1fk1fl1.tiff,r08c05f23p01-ch4sk1fk1fl1.tiff,H05_s23,2,high,,2_high,test
HepatoPAC Islands 20260413,H05,24,r08c05f24p01-ch1sk1fk1fl1.tiff,r08c05f24p01-ch6sk1fk1fl1.tiff,r08c05f24p01-ch2sk1fk1fl1.tiff,r08c05f24p01-ch5sk1fk1fl1.tiff,r08c05f24p01-ch3sk1fk1fl1.tiff,r08c05f24p01-ch4sk1fk1fl1.tiff,H05_s24,2,high,,2_high,test
HepatoPAC Islands 20260413,H05,25,r08c05f25p01-ch1sk1fk1fl1.tiff,r08c05f25p01-ch6sk1fk1fl1.tiff,r08c05f25p01-ch2sk1fk1fl1.tiff,r08c05f25p01-ch5sk1fk1fl1.tiff,r08c05f25p01-ch3sk1fk1fl1.tiff,r08c05f25p01-ch4sk1fk1fl1.tiff,H05_s25,2,high,,2_high,test
HepatoPAC Islands 20260413,H05,26,r08c05f26p01-ch1sk1fk1fl1.tiff,r08c05f26p01-ch6sk1fk1fl1.tiff,r08c05f26p01-ch2sk1fk1fl1.tiff,r08c05f26p01-ch5sk1fk1fl1.tiff,r08c05f26p01-ch3sk1fk1fl1.tiff,r08c05f26p01-ch4sk1fk1fl1.tiff,H05_s26,2,high,,2_high,test
HepatoPAC Islands 20260413,H05,27,r08c05f27p01-ch1sk1fk1fl1.tiff,r08c05f27p01-ch6sk1fk1fl1.tiff,r08c05f27p01-ch2sk1fk1fl1.tiff,r08c05f27p01-ch5sk1fk1fl1.tiff,r08c05f27p01-ch3sk1fk1fl1.tiff,r08c05f27p01-ch4sk1fk1fl1.tiff,H05_s27,2,high,,2_high,test
HepatoPAC Islands 20260413,H05,28,r08c05f28p01-ch1sk1fk1fl1.tiff,r08c05f28p01-ch6sk1fk1fl1.tiff,r08c05f28p01-ch2sk1fk1fl1.tiff,r08c05f28p01-ch5sk1fk1fl1.tiff,r08c05f28p01-ch3sk1fk1fl1.tiff,r08c05f28p01-ch4sk1fk1fl1.tiff,H05_s28,2,high,,2_high,test
HepatoPAC Islands 20260413,H05,29,r08c05f29p01-ch1sk1fk1fl1.tiff,r08c05f29p01-ch6sk1fk1fl1.tiff,r08c05f29p01-ch2sk1fk1fl1.tiff,r08c05f29p01-ch5sk1fk1fl1.tiff,r08c05f29p01-ch3sk1fk1fl1.tiff,r08c05f29p01-ch4sk1fk1fl1.tiff,H05_s29,2,high,,2_high,test
HepatoPAC Islands 20260413,H05,30,r08c05f30p01-ch1sk1fk1fl1.tiff,r08c05f30p01-ch6sk1fk1fl1.tiff,r08c05f30p01-ch2sk1fk1fl1.tiff,r08c05f30p01-ch5sk1fk1fl1.tiff,r08c05f30p01-ch3sk1fk1fl1.tiff,r08c05f30p01-ch4sk1fk1fl1.tiff,H05_s30,2,high,,2_high,test
HepatoPAC Islands 20260413,H05,31,r08c05f31p01-ch1sk1fk1fl1.tiff,r08c05f31p01-ch6sk1fk1fl1.tiff,r08c05f31p01-ch2sk1fk1fl1.tiff,r08c05f31p01-ch5sk1fk1fl1.tiff,r08c05f31p01-ch3sk1fk1fl1.tiff,r08c05f31p01-ch4sk1fk1fl1.tiff,H05_s31,2,high,,2_high,test
HepatoPAC Islands 20260413,H05,32,r08c05f32p01-ch1sk1fk1fl1.tiff,r08c05f32p01-ch6sk1fk1fl1.tiff,r08c05f32p01-ch2sk1fk1fl1.tiff,r08c05f32p01-ch5sk1fk1fl1.tiff,r08c05f32p01-ch3sk1fk1fl1.tiff,r08c05f32p01-ch4sk1fk1fl1.tiff,H05_s32,2,high,,2_high,test
HepatoPAC Islands 20260413,H05,33,r08c05f33p01-ch1sk1fk1fl1.tiff,r08c05f33p01-ch6sk1fk1fl1.tiff,r08c05f33p01-ch2sk1fk1fl1.tiff,r08c05f33p01-ch5sk1fk1fl1.tiff,r08c05f33p01-ch3sk1fk1fl1.tiff,r08c05f33p01-ch4sk1fk1fl1.tiff,H05_s33,2,high,,2_high,test
HepatoPAC Islands 20260413,H05,34,r08c05f34p01-ch1sk1fk1fl1.tiff,r08c05f34p01-ch6sk1fk1fl1.tiff,r08c05f34p01-ch2sk1fk1fl1.tiff,r08c05f34p01-ch5sk1fk1fl1.tiff,r08c05f34p01-ch3sk1fk1fl1.tiff,r08c05f34p01-ch4sk1fk1fl1.tiff,H05_s34,2,high,,2_high,test
HepatoPAC Islands 20260413,H05,35,r08c05f35p01-ch1sk1fk1fl1.tiff,r08c05f35p01-ch6sk1fk1fl1.tiff,r08c05f35p01-ch2sk1fk1fl1.tiff,r08c05f35p01-ch5sk1fk1fl1.tiff,r08c05f35p01-ch3sk1fk1fl1.tiff,r08c05f35p01-ch4sk1fk1fl1.tiff,H05_s35,2,high,,2_high,test
HepatoPAC Islands 20260413,H05,36,r08c05f36p01-ch1sk1fk1fl1.tiff,r08c05f36p01-ch6sk1fk1fl1.tiff,r08c05f36p01-ch2sk1fk1fl1.tiff,r08c05f36p01-ch5sk1fk1fl1.tiff,r08c05f36p01-ch3sk1fk1fl1.tiff,r08c05f36p01-ch4sk1fk1fl1.tiff,H05_s36,2,high,,2_high,test
HepatoPAC Islands 20260413,H05,37,r08c05f37p01-ch1sk1fk1fl1.tiff,r08c05f37p01-ch6sk1fk1fl1.tiff,r08c05f37p01-ch2sk1fk1fl1.tiff,r08c05f37p01-ch5sk1fk1fl1.tiff,r08c05f37p01-ch3sk1fk1fl1.tiff,r08c05f37p01-ch4sk1fk1fl1.tiff,H05_s37,2,high,,2_high,test
HepatoPAC Islands 20260413,H05,38,r08c05f38p01-ch1sk1fk1fl1.tiff,r08c05f38p01-ch6sk1fk1fl1.tiff,r08c05f38p01-ch2sk1fk1fl1.tiff,r08c05f38p01-ch5sk1fk1fl1.tiff,r08c05f38p01-ch3sk1fk1fl1.tiff,r08c05f38p01-ch4sk1fk1fl1.tiff,H05_s38,2,high,,2_high,test
HepatoPAC Islands 20260413,H05,39,r08c05f39p01-ch1sk1fk1fl1.tiff,r08c05f39p01-ch6sk1fk1fl1.tiff,r08c05f39p01-ch2sk1fk1fl1.tiff,r08c05f39p01-ch5sk1fk1fl1.tiff,r08c05f39p01-ch3sk1fk1fl1.tiff,r08c05f39p01-ch4sk1fk1fl1.tiff,H05_s39,2,high,,2_high,test
HepatoPAC Islands 20260413,H05,40,r08c05f40p01-ch1sk1fk1fl1.tiff,r08c05f40p01-ch6sk1fk1fl1.tiff,r08c05f40p01-ch2sk1fk1fl1.tiff,r08c05f40p01-ch5sk1fk1fl1.tiff,r08c05f40p01-ch3sk1fk1fl1.tiff,r08c05f40p01-ch4sk1fk1fl1.tiff,H05_s40,2,high,,2_high,test
HepatoPAC Islands 20260413,H05,41,r08c05f41p01-ch1sk1fk1fl1.tiff,r08c05f41p01-ch6sk1fk1fl1.tiff,r08c05f41p01-ch2sk1fk1fl1.tiff,r08c05f41p01-ch5sk1fk1fl1.tiff,r08c05f41p01-ch3sk1fk1fl1.tiff,r08c05f41p01-ch4sk1fk1fl1.tiff,H05_s41,2,high,,2_high,test
HepatoPAC Islands 20260413,H05,42,r08c05f42p01-ch1sk1fk1fl1.tiff,r08c05f42p01-ch6sk1fk1fl1.tiff,r08c05f42p01-ch2sk1fk1fl1.tiff,r08c05f42p01-ch5sk1fk1fl1.tiff,r08c05f42p01-ch3sk1fk1fl1.tiff,r08c05f42p01-ch4sk1fk1fl1.tiff,H05_s42,2,high,,2_high,test
HepatoPAC Islands 20260413,H05,43,r08c05f43p01-ch1sk1fk1fl1.tiff,r08c05f43p01-ch6sk1fk1fl1.tiff,r08c05f43p01-ch2sk1fk1fl1.tiff,r08c05f43p01-ch5sk1fk1fl1.tiff,r08c05f43p01-ch3sk1fk1fl1.tiff,r08c05f43p01-ch4sk1fk1fl1.tiff,H05_s43,2,high,,2_high,test
HepatoPAC Islands 20260413,H05,44,r08c05f44p01-ch1sk1fk1fl1.tiff,r08c05f44p01-ch6sk1fk1fl1.tiff,r08c05f44p01-ch2sk1fk1fl1.tiff,r08c05f44p01-ch5sk1fk1fl1.tiff,r08c05f44p01-ch3sk1fk1fl1.tiff,r08c05f44p01-ch4sk1fk1fl1.tiff,H05_s44,2,high,,2_high,test
HepatoPAC Islands 20260413,H05,45,r08c05f45p01-ch1sk1fk1fl1.tiff,r08c05f45p01-ch6sk1fk1fl1.tiff,r08c05f45p01-ch2sk1fk1fl1.tiff,r08c05f45p01-ch5sk1fk1fl1.tiff,r08c05f45p01-ch3sk1fk1fl1.tiff,r08c05f45p01-ch4sk1fk1fl1.tiff,H05_s45,2,high,,2_high,test
HepatoPAC Islands 20260413,H05,46,r08c05f46p01-ch1sk1fk1fl1.tiff,r08c05f46p01-ch6sk1fk1fl1.tiff,r08c05f46p01-ch2sk1fk1fl1.tiff,r08c05f46p01-ch5sk1fk1fl1.tiff,r08c05f46p01-ch3sk1fk1fl1.tiff,r08c05f46p01-ch4sk1fk1fl1.tiff,H05_s46,2,high,,2_high,test
HepatoPAC Islands 20260413,H05,47,r08c05f47p01-ch1sk1fk1fl1.tiff,r08c05f47p01-ch6sk1fk1fl1.tiff,r08c05f47p01-ch2sk1fk1fl1.tiff,r08c05f47p01-ch5sk1fk1fl1.tiff,r08c05f47p01-ch3sk1fk1fl1.tiff,r08c05f47p01-ch4sk1fk1fl1.tiff,H05_s47,2,high,,2_high,test
HepatoPAC Islands 20260413,H05,48,r08c05f48p01-ch1sk1fk1fl1.tiff,r08c05f48p01-ch6sk1fk1fl1.tiff,r08c05f48p01-ch2sk1fk1fl1.tiff,r08c05f48p01-ch5sk1fk1fl1.tiff,r08c05f48p01-ch3sk1fk1fl1.tiff,r08c05f48p01-ch4sk1fk1fl1.tiff,H05_s48,2,high,,2_high,test
HepatoPAC Islands 20260413,H05,49,r08c05f49p01-ch1sk1fk1fl1.tiff,r08c05f49p01-ch6sk1fk1fl1.tiff,r08c05f49p01-ch2sk1fk1fl1.tiff,r08c05f49p01-ch5sk1fk1fl1.tiff,r08c05f49p01-ch3sk1fk1fl1.tiff,r08c05f49p01-ch4sk1fk1fl1.tiff,H05_s49,2,high,,2_high,test
HepatoPAC Islands 20260413,H06,1,r08c06f01p01-ch1sk1fk1fl1.tiff,r08c06f01p01-ch6sk1fk1fl1.tiff,r08c06f01p01-ch2sk1fk1fl1.tiff,r08c06f01p01-ch5sk1fk1fl1.tiff,r08c06f01p01-ch3sk1fk1fl1.tiff,r08c06f01p01-ch4sk1fk1fl1.tiff,H06_s01,3,high,,3_high,train
HepatoPAC Islands 20260413,H06,2,r08c06f02p01-ch1sk1fk1fl1.tiff,r08c06f02p01-ch6sk1fk1fl1.tiff,r08c06f02p01-ch2sk1fk1fl1.tiff,r08c06f02p01-ch5sk1fk1fl1.tiff,r08c06f02p01-ch3sk1fk1fl1.tiff,r08c06f02p01-ch4sk1fk1fl1.tiff,H06_s02,3,high,,3_high,train
HepatoPAC Islands 20260413,H06,3,r08c06f03p01-ch1sk1fk1fl1.tiff,r08c06f03p01-ch6sk1fk1fl1.tiff,r08c06f03p01-ch2sk1fk1fl1.tiff,r08c06f03p01-ch5sk1fk1fl1.tiff,r08c06f03p01-ch3sk1fk1fl1.tiff,r08c06f03p01-ch4sk1fk1fl1.tiff,H06_s03,3,high,,3_high,train
HepatoPAC Islands 20260413,H06,4,r08c06f04p01-ch1sk1fk1fl1.tiff,r08c06f04p01-ch6sk1fk1fl1.tiff,r08c06f04p01-ch2sk1fk1fl1.tiff,r08c06f04p01-ch5sk1fk1fl1.tiff,r08c06f04p01-ch3sk1fk1fl1.tiff,r08c06f04p01-ch4sk1fk1fl1.tiff,H06_s04,3,high,,3_high,train
HepatoPAC Islands 20260413,H06,5,r08c06f05p01-ch1sk1fk1fl1.tiff,r08c06f05p01-ch6sk1fk1fl1.tiff,r08c06f05p01-ch2sk1fk1fl1.tiff,r08c06f05p01-ch5sk1fk1fl1.tiff,r08c06f05p01-ch3sk1fk1fl1.tiff,r08c06f05p01-ch4sk1fk1fl1.tiff,H06_s05,3,high,,3_high,train
HepatoPAC Islands 20260413,H06,6,r08c06f06p01-ch1sk1fk1fl1.tiff,r08c06f06p01-ch6sk1fk1fl1.tiff,r08c06f06p01-ch2sk1fk1fl1.tiff,r08c06f06p01-ch5sk1fk1fl1.tiff,r08c06f06p01-ch3sk1fk1fl1.tiff,r08c06f06p01-ch4sk1fk1fl1.tiff,H06_s06,3,high,,3_high,train
HepatoPAC Islands 20260413,H06,7,r08c06f07p01-ch1sk1fk1fl1.tiff,r08c06f07p01-ch6sk1fk1fl1.tiff,r08c06f07p01-ch2sk1fk1fl1.tiff,r08c06f07p01-ch5sk1fk1fl1.tiff,r08c06f07p01-ch3sk1fk1fl1.tiff,r08c06f07p01-ch4sk1fk1fl1.tiff,H06_s07,3,high,,3_high,train
HepatoPAC Islands 20260413,H06,8,r08c06f08p01-ch1sk1fk1fl1.tiff,r08c06f08p01-ch6sk1fk1fl1.tiff,r08c06f08p01-ch2sk1fk1fl1.tiff,r08c06f08p01-ch5sk1fk1fl1.tiff,r08c06f08p01-ch3sk1fk1fl1.tiff,r08c06f08p01-ch4sk1fk1fl1.tiff,H06_s08,3,high,,3_high,train
HepatoPAC Islands 20260413,H06,9,r08c06f09p01-ch1sk1fk1fl1.tiff,r08c06f09p01-ch6sk1fk1fl1.tiff,r08c06f09p01-ch2sk1fk1fl1.tiff,r08c06f09p01-ch5sk1fk1fl1.tiff,r08c06f09p01-ch3sk1fk1fl1.tiff,r08c06f09p01-ch4sk1fk1fl1.tiff,H06_s09,3,high,,3_high,train
HepatoPAC Islands 20260413,H06,10,r08c06f10p01-ch1sk1fk1fl1.tiff,r08c06f10p01-ch6sk1fk1fl1.tiff,r08c06f10p01-ch2sk1fk1fl1.tiff,r08c06f10p01-ch5sk1fk1fl1.tiff,r08c06f10p01-ch3sk1fk1fl1.tiff,r08c06f10p01-ch4sk1fk1fl1.tiff,H06_s10,3,high,,3_high,train
HepatoPAC Islands 20260413,H06,11,r08c06f11p01-ch1sk1fk1fl1.tiff,r08c06f11p01-ch6sk1fk1fl1.tiff,r08c06f11p01-ch2sk1fk1fl1.tiff,r08c06f11p01-ch5sk1fk1fl1.tiff,r08c06f11p01-ch3sk1fk1fl1.tiff,r08c06f11p01-ch4sk1fk1fl1.tiff,H06_s11,3,high,,3_high,train
HepatoPAC Islands 20260413,H06,12,r08c06f12p01-ch1sk1fk1fl1.tiff,r08c06f12p01-ch6sk1fk1fl1.tiff,r08c06f12p01-ch2sk1fk1fl1.tiff,r08c06f12p01-ch5sk1fk1fl1.tiff,r08c06f12p01-ch3sk1fk1fl1.tiff,r08c06f12p01-ch4sk1fk1fl1.tiff,H06_s12,3,high,,3_high,train
HepatoPAC Islands 20260413,H06,13,r08c06f13p01-ch1sk1fk1fl1.tiff,r08c06f13p01-ch6sk1fk1fl1.tiff,r08c06f13p01-ch2sk1fk1fl1.tiff,r08c06f13p01-ch5sk1fk1fl1.tiff,r08c06f13p01-ch3sk1fk1fl1.tiff,r08c06f13p01-ch4sk1fk1fl1.tiff,H06_s13,3,high,,3_high,train
HepatoPAC Islands 20260413,H06,14,r08c06f14p01-ch1sk1fk1fl1.tiff,r08c06f14p01-ch6sk1fk1fl1.tiff,r08c06f14p01-ch2sk1fk1fl1.tiff,r08c06f14p01-ch5sk1fk1fl1.tiff,r08c06f14p01-ch3sk1fk1fl1.tiff,r08c06f14p01-ch4sk1fk1fl1.tiff,H06_s14,3,high,,3_high,train
HepatoPAC Islands 20260413,H06,15,r08c06f15p01-ch1sk1fk1fl1.tiff,r08c06f15p01-ch6sk1fk1fl1.tiff,r08c06f15p01-ch2sk1fk1fl1.tiff,r08c06f15p01-ch5sk1fk1fl1.tiff,r08c06f15p01-ch3sk1fk1fl1.tiff,r08c06f15p01-ch4sk1fk1fl1.tiff,H06_s15,3,high,,3_high,train
HepatoPAC Islands 20260413,H06,16,r08c06f16p01-ch1sk1fk1fl1.tiff,r08c06f16p01-ch6sk1fk1fl1.tiff,r08c06f16p01-ch2sk1fk1fl1.tiff,r08c06f16p01-ch5sk1fk1fl1.tiff,r08c06f16p01-ch3sk1fk1fl1.tiff,r08c06f16p01-ch4sk1fk1fl1.tiff,H06_s16,3,high,,3_high,train
HepatoPAC Islands 20260413,H06,17,r08c06f17p01-ch1sk1fk1fl1.tiff,r08c06f17p01-ch6sk1fk1fl1.tiff,r08c06f17p01-ch2sk1fk1fl1.tiff,r08c06f17p01-ch5sk1fk1fl1.tiff,r08c06f17p01-ch3sk1fk1fl1.tiff,r08c06f17p01-ch4sk1fk1fl1.tiff,H06_s17,3,high,,3_high,train
HepatoPAC Islands 20260413,H06,18,r08c06f18p01-ch1sk1fk1fl1.tiff,r08c06f18p01-ch6sk1fk1fl1.tiff,r08c06f18p01-ch2sk1fk1fl1.tiff,r08c06f18p01-ch5sk1fk1fl1.tiff,r08c06f18p01-ch3sk1fk1fl1.tiff,r08c06f18p01-ch4sk1fk1fl1.tiff,H06_s18,3,high,,3_high,train
HepatoPAC Islands 20260413,H06,19,r08c06f19p01-ch1sk1fk1fl1.tiff,r08c06f19p01-ch6sk1fk1fl1.tiff,r08c06f19p01-ch2sk1fk1fl1.tiff,r08c06f19p01-ch5sk1fk1fl1.tiff,r08c06f19p01-ch3sk1fk1fl1.tiff,r08c06f19p01-ch4sk1fk1fl1.tiff,H06_s19,3,high,,3_high,train
HepatoPAC Islands 20260413,H06,20,r08c06f20p01-ch1sk1fk1fl1.tiff,r08c06f20p01-ch6sk1fk1fl1.tiff,r08c06f20p01-ch2sk1fk1fl1.tiff,r08c06f20p01-ch5sk1fk1fl1.tiff,r08c06f20p01-ch3sk1fk1fl1.tiff,r08c06f20p01-ch4sk1fk1fl1.tiff,H06_s20,3,high,,3_high,train
HepatoPAC Islands 20260413,H06,21,r08c06f21p01-ch1sk1fk1fl1.tiff,r08c06f21p01-ch6sk1fk1fl1.tiff,r08c06f21p01-ch2sk1fk1fl1.tiff,r08c06f21p01-ch5sk1fk1fl1.tiff,r08c06f21p01-ch3sk1fk1fl1.tiff,r08c06f21p01-ch4sk1fk1fl1.tiff,H06_s21,3,high,,3_high,train
HepatoPAC Islands 20260413,H06,22,r08c06f22p01-ch1sk1fk1fl1.tiff,r08c06f22p01-ch6sk1fk1fl1.tiff,r08c06f22p01-ch2sk1fk1fl1.tiff,r08c06f22p01-ch5sk1fk1fl1.tiff,r08c06f22p01-ch3sk1fk1fl1.tiff,r08c06f22p01-ch4sk1fk1fl1.tiff,H06_s22,3,high,,3_high,train
HepatoPAC Islands 20260413,H06,23,r08c06f23p01-ch1sk1fk1fl1.tiff,r08c06f23p01-ch6sk1fk1fl1.tiff,r08c06f23p01-ch2sk1fk1fl1.tiff,r08c06f23p01-ch5sk1fk1fl1.tiff,r08c06f23p01-ch3sk1fk1fl1.tiff,r08c06f23p01-ch4sk1fk1fl1.tiff,H06_s23,3,high,,3_high,train
HepatoPAC Islands 20260413,H06,24,r08c06f24p01-ch1sk1fk1fl1.tiff,r08c06f24p01-ch6sk1fk1fl1.tiff,r08c06f24p01-ch2sk1fk1fl1.tiff,r08c06f24p01-ch5sk1fk1fl1.tiff,r08c06f24p01-ch3sk1fk1fl1.tiff,r08c06f24p01-ch4sk1fk1fl1.tiff,H06_s24,3,high,,3_high,train
HepatoPAC Islands 20260413,H06,25,r08c06f25p01-ch1sk1fk1fl1.tiff,r08c06f25p01-ch6sk1fk1fl1.tiff,r08c06f25p01-ch2sk1fk1fl1.tiff,r08c06f25p01-ch5sk1fk1fl1.tiff,r08c06f25p01-ch3sk1fk1fl1.tiff,r08c06f25p01-ch4sk1fk1fl1.tiff,H06_s25,3,high,,3_high,train
HepatoPAC Islands 20260413,H06,26,r08c06f26p01-ch1sk1fk1fl1.tiff,r08c06f26p01-ch6sk1fk1fl1.tiff,r08c06f26p01-ch2sk1fk1fl1.tiff,r08c06f26p01-ch5sk1fk1fl1.tiff,r08c06f26p01-ch3sk1fk1fl1.tiff,r08c06f26p01-ch4sk1fk1fl1.tiff,H06_s26,3,high,,3_high,train
HepatoPAC Islands 20260413,H06,27,r08c06f27p01-ch1sk1fk1fl1.tiff,r08c06f27p01-ch6sk1fk1fl1.tiff,r08c06f27p01-ch2sk1fk1fl1.tiff,r08c06f27p01-ch5sk1fk1fl1.tiff,r08c06f27p01-ch3sk1fk1fl1.tiff,r08c06f27p01-ch4sk1fk1fl1.tiff,H06_s27,3,high,,3_high,train
HepatoPAC Islands 20260413,H06,28,r08c06f28p01-ch1sk1fk1fl1.tiff,r08c06f28p01-ch6sk1fk1fl1.tiff,r08c06f28p01-ch2sk1fk1fl1.tiff,r08c06f28p01-ch5sk1fk1fl1.tiff,r08c06f28p01-ch3sk1fk1fl1.tiff,r08c06f28p01-ch4sk1fk1fl1.tiff,H06_s28,3,high,,3_high,train
HepatoPAC Islands 20260413,H06,29,r08c06f29p01-ch1sk1fk1fl1.tiff,r08c06f29p01-ch6sk1fk1fl1.tiff,r08c06f29p01-ch2sk1fk1fl1.tiff,r08c06f29p01-ch5sk1fk1fl1.tiff,r08c06f29p01-ch3sk1fk1fl1.tiff,r08c06f29p01-ch4sk1fk1fl1.tiff,H06_s29,3,high,,3_high,train
HepatoPAC Islands 20260413,H06,30,r08c06f30p01-ch1sk1fk1fl1.tiff,r08c06f30p01-ch6sk1fk1fl1.tiff,r08c06f30p01-ch2sk1fk1fl1.tiff,r08c06f30p01-ch5sk1fk1fl1.tiff,r08c06f30p01-ch3sk1fk1fl1.tiff,r08c06f30p01-ch4sk1fk1fl1.tiff,H06_s30,3,high,,3_high,train
HepatoPAC Islands 20260413,H06,31,r08c06f31p01-ch1sk1fk1fl1.tiff,r08c06f31p01-ch6sk1fk1fl1.tiff,r08c06f31p01-ch2sk1fk1fl1.tiff,r08c06f31p01-ch5sk1fk1fl1.tiff,r08c06f31p01-ch3sk1fk1fl1.tiff,r08c06f31p01-ch4sk1fk1fl1.tiff,H06_s31,3,high,,3_high,train
HepatoPAC Islands 20260413,H06,32,r08c06f32p01-ch1sk1fk1fl1.tiff,r08c06f32p01-ch6sk1fk1fl1.tiff,r08c06f32p01-ch2sk1fk1fl1.tiff,r08c06f32p01-ch5sk1fk1fl1.tiff,r08c06f32p01-ch3sk1fk1fl1.tiff,r08c06f32p01-ch4sk1fk1fl1.tiff,H06_s32,3,high,,3_high,train
HepatoPAC Islands 20260413,H06,33,r08c06f33p01-ch1sk1fk1fl1.tiff,r08c06f33p01-ch6sk1fk1fl1.tiff,r08c06f33p01-ch2sk1fk1fl1.tiff,r08c06f33p01-ch5sk1fk1fl1.tiff,r08c06f33p01-ch3sk1fk1fl1.tiff,r08c06f33p01-ch4sk1fk1fl1.tiff,H06_s33,3,high,,3_high,train
HepatoPAC Islands 20260413,H06,34,r08c06f34p01-ch1sk1fk1fl1.tiff,r08c06f34p01-ch6sk1fk1fl1.tiff,r08c06f34p01-ch2sk1fk1fl1.tiff,r08c06f34p01-ch5sk1fk1fl1.tiff,r08c06f34p01-ch3sk1fk1fl1.tiff,r08c06f34p01-ch4sk1fk1fl1.tiff,H06_s34,3,high,,3_high,train
HepatoPAC Islands 20260413,H06,35,r08c06f35p01-ch1sk1fk1fl1.tiff,r08c06f35p01-ch6sk1fk1fl1.tiff,r08c06f35p01-ch2sk1fk1fl1.tiff,r08c06f35p01-ch5sk1fk1fl1.tiff,r08c06f35p01-ch3sk1fk1fl1.tiff,r08c06f35p01-ch4sk1fk1fl1.tiff,H06_s35,3,high,,3_high,train
HepatoPAC Islands 20260413,H06,36,r08c06f36p01-ch1sk1fk1fl1.tiff,r08c06f36p01-ch6sk1fk1fl1.tiff,r08c06f36p01-ch2sk1fk1fl1.tiff,r08c06f36p01-ch5sk1fk1fl1.tiff,r08c06f36p01-ch3sk1fk1fl1.tiff,r08c06f36p01-ch4sk1fk1fl1.tiff,H06_s36,3,high,,3_high,train
HepatoPAC Islands 20260413,H06,37,r08c06f37p01-ch1sk1fk1fl1.tiff,r08c06f37p01-ch6sk1fk1fl1.tiff,r08c06f37p01-ch2sk1fk1fl1.tiff,r08c06f37p01-ch5sk1fk1fl1.tiff,r08c06f37p01-ch3sk1fk1fl1.tiff,r08c06f37p01-ch4sk1fk1fl1.tiff,H06_s37,3,high,,3_high,train
HepatoPAC Islands 20260413,H06,38,r08c06f38p01-ch1sk1fk1fl1.tiff,r08c06f38p01-ch6sk1fk1fl1.tiff,r08c06f38p01-ch2sk1fk1fl1.tiff,r08c06f38p01-ch5sk1fk1fl1.tiff,r08c06f38p01-ch3sk1fk1fl1.tiff,r08c06f38p01-ch4sk1fk1fl1.tiff,H06_s38,3,high,,3_high,train
HepatoPAC Islands 20260413,H06,39,r08c06f39p01-ch1sk1fk1fl1.tiff,r08c06f39p01-ch6sk1fk1fl1.tiff,r08c06f39p01-ch2sk1fk1fl1.tiff,r08c06f39p01-ch5sk1fk1fl1.tiff,r08c06f39p01-ch3sk1fk1fl1.tiff,r08c06f39p01-ch4sk1fk1fl1.tiff,H06_s39,3,high,,3_high,train
HepatoPAC Islands 20260413,H06,40,r08c06f40p01-ch1sk1fk1fl1.tiff,r08c06f40p01-ch6sk1fk1fl1.tiff,r08c06f40p01-ch2sk1fk1fl1.tiff,r08c06f40p01-ch5sk1fk1fl1.tiff,r08c06f40p01-ch3sk1fk1fl1.tiff,r08c06f40p01-ch4sk1fk1fl1.tiff,H06_s40,3,high,,3_high,train
HepatoPAC Islands 20260413,H06,41,r08c06f41p01-ch1sk1fk1fl1.tiff,r08c06f41p01-ch6sk1fk1fl1.tiff,r08c06f41p01-ch2sk1fk1fl1.tiff,r08c06f41p01-ch5sk1fk1fl1.tiff,r08c06f41p01-ch3sk1fk1fl1.tiff,r08c06f41p01-ch4sk1fk1fl1.tiff,H06_s41,3,high,,3_high,train
HepatoPAC Islands 20260413,H06,42,r08c06f42p01-ch1sk1fk1fl1.tiff,r08c06f42p01-ch6sk1fk1fl1.tiff,r08c06f42p01-ch2sk1fk1fl1.tiff,r08c06f42p01-ch5sk1fk1fl1.tiff,r08c06f42p01-ch3sk1fk1fl1.tiff,r08c06f42p01-ch4sk1fk1fl1.tiff,H06_s42,3,high,,3_high,train
HepatoPAC Islands 20260413,H06,43,r08c06f43p01-ch1sk1fk1fl1.tiff,r08c06f43p01-ch6sk1fk1fl1.tiff,r08c06f43p01-ch2sk1fk1fl1.tiff,r08c06f43p01-ch5sk1fk1fl1.tiff,r08c06f43p01-ch3sk1fk1fl1.tiff,r08c06f43p01-ch4sk1fk1fl1.tiff,H06_s43,3,high,,3_high,train
HepatoPAC Islands 20260413,H06,44,r08c06f44p01-ch1sk1fk1fl1.tiff,r08c06f44p01-ch6sk1fk1fl1.tiff,r08c06f44p01-ch2sk1fk1fl1.tiff,r08c06f44p01-ch5sk1fk1fl1.tiff,r08c06f44p01-ch3sk1fk1fl1.tiff,r08c06f44p01-ch4sk1fk1fl1.tiff,H06_s44,3,high,,3_high,train
HepatoPAC Islands 20260413,H06,45,r08c06f45p01-ch1sk1fk1fl1.tiff,r08c06f45p01-ch6sk1fk1fl1.tiff,r08c06f45p01-ch2sk1fk1fl1.tiff,r08c06f45p01-ch5sk1fk1fl1.tiff,r08c06f45p01-ch3sk1fk1fl1.tiff,r08c06f45p01-ch4sk1fk1fl1.tiff,H06_s45,3,high,,3_high,train
HepatoPAC Islands 20260413,H06,46,r08c06f46p01-ch1sk1fk1fl1.tiff,r08c06f46p01-ch6sk1fk1fl1.tiff,r08c06f46p01-ch2sk1fk1fl1.tiff,r08c06f46p01-ch5sk1fk1fl1.tiff,r08c06f46p01-ch3sk1fk1fl1.tiff,r08c06f46p01-ch4sk1fk1fl1.tiff,H06_s46,3,high,,3_high,train
HepatoPAC Islands 20260413,H06,47,r08c06f47p01-ch1sk1fk1fl1.tiff,r08c06f47p01-ch6sk1fk1fl1.tiff,r08c06f47p01-ch2sk1fk1fl1.tiff,r08c06f47p01-ch5sk1fk1fl1.tiff,r08c06f47p01-ch3sk1fk1fl1.tiff,r08c06f47p01-ch4sk1fk1fl1.tiff,H06_s47,3,high,,3_high,train
HepatoPAC Islands 20260413,H06,48,r08c06f48p01-ch1sk1fk1fl1.tiff,r08c06f48p01-ch6sk1fk1fl1.tiff,r08c06f48p01-ch2sk1fk1fl1.tiff,r08c06f48p01-ch5sk1fk1fl1.tiff,r08c06f48p01-ch3sk1fk1fl1.tiff,r08c06f48p01-ch4sk1fk1fl1.tiff,H06_s48,3,high,,3_high,train
HepatoPAC Islands 20260413,H06,49,r08c06f49p01-ch1sk1fk1fl1.tiff,r08c06f49p01-ch6sk1fk1fl1.tiff,r08c06f49p01-ch2sk1fk1fl1.tiff,r08c06f49p01-ch5sk1fk1fl1.tiff,r08c06f49p01-ch3sk1fk1fl1.tiff,r08c06f49p01-ch4sk1fk1fl1.tiff,H06_s49,3,high,,3_high,train
