field_id,well,compound,concentration,group,split,nuclei_count,nuclei_area_mean,nuclei_eccentricity_mean,nuclei_solidity_mean,DNA_mean,DNA_std,DNA_p90,DNA_frac_high,DNA_nuc_mean,DNA_cyto_mean,DNA_nuc_cyto_ratio,DNA_gradient_mean,DNA_texture_contrast,ER_mean,ER_std,ER_p90,ER_frac_high,ER_nuc_mean,ER_cyto_mean,ER_nuc_cyto_ratio,ER_gradient_mean,ER_texture_contrast,RNA_mean,RNA_std,RNA_p90,RNA_frac_high,RNA_nuc_mean,RNA_cyto_mean,RNA_nuc_cyto_ratio,RNA_gradient_mean,RNA_texture_contrast,AGP_mean,AGP_std,AGP_p90,AGP_frac_high,AGP_nuc_mean,AGP_cyto_mean,AGP_nuc_cyto_ratio,AGP_gradient_mean,AGP_texture_contrast,Mito_mean,Mito_std,Mito_p90,Mito_frac_high,Mito_nuc_mean,Mito_cyto_mean,Mito_nuc_cyto_ratio,Mito_gradient_mean,Mito_texture_contrast
A01_s01,A01,1,low,1_low,test,340,201.13823529411764,0.5431718441164826,0.9497471118021467,0.1893858164548874,0.10282433032989502,0.34130859375,0.019561042524005486,0.34769314527511597,0.15486161410808563,2.2307811148035497,0.015688514336943626,0.0020235951524227858,0.26681676506996155,0.13156911730766296,0.455322265625,0.07995884773662551,0.3903960585594177,0.26833319664001465,1.4494910520859903,0.009849692694842815,0.00041498313657939434,0.20344071090221405,0.14419527351856232,0.423583984375,0.07154320987654321,0.3443092107772827,0.19433720409870148,1.7626402116583357,0.009344019927084446,0.00038323551416397095,0.21215257048606873,0.09945259243249893,0.362548828125,0.007794924554183813,0.3028417229652405,0.2100914567708969,1.434646989498597,0.007242260966449976,0.0002431910834275186,0.17104928195476532,0.14703097939491272,0.40087890625,0.07082990397805213,0.28875166177749634,0.16240611672401428,1.7670798839506427,0.008032315410673618,0.0003881803422700614
A01_s02,A01,1,low,1_low,test,156,165.85897435897436,0.5049118412815428,0.9547414236742423,0.13898611068725586,0.07447074353694916,0.209228515625,0.004211248285322359,0.35233238339424133,0.13692481815814972,2.5545249078396024,0.008269978687167168,0.0009441079455427825,0.13166731595993042,0.08224039524793625,0.2393798828125,0.0022599451303155008,0.2631784975528717,0.19393125176429749,1.3501093086453673,0.008093221113085747,0.00024681599461473525,0.07932539284229279,0.0610816664993763,0.1552734375,8.916323731138545e-05,0.186264306306839,0.11580534279346466,1.5946557054003236,0.005705219227820635,0.00017129804473370314,0.10999323427677155,0.05309062823653221,0.1728515625,0.0,0.17912966012954712,0.13866236805915833,1.2825907409336723,0.004786358214914799,0.00012344653077889234,0.05952022597193718,0.050945766270160675,0.1109619140625,2.05761316872428e-05,0.13166847825050354,0.08507304638624191,1.5297295004484666,0.004429401829838753,0.00015517514839302748
A01_s03,A01,1,low,1_low,test,173,154.9306358381503,0.5112623756029236,0.9537558873644102,0.14463426172733307,0.08038882166147232,0.224365234375,0.007818930041152264,0.36766156554222107,0.14271289110183716,2.5583060971314704,0.009017370641231537,0.00111082021612674,0.14733220636844635,0.10002053529024124,0.25341796875,0.008343621399176954,0.2786444425582886,0.21510422229766846,1.289398418946555,0.008480501361191273,0.0002637467987369746,0.09576926380395889,0.0885343849658966,0.17799071967601776,0.006008230452674897,0.2094557285308838,0.13847127556800842,1.501783988694861,0.0060882968828082085,0.00019980706565547734,0.11771034449338913,0.06986652314662933,0.1884765625,8.573388203017832e-05,0.19512932002544403,0.1555226892232895,1.2466519773825233,0.004984190221875906,0.00012844032607972622,0.07546304166316986,0.08156265318393707,0.12293090671300888,0.004276406035665295,0.15259216725826263,0.10879132151603699,1.3898381506954884,0.0047067380510270596,0.00017925423162523657
A01_s04,A01,1,low,1_low,test,176,518.9431818181819,0.5833492216133055,0.9362572046547474,0.18110476434230804,0.08485953509807587,0.2763671875,0.00881687242798354,0.27602261304855347,0.16124291718006134,1.7012922218491455,0.009695864282548428,0.0010817054426297545,0.2944296598434448,0.17653127014636993,0.52392578125,0.14079903978052127,0.47169652581214905,0.31299740076065063,1.5022306702841373,0.009549309499561787,0.00036413027555681765,0.25492480397224426,0.1881667673587799,0.5146484375,0.1242318244170096,0.4471229016780853,0.2604650855064392,1.710067333892937,0.0088503984734416,0.00035639398265630007,0.2327265590429306,0.1314878761768341,0.403564453125,0.005819615912208505,0.3622066080570221,0.24193845689296722,1.4909397741692314,0.0066614532843232155,0.00020163008593954146,0.23372741043567657,0.1875317394733429,0.50537109375,0.10731481481481482,0.4226095676422119,0.23332731425762177,1.8035010941045941,0.008585919626057148,0.0004167356819380075
A01_s05,A01,1,low,1_low,test,183,157.43169398907105,0.5619736116869857,0.9499870880236515,0.14516843855381012,0.0760645642876625,0.22216796875,0.0060733882030178325,0.33765676617622375,0.14857931435108185,2.257376079313347,0.008288383483886719,0.0009680319926701486,0.16366292536258698,0.1303802728652954,0.3759765625,0.014516460905349794,0.33252593874931335,0.25466158986091614,1.3006487948784666,0.00861282553523779,0.0003049505176022649,0.11911116540431976,0.12215660512447357,0.33251953125,0.010685871056241426,0.271805077791214,0.18902665376663208,1.4303523869078512,0.006751176901161671,0.0002653763513080776,0.13469478487968445,0.09641503542661667,0.306396484375,0.00016803840877914952,0.24963252246379852,0.19432176649570465,1.2780578782513121,0.005538808181881905,0.00015877324040047824,0.09997419267892838,0.11481989175081253,0.3056640625,0.006745541838134431,0.21856485307216644,0.16113890707492828,1.3480099071542548,0.005733147729188204,0.000272520788712427
A01_s06,A01,1,low,1_low,test,150,145.79333333333332,0.5310568878692601,0.9523195646471925,0.1412302404642105,0.07362578809261322,0.2030029296875,0.007067901234567901,0.35926416516304016,0.15098267793655396,2.3638494204781484,0.007514617405831814,0.0009174811420962214,0.15734514594078064,0.1276901364326477,0.375244140625,0.0065672153635116595,0.3216813802719116,0.2632288932800293,1.2174345366954034,0.007988695055246353,0.0002483865537215024,0.11474637687206268,0.11803454160690308,0.3349609375,0.003357338820301783,0.2599804699420929,0.19732993841171265,1.3108483369888415,0.005976048298180103,0.00019550831348169595,0.13098205626010895,0.09509306401014328,0.306884765625,0.0,0.24249108135700226,0.20069848001003265,1.2022454574022599,0.005102185532450676,0.0001282780576730147,0.09625937789678574,0.10955747216939926,0.3037109375,0.001704389574759945,0.20080599188804626,0.16916222870349884,1.1800855772637004,0.00514328945428133,0.00020868703722953796
A01_s07,A01,1,low,1_low,test,93,1019.0215053763441,0.5581027250274994,0.9483548259167784,0.17414596676826477,0.09448522329330444,0.3037109375,0.008161865569272977,0.29130131006240845,0.1430673748254776,2.021979718970303,0.00825668964534998,0.0009080264717340469,0.24729740619659424,0.2213384360074997,0.59423828125,0.23154663923182442,0.5237362384796143,0.2437175214290619,2.140166488370689,0.008441620506346226,0.0002932912320829928,0.2165360301733017,0.22731709480285645,0.5859375,0.22006858710562413,0.5033849477767944,0.1785523146390915,2.8035558816861905,0.007035145070403814,0.00026958464877679944,0.19720007479190826,0.16172949969768524,0.451416015625,0.015939643347050756,0.3979944884777069,0.18333643674850464,2.1590657576868644,0.0055093285627663136,0.0001493153686169535,0.203997403383255,0.22907724976539612,0.58837890625,0.21677640603566528,0.4903194308280945,0.1520467847585678,3.203722519238651,0.006221876014024019,0.0002881588297896087
A01_s08,A01,1,low,1_low,test,122,163.81147540983608,0.5433963496868455,0.9563359079409032,0.1339869201183319,0.06814415752887726,0.1844482421875,0.004197530864197531,0.3552572429180145,0.14186082780361176,2.486736555988464,0.006475530099123716,0.0007137135253287852,0.1276058852672577,0.09932036697864532,0.2490234375,0.002647462277091907,0.28252771496772766,0.22658412158489227,1.2414210314858922,0.007384199183434248,0.0001992236211663112,0.08375832438468933,0.08176838606595993,0.167236328125,0.0016392318244170096,0.21157391369342804,0.14974437654018402,1.4035277371493102,0.005013281013816595,0.0001419139007339254,0.10629070550203323,0.06780054420232773,0.18115234375,2.400548696844993e-05,0.2023427039384842,0.16616569459438324,1.2104319874329221,0.00452625984326005,0.00010627097799442708,0.06662531197071075,0.07280062884092331,0.11920166015625,0.0011179698216735254,0.15471570193767548,0.11932306736707687,1.2858357530536926,0.004098990000784397,0.00014689011732116342
A01_s09,A01,1,low,1_low,test,142,242.95070422535213,0.5551676804387857,0.9519564210934801,0.1437569558620453,0.07185602188110352,0.22705078125,0.0049039780521262,0.30984798073768616,0.143165722489357,2.1492486243431452,0.007160448469221592,0.0007762601599097252,0.1627981811761856,0.13176392018795013,0.35009765625,0.02947530864197531,0.3745022416114807,0.246627077460289,1.5123638555704322,0.0075313616544008255,0.00021506509801838547,0.11796548217535019,0.12313172221183777,0.29833984375,0.02446159122085048,0.32439112663269043,0.17326612770557404,1.8614697583729838,0.005640371236950159,0.00016697112005203962,0.1348014771938324,0.0957619771361351,0.289306640625,0.0010836762688614541,0.2829059362411499,0.18724632263183594,1.502849735845545,0.004978955257683992,0.00011927638843189925,0.09895580261945724,0.1163548082113266,0.260498046875,0.022455418381344308,0.28114429116249084,0.1419973373413086,1.9660806025461204,0.004894013982266188,0.00018007648759521544
A01_s10,A01,1,low,1_low,test,230,126.28695652173913,0.5306057818215875,0.9525195953256019,0.16904735565185547,0.08435872197151184,0.25,0.011556927297668038,0.37015122175216675,0.1707596331834793,2.1550536344983864,0.01039225235581398,0.0013713856460526586,0.2546485364437103,0.15427489578723907,0.450927734375,0.03576474622770919,0.39579716324806213,0.32863298058509827,1.2007207608459642,0.009379805997014046,0.0003947274526581168,0.21060483157634735,0.15883350372314453,0.432373046875,0.026920438957475996,0.3526664078235626,0.27799320220947266,1.2640681028449392,0.008829888887703419,0.0004221865674480796,0.2068202793598175,0.12056794762611389,0.362060546875,0.000799039780521262,0.3146754503250122,0.2575552463531494,1.217053046741162,0.006534606218338013,0.00022708829783368856,0.18768410384655,0.1529272198677063,0.407470703125,0.017688614540466392,0.28997376561164856,0.2533120810985565,1.1402280393406543,0.008365931920707226,0.0004697432741522789
A01_s11,A01,1,low,1_low,test,180,420.3277777777778,0.5243643697715906,0.951258728082913,0.1715339720249176,0.09096618741750717,0.28564453125,0.011505486968449932,0.2966526746749878,0.1475062072277069,1.9975776111507957,0.010197838768362999,0.0012966818176209927,0.23736786842346191,0.1819838285446167,0.53955078125,0.13794924554183813,0.4608648121356964,0.2562970519065857,1.7911779739435882,0.009139017201960087,0.00031846616184338927,0.1937721073627472,0.19101068377494812,0.52685546875,0.12496570644718794,0.4284200370311737,0.19224554300308228,2.216972409161025,0.007402569986879826,0.00026965606957674026,0.18746715784072876,0.13693639636039734,0.42041015625,0.007921810699588477,0.3513357937335968,0.1929604560136795,1.8113784683452077,0.0057389456778764725,0.00015945004997774959,0.17665112018585205,0.19436638057231903,0.533203125,0.12612139917695472,0.4090592861175537,0.1655135452747345,2.4566126764200322,0.006436096038669348,0.0002853400947060436
A01_s12,A01,1,low,1_low,test,154,509.42857142857144,0.5321615250830066,0.9538407819347705,0.17336679995059967,0.09670863300561905,0.31494140625,0.008724279835390947,0.3129015862941742,0.14109760522842407,2.202018716579918,0.010140013881027699,0.0011532132048159838,0.23540884256362915,0.19108378887176514,0.5888671875,0.16955075445816187,0.4849776327610016,0.22699609398841858,2.127131321756928,0.008923465386033058,0.0002981234574690461,0.18921351432800293,0.2009473294019699,0.5791015625,0.16059670781893004,0.45274463295936584,0.15254917740821838,2.948531803304429,0.007114731706678867,0.00025189132429659367,0.18566538393497467,0.14082033932209015,0.451416015625,0.020198902606310014,0.36620426177978516,0.16864167153835297,2.158692840379098,0.005560677964240313,0.0001481874060118571,0.17104361951351166,0.20377816259860992,0.58349609375,0.1603360768175583,0.43066370487213135,0.12352825701236725,3.4583613005147975,0.005866424646228552,0.00024684605887159705
A01_s13,A01,1,low,1_low,test,177,257.316384180791,0.5122568075585977,0.9561243058082467,0.15263065695762634,0.085011325776577,0.25537109375,0.008525377229080932,0.3188500702381134,0.14256398379802704,2.2209614264165833,0.00927596352994442,0.0011295208241790533,0.18460631370544434,0.13920827209949493,0.40380859375,0.05374142661179698,0.3864002227783203,0.2394130378961563,1.6072348910844907,0.008790462277829647,0.00028148971614427865,0.1342545598745346,0.139799103140831,0.367431640625,0.04838820301783265,0.3387541174888611,0.1669352501630783,2.0171710058484105,0.006837630178779364,0.00023683298786636442,0.14679129421710968,0.10188891738653183,0.3254638612270355,0.0025582990397805213,0.2871222496032715,0.17863504588603973,1.5983643291154974,0.005456726532429457,0.00014623964671045542,0.11436985433101654,0.13727976381778717,0.338134765625,0.04528463648834019,0.30224624276161194,0.1382884383201599,2.1699305872529573,0.005636665038764477,0.0002368267741985619
A01_s14,A01,1,low,1_low,test,141,170.95744680851064,0.5229858308701605,0.9521787883433543,0.13622599840164185,0.07184801250696182,0.197021484375,0.003635116598079561,0.3499865233898163,0.13686306774616241,2.538653238401904,0.007385680917650461,0.000812048907391727,0.13079844415187836,0.09215305745601654,0.2462158203125,0.00623113854595336,0.2855510115623474,0.20422764122486115,1.3913867053097326,0.008067519403994083,0.00023097997473087162,0.082474485039711,0.0692535936832428,0.16455078125,0.0008882030178326474,0.2072155475616455,0.12527133524417877,1.6410339461520689,0.005540657322853804,0.00015626591630280018,0.10714204609394073,0.06222686916589737,0.1768798828125,0.0013305898491083677,0.20332200825214386,0.14834949374198914,1.3613839803394026,0.004928113892674446,0.00011855790944537148,0.0641174241900444,0.05862000957131386,0.1171875,0.0008299039780521262,0.15494507551193237,0.09354803711175919,1.6387973800955986,0.004308026283979416,0.0001477818441344425
A01_s15,A01,1,low,1_low,test,183,174.40983606557376,0.5372946650063932,0.9535776458473618,0.14717043936252594,0.07968515902757645,0.2418212890625,0.005250342935528121,0.34780117869377136,0.14282242953777313,2.4182679976381976,0.008985280990600586,0.001036338391713798,0.1620243489742279,0.11517351865768433,0.326904296875,0.014897119341563786,0.32289034128189087,0.22750037908554077,1.4130844884113498,0.008630442433059216,0.0002986895851790905,0.11135685443878174,0.10392896085977554,0.266845703125,0.00790809327846365,0.2579162120819092,0.1549665778875351,1.6536633397694234,0.006661583669483662,0.0002553414960857481,0.1319560706615448,0.08645327389240265,0.270751953125,0.000953360768175583,0.24188926815986633,0.17103855311870575,1.4060178010969666,0.005453681107610464,0.00016286384197883308,0.09029047191143036,0.0938134640455246,0.2330322265625,0.0031207133058984912,0.20205023884773254,0.1251491755247116,1.601677046301048,0.005320954602211714,0.00023162721481639892
A01_s16,A01,1,low,1_low,test,169,156.85207100591717,0.5242249600703838,0.953817081551701,0.14123356342315674,0.07730157673358917,0.214599609375,0.005881344307270233,0.35872817039489746,0.13985420763492584,2.5468047878602964,0.008388702757656574,0.0010095612378790975,0.1374494731426239,0.09675282984972,0.2479248046875,0.0049759945130315505,0.2721414864063263,0.21090053021907806,1.2842888412075553,0.00805152952671051,0.0002527391188777983,0.08914736658334732,0.0814623236656189,0.17139892280101776,0.003124142661179698,0.20165349543094635,0.1358138918876648,1.4739255834964484,0.00579876359552145,0.00019247509771957994,0.11158040910959244,0.06614809483289719,0.178955078125,2.7434842249657064e-05,0.18980154395103455,0.15348324179649353,1.2286222229921038,0.004824585281312466,0.00012689649884123355,0.0699983760714531,0.07241436839103699,0.118896484375,0.0024176954732510287,0.14514771103858948,0.10636229068040848,1.3519431275051594,0.004445906262844801,0.0001693074154900387
A01_s17,A01,1,low,1_low,test,163,158.2883435582822,0.546727656073013,0.9565882399014114,0.13922619819641113,0.07406914234161377,0.2080078125,0.003806584362139918,0.35246965289115906,0.13697782158851624,2.5545384673655027,0.008191565982997417,0.0009365476435050368,0.13372507691383362,0.0832645520567894,0.2398681640625,0.00205761316872428,0.26179271936416626,0.19955500960350037,1.305341212277537,0.008207667618989944,0.00022881779295857996,0.08233574032783508,0.06237997114658356,0.1556396484375,0.0008813443072702332,0.1861807107925415,0.12062080949544907,1.5308293997131157,0.00564273027703166,0.00016209516616072506,0.10760598629713058,0.05260969698429108,0.1668701171875,9.602194787379972e-05,0.17902781069278717,0.14314024150371552,1.2420390643522847,0.004786185920238495,0.00011729576362995431,0.06314625591039658,0.05031376704573631,0.110107421875,0.0004869684499314129,0.13101567327976227,0.08984114974737167,1.4422502758289117,0.004160202108323574,0.00013564340770244598
A01_s18,A01,1,low,1_low,test,310,256.52258064516127,0.5545003098301488,0.9445090653116623,0.19855423271656036,0.08797804266214371,0.2958984375,0.012434842249657064,0.3043847680091858,0.17838582396507263,1.6968161768928358,0.011967180296778679,0.0014194953255355358,0.3413086235523224,0.17030839622020721,0.54736328125,0.19957475994513033,0.48685887455940247,0.3566826283931732,1.3611476653102528,0.010342436842620373,0.0004506919940467924,0.305188924074173,0.18828998506069183,0.54345703125,0.1811522633744856,0.46502354741096497,0.31658196449279785,1.464263086078085,0.010630487464368343,0.0005218185833655298,0.26823902130126953,0.1290210485458374,0.420166015625,0.007263374485596708,0.37436264753341675,0.278119295835495,1.3412281168624598,0.007393961306661367,0.00025656080106273293,0.2824748754501343,0.19144506752490997,0.53662109375,0.1597496570644719,0.4355197250843048,0.29364752769470215,1.4781041215304778,0.01015055924654007,0.0005745034432038665
A01_s19,A01,1,low,1_low,test,274,172.06934306569343,0.5369362387000826,0.9527639880579716,0.16773967444896698,0.09393614530563354,0.29833984375,0.012270233196159122,0.3519582748413086,0.14974863827228546,2.334736014036783,0.01270696148276329,0.0016185386339202523,0.20916154980659485,0.12087834626436234,0.376953125,0.04266460905349794,0.3309703767299652,0.24677489697933197,1.335770414052772,0.009181730449199677,0.00033856448135338724,0.14872117340564728,0.12410342693328857,0.328369140625,0.03585733882030178,0.27300789952278137,0.172392338514328,1.5745095882666222,0.007757236715406179,0.00030130145023576915,0.16445516049861908,0.0898256003856659,0.306396484375,0.0014609053497942387,0.2445262223482132,0.1851814240217209,1.3133760450757188,0.005884731188416481,0.00017863538232631981,0.12299365550279617,0.12245752662420273,0.295166015625,0.03480452674897119,0.22039459645748138,0.14291571080684662,1.5314144315576446,0.006225380580872297,0.0002774114836938679
A01_s20,A01,1,low,1_low,test,189,571.9047619047619,0.5705089084161755,0.94706927416983,0.19947324693202972,0.10395564883947372,0.33935546875,0.015065157750342936,0.31365543603897095,0.15054482221603394,2.0697205714613003,0.012088771909475327,0.0014281182084232569,0.3133816123008728,0.20772698521614075,0.6337890625,0.2710528120713306,0.5249047875404358,0.2634750008583069,1.984704738961906,0.009356265887618065,0.00034260659595020115,0.26870355010032654,0.22981508076190948,0.63037109375,0.2616049382716049,0.5036298036575317,0.1936860829591751,2.5868813836227877,0.008384276181459427,0.000325705244904384,0.24282972514629364,0.15379805862903595,0.478759765625,0.04644718792866941,0.39643776416778564,0.19867128133773804,1.985452096624867,0.006047106813639402,0.00017538000247441232,0.24888558685779572,0.23465102910995483,0.62548828125,0.2589609053497942,0.482370525598526,0.16632457077503204,2.8828433467017427,0.007028807885944843,0.00032710476079955697
A01_s21,A01,1,low,1_low,test,181,214.22651933701658,0.5407427565518171,0.9508621776174403,0.15518881380558014,0.08401595056056976,0.25341796875,0.010034293552812072,0.3374222218990326,0.14857979118824005,2.2558008619921157,0.009149612858891487,0.0011515280930325389,0.1811884045600891,0.1370559185743332,0.38916015625,0.04470164609053498,0.3720547556877136,0.24920004606246948,1.4870291254655472,0.008288771845400333,0.00028898403979837894,0.1307552009820938,0.13469582796096802,0.353515625,0.03515432098765432,0.3198053240776062,0.1768854707479477,1.797815879694581,0.006267995107918978,0.00021794569329358637,0.14512060582637787,0.1020808145403862,0.314453125,0.0017489711934156379,0.2786206901073456,0.18517190217971802,1.4965775546429323,0.005193337332457304,0.00015336053911596537,0.11182080209255219,0.13323253393173218,0.32177734375,0.037181069958847734,0.28120964765548706,0.15030169486999512,1.8586020989197405,0.005407548043876886,0.00023776787566021085
A01_s22,A01,1,low,1_low,test,141,161.39716312056737,0.5373129881065523,0.9604884509757164,0.13882862031459808,0.07436853647232056,0.1953125,0.00556241426611797,0.3684363067150116,0.14053437113761902,2.6031578319358735,0.007790339179337025,0.0009092241525650024,0.1306770294904709,0.08762990683317184,0.2408447265625,0.0010905349794238684,0.2567257583141327,0.21057124435901642,1.2134246272073408,0.007725900504738092,0.0002036705700447783,0.08108425885438919,0.0658194050192833,0.159423828125,0.00044238683127572015,0.1841532438993454,0.1287945657968521,1.4188055005906237,0.005281875375658274,0.00013487986871041358,0.10530857741832733,0.05731755122542381,0.1707763671875,0.0,0.1773577332496643,0.15060363709926605,1.1698778251179762,0.004676517099142075,0.0001044354576151818,0.062335941940546036,0.05460710451006889,0.111328125,5.1440329218106995e-05,0.12470372766256332,0.09707485139369965,1.271515846217987,0.004106246400624514,0.00012591533595696092
A01_s23,A01,1,low,1_low,test,131,544.2213740458016,0.5547030682433344,0.9497584649584385,0.1581689417362213,0.0834772065281868,0.2587890625,0.007764060356652949,0.277897447347641,0.13892905414104462,1.9859881784631235,0.008274666033685207,0.0009851236827671528,0.2046079784631729,0.17555034160614014,0.51123046875,0.11012345679012346,0.45045313239097595,0.2366015464067459,1.8958341778628542,0.008671405725181103,0.0002893967612180859,0.1635114997625351,0.17862488329410553,0.496826171875,0.09685185185185186,0.41721269488334656,0.1644146591424942,2.522223224024809,0.006987731903791428,0.0002595911792013794,0.1651080697774887,0.1301601529121399,0.39990234375,0.006186556927297668,0.3456105589866638,0.17746828496456146,1.9365376826212672,0.005600163247436285,0.00015028355119284242,0.14828015863895416,0.18038634955883026,0.49951171875,0.09932098765432099,0.3979693353176117,0.13599513471126556,2.9049888242847604,0.006011228542774916,0.0002713794237934053
A01_s24,A01,1,low,1_low,test,228,141.26754385964912,0.5329969770872954,0.9524905269748501,0.1714736670255661,0.08885738253593445,0.262451171875,0.01314471879286694,0.37300267815589905,0.17060743272304535,2.1735811336207242,0.010584857314825058,0.0014420069055631757,0.24820634722709656,0.15673083066940308,0.468017578125,0.0567318244170096,0.3841722011566162,0.314829021692276,1.216392968252707,0.009265779517591,0.0003526494256220758,0.20301255583763123,0.16632290184497833,0.456787109375,0.04732167352537723,0.3369281589984894,0.2614291310310364,1.2838824625709802,0.00820343941450119,0.000330236362060532,0.19829070568084717,0.11982507258653641,0.368896484375,0.0013443072702331962,0.293404221534729,0.24076762795448303,1.2135794358290493,0.006189309060573578,0.00019302360306028277,0.18000493943691254,0.16247926652431488,0.43505859375,0.03539780521262003,0.2808508574962616,0.23519152402877808,1.1890810165653622,0.00762201240286231,0.0003884680336341262
A01_s25,A01,1,low,1_low,test,252,367.5238095238095,0.5434947855744654,0.947610477965753,0.1971106380224228,0.10138938575983047,0.327880859375,0.017901234567901235,0.3160158395767212,0.15948942303657532,1.9690758032365885,0.013456783257424831,0.0017605337779968977,0.3079215884208679,0.1794148087501526,0.583984375,0.2054320987654321,0.48167240619659424,0.2923033833503723,1.6422326967200422,0.009803817607462406,0.0004022411594633013,0.2598423659801483,0.20150406658649445,0.57958984375,0.19536008230452676,0.45450106263160706,0.22992199659347534,1.9682016842757928,0.009126896038651466,0.0003884217294398695,0.23945114016532898,0.13548870384693146,0.4453125,0.01736625514403292,0.3659529983997345,0.22318334877490997,1.6323826028986994,0.006643344648182392,0.00021594116697087884,0.23690581321716309,0.2068108469247818,0.582568347454071,0.18660150891632374,0.42727166414260864,0.20299458503723145,2.0945245387990394,0.007999485358595848,0.00041475947364233434
A01_s26,A01,1,low,1_low,test,191,415.37696335078533,0.5343079432902464,0.9537853100513901,0.1764518767595291,0.09546186029911041,0.32080078125,0.006721536351165981,0.3127548396587372,0.1420116126537323,2.186919186877479,0.010663499124348164,0.001166599802672863,0.24676810204982758,0.18687668442726135,0.59130859375,0.15959533607681756,0.47929662466049194,0.23145513236522675,2.061888760139032,0.009320192039012909,0.00032579689286649227,0.19801440834999084,0.20112384855747223,0.59033203125,0.15529149519890262,0.4491984248161316,0.15922360122203827,2.8035721416199557,0.00798888597637415,0.000309375929646194,0.19215698540210724,0.1372893750667572,0.44677734375,0.028659122085048012,0.35887017846107483,0.17493687570095062,2.039766689224752,0.00605345144867897,0.00017546240997035056,0.17606952786445618,0.20146259665489197,0.58837890625,0.15176611796982167,0.41923391819000244,0.12877632677555084,3.2304344606321824,0.006540792062878609,0.0002877828956115991
A01_s27,A01,1,low,1_low,test,214,151.71495327102804,0.5414389508080526,0.9509010292317234,0.15819032490253448,0.08028855174779892,0.2432861328125,0.006265432098765432,0.3456522226333618,0.15562190115451813,2.206921382548871,0.009414485655725002,0.0011334449518471956,0.2044605314731598,0.13971318304538727,0.4208984375,0.02443758573388203,0.335532009601593,0.26921528577804565,1.2417210545120618,0.008608845993876457,0.0002787202538456768,0.1568608283996582,0.14075061678886414,0.397216796875,0.017671467764060356,0.2767201066017151,0.20797665417194366,1.3241675616742952,0.007025572005659342,0.00023370531562250108,0.16424615681171417,0.10486456006765366,0.33447265625,0.0003909465020576132,0.2490304410457611,0.20433269441127777,1.2128143633422426,0.005590872839093208,0.00015454327512998134,0.1343538910150528,0.1346626728773117,0.365966796875,0.014657064471879287,0.22281914949417114,0.1791614145040512,1.2367750892029143,0.0059747034683823586,0.00023804580268915743
A01_s28,A01,1,low,1_low,test,205,251.88780487804877,0.569873835564981,0.9484706990699945,0.16089235246181488,0.08333759009838104,0.257568359375,0.008844307270233196,0.30501553416252136,0.15236793458461761,1.9887829551113587,0.009520906023681164,0.001132748438976705,0.2201744168996811,0.16001886129379272,0.460205078125,0.06578532235939644,0.41895240545272827,0.27873367071151733,1.4976831512170157,0.00961698591709137,0.0004111231828574091,0.1754097193479538,0.1623035967350006,0.436767578125,0.051440329218107,0.3760948181152344,0.21910563111305237,1.708701482162724,0.008498340845108032,0.0004469246487133205,0.1777099370956421,0.12165150046348572,0.365966796875,0.002681755829903978,0.32127341628074646,0.21590572595596313,1.4811661373382663,0.006320163607597351,0.000217630629776977,0.15617159008979797,0.16137152910232544,0.4208984375,0.0506241426611797,0.3446328639984131,0.19410830736160278,1.7663669407970921,0.007634322624653578,0.0004622694104909897
A01_s29,A01,1,low,1_low,test,126,160.38095238095238,0.522333359236823,0.9595977991262156,0.13330501317977905,0.06984899193048477,0.161376953125,0.004310699588477366,0.366844117641449,0.13433481752872467,2.7106410925155067,0.0070162867195904255,0.0008171852678060532,0.11562834680080414,0.07350673526525497,0.2255859375,0.0005727023319615913,0.2411721795797348,0.19004523754119873,1.2623825785122031,0.007587263360619545,0.000215895488508977,0.06860820949077606,0.04637279361486435,0.1370849609375,2.400548696844993e-05,0.16562232375144958,0.1077008917927742,1.5236519316436665,0.004877637606114149,0.00013741824659518898,0.09392222762107849,0.04172276705503464,0.15087890625,0.0,0.15904149413108826,0.13214688003063202,1.1944815687344599,0.004443803336471319,0.0001096635969588533,0.05138813704252243,0.033296532928943634,0.09625854343175888,0.0,0.10895074903964996,0.07710728049278259,1.3948859613633255,0.0036620914470404387,0.00011749241093639284
A01_s30,A01,1,low,1_low,test,162,157.10493827160494,0.5352392961403865,0.9561284987386585,0.139728844165802,0.07553452998399734,0.2073974609375,0.005305212620027435,0.3592231273651123,0.1371113359928131,2.600967724936099,0.008356202393770218,0.0009796834783628583,0.13314270973205566,0.0830586850643158,0.24169921875,0.0007167352537722909,0.25489237904548645,0.20071327686309814,1.263637094242838,0.008165903389453888,0.0002517930406611413,0.0822858214378357,0.059541769325733185,0.16064453125,0.00013031550068587106,0.18007834255695343,0.1212596446275711,1.4729172745881143,0.0056142681278288364,0.0001716207480058074,0.10777772217988968,0.05318130925297737,0.17333984375,3.429355281207133e-06,0.1765642762184143,0.14578013122081757,1.2029167350503942,0.004872046411037445,0.00012585302465595305,0.062403738498687744,0.04569440335035324,0.11187744140625,0.0,0.11991332471370697,0.08943163603544235,1.3260107852821554,0.004274371545761824,0.0001513864117441699
A01_s31,A01,1,low,1_low,test,155,773.2903225806451,0.5642856404816827,0.9475280307254265,0.20335327088832855,0.1036001592874527,0.344970703125,0.010137174211248285,0.310273677110672,0.15044476091861725,2.0487580767313935,0.010776040144264698,0.0011279704049229622,0.3250507414340973,0.22511287033557892,0.6494140625,0.3138545953360768,0.5464186668395996,0.26467517018318176,2.05671710481204,0.009148335084319115,0.00033171221730299294,0.28655532002449036,0.24427787959575653,0.64599609375,0.30045610425240055,0.5273191928863525,0.1970953494310379,2.66194635260696,0.008569370955228806,0.00037417004932649434,0.25128301978111267,0.1656595915555954,0.48779296875,0.06459533607681756,0.411800354719162,0.20074903964996338,2.041151499078458,0.006008580327033997,0.00017217866843566298,0.26860281825065613,0.2466171383857727,0.63134765625,0.29862139917695474,0.5080758929252625,0.1699630320072174,2.9718465270539505,0.007421272341161966,0.00037265909486450255
A01_s32,A01,1,low,1_low,test,292,143.57534246575344,0.5276802214062793,0.9512532538519101,0.18098866939544678,0.09769569337368011,0.318603515625,0.01840877914951989,0.3841113746166229,0.1623159945011139,2.3519519676561935,0.014455821365118027,0.0018687520641833544,0.24999016523361206,0.1131276786327362,0.412841796875,0.023312757201646092,0.31664884090423584,0.2773481011390686,1.1376001474715698,0.009429782629013062,0.0003544895735103637,0.18746690452098846,0.12130998820066452,0.382568359375,0.01799039780521262,0.2594897449016571,0.2051984667778015,1.258446529485023,0.008957501500844955,0.000344104046234861,0.19919931888580322,0.08817921578884125,0.331787109375,0.00027091906721536354,0.24509155750274658,0.2148391604423523,1.1355286825636408,0.006843349430710077,0.00020838975615333766,0.15499432384967804,0.11742159724235535,0.353515625,0.012194787379972566,0.18496164679527283,0.17212757468223572,1.0683546346372481,0.007729997858405113,0.0003494313277769834
A01_s33,A01,1,low,1_low,test,254,398.12598425196853,0.5604872723905949,0.9426293096429288,0.20929408073425293,0.09931818395853043,0.343994140625,0.0148079561042524,0.3173069357872009,0.17540684342384338,1.79872237169861,0.011321773752570152,0.0011404138058423996,0.3504485487937927,0.1881055384874344,0.60302734375,0.28478052126200276,0.5225062966346741,0.33764010667800903,1.542954559518526,0.009472955949604511,0.0003586421371437609,0.31113243103027344,0.21020378172397614,0.5986328125,0.2666358024691358,0.5026467442512512,0.2878875732421875,1.7399389617561007,0.009337429888546467,0.0003879231517203152,0.2734775245189667,0.1414479911327362,0.459716796875,0.04135802469135803,0.4008721709251404,0.260811448097229,1.5311483658891354,0.00668384088203311,0.00020265241619199514,0.28556203842163086,0.21244297921657562,0.58544921875,0.24098765432098765,0.4706253707408905,0.2613097131252289,1.7941591454381636,0.008703721687197685,0.00041547391447238624
A01_s34,A01,1,low,1_low,test,173,180.3815028901734,0.5478919521035025,0.952497865496563,0.14684663712978363,0.08123806118965149,0.2386474609375,0.008199588477366255,0.352982759475708,0.14438727498054504,2.427879327973802,0.00877449568361044,0.0010298567358404398,0.1523238867521286,0.10505370795726776,0.263427734375,0.012115912208504801,0.2985658049583435,0.22682875394821167,1.310483421360463,0.008553987368941307,0.000301328138448298,0.10007831454277039,0.09098576009273529,0.1881103515625,0.007650891632373114,0.22983117401599884,0.14845773577690125,1.5377670002914585,0.006255897227674723,0.0002276318846270442,0.12349748611450195,0.07292915135622025,0.2034912109375,0.0004698216735253772,0.21629689633846283,0.1677514761686325,1.2817481734045302,0.005402384325861931,0.00016395213606301695,0.08021894097328186,0.08480051904916763,0.1317138671875,0.00790809327846365,0.17576804757118225,0.11841107159852982,1.4719577106060096,0.005091550759971142,0.000224536401219666
A01_s35,A01,1,low,1_low,test,146,157.28082191780823,0.5111195313282602,0.9574412084297883,0.13997769355773926,0.07367642223834991,0.2030029296875,0.0057201646090534975,0.364120751619339,0.14048650860786438,2.5735369061124724,0.007940481416881084,0.000917620665859431,0.13918696343898773,0.09262734651565552,0.248291015625,0.003765432098765432,0.2686409652233124,0.21296042203903198,1.2555638218656404,0.008487313985824585,0.0002789050049614161,0.08783264458179474,0.07595755159854889,0.169189453125,0.001673525377229081,0.19517908990383148,0.1343836635351181,1.4416738682300663,0.005930387414991856,0.00020015783957205713,0.11139952391386032,0.06358850747346878,0.1834716796875,0.00017146776406035664,0.1868363916873932,0.15413807332515717,1.2043232694774986,0.005131438374519348,0.00014464600826613605,0.06877391785383224,0.0674104392528534,0.119140625,0.0016803840877914953,0.13901126384735107,0.10397597402334213,1.3242198049664293,0.004698099102824926,0.00019095753668807447
A01_s36,A01,1,low,1_low,test,217,139.7188940092166,0.5247660410881018,0.9531775193225961,0.16494102776050568,0.08297483623027802,0.246826171875,0.01016803840877915,0.36093100905418396,0.1680203080177307,2.135429838503911,0.009932020679116249,0.001275709131732583,0.2375367283821106,0.15196222066879272,0.439208984375,0.027983539094650206,0.3813905119895935,0.3201499283313751,1.1875777583735276,0.008678942918777466,0.00028543712687678635,0.19388630986213684,0.15492618083953857,0.419189453125,0.022623456790123456,0.33685702085494995,0.2681463956832886,1.2515754483717412,0.007977078668773174,0.00029865422402508557,0.1933259665966034,0.11817940324544907,0.3544921875,0.00048010973936899864,0.3009326457977295,0.2505459189414978,1.1963328487460676,0.006051789037883282,0.00016935238090809435,0.17006632685661316,0.14755384624004364,0.3876953125,0.015637860082304528,0.2736585736274719,0.24090638756752014,1.1312581547731526,0.007235043682157993,0.0003291984321549535
A01_s37,A01,1,low,1_low,test,200,148.175,0.5027304853308062,0.9529340110101924,0.15526454150676727,0.08482041954994202,0.240234375,0.010061728395061729,0.36819472908973694,0.1551934778690338,2.3572989993760394,0.009781518951058388,0.0012782920384779572,0.18960079550743103,0.13187943398952484,0.39892578125,0.014444444444444444,0.32698705792427063,0.2652972936630249,1.2279022945612175,0.008589416742324829,0.00028064384241588414,0.13997617363929749,0.1293192058801651,0.366455078125,0.010380658436213991,0.26893720030784607,0.19997890293598175,1.3381364729287593,0.006976368371397257,0.0002402513346169144,0.151511549949646,0.09931228309869766,0.318603515625,7.544581618655693e-05,0.24376575648784637,0.19990624487400055,1.213330907860656,0.005439726170152426,0.0001451849238947034,0.11747918277978897,0.12120736390352249,0.334716796875,0.0054595336076817555,0.20859120786190033,0.1709081083536148,1.2133878376046605,0.006035167723894119,0.00026686309138312936
A01_s38,A01,1,low,1_low,test,185,354.8540540540541,0.5254172962827085,0.9506173351241117,0.16233257949352264,0.08935017138719559,0.2822265625,0.008367626886145405,0.301468163728714,0.14143992960453033,2.116458247106054,0.00970944669097662,0.0011647690553218126,0.20983852446079254,0.1658916175365448,0.50146484375,0.10100137174211249,0.43402957916259766,0.23721837997436523,1.821981910922674,0.00920428428798914,0.0003223088860977441,0.16205643117427826,0.17017343640327454,0.48291015625,0.0888477366255144,0.3935060501098633,0.16596461832523346,2.356822984755642,0.007457558531314135,0.00029683468164876103,0.16674062609672546,0.1229674443602562,0.391845703125,0.0064094650205761316,0.3288820683956146,0.17908018827438354,1.8263089990471661,0.0058759222738444805,0.00017011053569149226,0.14362257719039917,0.1716255247592926,0.478515625,0.08903292181069959,0.3669944107532501,0.13798214495182037,2.640586752208153,0.006360807456076145,0.0003040384326595813
A01_s39,A01,1,low,1_low,test,199,155.1859296482412,0.5081319180191892,0.9540216395473321,0.15125226974487305,0.07937918603420258,0.239501953125,0.005240054869684499,0.34970834851264954,0.14603956043720245,2.378328304796604,0.009400740265846252,0.0010876854648813605,0.17730240523815155,0.11148010194301605,0.3418212831020355,0.006793552812071331,0.28840237855911255,0.2345527559518814,1.2243642720020955,0.008274514228105545,0.0002459976531099528,0.12281263619661331,0.10531684011220932,0.283203125,0.004324417009602195,0.21901676058769226,0.16183824837207794,1.3449958027505244,0.006457106675952673,0.00019211909966543317,0.14125654101371765,0.08102209866046906,0.277099609375,0.0,0.20684927701950073,0.1751793771982193,1.1740833706477163,0.005183910019695759,0.00012887909542769194,0.09960556775331497,0.09700379520654678,0.24293212592601776,0.003093278463648834,0.1613868623971939,0.12989938259124756,1.2329077433554287,0.005109838210046291,0.00018121572793461382
A01_s40,A01,1,low,1_low,test,180,268.3722222222222,0.5264714647064171,0.9535601008038166,0.1532345563173294,0.08359898626804352,0.25732421875,0.007911522633744856,0.31075525283813477,0.1400921791791916,2.202498073571219,0.008992197923362255,0.001086575910449028,0.18058064579963684,0.14542053639888763,0.41748046875,0.06085048010973937,0.39432427287101746,0.22496499121189117,1.745067989320757,0.008516181260347366,0.0002760498318821192,0.13388870656490326,0.1457643359899521,0.3896484375,0.05406721536351166,0.3478582799434662,0.1567227840423584,2.205504309701029,0.006565889343619347,0.00022161648666951805,0.14494401216506958,0.10713038593530655,0.335693359375,0.003227023319615912,0.2948191463947296,0.16912251710891724,1.732981332541524,0.005281873978674412,0.00014245178317651153,0.11477363854646683,0.14389096200466156,0.36083984375,0.05232167352537723,0.3137018382549286,0.1273772418498993,2.4435938468105878,0.005253303796052933,0.00021392495546024293
A01_s41,A01,1,low,1_low,test,180,153.80555555555554,0.5213405374970692,0.9569391413314146,0.1436137706041336,0.08257035166025162,0.2265625,0.009320987654320987,0.37338986992836,0.13966037333011627,2.6545491177678744,0.009446041658520699,0.0011907807784155011,0.1369251310825348,0.08320415765047073,0.24267578125,0.0014540466392318244,0.2548617124557495,0.20224231481552124,1.2539795794349327,0.008417556993663311,0.000275983678875491,0.08462747931480408,0.05960756912827492,0.163330078125,8.916323731138545e-05,0.18344257771968842,0.1214805394411087,1.497728362046377,0.005898438394069672,0.00018194752919953316,0.11042050272226334,0.05303334817290306,0.1734619140625,0.00016117969821673525,0.17652496695518494,0.14634986221790314,1.197998859979504,0.005034306086599827,0.0001394621649524197,0.06357283890247345,0.045994069427251816,0.11163330078125,7.887517146776407e-05,0.12110736221075058,0.09017794579267502,1.3282528045337911,0.004382047802209854,0.00015887293557170779
A01_s42,A01,1,low,1_low,test,131,164.33587786259542,0.5365894287431304,0.9563245048033803,0.134396493434906,0.07165543735027313,0.179443359375,0.005147462277091907,0.3634025454521179,0.1369333416223526,2.634624385792646,0.00726478174328804,0.0008298181346617639,0.11623615026473999,0.07983623445034027,0.2320556640625,0.00030864197530864197,0.2529367208480835,0.19906462728977203,1.2642750708836297,0.007441001944243908,0.00021477174595929682,0.07087890058755875,0.05238431319594383,0.1451416015625,0.0,0.17844140529632568,0.11623900383710861,1.5220310601090694,0.004905836656689644,0.00013343567843548954,0.09718064963817596,0.04772139713168144,0.1585693359375,0.0,0.17374546825885773,0.14177493751049042,1.216918538284016,0.00451663276180625,0.00010860076872631907,0.05384517461061478,0.038915004581213,0.1024169921875,0.0,0.11982332915067673,0.08524556457996368,1.3893274365382695,0.0037969176191836596,0.00011682248441502452
A01_s43,A01,1,low,1_low,test,159,249.42767295597486,0.572471329688082,0.9496524632950469,0.1428316831588745,0.07456284016370773,0.23876953125,0.003347050754458162,0.3037155568599701,0.13724109530448914,2.196999063057246,0.007816566154360771,0.0007795862620696425,0.15671424567699432,0.1231141984462738,0.31689453125,0.029266117969821672,0.35665827989578247,0.21357694268226624,1.6621463398511669,0.009082113392651081,0.0003391933860257268,0.10864465683698654,0.11061117798089981,0.2406005859375,0.019118655692729768,0.2920284569263458,0.13975226879119873,2.074769092067427,0.006853597238659859,0.00025417894357815385,0.13147054612636566,0.08695269376039505,0.25439453125,0.0004046639231824417,0.2649998068809509,0.16124728322029114,1.63330813078175,0.005620704963803291,0.0001704069582046941,0.08715876936912537,0.10571277141571045,0.19775390625,0.016958161865569272,0.2502673268318176,0.10809027403593063,2.2941305175325533,0.005818819627165794,0.0002675700234249234
A01_s44,A01,1,low,1_low,test,108,166.64814814814815,0.5294853826775892,0.9572019157981061,0.12998738884925842,0.06560950726270676,0.145263671875,0.0028600823045267488,0.36339637637138367,0.1342330276966095,2.6871865738793526,0.006254049018025398,0.0006899964646436274,0.10305782407522202,0.07273618131875992,0.2198486328125,0.0,0.23895211517810822,0.18783921003341675,1.2653734101928489,0.0069877090863883495,0.00017186299373861402,0.06120877340435982,0.0437532514333725,0.128173828125,0.0,0.16360242664813995,0.10380740463733673,1.560981566276263,0.00442534452304244,0.00010275189561070874,0.08669737726449966,0.039098385721445084,0.143798828125,0.0,0.15644940733909607,0.1284429430961609,1.2086360491886572,0.004116399213671684,8.324108785018325e-05,0.0462469607591629,0.029977601021528244,0.0909423828125,0.0,0.10728468000888824,0.07397256046533585,1.4309859412963781,0.0032931636087596416,7.843138882890344e-05
A01_s45,A01,1,low,1_low,test,220,170.19545454545454,0.5483562877748178,0.9497412740149855,0.15352874994277954,0.08425746858119965,0.252685546875,0.008737997256515775,0.33799612522125244,0.14786984026432037,2.27041370247416,0.009991385973989964,0.0012819701805710793,0.18678522109985352,0.13640372455120087,0.39013671875,0.027541152263374485,0.3503262996673584,0.25460749864578247,1.3705634675171874,0.009213441051542759,0.00035151379415765405,0.13932891190052032,0.13104109466075897,0.353515625,0.02041838134430727,0.29396384954452515,0.18780647218227386,1.5569585414462503,0.007457032799720764,0.0003235887852497399,0.15235015749931335,0.10405664145946503,0.320068359375,0.0004286694101508916,0.2661285996437073,0.1952088326215744,1.3563538199984415,0.005943670403212309,0.00018416358216200024,0.11820745468139648,0.12633788585662842,0.323486328125,0.01873113854595336,0.24576011300086975,0.16019350290298462,1.5246279072971205,0.006500697694718838,0.00034712289925664663
A01_s46,A01,1,low,1_low,test,132,186.9090909090909,0.5673757413281626,0.9493632412172273,0.1315690279006958,0.06509819626808167,0.19189453125,0.00196159122085048,0.31674712896347046,0.13722114264965057,2.291596805608315,0.006409384775906801,0.0006267742137424648,0.12641742825508118,0.11197545379400253,0.275146484375,0.008179012345679013,0.31673023104667664,0.2179839313030243,1.4463628868201912,0.00792801845818758,0.0003131175762973726,0.08753043413162231,0.09359379857778549,0.203125,0.0033950617283950617,0.24710606038570404,0.14823077619075775,1.6558652758720152,0.005853072740137577,0.00024350106832571328,0.10870575904846191,0.08003117144107819,0.220703125,0.00021262002743484225,0.23607447743415833,0.166386678814888,1.410354032385288,0.005235655698925257,0.00016689237963873893,0.07093039900064468,0.08429789543151855,0.14892578125,0.002702331961591221,0.19585801661014557,0.11852265894412994,1.6386685030300243,0.0048339953646063805,0.00023682367464061826
A01_s47,A01,1,low,1_low,test,147,161.97278911564626,0.5412519529883708,0.9510189549093298,0.13511911034584045,0.07161862403154373,0.19775390625,0.004825102880658436,0.34771132469177246,0.13819722831249237,2.497975921698484,0.0073282658122479916,0.0008189940126612782,0.1230417862534523,0.09095004200935364,0.2418212890625,0.0025925925925925925,0.2724670171737671,0.20428715646266937,1.3272482403121701,0.007742307148873806,0.00023951235925778747,0.07755240797996521,0.0674673393368721,0.1585693359375,0.0007373113854595336,0.19724051654338837,0.12718193233013153,1.5387544325310762,0.0053977458737790585,0.00017040522652678192,0.10175376385450363,0.05942526459693909,0.17138671875,0.0,0.1911437213420868,0.14946940541267395,1.2703161869873838,0.004721888806670904,0.00012514034460764378,0.05967880040407181,0.0558415949344635,0.11187744140625,0.00018518518518518518,0.14102600514888763,0.09570428729057312,1.4583221602692589,0.004070102237164974,0.000144985067890957
A01_s48,A01,1,low,1_low,test,145,170.20689655172413,0.5340590571313595,0.9548839434028372,0.1350889503955841,0.07170216739177704,0.1968994140625,0.0035871056241426613,0.3452921211719513,0.13682234287261963,2.505342123599529,0.007336955051869154,0.000799436355009675,0.12170431017875671,0.09069061279296875,0.2423095703125,0.001803840877914952,0.27166548371315,0.20501841604709625,1.3186465992974468,0.007621874567121267,0.00022133198217488825,0.07714997977018356,0.06627248972654343,0.1593017578125,0.0004766803840877915,0.1954263150691986,0.12812241911888123,1.513496388952195,0.005324498284608126,0.00015447117039002478,0.10094433277845383,0.05838487297296524,0.1717529296875,3.7722908093278466e-05,0.1894238442182541,0.14983581006526947,1.2558280698481803,0.004655893892049789,0.00011390457075322047,0.059840694069862366,0.053788185119628906,0.113525390625,0.0001748971193415638,0.13978968560695648,0.09765716642141342,1.4169237844298688,0.004057729616761208,0.00013414971181191504
A01_s49,A01,1,low,1_low,test,131,169.9618320610687,0.5200232635710542,0.9527373167575751,0.13136279582977295,0.06432391703128815,0.1806640625,0.002119341563786008,0.3293455243110657,0.13467644155025482,2.427433388935657,0.006478691939264536,0.0006549395620822906,0.11894550174474716,0.08592122793197632,0.237548828125,0.0008401920438957476,0.2663586735725403,0.19901302456855774,1.3317066433403264,0.0073524340987205505,0.00018444326997268945,0.07394857704639435,0.061793968081474304,0.1536865234375,9.602194787379972e-05,0.18748104572296143,0.12199398875236511,1.524310640095053,0.004906054586172104,0.00012009277998004109,0.09791821986436844,0.05532228574156761,0.1690673828125,6.858710562414266e-06,0.18514256179332733,0.1438506543636322,1.278161721855578,0.004396377131342888,9.244311513612047e-05,0.05645422637462616,0.04916655644774437,0.10821533203125,1.02880658436214e-05,0.1342574506998062,0.08941667526960373,1.4848748894988497,0.0037993791047483683,0.00011685618665069342
A02_s01,A02,2,low,2_low,test,243,396.43621399176953,0.5331318329264191,0.9516653058673885,0.2020033448934555,0.10682021081447601,0.349853515625,0.01944787379972565,0.3305839002132416,0.15307143330574036,2.1456534356841397,0.014317257329821587,0.0018228025874122977,0.30701756477355957,0.1841125786304474,0.62158203125,0.21469478737997255,0.4917128384113312,0.2639898657798767,1.8555911070946012,0.009690534323453903,0.00041266431799158454,0.25482749938964844,0.20781965553760529,0.6201171875,0.2086111111111111,0.4656265079975128,0.1910352110862732,2.4246933953603267,0.009008906781673431,0.00038101166137494147,0.2399296909570694,0.1361219882965088,0.47119140625,0.04025377229080933,0.3732951283454895,0.20294973254203796,1.8303290898827052,0.006676684133708477,0.00022524100495502353,0.22824406623840332,0.2130635678768158,0.61767578125,0.20411865569272977,0.43180909752845764,0.160459965467453,2.674403504783986,0.007534556556493044,0.0003800756821874529
A02_s02,A02,2,low,2_low,test,175,328.53714285714284,0.5741230400619737,0.9459791378247645,0.14741598069667816,0.07504347711801529,0.2393798828125,0.002986968449931413,0.27115219831466675,0.13605767488479614,1.9783802588405486,0.008376347832381725,0.0008120008278638124,0.1838403195142746,0.13874399662017822,0.409912109375,0.02886488340192044,0.3766038119792938,0.2286345511674881,1.6400137090198201,0.009665844030678272,0.0003479157167021185,0.13610535860061646,0.13155697286128998,0.363525390625,0.017558299039780522,0.3212394118309021,0.15909580886363983,2.006544794089612,0.007884345948696136,0.00030436416273005307,0.1517198234796524,0.10093001276254654,0.32421875,0.0003978052126200274,0.28757444024086,0.17584243416786194,1.6261619649947212,0.006277345586568117,0.00018009501218330115,0.11552481353282928,0.12645785510540009,0.338623046875,0.012767489711934156,0.28420060873031616,0.1300680935382843,2.168343195190389,0.006956465542316437,0.0003254492476116866
A02_s03,A02,2,low,2_low,test,162,155.5493827160494,0.5432500314280888,0.955860954318246,0.13849090039730072,0.07246154546737671,0.2047119140625,0.004002057613168724,0.34449586272239685,0.13964740931987762,2.449358039286042,0.007755746599286795,0.0008791842265054584,0.13643555343151093,0.10171417891979218,0.25830078125,0.002424554183813443,0.27884840965270996,0.2137020081281662,1.2987694529911038,0.008138016797602177,0.0002685688086785376,0.09017998725175858,0.08679027110338211,0.1837158203125,0.0010699588477366254,0.20562706887722015,0.14147135615348816,1.4432870889197733,0.005842848215252161,0.00020389874407555908,0.11203024536371231,0.07139139622449875,0.1961669921875,0.0,0.1981177031993866,0.1580466479063034,1.2456578356564956,0.0049803247675299644,0.0001414467260474339,0.0718684121966362,0.07694213092327118,0.1268310546875,0.0004252400548696845,0.15134964883327484,0.11114965379238129,1.3495329117418688,0.004651318769901991,0.00019611719471868128
A02_s04,A02,2,low,2_low,test,160,256.70625,0.5301410784830408,0.9532684691061647,0.14513805508613586,0.07756422460079193,0.2373046875,0.005428669410150891,0.3070196807384491,0.13796758651733398,2.2092898670306353,0.00799238309264183,0.0009161580237559974,0.16241781413555145,0.13771936297416687,0.385009765625,0.04243141289437586,0.38458800315856934,0.2229192703962326,1.7175297261286537,0.008777204900979996,0.00029011149308644235,0.11786175519227982,0.133965402841568,0.341064453125,0.03686213991769547,0.33539506793022156,0.15397493541240692,2.1641891125019344,0.006660060025751591,0.00024654780281707644,0.13101083040237427,0.10002449154853821,0.30859375,0.0014883401920438956,0.286469042301178,0.16567064821720123,1.7187731935131032,0.005440681707113981,0.0001496831828262657,0.10053551197052002,0.13072414696216583,0.312744140625,0.03374485596707819,0.30122458934783936,0.12633128464221954,2.3656761980705063,0.005458717234432697,0.00023734850401524454
A02_s05,A02,2,low,2_low,test,125,170.616,0.5487108902887049,0.9474326766117988,0.13231950998306274,0.06899366527795792,0.182373046875,0.0035768175582990397,0.3517397940158844,0.13660815358161926,2.5560970397532268,0.006681996397674084,0.0007475552847608924,0.11231566220521927,0.09096968919038773,0.2335205078125,0.003295610425240055,0.2766377925872803,0.20055145025253296,1.3725418112381143,0.007766348775476217,0.0002489167673047632,0.07212655991315842,0.07049732655286789,0.1480712890625,0.001416323731138546,0.20379000902175903,0.12615694105625153,1.6026652365882776,0.005247833207249641,0.00017705908976495266,0.09490691125392914,0.05915713310241699,0.161865234375,0.00027091906721536354,0.1940130740404129,0.14526888728141785,1.3264138235162504,0.004646817222237587,0.00012703437823802233,0.056368205696344376,0.06089919060468674,0.10491943359375,0.0013168724279835392,0.14841154217720032,0.09720275551080704,1.5112767600586106,0.004006949253380299,0.00015795826038811356
A02_s06,A02,2,low,2_low,test,122,156.0655737704918,0.5268787869493066,0.9542444890092425,0.13325121998786926,0.06548978388309479,0.186767578125,0.0037242798353909466,0.3465310037136078,0.14243002235889435,2.416028374077143,0.006219306029379368,0.0006757882074452937,0.1289852261543274,0.1107100173830986,0.280029296875,0.0031069958847736627,0.29249441623687744,0.23095107078552246,1.2610177450197564,0.0074280137196183205,0.00019931622955482453,0.08894550055265427,0.09575913101434708,0.2060546875,0.0013203017832647463,0.2231997698545456,0.15907444059848785,1.394349835114489,0.005209062714129686,0.0001482530788052827,0.10777001082897186,0.07769326865673065,0.2196044921875,1.3717421124828532e-05,0.2105884701013565,0.17014087736606598,1.230497782542701,0.004604152403771877,0.0001037420952343382,0.07224112749099731,0.08696811646223068,0.1531982421875,0.0007853223593964335,0.1666303426027298,0.12899605929851532,1.281810721816495,0.004267480224370956,0.0001479692873544991
A02_s07,A02,2,low,2_low,test,126,515.0555555555555,0.5325791124943633,0.9506294411745045,0.15407796204090118,0.08394459635019302,0.2578125,0.008182441700960219,0.2835175693035126,0.13986428081989288,2.0127002221806265,0.00816032662987709,0.0009478753199800849,0.19478894770145416,0.17424383759498596,0.4970703125,0.09661865569272976,0.45131126046180725,0.244940847158432,1.8350398710754956,0.008699101395905018,0.00029888912104070187,0.1557663232088089,0.17427648603916168,0.48193359375,0.082119341563786,0.4184245765209198,0.17416319251060486,2.3887699837143996,0.007009423337876797,0.0002621706807985902,0.15767355263233185,0.1280391812324524,0.387451171875,0.004698216735253773,0.34544745087623596,0.1840752810239792,1.8665239839969674,0.005730904638767242,0.000160542011144571,0.13973569869995117,0.17330428957939148,0.4736328125,0.07926954732510288,0.3948962092399597,0.14637167751789093,2.6795936362468242,0.006238904315978289,0.0002876515791285783
A02_s08,A02,2,low,2_low,test,146,162.56849315068493,0.5294560745366715,0.9546789286468448,0.13987013697624207,0.07330095022916794,0.200927734375,0.004989711934156379,0.3584790527820587,0.14132289588451385,2.5187728970392937,0.007793700322508812,0.0008729331893846393,0.13769249618053436,0.09343959391117096,0.25537109375,0.0006927297668038409,0.26568615436553955,0.21585038304328918,1.2252049115011312,0.00797851663082838,0.00023599127598572522,0.08811566233634949,0.07246240228414536,0.178466796875,0.0,0.19186319410800934,0.13577251136302948,1.4027906060652422,0.0056432923302054405,0.00017002531967591494,0.11246071010828018,0.06372123211622238,0.1932373046875,3.08641975308642e-05,0.18774037063121796,0.15834346413612366,1.178211931371314,0.004918691702187061,0.00012537406291812658,0.06835569441318512,0.06122973561286926,0.1263427734375,0.0,0.1320214569568634,0.10445281863212585,1.2519481097743128,0.004478044807910919,0.0001602176489541307
A02_s09,A02,2,low,2_low,test,153,155.0718954248366,0.5451012968754542,0.9537582086724482,0.14193838834762573,0.07572633773088455,0.2034912109375,0.0075445816186556925,0.3667241334915161,0.14326836168766022,2.541958120280528,0.008063706569373608,0.0009662355878390372,0.14342963695526123,0.10018578171730042,0.27197265625,0.0018484224965706448,0.2740623354911804,0.22409950196743011,1.2175164009506996,0.007870870642364025,0.0002407381107332185,0.093588687479496,0.08147282898426056,0.1978759765625,0.0001748971193415638,0.20247219502925873,0.14489218592643738,1.387820696108772,0.005703171249479055,0.00017912221665028483,0.11731518805027008,0.0710562914609909,0.2177734375,0.00033950617283950616,0.19707171618938446,0.16515327990055084,1.1860838155427296,0.004906811285763979,0.0001289489009650424,0.07393870502710342,0.07099083811044693,0.14501953125,0.00018175582990397806,0.14176404476165771,0.11376585811376572,1.2352458047333998,0.004639735911041498,0.0001827005617087707
A02_s10,A02,2,low,2_low,test,156,171.03205128205127,0.5464616362373429,0.952962147063152,0.14377877116203308,0.07865281403064728,0.21875,0.006982167352537723,0.3666239380836487,0.142158642411232,2.5609626628792617,0.008505113422870636,0.001000063493847847,0.13941751420497894,0.08894171565771103,0.2447509765625,0.003868312757201646,0.26613134145736694,0.21183091402053833,1.2504355520067216,0.008368512615561485,0.0002607678761705756,0.08679790794849396,0.06994720548391342,0.1634521484375,0.002890946502057613,0.19511514902114868,0.1298655867576599,1.490958424253029,0.005770248826593161,0.00017453933833166957,0.11232809722423553,0.05821545422077179,0.1790771484375,9.259259259259259e-05,0.1860821545124054,0.1530594378709793,1.2078594929591022,0.0050924369134008884,0.00013474759180098772,0.06703679263591766,0.059469353407621384,0.1156005859375,0.0019375857338820301,0.13628697395324707,0.09925998002290726,1.3593357381689923,0.004580557346343994,0.00016925322415772825
A02_s11,A02,2,low,2_low,test,151,666.6622516556291,0.5681170835555722,0.9487101153901615,0.18632185459136963,0.09882453829050064,0.308349609375,0.01465363511659808,0.295244961977005,0.15446878969669342,1.899062587114772,0.010629835538566113,0.001340896706096828,0.2919079065322876,0.21261633932590485,0.595703125,0.24457818930041153,0.5249650478363037,0.2908370792865753,1.7988291587882967,0.010269573889672756,0.00044498793431557715,0.25808313488960266,0.22425149381160736,0.59130859375,0.231838134430727,0.5069175362586975,0.23427128791809082,2.1546085829018784,0.009522625245153904,0.00046527740778401494,0.23094671964645386,0.15679597854614258,0.45166015625,0.0251920438957476,0.4004615247249603,0.2256859391927719,1.7665918148739304,0.0069436621852219105,0.00023587937175761908,0.24188172817230225,0.22473099827766418,0.58984375,0.22362139917695473,0.4888039529323578,0.20884819328784943,2.3293217123955117,0.008605871349573135,0.0004901999491266906
A02_s12,A02,2,low,2_low,test,179,158.70391061452514,0.5203692319270672,0.9587680299994981,0.1482100486755371,0.08515959978103638,0.23681640625,0.010497256515775034,0.38066762685775757,0.14214923977851868,2.6592361052474236,0.009836433455348015,0.00127298547886312,0.15073449909687042,0.09190469980239868,0.25146484375,0.0024074074074074076,0.26175910234451294,0.210649311542511,1.2367585816216422,0.00858338177204132,0.0002761900541372597,0.09546798467636108,0.07459647208452225,0.1748046875,0.00031550068587105626,0.18970830738544464,0.13010744750499725,1.4469682004770459,0.006162402220070362,0.00018945173360407352,0.12016664445400238,0.061669886112213135,0.18505859375,0.0004149519890260631,0.18132950365543365,0.15199683606624603,1.1851846634065026,0.005110711790621281,0.0001371621765429154,0.07451986521482468,0.06440386176109314,0.12176513671875,0.00026406035665294924,0.1294301301240921,0.09956341236829758,1.2870499029018103,0.0047563971020281315,0.00018015113892033696
A02_s13,A02,2,low,2_low,test,153,651.6405228758169,0.5268746393858581,0.9531330080739767,0.18230724334716797,0.09771592915058136,0.3095703125,0.011512345679012345,0.29609569907188416,0.14221560955047607,2.067482029377013,0.010389385744929314,0.0012041021836921573,0.2712414264678955,0.20633403956890106,0.59765625,0.2317283950617284,0.5057772397994995,0.23914320766925812,2.106148429965552,0.009205982089042664,0.00034084441722370684,0.23047126829624176,0.21964462101459503,0.59130859375,0.2203395061728395,0.48185575008392334,0.1694212555885315,2.8274392675953846,0.008071127347648144,0.00033094469108618796,0.21262753009796143,0.1520780473947525,0.452880859375,0.022246227709190672,0.38285255432128906,0.18072186410427094,2.106805123359347,0.006048407405614853,0.00017810706049203873,0.21345695853233337,0.22381030023097992,0.59423828125,0.2183710562414266,0.46467453241348267,0.14092813432216644,3.2740128279196963,0.006935030687600374,0.00034472974948585033
A02_s14,A02,2,low,2_low,test,127,171.88976377952756,0.5467751034243904,0.9545067865532647,0.1331760138273239,0.0678277239203453,0.1842041015625,0.003148148148148148,0.34504932165145874,0.13639917969703674,2.5112909874155553,0.006875313352793455,0.0007170260651037097,0.12081155180931091,0.08330807834863663,0.238037109375,0.0011282578875171467,0.26188626885414124,0.20012393593788147,1.3021138813384532,0.007886569015681744,0.000222170798224397,0.07500636577606201,0.058683134615421295,0.153076171875,3.429355281207133e-06,0.18298014998435974,0.12110055238008499,1.498602147308585,0.005313023924827576,0.00014850364823359996,0.10023923963308334,0.052659980952739716,0.1669921875,0.00014060356652949245,0.1799168884754181,0.14462393522262573,1.235489812855052,0.0047229621559381485,0.00011250018724240363,0.05762225016951561,0.046736862510442734,0.10955810546875,3.429355281207133e-06,0.128697469830513,0.0899852067232132,1.4144878542950896,0.004056271631270647,0.00013355223927646875
A02_s15,A02,2,low,2_low,test,148,172.8783783783784,0.5140059941675158,0.9538617919402547,0.13669349253177643,0.07204493880271912,0.2032470703125,0.0036556927297668037,0.34363073110580444,0.13586291670799255,2.510765803997636,0.007636780850589275,0.0008168841595761478,0.13112066686153412,0.08726505935192108,0.244384765625,0.002544581618655693,0.2752387821674347,0.20224814116954803,1.3542007350405858,0.008397948928177357,0.00029060165979899466,0.08178270608186722,0.06250357627868652,0.1617431640625,9.259259259259259e-05,0.1972658485174179,0.12352842092514038,1.584103026858449,0.005756439175456762,0.00019898924801964313,0.10748039931058884,0.056584425270557404,0.175537109375,0.00024348422496570644,0.19469241797924042,0.14835472404956818,1.3035571470415992,0.005172012373805046,0.00015535310376435518,0.06262436509132385,0.050398167222738266,0.11480712890625,1.02880658436214e-05,0.1423322856426239,0.09234362095594406,1.5248207021002678,0.004525322932749987,0.00019248694297857583
A02_s16,A02,2,low,2_low,test,174,165.67816091954023,0.5523345439651839,0.9546195839118244,0.14361397922039032,0.07706823199987411,0.22412109375,0.004886831275720165,0.3492576777935028,0.14023332297801971,2.4729126981446026,0.008627623319625854,0.0009986067889258265,0.1446956992149353,0.10099884122610092,0.251953125,0.009502743484224965,0.2868681848049164,0.21318085491657257,1.3393736098245423,0.00847926177084446,0.0002708451065700501,0.09457343071699142,0.08738745748996735,0.1759033203125,0.0062037037037037035,0.21825219690799713,0.13681042194366455,1.583713291272095,0.0061607505194842815,0.00020789180416613817,0.11700998991727829,0.06957832723855972,0.185302734375,0.0002160493827160494,0.20290715992450714,0.15562164783477783,1.2955243590500114,0.005210826639086008,0.00014065916184335947,0.07503089308738708,0.08047061413526535,0.1220703125,0.006625514403292181,0.1657876819372177,0.10692936927080154,1.5360757044845323,0.004774344619363546,0.00018213460862170905
A02_s17,A02,2,low,2_low,test,152,781.2697368421053,0.5379922150002019,0.950840736652048,0.19570352137088776,0.09570174664258957,0.316162109375,0.010888203017832648,0.2885380983352661,0.15152814984321594,1.891703915846715,0.010808330029249191,0.001232191571034491,0.31595250964164734,0.20667487382888794,0.59912109375,0.2781207133058985,0.5127618312835693,0.2670781910419464,1.9127323609973819,0.00943863857537508,0.0003356605884619057,0.2808774709701538,0.22464177012443542,0.5966796875,0.26863511659807954,0.49580278992652893,0.2087826281785965,2.3634120433672505,0.008630430325865746,0.0003347366291563958,0.24543708562850952,0.15357930958271027,0.45166015625,0.02248971193415638,0.38850483298301697,0.20440742373466492,1.8913865230346698,0.006325727328658104,0.00018013645603787154,0.26256343722343445,0.22709938883781433,0.59228515625,0.25647119341563784,0.47719910740852356,0.18101242184638977,2.621794175186889,0.007703438866883516,0.00035678024869412184
A02_s18,A02,2,low,2_low,test,216,328.7546296296296,0.5306843206502063,0.9499942127485737,0.16437804698944092,0.08818861097097397,0.27783203125,0.007743484224965707,0.2935366928577423,0.1397963911294937,2.0848310848235436,0.010532530955970287,0.0012479007709771395,0.21512626111507416,0.1566050499677658,0.48779296875,0.08956447187928669,0.41085612773895264,0.23188535869121552,1.7641990464660766,0.009121502749621868,0.0003314357600174844,0.16503576934337616,0.16342583298683167,0.4716796875,0.07853566529492455,0.36991047859191895,0.15999500453472137,2.297651903305741,0.007940136827528477,0.0003702383837662637,0.1686224490404129,0.1165834292769432,0.37939453125,0.002465706447187929,0.30927202105522156,0.17360669374465942,1.7712495118170752,0.005814471747726202,0.00017440147348679602,0.1445201188325882,0.163888618350029,0.4621826112270355,0.07500685871056241,0.3398573398590088,0.13225731253623962,2.5503841657213657,0.006742601282894611,0.00036218069726601243
A02_s19,A02,2,low,2_low,test,230,377.69565217391306,0.5278441311475217,0.9528580914365653,0.19109176099300385,0.10299545526504517,0.332275390625,0.013912894375857339,0.32248127460479736,0.15542271733283997,2.061601282111818,0.012309144251048565,0.0016246696468442678,0.28652071952819824,0.19457323849201202,0.6103515625,0.19811385459533606,0.49734732508659363,0.2750099301338196,1.8019182311500954,0.009593899361789227,0.0003725018759723753,0.24086277186870575,0.21428413689136505,0.6083984375,0.19279492455418382,0.4724903106689453,0.21148908138275146,2.223598067224263,0.00850867573171854,0.0003521293110679835,0.22175441682338715,0.14544975757598877,0.462158203125,0.028079561042524005,0.3740009367465973,0.20823916792869568,1.7874327280542854,0.006255653221160173,0.00019088693079538643,0.21913424134254456,0.21626320481300354,0.60595703125,0.18441015089163237,0.4445425868034363,0.18451780080795288,2.3962260487532654,0.007377733942121267,0.0003892217355314642
A02_s20,A02,2,low,2_low,test,200,148.04,0.5457967839505503,0.9562819237141393,0.1522776037454605,0.08478201180696487,0.246337890625,0.011532921810699589,0.37854713201522827,0.14452821016311646,2.6011941711571294,0.01027362048625946,0.001327906153164804,0.15736663341522217,0.08754834532737732,0.256103515625,0.0010356652949245542,0.2533773183822632,0.21150745451450348,1.1923220244726538,0.008503682911396027,0.00028508793911896646,0.09906483441591263,0.07051947712898254,0.1824951171875,0.0,0.18316619098186493,0.12846294045448303,1.4148156247560517,0.00613513495773077,0.00019348929345142096,0.1252577304840088,0.05998017638921738,0.2027587890625,3.429355281207133e-06,0.1765643209218979,0.15254810452461243,1.149895802807492,0.0051368786953389645,0.00014498252130579203,0.07655632495880127,0.059649668633937836,0.128662109375,6.858710562414266e-06,0.12225109338760376,0.09744539856910706,1.2418162267054615,0.004880830645561218,0.00018139075837098062
A02_s21,A02,2,low,2_low,test,183,173.89617486338798,0.5366153968368155,0.9519514057167058,0.15153206884860992,0.08541358262300491,0.250732421875,0.010294924554183814,0.3689658045768738,0.14434973895549774,2.5384689867922043,0.009757252410054207,0.0012153940042480826,0.15326976776123047,0.10219747573137283,0.250244140625,0.014200960219478738,0.29099327325820923,0.21629561483860016,1.3391585167254718,0.008552576415240765,0.0002727787068579346,0.09920459240674973,0.09090923517942429,0.1751708984375,0.009526748971193415,0.2265196293592453,0.13749411702156067,1.635590263548746,0.006151728332042694,0.00019370684458408505,0.12169989943504333,0.070707768201828,0.18568114936351776,0.0005178326474622771,0.20669901371002197,0.15593162178993225,1.3171278761568401,0.005081648007035255,0.00012883920862805098,0.07894092053174973,0.08537665754556656,0.122802734375,0.009334705075445817,0.17338217794895172,0.1090758666396141,1.5751152658793144,0.004940398503094912,0.00018635933520272374
A02_s22,A02,2,low,2_low,test,220,277.41818181818184,0.5701969935114849,0.94246678335395,0.17238187789916992,0.08747264742851257,0.273193359375,0.010994513031550069,0.30489709973335266,0.16615355014801025,1.8240539878654922,0.009843952022492886,0.0012396159581840038,0.25832271575927734,0.1812356859445572,0.509765625,0.1118792866941015,0.47215425968170166,0.32889115810394287,1.4312425419202481,0.009382722899317741,0.0003793058276642114,0.2208486646413803,0.18784627318382263,0.5009765625,0.10114197530864198,0.4448521137237549,0.2821497917175293,1.57108402243693,0.00857808068394661,0.0003925116907339543,0.20852261781692505,0.13723690807819366,0.400390625,0.005267489711934157,0.3663080334663391,0.25782495737075806,1.4152732301685078,0.006476500071585178,0.00021238582849036902,0.20099066197872162,0.1853974461555481,0.488037109375,0.0887037037037037,0.4150264263153076,0.2566320300102234,1.610927128505095,0.008211801759898663,0.00045854769996367395
A02_s23,A02,2,low,2_low,test,165,167.56363636363636,0.5311267073394461,0.9502452776171939,0.14807100594043732,0.08153491467237473,0.227783203125,0.009543895747599451,0.3595651388168335,0.15645554661750793,2.283597793415887,0.008072459138929844,0.0010623018024489284,0.16651135683059692,0.14106102287769318,0.402587890625,0.03573388203017833,0.36677223443984985,0.2783569395542145,1.3129161388477726,0.007895899005234241,0.0002490323968231678,0.12294226884841919,0.13787499070167542,0.3745361268520355,0.028724279835390946,0.31348681449890137,0.21513940393924713,1.450391778571837,0.005948452278971672,0.00019989155407529324,0.13449552655220032,0.10506230592727661,0.324951171875,0.0017558299039780521,0.27470582723617554,0.20866768062114716,1.3101963374724745,0.004984104540199041,0.00013361369201447815,0.1051291972398758,0.13357986509799957,0.3447509706020355,0.02747256515775034,0.2657161056995392,0.18916407227516174,1.39729919811065,0.005085463169962168,0.0002202689938712865
A02_s24,A02,2,low,2_low,test,155,541.6451612903226,0.5193546641821806,0.9518519440501682,0.17575973272323608,0.09562570601701736,0.300048828125,0.012266803840877916,0.30054131150245667,0.14842531085014343,2.011314614589394,0.009995091706514359,0.0012115470599383116,0.25624728202819824,0.19951927661895752,0.5869140625,0.18863854595336077,0.5032932162284851,0.26376891136169434,1.9008773108597654,0.009255391545593739,0.00034485867945477366,0.2145860642194748,0.20985989272594452,0.5791015625,0.17734224965706447,0.47763487696647644,0.19697575271129608,2.41259280707472,0.008196559734642506,0.0003583539219107479,0.2030763477087021,0.14866557717323303,0.448974609375,0.01776406035665295,0.38448619842529297,0.20153045654296875,1.8984117499568298,0.006013762205839157,0.00017692739493213594,0.19791781902313232,0.2126299887895584,0.58544921875,0.17689643347050754,0.45923104882240295,0.1695205718278885,2.6931122966554355,0.0071864319033920765,0.00038267928175628185
A02_s25,A02,2,low,2_low,test,144,1131.3680555555557,0.5419517776016802,0.9538686404491552,0.2476179450750351,0.1067621037364006,0.3779296875,0.01348079561042524,0.3270892798900604,0.16965356469154358,1.9166858921539347,0.0123441806063056,0.0012249989667907357,0.4424040913581848,0.22123636305332184,0.68310546875,0.5272085048010974,0.603831946849823,0.31752848625183105,1.8956921371623536,0.009327685460448265,0.0003821933933068067,0.4158909320831299,0.2507612407207489,0.6884765625,0.5191975308641975,0.5985308289527893,0.2625682055950165,2.2708764420260037,0.009248563088476658,0.00041347823571413755,0.3356855809688568,0.1626352220773697,0.51025390625,0.15573731138545954,0.4524650573730469,0.24198327958583832,1.8621242504598152,0.006469605024904013,0.0002031120384344831,0.3935912251472473,0.2515857517719269,0.65673828125,0.5095781893004115,0.5744591951370239,0.2375115603208542,2.4085171987648777,0.008667130954563618,0.00046223957906477153
A02_s26,A02,2,low,2_low,test,219,345.7579908675799,0.5209362743802773,0.9522668265821322,0.18015223741531372,0.10067164152860641,0.32177734375,0.014355281207133058,0.3241254985332489,0.14687387645244598,2.1919050633495956,0.012434195727109909,0.0015970434760674834,0.25232675671577454,0.17298683524131775,0.5703125,0.14420438957475995,0.4572710692882538,0.24710747599601746,1.843036238438836,0.009632427245378494,0.00038816328742541373,0.19921329617500305,0.18618100881576538,0.560546875,0.135298353909465,0.4215826690196991,0.17355525493621826,2.415181766792089,0.008387436158955097,0.0003561869089026004,0.1984536349773407,0.12851965427398682,0.43994140625,0.016587791495198904,0.3467935621738434,0.1871793270111084,1.8428887364092434,0.006228682119399309,0.0002016765356529504,0.17624077200889587,0.18887761235237122,0.564453125,0.1340329218106996,0.3891095817089081,0.14447256922721863,2.6747969309674073,0.007089395076036453,0.0003703467664308846
A02_s27,A02,2,low,2_low,test,222,154.3108108108108,0.5237902465575741,0.9514044005579841,0.15306009352207184,0.08566474169492722,0.254638671875,0.008834019204389575,0.357296884059906,0.14636899530887604,2.4245051227433185,0.010361938737332821,0.0013086653780192137,0.17094896733760834,0.11457737535238266,0.317138671875,0.019272976680384087,0.30344414710998535,0.23238196969032288,1.3002038996955452,0.008804542943835258,0.00030346954008564353,0.11741694808006287,0.109670490026474,0.251220703125,0.015593278463648833,0.2390638291835785,0.1609676033258438,1.4759978185429696,0.006935947109013796,0.000261619541561231,0.13540303707122803,0.0835762470960617,0.261474609375,0.00038751714677640606,0.21878555417060852,0.17236296832561493,1.26200858397671,0.005421014502644539,0.0001581295655341819,0.09558284282684326,0.10341165959835052,0.212158203125,0.012355967078189301,0.1839562952518463,0.1317320168018341,1.3859225504460533,0.005424299743026495,0.00023938080994412303
A02_s28,A02,2,low,2_low,test,190,153.18947368421053,0.5199805578969332,0.9547090647747084,0.1532377451658249,0.08523450791835785,0.2410888671875,0.010253772290809328,0.3749919831752777,0.14928103983402252,2.495271416736513,0.009838168509304523,0.0012749861925840378,0.17544811964035034,0.11699866503477097,0.3671875,0.006941015089163238,0.29413169622421265,0.23817653954029083,1.2297681737077908,0.008807242847979069,0.00030926658655516803,0.1235804334282875,0.11112980544567108,0.322998046875,0.0033882030178326475,0.22975805401802063,0.16649484634399414,1.3717320803181778,0.006780374329537153,0.00023627711925655603,0.14055633544921875,0.08619704842567444,0.295654296875,0.00013374485596707818,0.2135443538427353,0.17667290568351746,1.2018959954598503,0.005573266185820103,0.00016475260781589895,0.10096769779920578,0.10221771895885468,0.289794921875,0.0017729766803840877,0.1674119234085083,0.136097252368927,1.2211180057642943,0.005688409321010113,0.0002488687459845096
A02_s29,A02,2,low,2_low,test,143,167.27272727272728,0.5428921073467629,0.9563273792196004,0.13895705342292786,0.07615657150745392,0.198486328125,0.006515775034293553,0.36975860595703125,0.13816200196743011,2.657037127444966,0.008011446334421635,0.0009554821299389005,0.12427257746458054,0.08168496936559677,0.2332763671875,0.0020747599451303154,0.25535812973976135,0.1959223449230194,1.296745322830609,0.008027397096157074,0.0002856069477275014,0.07565995305776596,0.05653455853462219,0.150634765625,3.08641975308642e-05,0.1818716675043106,0.11352178454399109,1.5880966946899828,0.005503580439835787,0.0001953586470335722,0.10182338953018188,0.050678323954343796,0.1617431640625,0.0003497942386831276,0.17549929022789001,0.13882364332675934,1.255147456126278,0.004914102144539356,0.00015591004921589047,0.057512540370225906,0.04499773308634758,0.10394287109375,1.7146776406035666e-05,0.123223215341568,0.08366167545318604,1.455478109569243,0.004271235316991806,0.00018132255354430526
A02_s30,A02,2,low,2_low,test,225,366.49333333333334,0.5526520346741967,0.9451779853252831,0.1894727349281311,0.09452683478593826,0.306396484375,0.014008916323731139,0.30685657262802124,0.17000344395637512,1.794446740536429,0.01098683848977089,0.0013831345131620765,0.30694296956062317,0.19362583756446838,0.57666015625,0.19839163237311386,0.5118950009346008,0.3390037715435028,1.5055568313573984,0.009880109690129757,0.00042452127672731876,0.26856738328933716,0.20536240935325623,0.56396484375,0.17513374485596708,0.4864509701728821,0.29065731167793274,1.6678853939038338,0.009627338498830795,0.0004969362635165453,0.24371905624866486,0.14532096683979034,0.444091796875,0.01912551440329218,0.39470019936561584,0.2639225423336029,1.489870193335948,0.006807969883084297,0.0002311754215043038,0.25033992528915405,0.20782549679279327,0.5693359375,0.1696159122085048,0.46538928151130676,0.2680588662624359,1.7296931633443113,0.009111970663070679,0.0005536307580769062
A02_s31,A02,2,low,2_low,test,227,154.68722466960352,0.5273241544457618,0.9536829397005686,0.15784341096878052,0.08817209303379059,0.2705078125,0.009602194787379973,0.36561909317970276,0.1474437117576599,2.463015030078135,0.011129884980618954,0.0013950415886938572,0.1833680272102356,0.10568562895059586,0.314453125,0.01156721536351166,0.29016390442848206,0.23106355965137482,1.2503639298836509,0.00882031675428152,0.0002984403690788895,0.12439459562301636,0.10120447725057602,0.2467041015625,0.007949245541838134,0.22310617566108704,0.15477921068668365,1.4321948010753314,0.0070803784765303135,0.0002440912794554606,0.14463403820991516,0.07660684734582901,0.256591796875,0.0005178326474622771,0.20875097811222076,0.17138585448265076,1.2109519005414093,0.005492712836712599,0.00015748357691336423,0.0997958779335022,0.0929732397198677,0.201416015625,0.004715363511659808,0.16327303647994995,0.12297670543193817,1.3169654404922466,0.005574776791036129,0.0002338235208299011
A02_s32,A02,2,low,2_low,test,107,1623.4953271028037,0.5928733192754141,0.9447965069882807,0.23974639177322388,0.09303273260593414,0.349609375,0.005582990397805213,0.3033408522605896,0.17821112275123596,1.6926452309640339,0.009504918940365314,0.000680174445733428,0.4487396776676178,0.20960265398025513,0.65869140625,0.5491598079561043,0.5917127728462219,0.34870389103889465,1.692039431098039,0.008848920464515686,0.00031906928052194417,0.4264388680458069,0.22894111275672913,0.65576171875,0.5354183813443073,0.5846402049064636,0.3040449023246765,1.9165709718505575,0.008644169196486473,0.0003298704687040299,0.34152695536613464,0.15039721131324768,0.4921875,0.06838134430727023,0.4432525336742401,0.2698872983455658,1.6362986983198866,0.006307082716375589,0.0001703302696114406,0.4085381329059601,0.23306603729724884,0.63427734375,0.523840877914952,0.5689786076545715,0.27724340558052063,2.0448952113257373,0.00804921705275774,0.0003532723640091717
A02_s33,A02,2,low,2_low,test,268,145.70149253731344,0.5172250585548913,0.9542079348177679,0.16758006811141968,0.09741238504648209,0.304931640625,0.019612482853223593,0.3862166404724121,0.15224899351596832,2.520190388279248,0.01329604908823967,0.0017685909988358617,0.20348042249679565,0.09710430353879929,0.325439453125,0.006738683127572017,0.2895263135433197,0.24648310244083405,1.1698831584371985,0.009138725697994232,0.00033480903948657215,0.13969534635543823,0.09177958965301514,0.260009765625,0.003762002743484225,0.22958892583847046,0.1686551421880722,1.353268299901917,0.007856179028749466,0.0002798239584080875,0.16350555419921875,0.07175392657518387,0.269287109375,0.0003909465020576132,0.21935322880744934,0.18888145685195923,1.1552114274037182,0.006218763068318367,0.00019082998915109783,0.1105445995926857,0.08202645182609558,0.21630859375,0.0024794238683127573,0.15690205991268158,0.13555362820625305,1.149014214955123,0.006374238524585962,0.00026834767777472734
A02_s34,A02,2,low,2_low,test,202,147.36633663366337,0.5077165520746068,0.9565841830369576,0.15541841089725494,0.08785948902368546,0.25048828125,0.012465706447187929,0.38345539569854736,0.15162907540798187,2.512335180394431,0.010277672670781612,0.0013515626778826118,0.1777009516954422,0.11387336254119873,0.344970703125,0.00887517146776406,0.2900696396827698,0.24825699627399445,1.1637372030428876,0.008022909983992577,0.00024125170602928847,0.12330538779497147,0.1078341156244278,0.28662109375,0.0062139917695473255,0.22629067301750183,0.1734873503446579,1.2968887003586156,0.006302886176854372,0.00019048781541641802,0.1423582285642624,0.08387449383735657,0.283935546875,5.486968449931413e-05,0.21233946084976196,0.18542398512363434,1.1390136344791726,0.0050403098575770855,0.0001288169005420059,0.10044628381729126,0.09960737079381943,0.2493896484375,0.004211248285322359,0.16120260953903198,0.14236049354076385,1.1244562958566742,0.00502444664016366,0.00018573862325865775
A02_s35,A02,2,low,2_low,test,254,148.248031496063,0.528115568850943,0.9504190686837491,0.1712360382080078,0.09234850108623505,0.272705078125,0.01443758573388203,0.3639513850212097,0.16915105283260345,2.1389899090384663,0.011200029402971268,0.0015582643682137132,0.24086995422840118,0.15889042615890503,0.47265625,0.06353909465020575,0.398063987493515,0.3172139823436737,1.2509317930083999,0.00956333801150322,0.00039230615948326886,0.19418595731258392,0.16722039878368378,0.455078125,0.048734567901234566,0.35157862305641174,0.26321443915367126,1.3306563569447016,0.008375597186386585,0.0003813077637460083,0.19231243431568146,0.12268243730068207,0.375732421875,0.0030315500685871057,0.30650845170021057,0.24398685991764069,1.2511220063118982,0.006360427942126989,0.00021136581199243665,0.1730259358882904,0.16562879085540771,0.4404296875,0.04223251028806584,0.3007274866104126,0.24021989107131958,1.246694396862566,0.007778089959174395,0.0004414563300088048
A02_s36,A02,2,low,2_low,test,195,162.37948717948717,0.5325075239401259,0.9547246958800186,0.15040160715579987,0.08384374529123306,0.2496337890625,0.009098079561042523,0.3637516498565674,0.14323367178440094,2.5219606861309036,0.009970041923224926,0.0012339487439021468,0.16315880417823792,0.096002958714962,0.273681640625,0.0027674897119341563,0.2762828767299652,0.22137019038200378,1.2424456544977827,0.008647838607430458,0.0002797272172756493,0.10602831095457077,0.08086855709552765,0.2012939453125,9.945130315500686e-05,0.20546340942382812,0.14086614549160004,1.4482906313683819,0.006387009751051664,0.0001991355384234339,0.13059964776039124,0.06778519600629807,0.2230224609375,2.400548696844993e-05,0.19872276484966278,0.16307486593723297,1.2111712766883163,0.005272463895380497,0.00013986833801027387,0.08305658400058746,0.07000122964382172,0.146484375,8.916323731138545e-05,0.14393799006938934,0.10927093774080276,1.3053121068737317,0.0051125106401741505,0.0001924374810187146
A02_s37,A02,2,low,2_low,test,230,301.9130434782609,0.5207621342704261,0.9497499553180843,0.18826119601726532,0.09650345146656036,0.303955078125,0.015545267489711934,0.32253652811050415,0.17064331471920013,1.8791091784620786,0.01157323271036148,0.0015529204392805696,0.3024146556854248,0.18656697869300842,0.564453125,0.17225651577503429,0.5041105151176453,0.33634769916534424,1.4943351217894791,0.009969199076294899,0.00042764117824845016,0.264079749584198,0.20204518735408783,0.560546875,0.16156721536351165,0.482468843460083,0.2905775010585785,1.6546847466230052,0.009601014666259289,0.0004702333244495094,0.23889200389385223,0.14145971834659576,0.4345703125,0.016903292181069958,0.38642972707748413,0.2617986500263214,1.4704403049208208,0.0068528964184224606,0.0002353656163904816,0.24291160702705383,0.2012862265110016,0.5546875,0.1458230452674897,0.4520469009876251,0.2664485275745392,1.6902201896087743,0.008966018445789814,0.0005311285494826734
A02_s38,A02,2,low,2_low,test,237,203.45147679324896,0.5294449185794353,0.950665413578627,0.16382001340389252,0.09206291288137436,0.288330078125,0.012016460905349795,0.3402289152145386,0.14795531332492828,2.284100564256944,0.011528837494552135,0.0014324946096166968,0.20284564793109894,0.13377563655376434,0.39501953125,0.050733882030178326,0.3648186922073364,0.24520565569400787,1.4817640609391385,0.009468859992921352,0.00035171551280654967,0.14676319062709808,0.13392922282218933,0.3427734375,0.0450480109739369,0.311302125453949,0.1705562323331833,1.8145777697505152,0.007781915366649628,0.0002896259829867631,0.16229592263698578,0.09734678268432617,0.3154296875,0.002630315500685871,0.27337726950645447,0.18596899509429932,1.4621529594710312,0.006066734436899424,0.00018564058700576425,0.12310168892145157,0.13153351843357086,0.311767578125,0.04338477366255144,0.2625684142112732,0.14096464216709137,1.8495338712736094,0.006424328777939081,0.00028116206522099674
A02_s39,A02,2,low,2_low,test,209,358.82296650717706,0.5442345950095138,0.9487360299794405,0.17892293632030487,0.09802588075399399,0.324951171875,0.011941015089163237,0.3222058117389679,0.14766597747802734,2.167313713634241,0.011408773250877857,0.0013648641761392355,0.24951563775539398,0.1791149228811264,0.57177734375,0.1483196159122085,0.465638130903244,0.24928344786167145,1.8604431690608498,0.009535442106425762,0.00034875102574005723,0.1987505853176117,0.19128504395484924,0.55859375,0.13758916323731138,0.43055403232574463,0.1775243729352951,2.411738101899374,0.00829846877604723,0.00034457785659469664,0.1967487633228302,0.13348975777626038,0.441162109375,0.023998628257887518,0.3528172969818115,0.18864019215106964,1.8604563356524815,0.006063798442482948,0.00017581826250534505,0.17755676805973053,0.19338326156139374,0.5654296875,0.1378875171467764,0.40048882365226746,0.15003694593906403,2.6515950859721764,0.007007986307144165,0.0003345143923070282
A02_s40,A02,2,low,2_low,test,216,152.03703703703704,0.509055414715843,0.9499731027755542,0.15479294955730438,0.08342484384775162,0.2484130859375,0.008316186556927297,0.3551636338233948,0.1492796093225479,2.363352123581187,0.010023202747106552,0.0012524690246209502,0.18532194197177887,0.1213458850979805,0.3759765625,0.01631344307270233,0.30985507369041443,0.24707990884780884,1.2490131713185335,0.008794073015451431,0.00029122622800059617,0.13210520148277283,0.118235744535923,0.33935546875,0.008635116598079562,0.24537622928619385,0.1771843284368515,1.3770920901899357,0.006840559188276529,0.00022739617270417511,0.14724145829677582,0.08825214952230453,0.299560546875,4.458161865569273e-05,0.22470587491989136,0.1845265030860901,1.2111793796685792,0.005552123766392469,0.0001521976082585752,0.10963153839111328,0.11299747228622437,0.304931640625,0.00723593964334705,0.19013464450836182,0.14828993380069733,1.2735931999420158,0.005650488194078207,0.00021918029233347625
A02_s41,A02,2,low,2_low,test,183,168.2568306010929,0.5285386495399182,0.9509960252188522,0.14831843972206116,0.08273603767156601,0.238525390625,0.008148148148148147,0.35495609045028687,0.14877405762672424,2.3699437410911934,0.009093877859413624,0.0011098043760284781,0.1632179468870163,0.12203007936477661,0.333984375,0.02248971193415638,0.323148250579834,0.24449488520622253,1.3163135774025616,0.008935613557696342,0.00032440474024042487,0.11369526386260986,0.11663533747196198,0.26708984375,0.017482853223593966,0.25940603017807007,0.1751197874546051,1.4728954305882977,0.006553248502314091,0.00023833828163333237,0.1309405416250229,0.08936012536287308,0.273193359375,0.0008401920438957476,0.23722943663597107,0.18192742764949799,1.2968500114182966,0.005554507486522198,0.00017044176638592035,0.09386042505502701,0.11228722333908081,0.228271484375,0.015579561042524006,0.20816956460475922,0.14726531505584717,1.4040341432947274,0.00543062062934041,0.00025702366838231683
A02_s42,A02,2,low,2_low,test,227,170.70044052863437,0.5458848392558325,0.9453698672174469,0.16052475571632385,0.08301839232444763,0.2500244081020355,0.010264060356652949,0.331002801656723,0.1623409390449524,2.0264534022645058,0.009633427485823631,0.00118566385935992,0.22138625383377075,0.15014098584651947,0.43701171875,0.03967078189300412,0.3967137038707733,0.3071379065513611,1.2874550499506565,0.009623117744922638,0.0003634768072515726,0.17485089600086212,0.14740458130836487,0.4072265625,0.025329218106995885,0.3460733890533447,0.2501024603843689,1.3782158427424462,0.008163446560502052,0.00031255613430403173,0.18227043747901917,0.11334308981895447,0.348876953125,0.0017489711934156379,0.31252560019493103,0.24015416204929352,1.2959577290274953,0.006739065516740084,0.00020936314831487834,0.15288080275058746,0.14328528940677643,0.384765625,0.023724279835390945,0.297993928194046,0.22411541640758514,1.3237384313765073,0.007812253665179014,0.00038191763451322913
A02_s43,A02,2,low,2_low,test,164,187.109756097561,0.5141795000560051,0.9544144822285303,0.1431056410074234,0.07435339689254761,0.2249755859375,0.004183813443072702,0.33249756693840027,0.14049430191516876,2.3499007552809106,0.008085611276328564,0.0008752166177146137,0.14781902730464935,0.10523892939090729,0.2727294862270355,0.009005486968449931,0.30580613017082214,0.22044038772583008,1.3809862478630006,0.008528133854269981,0.00027082065935246646,0.09697163105010986,0.0867055356502533,0.19970703125,0.0029526748971193417,0.23324181139469147,0.14167676866054535,1.6347567553174494,0.006207496393471956,0.0001925899850903079,0.1218399852514267,0.07364330440759659,0.2208251953125,6.858710562414266e-06,0.22483672201633453,0.16338185966014862,1.367770887135438,0.0053685628809034824,0.00014415236364584416,0.076946921646595,0.07733763754367828,0.145263671875,0.002218792866941015,0.18118691444396973,0.11073965579271317,1.6215095093910732,0.005169601179659367,0.00019715630332939327
A02_s44,A02,2,low,2_low,test,150,259.29333333333335,0.551823612081576,0.9497318516281611,0.1443289816379547,0.07629095762968063,0.23486328125,0.005473251028806584,0.3094662129878998,0.14059573411941528,2.185561697267732,0.007685655727982521,0.0008715363219380379,0.15608738362789154,0.13473138213157654,0.365234375,0.03570644718792867,0.37391576170921326,0.23356187343597412,1.5941028958880528,0.008462673053145409,0.00031055579893290997,0.1112157329916954,0.1260886788368225,0.3154296875,0.026251714677640602,0.3169282078742981,0.1603536754846573,1.9641833811491576,0.006410771980881691,0.0002815286279655993,0.12717466056346893,0.09924136847257614,0.301025390625,0.0010973936899862826,0.28206682205200195,0.17404016852378845,1.6114405306555009,0.005301739554852247,0.00016175257042050362,0.09501863270998001,0.12557315826416016,0.282470703125,0.029681069958847738,0.28560107946395874,0.1335817575454712,2.122138131295117,0.005447709001600742,0.0002847007126547396
A02_s45,A02,2,low,2_low,test,151,362.9072847682119,0.5270111348517789,0.9520110398693961,0.15695619583129883,0.08770796656608582,0.2763671875,0.008707133058984911,0.3126640319824219,0.1392539143562317,2.2292713427468756,0.009110868908464909,0.0011111837811768055,0.18979166448116302,0.16425013542175293,0.485107421875,0.09485939643347051,0.43993881344795227,0.22064420580863953,1.9848874995080237,0.008918308652937412,0.00030432722996920347,0.14382265508174896,0.1677437573671341,0.468017578125,0.0906275720164609,0.40048709511756897,0.1479855626821518,2.6880933152695783,0.006858978886157274,0.0002554857637733221,0.15081588923931122,0.12161470204591751,0.3828125,0.009142661179698216,0.330562561750412,0.16220177710056305,2.0254838373893636,0.005477831698954105,0.00015496394189540297,0.12645968794822693,0.1689709722995758,0.45703125,0.08967078189300412,0.3749425709247589,0.11939945071935654,3.1141551617102157,0.005589880980551243,0.0002575870603322983
A02_s46,A02,2,low,2_low,test,197,357.3299492385787,0.5655302155852443,0.9486238222930149,0.16960246860980988,0.09237547963857651,0.29736328125,0.009924554183813442,0.3054158389568329,0.14811629056930542,2.048172186893849,0.01048685796558857,0.00121136789675802,0.23167893290519714,0.17248687148094177,0.51708984375,0.11692043895747599,0.4493883550167084,0.259884774684906,1.722554930848207,0.010205627419054508,0.0004677801625803113,0.18576501309871674,0.1778070479631424,0.49609375,0.0960082304526749,0.41170522570610046,0.19555744528770447,2.0945796538181525,0.00899252574890852,0.00045417004730552435,0.18512897193431854,0.1302466094493866,0.40283203125,0.004396433470507544,0.3459007143974304,0.2009221762418747,1.7130397504387505,0.006747498642653227,0.00024573475820943713,0.1648133248090744,0.1756405383348465,0.482666015625,0.08556927297668038,0.3788883686065674,0.16799931228160858,2.241952132770898,0.008061379194259644,0.00048001817776821554
A02_s47,A02,2,low,2_low,test,179,161.35754189944134,0.5163432494918193,0.9541163362310919,0.1466050148010254,0.0797264501452446,0.2314453125,0.007167352537722908,0.358127236366272,0.14337953925132751,2.480456983193892,0.009164917282760143,0.0010951812146231532,0.15566639602184296,0.10058983415365219,0.278564453125,0.004358710562414266,0.28005218505859375,0.22240757942199707,1.2535482716528612,0.008314601145684719,0.00025364538305439055,0.1023954451084137,0.08604023605585098,0.2088623046875,0.0017078189300411522,0.21026954054832458,0.14599038660526276,1.43049858840766,0.0062714568339288235,0.00020243246399331838,0.12511220574378967,0.0716153159737587,0.2254638671875,1.3717421124828532e-05,0.20096829533576965,0.16435188055038452,1.215397700146098,0.005115542095154524,0.0001328721409663558,0.08072591572999954,0.0755605474114418,0.153076171875,0.0010631001371742112,0.14963890612125397,0.11447708308696747,1.2958320570719537,0.004954845644533634,0.000192097679246217
A02_s48,A02,2,low,2_low,test,163,163.61963190184048,0.5042571334882046,0.9562001459245547,0.14246101677417755,0.07978992909193039,0.2208251953125,0.007400548696844993,0.3695555031299591,0.1379445642232895,2.6597334353869977,0.008806905709207058,0.0010880131740123034,0.1323915719985962,0.08405575156211853,0.239990234375,0.0034567901234567903,0.2676447927951813,0.19381555914878845,1.3738368432408945,0.008379489183425903,0.00028637112700380385,0.08142808824777603,0.06174849346280098,0.15771484375,0.00014746227709190672,0.1937911957502365,0.11439435184001923,1.679381985861018,0.005899791140109301,0.0002107219333993271,0.1074567437171936,0.05398465320467949,0.1683349609375,0.0002777777777777778,0.18610779941082,0.1390894651412964,1.3284924688884265,0.004959401208907366,0.00014534033834934235,0.06233438104391098,0.048711828887462616,0.10980224609375,4.801097393689986e-05,0.13579247891902924,0.08386210352182388,1.6001545246177835,0.004345712251961231,0.00017426165868528187
A02_s49,A02,2,low,2_low,test,172,151.43023255813952,0.5269559913130403,0.9544274180860198,0.1405779868364334,0.07480455189943314,0.210693359375,0.0053566529492455415,0.352621465921402,0.13913150131702423,2.5163611508282817,0.008312640711665154,0.0009634615853428841,0.1371041089296341,0.08989100903272629,0.2479248046875,0.0010836762688614541,0.26163947582244873,0.2078944742679596,1.2524959156498818,0.007904678583145142,0.00022953946609050035,0.08679864555597305,0.06963391602039337,0.17041015625,3.429355281207133e-06,0.18751375377178192,0.12925446033477783,1.4395956444780256,0.005623409058898687,0.00016663968563079834,0.11121311783790588,0.060341205447912216,0.1839599609375,0.00022290809327846366,0.18323826789855957,0.15176372230052948,1.1994881058087734,0.004806232638657093,0.00011763364454964176,0.06667649000883102,0.05809122696518898,0.11737060546875,1.3717421124828532e-05,0.12790606915950775,0.09700464457273483,1.3051021175285358,0.004231589846313,0.00014320682385005057
A03_s01,A03,3,low,3_low,test,229,417.2096069868996,0.5419051676568946,0.950166759691054,0.20514152944087982,0.10951002687215805,0.365234375,0.014272976680384087,0.3426242768764496,0.156306654214859,2.178066011171228,0.013119257986545563,0.0015164739452302456,0.3148287832736969,0.2015862911939621,0.6611328125,0.23087791495198903,0.5291218757629395,0.270247220993042,1.9506997115981972,0.009292715229094028,0.0003614699235185981,0.2662216126918793,0.22640888392925262,0.6669921875,0.22711934156378602,0.5103464126586914,0.19801557064056396,2.5643541910618275,0.008613304235041142,0.00033563282340765,0.2457195520401001,0.14789722859859467,0.498046875,0.09418724279835392,0.4004925787448883,0.209031879901886,1.9068180455841937,0.00644692312926054,0.00019854583661071956,0.23762233555316925,0.22590847313404083,0.64013671875,0.2228395061728395,0.4697386920452118,0.1667012870311737,2.8010440489815256,0.007481799926608801,0.0003574854927137494
A03_s02,A03,3,low,3_low,test,193,163.39378238341968,0.5223851109851414,0.9554207257858245,0.14432817697525024,0.0802803486585617,0.2366943359375,0.004993141289437585,0.34766703844070435,0.13865385949611664,2.489491086713375,0.009496623650193214,0.0010942845838144422,0.1462601274251938,0.08795128762722015,0.25341796875,0.0017626886145404664,0.2658108174800873,0.20353108644485474,1.2996108420504315,0.00858241505920887,0.0002799753565341234,0.0928170308470726,0.06680751591920853,0.177978515625,2.400548696844993e-05,0.18802669644355774,0.12355063855648041,1.5096405656587029,0.006386983674019575,0.0002046713198069483,0.11858659982681274,0.057861629873514175,0.1890869140625,0.0,0.1836647093296051,0.14749504625797272,1.2368406486135164,0.005197236314415932,0.0001408463722327724,0.06897380203008652,0.05201428383588791,0.1220703125,0.0,0.1315585821866989,0.09182582795619965,1.4172626852170445,0.004873271100223064,0.0001840188488131389
A03_s03,A03,3,low,3_low,test,170,153.54117647058823,0.5221796745464825,0.9578255415946327,0.138436421751976,0.07553523778915405,0.206787109375,0.004403292181069959,0.3567337989807129,0.13480548560619354,2.6267996273373195,0.008425374515354633,0.0010120447259396315,0.1262890100479126,0.07891201972961426,0.2322998046875,0.0021262002743484224,0.2568601667881012,0.1889362335205078,1.3523494808080812,0.00817123707383871,0.00026474858168512583,0.076285719871521,0.05444871634244919,0.14697265625,3.429355281207133e-06,0.17954029142856598,0.11083534359931946,1.6053984871886111,0.005567115265876055,0.00018328410806134343,0.10133558511734009,0.04917865991592407,0.159912109375,0.0003943758573388203,0.17585034668445587,0.13531532883644104,1.2900262075107578,0.004765957593917847,0.00013557776401285082,0.05759906396269798,0.0415370874106884,0.10394287109375,2.400548696844993e-05,0.12400396168231964,0.08063486963510513,1.5190072849579794,0.004115618299692869,0.00015778503438923508
A03_s04,A03,3,low,3_low,test,155,218.30967741935484,0.5347613667623362,0.9518651157532197,0.1425555795431137,0.07596290111541748,0.2279052734375,0.005116598079561043,0.32281193137168884,0.1387510746717453,2.309906611665968,0.007920258678495884,0.0009132490959018469,0.14877374470233917,0.12038909643888474,0.2900390625,0.023593964334705075,0.33902275562286377,0.21895863115787506,1.5413023523479312,0.008243430405855179,0.00025122956139966846,0.10249480605125427,0.11120850592851639,0.218017578125,0.019108367626886145,0.2791065275669098,0.14672671258449554,1.8893436581909224,0.0060986923053860664,0.00020712155674118549,0.12075946480035782,0.08580133318901062,0.234619140625,0.0006412894375857339,0.24805030226707458,0.1614074856042862,1.5273329387751333,0.004990343004465103,0.00012407670146785676,0.08475305140018463,0.10595982521772385,0.1678466796875,0.017757201646090535,0.23624825477600098,0.11826356500387192,1.9808921087369065,0.004894338548183441,0.00019627189612947404
A03_s05,A03,3,low,3_low,test,172,166.13953488372093,0.5532683599311675,0.9519375839508573,0.14120082557201385,0.07671067863702774,0.222900390625,0.004753086419753087,0.3486143946647644,0.1381646692752838,2.5050495681139067,0.008494690991938114,0.0009443984599784017,0.1380535513162613,0.09263148158788681,0.251220703125,0.0023148148148148147,0.27584534883499146,0.2058148980140686,1.333778908017676,0.008587927557528019,0.00030129594961181283,0.08826174587011337,0.06934674829244614,0.175048828125,3.429355281207133e-05,0.20177508890628815,0.12808457016944885,1.5631232194631683,0.0061750211752951145,0.00021703644597437233,0.11450834572315216,0.06200908496975899,0.189697265625,0.0003120713305898491,0.19976967573165894,0.15321946144104004,1.2953597027573156,0.005446320399641991,0.00016305322060361505,0.06776773184537888,0.05624643713235855,0.12066650390625,1.3717421124828532e-05,0.14124222099781036,0.09599892795085907,1.4561214642430433,0.004783122334629297,0.00020026536367367953
A03_s06,A03,3,low,3_low,test,126,780.9444444444445,0.5524296997098664,0.9468095796229162,0.17720894515514374,0.09486014395952225,0.2958984375,0.011015089163237311,0.28494125604629517,0.1505902260541916,1.879680923125164,0.009444192983210087,0.0011216995771974325,0.26432761549949646,0.2153869867324829,0.58642578125,0.21454732510288066,0.5120154023170471,0.27608633041381836,1.8478551487991874,0.009370766580104828,0.0003588846302591264,0.2335561066865921,0.22311261296272278,0.58154296875,0.20271947873799726,0.4932132661342621,0.21764905750751495,2.2557301264255867,0.008128686808049679,0.0003303660196252167,0.2106267660856247,0.1584862321615219,0.447265625,0.019523319615912207,0.3915349543094635,0.21214178204536438,1.8369695071148955,0.006298752035945654,0.00018772142357192934,0.2181008905172348,0.22305339574813843,0.58251953125,0.19295267489711934,0.4753713309764862,0.1900440752506256,2.4882809391123972,0.007508278824388981,0.0003770673938561231
A03_s07,A03,3,low,3_low,test,112,163.16071428571428,0.5229146950160891,0.956987660215664,0.13100966811180115,0.06634213775396347,0.1522216796875,0.004070644718792867,0.36358463764190674,0.13507705926895142,2.671902520492413,0.006401239428669214,0.0007039651973173022,0.11098090559244156,0.073729507625103,0.2249755859375,0.0005212620027434842,0.24395662546157837,0.19343198835849762,1.254714450647731,0.007049454841762781,0.00016509888519067317,0.06515354663133621,0.04497426748275757,0.1334228515625,0.0,0.1646347939968109,0.11005636304616928,1.4824435942348262,0.004343417473137379,9.627900726627558e-05,0.08955195546150208,0.040800705552101135,0.1480712890625,0.0,0.15998618304729462,0.13366647064685822,1.1880179400174034,0.003948138561099768,7.932579319458455e-05,0.04852838069200516,0.03179951012134552,0.09466552734375,0.0,0.11108683049678802,0.07811805605888367,1.4040642051937118,0.0032184203155338764,8.416701894020662e-05
A03_s08,A03,3,low,3_low,test,119,167.49579831932772,0.5362106946395716,0.9554168404958302,0.13030818104743958,0.06608909368515015,0.16064453125,0.002993827160493827,0.3500674068927765,0.13302722573280334,2.6119126541548416,0.006515034940093756,0.0006943128537386656,0.11384280771017075,0.0784110426902771,0.2294921875,0.00026748971193415636,0.2567892074584961,0.19478224217891693,1.3116062243470863,0.007607848849147558,0.00020967087766621262,0.06919245421886444,0.05020463094115257,0.1417236328125,0.0,0.17824342846870422,0.11419132351875305,1.5473685258915038,0.004923207685351372,0.00013426353689283133,0.09366342425346375,0.04568003863096237,0.1571044921875,0.0,0.17519591748714447,0.1377687305212021,1.2625028479335751,0.004496470093727112,0.00010850096441572532,0.05174197256565094,0.03684317693114281,0.10101318359375,0.0,0.12331707775592804,0.08227141201496124,1.480905328394958,0.00369936041533947,0.00011502287816256285
A03_s09,A03,3,low,3_low,test,165,198.5151515151515,0.5396611043337174,0.9542456765731427,0.1459742784500122,0.0796767920255661,0.2313232421875,0.007575445816186557,0.33661559224128723,0.14627446234226227,2.285634500970038,0.008147628046572208,0.0009973779087886214,0.16063137352466583,0.1336556226015091,0.35107421875,0.0397599451303155,0.3648519814014435,0.24481983482837677,1.4842251507335484,0.00830451026558876,0.0002601458691060543,0.11480522155761719,0.12929821014404297,0.29638671875,0.035126886145404664,0.3109855055809021,0.17586380243301392,1.7583332558887281,0.006053523626178503,0.00018726639973465353,0.12984421849250793,0.09787598252296448,0.288330078125,0.00296639231824417,0.2707294225692749,0.18233948945999146,1.4766563568311548,0.0051442659460008144,0.00013255699013825506,0.0967463031411171,0.12565495073795319,0.2624755799770355,0.034012345679012346,0.2688790261745453,0.14806373417377472,1.8037856603075093,0.005110394675284624,0.00020673940889537334
A03_s10,A03,3,low,3_low,test,222,302.2477477477477,0.5575859911952419,0.9441420677185682,0.1760723888874054,0.09841501712799072,0.2958984375,0.015641289437585734,0.3196890950202942,0.1602226346731186,1.982904544814497,0.011362895369529724,0.0015148025704547763,0.24679312109947205,0.18328937888145447,0.53173828125,0.13895747599451302,0.4626162350177765,0.2921556830406189,1.578056513247528,0.010254250839352608,0.00042797051719389856,0.20408830046653748,0.19269207119941711,0.51953125,0.12234567901234568,0.429340660572052,0.23601530492305756,1.8114469895158423,0.00878371112048626,0.00038684954051859677,0.19501642882823944,0.13827911019325256,0.414306640625,0.008909465020576131,0.35297808051109314,0.22276638448238373,1.5774401562933675,0.006677564233541489,0.00021410755289252847,0.1854536384344101,0.19362343847751617,0.515625,0.11570644718792866,0.40161535143852234,0.21294662356376648,1.8771754596950743,0.008163007907569408,0.0004673861258197576
A03_s11,A03,3,low,3_low,test,161,376.3354037267081,0.537701928418399,0.956180794176526,0.16355271637439728,0.0951995775103569,0.3046875,0.009897119341563785,0.32430803775787354,0.1413452923297882,2.278319377127771,0.010049230419099331,0.0012092351680621505,0.20695684850215912,0.17402289807796478,0.5380859375,0.11527434842249656,0.456554651260376,0.22744223475456238,1.9985562291092838,0.0088321128860116,0.0002953187795355916,0.1609717458486557,0.1810092031955719,0.533203125,0.1122599451303155,0.42322805523872375,0.15388768911361694,2.732483502470408,0.00691209314391017,0.00023354885342996567,0.16419991850852966,0.12739674746990204,0.41650390625,0.021769547325102882,0.3427169919013977,0.1693984866142273,2.0112678152904606,0.005515206139534712,0.00014536968956235796,0.14031238853931427,0.1806173473596573,0.53076171875,0.11006858710562414,0.3910370171070099,0.12407703697681427,3.1263693684996476,0.005693543236702681,0.0002448761370033026
A03_s12,A03,3,low,3_low,test,212,178.08018867924528,0.5612886265728164,0.9527757011367205,0.15086722373962402,0.08372212201356888,0.255615234375,0.0074142661179698215,0.3394351303577423,0.1435551792383194,2.348135377412774,0.00977370236068964,0.0011369442800059915,0.164442241191864,0.11615028232336044,0.2958984375,0.017966392318244172,0.3168608546257019,0.22609832882881165,1.3952584162984039,0.008685876615345478,0.000295175559585914,0.11190298199653625,0.1059831902384758,0.2249755859375,0.013950617283950617,0.2520182132720947,0.15097041428089142,1.6583373445720955,0.006674014963209629,0.00023220464936457574,0.13215358555316925,0.08275594562292099,0.240234375,0.0005178326474622771,0.2324785739183426,0.16816939413547516,1.374235423058664,0.005430001299828291,0.0001478727936046198,0.09022197127342224,0.09911582618951797,0.1712646484375,0.012506858710562414,0.19887246191501617,0.12092072516679764,1.6311620657024652,0.005361293908208609,0.0002222493931185454
A03_s13,A03,3,low,3_low,test,147,741.8979591836735,0.5317629243858257,0.9499007982074659,0.1968105584383011,0.10657195001840591,0.34130859375,0.012842935528120714,0.3160349726676941,0.1474909484386444,2.128311361673859,0.010782097466289997,0.001226862776093185,0.3023286461830139,0.23097257316112518,0.64599609375,0.2949622770919067,0.5529766082763672,0.24982278048992157,2.204650658908498,0.009258575737476349,0.00034088792745023966,0.2665509879589081,0.2485584318637848,0.64453125,0.28928326474622773,0.536421537399292,0.1836886703968048,2.9044636915019573,0.007996081374585629,0.00032200460555031896,0.23424725234508514,0.17007914185523987,0.486083984375,0.06138888888888889,0.4162060618400574,0.1871645152568817,2.211926415944334,0.0059760333970189095,0.00017794722225517035,0.24877658486366272,0.24925564229488373,0.63134765625,0.2839883401920439,0.5160719156265259,0.155872642993927,3.289750881844354,0.0068753501400351524,0.0003365828888490796
A03_s14,A03,3,low,3_low,test,162,313.858024691358,0.5152060161223692,0.9567319036113884,0.15451060235500336,0.0890725776553154,0.278564453125,0.008847736625514403,0.3228311836719513,0.13811782002449036,2.3205595344659655,0.009252136573195457,0.0011425400152802467,0.1763983964920044,0.1551225334405899,0.41552734375,0.08020576131687243,0.41678065061569214,0.21464607119560242,1.9327069039790203,0.008069156669080257,0.00024023027799557894,0.13073381781578064,0.15653811395168304,0.3828369081020355,0.07800754458161865,0.37600046396255493,0.13906526565551758,2.684466146569888,0.006136220879852772,0.00019141819211654365,0.14005671441555023,0.11187735199928284,0.332763671875,0.008155006858710562,0.30864477157592773,0.15662306547164917,1.9581193314086511,0.004989732056856155,0.00011975484812865034,0.11239157617092133,0.15535001456737518,0.35400390625,0.07564128943758573,0.34316518902778625,0.10949425399303436,3.1057288196128248,0.004797621164470911,0.00017698481678962708
A03_s15,A03,3,low,3_low,test,180,382.2944444444444,0.559199478608135,0.9499209295875315,0.16417989134788513,0.0897945985198021,0.293701171875,0.007242798353909465,0.3027563989162445,0.1419747918844223,2.1175508977903332,0.009578192606568336,0.001084350049495697,0.21474973857402802,0.17889812588691711,0.533203125,0.11764403292181069,0.4580659568309784,0.2367192655801773,1.9269197879819426,0.009260273538529873,0.0003321331460028887,0.1704844981431961,0.18410558998584747,0.5185546875,0.10907750342935528,0.42292308807373047,0.1669989973306656,2.5174143583804143,0.0077980090864002705,0.0003220466896891594,0.17098656296730042,0.13103730976581573,0.413330078125,0.011186556927297668,0.3456670045852661,0.17936134338378906,1.9165248944155668,0.005968269892036915,0.000174967193743214,0.15210852026939392,0.18406932055950165,0.5146484375,0.10604595336076818,0.3957681655883789,0.13935969769954681,2.81967097446703,0.006592188496142626,0.0003154013538733125
A03_s16,A03,3,low,3_low,test,150,392.1666666666667,0.5362717706364375,0.9556294086465649,0.1594768464565277,0.09146130084991455,0.29541015625,0.008168724279835391,0.3189759850502014,0.13653336465358734,2.319262572057503,0.009270529262721539,0.0011038435623049736,0.19062922894954681,0.17111390829086304,0.52587890625,0.11133401920438958,0.4522121548652649,0.20694087445735931,2.1747150772802786,0.008732466027140617,0.0003109551907982677,0.14552846550941467,0.17591750621795654,0.50732421875,0.10295267489711935,0.4150480628013611,0.13341276347637177,3.0878619862192016,0.006737858522683382,0.0002637580328155309,0.15097415447235107,0.12634721398353577,0.408447265625,0.015411522633744856,0.3395746052265167,0.1499548703432083,2.249510760762246,0.005273498594760895,0.0001520910591352731,0.12810218334197998,0.17633511126041412,0.51123046875,0.10386488340192043,0.38850995898246765,0.10523385554552078,3.657120011200127,0.0055177644826471806,0.00025652689510025084
A03_s17,A03,3,low,3_low,test,201,234.75124378109453,0.524444727591239,0.9550363844153351,0.1554814875125885,0.08647376298904419,0.267578125,0.008175582990397804,0.32533252239227295,0.14038489758968353,2.3010415393617794,0.010135653428733349,0.0012411541538313031,0.17425794899463654,0.12654928863048553,0.30419921875,0.047314814814814816,0.35002458095550537,0.21859467029571533,1.5939575422488519,0.008776255883276463,0.0002943311701528728,0.12145029753446579,0.12516026198863983,0.23121337592601776,0.04272976680384088,0.29483065009117126,0.14340688288211823,2.0416661879742013,0.006602573208510876,0.00022700196132063866,0.1372748762369156,0.09018402546644211,0.2481689453125,0.0006138545953360768,0.25482669472694397,0.1595103144645691,1.5876032364461798,0.00529111735522747,0.0001524873514426872,0.10076561570167542,0.12312078475952148,0.18446044623851776,0.04054869684499314,0.25456157326698303,0.11349570006132126,2.2233286763664113,0.00513076176866889,0.0002138898998964578
A03_s18,A03,3,low,3_low,test,161,658.6708074534162,0.5600614755670195,0.9465123993187317,0.18259848654270172,0.09497691690921783,0.307861328125,0.009320987654320987,0.2865413427352905,0.14419591426849365,1.9734807565275112,0.010138164274394512,0.0010716557735577226,0.2781890332698822,0.20613929629325867,0.59521484375,0.22433813443072703,0.49822798371315,0.2493971437215805,1.9897510662786773,0.009240478277206421,0.0003288141742814332,0.24150680005550385,0.22033321857452393,0.5947265625,0.21564128943758573,0.4780943989753723,0.1852998286485672,2.566263224413595,0.008303525857627392,0.00033775417250581086,0.21821391582489014,0.151037335395813,0.449462890625,0.01901920438957476,0.37687966227531433,0.19287025928497314,1.9439787395204986,0.006176779046654701,0.00017817433399613947,0.2219635248184204,0.22177723050117493,0.587890625,0.20383058984910837,0.4558276832103729,0.1563069075345993,2.897696549721535,0.007477576844394207,0.0003767294401768595
A03_s19,A03,3,low,3_low,test,220,340.5181818181818,0.5493799257789789,0.9511889568422011,0.18160268664360046,0.1039409339427948,0.33056640625,0.01693758573388203,0.3322703540325165,0.14729270339012146,2.240638591356685,0.012815416790544987,0.001684513408690691,0.24977950751781464,0.17483241856098175,0.5771484375,0.1508161865569273,0.45840802788734436,0.24316450953483582,1.8774556087642282,0.009739738889038563,0.00041901160147972405,0.19691044092178345,0.18958495557308197,0.5693359375,0.14267832647462278,0.42480799555778503,0.16980807483196259,2.4870486712979014,0.008239153772592545,0.0003587472892832011,0.19594912230968475,0.12998956441879272,0.44580078125,0.021272290809327847,0.3464709222316742,0.18288129568099976,1.8842097068575019,0.006263857241719961,0.00021549784287344664,0.1739673763513565,0.1925627589225769,0.572265625,0.141059670781893,0.3920299708843231,0.14076489210128784,2.765353008587108,0.006869912147521973,0.0003732001641765237
A03_s20,A03,3,low,3_low,test,145,776.2620689655172,0.5409018965555024,0.9511831867320613,0.19936516880989075,0.10423953086137772,0.340087890625,0.013206447187928669,0.3122138977050781,0.14981909096240997,2.070121863968097,0.01077253744006157,0.001269782893359661,0.31093502044677734,0.22725428640842438,0.6416015625,0.30876886145404664,0.5502151250839233,0.2596014142036438,2.1113282395849335,0.009491088800132275,0.00037419318687170744,0.27414488792419434,0.24622021615505219,0.64111328125,0.3025857338820302,0.5341907143592834,0.19299808144569397,2.753587614776592,0.007988311350345612,0.0003316522925160825,0.24207958579063416,0.16890117526054382,0.487060546875,0.06061042524005487,0.4181981384754181,0.1952441930770874,2.1310089838487305,0.005966740660369396,0.0001844804355641827,0.25726455450057983,0.24863727390766144,0.62841796875,0.2995610425240055,0.5159582495689392,0.16584999859333038,3.0923479407782506,0.006820321083068848,0.0003497249854262918
A03_s21,A03,3,low,3_low,test,162,161.26543209876544,0.509745591491024,0.9567734447468751,0.14508667588233948,0.08143450319766998,0.2225341796875,0.009458161865569272,0.37813833355903625,0.14303812384605408,2.625265613450958,0.008866258896887302,0.0011132744839414954,0.13882222771644592,0.08973737061023712,0.2386474609375,0.007136488340192044,0.2581809163093567,0.21061059832572937,1.2200755460836714,0.007728024385869503,0.0002159868599846959,0.08598185330629349,0.07270456850528717,0.1580810546875,0.004207818930041152,0.18983227014541626,0.12918904423713684,1.4581278421526809,0.005357550922781229,0.0001434573350707069,0.10977193713188171,0.05913812294602394,0.1680908203125,3.08641975308642e-05,0.17683596909046173,0.14985598623752594,1.1722171158128902,0.004533533938229084,0.00010304896568413824,0.0662960484623909,0.06592763215303421,0.109619140625,0.004948559670781893,0.1322721689939499,0.09930839389562607,1.3186550382970252,0.00411162618547678,0.00012932930258102715
A03_s22,A03,3,low,3_low,test,155,156.4774193548387,0.5198349874561483,0.9563331310798749,0.14238394796848297,0.07922229170799255,0.203369140625,0.008878600823045268,0.3813144862651825,0.14103278517723083,2.6846934374297597,0.008414474315941334,0.001062959898263216,0.13195614516735077,0.08257336169481277,0.24072265625,0.0006035665294924555,0.25240615010261536,0.20378519594669342,1.2325409995374759,0.007733484264463186,0.00020261542522348464,0.08032753318548203,0.05974791571497917,0.1578369140625,8.23045267489712e-05,0.18241019546985626,0.12164534628391266,1.48729814050664,0.005241147708147764,0.00013228744501248002,0.10569531470537186,0.05247291550040245,0.1702880859375,0.0,0.17378027737140656,0.1454859972000122,1.1863268892119887,0.004486630670726299,9.775527723832056e-05,0.06110401079058647,0.04702986776828766,0.1114501953125,0.00011316872427983539,0.12000466883182526,0.09122208505868912,1.3012573805445367,0.003963281400501728,0.00011717768938979134
A03_s23,A03,3,low,3_low,test,209,248.4976076555024,0.5400842779695023,0.9501356629582225,0.16643792390823364,0.0940931886434555,0.2841796875,0.013676268861454047,0.3346942365169525,0.15209078788757324,2.186246743747541,0.01116217952221632,0.0014925021678209305,0.21269071102142334,0.15729929506778717,0.470458984375,0.0821159122085048,0.41262441873550415,0.2625733017921448,1.565501573679499,0.009600138291716576,0.00036228704266250134,0.16377662122249603,0.16066685318946838,0.449951171875,0.07206447187928669,0.369979590177536,0.19699949026107788,1.8685885993428006,0.0079371128231287,0.0003021700831595808,0.17006023228168488,0.11799148470163345,0.371337890625,0.005473251028806584,0.31384479999542236,0.19993214309215546,1.5619442223909425,0.006217428017407656,0.0001847481617005542,0.1424572616815567,0.15923595428466797,0.431396484375,0.06898834019204389,0.3302004933357239,0.17001767456531525,1.9307974697645263,0.007112443447113037,0.0003524816711433232
A03_s24,A03,3,low,3_low,test,153,852.6470588235294,0.573638239232318,0.9486201428867391,0.20521405339241028,0.10318384319543839,0.3330078125,0.014050068587105623,0.29886794090270996,0.15021897852420807,1.976391745397654,0.011578702367842197,0.0013187351869419217,0.3318999707698822,0.22128795087337494,0.62890625,0.3373079561042524,0.533618152141571,0.25828927755355835,2.058003158388791,0.009621365927159786,0.0003813743533100933,0.29819342494010925,0.24048708379268646,0.626953125,0.3296502057613169,0.5180699229240417,0.19623544812202454,2.626657266007909,0.008840789087116718,0.0003728363080881536,0.25708141922950745,0.16312198340892792,0.473388671875,0.041011659807956104,0.4037284553050995,0.19846780598163605,2.024028154910716,0.006426618434488773,0.00019725243328139186,0.2797936499118805,0.24470572173595428,0.61962890625,0.32209190672153637,0.49973630905151367,0.16727381944656372,2.9697805083113815,0.007674393244087696,0.0003926683566533029
A03_s25,A03,3,low,3_low,test,186,454.4731182795699,0.5130400866879312,0.9558999838751001,0.18668018281459808,0.1074860543012619,0.34228515625,0.017760631001371742,0.33320191502571106,0.1422833353281021,2.3254757035262865,0.012563961558043957,0.0016193060437217355,0.25247496366500854,0.1933753788471222,0.61767578125,0.1829320987654321,0.48457130789756775,0.22084857523441315,2.184243497554818,0.009139436297118664,0.0003296399663668126,0.20262598991394043,0.21121084690093994,0.6162109375,0.1803840877914952,0.4571140706539154,0.14394433796405792,3.1537214704258867,0.00742089468985796,0.00026110708131454885,0.1953929364681244,0.14331677556037903,0.47119140625,0.04203360768175583,0.36330217123031616,0.16225357353687286,2.2253857196471096,0.005488694179803133,0.00015177263412624598,0.18047291040420532,0.2127763330936432,0.61328125,0.17713648834019205,0.4259188175201416,0.11442591995000839,3.6899755072743576,0.0059522176161408424,0.00027031940408051014
A03_s26,A03,3,low,3_low,test,233,386.4077253218884,0.5485873957259497,0.9472272263239228,0.1938193142414093,0.0993034839630127,0.316650390625,0.0173079561042524,0.312029629945755,0.1615380346775055,1.9197330062767053,0.012431076727807522,0.0016371171222999692,0.3067654073238373,0.18521149456501007,0.583984375,0.20659122085048012,0.49234986305236816,0.30344390869140625,1.617210425291935,0.009829823859035969,0.0004127598076593131,0.2626509964466095,0.2046051323413849,0.57763671875,0.19313443072702333,0.4660203456878662,0.2468351423740387,1.8803642664386038,0.00895786378532648,0.0003830309142358601,0.23928900063037872,0.13912124931812286,0.4443359375,0.015318930041152264,0.3747876286506653,0.2327694594860077,1.6032360663138645,0.0066336365416646,0.0002168320497730747,0.24105554819107056,0.208966463804245,0.58056640625,0.18704732510288066,0.44164717197418213,0.22024118900299072,1.9962249071451699,0.008146775886416435,0.0004260170098859817
A03_s27,A03,3,low,3_low,test,185,261.15675675675675,0.5265912971552172,0.9534258056304111,0.15672971308231354,0.08714411407709122,0.2802734375,0.007369684499314129,0.3263406455516815,0.1428324431180954,2.2688945447706503,0.009619883261620998,0.0011262045009061694,0.1878058910369873,0.14204522967338562,0.390869140625,0.060843621399176956,0.3876522481441498,0.23303356766700745,1.6563959264840047,0.008232428692281246,0.00022642423573415726,0.13555023074150085,0.14328987896442413,0.3486328125,0.05818587105624143,0.3392575681209564,0.1570878028869629,2.146007230953389,0.00638745678588748,0.00018466904293745756,0.14787790179252625,0.1026785746216774,0.313720703125,0.005384087791495199,0.28603002429008484,0.17169298231601715,1.6562921113185023,0.005050066392868757,0.00011390034342184663,0.11457733064889908,0.14194729924201965,0.316650390625,0.05624485596707819,0.30132347345352173,0.1268468201160431,2.3569101928387313,0.004996719770133495,0.0001702002336969599
A03_s28,A03,3,low,3_low,test,117,1011.5726495726495,0.5413868736763165,0.9557920888054463,0.1981731504201889,0.10599596053361893,0.3408203125,0.010401234567901235,0.3093221187591553,0.14366213977336884,2.1382382373421733,0.010063384659588337,0.0010894787264987826,0.31007683277130127,0.24054281413555145,0.65283203125,0.33041495198902604,0.5627722144126892,0.23541197180747986,2.380472571291686,0.009100889787077904,0.0003266398562118411,0.2781578004360199,0.25731489062309265,0.65185546875,0.32193415637860084,0.5492107272148132,0.16947059333324432,3.221732948046875,0.008101847022771835,0.0003334329230710864,0.24004758894443512,0.17576728761196136,0.489501953125,0.0668724279835391,0.42262402176856995,0.1767580509185791,2.3775239410233526,0.0058523197658360004,0.0001649126352276653,0.26178625226020813,0.2577430307865143,0.63623046875,0.31833676268861455,0.531072735786438,0.1418105661869049,3.7187215901895567,0.0069579933770000935,0.0003477904247120023
A03_s29,A03,3,low,3_low,test,159,404.7169811320755,0.5567399736320056,0.9541118746463273,0.16450944542884827,0.09450787305831909,0.30078125,0.010078875171467765,0.31757134199142456,0.14226526021957397,2.21666677256372,0.009724029339849949,0.001172061893157661,0.2043699026107788,0.17862404882907867,0.548828125,0.12448902606310014,0.46165671944618225,0.22853438556194305,2.011274773999374,0.008804400451481342,0.0003247421991545707,0.15998218953609467,0.1839739829301834,0.5361328125,0.11685185185185185,0.4271155595779419,0.15560971200466156,2.7272609987637844,0.007039363961666822,0.0002866392314899713,0.16342633962631226,0.13225890696048737,0.428955078125,0.018799725651577504,0.35093092918395996,0.17042802274227142,2.047103639009808,0.005551232025027275,0.00016385698108933866,0.14181195199489594,0.18479615449905396,0.5439453125,0.11778463648834019,0.3996714651584625,0.12666821479797363,3.1305479268345353,0.005879714619368315,0.0002938405959866941
A03_s30,A03,3,low,3_low,test,202,323.7524752475247,0.5767523082731449,0.9439605163364456,0.170450359582901,0.09661246091127396,0.299072265625,0.013882030178326475,0.31933149695396423,0.1494705229997635,2.1222196253977677,0.010765494778752327,0.0013245560694485903,0.21752485632896423,0.16625764966011047,0.50732421875,0.10539094650205762,0.42470186948776245,0.2494114488363266,1.696016182412471,0.009627584367990494,0.0005064629367552698,0.16874980926513672,0.16778622567653656,0.477783203125,0.08541838134430726,0.3776610493659973,0.1822839379310608,2.0605245262028813,0.008147737942636013,0.00039360340451821685,0.17354504764080048,0.12450811266899109,0.39599609375,0.008652263374485597,0.3259655237197876,0.18952368199825287,1.710892421881584,0.006470587104558945,0.00024838343961164355,0.14789624512195587,0.1672513633966446,0.466796875,0.08356310013717422,0.3437771201133728,0.15339113771915436,2.2266635584920786,0.0070825377479195595,0.0004034323792438954
A03_s31,A03,3,low,3_low,test,149,781.3422818791946,0.5180903076137543,0.9497898223661688,0.1950540393590927,0.09495378285646439,0.318603515625,0.008491083676268862,0.29172152280807495,0.14864331483840942,1.9494457411818698,0.01035894826054573,0.0010751424124464393,0.3164929449558258,0.20446011424064636,0.61279296875,0.28262688614540465,0.5179317593574524,0.2601039409637451,1.9836229106529204,0.009240311570465565,0.00033414261997677386,0.27602943778038025,0.22642342746257782,0.60986328125,0.27561385459533605,0.49997222423553467,0.19294016063213348,2.5779715898239566,0.00819275714457035,0.00030723900999873877,0.24375294148921967,0.15074646472930908,0.460693359375,0.02467421124828532,0.38975152373313904,0.1969413161277771,1.9690256251582294,0.006119628436863422,0.00017506757285445929,0.2567189633846283,0.23062226176261902,0.60498046875,0.26545610425240057,0.48171037435531616,0.1628120392560959,2.9406286408670685,0.007231623865664005,0.00032884892425499856
A03_s32,A03,3,low,3_low,test,178,604.6629213483146,0.5448711571879671,0.9524487172343252,0.21110500395298004,0.11364367604255676,0.374755859375,0.01733196159122085,0.34115803241729736,0.15475311875343323,2.1903768935591685,0.012546692974865437,0.0014830989530310035,0.3288746178150177,0.21689146757125854,0.6611328125,0.294519890260631,0.5525916218757629,0.2689336836338043,2.047138446883925,0.008993555791676044,0.0003466485650278628,0.28482499718666077,0.24218915402889252,0.6640625,0.2894753086419753,0.5362439751625061,0.19860617816448212,2.686509907126338,0.00812479853630066,0.0003212920273654163,0.25609344244003296,0.1622655987739563,0.50439453125,0.11414266117969822,0.42142027616500854,0.204145148396492,2.054254168129354,0.005770996678620577,0.00017060094978660345,0.25977635383605957,0.24184073507785797,0.634765625,0.2862037037037037,0.5024628043174744,0.17000281810760498,2.938330548455028,0.006912561133503914,0.0003375166852492839
A03_s33,A03,3,low,3_low,test,183,563.8852459016393,0.5347412426763153,0.9514417255459182,0.19943514466285706,0.10763973742723465,0.349609375,0.014735939643347051,0.32498109340667725,0.14996634423732758,2.1526724717913863,0.012209452688694,0.0014228362124413252,0.30185067653656006,0.21346816420555115,0.646484375,0.2581481481481481,0.5299265384674072,0.2534326910972595,2.0827769269037733,0.009501292370259762,0.0003936446155421436,0.25800254940986633,0.23495186865329742,0.64697265625,0.2528943758573388,0.5104052424430847,0.18236754834651947,2.783509116228923,0.008439254947006702,0.00036422876291908324,0.23430737853050232,0.1565953493118286,0.486083984375,0.0648113854595336,0.39920639991760254,0.19246621429920197,2.0634424535759845,0.006342733278870583,0.00020782207138836384,0.23564906418323517,0.23608504235744476,0.6328125,0.24796296296296297,0.48173561692237854,0.1532534807920456,3.123012942390732,0.00723486952483654,0.00038308490184135735
A03_s34,A03,3,low,3_low,test,212,243.39150943396226,0.5047744925442074,0.9549021713124255,0.16268505156040192,0.09332079440355301,0.2802734375,0.013813443072702332,0.3336245119571686,0.14409129321575165,2.299410974723803,0.010999004356563091,0.0015083348844200373,0.1945950984954834,0.14162202179431915,0.420166015625,0.07191358024691358,0.38158702850341797,0.23425158858299255,1.6220380521205318,0.008596721105277538,0.0002821001980919391,0.14102789759635925,0.14555759727954865,0.396728515625,0.06660150891632373,0.335205078125,0.15990881621837616,2.083198957042099,0.006612500175833702,0.00021237580222077668,0.15204477310180664,0.10458869487047195,0.3359375,0.002623456790123457,0.2832498848438263,0.1723334938287735,1.6341324379212772,0.00522998720407486,0.00014067735173739493,0.12011198699474335,0.14613977074623108,0.3623046875,0.06723936899862826,0.2980795204639435,0.131148561835289,2.255639534204482,0.005272408481687307,0.00020679477893281728
A03_s35,A03,3,low,3_low,test,191,158.7801047120419,0.5088674824462206,0.9577661420275512,0.15087762475013733,0.0869971215724945,0.248779296875,0.011258573388203017,0.3800445795059204,0.14376090466976166,2.6253260876816413,0.010040966793894768,0.0013227415038272738,0.14963504672050476,0.09576889127492905,0.25,0.006059670781893004,0.2709253132343292,0.21254141628742218,1.268724905662654,0.0084335096180439,0.00025359619758091867,0.09465236961841583,0.08201800286769867,0.1728515625,0.0041186556927297665,0.20310227572917938,0.13263699412345886,1.5198057772950646,0.006000817287713289,0.0001710532233119011,0.11761937290430069,0.065912164747715,0.1834716796875,0.00038065843621399177,0.1894771009683609,0.1525314301252365,1.2341258126352583,0.004913637414574623,0.00011793131125159562,0.07350558787584305,0.07236328721046448,0.12042236328125,0.00294238683127572,0.14283215999603271,0.10259392112493515,1.3787697042935165,0.004651052877306938,0.00015734208864159882
A03_s36,A03,3,low,3_low,test,197,157.3248730964467,0.5307008654554367,0.9548710432262856,0.15003050863742828,0.08460862934589386,0.24609375,0.009890260631001372,0.3694513142108917,0.14311447739601135,2.563596113912127,0.009973294101655483,0.0012587853707373142,0.15688994526863098,0.09373041242361069,0.259765625,0.0036454046639231826,0.2703767716884613,0.2178119271993637,1.2356582895141537,0.008432958275079727,0.00023873223108239472,0.09977748245000839,0.07773756235837936,0.1854248046875,0.0013271604938271606,0.20032626390457153,0.13633506000041962,1.4586680480858962,0.006207831669598818,0.00016880035400390625,0.12437167763710022,0.06471537053585052,0.2003173828125,3.429355281207133e-06,0.19182705879211426,0.15858472883701324,1.2020389431374143,0.005025231745094061,0.00011285826622042805,0.07773912698030472,0.06782413274049759,0.131591796875,0.0011728395061728395,0.138922318816185,0.10541673749685287,1.305455533442692,0.004792367573827505,0.00015331486065406352
A03_s37,A03,3,low,3_low,test,142,861.0985915492957,0.5343276696105741,0.9484285732409705,0.20493189990520477,0.10587962716817856,0.335693359375,0.01593278463648834,0.3077206611633301,0.15739412605762482,1.9427529847374472,0.01114579662680626,0.0013061814242973924,0.33704620599746704,0.23026832938194275,0.642578125,0.3438991769547325,0.5608134865760803,0.29008162021636963,1.9266537205585532,0.009656228125095367,0.00041121835238300264,0.3043850064277649,0.24708491563796997,0.6396484375,0.3312860082304527,0.5458588600158691,0.2313360720872879,2.349436551594932,0.008991558104753494,0.00042343841050751507,0.2623429596424103,0.16946804523468018,0.483642578125,0.05435185185185185,0.42524778842926025,0.2228766828775406,1.8994733304221263,0.0064705051481723785,0.00021227046090643853,0.28852155804634094,0.24977557361125946,0.62890625,0.3254526748971193,0.5300675630569458,0.20637427270412445,2.556091245770061,0.008109773509204388,0.00047168004675768316
A03_s38,A03,3,low,3_low,test,199,161.4824120603015,0.5008188464033984,0.9578790518746543,0.15290169417858124,0.08814799040555954,0.2595458924770355,0.011659807956104253,0.37693750858306885,0.14424395561218262,2.5952027194132166,0.0105888107791543,0.0013702051946893334,0.1616780161857605,0.0917389914393425,0.262451171875,0.002198216735253772,0.26671791076660156,0.2183375060558319,1.2160159726568107,0.00816697534173727,0.00023158558178693056,0.10361321270465851,0.07827851176261902,0.1895751953125,0.00151920438957476,0.19720330834388733,0.13771459460258484,1.4216478728058266,0.006131933536380529,0.00016770137881394476,0.12776540219783783,0.0628930851817131,0.19677734375,2.7434842249657064e-05,0.1878141611814499,0.15894272923469543,1.1742588242686338,0.004858400207012892,0.00011394555622246116,0.08039223402738571,0.06677846610546112,0.1298828125,0.0006584362139917696,0.1334662288427353,0.10575209558010101,1.250244579438625,0.004620016552507877,0.00014936193474568427
A03_s39,A03,3,low,3_low,test,203,410.6256157635468,0.5288110419982976,0.9511042928912568,0.17592303454875946,0.0958590880036354,0.30224609375,0.011748971193415638,0.3015347719192505,0.14130207896232605,2.118976575170632,0.011316628195345402,0.0014045415446162224,0.24481883645057678,0.1760578155517578,0.55810546875,0.15106995884773664,0.45517247915267944,0.22935232520103455,1.9759838706009953,0.009124057367444038,0.00031579312053509057,0.19443094730377197,0.19134952127933502,0.5537109375,0.14717421124828534,0.4247399866580963,0.15486206114292145,2.725101821081532,0.007690630853176117,0.0002759085618890822,0.18922120332717896,0.13081936538219452,0.42578125,0.012945816186556927,0.3417016863822937,0.170644611120224,1.990751030004418,0.005823891144245863,0.00016580372175667435,0.17281372845172882,0.19315001368522644,0.552734375,0.1394650205761317,0.39654800295829773,0.12491752952337265,3.1492676552607475,0.0063078501261770725,0.0002755226450972259
A03_s40,A03,3,low,3_low,test,186,398.4516129032258,0.5331406468611266,0.9482328703984315,0.17245890200138092,0.0966644436120987,0.2912841737270355,0.0149519890260631,0.3064427971839905,0.1458863765001297,2.08625744936747,0.01133913267403841,0.0015005588065832853,0.23151028156280518,0.17240886390209198,0.5263671875,0.12936899862825788,0.44457611441612244,0.24495549499988556,1.8075469890043696,0.009289865382015705,0.000353333743987605,0.18417209386825562,0.1825665533542633,0.51806640625,0.11828189300411522,0.4111538827419281,0.1753370314836502,2.3316366351559563,0.007756666745990515,0.00031274071079678833,0.18222852051258087,0.1292341947555542,0.40771484375,0.010332647462277092,0.33735302090644836,0.1838192492723465,1.8253132302757635,0.005934145767241716,0.00017989925981964916,0.16409218311309814,0.18382029235363007,0.51806640625,0.11594307270233196,0.38313454389572144,0.147451713681221,2.5808697952685713,0.006772598251700401,0.0003578065661713481
A03_s41,A03,3,low,3_low,test,177,172.94350282485877,0.5504673070083964,0.95122964816762,0.14846910536289215,0.08140943944454193,0.239013671875,0.007904663923182441,0.35763466358184814,0.14537246525287628,2.4433192606545955,0.008964317850768566,0.001077338121831417,0.1564752608537674,0.11159992218017578,0.2783203125,0.01472565157750343,0.3054680824279785,0.23281975090503693,1.306425489059907,0.008439675904810429,0.00028168284916318953,0.10445881634950638,0.09926625341176987,0.2076416015625,0.010209190672153635,0.23947565257549286,0.15485742688179016,1.5365045950432816,0.006311796605587006,0.00022896341397427022,0.12608620524406433,0.07954505831003189,0.2274169921875,0.0007818930041152264,0.2224125862121582,0.17160430550575256,1.2885691672664887,0.005248312372714281,0.00014610013749916106,0.08482419699430466,0.09409357607364655,0.1561279296875,0.01099108367626886,0.18606872856616974,0.12638874351978302,1.460637128721455,0.005183061119168997,0.00022933943546377122
A03_s42,A03,3,low,3_low,test,285,164.92631578947368,0.5491819199891756,0.9485127796971982,0.19940505921840668,0.09779445081949234,0.300537109375,0.020641289437585735,0.36549508571624756,0.19909222424030304,1.8266331293179192,0.012190082110464573,0.0017007703427225351,0.3442681133747101,0.18470999598503113,0.56640625,0.23594650205761317,0.529258668422699,0.4151637852191925,1.2717557058549427,0.01061838585883379,0.0005098311812616885,0.3112647831439972,0.20099563896656036,0.56201171875,0.2189951989026063,0.5094412565231323,0.3852907419204712,1.3188026562335142,0.01059787254780531,0.0005449085147120059,0.2721627950668335,0.13834238052368164,0.435791015625,0.0169238683127572,0.41128265857696533,0.3214353621006012,1.2755507209182702,0.00757340295240283,0.00027635745937004685,0.2907375395298004,0.20156510174274445,0.55419921875,0.19517489711934155,0.46484366059303284,0.3691902160644531,1.2556886714480313,0.010602150112390518,0.0006758039817214012
A03_s43,A03,3,low,3_low,test,161,176.68944099378882,0.5343457856978928,0.9537034240707553,0.14349982142448425,0.07801251113414764,0.2247314453125,0.006234567901234568,0.3539179861545563,0.14127974212169647,2.4874798117910473,0.008424226194620132,0.0009712064638733864,0.1434578001499176,0.10069750994443893,0.260009765625,0.008161865569272977,0.29255276918411255,0.21389424800872803,1.3613801760400324,0.008238798007369041,0.00024746538838371634,0.09272993355989456,0.08218742907047272,0.1866455078125,0.0012757201646090535,0.21926674246788025,0.13606612384319305,1.5997150595629792,0.005969027988612652,0.0001794681156752631,0.11706701666116714,0.07032665610313416,0.200439453125,1.02880658436214e-05,0.2114948034286499,0.15624505281448364,1.3450013189169752,0.004996500909328461,0.00012612767750397325,0.07247226685285568,0.07204649597406387,0.13037109375,0.0005041152263374485,0.16264808177947998,0.10515842586755753,1.5321259754020706,0.004704419989138842,0.000167483784025535
A03_s44,A03,3,low,3_low,test,182,188.42307692307693,0.5262679372477544,0.9500102673294288,0.1525612622499466,0.0850287452340126,0.245361328125,0.010212620027434843,0.34786874055862427,0.15234650671482086,2.26851428187769,0.009120287373661995,0.0011635029222816229,0.17878073453903198,0.14069455862045288,0.400146484375,0.03882373113854595,0.3669361174106598,0.26182907819747925,1.3961016791869532,0.008641012012958527,0.00032027350971475244,0.13279502093791962,0.13742274045944214,0.364501953125,0.03334705075445816,0.3152662515640259,0.1947009414434433,1.6109592996267543,0.006783504970371723,0.0002617290592752397,0.14613841474056244,0.10423987358808517,0.323486328125,0.00303840877914952,0.27692097425460815,0.19873753190040588,1.3864243320713898,0.005654419306665659,0.0001733655808493495,0.11330091208219528,0.1327516883611679,0.337890625,0.029965706447187927,0.26688551902770996,0.167242631316185,1.5863132723247861,0.005937157664448023,0.00029537046793848276
A03_s45,A03,3,low,3_low,test,200,141.845,0.5196962476101309,0.9512587571156567,0.15620571374893188,0.08396701514720917,0.236328125,0.00977366255144033,0.36791956424713135,0.15992885828018188,2.2862249081924917,0.009334251284599304,0.0012754733907058835,0.1957124024629593,0.14506565034389496,0.4208984375,0.02131344307270233,0.35150304436683655,0.28537777066230774,1.2274103662233042,0.008653329685330391,0.00034622385283000767,0.1514114886522293,0.14405862987041473,0.399658203125,0.01507201646090535,0.2944405674934387,0.22693492472171783,1.2917746933819667,0.007012463640421629,0.00028040469624102116,0.1586027592420578,0.11019233614206314,0.3349609375,0.0005555555555555556,0.26815658807754517,0.21789446473121643,1.2250496530682875,0.005707701202481985,0.00019966908439528197,0.1298740953207016,0.13558566570281982,0.369384765625,0.007205075445816187,0.23484833538532257,0.19820691645145416,1.1789165736248624,0.006348839495331049,0.0003247094282414764
A03_s46,A03,3,low,3_low,test,129,422.8914728682171,0.5775481642592811,0.9496437851400981,0.15166187286376953,0.08638545870780945,0.283447265625,0.0050034293552812074,0.3101007342338562,0.13755200803279877,2.2381540234367985,0.007965292781591415,0.000800656620413065,0.17533931136131287,0.16796056926250458,0.484619140625,0.09340534979423869,0.4496152698993683,0.2235247939825058,2.002519463103931,0.008670139126479626,0.0003893885004799813,0.13494820892810822,0.16295094788074493,0.4462890625,0.076920438957476,0.4060193598270416,0.15006984770298004,2.6876267236683815,0.007068646606057882,0.00036544620525091887,0.14391259849071503,0.12431811541318893,0.37939453125,0.007794924554183813,0.345471054315567,0.16893857717514038,2.0329171872465492,0.00564430421218276,0.00020052364561706781,0.11692480742931366,0.15950721502304077,0.427734375,0.07166323731138546,0.3744226098060608,0.11927994340658188,3.1129263882374913,0.0062442622147500515,0.00038597502862103283
A03_s47,A03,3,low,3_low,test,133,168.0375939849624,0.5430687402953416,0.9538829917135153,0.13606290519237518,0.07233116775751114,0.1881103515625,0.005174897119341564,0.36189988255500793,0.1380491405725479,2.6026761550977673,0.007185973692685366,0.0008145427564159036,0.12364209443330765,0.08495453000068665,0.23876953125,0.0007853223593964335,0.2615087330341339,0.20508973300457,1.268907136816636,0.007271182723343372,0.0001806458312785253,0.07623960077762604,0.060788754373788834,0.153076171875,0.0001646090534979424,0.18658775091171265,0.12403778731822968,1.492250902015997,0.004880902823060751,0.00012253837485332042,0.10084614157676697,0.053368303924798965,0.167724609375,0.0,0.18072956800460815,0.14691130816936493,1.2218779635000245,0.004318252671509981,9.026932821143419e-05,0.05825255066156387,0.04766502231359482,0.10797119140625,6.858710562414266e-06,0.12741965055465698,0.09168413281440735,1.3747730780392018,0.0036522122099995613,0.00010627666779328138
A03_s48,A03,3,low,3_low,test,165,179.36363636363637,0.5307667377415414,0.9544776326838752,0.14353406429290771,0.0803208202123642,0.22998046875,0.007061042524005487,0.3559565842151642,0.14193233847618103,2.490385227094585,0.00851429346948862,0.001016072346828878,0.1410931944847107,0.09889811277389526,0.251220703125,0.00794238683127572,0.288080096244812,0.21729278564453125,1.3196959093001024,0.0075895884074270725,0.0001865194644778967,0.09045600146055222,0.08081977814435959,0.1741943359375,0.004386145404663923,0.21828128397464752,0.1371636539697647,1.5798748636339301,0.005389321595430374,0.0001272769586648792,0.11380544304847717,0.06597639620304108,0.1854248046875,1.3717421124828532e-05,0.2048628181219101,0.15764838457107544,1.2913010030059922,0.004543612245470285,9.147402306552976e-05,0.0708085298538208,0.07166384160518646,0.1201171875,0.003782578875171468,0.1620384007692337,0.1060764417052269,1.5132964654850298,0.0041391667909920216,0.00011870102753164247
A03_s49,A03,3,low,3_low,test,204,156.55882352941177,0.5488895798528279,0.9547016603810528,0.15174473822116852,0.08218370378017426,0.2451171875,0.00838477366255144,0.35618945956230164,0.14748720824718475,2.3987888503456647,0.00969137717038393,0.0011437241919338703,0.17177756130695343,0.1088363453745842,0.32177734375,0.007932098765432098,0.2963849902153015,0.23568220436573029,1.252248731625451,0.008807108737528324,0.0002554755483288318,0.11666090786457062,0.09763671457767487,0.254150390625,0.005452674897119342,0.22986167669296265,0.16047801077365875,1.4234859321815416,0.006844276562333107,0.00019760931900236756,0.13870660960674286,0.07897596061229706,0.263427734375,0.00022290809327846366,0.2182743102312088,0.17732210457324982,1.2240451667703804,0.00556058157235384,0.00013229029718786478,0.09353222697973251,0.08791320025920868,0.2105712890625,0.003868312757201646,0.16756229102611542,0.12880180776119232,1.2909087624911537,0.0056096832267940044,0.00019539370259735733
A04_s01,A04,4,low,4_low,test,204,399.22058823529414,0.5466525241169287,0.9509983572126649,0.18993444740772247,0.10745350271463394,0.356689453125,0.013892318244170096,0.34119120240211487,0.15255428850650787,2.22195814731449,0.011956093832850456,0.0014566273894160986,0.27013930678367615,0.19786658883094788,0.62744140625,0.19226337448559672,0.5054681301116943,0.25769615173339844,1.9539066457881016,0.009906156919896603,0.0004133610345888883,0.22242596745491028,0.2147418111562729,0.62451171875,0.18601851851851853,0.47908666729927063,0.18661054968833923,2.553623280221367,0.008364733308553696,0.000349613867001608,0.21432249248027802,0.14679759740829468,0.484375,0.0718758573388203,0.3861798048019409,0.19633981585502625,1.9569279677733362,0.00640517333522439,0.00021631064009852707,0.19890287518501282,0.21329361200332642,0.60791015625,0.18424554183813444,0.44185930490493774,0.15804536640644073,2.7781966547567656,0.007088132202625275,0.0003547037485986948
A04_s02,A04,4,low,4_low,test,155,225.43225806451613,0.5296147096053115,0.9486162544446588,0.14216767251491547,0.07528211176395416,0.23486328125,0.003919753086419753,0.3209190368652344,0.13588416576385498,2.3444569726119107,0.00816221535205841,0.0008828557329252362,0.1455375999212265,0.10919052362442017,0.270751953125,0.017383401920438957,0.3232746422290802,0.20400206744670868,1.5769335707461443,0.008847907185554504,0.0003300265234429389,0.09616494923830032,0.09319370985031128,0.197509765625,0.01022633744855967,0.2529660165309906,0.12841707468032837,1.9546571977139728,0.0064414991065859795,0.00023726208019070327,0.11905086040496826,0.07622536271810532,0.2138671875,0.00015432098765432098,0.23629464209079742,0.15014854073524475,1.563327313259984,0.005390059668570757,0.00016582779062446207,0.07658907771110535,0.08460310846567154,0.1397705078125,0.009540466392318245,0.20487725734710693,0.09766881912946701,2.0764133913296345,0.005244321655482054,0.0002308544353581965
A04_s03,A04,4,low,4_low,test,119,164.43697478991598,0.5036996678453812,0.9547866766075628,0.13278788328170776,0.06862625479698181,0.16920165717601776,0.004783950617283951,0.3624502718448639,0.13674703240394592,2.631274630889842,0.006761142984032631,0.000744383258279413,0.12095384299755096,0.08325827121734619,0.2388916015625,0.0008916323731138546,0.25938570499420166,0.20217597484588623,1.2766553978193131,0.00773047748953104,0.0002203949261456728,0.07453297823667526,0.05817880854010582,0.1519775390625,0.0,0.18388380110263824,0.12121738493442535,1.504563374525641,0.005189755465835333,0.00015136240108404309,0.09967496246099472,0.0524398498237133,0.16796875,3.7722908093278466e-05,0.17782780528068542,0.14524343609809875,1.2159711917695928,0.004634513054043055,0.0001128733711084351,0.057057105004787445,0.04566565901041031,0.109619140625,3.429355281207133e-06,0.12582367658615112,0.09041178971529007,1.376449109880026,0.003953664563596249,0.00013233177014626563
A04_s04,A04,4,low,4_low,test,151,375.4834437086093,0.5334066145528484,0.9513670796880902,0.15715858340263367,0.08842611312866211,0.287841796875,0.007133058984910837,0.31264638900756836,0.14021989703178406,2.2138975851058844,0.008793159388005733,0.001027588383294642,0.19165769219398499,0.1724482625722885,0.50634765625,0.10318244170096022,0.4554368853569031,0.22570371627807617,2.0089520049960776,0.00902516208589077,0.0003179633931722492,0.14869028329849243,0.17613111436367035,0.49169921875,0.09632716049382715,0.4199138283729553,0.15591807663440704,2.6760067251606996,0.00696098105981946,0.0002542590373195708,0.15355217456817627,0.12620551884174347,0.394287109375,0.015161179698216735,0.3427606523036957,0.16915568709373474,2.014394335905311,0.0056156013160943985,0.00015729422739241272,0.1312645673751831,0.17487716674804688,0.483642578125,0.09362825788751715,0.3911100924015045,0.128530815243721,3.0194366619680757,0.005740019958466291,0.00024238725018221885
A04_s05,A04,4,low,4_low,test,137,417.46715328467155,0.5376233743841408,0.9489765539082217,0.15460805594921112,0.08672009408473969,0.270263671875,0.008422496570644719,0.3052261173725128,0.1369905322790146,2.2119352127387306,0.008381165564060211,0.0009709345176815987,0.18590740859508514,0.17077086865901947,0.51416015625,0.10622770919067215,0.4580889642238617,0.22049689292907715,2.0681507454397603,0.008743399754166603,0.0003186016110703349,0.14340916275978088,0.17212975025177002,0.494873046875,0.09766460905349794,0.42181625962257385,0.14624571800231934,2.8647098560511597,0.006842487491667271,0.00027621572371572256,0.15005381405353546,0.12394874542951584,0.399658203125,0.009475308641975308,0.34582555294036865,0.1639026701450348,2.0971495042270027,0.0055562518537044525,0.0001625016302568838,0.1276116669178009,0.17310267686843872,0.493408203125,0.09767832647462277,0.3986431956291199,0.11836301535367966,3.3397547343112652,0.005673238076269627,0.0002745178935583681
A04_s06,A04,4,low,4_low,test,219,228.99543378995435,0.5561584439740193,0.9501195008114771,0.16325689852237701,0.08575870096683502,0.265625,0.01049039780521262,0.3163551986217499,0.15709315240383148,2.001068318339655,0.009758169762790203,0.0011765758972615004,0.22658459842205048,0.15916770696640015,0.45654296875,0.06601851851851852,0.4268375337123871,0.29212653636932373,1.4561545297099772,0.009379323571920395,0.0003515961579978466,0.17978784441947937,0.16121084988117218,0.4345703125,0.05631001371742112,0.38755470514297485,0.2302687019109726,1.675776713150597,0.008217712864279747,0.0003321015683468431,0.18436497449874878,0.11930236220359802,0.365234375,0.003065843621399177,0.3314000964164734,0.22751909494400024,1.4502074607712088,0.006386999506503344,0.00019431790860835463,0.15835215151309967,0.15817253291606903,0.407958984375,0.05212620027434842,0.34684598445892334,0.2030554711818695,1.6997632185504512,0.007358059287071228,0.000354552932549268
A04_s07,A04,4,low,4_low,test,191,155.23560209424085,0.5457458117694084,0.9489914265424142,0.15374790132045746,0.08045816421508789,0.2354736328125,0.008758573388203017,0.35429486632347107,0.15929245948791504,2.2103027644303035,0.00874851644039154,0.0010404951171949506,0.1905476599931717,0.1397135853767395,0.41259765625,0.0226440329218107,0.3532850742340088,0.28539788722991943,1.2335463702300027,0.008704815059900284,0.00028625299455597997,0.1437760889530182,0.13568240404129028,0.38037109375,0.014801097393689986,0.29790744185447693,0.2222074270248413,1.3346663497058369,0.0071355002000927925,0.00025516122695989907,0.15618428587913513,0.1048569306731224,0.331787109375,2.400548696844993e-05,0.27000659704208374,0.21818986535072327,1.2318388745303035,0.005746035370975733,0.00015633473230991513,0.1232224702835083,0.1287737935781479,0.350830078125,0.010435528120713305,0.24212303757667542,0.19452495872974396,1.2383229187192397,0.006399022880941629,0.00028898907476104796
A04_s08,A04,4,low,4_low,test,140,158.64285714285714,0.5294014369464035,0.9576007694242017,0.1349375694990158,0.0708601176738739,0.1761474609375,0.004344993141289438,0.35887959599494934,0.13458839058876038,2.646831299026413,0.00734885735437274,0.0008646442438475788,0.12094883620738983,0.07798012346029282,0.231201171875,0.0008127572016460906,0.2531866133213043,0.19541294872760773,1.2890525546379952,0.00785494688898325,0.00022920955962035805,0.07162521779537201,0.050113044679164886,0.1414794921875,0.0,0.1747283935546875,0.11186015605926514,1.5481849366124756,0.0050789411179721355,0.00014378699415829033,0.09668630361557007,0.04531285911798477,0.1551513671875,1.3717421124828532e-05,0.1705012023448944,0.1364033967256546,1.240880548865355,0.004547085613012314,0.00011764124792534858,0.05379469692707062,0.03764911741018295,0.100830078125,0.0,0.1201011911034584,0.08123257756233215,1.4605062210584596,0.003873406210914254,0.00012949839583598077
A04_s09,A04,4,low,4_low,test,103,168.54368932038835,0.5427337096327015,0.9598938162141756,0.13148266077041626,0.0669839084148407,0.1439208984375,0.004814814814814815,0.3748819828033447,0.1362944096326828,2.7304970668966293,0.0061712912283837795,0.0006994582945480943,0.10952547192573547,0.07517773658037186,0.225341796875,0.00018861454046639232,0.24890249967575073,0.19924017786979675,1.2430197691773723,0.0067853545770049095,0.0001510834990767762,0.0647578090429306,0.04699591174721718,0.1319580078125,0.0,0.17482075095176697,0.11254275590181351,1.5396909257948945,0.004280524328351021,9.32851544348523e-05,0.08999485522508621,0.041777484118938446,0.1474609375,0.0,0.16629649698734283,0.13665080070495605,1.2081041020879104,0.0038957600481808186,7.434240978909656e-05,0.0489201694726944,0.03480982780456543,0.09417724609375,1.02880658436214e-05,0.11760467290878296,0.08199597150087357,1.4169925453254695,0.003217864315956831,8.125446765916422e-05
A04_s10,A04,4,low,4_low,test,151,557.1854304635762,0.5173533401958994,0.9483988913548376,0.17555341124534607,0.09613652527332306,0.3095703125,0.010010288065843621,0.3056945204734802,0.14188121259212494,2.1395011627324956,0.0097360135987401,0.0011322295758873224,0.2511172592639923,0.20808303356170654,0.61328125,0.20382030178326474,0.5196458101272583,0.2357376515865326,2.1950281530832743,0.009506642818450928,0.00036297147744335234,0.21021747589111328,0.22044317424297333,0.60791015625,0.197980109739369,0.4967990517616272,0.1667451560497284,2.9616297928409336,0.007800338324159384,0.000309391034534201,0.19708426296710968,0.15299458801746368,0.463623046875,0.027825788751714677,0.39202016592025757,0.17754006385803223,2.1956985869119885,0.006005060393363237,0.00017700489843264222,0.19337891042232513,0.22299635410308838,0.6103515625,0.19584019204389574,0.4783731997013092,0.13818612694740295,3.436931612315656,0.006598375737667084,0.00031296274391934276
A04_s11,A04,4,low,4_low,test,188,213.91489361702128,0.5240722449045968,0.9522345837357716,0.15723133087158203,0.09090141206979752,0.271484375,0.012486282578875171,0.3539942502975464,0.14748221635818481,2.38408517181346,0.010161707177758217,0.0013362198369577527,0.17460766434669495,0.1362779289484024,0.35400390625,0.0554835390946502,0.3603571057319641,0.23816558718681335,1.5067264064645198,0.008414254523813725,0.00025920686312019825,0.12390997260808945,0.13561980426311493,0.302490234375,0.05036351165980796,0.3078562617301941,0.16429366171360016,1.8624807420844018,0.006186679936945438,0.0001831550180213526,0.13828854262828827,0.09968580305576324,0.29248046875,0.004667352537722908,0.26459798216819763,0.17402660846710205,1.5117586090798953,0.00498713506385684,0.00011782412184402347,0.10443706810474396,0.13432209193706512,0.2666015625,0.050449245541838134,0.26500698924064636,0.13692067563533783,1.9214449756708316,0.005014058202505112,0.00019326132314745337
A04_s12,A04,4,low,4_low,test,183,453.04371584699453,0.5472083580858035,0.9513760224181655,0.17981572449207306,0.100470170378685,0.322509765625,0.012390260631001371,0.3166191279888153,0.14613839983940125,2.1518456659471563,0.011066179722547531,0.00132215756457299,0.24904750287532806,0.19353091716766357,0.59228515625,0.1766255144032922,0.4840991795063019,0.2433539479970932,1.9811391773054579,0.009537247009575367,0.0003779729886446148,0.2032167613506317,0.20605523884296417,0.58642578125,0.16748971193415638,0.4545231759548187,0.17212435603141785,2.625414392139797,0.007947016507387161,0.00032883111271075904,0.19528456032276154,0.14267461001873016,0.452880859375,0.021642661179698215,0.36502933502197266,0.18149827420711517,2.0001796543440467,0.00607147766277194,0.00019343259918969125,0.1840956211090088,0.20816932618618011,0.58984375,0.16368655692729767,0.4292624294757843,0.14478850364685059,2.9444189269930647,0.0066665648482739925,0.00032951502362266183
A04_s13,A04,4,low,4_low,test,177,412.98870056497174,0.5450767806352192,0.9516839677463734,0.1703551858663559,0.09686214476823807,0.30517578125,0.01152949245541838,0.3128097355365753,0.14093558490276337,2.2038852043402204,0.010821312665939331,0.0013077977346256375,0.22115151584148407,0.17432089149951935,0.54296875,0.12835390946502057,0.44514000415802,0.2264784872531891,1.956844401126021,0.008909993804991245,0.0003117223095614463,0.17301669716835022,0.1834612786769867,0.53515625,0.12112139917695473,0.4101611077785492,0.15174995362758636,2.6851799168368116,0.00741772074252367,0.00028017984004691243,0.1734859198331833,0.12752509117126465,0.416748046875,0.013786008230452675,0.33302685618400574,0.16803720593452454,1.9701393805160359,0.005645268131047487,0.0001576112408656627,0.15291939675807953,0.18453870713710785,0.53662109375,0.11909465020576132,0.3806324005126953,0.12314647436141968,3.0659944430204646,0.00601069163531065,0.00026109081227332354
A04_s14,A04,4,low,4_low,test,150,159.32666666666665,0.5145024247420671,0.9536256582900501,0.139135479927063,0.07536394894123077,0.1998291015625,0.007482853223593964,0.3631339371204376,0.14057759940624237,2.564910965035239,0.00793398730456829,0.0009871813235804439,0.13592910766601562,0.09367917478084564,0.2467041015625,0.002702331961591221,0.27583011984825134,0.2162131816148758,1.2698590288010458,0.007938917726278305,0.00023611081996932626,0.08697465062141418,0.0754198506474495,0.169189453125,0.0009602194787379973,0.2075067162513733,0.13765370845794678,1.4965825188462911,0.005609495099633932,0.00017118535470217466,0.11132650077342987,0.0624452605843544,0.1787109375,0.0,0.195572629570961,0.15712402760982513,1.236830559701788,0.004773800726979971,0.00011790245480369776,0.06835294514894485,0.06505503505468369,0.11737060546875,0.0007304526748971193,0.1475389301776886,0.10804374516010284,1.3530251548226395,0.004322454333305359,0.00015342923870775849
A04_s15,A04,4,low,4_low,test,157,158.4140127388535,0.5156242119444159,0.9572762230529761,0.14121709764003754,0.07704277336597443,0.20654296875,0.0063443072702331965,0.36935049295425415,0.13881495594978333,2.6417094683841404,0.008329659700393677,0.0010047756368294358,0.13193726539611816,0.08288531005382538,0.2352294921875,0.0011556927297668039,0.25184211134910583,0.19907823204994202,1.2587181962215805,0.007893526926636696,0.0002345787943340838,0.08088327199220657,0.06293348222970963,0.1512451171875,0.00016117969821673525,0.17940080165863037,0.11898058652877808,1.495248580199264,0.005374548025429249,0.00016199347737710923,0.10578889399766922,0.05287142097949982,0.1622314453125,0.00014060356652949245,0.17092537879943848,0.1409587860107422,1.2040493132035122,0.004594010766595602,0.00012019005953334272,0.06194063276052475,0.05210282653570175,0.10516357421875,6.858710562414266e-06,0.12142191082239151,0.08901188522577286,1.3489542021904581,0.004041566047817469,0.00014286332589108497
A04_s16,A04,4,low,4_low,test,136,398.4264705882353,0.5368623928604834,0.9549564443599761,0.15789785981178284,0.09125332534313202,0.291015625,0.009279835390946503,0.323652982711792,0.14323733747005463,2.243891827100498,0.008570724166929722,0.0010341708548367023,0.1959386169910431,0.17860198020935059,0.5234375,0.10923868312757201,0.47891709208488464,0.24033652245998383,1.9844368651839435,0.008675861172378063,0.00029739472665823996,0.15346357226371765,0.18410275876522064,0.51220703125,0.10466735253772291,0.44818115234375,0.1701171100139618,2.619148677225685,0.006723495665937662,0.0002581865410320461,0.15616969764232635,0.13122539222240448,0.407958984375,0.02066872427983539,0.36027050018310547,0.17837949097156525,2.0084263715533375,0.005383057985454798,0.00015470082871615887,0.13613441586494446,0.18274013698101044,0.5068359375,0.10196159122085048,0.41957274079322815,0.14304612576961517,2.912766577730007,0.005580015014857054,0.00025647543952800333
A04_s17,A04,4,low,4_low,test,216,170.41203703703704,0.5371960805367033,0.9532498086871599,0.1547912359237671,0.08852820843458176,0.26513671875,0.010270919067215363,0.3585529327392578,0.14536820352077484,2.449664094485975,0.01067032665014267,0.0013707346515730023,0.16940811276435852,0.11603236198425293,0.309326171875,0.024231824417009603,0.31143948435783386,0.22675898671150208,1.3674081047450755,0.00930021796375513,0.00035008194390684366,0.11531980335712433,0.11071137338876724,0.237548828125,0.01837105624142661,0.24734856188297272,0.15335045754909515,1.6025126573032484,0.007132210768759251,0.0002908012829720974,0.13390769064426422,0.08379492908716202,0.252197265625,0.0008607681755829903,0.22324997186660767,0.16648191213607788,1.3329795977324324,0.00564572773873806,0.00018171971896663308,0.09427861124277115,0.10609203577041626,0.198974609375,0.01610082304526749,0.19650693237781525,0.1258232593536377,1.549454992556764,0.005752048920840025,0.0002810978621710092
A04_s18,A04,4,low,4_low,test,181,721.3314917127071,0.5287412063120827,0.9517903265569941,0.19510941207408905,0.09410973638296127,0.305908203125,0.013569958847736626,0.27510717511177063,0.1464245617389679,1.8660877934226419,0.011954100802540779,0.0014736538287252188,0.31286290287971497,0.19006162881851196,0.5634765625,0.2386556927297668,0.47832584381103516,0.25711125135421753,1.8531770362641315,0.009659819304943085,0.00039860911783762276,0.2751152813434601,0.20849695801734924,0.55908203125,0.22502400548696844,0.4584655463695526,0.1917204111814499,2.378915360127053,0.009051404893398285,0.0003947787918150425,0.24371254444122314,0.14209794998168945,0.428466796875,0.008652263374485597,0.36515122652053833,0.19700995087623596,1.8441054346242036,0.00664918078109622,0.00022131596051622182,0.2548449635505676,0.21114559471607208,0.5546875,0.20510631001371743,0.4358615279197693,0.16401931643486023,2.6412758053801624,0.008365130051970482,0.0004319238942116499
A04_s19,A04,4,low,4_low,test,196,410.39285714285717,0.5359712736999246,0.9534914295555825,0.18491435050964355,0.10555257648229599,0.33935546875,0.016275720164609053,0.3325008451938629,0.14845743775367737,2.2247192926046386,0.01208080817013979,0.001523867598734796,0.2614149749279022,0.19080401957035065,0.61181640625,0.17954732510288066,0.494427889585495,0.2482375055551529,1.9837619883259696,0.009476907551288605,0.0003712365578394383,0.21089047193527222,0.20873042941093445,0.609375,0.173261316872428,0.4676700234413147,0.1735423505306244,2.679407158317485,0.00798938237130642,0.00031788897467777133,0.20384550094604492,0.1414368748664856,0.4677734375,0.046652949245541836,0.37317511439323425,0.1853286623954773,2.0027789047354436,0.005971092730760574,0.00018577859736979008,0.18823061883449554,0.20892179012298584,0.6044921875,0.16837105624142662,0.4351133406162262,0.14452709257602692,2.989912963381113,0.006663123611360788,0.00033289732527919114
A04_s20,A04,4,low,4_low,test,177,528.5706214689266,0.5324712938354214,0.9536723809840488,0.18727752566337585,0.10594505071640015,0.332275390625,0.01578875171467764,0.31952255964279175,0.14293283224105835,2.2199421401480945,0.011687221005558968,0.0015147473895922303,0.2681924104690552,0.21095015108585358,0.62841796875,0.22349794238683127,0.5171023011207581,0.23218387365341187,2.2175731666990943,0.009539944119751453,0.00038591420161537826,0.22443625330924988,0.22689111530780792,0.625,0.2194238683127572,0.49359893798828125,0.15783816576004028,3.1075587886979896,0.007928552106022835,0.00032582442509010434,0.2092716097831726,0.15603794157505035,0.47607421875,0.04465020576131687,0.390873521566391,0.17303267121315002,2.2459778318730783,0.005999969318509102,0.00019105672254227102,0.2050401270389557,0.22902794182300568,0.62109375,0.21552469135802468,0.4693003296852112,0.12927240133285522,3.602453972473537,0.006712228059768677,0.00036136183189228177
A04_s21,A04,4,low,4_low,test,139,610.0647482014389,0.5579649109698914,0.9494521196531244,0.16879458725452423,0.09300654381513596,0.286865234375,0.011872427983539095,0.28892871737480164,0.13922028243541718,2.0605344131144276,0.009343316778540611,0.0010943320812657475,0.22926336526870728,0.19318655133247375,0.55615234375,0.1715843621399177,0.47833845019340515,0.22880353033542633,2.0815104515375014,0.009391329251229763,0.00036771100712940097,0.18907912075519562,0.1996743530035019,0.544921875,0.1546570644718793,0.44879794120788574,0.1578100472688675,2.826004707674855,0.007692937273532152,0.00031618602224625647,0.18211756646633148,0.14233167469501495,0.4267578125,0.010548696844993141,0.3639090359210968,0.17152510583400726,2.109310608226649,0.006113467738032341,0.0001880757772596553,0.173182874917984,0.20249968767166138,0.55126953125,0.15515432098765433,0.4308182895183563,0.12961135804653168,3.2984749256253254,0.006785705219954252,0.00034207236603833735
A04_s22,A04,4,low,4_low,test,117,168.4188034188034,0.5208554563086992,0.9578232501429013,0.13534747064113617,0.06922605633735657,0.166748046875,0.004838820301783265,0.3687250316143036,0.1378684639930725,2.6552107009169306,0.006828241515904665,0.000761482457164675,0.11812037974596024,0.0775516927242279,0.231201171875,0.00018518518518518518,0.24674753844738007,0.1979154646396637,1.240464329379138,0.007129854056984186,0.0001712867378955707,0.07065434008836746,0.051653772592544556,0.144287109375,0.0,0.17345622181892395,0.11247334629297256,1.528607620075677,0.0046254307962954044,0.00010656607628334314,0.09626815468072891,0.04603850096464157,0.155517578125,0.0,0.16586841642856598,0.1367873102426529,1.203800379994793,0.004136982373893261,8.455639908788726e-05,0.0534186027944088,0.038182199001312256,0.10113525390625,0.0,0.11497790366411209,0.08156203478574753,1.3926243940388014,0.003461748594418168,8.534922380931675e-05
A04_s23,A04,4,low,4_low,test,122,167.81147540983608,0.5206577568605234,0.955353705503981,0.13549618422985077,0.0671410784125328,0.1778564453125,0.00453360768175583,0.3520589768886566,0.14097952842712402,2.479646050306212,0.006629465613514185,0.000737612193915993,0.12889760732650757,0.09525803476572037,0.247802734375,0.0013134430727023319,0.28887951374053955,0.2253492772579193,1.2762555164307796,0.007767355069518089,0.0002343229134567082,0.08295725286006927,0.0737210139632225,0.17152099311351776,8.573388203017832e-05,0.21708737313747406,0.14496465027332306,1.4872599134857079,0.005433373153209686,0.00016751288785599172,0.10823526233434677,0.0644361674785614,0.1859130859375,6.858710562414266e-06,0.2104421854019165,0.16562657058238983,1.262956950181374,0.004954837262630463,0.0001257066905964166,0.06562849879264832,0.06206217780709267,0.1231689453125,9.945130315500686e-05,0.1591203212738037,0.11411021649837494,1.3823301364049652,0.00443389592692256,0.00016008515376597643
A04_s24,A04,4,low,4_low,test,202,132.85148514851485,0.4996511900892754,0.9539820354643533,0.16366061568260193,0.08969530463218689,0.245361328125,0.014310699588477365,0.39326032996177673,0.17001207172870636,2.299605671029149,0.010198199190199375,0.0015126582002267241,0.2255709320306778,0.1546049416065216,0.441162109375,0.03711934156378601,0.3920237123966217,0.31802821159362793,1.2288057862919473,0.009016279131174088,0.00034444115590304136,0.18167434632778168,0.1571469008922577,0.42333984375,0.031402606310013716,0.3510216474533081,0.26565447449684143,1.3163913642014136,0.007889097556471825,0.00032225195900537074,0.1820618063211441,0.11964982748031616,0.351806640625,0.0009602194787379973,0.30779775977134705,0.24571433663368225,1.2475876512533626,0.006028730422258377,0.00019055137818213552,0.15845100581645966,0.14801406860351562,0.3916015625,0.01843621399176955,0.2842620611190796,0.23796921968460083,1.189534206515206,0.007502461317926645,0.0004111298476345837
A04_s25,A04,4,low,4_low,test,190,380.2631578947368,0.5220373705635779,0.9528718556371335,0.180192232131958,0.10219224542379379,0.32666015625,0.016224279835390945,0.3302174508571625,0.1522177904844284,2.155216113044801,0.011274045333266258,0.0015124487690627575,0.2495030164718628,0.1885853409767151,0.58349609375,0.16276406035665295,0.48527270555496216,0.2648402750492096,1.8254295947637487,0.009142554365098476,0.00035570477484725416,0.20248571038246155,0.20149119198322296,0.57666015625,0.15536008230452675,0.4559372365474701,0.196233868598938,2.311657930690333,0.0074738310649991035,0.0002876595826819539,0.1970861703157425,0.1419556438922882,0.450439453125,0.03732853223593964,0.37103283405303955,0.20004533231258392,1.8455182708552527,0.0057396432384848595,0.00017476564971730113,0.1819434016942978,0.20225705206394196,0.58203125,0.15444101508916325,0.425937682390213,0.16849666833877563,2.512956074976558,0.006386762484908104,0.00032030389411374927
A04_s26,A04,4,low,4_low,test,178,523.3314606741573,0.5250279848447669,0.9503384442302617,0.18137997388839722,0.09559006989002228,0.3115234375,0.010020576131687242,0.29827502369880676,0.14555932581424713,2.0351828315370923,0.010555356740951538,0.0012180913472548127,0.2708813548088074,0.19292394816875458,0.59033203125,0.19820644718792868,0.49036213755607605,0.250405490398407,1.9504830096549999,0.009181328117847443,0.0003228849673178047,0.22554749250411987,0.21012525260448456,0.5859375,0.19027091906721535,0.46526992321014404,0.18156471848487854,2.5485204757603883,0.007766469847410917,0.00027811049949377775,0.2111518681049347,0.1422242671251297,0.447509765625,0.01687928669410151,0.3700944781303406,0.18850119411945343,1.9529928550056992,0.005890308879315853,0.00016525365936104208,0.20608453452587128,0.21360257267951965,0.5859375,0.18539094650205762,0.44362369179725647,0.15279464423656464,2.8845197698489495,0.006656504236161709,0.00029582856222987175
A04_s27,A04,4,low,4_low,test,161,154.3913043478261,0.4962614611102427,0.955217805923088,0.14506898820400238,0.08097247034311295,0.212158203125,0.009948559670781893,0.38147157430648804,0.14364254474639893,2.6373400369533067,0.00879835244268179,0.0011412075255066156,0.1479138284921646,0.0978638231754303,0.26708984375,0.001831275720164609,0.27071812748908997,0.2183298021554947,1.2342970486845346,0.008052157238125801,0.00024039452546276152,0.09724884480237961,0.08252950757741928,0.1949462890625,0.000953360768175583,0.20341254770755768,0.13998234272003174,1.4428228654953072,0.0058855521492660046,0.00017409051361028105,0.12107820063829422,0.06747398525476456,0.211669921875,0.0,0.19367049634456635,0.16012845933437347,1.201963310172672,0.004957899916917086,0.00012341007823124528,0.07672119140625,0.0707470178604126,0.140625,0.0003497942386831276,0.1379178911447525,0.10849148780107498,1.2596220392522461,0.004693054128438234,0.00016576051712036133
A04_s28,A04,4,low,4_low,test,203,358.5665024630542,0.5476414200392004,0.9495431240921437,0.18125171959400177,0.09959801286458969,0.302978515625,0.01526406035665295,0.3176647126674652,0.165176123380661,1.9116146544096955,0.010736234486103058,0.0014788515400141478,0.2708989381790161,0.1997075080871582,0.57421875,0.17569615912208505,0.5073700547218323,0.3158547282218933,1.601270265301268,0.009549388661980629,0.00039214815478771925,0.23401020467281342,0.21106527745723724,0.56640625,0.16426954732510288,0.4841527044773102,0.2656843960285187,1.815451941273444,0.008426939137279987,0.0003753351338673383,0.21468454599380493,0.14914974570274353,0.442138671875,0.01972222222222222,0.3876734673976898,0.2433299422264099,1.5866801418814633,0.006291964557021856,0.00020248853252269328,0.21546593308448792,0.21051187813282013,0.56689453125,0.15219478737997255,0.4586375057697296,0.24107521772384644,1.8946074285593837,0.007862163707613945,0.00046328033204190433
A04_s29,A04,4,low,4_low,test,231,165.54112554112555,0.5653393153803588,0.9495885120405944,0.1613410860300064,0.09010293334722519,0.262939453125,0.012150205761316873,0.35214710235595703,0.15892396867275238,2.2019657545927034,0.010479923337697983,0.0013927046675235033,0.20739378035068512,0.15194399654865265,0.454833984375,0.05637174211248285,0.38577666878700256,0.2846347689628601,1.3505942227823233,0.009552274830639362,0.0003838276315946132,0.16041892766952515,0.15670239925384521,0.43896484375,0.049156378600823045,0.3379881680011749,0.226103737950325,1.488254535357335,0.007851867005228996,0.0003425442846491933,0.16610640287399292,0.11439693719148636,0.361083984375,0.002805212620027435,0.2917720377445221,0.2163771390914917,1.342238834147681,0.006183770019561052,0.0002032342308666557,0.13941851258277893,0.15330317616462708,0.4169921875,0.04159122085048011,0.29010212421417236,0.20070010423660278,1.4382844536057862,0.006946749519556761,0.00038057946949265897
A04_s30,A04,4,low,4_low,test,168,158.23214285714286,0.5308605036374068,0.9526176549105646,0.1473829746246338,0.08181668817996979,0.2252197265625,0.010054869684499314,0.37341880798339844,0.14665649831295013,2.5289696847067105,0.009121132083237171,0.0011773905716836452,0.1579728126525879,0.10899899154901505,0.291259765625,0.00790809327846365,0.2951144576072693,0.2351716160774231,1.2495763144988736,0.008515293709933758,0.00031827844213694334,0.10804061591625214,0.09822607040405273,0.21923828125,0.004506172839506173,0.2308667153120041,0.1615738868713379,1.4200725574994317,0.006315076723694801,0.00023160758428275585,0.13052313029766083,0.07741016894578934,0.23974609375,0.0002503429355281207,0.21771469712257385,0.17727509140968323,1.2212289187515089,0.0054594408720731735,0.00017352458962704986,0.08699250966310501,0.08857733011245728,0.1678466796875,0.002890946502057613,0.16746391355991364,0.13060839474201202,1.2724409707161013,0.005202766973525286,0.00023580847482662648
A04_s31,A04,4,low,4_low,test,214,321.2616822429907,0.5468611783005881,0.9478750285200828,0.17085778713226318,0.09315241873264313,0.281005859375,0.013045267489711933,0.30538150668144226,0.1509023904800415,2.010379861148837,0.010840417817234993,0.0014048540033400059,0.23744513094425201,0.16910995543003082,0.513671875,0.11445473251028807,0.4421694874763489,0.27004343271255493,1.6313602696482794,0.009816132485866547,0.0003908999788109213,0.19076526165008545,0.17928701639175415,0.504931628704071,0.10505144032921811,0.4083098769187927,0.20645196735858917,1.96821405030598,0.008347139693796635,0.00034712566412054,0.18849240243434906,0.12591953575611115,0.398193359375,0.004883401920438958,0.3364745080471039,0.20544886589050293,1.6298200844831203,0.006370284128934145,0.0002038360689766705,0.17057417333126068,0.17953194677829742,0.498779296875,0.09892661179698217,0.3788551390171051,0.17894332110881805,2.1054137307380145,0.007460577413439751,0.0003913548425771296
A04_s32,A04,4,low,4_low,test,194,426.12886597938143,0.557572247366938,0.9497123062167678,0.18186180293560028,0.10187270492315292,0.317626953125,0.016700960219478738,0.3164072334766388,0.14665307104587555,2.1429099390579665,0.012165360152721405,0.001559017924591899,0.25649359822273254,0.18192550539970398,0.578125,0.16824074074074075,0.4694191813468933,0.2476481795310974,1.8878850520125565,0.00989976804703474,0.0004240830603521317,0.20627260208129883,0.19598188996315002,0.572265625,0.158741426611797,0.4371984302997589,0.17538057267665863,2.47872213852731,0.008324011228978634,0.0003432541561778635,0.20172274112701416,0.13485056161880493,0.443359375,0.018377914951989024,0.3564680814743042,0.18760329484939575,1.8900416440707066,0.006442850921303034,0.00022185214038472623,0.18501661717891693,0.19921694695949554,0.576171875,0.15537379972565157,0.4087425172328949,0.14676377177238464,2.7661889807639857,0.0070874677039682865,0.0003703371330630034
A04_s33,A04,4,low,4_low,test,182,475.9065934065934,0.5327154929924287,0.9503044890248742,0.17478367686271667,0.097231425344944,0.293212890625,0.014272976680384087,0.2949596643447876,0.1408156156539917,2.079881421975728,0.011313513852655888,0.0015226599061861634,0.24250870943069458,0.1775081306695938,0.54248046875,0.15299382716049384,0.45407775044441223,0.23362532258033752,1.9353313847397375,0.009541969746351242,0.0003650598519016057,0.19522014260292053,0.19012226164340973,0.53564453125,0.14117969821673526,0.42369627952575684,0.15837810933589935,2.6584345948839836,0.00800316035747528,0.00031341781141236424,0.19070769846439362,0.13148626685142517,0.41796875,0.009588477366255144,0.34440791606903076,0.173495352268219,1.9737369023997673,0.006080013699829578,0.00018633344734553248,0.1760280877351761,0.19247867166996002,0.5341796875,0.13654663923182442,0.3993927836418152,0.129464253783226,3.0613196493303803,0.006920555140823126,0.00035419041523709893
A04_s34,A04,4,low,4_low,test,208,152.62019230769232,0.5006489613056743,0.9547808046865744,0.15650415420532227,0.08935077488422394,0.258544921875,0.01205761316872428,0.3779865801334381,0.15046808123588562,2.4954866863652194,0.010753422975540161,0.0014484525891020894,0.1794849932193756,0.11744388192892075,0.35888671875,0.013395061728395061,0.30084431171417236,0.24247300624847412,1.2356372328485092,0.00895919930189848,0.0003115010913461447,0.12553681433200836,0.11324441432952881,0.3046875,0.01045610425240055,0.23796848952770233,0.1692499816417694,1.3977592668903922,0.007011643145233393,0.0002473926870152354,0.143077090382576,0.08707713335752487,0.293212890625,8.916323731138545e-05,0.2209797352552414,0.18050086498260498,1.2175134001505725,0.005589910317212343,0.00015802914276719093,0.10227037221193314,0.10522782802581787,0.27197265625,0.005401234567901234,0.174734428524971,0.13865235447883606,1.2512100435188263,0.005836555268615484,0.0002579767315182835
A04_s35,A04,4,low,4_low,test,128,163.8125,0.4887319910751948,0.9582884781880637,0.13605020940303802,0.07269199192523956,0.16822509467601776,0.006210562414266118,0.37511327862739563,0.1365566998720169,2.7269720702546802,0.007275080773979425,0.0008762828074395657,0.11396987736225128,0.07551336288452148,0.22718505561351776,0.00040123456790123454,0.24693776667118073,0.19160403311252594,1.2821007051649387,0.00736582325771451,0.00019989864085800946,0.06731591373682022,0.04820703715085983,0.138671875,0.0,0.17501585185527802,0.10793686658143997,1.6065805575969834,0.004825907293707132,0.0001277763512916863,0.0925322026014328,0.042599186301231384,0.15087890625,0.0,0.1660774201154709,0.13275578618049622,1.2416466222355298,0.004292396828532219,9.877577394945547e-05,0.05047763139009476,0.03404182568192482,0.09722900390625,0.0,0.1166330948472023,0.07768475264310837,1.4822833005044422,0.0035595125518739223,0.00010135095362784341
A04_s36,A04,4,low,4_low,test,161,165.52173913043478,0.5217178247697956,0.9546891300380445,0.14526084065437317,0.08010825514793396,0.2244873046875,0.008244170096021948,0.3711910545825958,0.1433630883693695,2.571232430500939,0.008767125196754932,0.001076512853614986,0.14532659947872162,0.09375331550836563,0.2454833984375,0.007626886145404664,0.27187424898147583,0.21783705055713654,1.242359318448645,0.008374675177037716,0.000265083130216226,0.09141112864017487,0.07931896299123764,0.16796875,0.004982853223593964,0.20260053873062134,0.13801124691963196,1.457439906626785,0.0059241047129035,0.00018539195298217237,0.11529930680990219,0.0632251724600792,0.17626953125,0.0,0.18944288790225983,0.15640196204185486,1.203561159243269,0.00496597308665514,0.00013204652350395918,0.07171766459941864,0.07163359969854355,0.116455078125,0.004084362139917696,0.14452144503593445,0.1080988422036171,1.3246835815746443,0.004641855601221323,0.00017794633458834141
A04_s37,A04,4,low,4_low,test,154,663.7402597402597,0.537464439446637,0.949463457137771,0.18168304860591888,0.08918972313404083,0.2890625,0.008943758573388203,0.278030663728714,0.1498279869556427,1.8433625571789973,0.009717622771859169,0.0011284189531579614,0.28402090072631836,0.19557492434978485,0.5615234375,0.19911865569272977,0.4877150058746338,0.27125445008277893,1.7913940643627464,0.009288557805120945,0.00032402147189714015,0.24664512276649475,0.20881076157093048,0.55517578125,0.18359053497942388,0.4655701518058777,0.21186929941177368,2.1871174147347583,0.00829235091805458,0.0003096848668064922,0.2224879115819931,0.14582714438438416,0.4287109375,0.009674211248285323,0.37134307622909546,0.20662254095077515,1.7885489433304669,0.006208713166415691,0.00017530452169012278,0.2293083369731903,0.21014635264873505,0.55615234375,0.17569272976680383,0.4475659728050232,0.18360993266105652,2.424387281624513,0.007535681594163179,0.00033143817563541234
A04_s38,A04,4,low,4_low,test,172,293.9825581395349,0.5397206332011346,0.954316852773506,0.15629173815250397,0.08816789090633392,0.26953125,0.01044238683127572,0.32075145840644836,0.138616681098938,2.2973720323515714,0.009733415208756924,0.0012244944227859378,0.18212738633155823,0.1428353488445282,0.40087890625,0.06878257887517147,0.39659079909324646,0.21719278395175934,1.8176164761751676,0.009240605868399143,0.00034656672505661845,0.13040697574615479,0.1429613083600998,0.35595703125,0.05824759945130315,0.3473905026912689,0.1403273195028305,2.458056261969303,0.007120408117771149,0.00028816747362725437,0.14495089650154114,0.10417355597019196,0.32275390625,0.0056275720164609055,0.2958016097545624,0.1595228761434555,1.8427380374758016,0.005675178486853838,0.0001789061789168045,0.1120118722319603,0.14359059929847717,0.332275390625,0.06093964334705076,0.3155471086502075,0.11221115291118622,2.787244017360668,0.0058372411876916885,0.0002890701871365309
A04_s39,A04,4,low,4_low,test,157,292.1592356687898,0.5369440566282144,0.9500281075968744,0.15221649408340454,0.08439747244119644,0.264892578125,0.00820644718792867,0.32107195258140564,0.14032800495624542,2.2718211629804594,0.008698261342942715,0.001015257672406733,0.17520597577095032,0.1444990336894989,0.38720703125,0.06260631001371741,0.4040125608444214,0.22753667831420898,1.7678237201336902,0.00857240054756403,0.0003112449776381254,0.12651996314525604,0.14134569466114044,0.338623046875,0.05484910836762689,0.3551052510738373,0.1514269858598709,2.329674427862088,0.006632407661527395,0.0002650858659762889,0.14147654175758362,0.10463214665651321,0.312744140625,0.004348422496570645,0.3036278784275055,0.16842065751552582,1.79215381925714,0.005364702083170414,0.0001650852063903585,0.10858069360256195,0.14101076126098633,0.3125,0.0557716049382716,0.3220435678958893,0.12319821119308472,2.592980726551885,0.00545467808842659,0.00025998809724114835
A04_s40,A04,4,low,4_low,test,291,169.66666666666666,0.5368640518683462,0.9505467782694901,0.1818741112947464,0.09571965038776398,0.29052734375,0.015034293552812071,0.34732499718666077,0.17526279389858246,1.9704952446544308,0.01197670679539442,0.0016582567477598786,0.2745972275733948,0.17367172241210938,0.5205078125,0.13284979423868312,0.44535577297210693,0.3385196030139923,1.3117232967362797,0.010181677527725697,0.00042026888695545495,0.23128408193588257,0.18952664732933044,0.515625,0.1237962962962963,0.4089767336845398,0.29308897256851196,1.3906564741704595,0.009056992828845978,0.00037840200820937753,0.21612830460071564,0.1319730579853058,0.404052734375,0.005181755829903978,0.3394528329372406,0.2592586874961853,1.3042901130522917,0.006814020220190287,0.0002234258718090132,0.20917706191539764,0.18887171149253845,0.5029296875,0.10344650205761317,0.3679150640964508,0.2693186402320862,1.361042152996078,0.008479665033519268,0.0004580725508276373
A04_s41,A04,4,low,4_low,test,190,156.46842105263158,0.5256071475635054,0.9550270621341419,0.1499367654323578,0.0845823809504509,0.2440185546875,0.00983196159122085,0.37425655126571655,0.14260807633399963,2.606096821430023,0.009988629259169102,0.0012515682028606534,0.16013360023498535,0.09524263441562653,0.27734375,0.0019513031550068586,0.26834285259246826,0.22073602676391602,1.2101905879199994,0.00837799347937107,0.0002687026862986386,0.10522645711898804,0.07727420330047607,0.20751953125,0.00038751714677640606,0.19919230043888092,0.14062300324440002,1.4064967969584226,0.006321284919977188,0.0001945318654179573,0.13047443330287933,0.06671945750713348,0.2288818359375,5.829903978052126e-05,0.19573554396629333,0.16454283893108368,1.182386053242563,0.0054505206644535065,0.00014670590462628752,0.08212412148714066,0.06517294049263,0.155517578125,7.20164609053498e-05,0.13402949273586273,0.10871105641126633,1.2216589386710082,0.005155408754944801,0.00018770537280943245
A04_s42,A04,4,low,4_low,test,186,153.7258064516129,0.5210465979632752,0.9536384404902434,0.150175079703331,0.0813211053609848,0.2318115234375,0.008518518518518519,0.36125391721725464,0.15099145472049713,2.3768041294267377,0.009028253145515919,0.0011413971660658717,0.1721913069486618,0.13019679486751556,0.385009765625,0.021814128943758573,0.3321920335292816,0.25824666023254395,1.2813743993126305,0.008430148474872112,0.00028825426124967635,0.12503379583358765,0.1263594925403595,0.350341796875,0.016838134430727025,0.27525144815444946,0.19121789932250977,1.431976153753627,0.006590448785573244,0.0002473057829774916,0.13945510983467102,0.09767968207597733,0.3134765625,0.0005829903978052126,0.24765975773334503,0.1941593587398529,1.269012971412122,0.005379448179155588,0.0001527054118923843,0.10523627698421478,0.12022556364536285,0.322265625,0.01301440329218107,0.2205628752708435,0.1641320288181305,1.335675924588574,0.00559618603438139,0.00025108212139457464
A04_s43,A04,4,low,4_low,test,206,234.61650485436894,0.5594797531264787,0.9473782008384767,0.15846844017505646,0.08672851324081421,0.272216796875,0.007997256515775035,0.3230205774307251,0.14879466593265533,2.15642242946053,0.009901474229991436,0.0011198351858183742,0.19342097640037537,0.14228223264217377,0.41650390625,0.05059327846364883,0.3846365809440613,0.2536607086658478,1.5103884025107341,0.0096990205347538,0.0003788502071984112,0.14250224828720093,0.1374169886112213,0.370849609375,0.03638888888888889,0.32727229595184326,0.18296678364276886,1.7789749294489405,0.007676214911043644,0.0002994474198203534,0.1584848314523697,0.1053658053278923,0.33251953125,0.003453360768175583,0.29543259739875793,0.19481933116912842,1.508699859380042,0.006445966195315123,0.00020998412219341844,0.12138429284095764,0.13359883427619934,0.344482421875,0.034156378600823045,0.2836892306804657,0.15415510535240173,1.8284234349628787,0.006936419289559126,0.0003500287712085992
A04_s44,A04,4,low,4_low,test,162,163.35185185185185,0.5170410991877228,0.9567791778051972,0.14655259251594543,0.0823289081454277,0.2254638671875,0.009869684499314128,0.37815579771995544,0.14584410190582275,2.575219520648385,0.008755741640925407,0.001120932400226593,0.14649194478988647,0.10419923067092896,0.2509765625,0.011385459533607681,0.2795010507106781,0.22645670175552368,1.2288099165840056,0.007707057986408472,0.00020310658146627247,0.09531379491090775,0.09372487664222717,0.1763916015625,0.008034979423868313,0.21345272660255432,0.14801813662052155,1.4323942806110714,0.00536121241748333,0.00013870757538825274,0.11614101380109787,0.07250787317752838,0.18212890625,0.00022290809327846366,0.19447819888591766,0.16077783703804016,1.2021312835341493,0.0044785537756979465,9.618528565624729e-05,0.07641956955194473,0.08813387900590897,0.12286376953125,0.007194787379972565,0.15794715285301208,0.11946317553520203,1.3111654424787798,0.004360540769994259,0.00014679580635856837
A04_s45,A04,4,low,4_low,test,158,311.13291139240505,0.5317971865952877,0.9529867024761914,0.15289804339408875,0.08605758845806122,0.260009765625,0.009111796982167353,0.3141821324825287,0.14133226871490479,2.2073851229888257,0.00889327097684145,0.001122462679632008,0.17973379790782928,0.15391987562179565,0.443603515625,0.0737997256515775,0.4201105237007141,0.23503413796424866,1.7798718749927052,0.00872005708515644,0.0002888250455725938,0.13433077931404114,0.1538500040769577,0.41748046875,0.06550754458161866,0.37722936272621155,0.16306594014167786,2.2992545704517227,0.00667028222233057,0.00023580368724651635,0.14463986456394196,0.1129615381360054,0.35107421875,0.006553497942386831,0.31726598739624023,0.17513810098171234,1.8012342907522354,0.00546193215996027,0.00014856853522360325,0.11667140573263168,0.1532144397497177,0.4013671875,0.06503772290809327,0.3465602397918701,0.1350022852420807,2.5481942393467985,0.005633004009723663,0.00025102749350480735
A04_s46,A04,4,low,4_low,test,145,388.73793103448276,0.5147956616877711,0.9529565924207857,0.15789133310317993,0.08647989481687546,0.280029296875,0.006882716049382716,0.311487078666687,0.13912580907344818,2.2229101171749046,0.008913373574614525,0.0009849563939496875,0.19360409677028656,0.16137437522411346,0.48388671875,0.09445130315500685,0.4348839819431305,0.22206450998783112,1.9495884036723494,0.00877880584448576,0.0002878941595554352,0.14528189599514008,0.16470171511173248,0.460693359375,0.0881721536351166,0.392892986536026,0.14722970128059387,2.650568564476108,0.006797848269343376,0.000238760796491988,0.15360486507415771,0.11800699681043625,0.37890625,0.009396433470507545,0.32577750086784363,0.16437628865242004,1.9699166278458888,0.005446113646030426,0.00014986138558015227,0.12686701118946075,0.16538113355636597,0.4443603456020355,0.08726680384087791,0.36424899101257324,0.1171400249004364,3.0831971748740314,0.005491896066814661,0.00022833634284324944
A04_s47,A04,4,low,4_low,test,176,503.1875,0.5421757230927284,0.9507476848367712,0.18069876730442047,0.0961889773607254,0.306884765625,0.011903292181069959,0.3005557358264923,0.14761264622211456,2.022410228650969,0.010968136601150036,0.0012777559459209442,0.26625216007232666,0.18832449615001678,0.5732421875,0.1809670781893004,0.48314058780670166,0.2561497390270233,1.8788297807913756,0.009942634962499142,0.0004120345984119922,0.221271812915802,0.20231033861637115,0.5693359375,0.17046296296296296,0.45617809891700745,0.18829943239688873,2.409822856523816,0.008689386770129204,0.0003785813751164824,0.20977483689785004,0.13951298594474792,0.437744140625,0.015953360768175582,0.36728498339653015,0.19544784724712372,1.8696309913465226,0.006538562476634979,0.00021321735403034836,0.20059020817279816,0.20388910174369812,0.5703125,0.16200274348422497,0.43038466572761536,0.15951849520206451,2.6812154274548665,0.007657780312001705,0.0004041814536321908
A04_s48,A04,4,low,4_low,test,181,160.9889502762431,0.5513222833818558,0.9527197076640155,0.14747826755046844,0.0809975415468216,0.234619140625,0.007198216735253772,0.3629680871963501,0.14388971030712128,2.5051336387309373,0.009179388172924519,0.0011141513241454959,0.15491051971912384,0.0992487370967865,0.25390625,0.008305898491083676,0.28069615364074707,0.22207011282444,1.2583315177755783,0.008478980511426926,0.0002657187287695706,0.09938310831785202,0.08818016946315765,0.177734375,0.004382716049382716,0.20987826585769653,0.14367236196994781,1.4507143105971663,0.006091487128287554,0.00020138722902629524,0.12156043946743011,0.07004518806934357,0.1878662109375,0.00010288065843621399,0.19714882969856262,0.1604355126619339,1.2212234250552843,0.004972370807081461,0.00013081102224532515,0.07904154062271118,0.08235465735197067,0.12371826171875,0.003885459533607682,0.15569782257080078,0.11432411521673203,1.3500890275914388,0.004824851639568806,0.00019536343461368233
A04_s49,A04,4,low,4_low,test,171,150.28654970760235,0.5275175870007551,0.9579891996422703,0.14298613369464874,0.07734992355108261,0.21337890625,0.006183127572016461,0.3655915856361389,0.13964614272117615,2.5993715758057134,0.008725857362151146,0.0010817849542945623,0.13875478506088257,0.09165933728218079,0.250244140625,0.0013511659807956104,0.26354846358299255,0.20397016406059265,1.2857893966708402,0.008195712231099606,0.00026595729286782444,0.08793818950653076,0.07282649725675583,0.176513671875,2.400548696844993e-05,0.19133353233337402,0.12637166678905487,1.5021671393391505,0.0058954376727342606,0.00019537549815140665,0.11192357540130615,0.06274536997079849,0.1878662109375,0.0,0.1842576116323471,0.14791133999824524,1.237364539426738,0.004982103127986193,0.0001373998384224251,0.06826654076576233,0.06112362816929817,0.1220703125,1.3717421124828532e-05,0.13103942573070526,0.09598320722579956,1.3511558287159433,0.004559101536870003,0.0001717320701573044
B06_s01,B06,4,high,4_high,test,295,150.32203389830508,0.5234900017139847,0.9532506742637906,0.18341465294361115,0.10060577094554901,0.323486328125,0.020318930041152265,0.38375476002693176,0.1641267091035843,2.3240017445403196,0.014835759066045284,0.0020141249988228083,0.259062796831131,0.12155159562826157,0.436279296875,0.047674897119341565,0.3400563597679138,0.2876092493534088,1.1782587028300913,0.01014166884124279,0.00044952749158255756,0.19847281277179718,0.132900208234787,0.416015625,0.036944444444444446,0.28719234466552734,0.21958385407924652,1.3019644881277266,0.009354346431791782,0.00039358463254757226,0.2085801512002945,0.09349458664655685,0.3486328125,0.003021262002743484,0.26641324162483215,0.2256542593240738,1.1754168768737336,0.007411296479403973,0.00027053686790168285,0.16663403809070587,0.1325347125530243,0.39111328125,0.03248285322359396,0.21613359451293945,0.18806859850883484,1.143149080373809,0.008523679338395596,0.00046327916788868606
B06_s02,B06,4,high,4_high,test,172,582.8662790697674,0.5728789367370075,0.9448952932384299,0.18938809633255005,0.09882760792970657,0.324462890625,0.011433470507544582,0.3034106194972992,0.15309692919254303,1.9689595444059094,0.010730422101914883,0.0011277279118075967,0.29556161165237427,0.2024025321006775,0.60791015625,0.22910836762688613,0.5143508911132812,0.27444660663604736,1.8673342808426843,0.010320018045604229,0.0004033273144159466,0.2525778114795685,0.2175987809896469,0.60302734375,0.21,0.4882466495037079,0.2093212902545929,2.321432361472715,0.009227360598742962,0.0003860322176478803,0.23209702968597412,0.14944273233413696,0.46142578125,0.03419410150891632,0.39153721928596497,0.21163424849510193,1.8413647945099687,0.006882800720632076,0.00020658838911913335,0.23173381388187408,0.21889376640319824,0.599609375,0.2000514403292181,0.46338093280792236,0.18068185448646545,2.5505075017959062,0.00845652911812067,0.0004274256934877485
B06_s03,B06,4,high,4_high,test,162,268.179012345679,0.5418071131173132,0.9491500560691858,0.15324771404266357,0.08259258419275284,0.247802734375,0.009320987654320987,0.31700098514556885,0.14616675674915314,2.154025760626766,0.008587487041950226,0.0010573171311989427,0.1851034313440323,0.1488022655248642,0.43798828125,0.060154320987654324,0.403889000415802,0.24681530892848969,1.62979842594127,0.008874800987541676,0.00030222281930036843,0.1391589492559433,0.14969997107982635,0.41552734375,0.05141289437585734,0.36019977927207947,0.179874449968338,1.9914353814766665,0.006796638015657663,0.00023508576850872487,0.1489763855934143,0.10988111793994904,0.346435546875,0.0024588477366255146,0.30372658371925354,0.1841350793838501,1.6405674425942884,0.00554700568318367,0.00015654343587812036,0.1210116446018219,0.1477634608745575,0.393798828125,0.04984910836762688,0.3270437717437744,0.15322047472000122,2.1206248543687,0.005841066129505634,0.0002526167663745582
B06_s04,B06,4,high,4_high,test,162,586.6234567901234,0.5318864532065627,0.950423758140761,0.17975038290023804,0.0984201654791832,0.299072265625,0.01643347050754458,0.29093506932258606,0.15005774796009064,1.9259857455272729,0.010666639544069767,0.0014301483752205968,0.2674580514431,0.1998850405216217,0.56591796875,0.19141289437585735,0.4951608180999756,0.2726392149925232,1.8095389511825093,0.00994012039154768,0.0004032333963550627,0.22873161733150482,0.21247799694538116,0.55908203125,0.17905006858710562,0.4737185835838318,0.2083401381969452,2.262913303029168,0.008664351888000965,0.00038290309021249413,0.2107115089893341,0.14894643425941467,0.4345703125,0.01907750342935528,0.3787481486797333,0.20697824656963348,1.8210950179971062,0.0065710400231182575,0.00021489549544639885,0.2116120308637619,0.2127513289451599,0.55419921875,0.1682201646090535,0.4527912437915802,0.182186558842659,2.4717492738126476,0.007953646592795849,0.00044251870713196695
B06_s05,B06,4,high,4_high,test,162,152.74074074074073,0.5103776259183963,0.9528762691667642,0.1469869613647461,0.07896652817726135,0.2174072265625,0.009015775034293553,0.3703666627407074,0.15218719840049744,2.4177389926043893,0.008274859748780727,0.0010230717016384006,0.16228747367858887,0.12101055681705475,0.354248046875,0.010963648834019204,0.31161391735076904,0.25864675641059875,1.2001456196047786,0.00826528575271368,0.0002699213509913534,0.11456302553415298,0.11114351451396942,0.301025390625,0.0064471879286694105,0.2497863620519638,0.18692521750926971,1.3291795819772974,0.006297803483903408,0.0002093528164550662,0.133930042386055,0.08881950378417969,0.292724609375,0.0001748971193415638,0.23333735764026642,0.1954387128353119,1.1878379483981307,0.005352451000362635,0.00014259887393563986,0.09514758735895157,0.10360763221979141,0.26904296875,0.005833333333333334,0.18846732378005981,0.15879784524440765,1.1794109206654368,0.005412631202489138,0.00022811669623479247
B06_s06,B06,4,high,4_high,test,163,324.82208588957053,0.5342918178654222,0.9503164489846672,0.1608307957649231,0.09193555265665054,0.27294921875,0.013765432098765433,0.3235280513763428,0.14921878278255463,2.1537123746013678,0.009431205689907074,0.0012058948632329702,0.20133145153522491,0.16754399240016937,0.49267578125,0.09608367626886145,0.4418520927429199,0.26018643379211426,1.6917114963735163,0.008880695328116417,0.00031307784956879914,0.15653455257415771,0.17122504115104675,0.479248046875,0.08870713305898491,0.4054374396800995,0.1919008046388626,2.101792371675874,0.0070034959353506565,0.00026117678498849273,0.16148823499679565,0.12497444450855255,0.388671875,0.009338134430727023,0.3363431990146637,0.19598989188671112,1.7074134910845815,0.005619054660201073,0.00015715602785348892,0.1387030929327011,0.17102555930614471,0.469970703125,0.0878395061728395,0.37493669986724854,0.16613374650478363,2.2433333046627855,0.0061250790022313595,0.00029194389935582876
B06_s07,B06,4,high,4_high,test,120,177.5,0.5194637970562764,0.9548748697329493,0.13552412390708923,0.07142946869134903,0.17431640625,0.0060836762688614545,0.36505505442619324,0.13931965827941895,2.6015959481547344,0.0069416058249771595,0.0007796891732141376,0.12485264241695404,0.08675138652324677,0.240966796875,0.0010459533607681756,0.26896044611930847,0.21527311205863953,1.2436148144314096,0.0074236649088561535,0.00018884430755861104,0.07619326561689377,0.059966109693050385,0.155517578125,3.429355281207133e-05,0.19470734894275665,0.12896810472011566,1.4981163983429318,0.004875197075307369,0.00011955274385400116,0.10189425200223923,0.05455158278346062,0.1728515625,0.0,0.18938606977462769,0.15366074442863464,1.2245257869039703,0.004520409274846315,0.00010076608305098489,0.05811344087123871,0.04754955694079399,0.1119384765625,2.05761316872428e-05,0.1360057145357132,0.09762049466371536,1.379081650314949,0.003937101922929287,0.00011802655353676528
B06_s08,B06,4,high,4_high,test,142,163.17605633802816,0.5193023158907769,0.9558848330738898,0.13667285442352295,0.07221822440624237,0.1885986328125,0.00443758573388203,0.35861051082611084,0.13584156334400177,2.6206256495667986,0.0076658474281430244,0.0008779902127571404,0.12530508637428284,0.0781693309545517,0.23388671875,0.0002914951989026063,0.24647262692451477,0.19607755541801453,1.2506377319412656,0.007946520112454891,0.00022386512137018144,0.0743536725640297,0.05127113312482834,0.145751953125,7.20164609053498e-05,0.16790643334388733,0.11205003410577774,1.485240006091303,0.005128284450620413,0.00013715436216443777,0.09902560710906982,0.04618566855788231,0.1578369140625,7.20164609053498e-05,0.16375310719013214,0.1363464593887329,1.1922630398986862,0.004548626020550728,0.00010742574522737414,0.05570409446954727,0.03903928026556969,0.103271484375,6.858710562414266e-06,0.1135011687874794,0.08104923367500305,1.3833300288587391,0.003970179241150618,0.00012671326112467796
B06_s09,B06,4,high,4_high,test,166,249.97590361445782,0.5305452137547967,0.9515743802311092,0.15158545970916748,0.08469139039516449,0.2474365234375,0.009794238683127572,0.32614341378211975,0.14579124748706818,2.2218178492614276,0.008998002856969833,0.0011338142212480307,0.1758093237876892,0.14419759809970856,0.413330078125,0.05687928669410151,0.3925008177757263,0.24732327461242676,1.5806042280504162,0.008663389831781387,0.0002772092120721936,0.12812867760658264,0.14295969903469086,0.38037109375,0.04792866941015089,0.34505701065063477,0.17494721710681915,1.9611393480645252,0.006555346772074699,0.0002238913584733382,0.13922877609729767,0.1065371036529541,0.330810546875,0.0043621399176954736,0.2928200364112854,0.18193034827709198,1.6007187389581694,0.0052908631041646,0.00013496035535354167,0.10973504185676575,0.14094369113445282,0.355224609375,0.04768175582990398,0.30940374732017517,0.14776481688022614,2.079818022895044,0.005544560495764017,0.0002331140567548573
B06_s10,B06,4,high,4_high,test,170,158.19411764705882,0.5278751779974183,0.9552763683461588,0.14645203948020935,0.08371514081954956,0.22412109375,0.011286008230452674,0.3842785954475403,0.14159046113491058,2.694981083509919,0.009320048615336418,0.001224577659741044,0.13977229595184326,0.0825648084282875,0.2412109375,0.0013031550068587105,0.2504025995731354,0.20790641009807587,1.1986353097330913,0.008179189637303352,0.0002503384312149137,0.08502896130084991,0.061993308365345,0.16015625,0.0001989026063100137,0.1803431361913681,0.12380186468362808,1.445035590201611,0.005531395319849253,0.00015518185682594776,0.11022191494703293,0.05248881131410599,0.1689453125,0.00015775034293552813,0.17052020132541656,0.1462530642747879,1.1580078293461522,0.004685991909354925,0.00012145273649366572,0.06457094103097916,0.04963599517941475,0.11187744140625,1.3717421124828532e-05,0.11892843246459961,0.09318027645349503,1.2627742977939218,0.004261280409991741,0.00014243702753446996
B06_s11,B06,4,high,4_high,test,224,532.9375,0.5610018514315659,0.9439953199249805,0.21234260499477386,0.0984293594956398,0.323974609375,0.0194718792866941,0.3004058003425598,0.17444077134132385,1.7122918352776377,0.012327824719250202,0.001575510366819799,0.3712317943572998,0.19394658505916595,0.6064453125,0.3364849108367627,0.5351081490516663,0.3495654761791229,1.5264142803903784,0.010339048691093922,0.0004446313250809908,0.3396512269973755,0.21549451351165771,0.6044921875,0.32003086419753085,0.5223729014396667,0.3049319386482239,1.707480767610595,0.010043096728622913,0.00045050971675664186,0.2883979380130768,0.1436023712158203,0.458740234375,0.02592935528120713,0.40769028663635254,0.2699434757232666,1.5047060481823706,0.007217630743980408,0.0002394514303887263,0.32061663269996643,0.2183220386505127,0.59765625,0.30061728395061726,0.5027806758880615,0.28121721744537354,1.78153792472063,0.009733918122947216,0.000542395981028676
B06_s12,B06,4,high,4_high,test,186,163.09139784946237,0.5142205779282661,0.9540062591409204,0.15028487145900726,0.08806619048118591,0.25,0.013127572016460906,0.3840275704860687,0.1417689174413681,2.689854187931207,0.01029911171644926,0.001362045994028449,0.1503017097711563,0.08198431879281998,0.2447509765625,0.0023353909465020574,0.25664401054382324,0.20903019607067108,1.2219386323739254,0.008676569908857346,0.0003108689852524549,0.09253541380167007,0.06124812364578247,0.167236328125,1.02880658436214e-05,0.18599940836429596,0.12481699138879776,1.4783329843703177,0.006150509230792522,0.00020660214067902416,0.12005363404750824,0.05150098726153374,0.177978515625,4.458161865569273e-05,0.17813371121883392,0.15015912055969238,1.1784516247465817,0.005253802519291639,0.00015961243479978293,0.07067915052175522,0.04883386194705963,0.11578369140625,6.858710562414266e-06,0.12366392463445663,0.09364786744117737,1.3065685258182118,0.004764612298458815,0.0001915918110171333
B06_s13,B06,4,high,4_high,test,247,192.085020242915,0.5284856291986799,0.9511138066641779,0.17371729016304016,0.09942799806594849,0.295654296875,0.019530178326474624,0.3602093458175659,0.16147488355636597,2.2170155653172183,0.012144062668085098,0.001741116284392774,0.2340450882911682,0.15289172530174255,0.483154296875,0.08582304526748971,0.3984338641166687,0.2876374423503876,1.3803956301448765,0.009396242909133434,0.00037601502845063806,0.1826033592224121,0.16342152655124664,0.4697265625,0.07521604938271605,0.35524073243141174,0.2247365415096283,1.5736961772148872,0.007860780693590641,0.0003076608991250396,0.18542607128620148,0.1149139404296875,0.380859375,0.005099451303155007,0.30061155557632446,0.21693341434001923,1.3793734039669152,0.006025312002748251,0.0001966309209819883,0.15923674404621124,0.1621975302696228,0.45263671875,0.07017489711934156,0.30813834071159363,0.19846542179584503,1.5448208413134206,0.007024960592389107,0.0003659157664515078
B06_s14,B06,4,high,4_high,test,181,196.67403314917127,0.5339998143633574,0.9521495146321092,0.1518571376800537,0.08593658357858658,0.256103515625,0.010558984910836762,0.3527868986129761,0.14567174017429352,2.405282014065907,0.009509415365755558,0.0011797749903053045,0.1699780970811844,0.12264816462993622,0.309814453125,0.032839506172839504,0.34462451934814453,0.2372327446937561,1.4465875368692627,0.008761309087276459,0.00030200695618987083,0.11667212098836899,0.11709454655647278,0.239501953125,0.027366255144032924,0.2865540385246277,0.1607426404953003,1.7716666282133189,0.006634358316659927,0.0002383547107456252,0.1363571584224701,0.08912402391433716,0.25439453125,0.0024279835390946503,0.2545643150806427,0.17580486834049225,1.4398037648510937,0.005446520168334246,0.0001617661619093269,0.09653841704130173,0.11355872452259064,0.1981201171875,0.026550068587105624,0.23906394839286804,0.1319914013147354,1.7975895135287954,0.005439448170363903,0.00024134972773026675
B06_s15,B06,4,high,4_high,test,195,158.0102564102564,0.5063382472782946,0.9563361775320685,0.150492325425148,0.08493250608444214,0.2452392578125,0.010294924554183814,0.3688308000564575,0.14561474323272705,2.5156460525323747,0.009841110557317734,0.0012852894142270088,0.15903550386428833,0.10252145677804947,0.2685546875,0.006793552812071331,0.28177663683891296,0.2253090739250183,1.245096504315476,0.008295364677906036,0.00027099973522126675,0.10481513291597366,0.09135684370994568,0.197998046875,0.001724965706447188,0.21462960541248322,0.14837124943733215,1.4368869927845775,0.006067335139960051,0.00019519882334861904,0.12713155150413513,0.07282574474811554,0.2144775390625,0.0002297668038408779,0.20261117815971375,0.1654983013868332,1.2168963675429807,0.005015604197978973,0.00013939222844783217,0.08331246674060822,0.0832626074552536,0.1395263671875,0.0010631001371742112,0.1540929526090622,0.11832734942436218,1.291346479683074,0.004895191639661789,0.00020130042685195804
B06_s16,B06,4,high,4_high,test,177,165.4463276836158,0.5278122140826857,0.9569553050434116,0.14725111424922943,0.08386734873056412,0.2393798828125,0.00916323731138546,0.37506988644599915,0.13960620760917664,2.6675201104102624,0.009649532847106457,0.001192851341329515,0.14190731942653656,0.07569076865911484,0.2403564453125,0.0003497942386831276,0.24661095440387726,0.19838938117027283,1.2368309333047107,0.008167918771505356,0.00024297897471114993,0.08608603477478027,0.05248323082923889,0.1610107421875,0.0,0.1747848242521286,0.11483829468488693,1.5088691069528688,0.005617789924144745,0.00014890695456415415,0.11316116899251938,0.04527677968144417,0.1732177734375,3.08641975308642e-05,0.1683834195137024,0.1413160264492035,1.1831655486376516,0.004783046431839466,0.00011849001748487353,0.0647716373205185,0.03808217495679855,0.1107177734375,0.0,0.11353405565023422,0.08352301269769669,1.3432324762996541,0.004195783752948046,0.0001280182332266122
B06_s17,B06,4,high,4_high,test,216,538.8564814814815,0.5436091682543316,0.943932029944761,0.2250223457813263,0.10050928592681885,0.343017578125,0.0191838134430727,0.3186096251010895,0.18951290845870972,1.6723781484347158,0.011928181163966656,0.0014511115150526166,0.40938201546669006,0.1968124955892563,0.64208984375,0.40838820301783263,0.5757056474685669,0.39173009991645813,1.4659066050476688,0.009816118516027927,0.0004027166869491339,0.38266968727111816,0.2194014936685562,0.6435546875,0.3960699588477366,0.5683854818344116,0.35789424180984497,1.58371301519951,0.0096117053180933,0.0004089559952262789,0.315738320350647,0.14500726759433746,0.482421875,0.053943758573388206,0.43612563610076904,0.30190929770469666,1.4397895323964063,0.006880917586386204,0.00021110111265443265,0.36271896958351135,0.22137662768363953,0.62548828125,0.37563786008230454,0.5457892417907715,0.337848037481308,1.6107197959524233,0.00950608216226101,0.0005300384946167469
B06_s18,B06,4,high,4_high,test,247,242.75708502024293,0.5372141517532193,0.9516451413304822,0.17528289556503296,0.0951567068696022,0.301513671875,0.013415637860082305,0.33128821849823,0.1519094854593277,2.1665642095587923,0.012293729931116104,0.0014980254927650094,0.24605561792850494,0.14871075749397278,0.48974609375,0.09317215363511659,0.41126060485839844,0.2630437910556793,1.5575469630023426,0.009431891143321991,0.00034786638570949435,0.1886952668428421,0.16232338547706604,0.478515625,0.08770233196159122,0.3698624074459076,0.19161182641983032,1.920247652082014,0.008390208706259727,0.00032770505640655756,0.1927083134651184,0.11100562661886215,0.384033203125,0.006728395061728395,0.3088539242744446,0.19935336709022522,1.5415459633146982,0.0061998250894248486,0.0001843231584643945,0.16378703713417053,0.1634647101163864,0.46435546875,0.08315157750342936,0.3294913172721863,0.16314241290092468,2.0073502725408647,0.007147226016968489,0.00034003856126219034
B06_s19,B06,4,high,4_high,test,155,973.9032258064516,0.5558676200050834,0.9448265483868278,0.24245455861091614,0.1094471886754036,0.379638671875,0.012637174211248286,0.3320091962814331,0.1732855588197708,1.9049724976052935,0.011628150008618832,0.0011407238198444247,0.42846232652664185,0.2300063818693161,0.68896484375,0.5028532235939643,0.6101280450820923,0.32700106501579285,1.8601404390339873,0.008959225378930569,0.0003321343392599374,0.4012395739555359,0.26001259684562683,0.697265625,0.4955349794238683,0.6064991354942322,0.2735261023044586,2.2092585382704497,0.008465828374028206,0.00033321313094347715,0.3250226378440857,0.16883255541324615,0.5146484375,0.1820233196159122,0.4566243290901184,0.24725334346294403,1.8393481542707892,0.006090974435210228,0.0001734137040330097,0.3781774044036865,0.25886422395706177,0.66162109375,0.48595679012345677,0.5798293352127075,0.24884732067584991,2.3207346536446307,0.007975077256560326,0.0004053183365613222
B06_s20,B06,4,high,4_high,test,249,150.77911646586347,0.5014640830117044,0.9551927966420778,0.16564257442951202,0.09777043759822845,0.2998046875,0.01856652949245542,0.3900418281555176,0.15217190980911255,2.5464318401565893,0.012890425510704517,0.0017453450709581375,0.19585518538951874,0.10279840230941772,0.2998046875,0.016803840877914953,0.28701281547546387,0.2448437213897705,1.1674604250739526,0.008827325887978077,0.0002946193562820554,0.13282665610313416,0.10086390376091003,0.228759765625,0.013004115226337449,0.22450946271419525,0.16677537560462952,1.3381550296347555,0.007144400384277105,0.000221642418182455,0.15421943366527557,0.0744711235165596,0.24560546875,0.00037722908093278465,0.2091645449399948,0.18234165012836456,1.1408457641433392,0.005552814342081547,0.00015129780513234437,0.10568040609359741,0.0941321849822998,0.1756591796875,0.01049039780521262,0.15709827840328217,0.13497444987297058,1.155351454262516,0.005670581478625536,0.00021657692559529096
B06_s21,B06,4,high,4_high,test,225,201.42666666666668,0.5327907094324955,0.9491073151382465,0.1619054079055786,0.09235762059688568,0.2724609375,0.01284636488340192,0.3410135805606842,0.15246684849262238,2.222066745425334,0.010658372193574905,0.0014086725423112512,0.20173603296279907,0.14605200290679932,0.4658203125,0.06930041152263375,0.38443925976753235,0.2623736560344696,1.459672412024451,0.009229375049471855,0.0003463139000814408,0.14925645291805267,0.15156228840351105,0.447021484375,0.05935871056241426,0.3355019688606262,0.1949893981218338,1.711837334446359,0.007254165597259998,0.0002887163427658379,0.15899807214736938,0.108202263712883,0.36474609375,0.004451303155006859,0.286049485206604,0.19529317319393158,1.4572564116837419,0.00563763128593564,0.00017081429541576654,0.12874586880207062,0.1508108526468277,0.43505859375,0.055946502057613166,0.2951223850250244,0.16918322443962097,1.7341449840123955,0.00626880070194602,0.0003328061429783702
B06_s22,B06,4,high,4_high,test,173,148.4277456647399,0.5081041232531215,0.9558846692116316,0.14328031241893768,0.07815902680158615,0.212890625,0.007006172839506173,0.3697566092014313,0.14110161364078522,2.602057779133521,0.00869945902377367,0.0010749780340120196,0.13891008496284485,0.08351898193359375,0.24267578125,0.00031550068587105626,0.25096577405929565,0.2127058058977127,1.1743516887857361,0.00785527192056179,0.0002006570139201358,0.08433745056390762,0.060545723885297775,0.1602783203125,0.0,0.1764625757932663,0.1276310682296753,1.3718503486124065,0.005243084859102964,0.00012364867143332958,0.10954917222261429,0.05383860692381859,0.171630859375,0.0,0.17114225029945374,0.15084119141101837,1.1271134578771145,0.004544271621853113,9.683758253231645e-05,0.06403798609972,0.048811715096235275,0.1124267578125,0.0,0.11851876974105835,0.09641528874635696,1.2166341779230274,0.004123969003558159,0.00011793914745794609
B06_s23,B06,4,high,4_high,test,158,160.08227848101265,0.5287015735136894,0.9570967108235756,0.14058609306812286,0.0766831710934639,0.2047119140625,0.006056241426611797,0.36541521549224854,0.1398620754480362,2.594134825360071,0.008300614543259144,0.0010063701774924994,0.1341782510280609,0.0867045521736145,0.24169921875,0.0012688614540466393,0.26336050033569336,0.21177753806114197,1.2377269834751838,0.008138427510857582,0.00025357125559821725,0.0823015496134758,0.06287024915218353,0.159423828125,1.7146776406035666e-05,0.18928921222686768,0.12792713940143585,1.4681874825244092,0.005599230527877808,0.00017385874525643885,0.10777780413627625,0.05651748180389404,0.17041015625,5.486968449931413e-05,0.18323613703250885,0.15232297778129578,1.1950989974502195,0.004910905379801989,0.0001331569510512054,0.06331733614206314,0.05176033079624176,0.112060546875,0.0,0.13145752251148224,0.09780341386795044,1.3304957527800974,0.004406352527439594,0.00016416945436503738
B06_s24,B06,4,high,4_high,test,227,256.91189427312776,0.5317635334468909,0.9488289083413023,0.1715550273656845,0.09348554909229279,0.296875,0.011128257887517147,0.3248485028743744,0.1580868661403656,2.041956767114602,0.010630042292177677,0.0013373458059504628,0.23961178958415985,0.1732688546180725,0.51318359375,0.11158093278463649,0.45358991622924805,0.28769543766975403,1.5711710579511164,0.009197842329740524,0.000352259143255651,0.1921803504228592,0.18486744165420532,0.5048828125,0.10386831275720165,0.41908490657806396,0.22628991305828094,1.8438341628939934,0.007824091240763664,0.0003276619827374816,0.18800155818462372,0.12986093759536743,0.40185546875,0.010936213991769547,0.3427322804927826,0.2178129404783249,1.566325463857714,0.005956909153610468,0.0001864665828179568,0.17126144468784332,0.18346762657165527,0.4914794862270355,0.09378943758573388,0.3854781687259674,0.19962961971759796,1.921342268746551,0.0070176818408071995,0.00038001182838343084
B06_s25,B06,4,high,4_high,test,264,191.01136363636363,0.5308670138003097,0.9526473141681652,0.17206227779388428,0.09727714210748672,0.30322265625,0.017482853223593966,0.3526259958744049,0.15278194844722748,2.2930259333748375,0.012972425669431686,0.0016953671583905816,0.22615832090377808,0.13035926222801208,0.43310546875,0.05936556927297668,0.36438989639282227,0.2599266469478607,1.3965223585065114,0.009711353108286858,0.0003882881428580731,0.16615711152553558,0.13741397857666016,0.40576171875,0.05030178326474623,0.3139190673828125,0.18652038276195526,1.6740530429767309,0.008393234573304653,0.000327466317685321,0.17981210350990295,0.09622648358345032,0.343505859375,0.0025925925925925925,0.27619120478630066,0.19821391999721527,1.3864051507553359,0.0064744651317596436,0.000213890103623271,0.1396220177412033,0.13608217239379883,0.3798828125,0.04723251028806584,0.2603466212749481,0.15672504901885986,1.6506358558418792,0.007123584859073162,0.00034496793523430824
B06_s26,B06,4,high,4_high,test,228,353.2061403508772,0.510416488959826,0.9545257117444857,0.19130580127239227,0.10777565091848373,0.35205078125,0.0200960219478738,0.3411601185798645,0.14912372827529907,2.272526285479935,0.01366132777184248,0.0017128604231402278,0.2718192934989929,0.17617063224315643,0.599609375,0.16414609053497942,0.467713326215744,0.246365487575531,1.8907784218399974,0.00978032685816288,0.0003986209922004491,0.21728897094726562,0.19558918476104736,0.5966796875,0.1576474622770919,0.43758586049079895,0.17159278690814972,2.5353658651081,0.00871714111417532,0.0003469250223133713,0.21293114125728607,0.13084755837917328,0.4580078125,0.04195130315500686,0.3536869287490845,0.1865137815475464,1.886191648582389,0.0064060078002512455,0.0002095794043270871,0.19107405841350555,0.19711461663246155,0.5966796875,0.15393004115226339,0.3987177312374115,0.14174944162368774,2.793129883397376,0.0072534456849098206,0.0003610182902775705
B06_s27,B06,4,high,4_high,test,211,294.74407582938386,0.5282192281763379,0.9549570826352654,0.17234869301319122,0.10095024853944778,0.32275390625,0.015606995884773663,0.34204262495040894,0.14457328617572784,2.3496249479283886,0.011896667070686817,0.0015245347749441862,0.22012878954410553,0.15955765545368195,0.5126953125,0.10353566529492456,0.42853832244873047,0.23435905575752258,1.8207853573742656,0.008684974163770676,0.0002834086481016129,0.16432899236679077,0.17008967697620392,0.4978271424770355,0.09925925925925926,0.3888956606388092,0.15600456297397614,2.4769704349501582,0.007012418005615473,0.00023205050092656165,0.17119945585727692,0.1169227883219719,0.3994140625,0.01775377229080933,0.31824374198913574,0.17247983813285828,1.8344710567772786,0.005349838640540838,0.00013948798005003482,0.14150074124336243,0.17088362574577332,0.490966796875,0.09770576131687243,0.3512953221797943,0.12622646987438202,2.761181085403441,0.005588652566075325,0.0002265439834445715
B06_s28,B06,4,high,4_high,test,193,559.7616580310881,0.5206704763531013,0.9525106959609451,0.20244847238063812,0.1075095608830452,0.33154296875,0.021512345679012345,0.3126765489578247,0.15915465354919434,1.9523413277640451,0.01289279293268919,0.0017821002984419465,0.3238181173801422,0.20488381385803223,0.61279296875,0.28407064471879284,0.5235405564308167,0.2945060133934021,1.771674797473025,0.009650032967329025,0.0003864663594868034,0.2850438952445984,0.22612856328487396,0.60888671875,0.27465363511659807,0.505567193031311,0.23676875233650208,2.1262978758277176,0.008663896471261978,0.0003479595761746168,0.25079092383384705,0.15326301753520966,0.463134765625,0.030150891632373115,0.3965798020362854,0.2239348143339157,1.7630876892518859,0.006427090149372816,0.00019788883219007403,0.265156626701355,0.22917434573173523,0.60498046875,0.2618312757201646,0.4841407835483551,0.21031635999679565,2.291070996848973,0.008036510087549686,0.0004462907090783119
B06_s29,B06,4,high,4_high,test,156,162.08333333333334,0.5050733617708727,0.9573899358828049,0.1457497626543045,0.08184729516506195,0.216064453125,0.009465020576131687,0.38704371452331543,0.1408628672361374,2.7282947402935473,0.008922831155359745,0.0010986223351210356,0.14408674836158752,0.08179342746734619,0.2427978515625,0.0006001371742112483,0.24616724252700806,0.2054046094417572,1.192644113873198,0.008035638369619846,0.00022996158804744482,0.08745889365673065,0.062186356633901596,0.159423828125,1.3717421124828532e-05,0.17400319874286652,0.11895721405744553,1.4505438469047744,0.005465925205498934,0.00014504804858006537,0.11278311163187027,0.05121738463640213,0.1685791015625,0.0,0.16514234244823456,0.14243437349796295,1.1513442588472693,0.004582852125167847,0.00011040198296541348,0.06718581169843674,0.05194350332021713,0.11279296875,1.02880658436214e-05,0.11430709809064865,0.08822089433670044,1.2811696065192788,0.004209434613585472,0.00012751127360388637
B06_s30,B06,4,high,4_high,test,169,392.4792899408284,0.5261236031726123,0.9528790646293702,0.1709580421447754,0.10004519671201706,0.3178955018520355,0.01450960219478738,0.33171218633651733,0.14183807373046875,2.322295293357487,0.010735790245234966,0.001374423154629767,0.21658143401145935,0.17812208831310272,0.5703125,0.13272976680384088,0.4617518484592438,0.22706001996994019,2.024694413865726,0.008760041557252407,0.00030003589927218854,0.1673159897327423,0.18746358156204224,0.56005859375,0.1271056241426612,0.4270435571670532,0.14901983737945557,2.846580589784952,0.006901746615767479,0.00024669620324857533,0.17036671936511993,0.13140134513378143,0.44189453125,0.02493827160493827,0.3471521735191345,0.1659190058708191,2.079764204849149,0.005319938994944096,0.00014699790335725993,0.14772158861160278,0.18810714781284332,0.56787109375,0.1263031550068587,0.3963887095451355,0.12021380662918091,3.2701613831646568,0.005693918094038963,0.000262342335190624
B06_s31,B06,4,high,4_high,test,198,483.04545454545456,0.5204200005786284,0.9542105189993463,0.1914842128753662,0.10361861437559128,0.331787109375,0.016724965706447187,0.31569385528564453,0.14865805208683014,2.1094344800270557,0.012311197817325592,0.0015478525310754776,0.2864953875541687,0.19471469521522522,0.61181640625,0.21747942386831276,0.49784496426582336,0.2557152509689331,1.93928861797958,0.009636646136641502,0.0003779879189096391,0.2393832504749298,0.21445153653621674,0.609375,0.2081241426611797,0.47395989298820496,0.18494459986686707,2.5489306671317777,0.008293090388178825,0.00031846630736254156,0.22432605922222137,0.1439449042081833,0.465576171875,0.030757887517146778,0.3774776756763458,0.19404970109462738,1.9352896905656596,0.006203305907547474,0.00018824699509423226,0.21779923141002655,0.21833883225917816,0.6083984375,0.2046604938271605,0.4479445517063141,0.15644477307796478,2.845090014417292,0.007149854209274054,0.0003592124558053911
B06_s32,B06,4,high,4_high,test,168,780.9821428571429,0.5344050631303593,0.9522301714626363,0.22465108335018158,0.11044492572546005,0.36572265625,0.01946159122085048,0.32538408041000366,0.16409659385681152,1.970870947781089,0.012575150467455387,0.0014833507593721151,0.3823379576206207,0.21986597776412964,0.6689453125,0.39309327846364883,0.5754746794700623,0.30294981598854065,1.8933213616150322,0.009551937691867352,0.00038396570016629994,0.348195880651474,0.24808552861213684,0.673828125,0.3893312757201646,0.5668207406997681,0.24265441298484802,2.3263306982870717,0.00889186467975378,0.00035688444040715694,0.2938399016857147,0.1610552966594696,0.5009765625,0.10330246913580247,0.43292778730392456,0.23192645609378815,1.8586458342439454,0.006505879573523998,0.00020118338579777628,0.32530418038368225,0.24911677837371826,0.6474609375,0.3782921810699588,0.5406932234764099,0.21489432454109192,2.5044346331276435,0.00821632705628872,0.0004394693532958627
B06_s33,B06,4,high,4_high,test,199,559.4874371859296,0.5274399693309648,0.9518277381042343,0.20615917444229126,0.10974147915840149,0.350830078125,0.01760631001371742,0.32362136244773865,0.15245912969112396,2.1088439840569277,0.013163727708160877,0.0016191427130252123,0.32698774337768555,0.20887872576713562,0.64697265625,0.28915980795610424,0.5346104502677917,0.26593902707099915,2.002743683206722,0.00963565893471241,0.0003994391590822488,0.2826247215270996,0.2348451316356659,0.6484375,0.2835013717421125,0.51662677526474,0.19625800848007202,2.6190408148469784,0.008669552393257618,0.0003529268142301589,0.2522770166397095,0.15459682047367096,0.487060546875,0.062270233196159125,0.4029432535171509,0.20212386548519135,1.9837317124438403,0.0064316680654883385,0.00020574349036905915,0.2592124044895172,0.2376411110162735,0.6328125,0.27544581618655695,0.4893333315849304,0.16709190607070923,2.911105852884364,0.007818375714123249,0.00043587840627878904
B06_s34,B06,4,high,4_high,test,247,144.7408906882591,0.5005399152816887,0.955011062229178,0.17401587963104248,0.09127570688724518,0.28125,0.013878600823045267,0.376569926738739,0.16717529296875,2.239151305113008,0.011608948931097984,0.0015389506006613374,0.24858491122722626,0.14169040322303772,0.452392578125,0.04300411522633745,0.3533293604850769,0.30481016635894775,1.155387882266651,0.00872580986469984,0.0002945585292764008,0.19613781571388245,0.15220347046852112,0.438232421875,0.03568244170096022,0.3009016215801239,0.2438863217830658,1.2287400104227937,0.007712096907198429,0.00026369394618086517,0.19541355967521667,0.10899903625249863,0.357421875,0.00049039780521262,0.267636239528656,0.23134300112724304,1.1519014484197205,0.005865294951945543,0.00016432347183581442,0.16990484297275543,0.14790800213813782,0.4091796875,0.02496570644718793,0.2391582429409027,0.21501749753952026,1.107124402721816,0.007032952271401882,0.00031306108576245606
B06_s35,B06,4,high,4_high,test,166,233.1024096385542,0.5179223737869629,0.952125250080681,0.147836372256279,0.08297404646873474,0.24927978217601776,0.008583676268861454,0.3315817713737488,0.13906008005142212,2.3674252595886762,0.008803894743323326,0.0010998883517459035,0.15715913474559784,0.12459831684827805,0.266845703125,0.03943758573388203,0.35810884833335876,0.2189897894859314,1.6278430429438646,0.008363760076463223,0.0002613462565932423,0.1074453741312027,0.11887883394956589,0.1949462890625,0.034050068587105624,0.30356350541114807,0.14222291111946106,2.119517771552264,0.0059415721334517,0.00018826515588443726,0.12443281710147858,0.08896886557340622,0.2027587890625,0.001954732510288066,0.2635175287723541,0.15922832489013672,1.6446376066968147,0.005013026762753725,0.00012924197653774172,0.0885242149233818,0.11636277288198471,0.135009765625,0.03327846364883402,0.2634846568107605,0.11291038244962692,2.313087280935764,0.004832522477954626,0.00020015497284475714
B06_s36,B06,4,high,4_high,test,187,158.0909090909091,0.5028384249567163,0.9545996757200023,0.15075282752513885,0.08639944344758987,0.24500732123851776,0.011364883401920439,0.3814258277416229,0.1443883329629898,2.6234968100137652,0.010072197765111923,0.0013059779303148389,0.1554182767868042,0.09503648430109024,0.253662109375,0.004513031550068587,0.26500657200813293,0.2204151749610901,1.1968762848106653,0.007905225269496441,0.00022856540454085916,0.09923765063285828,0.07945779711008072,0.18017578125,0.002369684499314129,0.19597025215625763,0.13742566108703613,1.415707540186786,0.005725775379687548,0.0001592355692991987,0.12227261811494827,0.06519893556833267,0.190673828125,0.0005555555555555556,0.18519721925258636,0.15786856412887573,1.165726021809781,0.0046763233840465546,0.00011283619096502662,0.07722494006156921,0.07017676532268524,0.12481689453125,0.0018689986282578875,0.1348908245563507,0.10670274496078491,1.2524362736109012,0.004553003702312708,0.00015721881936769933
B06_s37,B06,4,high,4_high,test,183,305.46448087431696,0.5167289561097328,0.952780946859774,0.16020643711090088,0.0908072292804718,0.283203125,0.011169410150891632,0.31982123851776123,0.1394292712211609,2.2774542354070713,0.010102201253175735,0.0012716189958155155,0.19521139562129974,0.1524573266506195,0.4594970643520355,0.08388888888888889,0.4141313433647156,0.22385692596435547,1.8417548918656126,0.009315724484622478,0.00034879488521255553,0.14478027820587158,0.15575914084911346,0.434326171875,0.07548696844993141,0.37098628282546997,0.1492532342672348,2.4690735253368827,0.007240036502480507,0.0002844975679181516,0.15491583943367004,0.11154667288064957,0.36181640625,0.005270919067215363,0.30955755710601807,0.16620980203151703,1.851312263665441,0.005790743511170149,0.0001846552186179906,0.12486410140991211,0.15462632477283478,0.41015625,0.07316186556927298,0.33685728907585144,0.1202441081404686,2.7783394528794916,0.006110404152423143,0.00029946016729809344
B06_s38,B06,4,high,4_high,test,169,166.77514792899407,0.5182178099253446,0.9552663745250064,0.1462007761001587,0.08488872647285461,0.2344970703125,0.011323731138545953,0.38090330362319946,0.14105328917503357,2.681411362139334,0.009467235766351223,0.0011537768878042698,0.14608551561832428,0.08055008947849274,0.2457275390625,0.0016323731138545954,0.2595592737197876,0.2105923891067505,1.2266947540766098,0.008125062100589275,0.0002467499580234289,0.08854947984218597,0.0557713657617569,0.1624755859375,0.00014746227709190672,0.18481531739234924,0.12528160214424133,1.4635173632121767,0.0056702452711761,0.00016822795441839844,0.11573871970176697,0.04898873344063759,0.1761474609375,0.00013717421124828533,0.17937281727790833,0.15104815363883972,1.1797105915799078,0.004881218075752258,0.0001294201210839674,0.06685461103916168,0.041204728186130524,0.11419677734375,0.0,0.1235777735710144,0.09281347692012787,1.3172710108189216,0.0042556943371891975,0.0001499869831604883
B06_s39,B06,4,high,4_high,test,202,149.6138613861386,0.4948544753624037,0.9568501233868864,0.14822010695934296,0.08439522236585617,0.243896484375,0.009320987654320987,0.3710988759994507,0.1398647427558899,2.6344340587945605,0.010178377851843834,0.0013185928110033274,0.15168309211730957,0.08415552973747253,0.2474365234375,0.00252400548696845,0.25957348942756653,0.2083672285079956,1.2397999977233953,0.008629227057099342,0.00025261231348849833,0.09402845054864883,0.06575257331132889,0.16796875,0.0011282578875171467,0.1866077035665512,0.12697158753871918,1.4581963633927026,0.00602581724524498,0.00016046538075897843,0.12013548612594604,0.05434499308466911,0.1820068359375,6.858710562414266e-06,0.1798948496580124,0.1507110595703125,1.1857728116033475,0.005043178331106901,0.00011949188774451613,0.0718480721116066,0.05386124551296234,0.11712646484375,0.0006824417009602194,0.12604880332946777,0.09559021145105362,1.3049852716529364,0.004535382147878408,0.0001407522358931601
B06_s40,B06,4,high,4_high,test,276,159.1268115942029,0.5198681410283725,0.9506415330204225,0.18856927752494812,0.09841174632310867,0.30078125,0.018079561042524006,0.37128397822380066,0.1841382533311844,2.0054417255391823,0.012485946528613567,0.0017332799034193158,0.29665476083755493,0.17577296495437622,0.53662109375,0.16232167352537724,0.4589063823223114,0.3622358441352844,1.2633840787788422,0.01004452258348465,0.0004179730312898755,0.2544398009777069,0.19451335072517395,0.53271484375,0.15181069958847737,0.4254228174686432,0.31939247250556946,1.3278177671956632,0.00931317824870348,0.0003968511591665447,0.2336799055337906,0.1330985575914383,0.415283203125,0.009547325102880658,0.35208386182785034,0.2778710722923279,1.2625327501117678,0.006850036792457104,0.00022266997257247567,0.23200833797454834,0.194769486784935,0.52392578125,0.13243484224965707,0.37596145272254944,0.2980092465877533,1.2573572791241832,0.008843418210744858,0.0004906514077447355
B06_s41,B06,4,high,4_high,test,194,165.6237113402062,0.5017026162476649,0.9551766439433483,0.1588977575302124,0.09025686234235764,0.262939453125,0.014379286694101509,0.38254693150520325,0.1525309979915619,2.491659251288317,0.01048285886645317,0.001378071727231145,0.18437330424785614,0.12087177485227585,0.371337890625,0.020751028806584363,0.3059235215187073,0.2504737675189972,1.216522600098226,0.008759928867220879,0.00031180656515061855,0.13012731075286865,0.11734947562217712,0.329833984375,0.014523319615912208,0.2441701740026474,0.17654305696487427,1.3752730080059108,0.0067366971634328365,0.00023280116147361696,0.14771220088005066,0.0890032947063446,0.30224609375,0.0007578875171467764,0.2240651398897171,0.18607476353645325,1.1977304455929778,0.005563496146351099,0.00016596002387814224,0.10802435129880905,0.11282571405172348,0.2978515625,0.012246227709190672,0.18412868678569794,0.1482655107975006,1.2335648456360027,0.00581966619938612,0.00026454636827111244
B06_s42,B06,4,high,4_high,test,261,306.35632183908046,0.5650159284417814,0.9460670503888585,0.18681326508522034,0.09944258630275726,0.310546875,0.016454046639231824,0.31509608030319214,0.16194911301136017,1.9337084718050896,0.01245386153459549,0.0016373880207538605,0.28831085562705994,0.18252411484718323,0.5625,0.1759224965706447,0.48307985067367554,0.3063395619392395,1.571811476614194,0.010553768835961819,0.0004428596585057676,0.24339886009693146,0.19763310253620148,0.5546875,0.1603429355281207,0.45417675375938416,0.2494451254606247,1.8134781139143807,0.009593029506504536,0.0004205397854093462,0.2280167043209076,0.1371646672487259,0.434326171875,0.014852537722908093,0.37133485078811646,0.2381146252155304,1.552957500836291,0.0072175790555775166,0.0002369495341554284,0.22110024094581604,0.20015555620193481,0.55126953125,0.1518312757201646,0.42385581135749817,0.2238144725561142,1.8853582090970713,0.008942857384681702,0.0004909583949483931
B06_s43,B06,4,high,4_high,test,233,231.08583690987123,0.5471400748290648,0.948360439480894,0.1736389547586441,0.0932098850607872,0.28759765625,0.014763374485596708,0.33282071352005005,0.161012202501297,2.0542941110709587,0.011470604687929153,0.0014718231977894902,0.24746260046958923,0.1550607532262802,0.482666015625,0.08161865569272976,0.4185543656349182,0.2966185212135315,1.4063451559676934,0.009957562200725079,0.0003476563433650881,0.1964135617017746,0.1628124713897705,0.463623046875,0.0657167352537723,0.37663960456848145,0.23558557033538818,1.591980457787641,0.008764208294451237,0.0003146574308630079,0.19852524995803833,0.11644130945205688,0.37939453125,0.0016152263374485598,0.32259616255760193,0.22829023003578186,1.4069337472741827,0.006626645568758249,0.0001838791649788618,0.17292864620685577,0.16093648970127106,0.443603515625,0.057568587105624146,0.3332851827144623,0.2090090662240982,1.5870037837262587,0.00817125290632248,0.0003755061770789325
B06_s44,B06,4,high,4_high,test,228,161.83333333333334,0.5095876486100636,0.9535975703665408,0.15648172795772552,0.0901230052113533,0.278564453125,0.011707818930041152,0.36772289872169495,0.14380840957164764,2.5393753015411353,0.011539445258677006,0.001489403541199863,0.16952888667583466,0.09458016604185104,0.26806640625,0.00838477366255144,0.28212034702301025,0.22145964205265045,1.268186644641996,0.009157579392194748,0.00032146411831490695,0.10913119465112686,0.0802452340722084,0.1953125,0.002733196159122085,0.21236352622509003,0.1408725380897522,1.4968614016811586,0.006859529763460159,0.0002259858010802418,0.1348962038755417,0.06820692867040634,0.2181396484375,0.00041152263374485596,0.20605604350566864,0.16515496373176575,1.2401437722818662,0.005766159389168024,0.00017166508769150823,0.08523720502853394,0.07188907265663147,0.14234618842601776,0.002544581618655693,0.1536540538072586,0.1104225441813469,1.3790212289281187,0.005634136963635683,0.00023077688820194453
B06_s45,B06,4,high,4_high,test,201,220.60696517412936,0.5422981943194446,0.950215323932357,0.16079391539096832,0.09102733433246613,0.270751953125,0.013161865569272976,0.34079840779304504,0.15009091794490814,2.2555849976191777,0.010458037257194519,0.0013519383501261473,0.20095139741897583,0.14396807551383972,0.422119140625,0.05715020576131687,0.3853239119052887,0.25861412286758423,1.4842178370312409,0.00922828633338213,0.00034381324076093733,0.1492689847946167,0.1445995271205902,0.3896484375,0.049351851851851855,0.33698970079421997,0.1866389513015747,1.795947474960077,0.007558623794466257,0.0002930524351540953,0.16167189180850983,0.10700353980064392,0.338623046875,0.004204389574759945,0.2922689914703369,0.19622904062271118,1.4818760490217675,0.006068526301532984,0.00018411807832308114,0.12769563496112823,0.14267957210540771,0.367919921875,0.04736625514403292,0.2917848229408264,0.15881800651550293,1.82573183899977,0.006627933122217655,0.0003251897287555039
B06_s46,B06,4,high,4_high,test,200,162.025,0.521797210966251,0.9553883735074297,0.1518932729959488,0.09034815430641174,0.26611328125,0.013415637860082305,0.38419049978256226,0.1415434330701828,2.695252187404536,0.010863972827792168,0.0014109411276876926,0.15287083387374878,0.07637369632720947,0.247314453125,0.0003292181069958848,0.2501009404659271,0.20776019990444183,1.1980297996476754,0.008333954960107803,0.00025181591627188027,0.09321904182434082,0.05391442030668259,0.1695556640625,0.0,0.1788325011730194,0.12319917976856232,1.4398847199012343,0.0059618293307721615,0.00016010239778552204,0.12073580920696259,0.0465235710144043,0.18017578125,5.829903978052126e-05,0.17217645049095154,0.1497477889060974,1.1421490937966745,0.004900576546788216,0.00012310592865105718,0.069981649518013,0.03817036747932434,0.11737060546875,0.0,0.11457592993974686,0.09079764038324356,1.2481358939228373,0.004382681101560593,0.00013313975068740547
B06_s47,B06,4,high,4_high,test,177,158.27683615819208,0.5065682506460427,0.9565428891244505,0.14520198106765747,0.08331567049026489,0.2320556640625,0.009070644718792866,0.37760427594184875,0.139275923371315,2.691868047393406,0.009423543699085712,0.0011887027649208903,0.1413975954055786,0.07591144740581512,0.2391357421875,0.00038065843621399177,0.25079965591430664,0.20499590039253235,1.2174982872785292,0.008024907670915127,0.00021531133097596467,0.08438504487276077,0.05200505629181862,0.154541015625,0.0,0.17588387429714203,0.11934378743171692,1.461511874029547,0.005454810801893473,0.00013815300189889967,0.1105230525135994,0.0448228195309639,0.1658935546875,0.0,0.1694709062576294,0.14386476576328278,1.1698559367745394,0.0045778267085552216,0.00010264259617542848,0.06341621279716492,0.03748327121138573,0.10870361328125,0.0,0.11670247465372086,0.08737603574991226,1.3205217190774108,0.003967753145843744,0.00011232359247514978
B06_s48,B06,4,high,4_high,test,196,151.67857142857142,0.5186747171167605,0.9553443756527646,0.14788830280303955,0.08531654626131058,0.2437744140625,0.01039437585733882,0.37654876708984375,0.13937576115131378,2.6824343747205366,0.010187830775976181,0.001355181448161602,0.146406888961792,0.07923029363155365,0.2413330078125,0.0005384087791495198,0.2532207667827606,0.2046097368001938,1.2315601912804062,0.00830142479389906,0.00022844494378659874,0.08925581723451614,0.058138567954301834,0.161376953125,0.0,0.1800050437450409,0.12122224271297455,1.4727682928201773,0.005773085635155439,0.00014864465629216284,0.11551585048437119,0.04962776601314545,0.171875,5.829903978052126e-05,0.1736038327217102,0.145841583609581,1.1822525231223606,0.004770413041114807,0.00010765832121251151,0.06763677299022675,0.045326050370931625,0.11199951171875,6.858710562414266e-06,0.1193736344575882,0.08975081145763397,1.3154001880558002,0.004329366609454155,0.00013191706966608763
B06_s49,B06,4,high,4_high,test,159,182.86163522012578,0.5247873976529466,0.9527770609182079,0.14419180154800415,0.07949165254831314,0.22998046875,0.006642661179698217,0.35913142561912537,0.13910461962223053,2.563308951464022,0.008700967766344547,0.0009800312109291553,0.14315280318260193,0.08762852847576141,0.244384765625,0.005089163237311386,0.27762243151664734,0.2074272632598877,1.3319871267055898,0.008698681369423866,0.0003282508987467736,0.08768637478351593,0.06297097355127335,0.1636962890625,7.544581618655693e-05,0.19742411375045776,0.12390720099210739,1.5805663098873903,0.006041509099304676,0.00022116680338513106,0.11463742703199387,0.05857037752866745,0.177734375,0.0006275720164609053,0.1974189132452011,0.15017688274383545,1.3058803016842286,0.005418081767857075,0.000186592573300004,0.06745977699756622,0.05341354385018349,0.11444091796875,0.0001783264746227709,0.14403025805950165,0.0927152931690216,1.5368917194735094,0.004900880623608828,0.00023172899091150612
C02_s01,C02,5,low,5_low,test,263,161.1102661596958,0.5565439747596131,0.9508459031546306,0.164923757314682,0.0921214148402214,0.2947021424770355,0.01223593964334705,0.3597022294998169,0.14990577101707458,2.383621428627256,0.012532993219792843,0.0015221779467538,0.20103368163108826,0.10198397934436798,0.32421875,0.01130315500685871,0.30496782064437866,0.24428890645503998,1.243300502463928,0.010168963111937046,0.00043027132051065564,0.13818195462226868,0.09399478882551193,0.2509765625,0.006179698216735254,0.23865465819835663,0.1677866280078888,1.4139429231751839,0.008476778864860535,0.00034437337308190763,0.16459421813488007,0.07397717982530594,0.265869140625,0.00034636488340192046,0.23403756320476532,0.19028715789318085,1.223488109617151,0.006903424393385649,0.0002469786268193275,0.10985562950372696,0.08478478342294693,0.2030029296875,0.005397805212620028,0.17052309215068817,0.13494247198104858,1.2543768674035911,0.0070485081523656845,0.00034392584348097444
C02_s02,C02,5,low,5_low,test,162,195.05555555555554,0.536112742552876,0.9524852997002654,0.13841520249843597,0.07189027965068817,0.2230224609375,0.0016255144032921811,0.32068756222724915,0.13372771441936493,2.380264250821103,0.00796203501522541,0.0008116987301036716,0.14128901064395905,0.0959126278758049,0.249755859375,0.009375857338820301,0.2997390627861023,0.2014816850423813,1.4803267896716887,0.009054827503859997,0.00034462439361959696,0.08950026333332062,0.07580356299877167,0.1683349609375,0.004348422496570645,0.2220216691493988,0.12432190030813217,1.7716110959338187,0.006510183215141296,0.00024715764448046684,0.11376591771841049,0.06404412537813187,0.17919921875,0.0002503429355281207,0.2124153971672058,0.14813591539859772,1.4243074620857097,0.005584748927503824,0.00017680363089311868,0.07016818225383759,0.06637854874134064,0.119873046875,0.003813443072702332,0.17474126815795898,0.09333707392215729,1.852307485200862,0.0051672691479325294,0.00023590339696966112
C02_s03,C02,5,low,5_low,test,176,160.0340909090909,0.5216755224478716,0.9540901485181883,0.13940434157848358,0.07256583124399185,0.21337890625,0.0028223593964334707,0.33675992488861084,0.13681159913539886,2.4436254059990024,0.00815458595752716,0.0008910759352147579,0.13557805120944977,0.09112732112407684,0.250244140625,0.0009945130315500686,0.2654481530189514,0.206961527466774,1.2764291369294836,0.00809425301849842,0.00024426396703347564,0.08601715415716171,0.06963859498500824,0.17041015625,0.0,0.18864157795906067,0.13070712983608246,1.432280683618545,0.005727631505578756,0.0001786023931344971,0.10967949032783508,0.06088309735059738,0.179443359375,4.11522633744856e-05,0.1850055754184723,0.15229010581970215,1.2068983476081194,0.004892164375633001,0.00012881732254754752,0.06651636213064194,0.057123854756355286,0.11993408203125,0.0,0.1332467794418335,0.0992799699306488,1.328747700403019,0.004357254598289728,0.00015920065925456583
C02_s04,C02,5,low,5_low,test,162,174.07407407407408,0.5488929489170621,0.9538023697710923,0.14285239577293396,0.07299445569515228,0.21619872748851776,0.004691358024691358,0.3307933807373047,0.14654675126075745,2.2419563827108457,0.007623935583978891,0.0008698886958882213,0.16181828081607819,0.12813173234462738,0.3671875,0.016406035665294926,0.34497320652008057,0.253536581993103,1.355299123681279,0.008222147822380066,0.0002587019116617739,0.1173037514090538,0.12071964144706726,0.32177734375,0.013364197530864198,0.28865090012550354,0.18767210841178894,1.529907640060419,0.006406786851584911,0.00023609804338775575,0.13343876600265503,0.09506868571043015,0.30224609375,1.3717421124828532e-05,0.2595113217830658,0.19366562366485596,1.3331132477188203,0.005213493946939707,0.0001397975574946031,0.09877009689807892,0.1129879355430603,0.28857421875,0.010418381344307271,0.23865266144275665,0.15886539220809937,1.4928350542067206,0.00535433366894722,0.00023719339515082538
C02_s05,C02,5,low,5_low,test,155,212.83870967741936,0.5404628284111748,0.9486492948047177,0.1432553082704544,0.07344963401556015,0.2200927734375,0.005596707818930041,0.312114953994751,0.1445305347442627,2.1446698766222707,0.007405074778944254,0.0008706102962605655,0.16324394941329956,0.137457013130188,0.37744140625,0.028261316872427982,0.3720131814479828,0.24831101298332214,1.492165055190999,0.008003883995115757,0.00023883672838564962,0.12155240029096603,0.13017156720161438,0.334228515625,0.024156378600823047,0.32249578833580017,0.18217556178569794,1.7605830449866273,0.006070770788937807,0.00018832628848031163,0.13569118082523346,0.10150866955518723,0.306396484375,0.0012962962962962963,0.28332826495170593,0.18990997970104218,1.4840935261497974,0.005187701899558306,0.00012695191253442317,0.10324138402938843,0.1237771138548851,0.3017578125,0.02184499314128944,0.27904585003852844,0.15321598947048187,1.8094482355342276,0.0051904539577662945,0.00020236095588188618
C02_s06,C02,5,low,5_low,test,190,275.42105263157896,0.5637998537320568,0.9459679064982047,0.15601234138011932,0.08180836588144302,0.250732421875,0.0075960219478738,0.2965574860572815,0.15245576202869415,1.9325275384695508,0.008561021648347378,0.0010131978197023273,0.20668788254261017,0.16819220781326294,0.464111328125,0.0694753086419753,0.43725037574768066,0.2860781252384186,1.5231058632020253,0.009054231457412243,0.00035274168476462364,0.16660663485527039,0.16876766085624695,0.444580078125,0.05726337448559671,0.40004265308380127,0.22757741808891296,1.7501407463102547,0.007751171942800283,0.0003533955314196646,0.16852296888828278,0.1263793408870697,0.369873046875,0.0036831275720164607,0.33718910813331604,0.2219156175851822,1.5126311551700355,0.005964162293821573,0.00018951258971355855,0.14854370057582855,0.1648615449666977,0.421875,0.052448559670781894,0.3684385418891907,0.2015904188156128,1.8186375448708865,0.007017665077000856,0.00038149842293933034
C02_s07,C02,5,low,5_low,test,135,154.32592592592593,0.5046338268958693,0.9577522561618652,0.13661408424377441,0.0714869275689125,0.1854248046875,0.005432098765432099,0.367664098739624,0.13838183879852295,2.6378192590146847,0.007204684428870678,0.0008616740815341473,0.1289333999156952,0.09171633422374725,0.240234375,0.0033127572016460904,0.26272767782211304,0.2092202603816986,1.2497733441347485,0.007487582042813301,0.0001973910693777725,0.08071399480104446,0.07374252378940582,0.155029296875,0.0019684499314128944,0.18784967064857483,0.1289447396993637,1.4456119661571392,0.004965835250914097,0.00013286058674566448,0.10380090773105621,0.06078823655843735,0.165771484375,0.00018861454046639232,0.17948946356773376,0.14816197752952576,1.2033191470138886,0.004288617987185717,9.861822036327794e-05,0.06309990584850311,0.06471002846956253,0.1092529296875,0.0015603566529492456,0.1318512111902237,0.09846843779087067,1.3255582787721751,0.0038168057799339294,0.00012260522635187954
C02_s08,C02,5,low,5_low,test,225,181.97333333333333,0.5432361228684852,0.9463241000430462,0.16384181380271912,0.08742140978574753,0.255126953125,0.010984224965706448,0.3336719870567322,0.1662965714931488,1.9944938744330265,0.00974579993635416,0.001268681837245822,0.2321288287639618,0.16439051926136017,0.470703125,0.06741426611796981,0.42651504278182983,0.32117655873298645,1.3238549833022366,0.009034387767314911,0.0003279564552940428,0.18900828063488007,0.16847826540470123,0.45947265625,0.06141289437585734,0.3893689513206482,0.2678568959236145,1.448238662367331,0.007859345525503159,0.000312812248012051,0.18709491193294525,0.12444811314344406,0.371337890625,0.0025308641975308644,0.3315559923648834,0.24895864725112915,1.3264433777791045,0.006129538174718618,0.00018081803864333779,0.167042076587677,0.16347651183605194,0.43896484375,0.04861454046639232,0.3417711853981018,0.24174395203590393,1.4079493331621744,0.0074506341479718685,0.000379484350560233
C02_s09,C02,5,low,5_low,test,168,191.16071428571428,0.551737335094116,0.9480590661693883,0.1491491049528122,0.0798751637339592,0.231689453125,0.008484224965706447,0.33557167649269104,0.1546383649110794,2.156098701527818,0.008152834139764309,0.0010350315133109689,0.17719468474388123,0.14714117348194122,0.41650390625,0.03391975308641975,0.390929639339447,0.27742165327072144,1.4040920838844715,0.008428161963820457,0.0002882348489947617,0.1346292346715927,0.1424429565668106,0.38525390625,0.023484224965706447,0.3415858745574951,0.2154826670885086,1.5778901800846636,0.006781361065804958,0.00026667508063837886,0.14520126581192017,0.11085326224565506,0.333251953125,0.0009945130315500686,0.30074259638786316,0.21106599271297455,1.4181557002159697,0.005423847585916519,0.00016160038649104536,0.1165645644068718,0.13626232743263245,0.358154296875,0.01821673525377229,0.29671916365623474,0.18939553201198578,1.5584355395354323,0.006116551347076893,0.0003071918908972293
C02_s10,C02,5,low,5_low,test,115,167.89565217391305,0.517321362885772,0.9541160029208009,0.1356588900089264,0.07079616189002991,0.186279296875,0.006272290809327847,0.36925002932548523,0.14428412914276123,2.5415716878658325,0.006715601775795221,0.000796554028056562,0.12823745608329773,0.1024797111749649,0.24462890625,0.008988340192043896,0.29118338227272034,0.230932354927063,1.255466846634185,0.007597920950502157,0.0002176461275666952,0.08344215154647827,0.08672328293323517,0.1639404296875,0.006886145404663923,0.22412468492984772,0.15180225670337677,1.4667629246138927,0.00517938332632184,0.00014887188444845378,0.10586859285831451,0.06993519514799118,0.1768798828125,0.0006652949245541838,0.2066776007413864,0.1673388034105301,1.2277478308869703,0.0046701617538928986,0.0001118439540732652,0.06670918315649033,0.07930789887905121,0.11676025390625,0.006255144032921811,0.16743406653404236,0.12213990092277527,1.3597060358124318,0.004197972826659679,0.000153487577335909
C02_s11,C02,5,low,5_low,test,208,160.95673076923077,0.5402627150266827,0.9494007854117571,0.16145241260528564,0.08983851224184036,0.25634765625,0.013004115226337449,0.3662392497062683,0.16456402838230133,2.212070177832294,0.010021987371146679,0.0013563177781179547,0.20725099742412567,0.15415050089359283,0.4443359375,0.046491769547325104,0.37811219692230225,0.30012035369873047,1.2556846200459826,0.00891110859811306,0.0003417716361582279,0.16184936463832855,0.1551746428012848,0.422607421875,0.03670096021947874,0.328418493270874,0.24067288637161255,1.3589381010076387,0.007462416775524616,0.00031734901131130755,0.1674114465713501,0.11742192506790161,0.355224609375,0.001546639231824417,0.2892495095729828,0.2293703407049179,1.2555848495422568,0.005820832215249538,0.00017755715816747397,0.1417122781276703,0.15162445604801178,0.40380859375,0.03193758573388203,0.2760368287563324,0.2164442390203476,1.269460299339096,0.006978163029998541,0.0003884528123307973
C02_s12,C02,5,low,5_low,test,220,146.42727272727274,0.5115187910508892,0.9529904582998755,0.1564628928899765,0.08428267389535904,0.2474365234375,0.009135802469135803,0.35799241065979004,0.15329515933990479,2.32017914360586,0.010082235559821129,0.0012866269098594785,0.19240161776542664,0.12879908084869385,0.40087890625,0.020901920438957475,0.3175453245639801,0.25970974564552307,1.2180032770839881,0.008966541849076748,0.0003252830938436091,0.14071041345596313,0.12781518697738647,0.3720703125,0.014636488340192044,0.254921555519104,0.1927548199892044,1.3156914265839048,0.007124622818082571,0.00025643440312705934,0.15491065382957458,0.09545154869556427,0.32177734375,0.000284636488340192,0.23504196107387543,0.1970841884613037,1.1865760861563746,0.0057333530858159065,0.00017041350656654686,0.11841745674610138,0.12213072925806046,0.339599609375,0.012023319615912208,0.19709743559360504,0.1639176905155182,1.195126095796611,0.006093037314713001,0.00026890228036791086
C02_s13,C02,5,low,5_low,test,187,370.11764705882354,0.5371512443095642,0.9505585231113215,0.17027726769447327,0.094303660094738,0.28857421875,0.013556241426611796,0.30859944224357605,0.1482032984495163,2.068315147523312,0.010657870210707188,0.0013144559925422072,0.23346027731895447,0.16776452958583832,0.5126953125,0.11060356652949245,0.4411546587944031,0.25797104835510254,1.703490261156488,0.00935402698814869,0.0003393731894902885,0.1842591017484665,0.1751442700624466,0.4970703125,0.09754115226337448,0.40411654114723206,0.1878093183040619,2.140342144006026,0.008045320399105549,0.0003274834016337991,0.18481619656085968,0.1251968890428543,0.396484375,0.008717421124828532,0.335315465927124,0.19544512033462524,1.7069167478222242,0.006025717128068209,0.0001727495837258175,0.1635025143623352,0.17525224387645721,0.491943359375,0.09405692729766804,0.37306633591651917,0.16034775972366333,2.312187888790408,0.0071771214716136456,0.0003668010176625103
C02_s14,C02,5,low,5_low,test,159,167.27044025157232,0.5174259327439976,0.9517039464489914,0.14139629900455475,0.07201464474201202,0.2103271484375,0.004331275720164609,0.33658918738365173,0.14538346230983734,2.2993662130440815,0.007766483351588249,0.000845136761199683,0.15497402846813202,0.11097696423530579,0.313232421875,0.00541838134430727,0.30647793412208557,0.2417699694633484,1.2624211091658737,0.008441886864602566,0.0002892371849156916,0.10540217161178589,0.09435494989156723,0.24365234375,0.001546639231824417,0.23407064378261566,0.16758115589618683,1.3884745453208163,0.006289775017648935,0.00022003037156537175,0.12693163752555847,0.07932437211275101,0.253662109375,0.0002503429355281207,0.22549961507320404,0.1818775087594986,1.2330636861953188,0.0053520845249295235,0.00015504707698710263,0.08459091186523438,0.08302133530378342,0.2008056640625,0.0004458161865569273,0.17595523595809937,0.1360069066286087,1.2842800431592094,0.005393747240304947,0.0002446371072437614
C02_s15,C02,5,low,5_low,test,163,153.87730061349694,0.4903782554654724,0.9563663301475956,0.1390894651412964,0.07601124048233032,0.203125,0.006165980795610425,0.3623155355453491,0.13628767430782318,2.639097336101519,0.008280456066131592,0.0010073897428810596,0.13154934346675873,0.08088532835245132,0.2392578125,0.0007544581618655693,0.2590102553367615,0.1981685757637024,1.3004574358359446,0.00807112641632557,0.0002411217865301296,0.08020294457674026,0.05585905537009239,0.154052734375,0.0,0.18387027084827423,0.11716567724943161,1.5560378878898073,0.0055008381605148315,0.00016117517952807248,0.10627090185880661,0.04940139129757881,0.16748046875,2.400548696844993e-05,0.17821626365184784,0.14188461005687714,1.2472740316882724,0.004776332527399063,0.00011933727364521474,0.06100676953792572,0.04188541695475578,0.10968017578125,0.0,0.12527036666870117,0.08668443560600281,1.4286499742278693,0.004070609342306852,0.00013170922466088086
C02_s16,C02,5,low,5_low,test,181,156.8950276243094,0.5048795449155243,0.9578492655242171,0.1454584151506424,0.08360163867473602,0.23316650092601776,0.008556241426611797,0.3773116171360016,0.13807368278503418,2.7130339082140447,0.00969958771020174,0.0012308580335229635,0.13679161667823792,0.07463154941797256,0.23583984375,0.0005349794238683127,0.24311557412147522,0.19530774652957916,1.2384410621556556,0.00811966322362423,0.0002350265276618302,0.08239035308361053,0.05057081952691078,0.1536865234375,0.0,0.17013926804065704,0.11341669410467148,1.4870143677198806,0.005650209728628397,0.00015345218707807362,0.10856730490922928,0.043400466442108154,0.1639404296875,8.573388203017832e-05,0.1627008616924286,0.13814671337604523,1.1692756353700433,0.004701621830463409,0.00011184043250977993,0.06184439733624458,0.03603198751807213,0.10626220703125,3.429355281207133e-06,0.11071480810642242,0.08233516663312912,1.3285484697454097,0.004074467811733484,0.00012425567547325045
C02_s17,C02,5,low,5_low,test,184,447.7119565217391,0.5792690345883561,0.9455629399303127,0.1719382256269455,0.09087138622999191,0.28173828125,0.011008230452674897,0.28704559803009033,0.14977715909481049,1.9037737529567897,0.00997309759259224,0.0012081159511581063,0.2516564726829529,0.18579255044460297,0.5361328125,0.1414986282578875,0.47110065817832947,0.27233168482780457,1.7235493882647261,0.009719719178974628,0.00039117722189985216,0.21039865911006927,0.1961933970451355,0.52685546875,0.12808984910836763,0.44431430101394653,0.21116505563259125,2.0941917116802253,0.008884459733963013,0.00043360606650821865,0.19905485212802887,0.13918007910251617,0.414306640625,0.009245541838134431,0.3596763014793396,0.20917217433452606,1.7113412021272205,0.0064003122970461845,0.00020925239368807524,0.19243986904621124,0.1960093080997467,0.5205078125,0.1187517146776406,0.4211176335811615,0.18571774661540985,2.2553701574417273,0.007998039945960045,0.0004520569636952132
C02_s18,C02,5,low,5_low,test,253,142.39525691699606,0.521893182316327,0.9515422475913216,0.17043720185756683,0.08684960752725601,0.26953125,0.010342935528120713,0.3568650484085083,0.16475024819374084,2.1530287423242873,0.011356786824762821,0.001424032961949706,0.24492299556732178,0.14663565158843994,0.447021484375,0.04114883401920439,0.37095269560813904,0.2995586097240448,1.234210844762444,0.009348121471703053,0.00037828480708412826,0.19570787250995636,0.15207539498806,0.4287109375,0.03380315500685871,0.3218092918395996,0.24311266839504242,1.3182818161604886,0.008658688515424728,0.0003776658559218049,0.19610795378684998,0.11271855235099792,0.357666015625,0.000799039780521262,0.28668102622032166,0.2320353388786316,1.2302040866412522,0.006469277665019035,0.00021746763377450407,0.16978590190410614,0.14604048430919647,0.39697265625,0.02273662551440329,0.26150038838386536,0.21470120549201965,1.2123269677022743,0.007889796048402786,0.00041690797661431134
C02_s19,C02,5,low,5_low,test,243,314.81893004115227,0.5394720458918202,0.9458783649081397,0.19123320281505585,0.10035424679517746,0.317626953125,0.01753772290809328,0.3251194655895233,0.168488547205925,1.9182385532782347,0.012188884429633617,0.001606025267392397,0.300779789686203,0.19118157029151917,0.5869140625,0.19376200274348424,0.5036759376525879,0.32322824001312256,1.5534610360658359,0.009932185523211956,0.00042641026084311306,0.25856074690818787,0.20667900145053864,0.58056640625,0.18046639231824416,0.4783947765827179,0.26838597655296326,1.7758711225588315,0.00956061389297247,0.00046171704889275134,0.23753735423088074,0.14293810725212097,0.44921875,0.024434156378600823,0.3846084773540497,0.2496168315410614,1.5346474336502611,0.00676594115793705,0.00022614090994466096,0.2381526529788971,0.20882758498191833,0.58056640625,0.17247256515775033,0.4494238495826721,0.24513143301010132,1.8259506479378746,0.008952576667070389,0.0005384284886531532
C02_s20,C02,5,low,5_low,test,235,189.4595744680851,0.5342036927183986,0.9509080435120308,0.17363940179347992,0.09646826237440109,0.29248046875,0.01749657064471879,0.36202844977378845,0.16288793087005615,2.2090000639573297,0.011805723421275616,0.0015768413431942463,0.23598478734493256,0.1552005559206009,0.4814453125,0.08474965706447188,0.39180198311805725,0.2924264967441559,1.3352644954203874,0.009186053648591042,0.00034441048046573997,0.18429657816886902,0.16485881805419922,0.464111328125,0.07366941015089164,0.34556281566619873,0.2285705953836441,1.5052573047899085,0.007832963950932026,0.0003067051584366709,0.1872061789035797,0.11722968518733978,0.38037109375,0.006570644718792867,0.29459887742996216,0.22157855331897736,1.3235726130710017,0.005897387396544218,0.0001747843052726239,0.16215482354164124,0.16582559049129486,0.453369140625,0.07229423868312757,0.2981983721256256,0.2038811296224594,1.455470167873072,0.006870030891150236,0.0003456024278420955
C02_s21,C02,5,low,5_low,test,268,169.17910447761193,0.5687180351989148,0.9453985956626576,0.18516626954078674,0.0972442552447319,0.2939453125,0.019094650205761315,0.3633771538734436,0.17979805171489716,2.0098510488733465,0.01212069857865572,0.0016840166645124555,0.28632304072380066,0.17260266840457916,0.52294921875,0.1311625514403292,0.45368531346321106,0.3524441719055176,1.2836123765098888,0.009913000278174877,0.0004017846949864179,0.24347050487995148,0.18577049672603607,0.5126953125,0.11568930041152263,0.4203374981880188,0.30583497881889343,1.3699138859788187,0.009381680749356747,0.0004162336408626288,0.22828124463558197,0.13164281845092773,0.4091796875,0.008295610425240055,0.3512040674686432,0.2726156413555145,1.2835672176076967,0.006838732864707708,0.00021816481603309512,0.22186216711997986,0.18612582981586456,0.505859375,0.10554526748971194,0.3731755018234253,0.28560712933540344,1.3020454260463101,0.008819755166769028,0.0004845171933993697
C02_s22,C02,5,low,5_low,test,145,154.7655172413793,0.5172724192561005,0.9536457764393464,0.14332668483257294,0.0752677470445633,0.206298828125,0.0073559670781893,0.3648850917816162,0.1532403528690338,2.3656915002745214,0.00752103328704834,0.000923142593819648,0.15462137758731842,0.12775912880897522,0.37060546875,0.009862825788751715,0.32568374276161194,0.26537421345710754,1.2226549204397918,0.007711014244705439,0.00022887869272381067,0.11172880977392197,0.11824145168066025,0.327880859375,0.006042524005486968,0.26522719860076904,0.1979062259197235,1.3334283397836526,0.005836655385792255,0.00018624428776092827,0.12801390886306763,0.09485843032598495,0.3046875,0.0003497942386831276,0.245065838098526,0.2007695585489273,1.2145828134876933,0.004926012828946114,0.0001237062824657187,0.09333693981170654,0.10936739295721054,0.29541015625,0.0034945130315500684,0.20548029243946075,0.1696273535490036,1.204263490967452,0.004990891553461552,0.0002037695376202464
C02_s23,C02,5,low,5_low,test,171,162.69590643274853,0.5180510395320198,0.9527517335819234,0.14829155802726746,0.08153985440731049,0.2298583984375,0.009204389574759945,0.36259227991104126,0.1514400988817215,2.378588590344442,0.008539561182260513,0.0010956998448818922,0.1637127548456192,0.12769022583961487,0.369384765625,0.025267489711934158,0.32981806993484497,0.25569409132003784,1.2848681800144692,0.00818489957600832,0.0002654943091329187,0.11582784354686737,0.12266630679368973,0.325439453125,0.018388203017832647,0.26981765031814575,0.18588201701641083,1.4437860561749611,0.006093617994338274,0.00020514774951152503,0.13166837394237518,0.09438230842351913,0.302734375,0.0011419753086419754,0.24292878806591034,0.18954074382781982,1.2749440523095177,0.004978361539542675,0.0001356697321170941,0.0970570519566536,0.11803768575191498,0.295166015625,0.01776406035665295,0.21746419370174408,0.15904413163661957,1.3587764292132676,0.005086254794150591,0.0002195929700974375
C02_s24,C02,5,low,5_low,test,214,188.57009345794393,0.5352341125129418,0.9531102255823467,0.1583399474620819,0.091024249792099,0.278564453125,0.012431412894375857,0.3567315638065338,0.14557534456253052,2.433776054705766,0.010884593240916729,0.001362894894555211,0.1765287220478058,0.1149677038192749,0.27734375,0.03207133058984911,0.3199581205844879,0.22983650863170624,1.3860810947152773,0.008948585949838161,0.00029517424991354346,0.11931763589382172,0.11062315106391907,0.2066650390625,0.02766803840877915,0.25837743282318115,0.15208905935287476,1.6877589679848617,0.006709331180900335,0.00021113167167641222,0.13969595730304718,0.08276376128196716,0.2216796875,0.0019375857338820301,0.2335342913866043,0.17020010948181152,1.364101296976187,0.005432543810456991,0.00014701916370540857,0.09666277468204498,0.10751225054264069,0.14501953125,0.028323045267489712,0.2060537189245224,0.12222864478826523,1.6721251725081407,0.005228757858276367,0.00019761096336878836
C02_s25,C02,5,low,5_low,test,268,212.65671641791045,0.5542037742307216,0.9524056651505731,0.1760704666376114,0.09739173203706741,0.308837890625,0.016550068587105626,0.3417813777923584,0.15416423976421356,2.2027071334975563,0.013096031732857227,0.0016711791977286339,0.23683641850948334,0.1428648978471756,0.47265625,0.0843724279835391,0.39016497135162354,0.264983206987381,1.4668782129923492,0.009830005466938019,0.00038522566319443285,0.1792020946741104,0.15173788368701935,0.44970703125,0.07480109739368998,0.34324246644973755,0.19505028426647186,1.750787904919341,0.008622588589787483,0.0003387115430086851,0.18944768607616425,0.10645268857479095,0.375,0.005936213991769548,0.2972642779350281,0.20382918417453766,1.4512789236211832,0.006546459160745144,0.00020772975403815508,0.15343903005123138,0.1528133898973465,0.4309326112270355,0.07340192043895748,0.2966561019420624,0.16570080816745758,1.7795720680853542,0.007136211264878511,0.00033667354728095233
C02_s26,C02,5,low,5_low,test,198,172.84343434343435,0.521204479591546,0.9534460277656669,0.14969120919704437,0.08293072134256363,0.25244140625,0.007157064471879287,0.34972652792930603,0.14409661293029785,2.4103011150047258,0.009658575989305973,0.0011293229181319475,0.16401493549346924,0.10389840602874756,0.267822265625,0.012359396433470508,0.30254125595092773,0.2273569107055664,1.324861397958792,0.008775790221989155,0.00030496594263240695,0.10762779414653778,0.09181893616914749,0.1939697265625,0.0071262002743484225,0.23061160743236542,0.14947271347045898,1.5325809052924364,0.006652051117271185,0.0002386416308581829,0.13078610599040985,0.07250560820102692,0.204833984375,6.17283950617284e-05,0.21819336712360382,0.16797061264514923,1.2913095579633485,0.005404283758252859,0.00016105829854495823,0.08538658916950226,0.08293265104293823,0.1356201171875,0.004982853223593964,0.17483164370059967,0.11819926649332047,1.46671744586949,0.005212608724832535,0.0002220190508523956
C02_s27,C02,5,low,5_low,test,191,164.72774869109946,0.5265042232569644,0.95196978759722,0.149101123213768,0.0801413506269455,0.237548828125,0.007458847736625514,0.34675613045692444,0.14780490100383759,2.330273587211901,0.009149567224085331,0.0010610705940052867,0.17191500961780548,0.11272129416465759,0.3271484375,0.009344993141289438,0.30695050954818726,0.2458638697862625,1.2433998940952697,0.008726398460566998,0.0002899577666539699,0.11762221157550812,0.10176510363817215,0.259033203125,0.006189986282578875,0.2391349971294403,0.17096614837646484,1.3905934359007144,0.006682402454316616,0.00022794869437348098,0.1384020298719406,0.0810973048210144,0.265380859375,0.0002469135802469136,0.22551976144313812,0.1845177263021469,1.2156237893722412,0.0055030593648552895,0.00015212036669254303,0.09535740315914154,0.0932411476969719,0.217529296875,0.004471879286694101,0.1816168874502182,0.1401004046201706,1.2871464680708342,0.005700830835849047,0.0002526746247895062
C02_s28,C02,5,low,5_low,test,183,149.17486338797815,0.5279621140044398,0.9548810754054826,0.14409634470939636,0.07835779339075089,0.221435546875,0.00602880658436214,0.35969021916389465,0.14138393104076385,2.5261995264122676,0.009018338285386562,0.0011106972815468907,0.15202085673809052,0.09821011871099472,0.2626953125,0.0032887517146776408,0.27350226044654846,0.2207758128643036,1.2332375515354075,0.008369896560907364,0.0002597827697172761,0.09946322441101074,0.08449175208806992,0.1898193359375,0.0015089163237311386,0.20423272252082825,0.14599734544754028,1.3893633378142454,0.006095330696552992,0.0001922157098306343,0.12251216173171997,0.0702199786901474,0.20947265625,5.486968449931413e-05,0.19642718136310577,0.16411659121513367,1.1896271593154253,0.005243371706455946,0.00013865760411135852,0.0784616619348526,0.07540909200906754,0.136962890625,0.0009842249657064472,0.14498230814933777,0.11594590544700623,1.239738215674735,0.00490430137142539,0.00018149541574530303
C02_s29,C02,5,low,5_low,test,197,151.57868020304568,0.516168361756746,0.9537665769295063,0.1553860902786255,0.08556457608938217,0.245361328125,0.010593278463648834,0.3725103437900543,0.15456876158714294,2.394506069146729,0.009873065166175365,0.0012587895616889,0.18470007181167603,0.12760448455810547,0.390869140625,0.01588820301783265,0.31616371870040894,0.26239579916000366,1.2003369822475818,0.008830740116536617,0.0003313407942187041,0.13356317579746246,0.12327984720468521,0.353515625,0.009331275720164608,0.25466325879096985,0.19401027262210846,1.3058966349144958,0.007150452118366957,0.0003082173643633723,0.14892873167991638,0.09652258455753326,0.318603515625,0.00034636488340192046,0.23561251163482666,0.19875964522361755,1.1794800264641752,0.005611329805105925,0.00017384521197527647,0.11260838806629181,0.11897412687540054,0.329345703125,0.007400548696844993,0.19648930430412292,0.16764162480831146,1.1651293358176835,0.006224479991942644,0.00032399685005657375
C02_s30,C02,5,low,5_low,test,227,147.23348017621146,0.5230471589880762,0.9490274845384147,0.17114560306072235,0.08566585183143616,0.25927734375,0.012242798353909465,0.3621070981025696,0.16867735981941223,2.134092011379482,0.010341526009142399,0.0013850443065166473,0.2529219090938568,0.15131062269210815,0.454345703125,0.05023662551440329,0.39347800612449646,0.31492191553115845,1.245491328016745,0.008998907171189785,0.00032653636299073696,0.20602864027023315,0.1585031896829605,0.439697265625,0.041063100137174215,0.35073554515838623,0.26152777671813965,1.3359940404894755,0.008026354014873505,0.0003026792255695909,0.20248308777809143,0.11618231236934662,0.36083984375,0.0013134430727023319,0.3043801188468933,0.2427060902118683,1.2489639408776263,0.006071825046092272,0.0001773340773070231,0.1818305253982544,0.1536199152469635,0.412109375,0.03419753086419753,0.29366427659988403,0.2347913682460785,1.24544116599471,0.007474799640476704,0.00035510322777554393
C02_s31,C02,5,low,5_low,test,265,228.57735849056604,0.5800007801666887,0.9447537113106219,0.17872174084186554,0.0887644812464714,0.285400390625,0.010521262002743484,0.31570762395858765,0.16549865901470184,1.8961571572219729,0.010955256409943104,0.00129476108122617,0.273681104183197,0.1691749393939972,0.51171875,0.11386488340192044,0.4495658278465271,0.31698888540267944,1.4137784321525186,0.009938373230397701,0.0004286837065592408,0.22772060334682465,0.18077485263347626,0.498291015625,0.09780864197530864,0.4137503206729889,0.26170796155929565,1.574943972832744,0.009634189307689667,0.0005149397766217589,0.2169443964958191,0.12899568676948547,0.40087890625,0.005541838134430727,0.34511345624923706,0.2451547235250473,1.4020184187695277,0.0067197722382843494,0.00023095982032828033,0.2069556564092636,0.1822129189968109,0.489990234375,0.09082647462277092,0.38169097900390625,0.23779793083667755,1.5983847835974692,0.00898709986358881,0.0005605628830380738
C02_s32,C02,5,low,5_low,test,272,143.61764705882354,0.5198964623881388,0.9513724741811957,0.18408480286598206,0.09605462104082108,0.293212890625,0.018203017832647463,0.37909117341041565,0.17725932598114014,2.1266274363144597,0.012865209951996803,0.0018131510587409139,0.28004923462867737,0.15296295285224915,0.49658203125,0.09566529492455418,0.4038327932357788,0.3349016010761261,1.2022353925733664,0.009898713789880276,0.0004059875209350139,0.23015865683555603,0.16728022694587708,0.485107421875,0.0834636488340192,0.3613645136356354,0.2816959023475647,1.2782799843746953,0.009302787482738495,0.00039319723146036267,0.22332409024238586,0.11619777977466583,0.39013671875,0.003631687242798354,0.3143702745437622,0.259311705827713,1.2076686046221363,0.006937575060874224,0.0002244112838525325,0.20404687523841858,0.16714681684970856,0.469970703125,0.07454732510288066,0.300555944442749,0.2563527524471283,1.167875383436968,0.008737578988075256,0.00046933090197853744
C02_s33,C02,5,low,5_low,test,174,706.419540229885,0.5348904440459199,0.9514361010565962,0.21787798404693604,0.1090034618973732,0.36474609375,0.016378600823045267,0.3247417211532593,0.16105446219444275,2.0039048401124218,0.012754847295582294,0.0014776940224692225,0.3598114252090454,0.21730364859104156,0.65771484375,0.35277091906721536,0.559466540813446,0.2917861342430115,1.9108368716296202,0.00972492340952158,0.00040609764982946217,0.3216104507446289,0.24227184057235718,0.6591796875,0.3410322359396433,0.5450523495674133,0.22870133817195892,2.3728740716319923,0.00945858471095562,0.00043957767775282264,0.2783277630805969,0.16132549941539764,0.496826171875,0.08905692729766804,0.4240025281906128,0.2225247472524643,1.8968929991081258,0.006498184520751238,0.00021051365183666348,0.29989174008369446,0.24409091472625732,0.634765625,0.33652606310013716,0.5199220180511475,0.20293691754341125,2.549425696504772,0.008488396182656288,0.00047042197547852993
C02_s34,C02,5,low,5_low,test,182,474.6978021978022,0.5303719605299331,0.9495699218336208,0.18440566956996918,0.10039543360471725,0.32861328125,0.010864197530864197,0.3166519105434418,0.14985036849975586,2.0991126086904734,0.010846864432096481,0.0012871985090896487,0.2726937532424927,0.20093025267124176,0.6123046875,0.20501371742112484,0.5101925730705261,0.2600870728492737,1.9541089013053579,0.009358971379697323,0.0003475416742730886,0.22823329269886017,0.2163293957710266,0.6064453125,0.19614883401920438,0.48506441712379456,0.1929597407579422,2.500851028302544,0.007868782617151737,0.0003041298477910459,0.21393324434757233,0.15054163336753845,0.4697265625,0.03830589849108368,0.3888142704963684,0.19751080870628357,1.9586554154421771,0.005990045145153999,0.00017328439571429044,0.20808221399784088,0.21822354197502136,0.6025390625,0.19424211248285322,0.4605627655982971,0.16448912024497986,2.783039543122282,0.006834664847701788,0.0003276744100730866
C02_s35,C02,5,low,5_low,test,260,195.8923076923077,0.5635037115964567,0.9437155247277759,0.1801946759223938,0.09636002779006958,0.289306640625,0.01641289437585734,0.34384357929229736,0.17648831009864807,1.937274511775953,0.011278457939624786,0.0015809356700628996,0.2697855234146118,0.1789085417985916,0.51904296875,0.12754115226337448,0.4643193185329437,0.3474882245063782,1.332381658492583,0.009684811346232891,0.0003937803558073938,0.22748614847660065,0.1894368678331375,0.50341796875,0.10375857338820302,0.4290706515312195,0.3004603087902069,1.4233072780066032,0.00880320742726326,0.0004079107893630862,0.21449628472328186,0.13731244206428528,0.40771484375,0.006844993141289437,0.3599153161048889,0.2682357728481293,1.3368034726496403,0.006450329441577196,0.000210674581467174,0.20829620957374573,0.18937022984027863,0.49462890625,0.09374828532235939,0.3916340172290802,0.2811044752597809,1.3882587891185956,0.008347122929990292,0.00048217899166047573
C02_s36,C02,5,low,5_low,test,190,164.8421052631579,0.5204205459902469,0.954220681675237,0.15085722506046295,0.08436089009046555,0.24365234375,0.0100960219478738,0.3620562255382538,0.14827752113342285,2.425390124308477,0.009340501390397549,0.00120516715105623,0.1632569581270218,0.1215500682592392,0.33447265625,0.02395747599451303,0.3118880093097687,0.24092459678649902,1.2891951188618207,0.008004817180335522,0.0002457338268868625,0.1134018674492836,0.1165606826543808,0.27880859375,0.018518518518518517,0.2507270574569702,0.16910132765769958,1.4739864815253905,0.006000158842653036,0.0001964319817489013,0.12974652647972107,0.08953340351581573,0.27734375,0.0012517146776406035,0.22607474029064178,0.17773981392383575,1.2648258679903084,0.004831772297620773,0.0001244371524080634,0.09332846850156784,0.11152855306863785,0.2391357421875,0.019344993141289436,0.1976957619190216,0.14016936719417572,1.4004154431541436,0.004833735525608063,0.00019382718892302364
C02_s37,C02,5,low,5_low,test,226,370.8628318584071,0.5393716954259686,0.9478729303861451,0.18276256322860718,0.09516041725873947,0.29248046875,0.01457133058984911,0.29876086115837097,0.1573406606912613,1.8868233835458499,0.011635991744697094,0.0015416662208735943,0.2765684425830841,0.17743155360221863,0.53759765625,0.15689300411522633,0.46113795042037964,0.2912583351135254,1.577843623317892,0.009495989419519901,0.00035475753247737885,0.232411727309227,0.19339503347873688,0.53173828125,0.14506858710562415,0.43349260091781616,0.23301419615745544,1.852420101155498,0.008696431294083595,0.00035759914317168295,0.2171468585729599,0.1345733255147934,0.4150390625,0.008401920438957476,0.35250070691108704,0.22293901443481445,1.5740924278011195,0.006403554696589708,0.00019082214566878974,0.21147431433200836,0.19471898674964905,0.52880859375,0.13526406035665295,0.40650489926338196,0.2065974622964859,1.9581400213978581,0.007922477088868618,0.0004059510538354516
C02_s38,C02,5,low,5_low,test,230,169.38260869565218,0.5362999445818747,0.9501802586814915,0.15869566798210144,0.08404652774333954,0.252685546875,0.00844650205761317,0.33577466011047363,0.1564241498708725,2.1329297975303887,0.009641843847930431,0.0011860148515552282,0.20135562121868134,0.14335517585277557,0.43994140625,0.043377914951989026,0.36854350566864014,0.2792048752307892,1.3152644305888372,0.008640333078801632,0.00030068575870245695,0.15168581902980804,0.1459740400314331,0.419921875,0.03580932784636488,0.3167145252227783,0.217156782746315,1.4517748255898686,0.006977076176553965,0.00025526160607114434,0.16012254357337952,0.10793270170688629,0.349609375,0.0012654320987654322,0.2776229679584503,0.2118893265724182,1.3040718030737524,0.005549493245780468,0.0001629606558708474,0.1304326057434082,0.1417403668165207,0.393798828125,0.030606995884773662,0.2700539529323578,0.18973851203918457,1.415833383857367,0.006016852799803019,0.0002740285126492381
C02_s39,C02,5,low,5_low,test,234,178.95726495726495,0.5309631841348683,0.9490898739874367,0.16371114552021027,0.08965620398521423,0.266845703125,0.010757887517146776,0.34329620003700256,0.1601210981607437,2.1306719228943587,0.0103325629606843,0.0013551992597058415,0.21253685653209686,0.15517586469650269,0.46630859375,0.06331275720164609,0.3943730890750885,0.28683599829673767,1.3701312254505391,0.00884200632572174,0.00030350079759955406,0.16524729132652283,0.1609390825033188,0.454345703125,0.05611454046639232,0.3486315608024597,0.22894816100597382,1.516131110930705,0.0073386370204389095,0.0002708469983190298,0.1688249111175537,0.11649255454540253,0.366943359375,0.0021056241426611797,0.29742178320884705,0.2180529534816742,1.3577620318811594,0.00569617934525013,0.00016327032062690705,0.14416742324829102,0.15701009333133698,0.43359375,0.04589849108367627,0.3036167323589325,0.20221906900405884,1.4940366268131484,0.006364032626152039,0.0003013235400430858
C02_s40,C02,5,low,5_low,test,203,147.82266009852216,0.5081267012545707,0.9546664266032573,0.15910150110721588,0.08470052480697632,0.24561767280101776,0.011179698216735253,0.3680809438228607,0.16050533950328827,2.2790636207750055,0.009788625873625278,0.0012993061682209373,0.2078763246536255,0.13421320915222168,0.39697265625,0.015260631001371741,0.3438336253166199,0.28776922821998596,1.1906865126733155,0.008509409613907337,0.0002696190495043993,0.15890954434871674,0.13275353610515594,0.3671875,0.010994513031550069,0.29164156317710876,0.2265576869249344,1.281615959092228,0.0071241832338273525,0.0002336066245334223,0.16945743560791016,0.10248109698295593,0.319580078125,6.858710562414266e-06,0.2669437527656555,0.22371669113636017,1.1879124395066478,0.005633778870105743,0.00014737797027919441,0.1342536211013794,0.12221308797597885,0.331298828125,0.006433470507544582,0.22463937103748322,0.19432757794857025,1.1500647957485592,0.00654667429625988,0.00029397118487395346
C02_s41,C02,5,low,5_low,test,228,146.33771929824562,0.5166777260008215,0.9527545960067735,0.15786133706569672,0.08921564370393753,0.260498046875,0.011906721536351165,0.37149178981781006,0.15228427946567535,2.423547875312272,0.010965311899781227,0.0014932872727513313,0.18624074757099152,0.12391889095306396,0.39111328125,0.018628257887517145,0.3203500211238861,0.2534104287624359,1.2591858859018057,0.009300559759140015,0.0003230595903005451,0.1329418569803238,0.12325695902109146,0.356201171875,0.01386488340192044,0.26051726937294006,0.18488240242004395,1.4015165824263531,0.0073661720380187035,0.00027186222723685205,0.14810636639595032,0.09450928866863251,0.31787109375,0.0006412894375857339,0.23840250074863434,0.19039876759052277,1.245580124416846,0.005775190889835358,0.00016649108147248626,0.1102762520313263,0.11649800091981888,0.326171875,0.008477366255144033,0.2014070749282837,0.15604954957962036,1.2824428689378389,0.006163684651255608,0.0002893121272791177
C02_s42,C02,5,low,5_low,test,185,155.94594594594594,0.4977964025449981,0.9569671044028799,0.14715446531772614,0.08396407961845398,0.2364501953125,0.009561042524005487,0.377460777759552,0.13946913182735443,2.6871439500564116,0.009721769951283932,0.0012474935501813889,0.1390710026025772,0.07905610650777817,0.2408447265625,0.0005315500685871056,0.24748830497264862,0.2002156376838684,1.2299655624255188,0.008290203288197517,0.000246718293055892,0.08428681641817093,0.05540826916694641,0.1593017578125,0.0,0.1771092563867569,0.11605068296194077,1.5130988722581336,0.005759564694017172,0.00016280918498523533,0.11066065728664398,0.0481511615216732,0.1697998046875,0.00020576131687242798,0.1690618246793747,0.14188078045845032,1.183236990565976,0.004866363946348429,0.000118689909868408,0.06355996429920197,0.04156850650906563,0.1112060546875,7.544581618655693e-05,0.11542131006717682,0.08578020334243774,1.330041940691476,0.004289641976356506,0.0001348514633718878
C02_s43,C02,5,low,5_low,test,159,227.55974842767296,0.5379333068927356,0.9497514001222789,0.1459166407585144,0.0799514502286911,0.2509765625,0.00429355281207133,0.3338235020637512,0.14085517823696136,2.3532697657756083,0.008303429000079632,0.000868407019879669,0.15603071451187134,0.11179669946432114,0.27294921875,0.023871742112482854,0.335990846157074,0.21969850361347198,1.5223974818856192,0.008578083477914333,0.00026130021433345973,0.10240504145622253,0.09591700881719589,0.1973876953125,0.011587791495198903,0.2629958987236023,0.1395806223154068,1.8707834294085317,0.006226955447345972,0.00018177188758272678,0.1277908980846405,0.07901525497436523,0.2152099609375,0.00026406035665294924,0.24876756966114044,0.1621466726064682,1.5248093368180509,0.005197532940655947,0.00012803138815797865,0.08182486891746521,0.08673262596130371,0.1417236328125,0.006207133058984911,0.2127355933189392,0.10753954946994781,1.9599822770394026,0.005136651918292046,0.00018971977988258004
C02_s44,C02,5,low,5_low,test,181,150.96132596685084,0.536049784256943,0.9561703877937688,0.14802013337612152,0.08262410759925842,0.2301025390625,0.0097599451303155,0.3757105767726898,0.1445782631635666,2.5808150791753484,0.009553502313792706,0.0012179362820461392,0.15498802065849304,0.10330082476139069,0.292236328125,0.00455761316872428,0.2752588093280792,0.2227443903684616,1.2302378123303284,0.00858039315789938,0.0002919739345088601,0.10280068963766098,0.09258165955543518,0.2276611328125,0.0016426611796982167,0.2082439512014389,0.1469903141260147,1.4071458151248861,0.006345989648252726,0.00024012677022255957,0.12374365329742432,0.07615819573402405,0.24658203125,0.00010288065843621399,0.19681812822818756,0.16356678307056427,1.1959772473877326,0.0051372721791267395,0.00014802491932641715,0.08195119351148605,0.08443126082420349,0.189697265625,0.0008847736625514403,0.1486922800540924,0.1173945739865303,1.2559045152779473,0.005081539042294025,0.00022234409698285162
C02_s45,C02,5,low,5_low,test,182,181.08241758241758,0.5397126690001903,0.953365084826735,0.14784710109233856,0.08289093524217606,0.2388916015625,0.007932098765432098,0.3466499447822571,0.1469825804233551,2.3425050691138485,0.008824327029287815,0.001104824710637331,0.15798740088939667,0.1289304941892624,0.335693359375,0.028103566529492457,0.33754947781562805,0.24254536628723145,1.3859819341318547,0.00845578033477068,0.0002850376768037677,0.11186806857585907,0.1221785619854927,0.272216796875,0.022544581618655694,0.2779497504234314,0.17204174399375916,1.6062583744732473,0.006303098052740097,0.00022241022088564932,0.12797032296657562,0.09304746240377426,0.275146484375,0.0015809327846364883,0.24779541790485382,0.180315300822258,1.3666547543484253,0.0053128828294575214,0.0001551558234496042,0.09333203732967377,0.11709588021039963,0.23876953125,0.019698216735253772,0.22979339957237244,0.14435270428657532,1.5809365274643603,0.005242725368589163,0.0002385440020589158
C02_s46,C02,5,low,5_low,test,169,220.31952662721895,0.5827386557171609,0.9466966200514597,0.14688228070735931,0.0795772597193718,0.2437744140625,0.006100823045267489,0.3255119323730469,0.14439727365970612,2.2387760387783384,0.008183811791241169,0.0009106177603825927,0.16352695226669312,0.13653981685638428,0.382568359375,0.03436899862825789,0.3751849830150604,0.24245187640190125,1.5411053246338027,0.008885128423571587,0.00036748379352502525,0.11753042042255402,0.12529994547367096,0.3369140625,0.01728737997256516,0.3137616813182831,0.17067338526248932,1.8276664192212448,0.006953775882720947,0.00032898993231356144,0.13441361486911774,0.10018302500247955,0.308837890625,0.0011179698216735254,0.28505903482437134,0.18299371004104614,1.5492868466035012,0.005707425996661186,0.0001995866623474285,0.0992681160569191,0.12042875587940216,0.30810546875,0.01441358024691358,0.27100735902786255,0.14333443343639374,1.8776348275014492,0.006034771911799908,0.00034731769119389355
C02_s47,C02,5,low,5_low,test,150,212.39333333333335,0.5469365001693343,0.947371329853288,0.13958390057086945,0.07424966245889664,0.2242431640625,0.003377914951989026,0.32478299736976624,0.14013396203517914,2.3012391396537897,0.007285928353667259,0.0007675542146898806,0.14059463143348694,0.12419591844081879,0.295654296875,0.023786008230452675,0.3582519590854645,0.22591252624988556,1.5788108528259142,0.008134236559271812,0.0003116126754321158,0.09827740490436554,0.10909393429756165,0.224365234375,0.0098559670781893,0.2931843101978302,0.15587063133716583,1.8689560161690308,0.006154281552881002,0.00026071726460941136,0.11724073439836502,0.08885098248720169,0.23974609375,0.0006275720164609053,0.2684229016304016,0.17009177803993225,1.568882530215757,0.005225928965955973,0.00016355222032871097,0.08034607768058777,0.10033831000328064,0.17626953125,0.006138545953360768,0.24481622874736786,0.12602759897708893,1.9272680167049654,0.005113894585520029,0.0002619513834360987
C02_s48,C02,5,low,5_low,test,172,157.8372093023256,0.5451239648376244,0.9511127746923979,0.14336414635181427,0.0770285576581955,0.21925048530101776,0.006268861454046639,0.3528527319431305,0.1446637511253357,2.422378451860134,0.008267302997410297,0.0009803501889109612,0.14950068295001984,0.11296647787094116,0.30126953125,0.008449931412894376,0.3045113682746887,0.23605898022651672,1.2845384215511233,0.00819326937198639,0.00025375973200425506,0.1020897626876831,0.10101226717233658,0.234130859375,0.005775034293552812,0.23872259259223938,0.16297712922096252,1.4558285885744213,0.006033021491020918,0.00020312938431743532,0.12213675677776337,0.08136260509490967,0.2490234375,0.00029835390946502055,0.2234816551208496,0.17626729607582092,1.2607043716922373,0.0050168996676802635,0.00012869609054178,0.08296360075473785,0.09303678572177887,0.1859130859375,0.004495884773662551,0.1816864162683487,0.13439594209194183,1.3418896715898094,0.004954040050506592,0.00020880252122879028
C02_s49,C02,5,low,5_low,test,174,163.39080459770116,0.5436735719582145,0.954310830128102,0.14330260455608368,0.07746784389019012,0.2239990234375,0.0059430727023319615,0.3526640832424164,0.1413223147392273,2.4779254320630724,0.008603892289102077,0.0009714601328596473,0.14608430862426758,0.09423772245645523,0.26318359375,0.0016426611796982167,0.276406854391098,0.2166023850440979,1.27023816551957,0.008554942905902863,0.0002918876416515559,0.09372548013925552,0.0748472735285759,0.189208984375,9.259259259259259e-05,0.2020561844110489,0.13838328421115875,1.4496443067372684,0.006273072212934494,0.0002195511042373255,0.118771031498909,0.06469522416591644,0.2015380859375,0.0002160493827160494,0.19802843034267426,0.1608268916606903,1.2237053329670902,0.005274360533803701,0.00015239037747960538,0.07321368157863617,0.06255326420068741,0.1317138671875,1.02880658436214e-05,0.14158767461776733,0.10682649910449982,1.3131064793316525,0.004881636239588261,0.00020074962230864912
C03_s01,C03,control,none,control_none,test,255,166.95686274509805,0.5250130332827615,0.9518867214960375,0.17204797267913818,0.09771333634853363,0.3025146424770355,0.01817901234567901,0.3736816644668579,0.15689106285572052,2.3667056115033245,0.013047642074525356,0.0017787010874599218,0.22145488858222961,0.1249605268239975,0.403564453125,0.03888545953360768,0.3347456753253937,0.26382216811180115,1.2640394786892335,0.00963557418435812,0.0003773815114982426,0.16236001253128052,0.12853311002254486,0.37060546875,0.03141632373113855,0.27895447611808777,0.19238707423210144,1.4424670171248835,0.008296102285385132,0.00031628174474462867,0.17781145870685577,0.09341716766357422,0.32421875,0.0022016460905349795,0.2539500296115875,0.2024696320295334,1.2480979450276244,0.006403801031410694,0.00020015267364215106,0.1353720873594284,0.12571796774864197,0.34033203125,0.029777091906721537,0.21708093583583832,0.16182664036750793,1.3332028183218403,0.007154176011681557,0.00034337452962063253
C03_s02,C03,control,none,control_none,test,181,167.64088397790056,0.5056170444116307,0.9558370982857833,0.14187590777873993,0.07508395612239838,0.2265625,0.0031721536351165982,0.3358646333217621,0.13662442564964294,2.440443487675572,0.008800075389444828,0.0009552426636219025,0.146351158618927,0.09231913089752197,0.2509765625,0.0042866941015089165,0.27906161546707153,0.20573517680168152,1.3498506629801654,0.00888675358146429,0.00031271958141587675,0.09287349134683609,0.07223749160766602,0.1722412109375,0.000284636488340192,0.20061638951301575,0.12893737852573395,1.5439467210221107,0.006472012028098106,0.00022783478198107332,0.11729809641838074,0.06193533539772034,0.1846923828125,3.7722908093278466e-05,0.19545143842697144,0.15130294859409332,1.2833069893339644,0.005356320645660162,0.00015352731861639768,0.07188324630260468,0.06125124543905258,0.121337890625,0.0002503429355281207,0.14849671721458435,0.09777267277240753,1.50341904341043,0.005052311345934868,0.00021201386698521674
C03_s03,C03,control,none,control_none,test,170,161.07647058823528,0.5167431340030475,0.9568969663730837,0.1406792849302292,0.07710263878107071,0.2176513671875,0.004588477366255144,0.3570674657821655,0.1363532841205597,2.5996281637412846,0.008603239431977272,0.000996675924398005,0.13143832981586456,0.08009085059165955,0.2376708984375,0.0003532235939643347,0.25181645154953003,0.1961846947669983,1.2770588094937434,0.007858993485569954,0.0002073021314572543,0.08057436347007751,0.05497831478714943,0.154296875,0.0,0.1759384125471115,0.11724182963371277,1.487954077606293,0.005382202565670013,0.00013857465819455683,0.10548897832632065,0.04811893403530121,0.1671142578125,0.0,0.17083227634429932,0.1407901495695114,1.204824713585271,0.004550842568278313,9.76255614659749e-05,0.060589902102947235,0.04004274308681488,0.10821533203125,0.0,0.1185724064707756,0.08558965474367142,1.3693599636328577,0.003873915644362569,0.00010998950892826542
C03_s04,C03,control,none,control_none,test,161,156.33540372670808,0.5177966041461696,0.9564101632224127,0.13595089316368103,0.07126521319150925,0.19970703125,0.003449931412894376,0.3428317904472351,0.13518878817558289,2.5173275644778883,0.007715826854109764,0.000864317175000906,0.12381923198699951,0.08401993662118912,0.2353515625,0.0013031550068587105,0.25995856523513794,0.19580380618572235,1.320902122135874,0.007819809019565582,0.00022174294281285256,0.07647893577814102,0.05991248041391373,0.152099609375,2.05761316872428e-05,0.18274226784706116,0.11865547299385071,1.5272370187066378,0.0054017617367208,0.00015784184506628662,0.10079146921634674,0.053145632147789,0.165283203125,1.02880658436214e-05,0.17740347981452942,0.1414473056793213,1.2453972293017728,0.004637878388166428,0.00011267242371104658,0.058520328253507614,0.04710803180932999,0.107177734375,0.0,0.12966418266296387,0.08769981563091278,1.4618314789120552,0.004015350714325905,0.00013746549666393548
C03_s05,C03,control,none,control_none,test,212,240.18867924528303,0.5573201282039502,0.9451688461719758,0.15750902891159058,0.08208601176738739,0.250244140625,0.00836076817558299,0.30114296078681946,0.15148456394672394,1.9749078397996715,0.00921447854489088,0.001105422037653625,0.20734308660030365,0.1584894359111786,0.4599609375,0.05788065843621399,0.4126873314380646,0.2785539925098419,1.4762347971958782,0.00937330536544323,0.0003669686266221106,0.16410470008850098,0.16023582220077515,0.442138671875,0.049310699588477364,0.37170565128326416,0.21907588839530945,1.68898853024549,0.008040012791752815,0.0003691337478812784,0.16756093502044678,0.11953850835561752,0.363525390625,0.0006790123456790123,0.31747037172317505,0.21523942053318024,1.468142908172757,0.006176848895847797,0.00020097068045288324,0.1449277698993683,0.15655429661273956,0.422119140625,0.03899519890260631,0.3360678255558014,0.1929663121700287,1.732609244337275,0.007168181240558624,0.00038781933835707605
C03_s06,C03,control,none,control_none,test,160,152.19375,0.503122761061023,0.9543574589429664,0.14795143902301788,0.07835876196622849,0.218994140625,0.008185871056241427,0.36961808800697327,0.1524663269519806,2.4084637675770155,0.008259330876171589,0.0010279071284458041,0.1682129055261612,0.1294645220041275,0.38037109375,0.01325445816186557,0.31851229071617126,0.2579403817653656,1.2300603271867643,0.008371198549866676,0.0002753012231551111,0.12172303348779678,0.12307008355855942,0.341064453125,0.008909465020576131,0.25576919317245483,0.18936757743358612,1.3435543836853494,0.006397077348083258,0.00022496467863675207,0.13674353063106537,0.09704370051622391,0.31103515625,0.0008676268861454047,0.23624534904956818,0.19392581284046173,1.211975702996938,0.0053104679100215435,0.00014798033225815743,0.10245747119188309,0.11610934138298035,0.309326171875,0.006851851851851852,0.19674408435821533,0.1611049622297287,1.2136832929234915,0.005344933830201626,0.00022103506489656866
C03_s07,C03,control,none,control_none,test,190,402.6421052631579,0.541415299574749,0.9435792922951443,0.17964062094688416,0.09658866375684738,0.298095703125,0.014125514403292181,0.30900269746780396,0.15814687311649323,1.941619658726304,0.010801097378134727,0.0013802858302369714,0.2660159170627594,0.1866275668144226,0.5478515625,0.15671467764060357,0.4797171354293823,0.29239386320114136,1.6350619273195355,0.00974462553858757,0.00040123669896274805,0.22396786510944366,0.19704194366931915,0.53857421875,0.13977709190672152,0.4506109654903412,0.23579277098178864,1.9029760225450336,0.008677227422595024,0.0003842306323349476,0.21004308760166168,0.140141561627388,0.423095703125,0.008473936899862826,0.36613860726356506,0.22310885787010193,1.6337533944141844,0.006525558419525623,0.00021343429398257285,0.20462548732757568,0.19683434069156647,0.5322265625,0.12868312757201647,0.4246942102909088,0.2106710821390152,2.0063874857123394,0.008241070434451103,0.00045873524504713714
C03_s08,C03,control,none,control_none,test,183,152.9672131147541,0.5197277938891735,0.9555628068236787,0.1456836760044098,0.08311514556407928,0.23060302436351776,0.009190672153635117,0.3772892653942108,0.13877548277378082,2.6992520999182195,0.00957232154905796,0.0012444041203707457,0.1400400847196579,0.07597993314266205,0.2384033203125,0.00037722908093278465,0.24377471208572388,0.19974206387996674,1.2143678677702965,0.008080489933490753,0.00021562552137766033,0.083690345287323,0.05214717611670494,0.1552734375,0.0,0.17138077318668365,0.11562002450227737,1.4695655734777942,0.005444149486720562,0.00013143768592271954,0.10955921560525894,0.04457132890820503,0.166748046875,8.573388203017832e-05,0.1637558937072754,0.1402408331632614,1.159409004037725,0.004553094506263733,9.826201858231798e-05,0.06231782212853432,0.03817819803953171,0.107666015625,3.429355281207133e-06,0.11114059388637543,0.08437635004520416,1.3017726083104968,0.003995289094746113,0.0001116359417210333
C03_s09,C03,control,none,control_none,test,156,382.2628205128205,0.5464529528250157,0.9499368220577252,0.16019609570503235,0.08949272334575653,0.266357421875,0.012359396433470508,0.3041340410709381,0.14845547080039978,2.0349475294692563,0.008999301120638847,0.0011371193686500192,0.20416992902755737,0.17185716331005096,0.49951171875,0.09943072702331962,0.4451007544994354,0.2615981996059418,1.6949878375684195,0.0084585752338171,0.00029150425689294934,0.1618134081363678,0.1762079894542694,0.482177734375,0.08479080932784637,0.4106432795524597,0.19664251804351807,2.0777071837449568,0.006813288666307926,0.00027003808645531535,0.16230863332748413,0.1284644454717636,0.389404296875,0.0053669410150891635,0.3386193811893463,0.19520333409309387,1.7258594648992018,0.005281361285597086,0.00015060660371091217,0.14502626657485962,0.17627212405204773,0.476318359375,0.0821159122085048,0.3859734833240509,0.17074814438819885,2.2473225821388954,0.006154920905828476,0.00030889775371178985
C03_s10,C03,control,none,control_none,test,172,363.36046511627904,0.5356084238303329,0.9525397654979159,0.16577817499637604,0.09250161796808243,0.2939453125,0.010994513031550069,0.31646400690078735,0.14468681812286377,2.1722212824629064,0.00985886063426733,0.0011932161869481206,0.2128785401582718,0.1740860491991043,0.53515625,0.11580246913580247,0.45341944694519043,0.24171952903270721,1.8680797904979898,0.00919051468372345,0.0003450005315244198,0.1661297082901001,0.178940087556839,0.5185546875,0.10725308641975309,0.41524815559387207,0.17036788165569305,2.423138756118697,0.007371509913355112,0.0002882533590309322,0.17009562253952026,0.12991127371788025,0.419921875,0.013007544581618655,0.34547004103660583,0.1826336532831192,1.8813002674622696,0.005824965890496969,0.00017775989545043558,0.14726923406124115,0.17978599667549133,0.5224609375,0.1071159122085048,0.3869493901729584,0.142194464802742,2.702264998203679,0.006276920437812805,0.0003061359457205981
C03_s11,C03,control,none,control_none,test,212,147.37735849056602,0.5214291193696828,0.9552313576062111,0.1596883237361908,0.08977124840021133,0.25927734375,0.014231824417009603,0.38233616948127747,0.15469644963741302,2.4556511749090273,0.010830294340848923,0.001472374191507697,0.1942535787820816,0.12451902031898499,0.380859375,0.017085048010973936,0.30940255522727966,0.25964272022247314,1.1870753764509028,0.008852186612784863,0.00030642145429737866,0.14039386808872223,0.11973997950553894,0.3369140625,0.010963648834019204,0.25072959065437317,0.1887260377407074,1.321534954506547,0.007217604201287031,0.00025393962278030813,0.15678685903549194,0.09362480789422989,0.308837890625,0.0008470507544581619,0.23322753608226776,0.19718967378139496,1.1767895452490622,0.00567649956792593,0.00015645001258235425,0.11679905652999878,0.11355022341012955,0.305908203125,0.010377229080932785,0.1847991943359375,0.15988124907016754,1.1486683215353348,0.006244137417525053,0.00027514295652508736
C03_s12,C03,control,none,control_none,test,188,176.56914893617022,0.5199156534474699,0.9520218740923827,0.15166623890399933,0.08736340701580048,0.25146484375,0.011210562414266118,0.36327052116394043,0.14721223711967468,2.451015707094522,0.009797743521630764,0.0012769916793331504,0.16410857439041138,0.1193123534321785,0.295166015625,0.025919067215363512,0.3156890869140625,0.23513147234916687,1.3369208423316568,0.008520410396158695,0.0002739355550147593,0.11290372908115387,0.11304223537445068,0.2271728515625,0.021262002743484224,0.2544200122356415,0.1614077240228653,1.566551183241887,0.00643570814281702,0.00021776182984467596,0.1309373676776886,0.08528736233711243,0.2393798828125,0.0003978052126200274,0.22817276418209076,0.17205674946308136,1.3184852072514366,0.005135339684784412,0.00013120746007189155,0.09286801517009735,0.10884176939725876,0.1806640625,0.020034293552812072,0.20205938816070557,0.1335369497537613,1.5018876861005728,0.005197364371269941,0.00022369429643731564
C03_s13,C03,control,none,control_none,test,230,137.11304347826086,0.5113346312503118,0.9554530630309288,0.16461288928985596,0.08659734576940536,0.252197265625,0.010963648834019204,0.36637741327285767,0.16610021889209747,2.192560941583449,0.010264885611832142,0.0014073370257392526,0.22382181882858276,0.15500828623771667,0.450927734375,0.03876200274348422,0.37677115201950073,0.3055282235145569,1.2291564792943384,0.00902417954057455,0.00032218702835962176,0.179989293217659,0.1599024534225464,0.43701171875,0.031169410150891634,0.3267015218734741,0.2531093657016754,1.2856728872284935,0.007666144520044327,0.0002905517176259309,0.1800498068332672,0.11838144063949585,0.358154296875,0.000901920438957476,0.2876967787742615,0.23419426381587982,1.2232304228281812,0.005970783066004515,0.00018223305232822895,0.15771417319774628,0.15341660380363464,0.411376953125,0.02030864197530864,0.27164873480796814,0.22622214257717133,1.1955205233385573,0.007052325177937746,0.0003439256688579917
C03_s14,C03,control,none,control_none,test,213,147.92488262910797,0.5419114016641563,0.9529654860337088,0.16071222722530365,0.08653095364570618,0.2474365234375,0.011762688614540466,0.35985857248306274,0.16638433933258057,2.1498939143168574,0.009819123893976212,0.0012631560675799847,0.22108715772628784,0.15608751773834229,0.45166015625,0.04978052126200274,0.392452597618103,0.3138163387775421,1.2466080990015604,0.009322276338934898,0.0003712457837536931,0.1768980622291565,0.15809574723243713,0.43212890625,0.04108024691358025,0.34740138053894043,0.25815969705581665,1.3404915366300907,0.008298544213175774,0.00038141588447615504,0.17988663911819458,0.118767149746418,0.3603515625,0.002112482853223594,0.30273884534835815,0.24285411834716797,1.2414752205142492,0.0062491376884281635,0.00019737359252758324,0.1560465693473816,0.15420666337013245,0.412109375,0.03512002743484225,0.2939872741699219,0.23446424305438995,1.2485431773265618,0.007583576254546642,0.0004273393133189529
C03_s15,C03,control,none,control_none,test,208,136.9278846153846,0.5320303783944227,0.9500834304599077,0.15089739859104156,0.0794636607170105,0.22998046875,0.007520576131687243,0.3518219590187073,0.1514207422733307,2.3082288786377743,0.009324145503342152,0.0011511467164382339,0.18482965230941772,0.12536123394966125,0.37451171875,0.008312757201646091,0.31155309081077576,0.25476402044296265,1.2181271246486935,0.008503276854753494,0.0002619924780447036,0.13500773906707764,0.11908763647079468,0.32763671875,0.006779835390946502,0.2511841356754303,0.18776844441890717,1.3306468485697365,0.006880129221826792,0.00023055179917719215,0.149414524435997,0.09501557797193527,0.304931640625,0.00012002743484224966,0.23414602875709534,0.19436533749103546,1.1985034385531126,0.005462148226797581,0.00013734196545556188,0.11115817725658417,0.10977834463119507,0.29443359375,0.0031824417009602194,0.18747451901435852,0.15688708424568176,1.1873961692942339,0.005836998578161001,0.00023430796863976866
C03_s16,C03,control,none,control_none,test,217,293.0046082949309,0.5248053058677596,0.948875972637762,0.17704854905605316,0.09311330318450928,0.2900390625,0.01385116598079561,0.3178032338619232,0.16246512532234192,1.9441653578109535,0.010729574598371983,0.0014056576183065772,0.26340651512145996,0.17856299877166748,0.53271484375,0.13113854595336077,0.469288170337677,0.30534231662750244,1.5319077543841548,0.008944227360188961,0.0003161949571222067,0.2207050323486328,0.18915046751499176,0.5224609375,0.1205829903978052,0.4395451843738556,0.2517903447151184,1.7387736262996918,0.008013701066374779,0.00030919836717657745,0.2089638113975525,0.13472874462604523,0.4130859375,0.01115912208504801,0.35880500078201294,0.23478014767169952,1.5217778270357745,0.006087011657655239,0.0001759106235112995,0.19913263618946075,0.18913336098194122,0.517578125,0.11451303155006859,0.4087313413619995,0.22553059458732605,1.8043096655733903,0.007312985602766275,0.0003448026836849749
C03_s17,C03,control,none,control_none,test,167,158.59281437125748,0.505454081092229,0.9554956882989839,0.14356651902198792,0.08092976361513138,0.21923828125,0.007513717421124828,0.37353840470314026,0.14140066504478455,2.623150703584591,0.008863965049386024,0.001092183985747397,0.1434013545513153,0.09057531505823135,0.2548828125,0.0004938271604938272,0.2626533508300781,0.2146965116262436,1.2176986491334676,0.007718935143202543,0.00019015894213225693,0.09072913974523544,0.0717800036072731,0.1763916015625,0.0003257887517146776,0.19098766148090363,0.1337050497531891,1.4178210975077574,0.0055945152416825294,0.0001454894372727722,0.11454284936189651,0.06039650738239288,0.1839599609375,0.0,0.18209843337535858,0.15481357276439667,1.1686942937295126,0.004576714709401131,9.61015175562352e-05,0.07001710683107376,0.05914932116866112,0.1239013671875,5.829903978052126e-05,0.12956058979034424,0.1019544005393982,1.2584269260133711,0.004150415305048227,0.00011717039160430431
C03_s18,C03,control,none,control_none,test,187,147.9572192513369,0.5069634515428513,0.9569774881084319,0.14009559154510498,0.07551993429660797,0.2177734375,0.0036762688614540464,0.3500728905200958,0.13425405323505402,2.5882617352081456,0.008836213499307632,0.0010295301908627152,0.13671468198299408,0.07213103771209717,0.2353515625,0.0003635116598079561,0.2450423389673233,0.1928095519542694,1.264346037109371,0.007695537526160479,0.00018988284864462912,0.08076488226652145,0.047159601002931595,0.147705078125,3.429355281207133e-05,0.16464410722255707,0.11201848089694977,1.4567892429263807,0.005231367889791727,0.00012783567945007235,0.1064508929848671,0.04029611498117447,0.160888671875,0.0,0.1598905622959137,0.1364165097475052,1.163546960912508,0.004347202368080616,9.315853822045028e-05,0.06050644442439079,0.03239841386675835,0.10589599609375,0.0,0.11401823163032532,0.08094731718301773,1.3913601512503666,0.0036557631101459265,9.283502731705084e-05
C03_s19,C03,control,none,control_none,test,193,741.6891191709844,0.5828881398285759,0.9436383197328796,0.21398355066776276,0.09654960036277771,0.32421875,0.015030864197530865,0.28884783387184143,0.1653861105442047,1.7360092914432401,0.011901000514626503,0.0013678516261279583,0.3814835846424103,0.20088733732700348,0.61865234375,0.37555555555555553,0.540550947189331,0.3232235610485077,1.6672167360115393,0.01054817158728838,0.00047334469854831696,0.35150083899497986,0.222020223736763,0.61865234375,0.3610528120713306,0.5291798710823059,0.2720656394958496,1.9379218566616803,0.011019483208656311,0.0005817442433908582,0.29589447379112244,0.14784498512744904,0.46533203125,0.03137174211248285,0.4113764762878418,0.2519279420375824,1.6264572153388874,0.0074997846968472,0.0002583338355179876,0.3328300714492798,0.2253396362066269,0.607421875,0.3427297668038409,0.5110517740249634,0.2463965266942978,2.0657192760691356,0.010334688238799572,0.0006179942283779383
C03_s20,C03,control,none,control_none,test,244,145.40573770491804,0.5245859721515218,0.9550372144540923,0.16419129073619843,0.09354054182767868,0.287353515625,0.01628257887517147,0.3858400583267212,0.15172824263572693,2.5263176716240405,0.012519419193267822,0.0016780104488134384,0.19704264402389526,0.10456400364637375,0.342529296875,0.007328532235939643,0.2854021489620209,0.24555683135986328,1.1575511714192201,0.009051671251654625,0.00032522116089239717,0.1365404576063156,0.09971970319747925,0.284912109375,0.004986282578875172,0.22333359718322754,0.16883307695388794,1.3150182590395258,0.00750611862167716,0.0002666503132786602,0.15769793093204498,0.07898073643445969,0.283935546875,4.801097393689986e-05,0.2129185050725937,0.18579010665416718,1.1398810616174762,0.005982438568025827,0.00017543714784551412,0.10949883610010147,0.09150974452495575,0.2476806640625,0.003580246913580247,0.15437747538089752,0.13661041855812073,1.1218443850288495,0.006245553493499756,0.00026809575501829386
C03_s21,C03,control,none,control_none,test,188,498.95212765957444,0.560704010538827,0.9515506638594359,0.18819278478622437,0.09969386458396912,0.31591796875,0.015987654320987654,0.3062814176082611,0.15252599120140076,1.99498088376756,0.011675490997731686,0.001474760938435793,0.286639004945755,0.19488051533699036,0.5927734375,0.2188477366255144,0.49915963411331177,0.27352505922317505,1.8182661922586825,0.009283666498959064,0.00036199382157064974,0.24133923649787903,0.2107248455286026,0.583984375,0.20656378600823044,0.4732120931148529,0.20628269016742706,2.282931067387385,0.008264845237135887,0.000344958680216223,0.22522568702697754,0.1464052051305771,0.45361328125,0.024214677640603567,0.38177767395973206,0.20857618749141693,1.8216653262449845,0.0061117312870919704,0.0001841683842940256,0.22213630378246307,0.21628904342651367,0.591796875,0.20607338820301782,0.45316773653030396,0.17900653183460236,2.5175071810543725,0.007154442369937897,0.0003658023488242179
C03_s22,C03,control,none,control_none,test,199,181.65829145728642,0.5389738226188565,0.9495304489595087,0.15463776886463165,0.0827932357788086,0.2447509765625,0.008415637860082304,0.33698388934135437,0.1529621183872223,2.1887454711023353,0.009263456799089909,0.001178900944069028,0.19134175777435303,0.14007249474525452,0.4150390625,0.037359396433470506,0.3665805459022522,0.2685585021972656,1.3599294509879152,0.008507106453180313,0.0002812333405017853,0.14279063045978546,0.1402207762002945,0.39013671875,0.030709876543209877,0.31443652510643005,0.20433561503887177,1.5313296967352914,0.006746711675077677,0.00024496231344528496,0.15324915945529938,0.10601067543029785,0.334716796875,0.000720164609053498,0.27679333090782166,0.2041771113872528,1.3490458513444994,0.005360864102840424,0.00014643772738054395,0.12166894227266312,0.1352812796831131,0.3642578125,0.025198902606310015,0.2678394019603729,0.17550155520439148,1.5174903226785217,0.005828876048326492,0.0002658363664522767
C03_s23,C03,control,none,control_none,test,278,232.26978417266187,0.5476706075469971,0.9481958110098175,0.18913495540618896,0.09818290919065475,0.3017578125,0.018082990397805213,0.3312424123287201,0.17496976256370544,1.8823825610880283,0.012096444144845009,0.0016739252023398876,0.29619985818862915,0.1840403527021408,0.55126953125,0.17617283950617285,0.4827300012111664,0.3441137969493866,1.398756020414803,0.00980716198682785,0.0004102105158381164,0.25553688406944275,0.19792520999908447,0.541015625,0.1575377229080933,0.4536854028701782,0.29684320092201233,1.5232357208952096,0.009303362108767033,0.0004379023448564112,0.2343188226222992,0.1400652676820755,0.427001953125,0.012136488340192044,0.37126919627189636,0.26582664251327515,1.391424757193896,0.006681273225694895,0.00021700604702346027,0.236083522439003,0.20039653778076172,0.54150390625,0.15101851851851852,0.42256399989128113,0.27698224782943726,1.5201114574429786,0.008787661790847778,0.0005160687724128366
C03_s24,C03,control,none,control_none,test,174,472.1551724137931,0.5319257805408759,0.9480204184829296,0.18126706779003143,0.10001414269208908,0.327392578125,0.010888203017832648,0.318419486284256,0.1471361517906189,2.1495055895222785,0.010955190286040306,0.0012905420735478401,0.259596586227417,0.19549930095672607,0.607421875,0.18372770919067216,0.49930328130722046,0.24895061552524567,1.997607728462623,0.009430681355297565,0.0003729807795025408,0.2125483602285385,0.20904067158699036,0.60205078125,0.17302126200274348,0.4707070589065552,0.17686086893081665,2.646490269254494,0.008048919960856438,0.0003465901827439666,0.2047276347875595,0.14543484151363373,0.464111328125,0.03593621399176955,0.37977784872055054,0.18909317255020142,1.9978510728482664,0.006066375412046909,0.00019518559565767646,0.19193346798419952,0.2101469784975052,0.59912109375,0.1712997256515775,0.44338271021842957,0.1476195752620697,2.9833399095414355,0.0069415876641869545,0.0003777164383791387
C03_s25,C03,control,none,control_none,test,205,513.9219512195122,0.5318263405173058,0.9508255938959898,0.2040918916463852,0.10669776052236557,0.350341796875,0.015582990397805212,0.32555174827575684,0.15349090099334717,2.107255159899521,0.013014751486480236,0.001571926288306713,0.31890830397605896,0.20635581016540527,0.642578125,0.26834705075445814,0.5299733281135559,0.2659618556499481,1.9852024433351247,0.009320058859884739,0.00036234501749277115,0.2725117802619934,0.23016801476478577,0.642578125,0.26034979423868315,0.5091089606285095,0.19520963728427887,2.5947194423018356,0.008502528071403503,0.00034847657661885023,0.24772100150585175,0.15351614356040955,0.48583984375,0.06069272976680384,0.40131470561027527,0.20322857797145844,1.9650271749253438,0.006183922290802002,0.00019006588263437152,0.24931704998016357,0.23369967937469482,0.62939453125,0.25780178326474623,0.4816353917121887,0.16606365144252777,2.8829454375829804,0.007206330541521311,0.00035867499536834657
C03_s26,C03,control,none,control_none,test,225,144.11111111111111,0.5060588685905644,0.9531771092247232,0.15800970792770386,0.08373647183179855,0.255615234375,0.008902606310013718,0.36141952872276306,0.1506599634885788,2.383091228621988,0.010491043329238892,0.001326284953393042,0.19549766182899475,0.11600636690855026,0.368408203125,0.007904663923182441,0.29869526624679565,0.24794822931289673,1.1998288442187437,0.008802937343716621,0.0003267550782766193,0.13925376534461975,0.11168346554040909,0.323486328125,0.004074074074074074,0.23320823907852173,0.17540551722049713,1.3220008237442162,0.007207531947642565,0.0002694565337151289,0.15688233077526093,0.08608514070510864,0.29931640625,4.801097393689986e-05,0.22107422351837158,0.18786358833312988,1.170549736291288,0.005710626486688852,0.00017799720808397979,0.11469773203134537,0.10344016551971436,0.287841796875,0.0029801097393689986,0.1701507866382599,0.14419618248939514,1.171868183591448,0.0060387528501451015,0.0002705901279114187
C03_s27,C03,control,none,control_none,test,139,995.6402877697842,0.5969945486318762,0.9485506077364388,0.20623059570789337,0.09957076609134674,0.32666015625,0.012698902606310014,0.2914537191390991,0.15077197551727295,1.9203394971025411,0.011091513559222221,0.0012247312115505338,0.3499842584133148,0.21835123002529144,0.62841796875,0.3612002743484225,0.5431526303291321,0.27173250913619995,1.9915214069984115,0.010313049890100956,0.00044925740803591907,0.3156674802303314,0.23654578626155853,0.623046875,0.3406310013717421,0.5263234972953796,0.2098226100206375,2.4965230116630166,0.010081294924020767,0.0005207447102293372,0.27163323760032654,0.1608150154352188,0.472900390625,0.039636488340192046,0.4125300347805023,0.20953653752803802,1.9594225288594573,0.006978312507271767,0.00023233448155224323,0.29970288276672363,0.24086640775203705,0.61572265625,0.33776063100137177,0.5126705765724182,0.18213853240013123,2.799359424003175,0.009249920956790447,0.0005543382139876485
C03_s28,C03,control,none,control_none,test,223,155.5695067264574,0.5274296667289415,0.9507216583808548,0.1562550961971283,0.0831466019153595,0.2491455078125,0.007764060356652949,0.34533894062042236,0.155349999666214,2.2087556210916155,0.00972532294690609,0.0012068342184647918,0.19417376816272736,0.13484477996826172,0.412109375,0.02492798353909465,0.3440698981285095,0.2734026312828064,1.2538870218554947,0.008657043799757957,0.0002824266266543418,0.1446719914674759,0.1355050504207611,0.38330078125,0.020075445816186557,0.2881968319416046,0.21077586710453033,1.360857759110738,0.006915655918419361,0.00024036924878600985,0.1555345207452774,0.10163683444261551,0.330322265625,0.00030178326474622773,0.25816550850868225,0.2073219120502472,1.2392623798806761,0.005543525330722332,0.000155179004650563,0.12247569859027863,0.12873955070972443,0.3515625,0.013535665294924554,0.234613835811615,0.18218716979026794,1.2807329032935315,0.0059404815547168255,0.00025883832131512463
C03_s29,C03,control,none,control_none,test,183,195.327868852459,0.5309756031606738,0.9541101109141281,0.1539524495601654,0.08447607606649399,0.252685546875,0.009571330589849108,0.34840157628059387,0.14643439650535583,2.363095617703685,0.009455245919525623,0.001163502805866301,0.17601971328258514,0.12778247892856598,0.34619140625,0.04014746227709191,0.3408815562725067,0.23536686599254608,1.4421714940505093,0.008354187943041325,0.0002683079510461539,0.12426064908504486,0.1258845031261444,0.29296875,0.035582990397805214,0.28517380356788635,0.1623421609401703,1.7458677044951127,0.006244944408535957,0.00019521448120940477,0.1404085010290146,0.09339141100645065,0.2861328125,0.002654320987654321,0.24903884530067444,0.17371803522109985,1.4253757202885442,0.005197854246944189,0.00013815292913932353,0.10363194346427917,0.12379880249500275,0.25634765625,0.036714677640603564,0.23990768194198608,0.13385629653930664,1.7789876194031478,0.005069758743047714,0.00018857828399632126
C03_s30,C03,control,none,control_none,test,213,152.89201877934272,0.5325349293389563,0.9512611178645886,0.15396137535572052,0.08527486026287079,0.2445068359375,0.010301783264746229,0.3550318777561188,0.15578027069568634,2.2645188465406005,0.009473013691604137,0.0012318722438067198,0.18618229031562805,0.13308711349964142,0.413818359375,0.029211248285322358,0.3437204360961914,0.2713821828365326,1.261904991423289,0.008467881940305233,0.000279460713500157,0.13598589599132538,0.1330510675907135,0.390380859375,0.024053497942386832,0.2884053587913513,0.2066156268119812,1.3891312673324638,0.006647801026701927,0.00022956625616643578,0.1489281952381134,0.09858670085668564,0.330810546875,0.0007133058984910836,0.2563668191432953,0.20457227528095245,1.2470884937811906,0.005365429911762476,0.00014913262566551566,0.11419609934091568,0.12730565667152405,0.3583984375,0.017506858710562415,0.23446571826934814,0.17768730223178864,1.3121565737514194,0.005664146970957518,0.00025559583446010947
C03_s31,C03,control,none,control_none,test,179,365.7262569832402,0.520329429219079,0.9515833386438828,0.16879324615001678,0.08953984081745148,0.29931640625,0.0076851851851851855,0.3118526041507721,0.14727745950222015,2.1031693232247664,0.009634438902139664,0.0010809119557961822,0.2319345921278,0.17765846848487854,0.54443359375,0.12471879286694101,0.4652880132198334,0.25424981117248535,1.8228730947245029,0.008896790444850922,0.0003053557884413749,0.18455900251865387,0.18675121665000916,0.529296875,0.11583333333333333,0.43136781454086304,0.18464778363704681,2.323581817621989,0.0077524068765342236,0.0003337455855216831,0.18302011489868164,0.13148492574691772,0.419921875,0.01600480109739369,0.3502075970172882,0.19150660932064056,1.8191977836666355,0.005663073621690273,0.00015779327077325433,0.16561312973499298,0.18778885900974274,0.53369140625,0.115099451303155,0.4049193859100342,0.1571539342403412,2.5602865199337494,0.006673480849713087,0.00033951931982301176
C03_s32,C03,control,none,control_none,test,225,557.9955555555556,0.5804449014479374,0.9404249687821833,0.2159697562456131,0.09107300639152527,0.322509765625,0.013436213991769547,0.2936825752258301,0.18007704615592957,1.6218652858570122,0.01201549917459488,0.0013119617942720652,0.39271193742752075,0.18577149510383606,0.60986328125,0.35878257887517145,0.5403002500534058,0.3656456768512726,1.4736304944148435,0.010609626770019531,0.00048248423263430595,0.36486372351646423,0.2064790278673172,0.6103515625,0.34516117969821675,0.5303370356559753,0.32755759358406067,1.6141372045942073,0.011380305513739586,0.0006126135122030973,0.30544334650039673,0.1370309740304947,0.458740234375,0.022914951989026062,0.4114527702331543,0.28634506464004517,1.431911735629,0.00761360814794898,0.0002664451312739402,0.3438808023929596,0.20997518301010132,0.59814453125,0.31685185185185183,0.50908362865448,0.3038252890110016,1.6700833133175719,0.01112151425331831,0.0006890398217365146
C03_s33,C03,control,none,control_none,test,199,304.36180904522615,0.5539468306208293,0.9506880066844798,0.1712007373571396,0.09521300345659256,0.306884765625,0.012126200274348423,0.32995307445526123,0.150847390294075,2.172925552531776,0.01092567015439272,0.0013407988008111715,0.2277822047472,0.16590626537799835,0.5166015625,0.10877914951989026,0.4383038878440857,0.26072433590888977,1.6746776195724724,0.008942976593971252,0.000327503279550001,0.17624109983444214,0.17174693942070007,0.4921875,0.09608710562414266,0.39754876494407654,0.18993917107582092,2.0820702357936396,0.007638274226337671,0.00030941536533646286,0.1815411001443863,0.12505492568016052,0.4091796875,0.01392318244170096,0.3356865644454956,0.1983841210603714,1.683617344551993,0.00583600252866745,0.00017179899441543967,0.1556103676557541,0.17379678785800934,0.49755859375,0.09895061728395062,0.36470797657966614,0.16341428458690643,2.2182256091433956,0.006509438157081604,0.00031142114312388003
C03_s34,C03,control,none,control_none,test,204,280.70588235294116,0.5184703971037623,0.9549383933380546,0.1722477823495865,0.09635331481695175,0.3173828125,0.012637174211248286,0.3415086567401886,0.14936202764511108,2.2712426939747545,0.011147082783281803,0.0013755884720012546,0.22765882313251495,0.16192881762981415,0.490966796875,0.09695130315500686,0.43438345193862915,0.2531331479549408,1.709275060865526,0.00906318984925747,0.0003114253922831267,0.1749051809310913,0.16861948370933533,0.465087890625,0.09015089163237311,0.3943972885608673,0.17968334257602692,2.182809344446985,0.007798383943736553,0.0002886629954446107,0.18155401945114136,0.12192925065755844,0.3894287049770355,0.01868655692729767,0.3308931887149811,0.1922355443239212,1.712382625425807,0.005867030005902052,0.0001605384168215096,0.15225324034690857,0.16751928627490997,0.458984375,0.09017832647462277,0.3545692265033722,0.15069901943206787,2.337320490473911,0.006581150460988283,0.00028577912598848343
C03_s35,C03,control,none,control_none,test,237,179.22784810126583,0.5476729798703954,0.9459014700111757,0.16495496034622192,0.09034991264343262,0.267578125,0.01291838134430727,0.34216296672821045,0.1618691086769104,2.100846314613117,0.010468270629644394,0.0014203398022800684,0.21767909824848175,0.156964972615242,0.462646484375,0.0621159122085048,0.4008602201938629,0.29765692353248596,1.3422097015281815,0.009358003735542297,0.0003579003387130797,0.17086878418922424,0.16048932075500488,0.44384765625,0.04879286694101509,0.3538685441017151,0.23904572427272797,1.4741714111919249,0.0077241272665560246,0.00029932684265077114,0.17516954243183136,0.11888502538204193,0.36767578125,0.002993827160493827,0.30809900164604187,0.2288789451122284,1.3402662931815088,0.006182470358908176,0.00019333744421601295,0.14975281059741974,0.15752680599689484,0.425048828125,0.04519547325102881,0.3076380789279938,0.21334943175315857,1.4352176089846833,0.00694161094725132,0.0003486350178718567
C03_s36,C03,control,none,control_none,test,228,147.48684210526315,0.530526239659628,0.9506045728187615,0.1701190322637558,0.0888780802488327,0.26025390625,0.013449931412894377,0.36399388313293457,0.17323952913284302,2.0890430830734155,0.010517911054193974,0.0013858721358701587,0.2539345920085907,0.16119465231895447,0.475830078125,0.07077503429355281,0.42150217294692993,0.3340352475643158,1.2580830703969896,0.009810690768063068,0.00039511785143986344,0.20914290845394135,0.16988039016723633,0.46337890625,0.06148491083676269,0.3801874816417694,0.2842167317867279,1.3329774843856506,0.009010199457406998,0.0004099086218047887,0.20325224101543427,0.12453820556402206,0.37744140625,0.003762002743484225,0.32810452580451965,0.25839319825172424,1.2648925569980272,0.006671578157693148,0.0002152530796593055,0.18682986497879028,0.16630643606185913,0.443359375,0.050456104252400547,0.3267108201980591,0.26060402393341064,1.2488753624111717,0.008426669985055923,0.0004670256457757205
C03_s37,C03,control,none,control_none,test,233,267.7381974248927,0.544725793080554,0.9493156162439002,0.16777978837490082,0.08854454755783081,0.28173828125,0.009571330589849108,0.30766165256500244,0.149037167429924,2.050569587756968,0.010651394724845886,0.0012598629109561443,0.23104916512966156,0.15648610889911652,0.482177734375,0.08835048010973937,0.4218098223209381,0.2601066529750824,1.6154694547794297,0.009379581548273563,0.0003390448691789061,0.17920802533626556,0.1632658839225769,0.467041015625,0.08037379972565158,0.38076919317245483,0.19110384583473206,1.9821008346706008,0.00789616908878088,0.00029750156681984663,0.18445895612239838,0.11707573384046555,0.37890625,0.00806241426611797,0.32279273867607117,0.19975072145462036,1.6079281625348398,0.006156346295028925,0.00017779757035896182,0.15666727721691132,0.16348889470100403,0.456298828125,0.07811385459533608,0.34507110714912415,0.1621493250131607,2.1150630388528326,0.0069627920165658,0.0003314734494779259
C03_s38,C03,control,none,control_none,test,154,1001.6493506493506,0.5449101060006745,0.9412902783738877,0.2209712266921997,0.0974927470088005,0.336669921875,0.012969821673525377,0.29412758350372314,0.16500476002693176,1.7718021064938463,0.011234556324779987,0.0011831895681098104,0.3946174085140228,0.21208113431930542,0.63525390625,0.439338134430727,0.557438313961029,0.31901437044143677,1.7419165057871715,0.009265768341720104,0.00034679617965593934,0.36755338311195374,0.23266766965389252,0.6328125,0.42853566529492454,0.5484088659286499,0.26727667450904846,2.044191381648251,0.009089424274861813,0.0003789679321926087,0.30348995327949524,0.15488818287849426,0.47607421875,0.03957818930041152,0.4208850562572479,0.24734032154083252,1.6947914605484045,0.0065836068242788315,0.00019655820506159216,0.34906694293022156,0.23578907549381256,0.61767578125,0.41125857338820304,0.5311612486839294,0.23952725529670715,2.2083204168637978,0.00839226320385933,0.00041484381654299796
C03_s39,C03,control,none,control_none,test,160,161.85625,0.5030660512574489,0.9599187884365857,0.1392989456653595,0.07456670701503754,0.2078857421875,0.003936899862825789,0.3551580607891083,0.13549348711967468,2.602014706223404,0.008256127126514912,0.0009492826648056507,0.13205628097057343,0.0771683007478714,0.236328125,0.0001234567901234568,0.25216493010520935,0.1950674057006836,1.2861134628881876,0.007740012835711241,0.00018532667309045792,0.07938842475414276,0.053454264998435974,0.1507568359375,0.0,0.17413635551929474,0.11557193100452423,1.4938103368343139,0.005265909247100353,0.00012104021152481437,0.10501977801322937,0.04646412283182144,0.166259765625,0.0,0.1695752888917923,0.14019079506397247,1.2010364331113725,0.004467193968594074,9.090547973755747e-05,0.059822678565979004,0.03922498971223831,0.105712890625,0.0,0.11840123683214188,0.08318273723125458,1.4064788188923723,0.0037984715308994055,9.591795969754457e-05
C03_s40,C03,control,none,control_none,test,170,157.76470588235293,0.4972177955347681,0.9568095032265296,0.14327619969844818,0.0784095823764801,0.217041015625,0.007750342935528121,0.364279180765152,0.1391465663909912,2.599272962199153,0.00874432921409607,0.0010837678564712405,0.13978400826454163,0.0875324234366417,0.245849609375,0.0021536351165980794,0.2600460648536682,0.20524370670318604,1.2608678781549993,0.007789790630340576,0.0002006370050366968,0.08654436469078064,0.0667257308959961,0.1658935546875,6.858710562414266e-06,0.18512174487113953,0.12372918426990509,1.4841894938601476,0.005468626040965319,0.0001360587775707245,0.11193091422319412,0.05819906294345856,0.17529296875,0.00010973936899862826,0.1796559989452362,0.14720259606838226,1.212232469007095,0.004579133819788694,9.72302004811354e-05,0.06679520010948181,0.05490740016102791,0.1153564453125,0.0,0.1276937872171402,0.09232597798109055,1.3682555487713524,0.0041035558097064495,0.00011705286306096241
C03_s41,C03,control,none,control_none,test,237,292.34599156118145,0.5469255920564148,0.948459086636807,0.1867041289806366,0.09548640251159668,0.30419921875,0.015747599451303156,0.3220580816268921,0.16723398864269257,1.9143461093994638,0.011739634908735752,0.001548628555610776,0.2956312298774719,0.17898432910442352,0.55859375,0.1611042524005487,0.4860936999320984,0.3223622739315033,1.5032480258815408,0.009681194089353085,0.00040999488555826247,0.25242626667022705,0.19137656688690186,0.5458984375,0.1464917695473251,0.4566798806190491,0.27052775025367737,1.6818902679096026,0.009287687949836254,0.0004322591994423419,0.235160693526268,0.13528752326965332,0.431396484375,0.013683127572016462,0.37342676520347595,0.25094595551490784,1.4821701123969024,0.006731674075126648,0.00022309365158434957,0.23102615773677826,0.19383011758327484,0.5498046875,0.14073731138545953,0.4276609718799591,0.24671487510204315,1.726424267835306,0.008579426445066929,0.0004688972549047321
C03_s42,C03,control,none,control_none,test,177,157.49717514124293,0.5250526027104225,0.9576804928736787,0.14530035853385925,0.08236456662416458,0.22998046875,0.008727709190672154,0.37379029393196106,0.13992510735988617,2.652403825937117,0.009451676160097122,0.0011821971274912357,0.14323455095291138,0.08001811802387238,0.2435302734375,0.00018518518518518518,0.25132736563682556,0.2021808624267578,1.236963770283353,0.008184901438653469,0.00023696987773291767,0.08847778290510178,0.058061376214027405,0.165283203125,0.0,0.18182720243930817,0.12114495784044266,1.488618160373252,0.005732206627726555,0.0001555343478685245,0.11470192670822144,0.05098358914256096,0.1771240234375,0.0,0.1749148815870285,0.14609435200691223,1.189133907594283,0.004900317173451185,0.00011674021516228095,0.06640523672103882,0.044288698583841324,0.114013671875,0.0,0.11879244446754456,0.08948768675327301,1.3128023129981023,0.004350930918008089,0.0001320838346146047
C03_s43,C03,control,none,control_none,test,199,195.3819095477387,0.5297011714665308,0.9527053491129786,0.15091706812381744,0.07971702516078949,0.251708984375,0.005936213991769548,0.3252292275428772,0.1441856324672699,2.240092370133082,0.009153399616479874,0.0010201905388385057,0.1783464550971985,0.11682018637657166,0.328125,0.02371056241426612,0.332748144865036,0.23344078660011292,1.4193270279057992,0.00850842148065567,0.00023412000155076385,0.12244855612516403,0.10842760652303696,0.259521484375,0.018113854595336078,0.27009910345077515,0.15702620148658752,1.7092045553831767,0.006516297347843647,0.00017118635878432542,0.14391857385635376,0.08400961756706238,0.26708984375,0.0,0.24621963500976562,0.1743607521057129,1.4040749258496383,0.005250665359199047,0.00011761122732423246,0.09960499405860901,0.10095078498125076,0.2158203125,0.016217421124828532,0.21937698125839233,0.1249273493885994,1.7420916292092878,0.005572689231485128,0.00019390233501326293
C03_s44,C03,control,none,control_none,test,156,164.51282051282053,0.5211099155151943,0.9569614017755718,0.1400616616010666,0.07590745389461517,0.2056884765625,0.004886831275720165,0.36164095997810364,0.13707715272903442,2.6191223734732976,0.008255434222519398,0.0009812399512156844,0.12763077020645142,0.0786467120051384,0.234375,0.00043895747599451303,0.24691276252269745,0.19608426094055176,1.2528284163552557,0.00794045627117157,0.00023395773314405233,0.07696051150560379,0.053632840514183044,0.151123046875,0.0,0.1718236654996872,0.11395987868309021,1.4946402820531268,0.005332403350621462,0.00015735167835373431,0.10301523655653,0.04899685084819794,0.162353515625,6.858710562414266e-06,0.16779665648937225,0.13939620554447174,1.1951651815562863,0.004676607437431812,0.00012149626127211377,0.05817714333534241,0.04163384065032005,0.10491943359375,3.429355281207133e-06,0.11460364609956741,0.08364636451005936,1.3539110245655965,0.004134205169975758,0.00015470889047719538
C03_s45,C03,control,none,control_none,test,162,552.1728395061729,0.540759191582485,0.9498815602653355,0.17558546364307404,0.08898597955703735,0.293701171875,0.008072702331961591,0.28620585799217224,0.14698785543441772,1.93398206327145,0.009681564755737782,0.0010904512600973248,0.26109203696250916,0.19321420788764954,0.564013659954071,0.17603566529492456,0.4840772747993469,0.2649393081665039,1.820254696971188,0.009395761415362358,0.0003575034497771412,0.21937872469425201,0.20223696529865265,0.55078125,0.1556310013717421,0.4546818733215332,0.2005624920129776,2.2557861275710884,0.008711847476661205,0.00042313567246310413,0.20695903897285461,0.1445491760969162,0.43408203125,0.011364883401920439,0.37039923667907715,0.2029365748167038,1.8162472180970402,0.006175834219902754,0.00018883220036514103,0.2032875269651413,0.20562425255775452,0.55908203125,0.15829561042524007,0.4382876455783844,0.17431823909282684,2.4999546416064646,0.007836977951228619,0.0004355536075308919
C03_s46,C03,control,none,control_none,test,180,352.3666666666667,0.542275568901296,0.9490804112297003,0.16230838000774384,0.08898843824863434,0.283203125,0.007438271604938272,0.3037269115447998,0.14215809106826782,2.121618898927351,0.00972091592848301,0.0011530084302648902,0.213447704911232,0.1722182184457779,0.51611328125,0.10887860082304526,0.4462536573410034,0.2386871576309204,1.861817135935844,0.009053254500031471,0.00033613527193665504,0.16948218643665314,0.17829272150993347,0.5068359375,0.10353566529492456,0.4112257659435272,0.1725679188966751,2.3692498507649313,0.007393268868327141,0.0002835483755916357,0.17094314098358154,0.1268208622932434,0.40185546875,0.009029492455418382,0.3372129201889038,0.18278174102306366,1.8348554013675675,0.005899430252611637,0.00017411672160960734,0.14946357905864716,0.17887650430202484,0.50048828125,0.10020576131687242,0.3829578161239624,0.1421642005443573,2.6749551540666663,0.006270157173275948,0.0002982711885124445
C03_s47,C03,control,none,control_none,test,204,279.4264705882353,0.5688493506406702,0.946566700640153,0.16873392462730408,0.0924128070473671,0.302978515625,0.010768175582990399,0.3281089663505554,0.15406307578086853,2.1159709666421893,0.010351068340241909,0.001191776362247765,0.22743168473243713,0.16668619215488434,0.48974609375,0.09431755829903977,0.4400637149810791,0.2758956849575043,1.5892761747031794,0.009088370949029922,0.00037120693014003336,0.17900003492832184,0.1688092052936554,0.4658203125,0.08326817558299039,0.3984391689300537,0.2069934457540512,1.9156332906816755,0.008314790204167366,0.0004051946452818811,0.1838686466217041,0.12445296347141266,0.38720703125,0.009650205761316873,0.3392477035522461,0.21315425634384155,1.5841277653970938,0.006227436475455761,0.00020544421568047255,0.15682029724121094,0.16722816228866577,0.455078125,0.08205075445816186,0.35920408368110657,0.17864634096622467,1.9995068185031422,0.007415803149342537,0.00042285121162422
C03_s48,C03,control,none,control_none,test,200,157.81,0.5228194474641142,0.9558943882943052,0.14945650100708008,0.08304890245199203,0.2484130859375,0.007722908093278464,0.361946702003479,0.14288859069347382,2.5154649180944086,0.009909133426845074,0.001180873136036098,0.1569577157497406,0.08941495418548584,0.260009765625,0.002397119341563786,0.2654765844345093,0.2159900665283203,1.2234504034306142,0.008472791872918606,0.0002486387675162405,0.09919139742851257,0.07158658653497696,0.1846923828125,0.0001646090534979424,0.1916889250278473,0.13540075719356537,1.4053362237265505,0.006184760946780443,0.0001791852992027998,0.12433624267578125,0.061814650893211365,0.198974609375,0.0003429355281207133,0.1878720074892044,0.15911637246608734,1.1733466390452714,0.005132664926350117,0.00013190780009608716,0.07586020976305008,0.05996355414390564,0.126953125,0.00010288065843621399,0.1301083117723465,0.10258369892835617,1.2560693730616448,0.004759679548442364,0.00016952741134446114
C03_s49,C03,control,none,control_none,test,183,154.49726775956285,0.5275270345608475,0.9555893060204415,0.14395762979984283,0.07566527277231216,0.2227783203125,0.005113168724279835,0.3459579646587372,0.1417870968580246,2.4228937507058395,0.00872012972831726,0.0009693270549178123,0.1542549729347229,0.0960933044552803,0.273193359375,0.0015089163237311386,0.272427499294281,0.2178163230419159,1.245005379430014,0.008397940546274185,0.00026233671815134585,0.10028703510761261,0.07665178179740906,0.1990966796875,0.00037037037037037035,0.19945372641086578,0.13992740213871002,1.415294139989541,0.006285070441663265,0.00019850947137456387,0.12576821446418762,0.06714701652526855,0.221923828125,1.7146776406035666e-05,0.19567272067070007,0.16258275508880615,1.1961696119158334,0.005253279116004705,0.0001349505764665082,0.07803621143102646,0.06457512080669403,0.1473388671875,9.945130315500686e-05,0.1392909586429596,0.10712612420320511,1.288226685913437,0.004984868690371513,0.00018579760217107832
C04_s01,C04,control,none,control_none,test,172,931.796511627907,0.5960482263898152,0.9380569885416183,0.26812222599983215,0.0894247367978096,0.375732421875,0.009447873799725651,0.3314470648765564,0.22450971603393555,1.4697684459266447,0.010734012350440025,0.0008288576500490308,0.520069420337677,0.17519956827163696,0.68017578125,0.682417695473251,0.6340676546096802,0.4875667095184326,1.297811828469983,0.0091335354372859,0.0003519474412314594,0.5080581307411194,0.19116510450839996,0.681640625,0.6652023319615912,0.6327711939811707,0.4756540358066559,1.3275271925691619,0.009706077165901661,0.00042056196252815425,0.39457717537879944,0.12326237559318542,0.50830078125,0.14373113854595337,0.47434255480766296,0.37164315581321716,1.2729136371027874,0.006725938059389591,0.00019614140910562128,0.4884173572063446,0.1915244460105896,0.6513671875,0.6463683127572016,0.609486997127533,0.46444499492645264,1.3094715890625082,0.009727519005537033,0.00048311910359188914
C04_s02,C04,control,none,control_none,test,184,178.16304347826087,0.5631877708508309,0.9491216210452142,0.1442311555147171,0.07569979876279831,0.2322998046875,0.004087791495198902,0.3299982249736786,0.1400889903306961,2.338936753322859,0.008576622232794762,0.0009215348982252181,0.1523665189743042,0.10330355912446976,0.278076171875,0.005336076817558299,0.2994358241558075,0.21779948472976685,1.368539896360507,0.009080885909497738,0.00033153247204609215,0.09976658225059509,0.08490756154060364,0.203857421875,0.0016358024691358025,0.2236126810312271,0.1418776661157608,1.5650639257366792,0.006673586554825306,0.00024139396555256099,0.12320670485496521,0.07182273268699646,0.222412109375,0.00026406035665294924,0.2160937786102295,0.16199304163455963,1.3257853000542499,0.005618758033961058,0.00016973244783002883,0.0793842300772667,0.07490593194961548,0.149658203125,0.0013305898491083677,0.17077167332172394,0.11181378364562988,1.5137483009890982,0.0054342299699783325,0.00023702553880866617
C04_s03,C04,control,none,control_none,test,173,158.9364161849711,0.5174918232186122,0.9557813923435174,0.14207641780376434,0.07814335078001022,0.2191162109375,0.005387517146776406,0.36018967628479004,0.13832418620586395,2.585263091022671,0.008759807795286179,0.0010427446104586124,0.13304941356182098,0.08425763994455338,0.2423095703125,0.0007441700960219478,0.2567460536956787,0.19990375638008118,1.2779554664470878,0.008266251534223557,0.000255037157330662,0.08239483088254929,0.06244303286075592,0.162841796875,0.0,0.18212947249412537,0.12090784311294556,1.4939930675779858,0.005783312954008579,0.0001837259333115071,0.10775575041770935,0.05471443757414818,0.174560546875,0.0,0.17764079570770264,0.14495879411697388,1.2170612725488692,0.004894203040748835,0.00012667237024288625,0.06271320581436157,0.04946858063340187,0.112548828125,0.0,0.12218188494443893,0.08998191356658936,1.3429249853600236,0.004379809834063053,0.00016013665299396962
C04_s04,C04,control,none,control_none,test,146,153.42465753424656,0.5203531358512262,0.9562886453696073,0.1377977877855301,0.07473962008953094,0.18798828125,0.006323731138545953,0.37292224168777466,0.13758571445941925,2.6909140176708037,0.007851418107748032,0.0009657946648076177,0.1245582327246666,0.0784752145409584,0.233642578125,0.00024005486968449932,0.2506367564201355,0.1963217556476593,1.2701932212060603,0.00782060343772173,0.00021178068709559739,0.07496381551027298,0.05326969921588898,0.1480712890625,0.0,0.17629562318325043,0.11484873294830322,1.5217742887349597,0.005206258501857519,0.00013644710998050869,0.10051024705171585,0.04711805656552315,0.16064453125,0.0,0.16914427280426025,0.1387978196144104,1.2099206788116803,0.00451066717505455,0.00010119152284460142,0.05660506710410118,0.039056360721588135,0.1036376953125,0.0,0.116617351770401,0.08366735279560089,1.3773591345407004,0.0038223860319703817,0.00011015231575584039
C04_s05,C04,control,none,control_none,test,170,158.9294117647059,0.5176200234817516,0.9544286374916455,0.14247681200504303,0.07852869480848312,0.2200927734375,0.006793552812071331,0.3632130026817322,0.13849401473999023,2.603789154385891,0.008737385272979736,0.0010593620827421546,0.13506652414798737,0.08882956951856613,0.2449951171875,0.0025857338820301783,0.2659251391887665,0.20241324603557587,1.3073147613123366,0.008276613429188728,0.00024765252601355314,0.08444134145975113,0.06625664979219437,0.16650390625,1.7146776406035666e-05,0.1911775767803192,0.12350118160247803,1.5355482921498158,0.0057470351457595825,0.0001645285519771278,0.1095186248421669,0.0590958297252655,0.17724609375,0.00029492455418381343,0.1868753433227539,0.14748890697956085,1.2585138319354512,0.0049216304905712605,0.00011984843149548396,0.0646948516368866,0.053193360567092896,0.1148681640625,6.858710562414266e-06,0.13152796030044556,0.09217792749404907,1.4115785126133629,0.004329364746809006,0.0001452341821277514
C04_s06,C04,control,none,control_none,test,146,159.3013698630137,0.4859483375142977,0.9582137004759429,0.1393432468175888,0.07765456289052963,0.19384765625,0.008196159122085048,0.37929269671440125,0.13847321271896362,2.719466263953281,0.008062629029154778,0.0010048605035990477,0.12177983671426773,0.07869534194469452,0.233642578125,0.0005658436213991769,0.2478402554988861,0.1959257274866104,1.258546857549314,0.007788920775055885,0.00021263645612634718,0.07301649451255798,0.05198109894990921,0.146728515625,0.0,0.17479035258293152,0.1124197393655777,1.5410928781941768,0.0051481276750564575,0.00013404188212007284,0.09823833405971527,0.046226296573877335,0.15771484375,1.3717421124828532e-05,0.16651257872581482,0.13731323182582855,1.203880326760757,0.0044401343911886215,0.00010202652629232034,0.0549333430826664,0.03796476498246193,0.10235595703125,0.0,0.11454392969608307,0.08191412687301636,1.3814766435580754,0.0037782888393849134,0.0001104998227674514
C04_s07,C04,control,none,control_none,test,207,155.7536231884058,0.53152079028907,0.9487235373079893,0.15392479300498962,0.07989063113927841,0.2340087890625,0.00869684499314129,0.33618491888046265,0.16055355966091156,2.0809502408123275,0.008701041340827942,0.0010848881211131811,0.20145349204540253,0.15168124437332153,0.42919921875,0.03316872427983539,0.38689613342285156,0.30032944679260254,1.2839639057550933,0.008604585193097591,0.0002868548908736557,0.1575993001461029,0.15022219717502594,0.404052734375,0.026704389574759946,0.3403204381465912,0.24326682090759277,1.3932323550210526,0.007249628659337759,0.0002765256795100868,0.16402307152748108,0.11566567420959473,0.344970703125,0.0013854595336076818,0.30018752813339233,0.23225772380828857,1.2869349971883994,0.005701401736587286,0.0001603698474355042,0.1372031271457672,0.14382591843605042,0.376708984375,0.02135116598079561,0.2886556088924408,0.21666568517684937,1.3261420083644027,0.006528215482831001,0.0003020533767994493
C04_s08,C04,control,none,control_none,test,144,157.93055555555554,0.527477418795637,0.9581559441347687,0.136015385389328,0.07230175286531448,0.186279296875,0.004859396433470508,0.3599943220615387,0.13512162864208221,2.6446518870862663,0.007695628795772791,0.000887719914317131,0.12246053665876389,0.0760008916258812,0.2310791015625,0.00036694101508916323,0.2493951916694641,0.19107525050640106,1.2984243988329607,0.00788079109042883,0.0002274218131788075,0.073470838367939,0.04992212727665901,0.14501953125,3.7722908093278466e-05,0.17316368222236633,0.11058486253023148,1.5518563924873898,0.005197415594011545,0.00014444752014242113,0.09864339232444763,0.04515385627746582,0.1593017578125,0.0002469135802469136,0.1690901666879654,0.13514001667499542,1.24203133522182,0.004638668615370989,0.00011372789595043287,0.054661158472299576,0.03585445135831833,0.1014404296875,6.858710562414266e-06,0.11634187400341034,0.07894064486026764,1.4553532087059127,0.0038648322224617004,0.00012106093345209956
C04_s09,C04,control,none,control_none,test,145,212.93793103448274,0.568148523933523,0.9490610410557567,0.14173689484596252,0.07491384446620941,0.2205810546875,0.006268861454046639,0.3276634216308594,0.14274835586547852,2.2794237865057103,0.007440933957695961,0.0008683591149747372,0.14840760827064514,0.12194135785102844,0.291748046875,0.025264060356652948,0.3469260036945343,0.23576180636882782,1.4652954757157604,0.007857618853449821,0.00022316104150377214,0.10227477550506592,0.1122310534119606,0.220947265625,0.02017832647462277,0.28921300172805786,0.1616244614124298,1.7784102048128447,0.005632865242660046,0.00017042517720256,0.12044116854667664,0.08665945380926132,0.2388916015625,0.0007235939643347051,0.2555004954338074,0.17310111224651337,1.4675408567869397,0.004785351920872927,0.00011234374687774107,0.08492384850978851,0.1078568547964096,0.171630859375,0.019290123456790122,0.2477896511554718,0.13299188017845154,1.8492885600639637,0.004738686606287956,0.00018307933351024985
C04_s10,C04,control,none,control_none,test,209,141.29665071770336,0.5008504753191063,0.9538734850578764,0.1661168932914734,0.09065810590982437,0.255126953125,0.015552126200274349,0.38813602924346924,0.16865240037441254,2.2878310497633785,0.010577771812677383,0.0015309728914871812,0.2215510755777359,0.15384425222873688,0.443603515625,0.04226337448559671,0.37157028913497925,0.3097841739654541,1.1955894806158371,0.009068423882126808,0.00035656438558362424,0.1766016185283661,0.15682005882263184,0.424072265625,0.03155349794238683,0.3235672116279602,0.2536264955997467,1.2707523263273552,0.00771065428853035,0.0003251939488109201,0.17936545610427856,0.11836975812911987,0.355712890625,0.0009430727023319616,0.2863774001598358,0.2380254715681076,1.1981041111689046,0.006025577895343304,0.00018996077415067703,0.15566059947013855,0.15261738002300262,0.401123046875,0.026944444444444444,0.2647246718406677,0.22958455979824066,1.1480589683554672,0.007334418129175901,0.0004014560836367309
C04_s11,C04,control,none,control_none,test,177,149.180790960452,0.504575706995992,0.9561411937330694,0.15169745683670044,0.08330000936985016,0.228515625,0.010953360768175583,0.38383108377456665,0.15064461529254913,2.531122407703623,0.009359893389046192,0.0012142505729570985,0.17267440259456635,0.11494424939155579,0.35400390625,0.00659122085048011,0.28991377353668213,0.24660345911979675,1.1708793349143582,0.008065342903137207,0.00023624820460099727,0.120243601500988,0.10807910561561584,0.303955078125,0.004423868312757201,0.22679677605628967,0.1733343005180359,1.3009303125223268,0.006135681644082069,0.00018771337636280805,0.13817577064037323,0.08667981624603271,0.292236328125,3.08641975308642e-05,0.21145272254943848,0.18279723823070526,1.1504673551406666,0.00490850443020463,0.00011941792035941035,0.0984855443239212,0.0989275723695755,0.26611328125,0.0027229080932784635,0.1627923995256424,0.1436341255903244,1.1255462627592552,0.005147099029272795,0.00019600550876930356
C04_s12,C04,control,none,control_none,test,281,152.19217081850533,0.5416214109971025,0.9479957725443042,0.18878817558288574,0.09620240330696106,0.294921875,0.018597393689986284,0.3690524697303772,0.18322333693504333,2.0032883774139,0.012573630549013615,0.001739724655635655,0.30459174513816833,0.1649521440267563,0.517578125,0.12911865569272976,0.4578724801540375,0.36040785908699036,1.266913457030906,0.010650334879755974,0.0004745229089166969,0.2617197036743164,0.1807011216878891,0.5078125,0.1120644718792867,0.42544448375701904,0.3169325292110443,1.3381596554865516,0.0103374682366848,0.0005004392005503178,0.2419150024652481,0.12689633667469025,0.40576171875,0.005631001371742113,0.3566441237926483,0.27893969416618347,1.2740034058225769,0.007419363129884005,0.0002611581003293395,0.23877660930156708,0.18029938638210297,0.494873046875,0.09255144032921811,0.37522390484809875,0.29653599858283997,1.2611042248174515,0.00996832363307476,0.0005898398230783641
C04_s13,C04,control,none,control_none,test,188,161.29255319148936,0.5141004313822785,0.9537756263258292,0.14910142123699188,0.08618180453777313,0.241943359375,0.010747599451303155,0.3702041506767273,0.14875368773937225,2.472087040160385,0.009387251920998096,0.0012179756304249167,0.15922199189662933,0.11499541997909546,0.27880859375,0.019200960219478737,0.30787983536720276,0.24022413790225983,1.276322668388811,0.008518395014107227,0.00027226642123423517,0.10837627947330475,0.10771667957305908,0.209228515625,0.014708504801097394,0.24444177746772766,0.1665160208940506,1.459214325669367,0.006299562286585569,0.00020676080021075904,0.1280943602323532,0.08216077089309692,0.2203369140625,0.0005761316872427984,0.22339093685150146,0.17704564332962036,1.2546835332439572,0.005136247258633375,0.0001406742085237056,0.08834490925073624,0.1010727509856224,0.1485595703125,0.011419753086419753,0.18743757903575897,0.13765326142311096,1.3518439963974518,0.005021434277296066,0.00020769343245774508
C04_s14,C04,control,none,control_none,test,168,166.26785714285714,0.5417383765530683,0.9535028665164795,0.1449950933456421,0.0784870982170105,0.2236328125,0.007253086419753086,0.3552355468273163,0.14463645219802856,2.4391939069230153,0.008532780222594738,0.0010119276121258736,0.15639525651931763,0.10711728036403656,0.280517578125,0.010408093278463648,0.3001192510128021,0.23113687336444855,1.2928547139584459,0.008458548225462437,0.00027133020921610296,0.10476063191890717,0.09499476850032806,0.2093505859375,0.007205075445816187,0.23435509204864502,0.15510021150112152,1.5013118162684953,0.00633186474442482,0.00021582272893283516,0.12756331264972687,0.07535558193922043,0.22607421875,5.829903978052126e-05,0.21856005489826202,0.17135263979434967,1.2680980991010455,0.005214414093643427,0.00013893962022848427,0.08457643538713455,0.08672083914279938,0.1568603515625,0.005576131687242798,0.17677992582321167,0.12461605668067932,1.4073035764256858,0.005077050067484379,0.00020943656272720546
C04_s15,C04,control,none,control_none,test,179,159.3463687150838,0.5308881731167543,0.9565270722850042,0.1439083069562912,0.08087785542011261,0.2283935546875,0.007277091906721537,0.36522868275642395,0.13833941519260406,2.6211440765097294,0.009310293011367321,0.0011570579372346401,0.13649733364582062,0.07998564839363098,0.2398681640625,0.0009567901234567902,0.2522525489330292,0.19656416773796082,1.27681325931332,0.008485818281769753,0.00027152308030053973,0.08321050554513931,0.05693228170275688,0.1585693359375,0.0,0.1782512217760086,0.1162128746509552,1.520747804426926,0.005897435825318098,0.00018162299238611013,0.10954951494932175,0.04967515543103218,0.1700439453125,0.0,0.17215971648693085,0.14119279384613037,1.2107485325397591,0.004948435816913843,0.0001284849422518164,0.0630701556801796,0.04394619166851044,0.11029052734375,3.429355281207133e-06,0.119321808218956,0.08564385771751404,1.3771525340894013,0.004377782344818115,0.0001547001302242279
C04_s16,C04,control,none,control_none,test,245,140.29795918367347,0.5248702618881732,0.9555816270457408,0.1653967946767807,0.08974836021661758,0.26708984375,0.012455418381344308,0.36906710267066956,0.16163650155067444,2.2692759568224927,0.011148854158818722,0.0014754511648789048,0.224543496966362,0.13886553049087524,0.436767578125,0.02977366255144033,0.35072430968284607,0.2907450795173645,1.202160153868066,0.009284816682338715,0.00033198713208548725,0.17269499599933624,0.14390800893306732,0.416015625,0.023299039780521263,0.2979346811771393,0.22974559664726257,1.2911825209500647,0.00805678777396679,0.00031380882137455046,0.17999349534511566,0.10723144561052322,0.349365234375,0.00030521262002743485,0.26871457695961,0.22348849475383759,1.1970082353408287,0.006169528234750032,0.00018454018572811037,0.14847581088542938,0.1386062055826187,0.390625,0.014537037037037038,0.23692966997623444,0.20245999097824097,1.164502509004696,0.0071922168135643005,0.0003481743624433875
C04_s17,C04,control,none,control_none,test,229,145.46288209606988,0.5334032956671277,0.953393326657873,0.1595417559146881,0.08449352532625198,0.25,0.009691358024691357,0.3530255854129791,0.15936852991580963,2.2013395371168563,0.01024992298334837,0.0012792106717824936,0.2102905958890915,0.14331629872322083,0.424072265625,0.026556927297668037,0.35908806324005127,0.2877797484397888,1.243466916153651,0.009679671376943588,0.0004064876411575824,0.1634817272424698,0.14350111782550812,0.396728515625,0.020915637860082305,0.3068118989467621,0.2282305806875229,1.3384422707762307,0.008536730892956257,0.0004144358681514859,0.17218205332756042,0.1092873215675354,0.341552734375,0.0007544581618655693,0.27699312567710876,0.22339969873428345,1.2343738750073026,0.0064192404970526695,0.00021797989029437304,0.14138111472129822,0.13693714141845703,0.36767578125,0.014739368998628257,0.2491825371980667,0.20137128233909607,1.2313137235575404,0.007580099161714315,0.0004251239006407559
C04_s18,C04,control,none,control_none,test,257,135.47470817120623,0.5061668504513205,0.95143825477008,0.17860983312129974,0.088429294526577,0.27783203125,0.012935528120713306,0.37347888946533203,0.16985969245433807,2.1858806140900877,0.011717883870005608,0.0015256955521181226,0.26713553071022034,0.14462554454803467,0.461181640625,0.04208161865569273,0.3637038767337799,0.31008413434028625,1.1691495534000278,0.009113265201449394,0.00032874374301172793,0.21717071533203125,0.15532749891281128,0.44677734375,0.032746913580246916,0.3152347207069397,0.25206318497657776,1.24567593953311,0.008510656654834747,0.00032298703445121646,0.2121310979127884,0.11198943108320236,0.364501953125,0.0003635116598079561,0.2812841534614563,0.23840753734111786,1.1749177013615528,0.006306635681539774,0.00018913873645942658,0.1907958984375,0.15160277485847473,0.419921875,0.02295610425240055,0.2503921389579773,0.22427302598953247,1.111505196230693,0.007824250496923923,0.0003704871633090079
C04_s19,C04,control,none,control_none,test,223,150.48430493273543,0.5146805147584478,0.9561736452788434,0.1565200686454773,0.09019842743873596,0.2724609375,0.013425925925925926,0.3795298933982849,0.14478668570518494,2.603323421219575,0.011577402241528034,0.0015198737382888794,0.1709703505039215,0.08915646374225616,0.271728515625,0.002109053497942387,0.2635829746723175,0.22251677513122559,1.1792536578857191,0.008900193497538567,0.00029460765654221177,0.11114905029535294,0.07488077133893967,0.2012939453125,0.0009122085048010974,0.1963898241519928,0.1418197602033615,1.3750886002913931,0.006761367432773113,0.0002031236799666658,0.13810017704963684,0.06186852976679802,0.2218017578125,3.429355281207133e-06,0.19075247645378113,0.16680395603179932,1.1367579225464326,0.0056255585514009,0.0001500597718404606,0.08614056557416916,0.06314033269882202,0.143310546875,0.0006790123456790123,0.12878409028053284,0.1094033494591713,1.166487166480026,0.00530601479113102,0.0001848341926233843
C04_s20,C04,control,none,control_none,test,215,203.24651162790698,0.5390886524640672,0.95107455569444,0.1615980863571167,0.0913078710436821,0.275390625,0.013045267489711933,0.34543177485466003,0.15128371119499207,2.2683435552233884,0.010704501532018185,0.0014033896150067449,0.19634103775024414,0.14128665626049042,0.430419921875,0.06453703703703703,0.37139829993247986,0.25583332777023315,1.446067389917317,0.00897038634866476,0.0003268653235863894,0.14331212639808655,0.14343851804733276,0.403564453125,0.05676611796982167,0.3204914629459381,0.18478898704051971,1.7250293897993019,0.006986122578382492,0.00024880521232262254,0.15624240040779114,0.10450869798660278,0.34423828125,0.0033367626886145405,0.2766851484775543,0.1917971670627594,1.4351100314014866,0.005606158636510372,0.00016612584295216948,0.12262997776269913,0.1440695822238922,0.380126953125,0.05828875171467764,0.2781755328178406,0.15835359692573547,1.745649537785334,0.00583451334387064,0.0002684318460524082
C04_s21,C04,control,none,control_none,test,255,248.23921568627452,0.5267744261796206,0.9487138554048081,0.18021921813488007,0.09560730308294296,0.287109375,0.015133744855967078,0.31967058777809143,0.16864944994449615,1.8843007618514376,0.011504166759550571,0.0016526380786672235,0.27344876527786255,0.1826368272304535,0.533203125,0.14108367626886145,0.4738618731498718,0.328632652759552,1.4375453074290148,0.010050424374639988,0.000434870453318581,0.23297223448753357,0.1948031187057495,0.5234375,0.12751714677640605,0.44378212094306946,0.2806731164455414,1.5755217485544815,0.009105405770242214,0.0004357441212050617,0.21696685254573822,0.13881903886795044,0.417236328125,0.008144718792866941,0.3641381561756134,0.25410932302474976,1.4273808258284864,0.006717352662235498,0.00022928559337742627,0.21369250118732452,0.1952938735485077,0.51806640625,0.11700617283950618,0.41519832611083984,0.2580767273902893,1.6026075761153151,0.00858275406062603,0.0005152490921318531
C04_s22,C04,control,none,control_none,test,197,291.8071065989848,0.5645087668273095,0.9438969030594963,0.16650497913360596,0.09342167526483536,0.2724609375,0.013984910836762688,0.3167262375354767,0.15851300954818726,1.985582482786753,0.009960326366126537,0.0013811533572152257,0.22042100131511688,0.1757948249578476,0.50146484375,0.10176268861454046,0.45051613450050354,0.290890634059906,1.5434415562920807,0.0092095248401165,0.00037130704731680453,0.1781347244977951,0.18078087270259857,0.484375,0.08298010973936899,0.41557952761650085,0.2324499934911728,1.7801650854713549,0.007615260314196348,0.0003369250916875899,0.17571046948432922,0.13266240060329437,0.394287109375,0.006227709190672154,0.3446601331233978,0.2204715609550476,1.5562274977298507,0.005939267575740814,0.00019492335559334606,0.16087408363819122,0.18018843233585358,0.47802734375,0.0794238683127572,0.38764914870262146,0.21019570529460907,1.835497308820117,0.0071091968566179276,0.0004091338487342
C04_s23,C04,control,none,control_none,test,207,139.33816425120773,0.5111129645444523,0.9543001194633475,0.165170818567276,0.09041993319988251,0.2496337890625,0.01462962962962963,0.38331225514411926,0.17555664479732513,2.1710440611517927,0.009883658029139042,0.0014273416018113494,0.2296198308467865,0.16779184341430664,0.464599609375,0.053830589849108365,0.4115377962589264,0.3426845073699951,1.1974290008245367,0.008676997385919094,0.00032399114570580423,0.19065436720848083,0.17153766751289368,0.452392578125,0.045997942386831275,0.37294113636016846,0.2955038249492645,1.2577953637663302,0.007725080940872431,0.0003193080483470112,0.186544269323349,0.12872861325740814,0.3701171875,0.0017283950617283952,0.3240702450275421,0.2659166753292084,1.2141251370969683,0.005962552037090063,0.00018040707800537348,0.17037031054496765,0.16510212421417236,0.42919921875,0.034434156378600825,0.31276753544807434,0.27200788259506226,1.1456355489631975,0.007322889287024736,0.00039013384957797825
C04_s24,C04,control,none,control_none,test,187,179.2673796791444,0.52719969493652,0.9503347032238417,0.15051472187042236,0.08297990262508392,0.24462890625,0.008782578875171468,0.3490139842033386,0.148024320602417,2.3419934598089895,0.009134747087955475,0.001107399701140821,0.16988492012023926,0.12080159783363342,0.304931640625,0.029663923182441702,0.32732725143432617,0.24390751123428345,1.3365341462361207,0.008449980057775974,0.000261649809544906,0.11749718338251114,0.11571617424488068,0.23388671875,0.024550754458161867,0.2670024335384369,0.16943961381912231,1.566551504991035,0.006322196684777737,0.00020690751262009144,0.1367768943309784,0.08674072474241257,0.2529296875,0.0012654320987654322,0.23926310241222382,0.18061098456382751,1.3174484075776505,0.005168349947780371,0.000131005683215335,0.0974782332777977,0.11261036247015,0.1865234375,0.023892318244170097,0.21845093369483948,0.14078389108181,1.5407316869925105,0.00515607837587595,0.00020830771245528013
C04_s25,C04,control,none,control_none,test,223,149.42152466367713,0.5297244267653478,0.9533961477998321,0.1572471410036087,0.08941467851400375,0.2666015625,0.012983539094650207,0.37732020020484924,0.14893049001693726,2.5166342093741196,0.011137325316667557,0.0014325726078823209,0.17649927735328674,0.1020292192697525,0.285400390625,0.00884087791495199,0.280775249004364,0.2350679188966751,1.1893833364424962,0.008994068950414658,0.0003256642376072705,0.11783123016357422,0.09221669286489487,0.21435546875,0.004787379972565157,0.21534879505634308,0.1569332629442215,1.3635429993768917,0.006960159633308649,0.00025072231073863804,0.14144188165664673,0.07374190539121628,0.2364501953125,0.00018518518518518518,0.20479246973991394,0.17634643614292145,1.1547594312798823,0.0057334029115736485,0.0001732452801661566,0.09391828626394272,0.08569672703742981,0.160400390625,0.004633058984910837,0.1516961008310318,0.12625020742416382,1.1921088688317996,0.005811846349388361,0.00026679737493395805
C04_s26,C04,control,none,control_none,test,247,150.08097165991902,0.5261227255396604,0.9530430022771837,0.1613813042640686,0.09241373836994171,0.28662109375,0.013395061728395061,0.3750728666782379,0.14786747097969055,2.5195085548904617,0.01217868272215128,0.0015907062916085124,0.1852482259273529,0.09890659153461456,0.30322265625,0.006237997256515775,0.27890846133232117,0.22949986159801483,1.210015743170942,0.009321612305939198,0.00032803183421492577,0.12482965737581253,0.09159170091152191,0.2291259765625,0.0034224965706447187,0.21287421882152557,0.1525254100561142,1.3865731981677765,0.007341107819229364,0.0002435698261251673,0.14899472892284393,0.07083331048488617,0.2491455078125,0.000284636488340192,0.20427420735359192,0.17269602417945862,1.176044231977012,0.00585588114336133,0.00017109922191593796,0.09876642376184464,0.08230434358119965,0.1763916015625,0.0014368998628257888,0.14652015268802643,0.12026956677436829,1.2082186535772728,0.00579992076382041,0.00023168760526459664
C04_s27,C04,control,none,control_none,test,206,219.22815533980582,0.5575250213889728,0.948303715553488,0.16187599301338196,0.08803361654281616,0.2666015625,0.01099108367626886,0.33032333850860596,0.15633228421211243,2.0995267447033963,0.00993201695382595,0.001236566691659391,0.2156178206205368,0.15566661953926086,0.453369140625,0.06474622770919067,0.4088750183582306,0.283612996339798,1.4365999571926675,0.009260233491659164,0.00035955087514594197,0.1684698462486267,0.15911144018173218,0.434814453125,0.05698216735253772,0.366266131401062,0.22129739820957184,1.6476402078973638,0.007978005334734917,0.00034901732578873634,0.17361679673194885,0.11693894118070602,0.36279296875,0.0032133058984910837,0.31171029806137085,0.21804451942443848,1.4230454104965558,0.006136305630207062,0.0001995375205297023,0.1475525051355362,0.15563052892684937,0.411376953125,0.05088134430727023,0.32374346256256104,0.1947576254606247,1.6537974538707296,0.006987719796597958,0.0003653150924947113
C04_s28,C04,control,none,control_none,test,194,152.79896907216494,0.5340654449418941,0.9533539536175824,0.1577158123254776,0.08682407438755035,0.2474365234375,0.011436899862825789,0.3760054409503937,0.1599232703447342,2.3365510789390784,0.00971410796046257,0.0012877255212515593,0.1922483742237091,0.13839681446552277,0.41796875,0.032451989026063104,0.34257349371910095,0.27950364351272583,1.221280014152683,0.008762762881815434,0.0003064200864173472,0.14424899220466614,0.13832424581050873,0.39404296875,0.025099451303155006,0.28921186923980713,0.21660299599170685,1.3290803645498952,0.006930690258741379,0.00024286934058181942,0.156366765499115,0.10302040725946426,0.33349609375,0.0013340192043895748,0.2581290900707245,0.21150103211402893,1.2147192298445466,0.005726628005504608,0.00016112469893414527,0.123208187520504,0.1330161988735199,0.364013671875,0.021824417009602196,0.23026792705059052,0.18994632363319397,1.2059301413570704,0.006130926311016083,0.00027765045524574816
C04_s29,C04,control,none,control_none,test,205,151.44878048780487,0.5370919152142121,0.9519279248550503,0.15714506804943085,0.08570890128612518,0.2459716796875,0.010428669410150892,0.36340275406837463,0.15958578884601593,2.2629820277362014,0.009708615019917488,0.0012742668623104692,0.19625411927700043,0.1453835368156433,0.423828125,0.033412208504801096,0.35876038670539856,0.28297555446624756,1.2633495421101104,0.008995858021080494,0.000360293808626011,0.14970967173576355,0.1443980485200882,0.39990234375,0.02426954732510288,0.3026876151561737,0.22160913050174713,1.3597268650838115,0.007334803231060505,0.0003155259182676673,0.158813014626503,0.11002930253744125,0.337890625,0.0017421124828532236,0.27172181010246277,0.21549338102340698,1.2551044693282543,0.005900681484490633,0.00019961445650551468,0.128711998462677,0.1388445943593979,0.374267578125,0.01869684499314129,0.2480146586894989,0.19493170082569122,1.265822006568211,0.006595222745090723,0.00035609619226306677
C04_s30,C04,control,none,control_none,test,238,158.5,0.5283172113369251,0.9523086861913437,0.16699199378490448,0.08808514475822449,0.26318359375,0.012719478737997256,0.35183286666870117,0.16521446406841278,2.1167403729911802,0.0107298968359828,0.0013786571798846126,0.23500311374664307,0.15792551636695862,0.462890625,0.060665294924554185,0.4002758860588074,0.30943939089775085,1.2893849743141839,0.00967397727072239,0.0004037196049466729,0.18971067667007446,0.16238880157470703,0.44384765625,0.049540466392318246,0.35534244775772095,0.2543586194515228,1.3915427978148942,0.008800032548606396,0.00043443741742521524,0.18979674577713013,0.12154814600944519,0.36962890625,0.0024451303155006857,0.3077738881111145,0.2394721955060959,1.2798730741546898,0.006506083067506552,0.0002177821152145043,0.16818401217460632,0.1596221923828125,0.422607421875,0.044698216735253773,0.3076564073562622,0.23074495792388916,1.3275646215237367,0.008024757727980614,0.000454867840744555
C04_s31,C04,control,none,control_none,test,207,150.31400966183574,0.4983501123468591,0.9555986196070961,0.15477512776851654,0.08562343567609787,0.25537109375,0.010658436213991769,0.37315109372138977,0.14691108465194702,2.5228068241096344,0.010499869473278522,0.001317923772148788,0.17785964906215668,0.10088235884904861,0.315185546875,0.0026954732510288066,0.27835261821746826,0.23238718509674072,1.192664533410817,0.00868953112512827,0.00026996078668162227,0.11844781786203384,0.0900302529335022,0.24561767280101776,0.0004595336076817558,0.20895710587501526,0.1521565318107605,1.3643368872651263,0.006746760103851557,0.00020367988327052444,0.14171366393566132,0.07267270982265472,0.25927734375,4.11522633744856e-05,0.20082761347293854,0.17238959670066833,1.1582448848972058,0.005349839571863413,0.00013870919065084308,0.0942210778594017,0.07916191965341568,0.1998291015625,0.00018518518518518518,0.14336088299751282,0.12031534314155579,1.181720953715091,0.005331333726644516,0.00019361219892743975
C04_s32,C04,control,none,control_none,test,236,154.33474576271186,0.5171531534446183,0.9503367273991828,0.16227158904075623,0.09145428240299225,0.28076171875,0.013693415637860083,0.37327849864959717,0.1501379758119583,2.469786277368303,0.011991041712462902,0.0015805908478796482,0.19665196537971497,0.10362441837787628,0.332763671875,0.00830246913580247,0.2910107672214508,0.2428799271583557,1.1932542813681102,0.009069356136023998,0.0003238242061343044,0.13572971522808075,0.09856406599283218,0.26708984375,0.0052366255144032925,0.2269943803548813,0.166164830327034,1.3579075210425504,0.007443984970450401,0.0002562621084507555,0.15837462246418,0.076548732817173,0.275146484375,2.05761316872428e-05,0.21699967980384827,0.18474441766738892,1.1682702636718154,0.005980790592730045,0.00017502209811937064,0.10866954177618027,0.08979864418506622,0.22705078125,0.003065843621399177,0.1600184589624405,0.1334974318742752,1.189751036376826,0.006208613980561495,0.00026967920712195337
C04_s33,C04,control,none,control_none,test,206,532.3592233009708,0.5489435543456546,0.9479796923115192,0.20376457273960114,0.09892623871564865,0.324951171875,0.015222908093278463,0.3046320974826813,0.1643504798412323,1.842341780774907,0.012074876576662064,0.0015113637782633305,0.34166526794433594,0.19647355377674103,0.61083984375,0.28165294924554185,0.5256820321083069,0.3148682117462158,1.6642448102079543,0.009414019994437695,0.00035390560515224934,0.30284059047698975,0.21805007755756378,0.607421875,0.27334362139917695,0.5075520277023315,0.2602301239967346,1.9429307000929033,0.008956847712397575,0.0003599193587433547,0.26601269841194153,0.14650166034698486,0.461181640625,0.025572702331961593,0.4000392258167267,0.2431260496377945,1.6386584979778185,0.00653269374743104,0.00019473876454867423,0.28254762291908264,0.2228502482175827,0.60595703125,0.2605384087791495,0.48741084337234497,0.2330806851387024,2.082234350448582,0.008063049055635929,0.00039288168773055077
C04_s34,C04,control,none,control_none,test,198,334.35353535353534,0.5342358252536846,0.9467289842078402,0.1712731271982193,0.09519149363040924,0.3037109375,0.012318244170096021,0.31821954250335693,0.15046082437038422,2.101002314137541,0.010612113401293755,0.0013443725183606148,0.23441170156002045,0.17766398191452026,0.537158191204071,0.1302880658436214,0.4623294770717621,0.26335737109184265,1.7488805973605337,0.009345068596303463,0.0003472264506854117,0.1863817423582077,0.1875825971364975,0.5234375,0.11816186556927298,0.4271607995033264,0.19646719098091125,2.163198845243204,0.007894285954535007,0.0003246045089326799,0.18476471304893494,0.13256974518299103,0.4189453125,0.015078875171467764,0.3501339256763458,0.1990438997745514,1.7502854427000536,0.006007709540426731,0.00018341737450100482,0.16724933683872223,0.18883660435676575,0.52197265625,0.11425925925925925,0.39925873279571533,0.16998200118541718,2.3350921736069115,0.006804208736866713,0.0003454548423178494
C04_s35,C04,control,none,control_none,test,165,181.4909090909091,0.543784081539872,0.9486128212762768,0.15227195620536804,0.08441399037837982,0.2374267578125,0.01127914951989026,0.35855832695961,0.15941795706748962,2.2351508117558216,0.008598677814006805,0.0011291435221210122,0.17852765321731567,0.14706678688526154,0.41943359375,0.0394238683127572,0.3774493336677551,0.28475043177604675,1.3209055584685039,0.008210626430809498,0.00028334447415545583,0.13506174087524414,0.1440751999616623,0.39306640625,0.0312517146776406,0.3270229399204254,0.22153837978839874,1.4695125408541938,0.006528004072606564,0.0002458183153066784,0.14583805203437805,0.10951133817434311,0.336669921875,0.001958161865569273,0.2858414053916931,0.21606989204883575,1.3168173747807703,0.00532368803396821,0.00014822534285485744,0.1168709248304367,0.14004020392894745,0.369140625,0.02913923182441701,0.2790961265563965,0.1956203728914261,1.4194669781778593,0.005761303473263979,0.00027210760163143277
C04_s36,C04,control,none,control_none,test,263,164.36121673003802,0.5457565039763643,0.9486901130104779,0.1774473339319229,0.09064014256000519,0.2724609375,0.013837448559670782,0.34472036361694336,0.17845208942890167,1.9209604341415063,0.01053887140005827,0.001423204899765551,0.2716860771179199,0.17954349517822266,0.51025390625,0.11604595336076817,0.4597557783126831,0.354358047246933,1.2937818121034577,0.009295841678977013,0.00037523522041738033,0.23380321264266968,0.18969537317752838,0.5009765625,0.10121742112482854,0.42627134919166565,0.31286948919296265,1.358116554392453,0.008500248193740845,0.0003647267585620284,0.2167036384344101,0.1366942822933197,0.3984375,0.004674211248285322,0.3561735451221466,0.27412620186805725,1.2945824232799077,0.006406373810023069,0.00021133621339686215,0.21348996460437775,0.18738624453544617,0.488037109375,0.08343964334705076,0.38469934463500977,0.2906968593597412,1.3188326589439596,0.008204382844269276,0.0004371491668280214
C04_s37,C04,control,none,control_none,test,172,160.09302325581396,0.5363925263777175,0.9515379507711613,0.14667554199695587,0.08016510307788849,0.227783203125,0.008364197530864198,0.3663812279701233,0.14410929381847382,2.524863972037878,0.00884773675352335,0.0010657598031684756,0.1510775089263916,0.1017303392291069,0.268310546875,0.004098079561042524,0.28215304017066956,0.2227638065814972,1.2609413670655731,0.008380274288356304,0.0002632480172906071,0.09834908694028854,0.0856500118970871,0.19580078125,0.0011316872427983538,0.21138398349285126,0.14286670088768005,1.4693044477184714,0.006170589942485094,0.0002014420460909605,0.12199295312166214,0.07161569595336914,0.210693359375,9.602194787379972e-05,0.2030072957277298,0.16360239684581757,1.2333191959402994,0.005185215268284082,0.0001374643325107172,0.07812606543302536,0.07629428058862686,0.13818359375,0.0005658436213991769,0.15167611837387085,0.11254161596298218,1.3358636574568536,0.00496703339740634,0.00020201540610287338
C04_s38,C04,control,none,control_none,test,195,156.7948717948718,0.5008867782778943,0.9559796035872249,0.15028637647628784,0.08508859574794769,0.247314453125,0.010771604938271605,0.3735125958919525,0.14258019626140594,2.6014214050238897,0.010045611299574375,0.0012646428076550364,0.15517647564411163,0.08896873891353607,0.25634765625,0.0011968449931412893,0.2607675790786743,0.21453739702701569,1.2098484192327397,0.008553940802812576,0.0002612703538034111,0.09827231615781784,0.0711514800786972,0.1824951171875,0.0,0.18929846584796906,0.1332380771636963,1.4101696765004277,0.0062346993945539,0.00019012139819096774,0.12465228140354156,0.06055893748998642,0.1947021484375,8.573388203017832e-05,0.18316155672073364,0.15696698427200317,1.1594926469277147,0.005081010051071644,0.00012964458437636495,0.0764998197555542,0.0600251741707325,0.1265869140625,3.429355281207133e-06,0.12718963623046875,0.10211040079593658,1.2335286765317384,0.004833165090531111,0.00018275275942869484
C04_s39,C04,control,none,control_none,test,259,130.7953667953668,0.5002114170645322,0.9522783992675522,0.17828382551670074,0.09279828518629074,0.27392578125,0.014831961591220851,0.37923431396484375,0.17811983823776245,2.117210006975613,0.011627709493041039,0.0016570808365941048,0.26973092555999756,0.16592268645763397,0.49072265625,0.08450274348422497,0.42310985922813416,0.340121865272522,1.2403481051855532,0.010019917972385883,0.00041327826329506934,0.22681602835655212,0.1794331669807434,0.4814453125,0.07377229080932785,0.38473576307296753,0.2944128215312958,1.302366502166897,0.009211509488523006,0.0004143590049352497,0.21375109255313873,0.12882328033447266,0.38671875,0.003607681755829904,0.32693547010421753,0.2615574896335602,1.2451957495499626,0.0067900377325713634,0.00022958946647122502,0.20438502728939056,0.17596712708473206,0.462158203125,0.05467078189300412,0.3293161690235138,0.2714572548866272,1.208689301228357,0.008756982162594795,0.0004952208837494254
C04_s40,C04,control,none,control_none,test,198,151.4949494949495,0.5391099217541113,0.9532618965672239,0.15445773303508759,0.0864458680152893,0.2457275390625,0.01061042524005487,0.3741607666015625,0.1531444787979126,2.4273381020159466,0.009999626316130161,0.0013278351398184896,0.18118251860141754,0.1268247663974762,0.385986328125,0.01752400548696845,0.3173520267009735,0.2606755197048187,1.212769261178731,0.008611425757408142,0.00030333729228004813,0.13003717362880707,0.12398414313793182,0.349365234375,0.012133058984910837,0.2562050521373749,0.1914454996585846,1.331312255115892,0.0067816246300935745,0.0002632856194395572,0.14588485658168793,0.09614137560129166,0.316162109375,0.0002880658436213992,0.2355925440788269,0.19621174037456512,1.1946172354209996,0.0053758141584694386,0.00015715215704403818,0.1092400923371315,0.11843642592430115,0.31982421875,0.008792866941015089,0.19833366572856903,0.1642174869775772,1.2004399132126145,0.005870961584150791,0.0002917527162935585
C04_s41,C04,control,none,control_none,test,254,182.41338582677164,0.558963664951695,0.9466440062450577,0.17240242660045624,0.09234146773815155,0.2783203125,0.013449931412894377,0.3418598473072052,0.16844163835048676,2.0175669371189313,0.010933978483080864,0.001462331274524331,0.24189859628677368,0.170334592461586,0.49462890625,0.09338820301783264,0.4243561029434204,0.31732577085494995,1.3330874902264347,0.009341384284198284,0.00036248209653422236,0.19908921420574188,0.1778479814529419,0.48388671875,0.08244513031550069,0.3835807144641876,0.2662808895111084,1.4351221112957486,0.008313425816595554,0.0003575047885533422,0.19368775188922882,0.12950263917446136,0.389404296875,0.004238683127572016,0.3257499635219574,0.24424946308135986,1.3282392525111952,0.00626484164968133,0.00019676871306728572,0.17829155921936035,0.17573291063308716,0.4697265625,0.07345336076817559,0.3411661684513092,0.24239468574523926,1.4016993321226707,0.0076141380704939365,0.00040562311187386513
C04_s42,C04,control,none,control_none,test,186,151.09677419354838,0.5252379712642868,0.9559349425278653,0.145451158285141,0.0798981785774231,0.227783203125,0.006522633744855967,0.36522597074508667,0.1398945450782776,2.5921938322181033,0.009298416785895824,0.0011332400608807802,0.14399152994155884,0.08706727623939514,0.2486572265625,0.0006344307270233196,0.2522949278354645,0.2055884599685669,1.2212440514530771,0.008294055238366127,0.000281453161733225,0.09080547094345093,0.06627017259597778,0.1729736328125,0.0,0.17965243756771088,0.12481773644685745,1.4278784743802158,0.005874339025467634,0.00018994987476617098,0.11683135479688644,0.05809060111641884,0.187744140625,4.11522633744856e-05,0.1756184846162796,0.1501794308423996,1.161655945109074,0.005148105323314667,0.00014981151616666466,0.07009466737508774,0.05449124053120613,0.1217041015625,6.858710562414266e-06,0.11976482719182968,0.09467138350009918,1.2518354267523006,0.004711813759058714,0.00018368086603004485
C04_s43,C04,control,none,control_none,test,202,182.6039603960396,0.5210219397404128,0.9532952079117402,0.15680146217346191,0.08322269469499588,0.2548828125,0.008669410150891633,0.34270888566970825,0.15002156794071198,2.269271140160913,0.009957360103726387,0.0012046454939991236,0.19775298237800598,0.1274183839559555,0.3837890625,0.02813443072702332,0.3472133278846741,0.2540879547595978,1.3611514044710495,0.0093395309522748,0.0003315968788228929,0.14342160522937775,0.12445160001516342,0.3388671875,0.021213991769547327,0.29029467701911926,0.18297021090984344,1.577943926809875,0.007697512861341238,0.000286462513031438,0.16043424606323242,0.09529878199100494,0.31103515625,0.0005761316872427984,0.2610893249511719,0.19247759878635406,1.3494550614072767,0.0060641649179160595,0.00018035595712717623,0.12053125351667404,0.11966051161289215,0.306884765625,0.019622770919067216,0.23965615034103394,0.15457524359226227,1.5404517120290309,0.006627225782722235,0.00029562233248725533
C04_s44,C04,control,none,control_none,test,216,152.44907407407408,0.5247089843660442,0.9526171433919207,0.15670232474803925,0.08622104674577713,0.251953125,0.010534979423868314,0.35962623357772827,0.15588223934173584,2.292332357612235,0.009989564307034016,0.001275522168725729,0.19372650980949402,0.13136988878250122,0.39990234375,0.023542524005486967,0.3390505313873291,0.27335184812545776,1.2358237558956973,0.00900345016270876,0.0003363247960805893,0.1429980844259262,0.12771357595920563,0.36474609375,0.0152400548696845,0.28188204765319824,0.2057383507490158,1.363472459908555,0.007324700243771076,0.0002896441728807986,0.15848098695278168,0.09888939559459686,0.32373046875,0.000462962962962963,0.2589593231678009,0.21046224236488342,1.224612584600139,0.005984594579786062,0.00018486304907128215,0.12090887129306793,0.12307671457529068,0.339599609375,0.013981481481481482,0.22487691044807434,0.177902489900589,1.256980328071633,0.006515768356621265,0.00033115490805357695
C04_s45,C04,control,none,control_none,test,205,154.1560975609756,0.5383727242520718,0.9533214928257507,0.15388710796833038,0.08761215209960938,0.2509765625,0.011491769547325103,0.37137407064437866,0.15044237673282623,2.4522467136101187,0.009963281452655792,0.001349564059637487,0.1702456772327423,0.12203844636678696,0.337158203125,0.025164609053497943,0.3094708025455475,0.24467910826206207,1.259654533650618,0.008175043389201164,0.00024717868654988706,0.1183478832244873,0.11876894533634186,0.2763915956020355,0.021488340192043896,0.24777592718601227,0.1720990389585495,1.4314113392931371,0.006062833126634359,0.00017976347589865327,0.13496196269989014,0.0896022692322731,0.27880859375,0.0015089163237311386,0.22363480925559998,0.18012182414531708,1.2347203894996883,0.0049130418337881565,0.00011953056673519313,0.09763581305742264,0.11398546397686005,0.2430419921875,0.01924554183813443,0.19186648726463318,0.14371465146541595,1.3258262748225298,0.004931647330522537,0.00019123355741612613
C04_s46,C04,control,none,control_none,test,199,148.46231155778895,0.496735172193159,0.9553084167534205,0.14865027368068695,0.08319074660539627,0.239501953125,0.008693415637860082,0.3688076436519623,0.14184513688087463,2.5818704906946084,0.009953159838914871,0.0012869073543697596,0.15495137870311737,0.09466485679149628,0.256103515625,0.0037722908093278463,0.2689565420150757,0.21483813226222992,1.2461029902181984,0.008815687149763107,0.0003000922151841223,0.09942977130413055,0.08095183968544006,0.1812744140625,0.0015500685871056242,0.19748127460479736,0.13617001473903656,1.4396825354324112,0.0063270824030041695,0.0002081370766973123,0.12301778048276901,0.06596693396568298,0.1923828125,0.00030178326474622773,0.18897345662117004,0.15655307471752167,1.199427284805341,0.0053110793232917786,0.00015670394350308925,0.07770446687936783,0.07124413549900055,0.1253662109375,0.0005555555555555556,0.13805682957172394,0.10530190914869308,1.2987238957167992,0.005004316568374634,0.00020919028611388057
C04_s47,C04,control,none,control_none,test,274,134.67153284671534,0.5419251861889195,0.9486889876865074,0.19177523255348206,0.09373904019594193,0.2841796875,0.01826474622770919,0.37688279151916504,0.1952177733182907,1.920737276473993,0.011988746002316475,0.0016920476919040084,0.3236076831817627,0.17334969341754913,0.5224609375,0.14720507544581618,0.4929082989692688,0.40380793809890747,1.2176349635931192,0.010575512424111366,0.00047341565368697047,0.28980228304862976,0.18682843446731567,0.51708984375,0.13108024691358025,0.4691913425922394,0.37348809838294983,1.2528871935268993,0.010566471144557,0.0005212827236391604,0.25925514101982117,0.1311141401529312,0.409912109375,0.004996570644718793,0.3903001844882965,0.3147275745868683,1.2361928950900376,0.007616196293383837,0.0002723116194829345,0.2675049901008606,0.18469569087028503,0.50146484375,0.1023079561042524,0.41598936915397644,0.3546210825443268,1.1697545212385574,0.010659925639629364,0.0006427702028304338
C04_s48,C04,control,none,control_none,test,193,159.94818652849742,0.5245773550862532,0.9541922024338239,0.1494285762310028,0.08323650062084198,0.243896484375,0.008127572016460905,0.36391976475715637,0.14384028315544128,2.512559053523811,0.00971293542534113,0.0011803016532212496,0.1601106971502304,0.09768599271774292,0.267333984375,0.0043518518518518515,0.2782996892929077,0.22387361526489258,1.2375826704483817,0.008591417223215103,0.00026535202050581574,0.10383539646863937,0.08399321883916855,0.1959228515625,0.002037037037037037,0.20772269368171692,0.14410331845283508,1.431550262919975,0.006305424030870199,0.0001911870058393106,0.12759380042552948,0.06892033666372299,0.208740234375,0.0003566529492455418,0.19903989136219025,0.16414445638656616,1.2052471861137286,0.005207539536058903,0.0001366039941785857,0.08146478235721588,0.07374843955039978,0.1356201171875,0.0011556927297668039,0.14710383117198944,0.11261142045259476,1.2947979224797181,0.004984768107533455,0.00018926736083813012
C04_s49,C04,control,none,control_none,test,181,158.86740331491714,0.5350782843126877,0.9536286643838802,0.1516185998916626,0.08273065090179443,0.2376708984375,0.009797668038408779,0.3645215928554535,0.15282368659973145,2.3697364229995634,0.009276709519326687,0.0011522775748744607,0.17597584426403046,0.12424144893884659,0.360107421875,0.019050068587105624,0.320930540561676,0.2581652104854584,1.2383241560876215,0.00858838390558958,0.00028492178535088897,0.12513765692710876,0.11743283271789551,0.30517578125,0.014207818930041152,0.2604399621486664,0.1864277571439743,1.3895485178783156,0.006848691031336784,0.00024246085376944393,0.14329536259174347,0.09181789308786392,0.294189453125,0.0003635116598079561,0.23982323706150055,0.19462870061397552,1.2259102897929681,0.0054742079228162766,0.0001479796483181417,0.10405750572681427,0.11112873256206512,0.269775390625,0.012150205761316873,0.20024201273918152,0.15776236355304718,1.2612687809493008,0.005881086457520723,0.00026199116837233305
D01_s01,D01,5,high,5_high,test,248,350.78225806451616,0.5547572022083922,0.9508519059746325,0.1910220980644226,0.09942612797021866,0.32666015625,0.013741426611796982,0.3169037699699402,0.15467894077301025,2.035623883335678,0.012952177785336971,0.0015431965002790093,0.2910391390323639,0.1788981407880783,0.5888671875,0.1817798353909465,0.47929099202156067,0.27266281843185425,1.7513924425977898,0.01024817954748869,0.0004418237949721515,0.2413477897644043,0.19776581227779388,0.58544921875,0.17082647462277092,0.4499848783016205,0.20719014108181,2.1614130043016555,0.009473780170083046,0.0004192376509308815,0.229620099067688,0.13230948150157928,0.448486328125,0.022983539094650205,0.36456242203712463,0.21212458610534668,1.7105601408976945,0.0070441411808133125,0.00024260059581138194,0.2165060192346573,0.2010880410671234,0.583984375,0.16383744855967078,0.41765451431274414,0.17767374217510223,2.3375259801937665,0.008261160925030708,0.0004517888883128762
D01_s02,D01,5,high,5_high,test,195,167.3025641025641,0.5763086793145834,0.9479924728306818,0.1420142650604248,0.07330697029829025,0.2269287109375,0.003017832647462277,0.3188355565071106,0.13962671160697937,2.2672474728569747,0.008795375004410744,0.0008513402426615357,0.1596609354019165,0.0940525233745575,0.27099609375,0.0025411522633744855,0.28058478236198425,0.218934565782547,1.275764822885563,0.008997958153486252,0.0003098460438195616,0.10472508519887924,0.07545337080955505,0.1932373046875,0.00014746227709190672,0.20403556525707245,0.14373132586479187,1.4097539978848992,0.006809592247009277,0.00022171734599396586,0.13074226677417755,0.06438770145177841,0.208984375,0.0,0.20125305652618408,0.1662704199552536,1.2031598687922296,0.005656401626765728,0.00015118846204131842,0.08043252676725388,0.06366193294525146,0.1385498046875,0.00011659807956104253,0.14813122153282166,0.11015256494283676,1.3326837901491717,0.005423927213996649,0.00020871228480245918
D01_s03,D01,5,high,5_high,test,227,148.37004405286345,0.5350754940518861,0.9508790028276831,0.1740245670080185,0.0865248441696167,0.262451171875,0.012962962962962963,0.360522985458374,0.17576543986797333,2.0395558415018784,0.010776595212519169,0.0013372767716646194,0.2725231945514679,0.15349140763282776,0.462158203125,0.05252400548696845,0.41626307368278503,0.34112370014190674,1.2167034131518122,0.009906626306474209,0.00043336348608136177,0.22731781005859375,0.15693651139736176,0.44482421875,0.04372427983539095,0.3786886930465698,0.289900541305542,1.30178064072016,0.009792882017791271,0.00046006368938833475,0.2214333862066269,0.11517927795648575,0.365478515625,0.001855281207133059,0.33097803592681885,0.2678404152393341,1.2311319919371757,0.0071296789683401585,0.00024180214677471668,0.2012311965227127,0.1525896191596985,0.420654296875,0.03126543209876543,0.31568121910095215,0.2626555860042572,1.1973242209093757,0.00961929839104414,0.0005453348276205361
D01_s04,D01,5,high,5_high,test,247,122.82186234817814,0.5269229425291615,0.9518711782661139,0.18785397708415985,0.08087814599275589,0.265625,0.011539780521262004,0.37032344937324524,0.18979483842849731,1.9409510887372796,0.010990196838974953,0.0012700165389105678,0.3295333981513977,0.1441653072834015,0.48974609375,0.07970164609053498,0.4481676518917084,0.3897170424461365,1.147038913598175,0.010293879546225071,0.0004223021096549928,0.28724467754364014,0.1537427455186844,0.47900390625,0.06724622770919067,0.4230844974517822,0.3488142788410187,1.2094546250470894,0.011099491268396378,0.0005218916921876371,0.26528915762901306,0.10879208892583847,0.38671875,0.0007750342935528121,0.3662760555744171,0.3069823980331421,1.1892759388638894,0.007635888177901506,0.0002401984529569745,0.2609955966472626,0.15172350406646729,0.457275390625,0.04465363511659808,0.35375916957855225,0.32610371708869934,1.081489298645374,0.011263450607657433,0.0006236071931198239
D01_s05,D01,5,high,5_high,test,133,180.41353383458647,0.5753965609604379,0.9491817190901114,0.12987889349460602,0.06344171613454819,0.1883544921875,0.002414266117969822,0.311870813369751,0.13665246963500977,2.2656390706006735,0.006026347633451223,0.0005894895875826478,0.11640894412994385,0.11191782355308533,0.27099609375,0.0050411522633744855,0.3218371570110321,0.2163393199443817,1.4808050245735191,0.008112416602671146,0.00032212998485192657,0.08180762827396393,0.09082980453968048,0.1923828125,0.0019101508916323732,0.2509760558605194,0.14851373434066772,1.6786153925409242,0.00584367336705327,0.00023862147645559162,0.10326530784368515,0.077398881316185,0.2076416015625,0.00015775034293552813,0.24131552875041962,0.1664399951696396,1.4412060183466562,0.0053182970732450485,0.00017383160593453795,0.06638125330209732,0.08043640851974487,0.1400146484375,0.0008641975308641976,0.1976834535598755,0.12021733075380325,1.6308184013833604,0.004789853934198618,0.00022554754104930907
D01_s06,D01,5,high,5_high,test,212,139.8443396226415,0.5153069697889373,0.9517755888299447,0.1596423089504242,0.08223357051610947,0.2396240234375,0.008902606310013718,0.357383131980896,0.16395053267478943,2.166607928969225,0.009606235660612583,0.0011943321442231536,0.2213650792837143,0.14709901809692383,0.42333984375,0.016752400548696846,0.36824458837509155,0.3057393431663513,1.2005130628951781,0.00917838141322136,0.00034186290577054024,0.17614375054836273,0.14486141502857208,0.396484375,0.011728395061728396,0.32037657499313354,0.24921481311321259,1.2804061078836906,0.008246521465480328,0.00034081845660693944,0.18153928220272064,0.111151322722435,0.338623046875,3.429355281207133e-05,0.289689302444458,0.2384055256843567,1.2100359906746587,0.006289341952651739,0.00019002804765477777,0.15268990397453308,0.13585500419139862,0.364013671875,0.0051234567901234564,0.256455659866333,0.22087015211582184,1.155881750747873,0.007706251926720142,0.00039676076266914606
D01_s07,D01,5,high,5_high,test,207,145.77294685990339,0.5431847733348596,0.9501298093635211,0.15622606873512268,0.08292458206415176,0.2391357421875,0.010253772290809328,0.35684528946876526,0.16012269258499146,2.214742589908812,0.00943334586918354,0.001209982205182314,0.20262452960014343,0.1435908079147339,0.41943359375,0.02315843621399177,0.3592236042022705,0.29283809661865234,1.2225222268182485,0.008953380398452282,0.00030261301435530186,0.15572689473628998,0.14285621047019958,0.3916015625,0.01861454046639232,0.30871284008026123,0.23196235299110413,1.325161924734035,0.0074606058187782764,0.0002804062969516963,0.16413062810897827,0.10892613977193832,0.3359375,0.00034636488340192046,0.27631330490112305,0.2244725078344345,1.2254855705247274,0.005814062897115946,0.00016477744793519378,0.1341533660888672,0.13556519150733948,0.36181640625,0.012493141289437586,0.24992850422859192,0.20430606603622437,1.2173459316321142,0.00676284683868289,0.00032118757371790707
D01_s08,D01,5,high,5_high,test,248,124.67338709677419,0.5299245218346322,0.953173328021618,0.17778366804122925,0.08592160791158676,0.2666015625,0.01360082304526749,0.37886878848075867,0.17457163333892822,2.157915725197932,0.01164459902793169,0.0014896343927830458,0.2873210310935974,0.1326269954442978,0.447265625,0.03272290809327846,0.3878738582134247,0.3354669511318207,1.1527844173363222,0.009980336762964725,0.0003901438321918249,0.23649102449417114,0.14131905138492584,0.427001953125,0.024873113854595338,0.3476945757865906,0.2814258635044098,1.2311003371727733,0.009951292537152767,0.00042455040966160595,0.23290932178497314,0.10338738560676575,0.359619140625,0.0003257887517146776,0.3133357763290405,0.26425638794898987,1.1812562884981175,0.007248030509799719,0.00022529256239067763,0.20850583910942078,0.13727034628391266,0.398681640625,0.014262688614540466,0.2749466300010681,0.25398528575897217,1.0782842985730738,0.009660580195486546,0.0004964778781868517
D01_s09,D01,5,high,5_high,test,175,162.65714285714284,0.5161078376256523,0.9557504954442455,0.1475992649793625,0.07845597714185715,0.22607421875,0.007218792866941015,0.3546683192253113,0.14691691100597382,2.397753690320017,0.008703948929905891,0.0010440278565511107,0.1659940481185913,0.11238300055265427,0.3427734375,0.0050411522633744855,0.30333754420280457,0.2433127909898758,1.2415950183114839,0.00870298407971859,0.0002834984043147415,0.11372016370296478,0.09990442544221878,0.281982421875,0.000850480109739369,0.2338503748178482,0.16728678345680237,1.3895944174242025,0.006568216718733311,0.00022002033074386418,0.1351553052663803,0.08248062431812286,0.280029296875,0.0001440329218106996,0.22626492381095886,0.18261536955833435,1.2322766027441663,0.005493330303579569,0.00015317076758947223,0.09267593175172806,0.09049372375011444,0.244384765625,0.0004286694101508916,0.17491723597049713,0.1367792785167694,1.269546755169048,0.005599331576377153,0.0002356894692638889
D01_s10,D01,5,high,5_high,test,194,216.43814432989691,0.548475754030855,0.9451008462776694,0.16044603288173676,0.0894877091050148,0.26708984375,0.012719478737997256,0.3424161672592163,0.15413297712802887,2.207242931827612,0.00991223193705082,0.001291075604967773,0.19895820319652557,0.14726388454437256,0.43310546875,0.054262688614540464,0.3891677260398865,0.26567700505256653,1.4593223962567563,0.009027677588164806,0.0003290590539108962,0.1498003751039505,0.14840908348560333,0.406982421875,0.045037722908093276,0.33975401520729065,0.199585422873497,1.693812094319351,0.0071521480567753315,0.0002720152260735631,0.15919925272464752,0.11026657372713089,0.343994140625,0.0021776406035665294,0.2948620021343231,0.200624018907547,1.4624349010200497,0.005714030936360359,0.00017032680625561625,0.12912577390670776,0.14559482038021088,0.3818359375,0.043395061728395065,0.29659387469291687,0.17241688072681427,1.710294138897267,0.006446188315749168,0.00032463500974699855
D01_s11,D01,5,high,5_high,test,224,143.60267857142858,0.5189395496493922,0.9511906007891354,0.16045840084552765,0.08719522505998611,0.2481689453125,0.012194787379972566,0.35971757769584656,0.16711080074310303,2.13976482240154,0.009725094772875309,0.0013420393224805593,0.21621093153953552,0.15928585827350616,0.4580322206020355,0.05246227709190672,0.39538347721099854,0.3173103332519531,1.2421320827748292,0.008869422599673271,0.000320067978464067,0.17334920167922974,0.16217222809791565,0.44287109375,0.04211934156378601,0.348908394575119,0.26398900151252747,1.3166900987723607,0.007498877122998238,0.00029547346639446914,0.17549476027488708,0.12067178636789322,0.36474609375,0.0020130315500685872,0.30565330386161804,0.24508832395076752,1.2420471599569556,0.005874219350516796,0.00017389476124662906,0.15268829464912415,0.15783971548080444,0.420654296875,0.03532578875171468,0.29563140869140625,0.23954905569553375,1.228985945659213,0.006862176116555929,0.0003407717158552259
D01_s12,D01,5,high,5_high,test,223,151.55156950672645,0.5499416507901689,0.9496817101184073,0.15415769815444946,0.081937775015831,0.2459716796875,0.006790123456790123,0.3448127508163452,0.15029871463775635,2.279019697172614,0.009855701588094234,0.0012002032017335296,0.18640413880348206,0.1256111115217209,0.382080078125,0.01724622770919067,0.3233836889266968,0.25083693861961365,1.284099507797586,0.009456358850002289,0.00033935060491785407,0.13389268517494202,0.12083801627159119,0.335693359375,0.013487654320987655,0.25901782512664795,0.1821739226579666,1.414054038741648,0.007476173806935549,0.0002836234634742141,0.1501191109418869,0.09386064857244492,0.30908203125,0.0006824417009602194,0.24100403487682343,0.19051505625247955,1.2584077700872833,0.005974187515676022,0.00017550747725181282,0.11127102375030518,0.11398293823003769,0.302490234375,0.009725651577503429,0.20351529121398926,0.15273752808570862,1.3237840737268103,0.006520444992929697,0.0003151767887175083
D01_s13,D01,5,high,5_high,test,236,183.1271186440678,0.5578717813953663,0.9513406921363265,0.16394639015197754,0.08723266422748566,0.259765625,0.0100480109739369,0.3306126296520233,0.16185933351516724,2.030050243458924,0.010023169219493866,0.0012544553028419614,0.21966052055358887,0.15772812068462372,0.46484375,0.05735939643347051,0.3959285020828247,0.2953457832336426,1.3360355519912017,0.009358477778732777,0.000349694601027295,0.1746342033147812,0.1622900813817978,0.44873046875,0.04938614540466392,0.35168468952178955,0.23929907381534576,1.4635291095297205,0.008017783984541893,0.0003320073301438242,0.17611736059188843,0.11847805231809616,0.365234375,0.0016906721536351166,0.30174967646598816,0.22607411444187164,1.3288598623742849,0.006134615279734135,0.00018600588373374194,0.15361635386943817,0.15800628066062927,0.430419921875,0.03921810699588477,0.3072276711463928,0.21352988481521606,1.4320973108759247,0.007256748620420694,0.00038175424560904503
D01_s14,D01,5,high,5_high,test,180,150.82222222222222,0.5264327631245739,0.9506702550956282,0.15010453760623932,0.07596927881240845,0.222412109375,0.006107681755829904,0.342830091714859,0.15724508464336395,2.1664501775046805,0.008232112042605877,0.0009718425571918488,0.18678182363510132,0.14146724343299866,0.4111328125,0.01687928669410151,0.34923630952835083,0.28116798400878906,1.2376893528695754,0.008553111925721169,0.0003000364522449672,0.14393875002861023,0.1383911520242691,0.384033203125,0.012266803840877916,0.29327934980392456,0.2232884168624878,1.3075991792466723,0.006852816324681044,0.00024968310026451945,0.15348491072654724,0.1053895503282547,0.326904296875,3.429355281207133e-06,0.26465004682540894,0.21600867807865143,1.2195366985715228,0.005622671451419592,0.00016794457042124122,0.12304379045963287,0.12947238981723785,0.3525390625,0.005637860082304527,0.23867514729499817,0.19392958283424377,1.224417268147303,0.006071784533560276,0.00027803893317468464
D01_s15,D01,5,high,5_high,test,213,155.7793427230047,0.5663875603558018,0.9503816393998187,0.15381400287151337,0.07749871909618378,0.2369384765625,0.006635802469135803,0.33029958605766296,0.1544472873210907,2.1248333872523535,0.009293323382735252,0.001029543811455369,0.2029886096715927,0.14035746455192566,0.406982421875,0.01674554183813443,0.35583004355430603,0.28137141466140747,1.2601489565825317,0.009342865087091923,0.00035533306072466075,0.15770220756530762,0.13746806979179382,0.375732421875,0.012829218106995884,0.3050069808959961,0.22160200774669647,1.3701897120490933,0.008261340670287609,0.00036258422187529504,0.1669549196958542,0.10735180228948593,0.330322265625,9.259259259259259e-05,0.2759578227996826,0.22038806974887848,1.2464891315629738,0.006289894226938486,0.00019323414016980678,0.13538116216659546,0.12951813638210297,0.345947265625,0.007328532235939643,0.24770912528038025,0.19377650320529938,1.2717608192159018,0.00723465858027339,0.00036799765075556934
D01_s16,D01,5,high,5_high,test,186,153.0268817204301,0.5127481664458907,0.956720130220858,0.14427097141742706,0.07877136766910553,0.2274169921875,0.006138545953360768,0.3574332892894745,0.14031191170215607,2.5293924976603437,0.009208588860929012,0.0010710809146985412,0.15111829340457916,0.09148463606834412,0.265625,0.0006310013717421125,0.26322299242019653,0.21192516386508942,1.2362230355589916,0.008460797369480133,0.0002649355446919799,0.09722390025854111,0.07381266355514526,0.1925048828125,8.573388203017832e-05,0.18959739804267883,0.13343675434589386,1.4103092488744673,0.006250067614018917,0.00020375988970045,0.12157336622476578,0.06361118704080582,0.20361328125,2.400548696844993e-05,0.18358205258846283,0.15573212504386902,1.1713109392032972,0.0051276045851409435,0.00013475771993398666,0.07544276118278503,0.06212208792567253,0.13526611030101776,6.858710562414266e-06,0.1299731433391571,0.10184705257415771,1.2637517564778062,0.0047538322396576405,0.00017557546379975975
D01_s17,D01,5,high,5_high,test,177,152.5084745762712,0.49913634033135146,0.9564628659016338,0.1438564658164978,0.07471160590648651,0.2158203125,0.003861454046639232,0.349784791469574,0.1418437361717224,2.448723345132007,0.008486590348184109,0.0009509681258350611,0.15459194779396057,0.10055870562791824,0.2919921875,0.0009224965706447188,0.27415648102760315,0.22069892287254333,1.2366162066796245,0.008052198216319084,0.00022987282136455178,0.10189081728458405,0.08245903253555298,0.22156982123851776,5.486968449931413e-05,0.19990018010139465,0.14320878684520721,1.3861858522946056,0.00603695260360837,0.00017449291772209108,0.12403223663568497,0.06992476433515549,0.234375,6.17283950617284e-05,0.19370844960212708,0.16280889511108398,1.1825270506266907,0.00489104213193059,0.00011583828018046916,0.08044843375682831,0.06930801272392273,0.1724853515625,0.0,0.14019475877285004,0.11135484278202057,1.2477856343481486,0.0047435639426112175,0.00016268498438876122
D01_s18,D01,5,high,5_high,test,184,677.6576086956521,0.5789691442067219,0.9463838382353731,0.19426393508911133,0.09237448126077652,0.303466796875,0.011550068587105625,0.276746928691864,0.15082933008670807,1.8227501137877435,0.01141335442662239,0.0012282198294997215,0.3252449929714203,0.19153949618339539,0.5810546875,0.24862825788751713,0.4958144426345825,0.27266180515289307,1.8117780168758817,0.010501214303076267,0.0004510204598773271,0.2887610197067261,0.2100655436515808,0.58056640625,0.23449931412894376,0.4785029888153076,0.2141183316707611,2.22437104778061,0.010447952896356583,0.0005205404013395309,0.2545883059501648,0.14249666035175323,0.440185546875,0.01582647462277092,0.3789290487766266,0.21474525332450867,1.7563725872877882,0.007352990563958883,0.0002484098367858678,0.2667199969291687,0.21259094774723053,0.57080078125,0.21478052126200275,0.4552588164806366,0.18503445386886597,2.447174741091478,0.009705489501357079,0.0005597400013357401
D01_s19,D01,5,high,5_high,test,244,173.03688524590163,0.5304119928683007,0.9521689086045052,0.16067387163639069,0.09229810535907745,0.28857421875,0.011358024691358024,0.35691043734550476,0.1460604965686798,2.426963363195373,0.01185007207095623,0.0014850916340947151,0.18327414989471436,0.10828713327646255,0.282470703125,0.024218106995884774,0.3102826476097107,0.2280402034521103,1.354708225600172,0.009482325986027718,0.0003628870181273669,0.12326054275035858,0.1022212877869606,0.211669921875,0.018786008230452674,0.2458157241344452,0.14972452819347382,1.6308939698183027,0.00745571730658412,0.0002801837690640241,0.14553453028202057,0.07752468436956406,0.2275390625,0.001262002743484225,0.22771652042865753,0.17035897076129913,1.3288859020159718,0.005980365443974733,0.00019391358364373446,0.09854340553283691,0.09725391119718552,0.15185546875,0.017709190672153634,0.18903595209121704,0.11892250180244446,1.5763176155433059,0.005884355865418911,0.0002724826626945287
D01_s20,D01,5,high,5_high,test,256,182.25,0.5464547221087587,0.9501943766582717,0.17484155297279358,0.09778819978237152,0.302490234375,0.01800411522633745,0.3625856637954712,0.16053406894207,2.244638955547533,0.012501326389610767,0.0016413467237725854,0.23226238787174225,0.14338774979114532,0.46435546875,0.07317558299039781,0.36942487955093384,0.281131774187088,1.3094054387009944,0.009385421872138977,0.000347243738360703,0.17709054052829742,0.15112042427062988,0.44873046875,0.06188271604938272,0.31904444098472595,0.2144443839788437,1.480866825547217,0.007945742458105087,0.00028441110043786466,0.1856529414653778,0.10667554289102554,0.365234375,0.004279835390946502,0.28045904636383057,0.21550409495830536,1.2953983453192501,0.006289713550359011,0.00019251702178735286,0.1520431488752365,0.15113228559494019,0.429931640625,0.058689986282578877,0.26555535197257996,0.18597716093063354,1.4202555576886637,0.0069443220272660255,0.00032584971631877124
D01_s21,D01,5,high,5_high,test,176,372.78409090909093,0.5442419889799369,0.9518672932759681,0.1671953648328781,0.09188401699066162,0.28076171875,0.012873799725651577,0.3064841330051422,0.15052425861358643,2.022673701289843,0.010001239366829395,0.0012760487152263522,0.22268839180469513,0.17233918607234955,0.51611328125,0.1149965706447188,0.4451458156108856,0.2676001787185669,1.6572804148328553,0.008817109279334545,0.0003082858747802675,0.17702798545360565,0.17803847789764404,0.499755859375,0.09962620027434842,0.4082193970680237,0.20190250873565674,2.0118992101761326,0.00718550244346261,0.00026641416479833424,0.17787685990333557,0.1290408819913864,0.404052734375,0.005840192043895747,0.34074246883392334,0.20320214331150055,1.668652754119907,0.005643652752041817,0.00015868023911025375,0.15924599766731262,0.18000251054763794,0.5009765625,0.100480109739369,0.38304489850997925,0.17583799362182617,2.1660780619866866,0.0062803407199680805,0.00029194296803325415
D01_s22,D01,5,high,5_high,test,137,164.06569343065692,0.5442556306172429,0.9532511922240783,0.14170444011688232,0.07445842027664185,0.2027587890625,0.00688957475994513,0.366031676530838,0.14842091500759125,2.4496682844717017,0.00738344294950366,0.0008759360061958432,0.14809703826904297,0.11395073682069778,0.304931640625,0.007815500685871056,0.30712950229644775,0.24808359146118164,1.2330378749348982,0.007619598880410194,0.00022443669149652123,0.10086331516504288,0.10098849982023239,0.2347412109375,0.005010288065843621,0.2402089387178421,0.17172741889953613,1.3906821525397506,0.005522845312952995,0.00016895413864403963,0.12170006334781647,0.08199682831764221,0.249755859375,0.0002812071330589849,0.22602762281894684,0.18364571034908295,1.2241152117296907,0.004807291552424431,0.00012035913823638111,0.08247632533311844,0.09274960309267044,0.189697265625,0.004526748971193415,0.18145714700222015,0.14233924448490143,1.2659278877483817,0.004584738984704018,0.000171181425685063
D01_s23,D01,5,high,5_high,test,159,161.30817610062894,0.5398334566924845,0.9529684153141904,0.1460477113723755,0.0813034251332283,0.2203369140625,0.009231824417009602,0.3747578263282776,0.14934679865837097,2.492622587726858,0.008507944643497467,0.0010988538851961493,0.15355682373046875,0.11469389498233795,0.30859375,0.010486968449931413,0.30245262384414673,0.24656513333320618,1.2217092923059794,0.008172543719410896,0.000253222999162972,0.10481446981430054,0.1038433387875557,0.23828125,0.006807270233196159,0.2377944141626358,0.17188559472560883,1.3754437698528061,0.00604934711009264,0.00020398356718942523,0.12484461069107056,0.08341964334249496,0.2548828125,0.000257201646090535,0.22264595329761505,0.18368951976299286,1.2055148206748854,0.005093310493975878,0.00013615234638564289,0.08562884479761124,0.09608988463878632,0.1915283203125,0.004506172839506173,0.17754767835140228,0.1425359547138214,1.236956125072583,0.005076282657682896,0.00022133480524644256
D01_s24,D01,5,high,5_high,test,242,231.11157024793388,0.56939195431827,0.9458718721209108,0.17102684080600739,0.09196861833333969,0.283935546875,0.012976680384087792,0.3247389495372772,0.15811961889266968,2.0408479595235964,0.010871781036257744,0.0013928005937486887,0.23756493628025055,0.1606888771057129,0.492431640625,0.09261659807956105,0.4265616536140442,0.29022762179374695,1.4647019090659725,0.00943638663738966,0.0003778742393478751,0.187127947807312,0.16759923100471497,0.47314453125,0.0775480109739369,0.383432537317276,0.22751230001449585,1.6779514157135202,0.008002975955605507,0.00033270425046794116,0.19001343846321106,0.12152611464262009,0.387451171875,0.004735939643347051,0.327752023935318,0.22410175204277039,1.4560172053793858,0.006248720921576023,0.00020283089543227106,0.16580858826637268,0.1684965342283249,0.46630859375,0.07715020576131687,0.3473927974700928,0.2011418640613556,1.7185593844363163,0.0072408877313137054,0.0003788428148254752
D01_s25,D01,5,high,5_high,test,185,760.1891891891892,0.5602953624857988,0.9468814225409442,0.2296913117170334,0.10003723949193954,0.35791015625,0.010137174211248285,0.31543734669685364,0.17034856975078583,1.8409102985547798,0.011923618614673615,0.001176786026917398,0.41084447503089905,0.20535767078399658,0.666015625,0.42763374485596706,0.5766880512237549,0.3227309286594391,1.7813807707895082,0.009040368720889091,0.0003390677156858146,0.3778419494628906,0.2343360334634781,0.66748046875,0.41914266117969823,0.5678442716598511,0.2693960964679718,2.1000461141165614,0.008940920233726501,0.000358055520337075,0.3137141168117523,0.15121309459209442,0.497802734375,0.09115226337448559,0.43358343839645386,0.24920611083507538,1.7329050715402095,0.006506224162876606,0.00018962724425364286,0.3538663685321808,0.23955757915973663,0.64404296875,0.40609739368998626,0.5447387099266052,0.24084454774856567,2.2524332882333336,0.008238784037530422,0.00039970618672668934
D01_s26,D01,5,high,5_high,test,260,195.30384615384617,0.5489676212313683,0.9521532168177348,0.1645001322031021,0.08835570514202118,0.284912109375,0.007537722908093279,0.32730451226234436,0.1475539356470108,2.2032705551475598,0.011594614014029503,0.0013553041499108076,0.21071359515190125,0.12996728718280792,0.4052734375,0.043082990397805214,0.3533420264720917,0.24607765674591064,1.430084901749983,0.009340454824268818,0.0003557729651220143,0.15283837914466858,0.130896657705307,0.362060546875,0.03511316872427984,0.29753121733665466,0.17314818501472473,1.7084945060524033,0.008050570264458656,0.00032397324685007334,0.16692271828651428,0.09553375840187073,0.322509765625,0.0022976680384087793,0.26383012533187866,0.18684022128582,1.4045454350824655,0.006176724098622799,0.00019451638218015432,0.1275283247232437,0.1274440735578537,0.331787109375,0.03234910836762689,0.24815668165683746,0.14327390491962433,1.72003857381615,0.006699287332594395,0.0003199917555321008
D01_s27,D01,5,high,5_high,test,176,144.77272727272728,0.48428547904397834,0.9568727316489377,0.14965137839317322,0.07466522604227066,0.216552734375,0.0060459533607681755,0.35641226172447205,0.14914405345916748,2.3738020488530394,0.008621139451861382,0.0009959845338016748,0.18673455715179443,0.11342492699623108,0.353515625,0.0007921810699588477,0.29270076751708984,0.24910886585712433,1.1702934500702438,0.007883278653025627,0.00020591368956957012,0.1330784410238266,0.10384362936019897,0.30224609375,0.00015775034293552813,0.2265191525220871,0.17698758840560913,1.2726682492370267,0.006386670283973217,0.00017817909247241914,0.15086296200752258,0.08512552827596664,0.284912109375,0.0,0.21733781695365906,0.18851713836193085,1.1467976924524768,0.005067160818725824,0.00011077421368099749,0.10915440320968628,0.09194953739643097,0.266845703125,0.0001234567901234568,0.16045470535755157,0.1453220248222351,1.096586146566015,0.005439163651317358,0.00019204802811145782
D01_s28,D01,5,high,5_high,test,229,138.70305676855895,0.5370514700129052,0.9547224746229845,0.1612604707479477,0.08217613399028778,0.243408203125,0.00938957475994513,0.3486982583999634,0.16447171568870544,2.1072982590931364,0.01005535013973713,0.0012448792112991214,0.22948549687862396,0.15154941380023956,0.44189453125,0.03183127572016461,0.38919177651405334,0.31527847051620483,1.2305351542861742,0.009538552723824978,0.0004007545066997409,0.18641431629657745,0.1552574634552002,0.424560546875,0.02700960219478738,0.3471868634223938,0.26445236802101135,1.3079064466846757,0.008909179829061031,0.00045310775749385357,0.18714001774787903,0.11778269708156586,0.355712890625,0.0004663923182441701,0.3064626157283783,0.24811580777168274,1.230201400985579,0.006551378406584263,0.00022386404452845454,0.16346248984336853,0.14806321263313293,0.395263671875,0.014876543209876544,0.28933951258659363,0.23781220614910126,1.2115775707291356,0.008035563863813877,0.0004711859510280192
D01_s29,D01,5,high,5_high,test,178,161.82022471910113,0.5149638797865014,0.9548657299035196,0.14334562420845032,0.07888583838939667,0.2274169921875,0.005867626886145404,0.3572722375392914,0.13750338554382324,2.5795198878098793,0.008987074717879295,0.001041622250340879,0.1414153128862381,0.08724971860647202,0.249755859375,0.001855281207133059,0.2607487440109253,0.20312760770320892,1.2773810801233736,0.0082174651324749,0.00027678092010319233,0.08897868543863297,0.06407684832811356,0.173095703125,8.573388203017832e-05,0.18662314116954803,0.1230713278055191,1.5041601026635134,0.005880094598978758,0.00019795390835497528,0.11493843048810959,0.05779116600751877,0.185791015625,0.000462962962962963,0.18423300981521606,0.14911623299121857,1.2272690710670393,0.005149441305547953,0.00015112714027054608,0.06786917895078659,0.05083076283335686,0.12017822265625,4.11522633744856e-05,0.12672297656536102,0.09155166894197464,1.369213305540823,0.004530301317572594,0.00018241869111079723
D01_s30,D01,5,high,5_high,test,166,160.6144578313253,0.5280656920072178,0.9530430614760121,0.1391095519065857,0.0747198835015297,0.211669921875,0.004368998628257887,0.35050323605537415,0.13656549155712128,2.5479008731621824,0.008252185769379139,0.0009128152159973979,0.131991446018219,0.07907380908727646,0.2392578125,0.0004149519890260631,0.25275787711143494,0.19870807230472565,1.265636757665774,0.007979491725564003,0.00020994518126826733,0.07993284612894058,0.05400276929140091,0.15380859375,1.7146776406035666e-05,0.17478685081005096,0.11807794123888016,1.467835679652994,0.005392223130911589,0.00013297279656399041,0.10469961166381836,0.04798716679215431,0.1669921875,0.0,0.1709323674440384,0.14231432974338531,1.1927095340019744,0.004648088943213224,0.00010241824929835275,0.05979879945516586,0.03893982246518135,0.10888671875,0.0,0.11898167431354523,0.08587998896837234,1.369494583578494,0.003918732516467571,0.00011159463610965759
D01_s31,D01,5,high,5_high,test,275,153.57090909090908,0.5471909603103697,0.9483559440911993,0.18398603796958923,0.08232078701257706,0.267333984375,0.011255144032921811,0.3325877785682678,0.18357892334461212,1.801873001216507,0.010931202210485935,0.0012001103023067117,0.3119732737541199,0.1542375236749649,0.49365234375,0.08959876543209877,0.4512031376361847,0.36651158332824707,1.2277249428440125,0.009913873858749866,0.000401746277930215,0.2712031602859497,0.16423986852169037,0.485107421875,0.08083333333333333,0.4263771176338196,0.32534608244895935,1.3065182656222176,0.010566779412329197,0.0004953587194904685,0.2510741949081421,0.1169486716389656,0.390625,0.0036248285322359394,0.35945942997932434,0.2895934581756592,1.2369839026521952,0.007386978715658188,0.00023903942201286554,0.24391214549541473,0.16393433511257172,0.462646484375,0.06126200274348422,0.3714230954647064,0.3002338707447052,1.2330057524623,0.010213599540293217,0.0005534415249712765
D01_s32,D01,5,high,5_high,test,212,157.66509433962264,0.5242673484961785,0.9544351643571601,0.1565307229757309,0.0902312695980072,0.27001953125,0.013021262002743485,0.3785886764526367,0.14716224372386932,2.555230448306481,0.010983992367982864,0.001403116388246417,0.17090663313865662,0.10234614461660385,0.285888671875,0.010569272976680383,0.2797577977180481,0.22782504558563232,1.2225838172655599,0.008655381388962269,0.0002872589393518865,0.1134679988026619,0.09062498062849045,0.2156982421875,0.006262002743484225,0.2119709998369217,0.1487482786178589,1.4155154355920734,0.006691743154078722,0.0002263106289319694,0.13720987737178802,0.07306556403636932,0.2344970703125,1.02880658436214e-05,0.20269791781902313,0.1695215106010437,1.1886941248911413,0.00534997321665287,0.0001429731782991439,0.0900387316942215,0.08277005702257156,0.1617431640625,0.007105624142661179,0.14825937151908875,0.1176837831735611,1.2491965418921371,0.005243909545242786,0.00021023035515099764
D01_s33,D01,5,high,5_high,test,220,282.5318181818182,0.5429246186892859,0.9503040718598086,0.16901326179504395,0.09173973649740219,0.29638671875,0.010360082304526749,0.31806322932243347,0.14696769416332245,2.1495450822621085,0.011181382462382317,0.0013628078158944845,0.22590063512325287,0.1582736372947693,0.4912109375,0.09609053497942387,0.4240718185901642,0.2485947608947754,1.699041346340379,0.009336188435554504,0.00037522357888519764,0.1732308566570282,0.16516470909118652,0.47119140625,0.0875960219478738,0.3822242319583893,0.17651626467704773,2.1531786546644796,0.00806589424610138,0.00035122063127346337,0.1799936443567276,0.11717497557401657,0.387451171875,0.0078052126200274345,0.32144591212272644,0.1894293576478958,1.6880060726617607,0.006201107986271381,0.00020880553347524256,0.1512596160173416,0.16632680594921112,0.460693359375,0.08650548696844994,0.3477923572063446,0.14685268700122833,2.352289730138318,0.006700397934764624,0.0003412680816836655
D01_s34,D01,5,high,5_high,test,253,130.0316205533597,0.4800106374673652,0.9528970491664033,0.17928734421730042,0.09328247606754303,0.273193359375,0.016642661179698218,0.3856240510940552,0.18045993149280548,2.125119567287748,0.01182175986468792,0.001740712788887322,0.2758515775203705,0.16036158800125122,0.478515625,0.06686556927297668,0.4160049855709076,0.351531982421875,1.1800489212722676,0.009190700948238373,0.00036056010867469013,0.23425127565860748,0.1713639199733734,0.47021484375,0.06137517146776406,0.38114219903945923,0.3067339062690735,1.2385447013635205,0.008810834027826786,0.000371771224308759,0.22084832191467285,0.12403570115566254,0.37841796875,0.0017181069958847736,0.3282991945743561,0.2729896008968353,1.198217718846818,0.006533865351229906,0.00020959998073522002,0.20870433747768402,0.16600579023361206,0.445068359375,0.04081961591220851,0.31696170568466187,0.27997392416000366,1.128082282483141,0.008622841909527779,0.00047808856470510364
D01_s35,D01,5,high,5_high,test,162,154.38888888888889,0.5316387344482556,0.9516883165562919,0.14633965492248535,0.07784968614578247,0.218505859375,0.008309327846364883,0.36115947365760803,0.1534869521856308,2.3377992027678847,0.00797702744603157,0.000987163744866848,0.16333962976932526,0.12741445004940033,0.37353515625,0.013916323731138547,0.3268797695636749,0.2642684280872345,1.232260363288236,0.007974172942340374,0.00024330377345904708,0.11706151068210602,0.119552843272686,0.3271728456020355,0.009098079561042523,0.26597750186920166,0.19567564129829407,1.3523662621025794,0.00597653491422534,0.00018736801575869322,0.13356687128543854,0.09351053833961487,0.30419921875,0.00038751714677640606,0.24477551877498627,0.1987834870815277,1.225203956296439,0.005095663480460644,0.000130824075313285,0.09771301597356796,0.11200851947069168,0.290283203125,0.005853909465020576,0.2078433483839035,0.16697359085083008,1.2373572972460891,0.005161620210856199,0.00021880221902392805
D01_s36,D01,5,high,5_high,test,200,144.435,0.5256139893299363,0.9511815096999353,0.15930911898612976,0.0830458253622055,0.24072265625,0.0101440329218107,0.36543625593185425,0.16369222104549408,2.218904169316578,0.009551359340548515,0.0011857651406899095,0.21596768498420715,0.14167968928813934,0.424560546875,0.020953360768175583,0.3578353822231293,0.2994949221611023,1.1908200632797563,0.008802692405879498,0.00028080178890377283,0.16712087392807007,0.14195796847343445,0.398193359375,0.01587448559670782,0.30821889638900757,0.2394362986087799,1.2819149944182033,0.007651204708963633,0.000274660560535267,0.17491841316223145,0.10797199606895447,0.33837890625,2.05761316872428e-05,0.2780260741710663,0.23064358532428741,1.2002321315388298,0.005852861795574427,0.00015477354463655502,0.1441202163696289,0.13473083078861237,0.369873046875,0.008614540466392318,0.24439840018749237,0.2114926427602768,1.1501499393708892,0.006939020473510027,0.00031692656921222806
D01_s37,D01,5,high,5_high,test,205,155.73658536585367,0.5404530390599952,0.9480506856101426,0.15285497903823853,0.0825217217206955,0.236083984375,0.009468449931412895,0.34326836466789246,0.16018712520599365,2.129626446462166,0.0087368069216609,0.001114690094254911,0.1909867376089096,0.1511571705341339,0.43408203125,0.0336042524005487,0.3867960274219513,0.29788175225257874,1.2941440034622054,0.008556717075407505,0.00031539209885522723,0.14832139015197754,0.14987780153751373,0.411865234375,0.027064471879286695,0.33851122856140137,0.2395630180835724,1.4071623779005027,0.007048037368804216,0.00030198917374946177,0.1559281051158905,0.11434929817914963,0.3466796875,0.00049039780521262,0.29754090309143066,0.22864064574241638,1.295680484304058,0.0055893780663609505,0.00017548863252159208,0.12944342195987701,0.1442692130804062,0.387939453125,0.01921124828532236,0.29085540771484375,0.2144671231508255,1.3498830051731232,0.006388953886926174,0.00033971783705055714
D01_s38,D01,5,high,5_high,test,231,145.83982683982683,0.49681420515248886,0.9497264992993416,0.16021761298179626,0.0792153999209404,0.23681640625,0.00830246913580247,0.3305265009403229,0.1651136577129364,1.9897611399991617,0.00891290046274662,0.0011046940926462412,0.22541387379169464,0.15565332770347595,0.448486328125,0.034183813443072704,0.3880382478237152,0.31384390592575073,1.2324781916383218,0.008601498790085316,0.0002934766234830022,0.18339045345783234,0.15843915939331055,0.433837890625,0.027362825788751714,0.34306037425994873,0.2641064524650574,1.2940476215122156,0.0074844672344625,0.0002720773918554187,0.18313108384609222,0.11740018427371979,0.35498046875,0.00022633744855967078,0.3014852702617645,0.24391010403633118,1.2310038062661584,0.00587258068844676,0.00017230529920198023,0.1610385924577713,0.15212908387184143,0.406982421875,0.017373113854595335,0.2914443612098694,0.2365633100271225,1.22680712428445,0.006845252588391304,0.0003146868839394301
D01_s39,D01,5,high,5_high,test,149,519.3154362416108,0.5159798630520895,0.94697998441995,0.1610916256904602,0.08452394604682922,0.268310546875,0.006886145404663923,0.2762904167175293,0.13703270256519318,2.001630132446597,0.008675598539412022,0.0009839455597102642,0.21689477562904358,0.17845815420150757,0.51806640625,0.11747942386831275,0.4527486562728882,0.22555844485759735,1.9983746646807274,0.008790289051830769,0.0002930177724920213,0.17681637406349182,0.1855456680059433,0.5126953125,0.11101508916323731,0.424708753824234,0.1588856726884842,2.656327778985689,0.0073750694282352924,0.0002777903282549232,0.17322027683258057,0.13202422857284546,0.40087890625,0.006382030178326475,0.3449918031692505,0.17256735265254974,1.9876537718464906,0.005690505728125572,0.00015582522610202432,0.1586788445711136,0.1844385713338852,0.50439453125,0.10330932784636489,0.39953553676605225,0.1298360526561737,3.0537113330375267,0.0064392006024718285,0.00030667020473629236
D01_s40,D01,5,high,5_high,test,165,159.65454545454546,0.5250646707877682,0.9577639153009875,0.1422983705997467,0.07552184164524078,0.2137451171875,0.005291495198902606,0.3569874167442322,0.1395796239376068,2.5393965835523447,0.008339322172105312,0.0009475410915911198,0.1405036896467209,0.08671281486749649,0.2470703125,6.858710562414266e-05,0.25764328241348267,0.2068811058998108,1.2393780632360836,0.007924854755401611,0.00020586636674124748,0.087703175842762,0.0683397576212883,0.166259765625,0.0,0.18300001323223114,0.12894868850708008,1.4082482504027782,0.005557187832891941,0.0001446931710233912,0.11174752563238144,0.05797784402966499,0.173828125,0.0,0.17690138518810272,0.14986072480678558,1.172613915349198,0.004610612988471985,9.983537893276662e-05,0.06796561181545258,0.055960096418857574,0.11602783203125,0.0,0.12522739171981812,0.09743129462003708,1.2722314808843966,0.004088325425982475,0.00011703747441060841
D01_s41,D01,5,high,5_high,test,174,160.39655172413794,0.5224945234483243,0.9532561259191303,0.1459377259016037,0.07801225036382675,0.22388915717601776,0.006498628257887517,0.35523122549057007,0.14333516359329224,2.4611551104174514,0.00878060795366764,0.00104180455673486,0.15846486389636993,0.10771553218364716,0.320556640625,0.0020713305898491085,0.2815640866756439,0.2271898239850998,1.233902904864107,0.007966968230903149,0.00024375553766731173,0.10864090174436569,0.09303630143404007,0.25537109375,0.00045267489711934157,0.2119678109884262,0.15334007143974304,1.3733815788155963,0.005984284915030003,0.0001834666618378833,0.129195898771286,0.07711140066385269,0.261962890625,0.00016803840877914952,0.20599758625030518,0.17003393173217773,1.2044252515511196,0.005058411043137312,0.0001328596263192594,0.08636366575956345,0.08148571848869324,0.215576171875,0.00016803840877914952,0.1485758125782013,0.121388740837574,1.2139663465888662,0.004829827230423689,0.0001766105997376144
D01_s42,D01,5,high,5_high,test,192,148.875,0.5230838064246807,0.9534720153886399,0.1473345160484314,0.08195827901363373,0.2347412109375,0.008964334705075445,0.36686956882476807,0.1433432400226593,2.5416470405346043,0.00955173745751381,0.0011765037197619677,0.15789742767810822,0.10045601427555084,0.290771484375,0.00257201646090535,0.27343225479125977,0.22281517088413239,1.2216877600884966,0.00842525064945221,0.00026877858908846974,0.10549832880496979,0.085842564702034,0.222900390625,0.0008161865569272977,0.20685318112373352,0.14569759368896484,1.4100652636628341,0.00635932944715023,0.0002075231313938275,0.12822920083999634,0.07269051671028137,0.2408447265625,0.00011659807956104253,0.19793586432933807,0.1659887433052063,1.1853245938115093,0.005270187743008137,0.0001408962270943448,0.08302140980958939,0.07505150139331818,0.1768798828125,0.00047325102880658434,0.14299044013023376,0.11413925141096115,1.2418913478937315,0.004963682033121586,0.00018493215611670166
D01_s43,D01,5,high,5_high,test,127,216.5984251968504,0.553310073939729,0.952319271695943,0.13374683260917664,0.07079408317804337,0.205078125,0.0024691358024691358,0.32602226734161377,0.13520663976669312,2.393585715792224,0.007005918305367231,0.0006960186292417347,0.1285192370414734,0.09782577306032181,0.24560546875,0.01058641975308642,0.3105106055736542,0.2008834034204483,1.5380690057368196,0.008641519583761692,0.0002979165001306683,0.08235560357570648,0.07741855829954147,0.162353515625,0.0049519890260631,0.2345803678035736,0.12362896651029587,1.882229905069416,0.00611730245873332,0.00021949260553810745,0.11022020876407623,0.06551888585090637,0.177490234375,0.0001783264746227709,0.2222178429365158,0.14683520793914795,1.5031456040430187,0.005224023014307022,0.0001551902387291193,0.06343405693769455,0.06938192993402481,0.115478515625,0.003559670781893004,0.18642336130142212,0.09360256046056747,1.9705953030639975,0.0049223224632442,0.0002201750612584874
D01_s44,D01,5,high,5_high,test,163,163.50920245398774,0.5193803020355119,0.9557613109153342,0.14144164323806763,0.07960546761751175,0.21630859375,0.007150205761316872,0.3684861660003662,0.13773085176944733,2.6561227102731437,0.008825794793665409,0.0010910831624642015,0.1328001469373703,0.08168216794729233,0.23828125,0.0008470507544581619,0.2505374252796173,0.20111112296581268,1.2396023613306824,0.00804924312978983,0.0002492939820513129,0.08097013831138611,0.05680089443922043,0.156005859375,6.858710562414266e-06,0.1768762767314911,0.11837746948003769,1.4816554371766806,0.005517652723938227,0.00015938853903207928,0.1067344918847084,0.05030125007033348,0.1678466796875,6.858710562414266e-05,0.1702343076467514,0.1433720588684082,1.17913610833739,0.004767183680087328,0.0001226689200848341,0.06135914847254753,0.04427415505051613,0.108642578125,3.08641975308642e-05,0.11855442821979523,0.08718470484018326,1.3443876512899928,0.004196514841169119,0.0001441322237951681
D01_s45,D01,5,high,5_high,test,206,363.2281553398058,0.5301163893634877,0.9506431814393612,0.17994260787963867,0.09434467554092407,0.2900390625,0.014729080932784636,0.30501827597618103,0.1631433665752411,1.8582430855429348,0.010784463956952095,0.001404155627824366,0.27810800075531006,0.18637976050376892,0.54638671875,0.15424211248285322,0.48561811447143555,0.31382447481155396,1.542504326457193,0.009672177955508232,0.0003538705059327185,0.23894070088863373,0.19655151665210724,0.5400390625,0.1448079561042524,0.46246349811553955,0.26166218519210815,1.7606778751851888,0.009039302356541157,0.00035901967203244567,0.22202855348587036,0.13988089561462402,0.42236328125,0.010970507544581619,0.3735879063606262,0.2453862726688385,1.5162691586424386,0.006685364991426468,0.00019276032980997115,0.21844567358493805,0.195541650056839,0.53759765625,0.13341563786008231,0.43409571051597595,0.23611034452915192,1.830775082284971,0.008336176164448261,0.0004010913544334471
D01_s46,D01,5,high,5_high,test,143,160.63636363636363,0.4898190098453386,0.9579887118064928,0.1368255764245987,0.07207020372152328,0.189453125,0.00483196159122085,0.3589250147342682,0.1362515389919281,2.615089181297828,0.0075059812515974045,0.0008452635956928134,0.12673760950565338,0.08270861953496933,0.239501953125,0.0005212620027434842,0.2587830424308777,0.19793576002120972,1.3008372270691166,0.007737380918115377,0.0002004348352784291,0.0773572027683258,0.0590585358440876,0.1534423828125,7.887517146776407e-05,0.18191708624362946,0.11712252348661423,1.5400711132305305,0.005247585475444794,0.00013930199202150106,0.10221865773200989,0.0522923469543457,0.1651611328125,0.0,0.17645080387592316,0.14153674244880676,1.2379320647046281,0.004510886035859585,0.00010069383279187605,0.05886533111333847,0.0454045869410038,0.1082763671875,3.08641975308642e-05,0.1256788969039917,0.08534242957830429,1.4555867551771058,0.0038189999759197235,0.00011147905752295628
D01_s47,D01,5,high,5_high,test,141,168.97163120567376,0.5306685193471599,0.9550651707969547,0.13699869811534882,0.07113587856292725,0.2005615234375,0.004657064471879286,0.34506651759147644,0.1427086889743805,2.4011527768720566,0.007306160870939493,0.0007728204363957047,0.13375984132289886,0.10388698428869247,0.265869140625,0.0022085048010973937,0.2845229208469391,0.2285512238740921,1.239474641193805,0.007716846652328968,0.0002198617294197902,0.08907966315746307,0.0836983323097229,0.188720703125,0.0016460905349794238,0.2127685397863388,0.15301795303821564,1.3814528474712666,0.005592794623225927,0.00016730267088860273,0.11143284291028976,0.07228448987007141,0.205322265625,0.0,0.20664681494235992,0.17123588919639587,1.1997895206772278,0.004784243647009134,0.00011275406723143533,0.07050911337137222,0.07174485176801682,0.13623046875,0.0006893004115226338,0.1532915234565735,0.12089367210865021,1.25758393200212,0.004527701996266842,0.00016526581021025777
D01_s48,D01,5,high,5_high,test,194,148.2680412371134,0.5271712340951944,0.9545727892343152,0.15172533690929413,0.08111000061035156,0.2318115234375,0.007818930041152264,0.35761281847953796,0.1540089100599289,2.307046855185803,0.00923075620085001,0.001135989441536367,0.18767069280147552,0.13212120532989502,0.384033203125,0.009732510288065844,0.33150070905685425,0.2715781629085541,1.216167522444077,0.008428405970335007,0.000309623108478263,0.1395963877439499,0.12308954447507858,0.3388671875,0.0043792866941015085,0.2735691964626312,0.20629183948040009,1.3197296967809378,0.0071298605762422085,0.00028113063308410347,0.1544359028339386,0.10016687959432602,0.313232421875,0.0006172839506172839,0.2570272982120514,0.2104598730802536,1.2154897024576572,0.005681006703525782,0.00017349170229863375,0.11707863211631775,0.11324568092823029,0.30517578125,0.0019170096021947874,0.20820775628089905,0.17669406533241272,1.1717203717040539,0.0062917922623455524,0.00030405621509999037
D01_s49,D01,5,high,5_high,test,160,155.56875,0.5181933697676573,0.9552887629405878,0.13716930150985718,0.07093130052089691,0.1988525390625,0.0033950617283950617,0.3436111807823181,0.13772018253803253,2.477009289460178,0.007566822227090597,0.0008191954111680388,0.1344578117132187,0.08859153836965561,0.24853515625,0.002187928669410151,0.2702946662902832,0.20855958759784698,1.289822476693308,0.007774145808070898,0.00022093452571425587,0.08387704938650131,0.06614597886800766,0.166748046875,0.0008984910836762689,0.19430847465991974,0.12972986698150635,1.4863357482602466,0.005446973256766796,0.00015899485151749104,0.10925238579511642,0.05906317010521889,0.183349609375,0.00015089163237311386,0.191057488322258,0.15313680469989777,1.2395319125386328,0.00467764912173152,0.00011402983363950625,0.06431616842746735,0.0533527135848999,0.11895751953125,0.0004218106995884774,0.13657134771347046,0.0973394438624382,1.3887748633652315,0.004126803018152714,0.00013727515761274844
G04_s01,G04,1,high,1_high,test,193,235.9222797927461,0.5815249604450362,0.9443382221424272,0.1603228896856308,0.08451178669929504,0.2724609375,0.00703360768175583,0.32406455278396606,0.1572279930114746,2.048086097890814,0.009533122181892395,0.0009606374660506845,0.2121356725692749,0.1566828340291977,0.440673828125,0.04906721536351166,0.4315384030342102,0.283920556306839,1.5145920274333393,0.012891058810055256,0.0007786688511259854,0.16484872996807098,0.14333562552928925,0.4013671875,0.015377229080932784,0.36193203926086426,0.22443777322769165,1.6054631576551002,0.011042320169508457,0.0006412223447114229,0.18236130475997925,0.11593311280012131,0.3525390625,0.002890946502057613,0.34820809960365295,0.22982573509216309,1.5085323976749037,0.009515740908682346,0.0004496078472584486,0.14352530241012573,0.13472376763820648,0.375244140625,0.009183813443072703,0.315238356590271,0.19580170512199402,1.6018070391964343,0.010533866472542286,0.0007188195595517755
G04_s02,G04,1,high,1_high,test,78,407.9230769230769,0.6588350307317309,0.9390663161583009,0.12488433718681335,0.06642444431781769,0.2069091796875,0.0016392318244170096,0.2916834056377411,0.1316821128129959,2.198362683965124,0.005115280393511057,0.00033533485839143395,0.10707274079322815,0.14419539272785187,0.337158203125,0.03562071330589849,0.4450010359287262,0.2050059586763382,2.1601367202580772,0.009652123786509037,0.000653578492347151,0.08138934522867203,0.11380677670240402,0.260986328125,0.003741426611796982,0.35522234439849854,0.14539916813373566,2.4263959210068933,0.007505076006054878,0.00047609221655875444,0.10467259585857391,0.10587500780820847,0.27001953125,0.0028429355281207134,0.35317009687423706,0.17333506047725677,2.0258122256498745,0.007183862384408712,0.00035048037534579635,0.06923098117113113,0.10365752130746841,0.2208251953125,0.0007956104252400548,0.3160702884197235,0.11931087076663971,2.6271132974574463,0.007019347511231899,0.0005044044810347259
G04_s03,G04,1,high,1_high,test,48,336.2916666666667,0.6038985334949865,0.9455773180738718,0.1116117462515831,0.05351581051945686,0.1258544921875,0.000826474622770919,0.30804404616355896,0.12857791781425476,2.3772881318028967,0.003771237563341856,0.000257112696999684,0.06727319955825806,0.11056797206401825,0.2022705078125,0.01703360768175583,0.43244028091430664,0.18192602694034576,2.364017237718339,0.006897181272506714,0.00046824131277389824,0.05163782462477684,0.08494635671377182,0.129638671875,0.001059670781893004,0.3430332839488983,0.12526583671569824,2.716754530532882,0.00516753364354372,0.000336839904775843,0.07357207685709,0.08231749385595322,0.1619873046875,0.0016769547325102881,0.345589280128479,0.15530715882778168,2.2109625862321973,0.005281842779368162,0.00025769980857148767,0.04280799254775047,0.07616574317216873,0.1002197265625,3.08641975308642e-05,0.30011022090911865,0.10254191607236862,2.8984418319954828,0.004665280692279339,0.00033102426095865667
G04_s04,G04,1,high,1_high,test,153,229.91503267973857,0.615849161159199,0.9354531279612328,0.13478080928325653,0.06855683773756027,0.2076416015625,0.003617969821673525,0.2854888141155243,0.1429307460784912,1.983515141093174,0.0065700216218829155,0.0006547345547005534,0.14102773368358612,0.1501752883195877,0.387939453125,0.01564471879286694,0.403910756111145,0.24568118155002594,1.6373796881187452,0.009546572342514992,0.0006494432454928756,0.11107777804136276,0.12897199392318726,0.337890625,0.0014334705075445817,0.34114181995391846,0.18979094922542572,1.7880398485299651,0.007939000613987446,0.0005180580192245543,0.1280623823404312,0.11019957810640335,0.3115234375,7.544581618655693e-05,0.32128188014030457,0.1999789923429489,1.5985843913082805,0.007066590245813131,0.00035412938450463116,0.09578005969524384,0.1174321398139,0.304443359375,0.0003566529492455418,0.29573848843574524,0.16513065993785858,1.7801559841293995,0.007387908641248941,0.0005177310667932034
G04_s05,G04,1,high,1_high,test,70,297.57142857142856,0.6149045394044735,0.9409668251996448,0.1150287464261055,0.05289553478360176,0.149169921875,0.0007647462277091907,0.2804904580116272,0.12780146300792694,2.1776962113727287,0.004160967655479908,0.00028511363780125976,0.0815005823969841,0.11825796961784363,0.246826171875,0.016903292181069958,0.41156652569770813,0.1892286092042923,2.1635364281915885,0.007723330054432154,0.0005226586945354939,0.06204013153910637,0.09396815299987793,0.1715087890625,0.0018689986282578875,0.33544912934303284,0.13026157021522522,2.5555776057913073,0.005929033737629652,0.00039441054104827344,0.08420096337795258,0.08720548450946808,0.2003173828125,0.0013786008230452676,0.3286280035972595,0.15826371312141418,2.0634204562763836,0.005849027074873447,0.00029035101761110127,0.052350569516420364,0.08629533648490906,0.1309814453125,0.0007544581618655693,0.29763317108154297,0.10708767920732498,2.7536271780861097,0.0054008751176297665,0.0003957559820264578
G04_s06,G04,1,high,1_high,test,82,272.6951219512195,0.6262144627565389,0.9359629903876688,0.1211060881614685,0.06260254979133606,0.1678466796875,0.002369684499314129,0.31069502234458923,0.13375794887542725,2.305578445927531,0.005099213682115078,0.0004184567369520664,0.09279056638479233,0.12309800088405609,0.2646484375,0.021536351165980797,0.41329631209373474,0.20183736085891724,2.0375748843488526,0.008895404636859894,0.0005982080474495888,0.0680483877658844,0.09818155318498611,0.1922607421875,0.004818244170096022,0.3348765969276428,0.13873901963233948,2.3964430107547647,0.006778496317565441,0.0004353090189397335,0.09406913816928864,0.09080088138580322,0.2152099609375,0.0023388203017832647,0.3308829963207245,0.16768471896648407,1.9615469518994637,0.006698097568005323,0.00033723132219165564,0.05799752473831177,0.08905519545078278,0.146240234375,0.002829218106995885,0.29291364550590515,0.11426342278718948,2.541254097986581,0.00615863548591733,0.000442442309577018
G04_s07,G04,1,high,1_high,test,70,273.2,0.6454259493299013,0.9401679415929104,0.11441197246313095,0.05065936967730522,0.1451416015625,0.0012551440329218106,0.2755449414253235,0.12723302841186523,2.148782921513126,0.0040212771855294704,0.0002863061672542244,0.07953150570392609,0.11470410972833633,0.240478515625,0.012719478737997256,0.4114105701446533,0.19404637813568115,2.1092961278084417,0.007920581847429276,0.0005142103182151914,0.05895758420228958,0.0904376208782196,0.1673583984375,0.001622085048010974,0.33109426498413086,0.135703444480896,2.421989191577397,0.005961031187325716,0.0003619259223341942,0.085732102394104,0.0849156305193901,0.197021484375,0.002623456790123457,0.3329728841781616,0.16496245563030243,2.006314518025036,0.006022794172167778,0.0002834649640135467,0.05129016190767288,0.0829862654209137,0.1329345703125,0.0012277091906721536,0.29711514711380005,0.11370625346899033,2.590226235521868,0.005556733347475529,0.0003838197444565594
G04_s08,G04,1,high,1_high,test,86,209.54651162790697,0.6091677068736773,0.9477344107029549,0.11824256181716919,0.05712299048900604,0.1435546875,0.0021021947873799724,0.3128044307231903,0.13095372915267944,2.3705615046411785,0.004767837934195995,0.00042991340160369873,0.08163795620203018,0.10758928209543228,0.2344970703125,0.01063443072702332,0.3814995288848877,0.19321034848690033,1.964362516504213,0.008138757199048996,0.0005050941836088896,0.05954848974943161,0.08233155310153961,0.1558837890625,0.0010219478737997255,0.30245667695999146,0.12967392802238464,2.3145908410144385,0.006047292146831751,0.0003698186483234167,0.08453360944986343,0.07684898376464844,0.1824951171875,0.0004252400548696845,0.3011261224746704,0.15655453503131866,1.9112501104129602,0.0059769656509160995,0.00028055623988620937,0.04892273619771004,0.07235423475503922,0.11865234375,0.0005898491083676269,0.25272536277770996,0.10490810871124268,2.3862701907628523,0.005279019009321928,0.0003498827281873673
G04_s09,G04,1,high,1_high,test,82,311.280487804878,0.6170143322348249,0.942973140596734,0.12419114261865616,0.06433140486478806,0.18359375,0.0026131687242798352,0.3046383261680603,0.1365319937467575,2.215036064473853,0.005158739164471626,0.00042903507710434496,0.09825418889522552,0.13351444900035858,0.30615234375,0.02477366255144033,0.4314224421977997,0.21422536671161652,2.004514843159118,0.008387803100049496,0.0005098253604955971,0.07344923168420792,0.11131050437688828,0.233154296875,0.006272290809327847,0.35977649688720703,0.15271688997745514,2.340513764882789,0.006569568067789078,0.0003963190538343042,0.09802189469337463,0.09914995729923248,0.250244140625,0.0017421124828532236,0.34709033370018005,0.17716634273529053,1.948125152997428,0.006392120849341154,0.0003033803659491241,0.064179927110672,0.10286427289247513,0.1900634765625,0.004801097393689987,0.3223615884780884,0.12943534553050995,2.4714281789722805,0.0060536060482263565,0.0004159887321293354
G04_s10,G04,1,high,1_high,test,75,241.78666666666666,0.6392574348600998,0.9483127895964577,0.12449399381875992,0.05548449233174324,0.1651611328125,0.0016632373113854594,0.3065861165523529,0.13714824616909027,2.2192544969199144,0.004708818159997463,0.00035987497540190816,0.08858958631753922,0.11514291167259216,0.2393798828125,0.019118655692729768,0.4089847803115845,0.1884239912033081,2.1590970484442096,0.008804851211607456,0.000680875382386148,0.059460923075675964,0.08809813112020493,0.1605224609375,0.00047325102880658434,0.3176940381526947,0.12692613899707794,2.483417702147263,0.0066239540465176105,0.00046066680806688964,0.09175466001033783,0.08774019777774811,0.19361571967601776,0.004945130315500686,0.34028539061546326,0.1609112024307251,2.1016791025380526,0.00675852969288826,0.0003861670847982168,0.05519179254770279,0.08149392157793045,0.12548828125,0.0006138545953360768,0.2943170666694641,0.1079317182302475,2.701849116594031,0.006164758466184139,0.00048790767323225737
G04_s11,G04,1,high,1_high,test,110,1038.418181818182,0.6191515254684887,0.9388804570766803,0.18286943435668945,0.1000172346830368,0.305419921875,0.013364197530864198,0.28392505645751953,0.15097083151340485,1.8682865233416548,0.009670138359069824,0.001118845189921558,0.28249219059944153,0.22958514094352722,0.5986328125,0.26060013717421127,0.5299225449562073,0.2787141501903534,1.8945146128487957,0.010567208752036095,0.000564742018468678,0.25589612126350403,0.23102521896362305,0.5927734375,0.23647805212620027,0.5088651776313782,0.22008159756660461,2.3017075289501374,0.00971090979874134,0.0005314222071319818,0.22983384132385254,0.16581402719020844,0.45556640625,0.027043895747599453,0.4088618755340576,0.2242700606584549,1.8149854194515311,0.007639023009687662,0.00030388066079467535,0.24136017262935638,0.22992533445358276,0.591796875,0.22861796982167354,0.4911355972290039,0.19391578435897827,2.51973229794707,0.009153647348284721,0.0005778379854746163
G04_s12,G04,1,high,1_high,test,129,318.31007751937983,0.6026569122170475,0.9391294382392149,0.1392134130001068,0.07436783611774445,0.2406005859375,0.00294238683127572,0.2987980246543884,0.13586582243442535,2.1831456483414433,0.007182820700109005,0.0006181111675687134,0.14480145275592804,0.14786913990974426,0.3818359375,0.03672496570644719,0.42139944434165955,0.21382644772529602,1.9615808425995742,0.012120659463107586,0.0008047744631767273,0.10791894793510437,0.12235138565301895,0.3125,0.005027434842249657,0.34387847781181335,0.15176567435264587,2.2510192768697546,0.00964824017137289,0.0006157502066344023,0.1319497525691986,0.10796555131673813,0.306396484375,0.0018449931412894377,0.3359323740005493,0.17617546021938324,1.8960434677837956,0.008837389759719372,0.0004383597697596997,0.09247192740440369,0.1121566966176033,0.27587890625,0.001752400548696845,0.3022211194038391,0.12637262046337128,2.372732211242755,0.008786489255726337,0.0006208602571859956
G04_s13,G04,1,high,1_high,test,229,138.97379912663754,0.5179072472882731,0.9484822153133547,0.17939622700214386,0.08836643397808075,0.263671875,0.015233196159122084,0.37186041474342346,0.18811357021331787,1.9663338507330241,0.010751930065453053,0.0014183385064825416,0.29327061772346497,0.17088690400123596,0.486572265625,0.07940329218106996,0.48298004269599915,0.38587862253189087,1.2484019911340192,0.011156382970511913,0.0006136167794466019,0.25649285316467285,0.16900260746479034,0.468994140625,0.05967421124828532,0.4506416618824005,0.347179651260376,1.294279146558744,0.011158614419400692,0.0006288979784585536,0.24142980575561523,0.12553764879703522,0.385009765625,0.0025411522633744855,0.39282742142677307,0.30566123127937317,1.2809816871468216,0.008316067978739738,0.0003381672140676528,0.23238292336463928,0.16121456027030945,0.442626953125,0.04083333333333333,0.3851053714752197,0.32416054606437683,1.184354547734628,0.0112678911536932,0.0007266580942086875
G04_s14,G04,1,high,1_high,test,92,339.79347826086956,0.6196094523449279,0.9330975495878316,0.1226508766412735,0.06334448605775833,0.196533203125,0.0012825788751714678,0.2806713283061981,0.1309465914964676,2.127158611093884,0.004918872844427824,0.00035423823283053935,0.10558886080980301,0.1464197337627411,0.359130859375,0.03306584362139918,0.44885045289993286,0.20384199917316437,2.1912032430443844,0.00904271099716425,0.0006661496008746326,0.08388800173997879,0.12164238840341568,0.294921875,0.005085733882030178,0.376510351896286,0.15093493461608887,2.478102569679957,0.007269169669598341,0.0005074338405393064,0.10434991121292114,0.10826133191585541,0.2907958924770355,0.0019993141289437587,0.35926738381385803,0.17411217093467712,2.0516414244437478,0.0068305907770991325,0.00035684657632373273,0.07253053039312363,0.11311180144548416,0.260498046875,0.002328532235939643,0.34146544337272644,0.12918072938919067,2.623010678883778,0.006763014942407608,0.0005080031114630401
G04_s15,G04,1,high,1_high,test,57,323.70175438596493,0.6183870851305019,0.9451080066795192,0.11938519775867462,0.05848393216729164,0.1494140625,0.001903292181069959,0.3166874647140503,0.13518577814102173,2.3254077557651964,0.004492325708270073,0.00032841780921444297,0.0879579409956932,0.11757214367389679,0.247314453125,0.0201920438957476,0.42656072974205017,0.20874519646167755,2.0337091715947206,0.00808205921202898,0.00048650012467987835,0.06320059299468994,0.09191761165857315,0.1717529296875,0.0021776406035665294,0.34200456738471985,0.14288033545017242,2.3770070198589464,0.0060930498875677586,0.00035449123242869973,0.09086594730615616,0.08711280673742294,0.200927734375,0.002016460905349794,0.34555989503860474,0.1726670116186142,1.9897843108942315,0.006115064490586519,0.00027754862094298005,0.054097991436719894,0.08285585045814514,0.130859375,0.00033950617283950616,0.3016432225704193,0.11754218488931656,2.5446065706656675,0.005439435131847858,0.000350983435055241
G04_s16,G04,1,high,1_high,test,142,266.83098591549293,0.6028970241272785,0.9389971388248683,0.13765539228916168,0.0715126097202301,0.2188720703125,0.0039060356652949246,0.2890203893184662,0.14755815267562866,1.9455033878183159,0.006661762949079275,0.0006366776651702821,0.15308181941509247,0.16349291801452637,0.41015625,0.03246570644718793,0.4367753863334656,0.272554874420166,1.5966646080032973,0.009652960114181042,0.000599112652707845,0.12510626018047333,0.14555758237838745,0.37109375,0.01318244170096022,0.38195785880088806,0.22069500386714935,1.7228979099130992,0.008321958594024181,0.0005171261145733297,0.13902337849140167,0.12188956141471863,0.33349609375,0.0014368998628257888,0.35190343856811523,0.22486534714698792,1.558023145264088,0.00720702949911356,0.00033243250800296664,0.11001814156770706,0.13531938195228577,0.3388671875,0.009626200274348422,0.3403380811214447,0.1962970644235611,1.7250032691353199,0.007751126773655415,0.0005247502704150975
G04_s17,G04,1,high,1_high,test,225,197.11111111111111,0.5674514512869899,0.9428893051514499,0.16394072771072388,0.08240589499473572,0.2578125,0.008285322359396434,0.31638991832733154,0.16682851314544678,1.885197648465941,0.009480114094913006,0.0010424406500533223,0.24144905805587769,0.16811344027519226,0.4462890625,0.04290809327846365,0.4456651210784912,0.32710781693458557,1.3582886419537603,0.011150100268423557,0.0006709941662847996,0.20058394968509674,0.15455667674541473,0.41064453125,0.01516803840877915,0.3944970369338989,0.2742038369178772,1.4334721541386781,0.010607860051095486,0.0006181215867400169,0.20404726266860962,0.12373782694339752,0.357666015625,0.00010631001371742112,0.36024531722068787,0.2633082866668701,1.3629739792257638,0.008264830335974693,0.00035275195841677487,0.17694012820720673,0.14285056293010712,0.377197265625,0.006834705075445816,0.3376447260379791,0.24783971905708313,1.3568763351662698,0.010274451225996017,0.000654718722216785
G04_s18,G04,1,high,1_high,test,159,373.2327044025157,0.6493574603759369,0.9346939804588261,0.148123100399971,0.08071719110012054,0.2548828125,0.005116598079561043,0.2800656855106354,0.14056004583835602,1.9784232468420897,0.008140737190842628,0.000751249841414392,0.18067775666713715,0.1744864284992218,0.4560546875,0.06304526748971194,0.4467286467552185,0.23975321650505066,1.8555459122841949,0.01256132498383522,0.0008541956776753068,0.14576908946037292,0.15671706199645996,0.41064453125,0.026056241426611795,0.38744422793388367,0.18386150896549225,2.095862086715992,0.010680277831852436,0.0007053701556287706,0.15834328532218933,0.12582625448703766,0.361328125,0.0012139917695473252,0.35024595260620117,0.19783025979995728,1.7615324395722407,0.008980154059827328,0.00043636903865262866,0.12817765772342682,0.14689648151397705,0.378173828125,0.019207818930041153,0.34865105152130127,0.15917696058750153,2.176661676201803,0.009762177243828773,0.0006894142716191709
G04_s19,G04,1,high,1_high,test,153,311.2875816993464,0.6284324655218544,0.9417962048975776,0.14907611906528473,0.08259818702936172,0.262451171875,0.0050480109739369,0.3071109652519226,0.14632050693035126,2.0846450480727405,0.008347875438630581,0.0008001034148037434,0.17600907385349274,0.16629935801029205,0.440673828125,0.05561728395061728,0.4475066363811493,0.24909396469593048,1.7893540011060936,0.01247574295848608,0.0008419625810347497,0.13758990168571472,0.14635375142097473,0.390869140625,0.0167798353909465,0.3779642879962921,0.19204352796077728,1.9579226094183648,0.010501797311007977,0.0007019205950200558,0.15664635598659515,0.12270892411470413,0.35400390625,0.004355281207133059,0.35945573449134827,0.20504721999168396,1.7445308629053857,0.009317232295870781,0.0004862668283749372,0.12056928873062134,0.136720210313797,0.363037109375,0.011779835390946502,0.3379356563091278,0.16561615467071533,2.0282286371150047,0.00993476714938879,0.000750384759157896
G04_s20,G04,1,high,1_high,test,147,294.5442176870748,0.6466772077817928,0.9361117788762091,0.1508885771036148,0.07961856573820114,0.2548828125,0.004372427983539095,0.3118845224380493,0.14945653080940247,2.0729211338332862,0.008156911469995975,0.000734422414097935,0.17955750226974487,0.15930543839931488,0.430419921875,0.05108710562414266,0.4398089349269867,0.25717756152153015,1.7035133972721708,0.012559226714074612,0.0007910251733846962,0.13610297441482544,0.1408182680606842,0.380126953125,0.014101508916323731,0.3654612898826599,0.19632579386234283,1.8520705414600318,0.01027601771056652,0.000622279942035675,0.15872424840927124,0.11968675255775452,0.347412109375,0.007695473251028807,0.3571719229221344,0.2104775458574295,1.6889354445361626,0.009462019428610802,0.00048080162378028035,0.12059296667575836,0.13465453684329987,0.359375,0.01434156378600823,0.33207520842552185,0.1709732860326767,1.930969722602289,0.009821457788348198,0.0007048379047773778
G04_s21,G04,1,high,1_high,test,165,299.26666666666665,0.6321219370331341,0.9392503202504882,0.15475228428840637,0.08331561833620071,0.26318359375,0.006800411522633745,0.30829551815986633,0.15079745650291443,2.030966297211622,0.00862370990216732,0.0008635986596345901,0.1865406036376953,0.16967715322971344,0.45361328125,0.0592798353909465,0.44485557079315186,0.26323258876800537,1.6835757196616363,0.011949975974857807,0.0007790111121721566,0.1471443921327591,0.15527363121509552,0.412353515625,0.024214677640603567,0.38344940543174744,0.20692560076713562,1.8441663942151505,0.009924203157424927,0.0006134592113085091,0.16286006569862366,0.12667860090732574,0.361572265625,0.0051337448559670784,0.3567794859409332,0.2142472267150879,1.6575334854984431,0.00900507066398859,0.0004670496564358473,0.13194695115089417,0.14769858121871948,0.392333984375,0.019417009602194786,0.34944823384284973,0.18194803595542908,1.9100955745050165,0.00950288400053978,0.0006894547841511667
G04_s22,G04,1,high,1_high,test,187,173.98395721925132,0.5559612726770482,0.9459846561639249,0.15655089914798737,0.08102972060441971,0.2381591796875,0.009255829903978052,0.33680328726768494,0.17035403847694397,1.965540411310484,0.008644046261906624,0.0010049283737316728,0.22158749401569366,0.1669389009475708,0.43115234375,0.02825445816186557,0.43382444977760315,0.34309884905815125,1.2607553061134729,0.009124509990215302,0.0004277308180462569,0.18519458174705505,0.1539410948753357,0.40087890625,0.012256515775034293,0.38944903016090393,0.29267212748527527,1.3261354882254903,0.008788486011326313,0.0004389529349282384,0.18860700726509094,0.1272169053554535,0.349853515625,0.00040123456790123454,0.35709822177886963,0.2763421833515167,1.2875726925617597,0.0069596110843122005,0.0002501119743101299,0.16371063888072968,0.1429976224899292,0.36865234375,0.005672153635116598,0.3302774131298065,0.2664773166179657,1.2347866252955475,0.008610628545284271,0.0005059908726252615
G04_s23,G04,1,high,1_high,test,160,168.1875,0.5620366129837464,0.944312305070922,0.1429169923067093,0.07769695669412613,0.215087890625,0.009156378600823046,0.3345126211643219,0.16358987987041473,2.032400907198493,0.007344814017415047,0.0009407469187863171,0.1647847294807434,0.1688258796930313,0.423583984375,0.025723593964334705,0.44111156463623047,0.3137657642364502,1.4013962595527703,0.009168828837573528,0.0005793096497654915,0.13675130903720856,0.15506108105182648,0.39404296875,0.010332647462277092,0.389649897813797,0.26884129643440247,1.44399653782615,0.007982722483575344,0.0004837981250602752,0.1466038078069687,0.12637613713741302,0.33984375,0.0007544581618655693,0.3585430979728699,0.25388404726982117,1.4066910103373982,0.006971851456910372,0.00033232694840990007,0.12203134596347809,0.14364054799079895,0.363525390625,0.005994513031550069,0.3387918472290039,0.2453119307756424,1.3754585340715733,0.0077235763892531395,0.0005320731434039772
G04_s24,G04,1,high,1_high,test,115,320.09565217391304,0.6219895801968411,0.9386272849010313,0.13664841651916504,0.07361167669296265,0.224853515625,0.003912894375857338,0.3017309308052063,0.14089332520961761,2.1264631747790967,0.006625843234360218,0.0006261295056901872,0.1382046788930893,0.15266729891300201,0.388916015625,0.03810699588477366,0.4339631199836731,0.23469409346580505,1.8412133863958424,0.010313594713807106,0.0006216773763298988,0.10601396858692169,0.13190661370754242,0.33349609375,0.012263374485596707,0.368876188993454,0.17385293543338776,2.1096368103810392,0.008369254879653454,0.0004997861105948687,0.1259240210056305,0.11262967437505722,0.316162109375,0.0025411522633744855,0.3454199433326721,0.1909095048904419,1.7999105543514737,0.007600785233080387,0.00034626637352630496,0.09256091713905334,0.12329209595918655,0.298828125,0.010305212620027435,0.3312441408634186,0.14898011088371277,2.2085871180629346,0.007702529430389404,0.0005234230193309486
G04_s25,G04,1,high,1_high,test,280,173.10714285714286,0.5551492899413007,0.9426753772971251,0.2013632208108902,0.0937965139746666,0.302490234375,0.017736625514403293,0.35814371705055237,0.19972939789295197,1.784211584401547,0.012355412356555462,0.0015156338922679424,0.3516332805156708,0.16887851059436798,0.54541015625,0.2045747599451303,0.5176591277122498,0.4131302833557129,1.2499910016665259,0.013052850030362606,0.0007226485759019852,0.3145410418510437,0.18204055726528168,0.5380859375,0.17396433470507544,0.48659181594848633,0.38076725602149963,1.2745771363929739,0.013023934327065945,0.000725627294741571,0.28146788477897644,0.12293849885463715,0.421630859375,0.008182441700960219,0.4086191654205322,0.32294732332229614,1.2613753409963997,0.009511747397482395,0.00039160382584668696,0.29083576798439026,0.18083389103412628,0.52490234375,0.1427880658436214,0.43628689646720886,0.3609137237071991,1.205499730704272,0.012930721044540405,0.0008297838503494859
G04_s26,G04,1,high,1_high,test,139,482.75539568345323,0.6178417004400578,0.9387937501455771,0.1535370647907257,0.08566374331712723,0.26416015625,0.007736625514403292,0.2827508747577667,0.14064176380634308,1.9962394364444114,0.008580701425671577,0.0008825784316286445,0.19007594883441925,0.18315179646015167,0.48828125,0.0891803840877915,0.4581582546234131,0.23875510692596436,1.910942630160078,0.011866150423884392,0.0007584745180793107,0.15647225081920624,0.1712457835674286,0.44873046875,0.059777091906721536,0.41100284457206726,0.17950749397277832,2.276929536421624,0.010080615989863873,0.0006388172041624784,0.1653241217136383,0.13357925415039062,0.385009765625,0.004907407407407407,0.36094510555267334,0.19574464857578278,1.834586649067831,0.008722186088562012,0.0004237864341121167,0.14119049906730652,0.16653107106685638,0.432373046875,0.057050754458161865,0.3829396963119507,0.15495777130126953,2.455406313624549,0.009494725614786148,0.0006763496203348041
G04_s27,G04,1,high,1_high,test,78,402.87179487179486,0.6792123032178128,0.9324504624115969,0.1251746416091919,0.0686178058385849,0.2091064453125,0.0009876543209876543,0.2993346154689789,0.13106408715248108,2.26658603351695,0.005197886377573013,0.0003467653878033161,0.1040274128317833,0.14523576200008392,0.340576171875,0.0380761316872428,0.4476025402545929,0.19154734909534454,2.324636212119189,0.009621030651032925,0.0007324623293243349,0.07858525961637497,0.11219268292188644,0.264404296875,0.0019101508916323732,0.34958377480506897,0.1354941427707672,2.5611631950549816,0.007470970973372459,0.0005324794328771532,0.10197151452302933,0.10781561583280563,0.274658203125,0.004423868312757201,0.35771021246910095,0.16408202052116394,2.1668635466164625,0.00736700464040041,0.0004107165732420981,0.06722164899110794,0.10254720598459244,0.225341796875,0.0001440329218106996,0.3123304545879364,0.11196403205394745,2.7648663818832078,0.007008995395153761,0.0005578845739364624
G04_s28,G04,1,high,1_high,test,85,260.0470588235294,0.6176696081989713,0.9395672095277905,0.12463683634996414,0.06565749645233154,0.1854248046875,0.0047599451303155,0.31391191482543945,0.1470903605222702,2.119732261562241,0.005159050226211548,0.0005060045514255762,0.10338758677244186,0.1391584426164627,0.350830078125,0.020329218106995884,0.4300883114337921,0.2582986652851105,1.658659950913711,0.007697824388742447,0.0004809024976566434,0.08085250109434128,0.11949580907821655,0.2912841737270355,0.0038888888888888888,0.3642213046550751,0.20278242230415344,1.787304815287062,0.006133434362709522,0.0003641111252363771,0.10058539360761642,0.10320673137903214,0.283203125,0.001388888888888889,0.34584370255470276,0.20914213359355927,1.645760879270442,0.005858453921973705,0.0002775721368379891,0.0712260901927948,0.11074347794055939,0.258544921875,0.002448559670781893,0.32603883743286133,0.1793370544910431,1.8079414591362026,0.005784180946648121,0.00038878226769156754
G04_s29,G04,1,high,1_high,test,94,290.4468085106383,0.6524543434261614,0.9443390243477666,0.1236935630440712,0.061475470662117004,0.1868896484375,0.001289437585733882,0.2894814908504486,0.13086098432540894,2.19535363194363,0.005343110300600529,0.0003926072968170047,0.10310048609972,0.13275814056396484,0.3115234375,0.025027434842249657,0.4192104935646057,0.19745460152626038,2.1123747715627244,0.009440246969461441,0.0006369514740072191,0.07736051082611084,0.10755205154418945,0.240478515625,0.0038477366255144033,0.3402355909347534,0.14023201167583466,2.409054341842028,0.007560628466308117,0.0004915965255349874,0.10202520340681076,0.09806553274393082,0.253173828125,0.0015123456790123457,0.3352537751197815,0.16839683055877686,1.9791029974640288,0.007102849427610636,0.00035653484519571066,0.06681789457798004,0.09810427576303482,0.1976318359375,0.0025685871056241425,0.2997604012489319,0.1164741963148117,2.5517127220485327,0.007028321269899607,0.0005283531500026584
G04_s30,G04,1,high,1_high,test,142,894.8732394366198,0.625283443522014,0.9348695804936505,0.1909162551164627,0.09656980633735657,0.28955078125,0.01727366255144033,0.2703990638256073,0.16304880380630493,1.6482842760918381,0.010939441621303558,0.0014084263239055872,0.3188651204109192,0.2100648432970047,0.56494140625,0.2349417009602195,0.5083750486373901,0.32327231764793396,1.5677411267320651,0.011829908937215805,0.0006818820838816464,0.2945236563682556,0.21321089565753937,0.5615234375,0.21110082304526748,0.4914867877960205,0.27922961115837097,1.7538717117166398,0.01158500462770462,0.0006900160224176943,0.2580835819244385,0.1523340344429016,0.434326171875,0.014417009602194787,0.3953516185283661,0.26007023453712463,1.5143496508873224,0.008666462264955044,0.00036913951043970883,0.277588427066803,0.21033789217472076,0.5546875,0.19010631001371742,0.4714379608631134,0.2548670768737793,1.8425112234962393,0.011462228372693062,0.0007747924537397921
G04_s31,G04,1,high,1_high,test,121,295.4710743801653,0.6149953912982528,0.9413792597006376,0.1363247036933899,0.0722772479057312,0.2279052734375,0.002805212620027435,0.3042227029800415,0.13782958686351776,2.191339107557241,0.006668729707598686,0.0005603153258562088,0.13704757392406464,0.14423589408397675,0.3667236268520355,0.03152949245541838,0.41985878348350525,0.2177022248506546,1.9197737186725679,0.011217774823307991,0.0007225840236060321,0.1017422303557396,0.11857970803976059,0.2978515625,0.003278463648834019,0.34238141775131226,0.15473708510398865,2.1984578530071857,0.008892364799976349,0.0005592305096797645,0.12460606545209885,0.10418147593736649,0.293212890625,0.00045267489711934157,0.3301692008972168,0.1772702932357788,1.852070779176527,0.00803444068878889,0.0003806223685387522,0.08625324070453644,0.1067187562584877,0.25732421875,0.0006584362139917696,0.2958875298500061,0.12847056984901428,2.2853651620987194,0.007939031347632408,0.0005495284567587078
G04_s32,G04,1,high,1_high,test,225,199.5377777777778,0.574337318230992,0.9479643955787009,0.1649027168750763,0.08772576600313187,0.269287109375,0.01077846364883402,0.32937633991241455,0.16484710574150085,1.9860240457002611,0.010162015445530415,0.0012314736377447844,0.2286684513092041,0.1698976308107376,0.4580078125,0.053405349794238687,0.44322678446769714,0.312984436750412,1.4116202352412155,0.012265264987945557,0.0007173730409704149,0.1887577623128891,0.16159775853157043,0.427734375,0.027849794238683126,0.39008980989456177,0.26272621750831604,1.4791468727687687,0.010940933600068092,0.0006258682697080076,0.1933959275484085,0.12548771500587463,0.36669921875,0.001262002743484225,0.3555944263935089,0.2507063150405884,1.412735418800153,0.00896839052438736,0.00039699210901744664,0.1674373596906662,0.15170764923095703,0.3974609375,0.01857338820301783,0.33924591541290283,0.23688162863254547,1.4261122952749505,0.010431978851556778,0.0006823036819696426
G04_s33,G04,1,high,1_high,test,121,274.0495867768595,0.6223002770300772,0.9455539251277677,0.13578589260578156,0.07193345576524734,0.222412109375,0.003926611796982168,0.3108680248260498,0.13557595014572144,2.276154948908393,0.007016782648861408,0.0006416925461962819,0.1302247792482376,0.1359410434961319,0.326416015625,0.029924554183813443,0.40453511476516724,0.20913992822170258,1.9250749640419271,0.011098932474851608,0.0007779851439408958,0.09367337822914124,0.1104595810174942,0.253173828125,0.005408093278463649,0.32549628615379333,0.144717276096344,2.2337522006559105,0.008700697682797909,0.0005754220183007419,0.12026241421699524,0.09921173751354218,0.2646484375,0.001834705075445816,0.3212352395057678,0.1717674732208252,1.859350220947993,0.008178412914276123,0.0004385493230074644,0.07941127568483353,0.1006738618016243,0.2120361328125,0.0037585733882030178,0.2818364202976227,0.11886215955018997,2.351337747920428,0.007862044498324394,0.0005872745532542467
G04_s34,G04,1,high,1_high,test,78,302.79487179487177,0.6562804033616343,0.9411291219125116,0.12641505897045135,0.06811250001192093,0.1832275390625,0.0024279835390946503,0.3317411541938782,0.13508272171020508,2.4377904117786344,0.005383627954870462,0.0003967680095229298,0.10034561902284622,0.1335504651069641,0.279052734375,0.034255829903978054,0.45838913321495056,0.19336022436618805,2.3584513483135,0.009796982631087303,0.000692772155161947,0.07090570777654648,0.10242754220962524,0.2030029296875,0.0020541838134430727,0.3558964133262634,0.13278310000896454,2.6602494134342494,0.007439590059220791,0.0004986691637896001,0.09907858818769455,0.1002630889415741,0.2275390625,0.007901234567901235,0.37170058488845825,0.16372206807136536,2.2565318007507047,0.0074928440153598785,0.00040468701627105474,0.06066937372088432,0.09250128269195557,0.160888671875,0.0002880658436213992,0.3177604079246521,0.10774196684360504,2.9221506392436485,0.006664191372692585,0.0005067593883723021
G04_s35,G04,1,high,1_high,test,211,174.43601895734596,0.562066677381453,0.9456858255405932,0.16530756652355194,0.08794653415679932,0.2548828125,0.013545953360768175,0.3458144962787628,0.17565427720546722,1.957577827999855,0.009790077805519104,0.0012928597861900926,0.23897820711135864,0.1781492680311203,0.464599609375,0.058511659807956105,0.4608056843280792,0.3553105294704437,1.2932699042403781,0.010393419302999973,0.0005410913727246225,0.20607849955558777,0.1723417490720749,0.443603515625,0.04319272976680384,0.4242500960826874,0.31308647990226746,1.3507429425637771,0.009829473681747913,0.0005420864326879382,0.2020789086818695,0.13318833708763123,0.3740234375,0.0011659807956104253,0.3717786967754364,0.28438055515289307,1.3027471215628388,0.0077901738695800304,0.0003132347483187914,0.18636798858642578,0.16368816792964935,0.415283203125,0.03245541838134431,0.372972697019577,0.2905923128128052,1.279089607753192,0.009651229716837406,0.0006090280949138105
G04_s36,G04,1,high,1_high,test,99,357.1010101010101,0.6337801020727343,0.9349215313497341,0.13110503554344177,0.0649537742137909,0.2049560546875,0.002232510288065844,0.27533724904060364,0.13981498777866364,1.955312096986333,0.005418276879936457,0.0004563308320939541,0.12132064998149872,0.15306150913238525,0.37890625,0.02629286694101509,0.4250001311302185,0.23519843816757202,1.7993350609232237,0.007876473478972912,0.0005048938910476863,0.09552405029535294,0.1321628838777542,0.32763671875,0.006745541838134431,0.3621111810207367,0.1816217601299286,1.982847940810055,0.006520921364426613,0.0003828780318144709,0.11213028430938721,0.11404424160718918,0.302734375,0.002887517146776406,0.3387153446674347,0.19358016550540924,1.740749596895674,0.006042698863893747,0.00028494311845861375,0.08541014790534973,0.12188561260700226,0.294677734375,0.005037722908093278,0.3279341757297516,0.1571238934993744,2.0739065328608866,0.0062750861980021,0.0004172999761067331
G04_s37,G04,1,high,1_high,test,241,151.17842323651453,0.5758003547767298,0.9500915354555716,0.17304272949695587,0.08801914751529694,0.259765625,0.01380315500685871,0.34809350967407227,0.18261419236660004,1.8957876032756578,0.010295366868376732,0.0013206875883042812,0.2720267176628113,0.17812468111515045,0.477294921875,0.06673525377229081,0.46910375356674194,0.37609341740608215,1.2439987862784043,0.010785222053527832,0.0005726703675463796,0.23891916871070862,0.17473125457763672,0.459716796875,0.05097393689986283,0.4360225796699524,0.33678147196769714,1.2908422037773886,0.010773439891636372,0.0006042096647433937,0.22594784200191498,0.133584663271904,0.381103515625,0.0010493827160493827,0.37992724776268005,0.3000003695487976,1.2622152203075185,0.008037217892706394,0.0003192099102307111,0.21644677221775055,0.1659684181213379,0.432373046875,0.032397119341563786,0.3784371316432953,0.313166081905365,1.2045766664184023,0.010662518441677094,0.000688042608089745
G04_s38,G04,1,high,1_high,test,139,283.3021582733813,0.6240934391021733,0.930846816585635,0.13674652576446533,0.07651921361684799,0.2191162109375,0.005531550068587105,0.29316914081573486,0.15068426728248596,1.9327590531835286,0.006662442814558744,0.0007091169245541096,0.1436372995376587,0.16822031140327454,0.423095703125,0.03145404663923183,0.44066524505615234,0.2766147255897522,1.5873266236869208,0.008893347345292568,0.0005711523117497563,0.11868162453174591,0.14944098889827728,0.386962890625,0.011296296296296296,0.38516905903816223,0.22714605927467346,1.6882564628234187,0.007626734673976898,0.00047367069055326283,0.13085545599460602,0.12588268518447876,0.3408203125,0.0022290809327846365,0.3551991879940033,0.22661280632019043,1.5605413145969165,0.0067370920442044735,0.00031946771196089685,0.10454317927360535,0.13879477977752686,0.358154296875,0.004626200274348423,0.3430253565311432,0.20390906929969788,1.6740369652913598,0.007250477559864521,0.0005037228693254292
G04_s39,G04,1,high,1_high,test,107,590.6728971962617,0.6419672000095675,0.9408617178138188,0.1438664048910141,0.08055959641933441,0.2357177734375,0.008329903978052127,0.2656979560852051,0.14208289980888367,1.856951155170176,0.0070572951808571815,0.0007717102998867631,0.17027439177036285,0.18140468001365662,0.465576171875,0.06424554183813443,0.45417100191116333,0.25449684262275696,1.7775992738264492,0.009047960862517357,0.0005279657198116183,0.14495627582073212,0.1709989309310913,0.439453125,0.04826474622770919,0.4204274117946625,0.19607628881931305,2.1333231628901137,0.008006463758647442,0.00047723233001306653,0.14966635406017303,0.1335735023021698,0.3674560487270355,0.0025480109739368997,0.358974814414978,0.20714382827281952,1.724647890805873,0.006711964961141348,0.0002903715067077428,0.13054634630680084,0.16348786652088165,0.418701171875,0.03747942386831276,0.39064139127731323,0.17125681042671204,2.2677848864705097,0.007651736494153738,0.0005146942567080259
G04_s40,G04,1,high,1_high,test,119,247.78991596638656,0.6342445087410925,0.9390890504225341,0.13170424103736877,0.06807327270507812,0.2071533203125,0.0017318244170096023,0.3079705238342285,0.13575252890586853,2.252027997567893,0.006337678991258144,0.0005394433392211795,0.12143141776323318,0.1383645385503769,0.34033203125,0.023384773662551442,0.41064760088920593,0.21066613495349884,1.9400722792969294,0.010672695003449917,0.0007202455308288336,0.08961903303861618,0.11054814606904984,0.27490234375,0.0007818930041152264,0.32459986209869385,0.14909727871418,2.162596583225251,0.00838882103562355,0.0005446354625746608,0.11418240517377853,0.10190349817276001,0.275146484375,0.002510288065843621,0.3288608193397522,0.17350536584854126,1.8845312735264594,0.007962490431964397,0.0004112711176276207,0.07638133317232132,0.09911366552114487,0.2353515625,0.00014060356652949245,0.27926772832870483,0.12396638095378876,2.234742866019102,0.007643823511898518,0.0005564370658248663
G04_s41,G04,1,high,1_high,test,112,225.20535714285714,0.6178242653150008,0.9461766659580098,0.13272666931152344,0.06846405565738678,0.1981201171875,0.004465020576131688,0.32277485728263855,0.1451835036277771,2.208011501109667,0.006247839890420437,0.0005939581897109747,0.11695623397827148,0.12423250824213028,0.299072265625,0.009951989026063101,0.3634921908378601,0.23983898758888245,1.5092747004000424,0.008823994547128677,0.0004816299770027399,0.0831030085682869,0.10330235213041306,0.2242431640625,0.0026337448559670784,0.2921608090400696,0.17324230074882507,1.6767501794023438,0.006815962493419647,0.00036168014048598707,0.10846155881881714,0.09111703187227249,0.2454833984375,0.0003978052126200274,0.2895253002643585,0.19263224303722382,1.4952328998673028,0.0065337917767465115,0.0002900923427660018,0.07042613625526428,0.092427559196949,0.1746826171875,0.0015157750342935528,0.24064764380455017,0.14587782323360443,1.6384205491785364,0.00611999211832881,0.0003800548438448459
G04_s42,G04,1,high,1_high,test,231,194.03463203463204,0.5692954437307525,0.9435216240551502,0.17137432098388672,0.08999758213758469,0.271728515625,0.01332647462277092,0.33530235290527344,0.17629341781139374,1.8912284338833771,0.010097975842654705,0.001305905170738697,0.2546965181827545,0.18180011212825775,0.48291015625,0.07798696844993142,0.4747280776500702,0.35229596495628357,1.343712141486848,0.011045238003134727,0.0006467888015322387,0.22143861651420593,0.17609596252441406,0.457275390625,0.04984567901234568,0.4331784248352051,0.31225234270095825,1.3828417725473565,0.010197953321039677,0.0005865292041562498,0.21292302012443542,0.13407109677791595,0.3828125,0.00294238683127572,0.3802843689918518,0.2805606424808502,1.3506304206480708,0.008284183219075203,0.0003728336014319211,0.20051930844783783,0.16778451204299927,0.4345703125,0.03612482853223594,0.38710734248161316,0.28846976161003113,1.3372980318514849,0.010204142890870571,0.0006783815915696323
G04_s43,G04,1,high,1_high,test,154,267.9415584415584,0.6058348566119642,0.9469752242156494,0.14561809599399567,0.07483645528554916,0.23779296875,0.00401920438957476,0.2989179193973541,0.14923173189163208,1.98971226407065,0.007120382972061634,0.000637183606158942,0.17280347645282745,0.15967461466789246,0.407958984375,0.042061042524005485,0.42960718274116516,0.2628100514411926,1.628471623405643,0.009950133971869946,0.0005365629913285375,0.13575464487075806,0.143889918923378,0.35986328125,0.02443758573388203,0.3725343346595764,0.20214474201202393,1.8338369527552256,0.00841814000159502,0.00044028402771800756,0.15336130559444427,0.11638142168521881,0.327880859375,0.0021502057613168725,0.34093695878982544,0.21180739998817444,1.6020916509894443,0.007214421406388283,0.00030191769474186003,0.1174909844994545,0.13459286093711853,0.32861328125,0.020963648834019206,0.32835596799850464,0.17408552765846252,1.8754032522837931,0.007786691188812256,0.00045811652671545744
G04_s44,G04,1,high,1_high,test,218,177.22477064220183,0.6041119416199655,0.942179071175897,0.15360897779464722,0.08009272813796997,0.2373046875,0.00862482853223594,0.31413406133651733,0.16106820106506348,1.9382831380377072,0.008967725560069084,0.0010539513314142823,0.20933640003204346,0.16645385324954987,0.4326171875,0.030524691358024693,0.4306453764438629,0.31658995151519775,1.355979225379412,0.010749297216534615,0.000619155413005501,0.1747492253780365,0.15477755665779114,0.40380859375,0.015901920438957474,0.3863849341869354,0.26678168773651123,1.4429102208330469,0.010006771422922611,0.0006040044245310128,0.18092162907123566,0.12502621114253998,0.351318359375,0.0001268861454046639,0.3502299189567566,0.25726041197776794,1.356111516568423,0.008019430562853813,0.000352123926859349,0.15446747839450836,0.14403176307678223,0.369384765625,0.008806584362139918,0.3340243995189667,0.2416347712278366,1.3766551176018966,0.009505168534815311,0.0006361404084600508
G04_s45,G04,1,high,1_high,test,88,712.8522727272727,0.6137167199879658,0.929947549593609,0.1417984962463379,0.08201431483030319,0.236328125,0.00884087791495199,0.2656249403953552,0.14843587577342987,1.7775178752797467,0.006383253261446953,0.0008214428089559078,0.16417856514453888,0.19675800204277039,0.48779296875,0.08852537722908094,0.47924888134002686,0.2813125252723694,1.69758277950175,0.006979356054216623,0.0003685869451146573,0.14622272551059723,0.18924206495285034,0.4716796875,0.07608024691358024,0.4545958638191223,0.22910356521606445,1.975614169177528,0.006251367274671793,0.0003352787171024829,0.14146406948566437,0.1474098116159439,0.384521484375,0.0058882030178326475,0.37667524814605713,0.22651441395282745,1.6556104802404146,0.005231149960309267,0.00021209714759606868,0.1350013017654419,0.1843719184398651,0.459228515625,0.07161865569272977,0.4340178072452545,0.20299527049064636,2.127587596523005,0.006064187735319138,0.0003863581223413348
G04_s46,G04,1,high,1_high,test,169,210.2189349112426,0.5653469870178208,0.9471349854238408,0.14941567182540894,0.07829534262418747,0.2259521484375,0.008052126200274349,0.3108363151550293,0.16515889763832092,1.8707172445957638,0.007404983509331942,0.0008959450060501695,0.19711457192897797,0.17431457340717316,0.43115234375,0.04009259259259259,0.44942110776901245,0.3291661739349365,1.3611967041105084,0.008038768544793129,0.0003797073441091925,0.1671425700187683,0.1617410033941269,0.40185546875,0.03164266117969822,0.41444626450538635,0.2806163728237152,1.4716696346516023,0.0074883415363729,0.0003629986895248294,0.16988037526607513,0.12967480719089508,0.3466796875,0.0012208504801097394,0.3612087070941925,0.26401156187057495,1.3629922579400435,0.006087416782975197,0.0002187480713473633,0.14806444942951202,0.1503848135471344,0.369873046875,0.022037037037037036,0.3639136254787445,0.2538995146751404,1.4276748464685718,0.00729010347276926,0.00040842179441824555
G04_s47,G04,1,high,1_high,test,109,184.9816513761468,0.5660987019730526,0.9496877055823196,0.12245842069387436,0.06146961823105812,0.1787109375,0.004242112482853224,0.3029826879501343,0.14904609322547913,2.0192640903674337,0.004766128491610289,0.0005318929324857891,0.10145846754312515,0.13465192914009094,0.353515625,0.010360082304526749,0.40358155965805054,0.2689456343650818,1.4950475513607895,0.006358977407217026,0.000326458626659587,0.0814187079668045,0.11771384626626968,0.302490234375,0.003611111111111111,0.35164812207221985,0.21598199009895325,1.6206327627092598,0.005200462881475687,0.00027496673283167183,0.09684274345636368,0.10088938474655151,0.290771484375,0.00015432098765432098,0.32404929399490356,0.21685118973255157,1.487480028879933,0.004795139189809561,0.00018992650439031422,0.069359190762043,0.10740063339471817,0.26611328125,0.0014368998628257888,0.3022093176841736,0.18992871046066284,1.582838521011422,0.0047146412543952465,0.00028209929587319493
G04_s48,G04,1,high,1_high,test,130,183.0,0.5766505477549958,0.9482239666908251,0.12980546057224274,0.06145134195685387,0.18408203125,0.003151577503429355,0.29240816831588745,0.14981938898563385,1.938796929774994,0.005314769688993692,0.00048155576223507524,0.13996881246566772,0.14135873317718506,0.346923828125,0.00840877914951989,0.38314124941825867,0.28007298707962036,1.3631379286894088,0.007007127162069082,0.00032605897285975516,0.10799379646778107,0.11620143055915833,0.287109375,0.0004320987654320988,0.31746354699134827,0.2174321413040161,1.4533737805074172,0.005993776023387909,0.00027506850892677903,0.12627506256103516,0.10680948197841644,0.284912109375,0.0006790123456790123,0.3147549629211426,0.22848767042160034,1.3715550048632004,0.005344433709979057,0.0001896564499475062,0.09092230349779129,0.10205472260713577,0.2484130859375,1.7146776406035666e-05,0.2569594979286194,0.18652044236660004,1.3703012572158233,0.005847615655511618,0.0003160846245009452
G04_s49,G04,1,high,1_high,test,139,234.86330935251797,0.6367821845843088,0.9380820377758083,0.13223887979984283,0.059403154999017715,0.19775390625,0.001059670781893004,0.270637571811676,0.1418723165988922,1.8942618014060708,0.005560319405049086,0.0004178056842647493,0.1375567466020584,0.14147119224071503,0.356689453125,0.009622770919067216,0.3888879120349884,0.2512841522693634,1.541467858907655,0.008842026814818382,0.0004941148799844086,0.10450832545757294,0.11702626943588257,0.29736328125,0.0005418381344307271,0.3192152976989746,0.19003084301948547,1.671014442764167,0.007203890010714531,0.00038882213993929327,0.12688477337360382,0.10431179404258728,0.291259765625,0.0002777777777777778,0.31421902775764465,0.20682726800441742,1.5119239682781465,0.006571049336344004,0.0002786147524602711,0.08961798995733261,0.10439807921648026,0.25927734375,0.00018518518518518518,0.2721429765224457,0.16275756061077118,1.6618651102729325,0.006906612776219845,0.0004255850217305124
G06_s01,G06,3,high,3_high,test,312,152.10256410256412,0.5486935470826211,0.9488001437068627,0.20739977061748505,0.09448087960481644,0.31201171875,0.019344993141289436,0.3704416751861572,0.197149395942688,1.8695069617739457,0.013597596436738968,0.0017757981549948454,0.3652378022670746,0.15086321532726288,0.5537109375,0.20616598079561044,0.49593061208724976,0.4005509614944458,1.2350377900766387,0.011257978156208992,0.0005365730612538755,0.3243056833744049,0.1739831119775772,0.5498046875,0.1860150891632373,0.47037947177886963,0.362840861082077,1.292816508788877,0.0117125129327178,0.0005897479131817818,0.28824660181999207,0.11377836018800735,0.4267578125,0.010589849108367628,0.38895586133003235,0.31142565608024597,1.244954931710633,0.008250400424003601,0.0002999336284119636,0.2976839542388916,0.1772257387638092,0.5390625,0.15975308641975308,0.41542544960975647,0.34164702892303467,1.212400559594723,0.011826971545815468,0.0007299105636775494
G06_s02,G06,3,high,3_high,test,183,166.40437158469945,0.5273293583283997,0.9534159771405253,0.1439114362001419,0.08005115389823914,0.233642578125,0.006759259259259259,0.3533998429775238,0.13802453875541687,2.541996155076286,0.009219535626471043,0.0011006080312654376,0.1410389542579651,0.09008219093084335,0.244873046875,0.005925925925925926,0.28251877427101135,0.20172187685966492,1.393627459687472,0.009403178468346596,0.0004008826508652419,0.08751188218593597,0.06783610582351685,0.1671142578125,0.0002777777777777778,0.20565666258335114,0.12166675180196762,1.6765477161681257,0.006699791643768549,0.0002810416044667363,0.11475080996751785,0.06045873463153839,0.1788330078125,0.000462962962962963,0.20208029448986053,0.14745132625102997,1.3612562419829408,0.005837446078658104,0.00022051844280213118,0.06763649731874466,0.057351961731910706,0.1158447265625,3.429355281207133e-05,0.1500536948442459,0.09178280830383301,1.617257524183464,0.005347674712538719,0.00028097175527364016
G06_s03,G06,3,high,3_high,test,174,406.58620689655174,0.5655438010942915,0.9480012629317571,0.17099671065807343,0.09589853882789612,0.29248046875,0.014344993141289437,0.30895423889160156,0.15224862098693848,2.0160327505846465,0.010227518156170845,0.001322890748269856,0.23717078566551208,0.1887248158454895,0.5478515625,0.1464917695473251,0.4819023013114929,0.2711336016654968,1.7708298363825028,0.00987160298973322,0.00040390490903519094,0.1951497346162796,0.1999450922012329,0.541015625,0.13621399176954732,0.454868882894516,0.2093975692987442,2.1619493248453177,0.00818681437522173,0.00036538782296702266,0.187372624874115,0.1401309072971344,0.423828125,0.016406035665294926,0.36540254950523376,0.20440086722373962,1.7789727689280252,0.006287954747676849,0.00020587803737726063,0.1771978884935379,0.19948431849479675,0.53515625,0.1274108367626886,0.42944639921188354,0.18307846784591675,2.332952920769378,0.007234290242195129,0.00040426425402984023
G06_s04,G06,3,high,3_high,test,184,178.1086956521739,0.5432417152639423,0.9499098550886329,0.14899739623069763,0.08303829282522202,0.2379150390625,0.009475308641975308,0.34522509574890137,0.14890450239181519,2.302966823815365,0.009107492864131927,0.001136656035669148,0.17576368153095245,0.12963543832302094,0.365966796875,0.035394375857338824,0.35291770100593567,0.25557374954223633,1.3755019819275764,0.009236730635166168,0.00034964337828569114,0.12569685280323029,0.12599562108516693,0.310546875,0.028892318244170098,0.29687708616256714,0.18586532771587372,1.5887221551018007,0.006996268406510353,0.00026070812600664794,0.14273175597190857,0.09477254748344421,0.2978515625,0.0015294924554183813,0.26397451758384705,0.19326570630073547,1.3588323055598808,0.00588021008297801,0.00018146673392038792,0.1052548810839653,0.12202225625514984,0.274169921875,0.026454046639231826,0.24818189442157745,0.15744726359844208,1.5663375231935384,0.00600785855203867,0.0002816795604303479
G06_s05,G06,3,high,3_high,test,200,357.75,0.5564839948002404,0.9441798313616203,0.17399299144744873,0.09346498548984528,0.280029296875,0.014602194787379973,0.30172279477119446,0.1593538522720337,1.8816061509974464,0.010304102674126625,0.0013593364274129272,0.25722405314445496,0.18835823237895966,0.53759765625,0.1416838134430727,0.4832324981689453,0.30341726541519165,1.587401744476843,0.009958494454622269,0.0004400966572575271,0.21820466220378876,0.19795860350131989,0.52978515625,0.12989711934156378,0.45796337723731995,0.24755920469760895,1.8424720090107587,0.009016293101012707,0.0004524933756329119,0.20576630532741547,0.1409563422203064,0.418212890625,0.0124519890260631,0.3708854019641876,0.23450742661952972,1.5748352707507847,0.0066561466082930565,0.0002351653529331088,0.20006896555423737,0.19666825234889984,0.52294921875,0.11997599451303155,0.43220028281211853,0.22265078127384186,1.9324783054655421,0.008380972780287266,0.0005117998807691038
G06_s06,G06,3,high,3_high,test,134,166.544776119403,0.5139032934074556,0.9549884766400084,0.1408761441707611,0.0752391517162323,0.195068359375,0.008117283950617284,0.3739614188671112,0.14318768680095673,2.593573883901367,0.007665978744626045,0.0009143769857473671,0.14071406424045563,0.09512976557016373,0.25341796875,0.0019513031550068586,0.2699260115623474,0.2232440859079361,1.2037151859298805,0.007729669567197561,0.00022408543736673892,0.09105192869901657,0.0768781527876854,0.1778564453125,0.000462962962962963,0.20142528414726257,0.14114685356616974,1.4170224601805805,0.005542541854083538,0.00016008448437787592,0.11666544526815414,0.06480152904987335,0.19215087592601776,1.3717421124828532e-05,0.19286762177944183,0.16215814650058746,1.1820900513769161,0.004862936679273844,0.00011900690878974274,0.07232829183340073,0.06675019860267639,0.1263427734375,0.00033950617283950616,0.13953553140163422,0.1104598417878151,1.2518906286200058,0.004451687913388014,0.00015396407980006188
G06_s07,G06,3,high,3_high,test,192,476.7864583333333,0.559675305058949,0.9438304696523389,0.17937660217285156,0.09404490888118744,0.28564453125,0.015034293552812071,0.28670793771743774,0.15482036769390106,1.839990124273463,0.01073671318590641,0.0013907814864069223,0.274280846118927,0.19038115441799164,0.5478515625,0.17131344307270233,0.4869725704193115,0.2895696461200714,1.6759237481332823,0.010661561042070389,0.0004549375444184989,0.2341538667678833,0.20143920183181763,0.5400390625,0.15424897119341563,0.4632144272327423,0.2301257848739624,2.0041659457656036,0.009563733823597431,0.0004414643917698413,0.21831414103507996,0.1420680284500122,0.423583984375,0.011210562414266118,0.37516075372695923,0.22357477247714996,1.670538278136878,0.007199507672339678,0.000241056943195872,0.21602819859981537,0.20150384306907654,0.5361328125,0.14358024691358023,0.4411201477050781,0.20455530285835266,2.1459925459040687,0.009010977111756802,0.0005116519751027226
G06_s08,G06,3,high,3_high,test,184,157.22282608695653,0.5241678071757839,0.9534833092042827,0.14704857766628265,0.07892219722270966,0.2294921875,0.007565157750342936,0.3565931022167206,0.14477495849132538,2.4461890156390638,0.009015881456434727,0.001079730805940926,0.16289982199668884,0.09908871352672577,0.28955078125,0.002091906721536351,0.2860845923423767,0.23501554131507874,1.2121430256173522,0.008728193119168282,0.0002739273477345705,0.10674428194761276,0.08175347000360489,0.21728515625,3.429355281207133e-06,0.2142305225133896,0.1541116088628769,1.3811379050472974,0.006428645458072424,0.00019637250807136297,0.1317267119884491,0.07035775482654572,0.238037109375,0.0002880658436213992,0.2099979668855667,0.17499345541000366,1.1932146362848797,0.005516244564205408,0.00014860145165584981,0.08438920974731445,0.07093596458435059,0.1708984375,1.02880658436214e-05,0.15275727212429047,0.1224631816148758,1.2372698494097862,0.005408635828644037,0.00020690115343313664
G06_s09,G06,3,high,3_high,test,152,174.13815789473685,0.5360866387250237,0.9515739295063131,0.14391173422336578,0.07954197376966476,0.219482421875,0.008635116598079562,0.3702948987483978,0.14304982125759125,2.5706029727467206,0.008275958709418774,0.000990780652500689,0.13647893071174622,0.08865150064229965,0.2430419921875,0.0043792866941015085,0.27568817138671875,0.2090378999710083,1.3125639297706375,0.008117849007248878,0.000262725749053061,0.08386451750993729,0.06641402095556259,0.161376953125,0.0023559670781893006,0.20229151844978333,0.12410969287157059,1.6169132367501098,0.005630567669868469,0.000183541516889818,0.11075442284345627,0.05783694609999657,0.1737060546875,0.00023662551440329217,0.19600677490234375,0.15065601468086243,1.292443133988526,0.004940629005432129,0.0001365546340821311,0.06522414088249207,0.05598067119717598,0.11346435546875,0.0015637860082304527,0.1471848040819168,0.09487057477235794,1.5352448280549387,0.004480536095798016,0.00017843283421825618
G06_s10,G06,3,high,3_high,test,195,379.6102564102564,0.5848945095104789,0.9431338993167252,0.1789800077676773,0.09851487725973129,0.301513671875,0.016824417009602195,0.3156757056713104,0.15566778182983398,2.0149369703477658,0.011250213719904423,0.0014789258129894733,0.25284451246261597,0.18212835490703583,0.5498046875,0.15968106995884773,0.46739739179611206,0.27958357334136963,1.6658045452556018,0.009810030460357666,0.0004046965332236141,0.2075985223054886,0.19303792715072632,0.536669909954071,0.14386145404663922,0.43539348244667053,0.2166656255722046,2.00028590321553,0.008263494819402695,0.0003431242657825351,0.20040033757686615,0.1362319141626358,0.426025390625,0.009334705075445817,0.3563062846660614,0.21184438467025757,1.6740224799355532,0.006395263131707907,0.00020762272470165044,0.18956175446510315,0.19613836705684662,0.5419921875,0.14112825788751715,0.4122297465801239,0.1918363869190216,2.1377176432642497,0.007571076042950153,0.0004102220118511468
G06_s11,G06,3,high,3_high,test,190,149.10526315789474,0.5131689367634802,0.9532092656402614,0.15352392196655273,0.08615211397409439,0.241455078125,0.013292181069958848,0.3832070827484131,0.15121953189373016,2.517463284645649,0.010123765096068382,0.00135970173869282,0.17306020855903625,0.10981982946395874,0.333251953125,0.0075548696844993145,0.2920036315917969,0.24486695230007172,1.187648965670738,0.008860837668180466,0.00030878643156029284,0.11897201091051102,0.10216323286294937,0.270751953125,0.0035665294924554186,0.22885549068450928,0.16978713870048523,1.3400042440306956,0.00684320367872715,0.00023417134070768952,0.1404465138912201,0.08026067912578583,0.27490234375,8.916323731138545e-05,0.21410462260246277,0.18281210958957672,1.1648015088914676,0.005635463632643223,0.00016326179320458323,0.09660464525222778,0.09320186078548431,0.235595703125,0.0016838134430727024,0.16514289379119873,0.1390850692987442,1.1788757689730405,0.005754855927079916,0.00024480451247654855
G06_s12,G06,3,high,3_high,test,301,153.843853820598,0.5570261172460165,0.947315525780329,0.18723203241825104,0.09815792739391327,0.300537109375,0.01845679012345679,0.36503154039382935,0.18077369034290314,2.0081648763647992,0.012614145874977112,0.0017213808605447412,0.288849800825119,0.1722935289144516,0.53076171875,0.15483196159122084,0.44476574659347534,0.3511818051338196,1.2628867820825564,0.010402743704617023,0.00044724965118803084,0.24411675333976746,0.18902766704559326,0.5244140625,0.14003429355281208,0.4082503318786621,0.30423256754875183,1.3375058079720024,0.009686815552413464,0.00043773005018010736,0.22854913771152496,0.12931448221206665,0.4111328125,0.007935528120713306,0.3410159945487976,0.26977330446243286,1.2594151230152388,0.007087698671966791,0.00024061728618107736,0.22193333506584167,0.19018720090389252,0.5185546875,0.12675240054869685,0.35957086086273193,0.28348955512046814,1.2639158604978322,0.008997739292681217,0.0004932313458994031
G06_s13,G06,3,high,3_high,test,217,148.21198156682027,0.5065317238450978,0.9560365751143746,0.15600138902664185,0.08898656070232391,0.262939453125,0.012822359396433471,0.3795395791530609,0.14722523093223572,2.5605598774649603,0.011038510128855705,0.0014272152911871672,0.17827551066875458,0.09782394766807556,0.2841796875,0.004753086419753087,0.27389875054359436,0.23041121661663055,1.1836018778525812,0.00884630624204874,0.00031187909189611673,0.11927144974470139,0.0892300084233284,0.21435546875,0.0017112482853223593,0.20684415102005005,0.1517864316701889,1.353812303611831,0.0069193607196211815,0.00023317933664657176,0.1435849964618683,0.0691877007484436,0.232177734375,0.0002812071330589849,0.19803296029567719,0.17169368267059326,1.1467296153120878,0.0055438377894461155,0.00016512432193849236,0.09419786930084229,0.07951810210943222,0.1571044921875,0.0007270233196159122,0.14005769789218903,0.11900278925895691,1.1671203540940631,0.005438184831291437,0.00021938765712548047
G06_s14,G06,3,high,3_high,test,167,379.8383233532934,0.5345245944405991,0.9516961889493534,0.1645948588848114,0.0948563814163208,0.286865234375,0.013494513031550068,0.3149592876434326,0.14570870995521545,2.1468342795705695,0.009835146367549896,0.0012762584956362844,0.21136638522148132,0.1785994917154312,0.5390625,0.12276063100137174,0.46304240822792053,0.24846915900707245,1.8561108317793835,0.008880935609340668,0.00031999254133552313,0.16768711805343628,0.18490064144134521,0.5302734375,0.11710905349794239,0.43020546436309814,0.1783601939678192,2.39855597190247,0.00708406325429678,0.00027140782913193107,0.168432354927063,0.13171039521694183,0.4169921875,0.01208161865569273,0.3507413864135742,0.1860211044549942,1.8754107320437656,0.00564033817499876,0.00016561656957492232,0.14960816502571106,0.18437574803829193,0.525390625,0.1112551440329218,0.4020819067955017,0.15004794299602509,2.6619489072160536,0.0061423140577971935,0.0003062488103751093
G06_s15,G06,3,high,3_high,test,143,163.84615384615384,0.5296600829998505,0.9567316164559859,0.1404108852148056,0.07732584327459335,0.1910400390625,0.008113854595336078,0.3799954652786255,0.13913024961948395,2.7117304529927155,0.008037344552576542,0.0009567039087414742,0.12582650780677795,0.07321584224700928,0.2327880859375,0.0,0.24004916846752167,0.19902394711971283,1.2001021473886526,0.007510484661906958,0.00019219347450416535,0.07415003329515457,0.04617203772068024,0.145751953125,0.0,0.16862346231937408,0.11160029470920563,1.497540150803782,0.004877856466919184,0.00011129811173304915,0.1010138988494873,0.0397198386490345,0.15771484375,0.0,0.15994097292423248,0.1371242105960846,1.1579503132289128,0.004334308207035065,9.094441338675097e-05,0.055603768676519394,0.031156176701188087,0.10205078125,0.0,0.10937534272670746,0.08063352853059769,1.3398335793571834,0.003661753609776497,8.821458322927356e-05
G06_s16,G06,3,high,3_high,test,143,162.27972027972027,0.5410464196332566,0.9539704037387182,0.1393347978591919,0.07571791112422943,0.194091796875,0.006927297668038409,0.3721737563610077,0.13967378437519073,2.645651128346586,0.00791800208389759,0.0009454222163185477,0.13014231622219086,0.08301250636577606,0.2406005859375,0.0006275720164609053,0.25439339876174927,0.20691299438476562,1.2235569956294632,0.008052477613091469,0.00025372838717885315,0.08021438866853714,0.05921795591711998,0.1600341796875,0.0,0.1845209151506424,0.12296907603740692,1.488443094429165,0.005596077535301447,0.00017211807426065207,0.10686828941106796,0.05278214439749718,0.172607421875,2.400548696844993e-05,0.17691652476787567,0.1476096361875534,1.1904781500480726,0.0049701351672410965,0.00013566376583185047,0.06166243180632591,0.047218985855579376,0.11248779296875,1.7146776406035666e-05,0.12252172827720642,0.09222108870744705,1.3143134238832233,0.004344302229583263,0.00015337311197072268
G06_s17,G06,3,high,3_high,test,156,157.17948717948718,0.5004666343524913,0.9570817498587721,0.14024923741817474,0.07755973190069199,0.2005615234375,0.007952674897119342,0.3718682825565338,0.13821180164813995,2.671241074060925,0.008362737484276295,0.0010512345470488071,0.1329474300146103,0.08144480735063553,0.2376708984375,0.0008230452674897119,0.2524595558643341,0.20419222116470337,1.2303563674652669,0.007944992743432522,0.00023230061924550682,0.08100315183401108,0.05794239044189453,0.154541015625,0.0,0.17957060039043427,0.12111487984657288,1.470505483165112,0.005398287437856197,0.0001473663141950965,0.10750780999660492,0.05030087009072304,0.1666259765625,5.1440329218106995e-05,0.1727018505334854,0.14569425582885742,1.1772911594777784,0.004685882478952408,0.00011614429240580648,0.06190617382526398,0.04556821286678314,0.107177734375,0.0,0.11992250382900238,0.09023822844028473,1.314388780657786,0.00405971659347415,0.00012676487676799297
G06_s18,G06,3,high,3_high,test,129,1184.9302325581396,0.5602852053988752,0.9465932439181975,0.21316979825496674,0.10277491807937622,0.331787109375,0.018569958847736625,0.2874711751937866,0.15521365404129028,1.8402435879119916,0.012083909474313259,0.0014388710260391235,0.3723258078098297,0.2105693221092224,0.62548828125,0.38733539094650205,0.5395328998565674,0.2832206189632416,1.8982890890345485,0.011022956110537052,0.0005133445374667645,0.34323906898498535,0.23241789638996124,0.62451171875,0.37575102880658434,0.5296084880828857,0.224632129073143,2.347221072896063,0.010685027576982975,0.0005398578359745443,0.2876313030719757,0.1549156755208969,0.47119140625,0.042067901234567905,0.4095589816570282,0.21855707466602325,1.86538731343558,0.007587775122374296,0.0002722245699260384,0.32428067922592163,0.23377463221549988,0.6083984375,0.35661865569272977,0.5107301473617554,0.19662989675998688,2.5842757383110686,0.01005053985863924,0.0005975261447019875
G06_s19,G06,3,high,3_high,test,288,152.26736111111111,0.5321903824932586,0.9512853720394574,0.1742802858352661,0.09617991745471954,0.29931640625,0.016724965706447187,0.3651971220970154,0.1606823354959488,2.2587323530229804,0.013319125398993492,0.0017339491751044989,0.24209614098072052,0.12920613586902618,0.437744140625,0.047602880658436215,0.35768672823905945,0.28490984439849854,1.2510472627886116,0.010456769727170467,0.0004351321840658784,0.18349604308605194,0.13622643053531647,0.40771484375,0.04043895747599451,0.30646824836730957,0.21789517998695374,1.4000685094371434,0.009404024109244347,0.0003790199989452958,0.1948350965976715,0.09734375774860382,0.347412109375,0.001570644718792867,0.2779788672924042,0.22188544273376465,1.247182695661503,0.0072684213519096375,0.00023889209842309356,0.15497002005577087,0.13391174376010895,0.3798828125,0.03529835390946502,0.24166500568389893,0.18816661834716797,1.2775245854444748,0.008382915519177914,0.0004204222932457924
G06_s20,G06,3,high,3_high,test,336,194.36309523809524,0.5576256503216558,0.9440290835058334,0.2091609537601471,0.09684833884239197,0.31640625,0.01984224965706447,0.34314337372779846,0.1980445235967636,1.7239528499812382,0.013049480505287647,0.001696968451142311,0.3698665201663971,0.17585164308547974,0.58056640625,0.2808539094650206,0.5316051840782166,0.4122924506664276,1.2862687988154913,0.011598018929362297,0.0005498709506355226,0.3356078863143921,0.1965319961309433,0.57958984375,0.26270919067215365,0.5136390924453735,0.38126125931739807,1.3436859737305742,0.011802366934716702,0.0006015969556756318,0.2908230423927307,0.13013969361782074,0.4423828125,0.018604252400548697,0.41048139333724976,0.3193315863609314,1.2814265305536954,0.008327863179147243,0.0002999909338541329,0.31397730112075806,0.19891829788684845,0.5703125,0.2390260631001372,0.47588369250297546,0.36447668075561523,1.3020904412262257,0.011560044251382351,0.0006966849905438721
G06_s21,G06,3,high,3_high,test,194,155.57731958762886,0.5116051249384069,0.9536274964643575,0.15294742584228516,0.0861884281039238,0.247314453125,0.012390260631001371,0.37629368901252747,0.14687830209732056,2.544617321646579,0.010251031257212162,0.0013495621969923377,0.17088723182678223,0.10185418277978897,0.291015625,0.007270233196159122,0.28559499979019165,0.2329939901828766,1.2205227987564407,0.008881647139787674,0.00029483987600542605,0.11394351720809937,0.09105641394853592,0.221923828125,0.003611111111111111,0.22033768892288208,0.15436242520809174,1.4182173625814785,0.006778164301067591,0.0002163937024306506,0.1383204162120819,0.07241753488779068,0.240478515625,0.00022633744855967078,0.2088918834924698,0.17330609261989594,1.1984198621673774,0.005556400865316391,0.00015539288870058954,0.09095963090658188,0.08212067931890488,0.17041015625,0.0026508916323731138,0.15669651329517365,0.12340313196182251,1.2595865620429998,0.005556695628911257,0.00021851909696124494
G06_s22,G06,3,high,3_high,test,301,216.37873754152824,0.5565618204013748,0.9441532301572981,0.21250125765800476,0.09612518548965454,0.316162109375,0.02041838134430727,0.34366375207901,0.20421792566776276,1.6746283296683542,0.012329651042819023,0.0015584240900352597,0.38482967019081116,0.18358762562274933,0.5927734375,0.3213134430727023,0.5623534321784973,0.4335494935512543,1.2941067485381128,0.011312753893435001,0.0005315449670888484,0.35695505142211914,0.20073525607585907,0.591796875,0.3055006858710562,0.5500511527061462,0.4099183678627014,1.338589841011762,0.011479453183710575,0.0005662560579366982,0.3022747337818146,0.1348731815814972,0.452392578125,0.024766803840877916,0.43321487307548523,0.3358178734779358,1.2861991811840834,0.008120791055262089,0.00028768109041266143,0.33646491169929504,0.2014922797679901,0.5791015625,0.27455075445816185,0.5151103138923645,0.3943727910518646,1.3028471497038168,0.011612223461270332,0.000695933063980192
G06_s23,G06,3,high,3_high,test,167,159.85029940119762,0.5175180131069663,0.9572717704629579,0.14464443922042847,0.08064738661050797,0.2218017578125,0.008233882030178327,0.37514546513557434,0.1399812400341034,2.6609601748773564,0.009045573882758617,0.0011059477692469954,0.1389184296131134,0.07699695229530334,0.2396240234375,0.00030864197530864197,0.2453923225402832,0.20184732973575592,1.2097389837960872,0.008073730394244194,0.00022289229673333466,0.08397615700960159,0.053485073149204254,0.157958984375,0.0,0.17310531437397003,0.1184295266866684,1.4494348188126356,0.0054489788599312305,0.00013629766181111336,0.11018472909927368,0.04666045308113098,0.16943359375,0.00015432098765432098,0.16671526432037354,0.14337916672229767,1.154704436278107,0.004675680305808783,0.0001069944555638358,0.06288430094718933,0.03899606317281723,0.109375,6.858710562414266e-06,0.1115465760231018,0.08634757250547409,1.2770426564070931,0.004073026590049267,0.00011775097664212808
G06_s24,G06,3,high,3_high,test,197,297.3553299492386,0.5303788271966591,0.9503894572955204,0.1642988920211792,0.08983277529478073,0.28271484375,0.01034636488340192,0.3146279454231262,0.1470136195421219,2.125668883690727,0.010183597914874554,0.001209809328429401,0.21376129984855652,0.1562349498271942,0.481689453125,0.08969478737997257,0.4199522137641907,0.250442773103714,1.6701701487796217,0.009163900278508663,0.00032331852708011866,0.16241464018821716,0.16287577152252197,0.469482421875,0.08425925925925926,0.37908855080604553,0.17801667749881744,2.117615833913294,0.007476875092834234,0.00027240553754381835,0.1698487550020218,0.11467194557189941,0.377685546875,0.006676954732510288,0.31608977913856506,0.18876014649868011,1.665733216224955,0.005870615132153034,0.00017171495710499585,0.14126218855381012,0.16212376952171326,0.451171875,0.07974279835390946,0.34447041153907776,0.14859800040721893,2.3026404804970584,0.0062851975671947,0.00027597983716987073
G06_s25,G06,3,high,3_high,test,252,153.36507936507937,0.5278315719532584,0.9540704849355808,0.16859300434589386,0.09275487065315247,0.28955078125,0.015144032921810699,0.37174689769744873,0.15806278586387634,2.3371079267754333,0.012451088055968285,0.0016194736817851663,0.22762300074100494,0.12493959069252014,0.413818359375,0.02861111111111111,0.3436581790447235,0.2797641158103943,1.2240103335598729,0.00996098481118679,0.000411092332797125,0.17003831267356873,0.1265822798013687,0.3798828125,0.019492455418381346,0.2889031171798706,0.21140097081661224,1.3601779505485905,0.008936623111367226,0.0003680029767565429,0.1854778379201889,0.09408210217952728,0.332275390625,0.0007750342935528121,0.2681146562099457,0.2182711958885193,1.2227536550047327,0.007078065536916256,0.00023957413213793188,0.14281418919563293,0.12129176408052444,0.3486328125,0.014368998628257888,0.22270289063453674,0.1812404990196228,1.2220274408410017,0.007916874252259731,0.0003912571701221168
G06_s26,G06,3,high,3_high,test,223,152.76233183856502,0.5013477684467317,0.9569074830824728,0.15761171281337738,0.09223553538322449,0.279296875,0.01546639231824417,0.384824275970459,0.14577773213386536,2.6218164729476032,0.01182952243834734,0.001567365019582212,0.1781945377588272,0.08427350968122482,0.27099609375,0.0012997256515775034,0.265223890542984,0.22827476263046265,1.1567949629522154,0.008752495050430298,0.0002917239035014063,0.11481481790542603,0.06857527792453766,0.2008056640625,6.858710562414266e-06,0.1998888999223709,0.1451321840286255,1.3678636314859645,0.006785642821341753,0.00020225250045768917,0.14341777563095093,0.058113083243370056,0.219970703125,0.00013717421124828533,0.19421501457691193,0.1713699996471405,1.1267332771044292,0.005601263139396906,0.00015592269483022392,0.0885886698961258,0.05613335967063904,0.14453125,1.02880658436214e-05,0.1295124590396881,0.11246110498905182,1.1414701016016469,0.005336591508239508,0.0001948794088093564
G06_s27,G06,3,high,3_high,test,137,338.963503649635,0.529097064315655,0.9557126482980093,0.15125969052314758,0.08637040108442307,0.26171875,0.009454732510288066,0.32163456082344055,0.138835147023201,2.300098134627598,0.008529972285032272,0.0010433829156681895,0.17278200387954712,0.15106701850891113,0.3994140625,0.07437242798353909,0.4225005507469177,0.22089281678199768,1.904074935251331,0.008694380521774292,0.0003006160550285131,0.1267128437757492,0.15159325301647186,0.357177734375,0.06951303155006859,0.38165777921676636,0.1455024927854538,2.605128226559849,0.006569497287273407,0.00024003296857699752,0.13896846771240234,0.10915534198284149,0.321044921875,0.008580246913580248,0.31567731499671936,0.1622878611087799,1.9332564763428428,0.005330103915184736,0.00015031213115435094,0.10920774936676025,0.1505316197872162,0.327880859375,0.06931069958847737,0.3490269184112549,0.11669571697711945,2.965502291634854,0.005308952182531357,0.0002387773711234331
G06_s28,G06,3,high,3_high,test,148,192.15540540540542,0.5418489968664073,0.9500470576970248,0.14052645862102509,0.07636334747076035,0.2174072265625,0.006117969821673525,0.3463314473628998,0.13822422921657562,2.487580281907329,0.007786614820361137,0.000939160177949816,0.1372658759355545,0.10411244630813599,0.2447509765625,0.01864540466392318,0.3132559359073639,0.21295325458049774,1.464132604673721,0.007879979908466339,0.000249125441769138,0.08919639140367508,0.09162772446870804,0.1673583984375,0.015390946502057613,0.25156739354133606,0.1337227076292038,1.8672976365181357,0.005511044524610043,0.00017434958135709167,0.11158768087625504,0.07093459367752075,0.176513671875,0.0005315500685871056,0.2255038022994995,0.15350663661956787,1.4595088420359803,0.004808803088963032,0.0001279094722121954,0.07132292538881302,0.0859125629067421,0.11627197265625,0.015137174211248286,0.20231901109218597,0.10436677187681198,1.9201405479967089,0.0043235160410404205,0.0001531311427243054
G06_s29,G06,3,high,3_high,test,137,366.81021897810217,0.5463231607270057,0.955645568650196,0.15743127465248108,0.08916362375020981,0.286376953125,0.009471879286694102,0.3288690447807312,0.14156341552734375,2.3068263590924833,0.008905278518795967,0.001041741343215108,0.18049752712249756,0.160908505320549,0.474609375,0.09266803840877914,0.43725791573524475,0.22483158111572266,1.9362124357229784,0.008463078178465366,0.00029950455063953996,0.1339283287525177,0.16267234086990356,0.45166015625,0.08674897119341564,0.3976418375968933,0.14603742957115173,2.7043579227184025,0.006304137408733368,0.00022449622338172048,0.1448783427476883,0.11871015280485153,0.3742919862270355,0.015397805212620028,0.3298722207546234,0.16245341300964355,2.018142140202122,0.0052244882099330425,0.00015314949268940836,0.11691930145025253,0.163207545876503,0.4414306581020355,0.08888888888888889,0.36930176615715027,0.1179492250084877,3.104700901841088,0.005260696168988943,0.0002266838273499161
G06_s30,G06,3,high,3_high,test,172,568.9476744186046,0.5457468866973028,0.9494479261004518,0.20009484887123108,0.10712765157222748,0.343505859375,0.01659122085048011,0.32477012276649475,0.16160941123962402,1.9972406288828382,0.01160725113004446,0.001490227528847754,0.318684458732605,0.21888324618339539,0.64111328125,0.27549725651577506,0.5553398132324219,0.30052152276039124,1.8417916178863665,0.010001745074987411,0.00042101656435988843,0.2821262776851654,0.23743145167827606,0.63916015625,0.26906378600823044,0.539007842540741,0.24391639232635498,2.200783040371199,0.008875816129148006,0.00038270853110589087,0.24907246232032776,0.16241000592708588,0.48583984375,0.06426611796982168,0.42174479365348816,0.22997500002384186,1.8259326490310837,0.006549154408276081,0.00021308485884219408,0.26230955123901367,0.23747867345809937,0.625,0.25979766803840876,0.5149117112159729,0.2177957445383072,2.3533899724718874,0.008001022040843964,0.0004412289708852768
G06_s31,G06,3,high,3_high,test,206,197.40776699029126,0.5594081856501159,0.9487145976919708,0.1567184180021286,0.08810827881097794,0.267333984375,0.010946502057613168,0.34562405943870544,0.14641335606575012,2.3445912138690357,0.010337615385651588,0.0012705657863989472,0.18341022729873657,0.12229613959789276,0.3193359375,0.03878257887517147,0.344601035118103,0.23768794536590576,1.4437303676557012,0.008950488641858101,0.00029095704667270184,0.1271362006664276,0.11918014287948608,0.24658203125,0.033377914951989024,0.28733521699905396,0.16083265841007233,1.7755082306747205,0.006946447771042585,0.00022470633848570287,0.1469787061214447,0.08844269812107086,0.260498046875,0.002527434842249657,0.2569435238838196,0.17749473452568054,1.4395019806416327,0.005612555425614119,0.00015060571604408324,0.10483873635530472,0.11595144122838974,0.196533203125,0.0325480109739369,0.23808111250400543,0.1305432915687561,1.8099069109849915,0.005658735521137714,0.0002325830137124285
G06_s32,G06,3,high,3_high,test,186,677.4408602150538,0.5542001791128411,0.9465453505303563,0.2130373865365982,0.10274787992238998,0.334716796875,0.019190672153635117,0.3052110970020294,0.1660315990447998,1.8272656117012223,0.012415100820362568,0.0015240419888868928,0.3685134947299957,0.20436379313468933,0.63037109375,0.35742455418381347,0.5490972399711609,0.3200971782207489,1.7100656038579878,0.010426630266010761,0.0004413232090882957,0.333234965801239,0.22848020493984222,0.62890625,0.347218792866941,0.5366449356079102,0.2656346559524536,2.0126601086079554,0.010026748292148113,0.00044830908882431686,0.2862251400947571,0.15055720508098602,0.474853515625,0.04458504801097394,0.4171066880226135,0.24773277342319489,1.6769269376213107,0.007142489776015282,0.00023139608674682677,0.31388166546821594,0.2325141280889511,0.619140625,0.33574074074074073,0.5174426436424255,0.2398952841758728,2.1479982284113586,0.009344496764242649,0.0005182442255318165
G06_s33,G06,3,high,3_high,test,220,154.22727272727272,0.5323944362534958,0.9530413132057576,0.1560746431350708,0.08832510560750961,0.263427734375,0.011772976680384089,0.36732837557792664,0.15085069835186005,2.4190101169424563,0.010860432870686054,0.0013425379293039441,0.1848476678133011,0.10906603932380676,0.3083740174770355,0.014838820301783264,0.3036639988422394,0.24903550744056702,1.2144835025658096,0.009064989164471626,0.0003344249853398651,0.12609770894050598,0.10084004700183868,0.2359619140625,0.010318930041152263,0.23896174132823944,0.1718791425228119,1.3822473772202322,0.007259045727550983,0.00026379956398159266,0.1491268277168274,0.07838357985019684,0.2529296875,0.0009876543209876543,0.22542332112789154,0.1886538565158844,1.1886039401946529,0.005901384633034468,0.00018110590463038534,0.10138393938541412,0.0932203158736229,0.1890869140625,0.009046639231824418,0.1752280443906784,0.14057542383670807,1.2377010051743513,0.0060090431943535805,0.0002693188434932381
G06_s34,G06,3,high,3_high,test,115,1079.7217391304348,0.5382529479951348,0.9524688469236141,0.2167486697435379,0.11338336765766144,0.36767578125,0.012928669410150891,0.33055585622787476,0.16451646387577057,1.9971176793383862,0.010536699555814266,0.0011172640370205045,0.35792696475982666,0.245314359664917,0.6796875,0.3797325102880658,0.597775936126709,0.30717816948890686,1.9397088934562785,0.009057224728167057,0.0003482351603452116,0.32961276173591614,0.2660060524940491,0.68701171875,0.3745096021947874,0.5916813015937805,0.250154972076416,2.3558414818630644,0.008376704528927803,0.00035018398193642497,0.27722635865211487,0.1780024766921997,0.50927734375,0.13885459533607683,0.45013248920440674,0.23584328591823578,1.9005499246442803,0.0061699156649410725,0.00018394495418760926,0.3085636496543884,0.2627604305744171,0.65478515625,0.3666872427983539,0.5645224452018738,0.22404931485652924,2.5084388528876946,0.007549754809588194,0.0003918310976587236
G06_s35,G06,3,high,3_high,test,147,207.87755102040816,0.5584488322649872,0.952953826555693,0.14194047451019287,0.07668111473321915,0.227294921875,0.0058882030178326475,0.3400152623653412,0.1388014554977417,2.4321296309453206,0.00786257442086935,0.0008976699318736792,0.14114731550216675,0.10642019659280777,0.24951171875,0.018446502057613168,0.3157143294811249,0.21353770792484283,1.4716029761617775,0.007757377345114946,0.0002130045322701335,0.09227976948022842,0.09186829626560211,0.17333984375,0.014324417009602195,0.2525103986263275,0.1332504153251648,1.880891005176617,0.005455705802887678,0.000150607549585402,0.11494853347539902,0.07316361367702484,0.18798828125,0.00045267489711934157,0.22946347296237946,0.15563197433948517,1.4649848725333616,0.004735326394438744,0.00010756640403997153,0.07370741665363312,0.08690256625413895,0.12078857421875,0.015531550068587106,0.20488382875919342,0.10293072462081909,1.971349949754432,0.004381437320262194,0.00015094342234078795
G06_s36,G06,3,high,3_high,test,133,902.0676691729324,0.558292440100213,0.9429997195197715,0.19416886568069458,0.09846574813127518,0.31005859375,0.014561042524005486,0.28820493817329407,0.15463465452194214,1.8518044008807917,0.010186588391661644,0.0011882151011377573,0.32042381167411804,0.2151588350534439,0.60888671875,0.3009327846364883,0.5316551327705383,0.28720971941947937,1.8446814834746517,0.009461512789130211,0.00035787292290478945,0.2870590090751648,0.23009684681892395,0.60400390625,0.28696159122085046,0.5155256390571594,0.22839315235614777,2.2473453708712823,0.008657190948724747,0.0003398227272555232,0.2505127489566803,0.1582770049571991,0.46044921875,0.027784636488340193,0.40428799390792847,0.22164547443389893,1.8158374650815428,0.006482516415417194,0.0001889904378913343,0.27070000767707825,0.23315352201461792,0.6015625,0.28055898491083675,0.5008108019828796,0.19997116923332214,2.49195346722321,0.007825353182852268,0.00037603333475999534
G06_s37,G06,3,high,3_high,test,142,164.88732394366198,0.5176661732893122,0.959689342607926,0.1401928961277008,0.07665221393108368,0.199462890625,0.007935528120713306,0.37406131625175476,0.1407005339860916,2.639801740538749,0.007933502085506916,0.0009423620067536831,0.13005155324935913,0.0838150605559349,0.2423095703125,0.0010836762688614541,0.2605898380279541,0.20823673903942108,1.2454306027913093,0.00791469868272543,0.0002613241958897561,0.07949160784482956,0.059432320296764374,0.1597900390625,5.1440329218106995e-05,0.1870148926973343,0.12426674365997314,1.4929332976434009,0.005430657882243395,0.00017600918363314122,0.10592404007911682,0.05283300578594208,0.1728515625,2.7434842249657064e-05,0.1813601404428482,0.14903700351715088,1.2087694114879917,0.004769946448504925,0.00013638482778333127,0.06076447293162346,0.04609326273202896,0.11151123046875,2.7434842249657064e-05,0.1255413293838501,0.09241797775030136,1.3438669130626208,0.00417710468173027,0.00016381357272621244
G06_s38,G06,3,high,3_high,test,182,477.75274725274727,0.5456624573494823,0.9464695751130833,0.1822684407234192,0.09046612679958344,0.29541015625,0.009804526748971193,0.2940331995487213,0.157989963889122,1.8493821393265872,0.009742402471601963,0.0011519510298967361,0.28747016191482544,0.19511960446834564,0.5771484375,0.19236968449931413,0.5042616724967957,0.3004359304904938,1.6728651812551534,0.009178786538541317,0.00033863584394566715,0.2500779926776886,0.2077423334121704,0.5732421875,0.18507887517146776,0.4830751419067383,0.24656027555465698,1.951343529669338,0.008251250721514225,0.0003175307356286794,0.22814029455184937,0.14361166954040527,0.438232421875,0.013518518518518518,0.3847675025463104,0.23361754417419434,1.6399775383405923,0.006283114198595285,0.00018460607680026442,0.23058079183101654,0.20828603208065033,0.57568359375,0.175661865569273,0.4611532390117645,0.21809197962284088,2.1048385240099776,0.0075831227004528046,0.0003578468458727002
G06_s39,G06,3,high,3_high,test,183,162.46994535519124,0.526384316946918,0.9541555822246335,0.1510941982269287,0.08296201378107071,0.239990234375,0.008957475994513032,0.3632432222366333,0.14893986284732819,2.4225927337715047,0.009489093907177448,0.001156203681603074,0.1764345020055771,0.11523593962192535,0.34130859375,0.0122119341563786,0.30350708961486816,0.24499687552452087,1.2337843274136004,0.008675707504153252,0.0002796710468828678,0.12293802946805954,0.10918070375919342,0.280029296875,0.008031550068587105,0.2387399971485138,0.17115665972232819,1.386760160969538,0.006722899153828621,0.00021543751063290983,0.1421745866537094,0.08251379430294037,0.277587890625,0.00014746227709190672,0.2223515808582306,0.18350152671337128,1.205147647388634,0.0054359412752091885,0.00014540539996232837,0.10035310685634613,0.10163936764001846,0.2430419921875,0.00639917695473251,0.17733637988567352,0.14004531502723694,1.2573007465822492,0.005462110973894596,0.00021745024423580617
G06_s40,G06,3,high,3_high,test,185,568.3837837837838,0.5428891032770062,0.9481273855459738,0.19755084812641144,0.10649377107620239,0.3388671875,0.01532235939643347,0.31601351499557495,0.15337926149368286,2.0469946023709027,0.011782262474298477,0.0014739992329850793,0.30561310052871704,0.21826131641864777,0.63720703125,0.27755486968449933,0.5384277105331421,0.27058106660842896,1.9825671842929242,0.009570589289069176,0.0003826286701951176,0.2665528953075409,0.2383730560541153,0.63720703125,0.27050068587105625,0.5216296315193176,0.20637275278568268,2.5154202975663624,0.00827489048242569,0.00033442425774410367,0.23718830943107605,0.16111847758293152,0.47998046875,0.05233196159122085,0.4063456356525421,0.20465843379497528,1.9758277263631971,0.00626350287348032,0.00019455856818240136,0.247111514210701,0.23957766592502594,0.626953125,0.2629869684499314,0.4986876845359802,0.17921052873134613,2.7672505488256616,0.007226684596389532,0.00037778093246743083
G06_s41,G06,3,high,3_high,test,193,169.18134715025906,0.5193511576205027,0.9505971641887703,0.15080749988555908,0.08269452303647995,0.245849609375,0.00912551440329218,0.35503920912742615,0.1440586894750595,2.4475556094726016,0.009400402195751667,0.0011820438085123897,0.1642971634864807,0.11218750476837158,0.2978515625,0.01879286694101509,0.30682796239852905,0.22751197218894958,1.3427216064846808,0.008378727361559868,0.0002766308025456965,0.11070895195007324,0.10134481638669968,0.22705078125,0.009633058984910837,0.24118711054325104,0.1493837982416153,1.6038104726929818,0.006173592526465654,0.000193929867236875,0.1321505606174469,0.08068486303091049,0.246826171875,0.00033607681755829904,0.22370131313800812,0.1675361841917038,1.3273191997960272,0.00524853216484189,0.00014708575326949358,0.09069795906543732,0.0977056473493576,0.1866455078125,0.0122119341563786,0.19102570414543152,0.1207401305437088,1.5691268219631722,0.0050502982921898365,0.00019621840328909457
G06_s42,G06,3,high,3_high,test,157,614.9936305732484,0.5366533793733548,0.9544046655844358,0.18294930458068848,0.10013728588819504,0.314697265625,0.013058984910836763,0.3020637035369873,0.14377760887145996,2.0863979305333946,0.010746501386165619,0.0013189626624807715,0.2693758010864258,0.21040846407413483,0.60302734375,0.23813786008230453,0.5143649578094482,0.2446286976337433,2.094075174295869,0.00921220239251852,0.0003484475309960544,0.22834506630897522,0.2241380512714386,0.59716796875,0.22775034293552812,0.4906328320503235,0.17456583678722382,2.7945803182936078,0.007855347357690334,0.0003256100171711296,0.2101920247077942,0.15698297321796417,0.4577880799770355,0.029502743484224967,0.3903000056743622,0.18296796083450317,2.12156510244452,0.00588007178157568,0.0001768539077602327,0.21252739429473877,0.22830629348754883,0.6005859375,0.226820987654321,0.4748314321041107,0.14761270582675934,3.195093107702586,0.006663923151791096,0.0003285749990027398
G06_s43,G06,3,high,3_high,test,194,198.43298969072166,0.5378419712772825,0.9511191701626647,0.15433558821678162,0.08379986137151718,0.260009765625,0.008058984910836762,0.3400900363922119,0.14643464982509613,2.306717157707945,0.00974198617041111,0.0011462551774457097,0.17569097876548767,0.12089592963457108,0.34033203125,0.024324417009602195,0.33927440643310547,0.2383892685174942,1.4172498564124725,0.009419136680662632,0.0003704301780089736,0.12129330635070801,0.11091123521327972,0.274658203125,0.013665980795610426,0.273918479681015,0.16420266032218933,1.6580754761866472,0.007326942402869463,0.00028267438756302,0.14443795382976532,0.08892710506916046,0.278564453125,0.0006138545953360768,0.25681349635124207,0.1814114898443222,1.4078800440170611,0.006173842586576939,0.00020458086510188878,0.1003839373588562,0.10542229562997818,0.2398681640625,0.012836076817558299,0.22441208362579346,0.13567058742046356,1.6419925300781464,0.006371075753122568,0.00030231423443183303
G06_s44,G06,3,high,3_high,test,176,155.1875,0.5284069982683678,0.9603118983152594,0.14599978923797607,0.08094415813684464,0.2257080078125,0.008079561042524006,0.37351006269454956,0.141224205493927,2.6262060061956087,0.009244675748050213,0.001159942359663546,0.14217332005500793,0.08402086049318314,0.2408447265625,0.0014300411522633744,0.2501882314682007,0.20716816186904907,1.2018563704548868,0.008017299696803093,0.00023593609512317926,0.08718642592430115,0.06469891965389252,0.1611328125,0.0003120713305898491,0.1788770854473114,0.12446057051420212,1.4257633670417793,0.0055578723549842834,0.00015697084018029273,0.11242174357175827,0.0540190115571022,0.1708984375,0.0001748971193415638,0.1709868609905243,0.1471775770187378,1.1539320889887554,0.0047460878267884254,0.00011604162864387035,0.06677129119634628,0.054766781628131866,0.1119384765625,0.0003120713305898491,0.12006505578756332,0.09450072050094604,1.2572162299694267,0.004313659854233265,0.00014471844770014286
G06_s45,G06,3,high,3_high,test,187,351.7700534759358,0.5258430591667498,0.9514656053712242,0.16971760988235474,0.0934535562992096,0.280517578125,0.013446502057613169,0.3086340129375458,0.15028038620948792,2.0401455910494564,0.010685446672141552,0.0014200920704752207,0.23716826736927032,0.17275549471378326,0.5263671875,0.12353909465020577,0.4544728994369507,0.2674856185913086,1.6927271628978897,0.009964723140001297,0.00039979335269890726,0.1904361993074417,0.18074780702590942,0.5146484375,0.11241769547325103,0.4202079772949219,0.20288187265396118,2.0610364807082213,0.00852472335100174,0.00036794383777305484,0.18866397440433502,0.12964893877506256,0.41064453125,0.007294238683127572,0.34725210070610046,0.20431353151798248,1.6913259352108811,0.006466742604970932,0.00020195935212541372,0.17077089846134186,0.18286314606666565,0.5146484375,0.10991426611796982,0.39442679286003113,0.17572921514511108,2.23181431851078,0.0077684493735432625,0.00043032606481574476
G06_s46,G06,3,high,3_high,test,179,152.50279329608938,0.5126309088012251,0.9560035236517331,0.14919163286685944,0.08119771629571915,0.2293701171875,0.009228395061728395,0.3656223714351654,0.15049579739570618,2.41341593443785,0.009130890481173992,0.0011286459630355239,0.16942346096038818,0.11886847764253616,0.351318359375,0.00869684499314129,0.3087592124938965,0.2513781487941742,1.2233991491303933,0.00890466570854187,0.00029352764249779284,0.11920899897813797,0.10956088453531265,0.29443359375,0.005871056241426612,0.24523048102855682,0.17954981327056885,1.3582427840069744,0.0069155157543718815,0.00024159604799933732,0.13837236166000366,0.08716028183698654,0.2880859375,1.3717421124828532e-05,0.22944703698158264,0.18924614787101746,1.20605352354962,0.00566867645829916,0.0001531857851659879,0.09831122308969498,0.10116909444332123,0.2607421875,0.0035939643347050756,0.18434403836727142,0.15046527981758118,1.2170712561273984,0.0058899084106087685,0.0002530233468860388
G06_s47,G06,3,high,3_high,test,159,328.52830188679246,0.5268261065635303,0.9498602112984034,0.1556689441204071,0.08625476062297821,0.26513671875,0.009204389574759945,0.3110315799713135,0.14379313588142395,2.148109978266013,0.00888402946293354,0.0010938860941678286,0.18747884035110474,0.1611161231994629,0.4658203125,0.0807647462277092,0.4282670319080353,0.245525524020195,1.7372117293337637,0.008790651336312294,0.0003291817265562713,0.14343038201332092,0.16001960635185242,0.4384765625,0.06857338820301784,0.38696572184562683,0.17552638053894043,2.192112706691253,0.0072031160816550255,0.00031627636053599417,0.15114253759384155,0.11946326494216919,0.367431640625,0.00472565157750343,0.3257859945297241,0.1849445104598999,1.7520602986555063,0.005651108920574188,0.0001712701196083799,0.1264847069978714,0.15983310341835022,0.426025390625,0.06935185185185185,0.35851606726646423,0.14916379749774933,2.3875000049318658,0.006146469619125128,0.0003121723129879683
G06_s48,G06,3,high,3_high,test,142,163.2394366197183,0.5298440950393849,0.9567266583192351,0.1401757001876831,0.07557738572359085,0.19970703125,0.006992455418381344,0.3707070052623749,0.14107240736484528,2.609282211361356,0.007901057600975037,0.0009167966200038791,0.1356820911169052,0.0886760875582695,0.2476806640625,0.00020233196159122086,0.25945180654525757,0.21103517711162567,1.2236262401340579,0.007855772972106934,0.00021034058590885252,0.08528310805559158,0.06758642196655273,0.1690673828125,0.0,0.18803079426288605,0.13082990050315857,1.4263137083865198,0.005505772773176432,0.00014666510105598718,0.11069407314062119,0.05890742316842079,0.1842041015625,0.0,0.1819964498281479,0.15359985828399658,1.1772096808382861,0.004810006357729435,0.00010860207839868963,0.06583671271800995,0.055769387632608414,0.11810302734375,0.0,0.12487645447254181,0.09895292669534683,1.2493526563075141,0.004305659327656031,0.00013730597856920213
G06_s49,G06,3,high,3_high,test,179,308.731843575419,0.5554414077298868,0.9464776738348045,0.160350501537323,0.08638956397771835,0.277587890625,0.00766803840877915,0.3102809190750122,0.1491995006799698,2.0657919478449402,0.009263903833925724,0.0010161836398765445,0.21081779897212982,0.16130073368549347,0.463134765625,0.07689643347050755,0.4330337941646576,0.2636258006095886,1.6364005065535048,0.009602951817214489,0.00037763550062663853,0.16372011601924896,0.16268925368785858,0.434326171875,0.06397462277091907,0.39056694507598877,0.19786767661571503,1.9639538798992797,0.007913741283118725,0.000332705385517329,0.17080481350421906,0.11997803300619125,0.366455078125,0.010003429355281207,0.33215418457984924,0.20404361188411713,1.6199196918535077,0.006307824514806271,0.00019825708295684308,0.14356498420238495,0.16084204614162445,0.41796875,0.062325102880658435,0.35635772347450256,0.17030854523181915,2.080209851716796,0.007158678490668535,0.000374508963432163
H05_s01,H05,2,high,2_high,test,270,147.75555555555556,0.5185632860639201,0.9527609473044498,0.17312446236610413,0.09669429063796997,0.305419921875,0.018676268861454046,0.38216739892959595,0.1578051894903183,2.4065170675854715,0.013501445762813091,0.0018030344508588314,0.22969390451908112,0.12116298079490662,0.40380859375,0.02968792866941015,0.32469192147254944,0.2700195014476776,1.1980389593301415,0.009917404502630234,0.0003972843405790627,0.17053461074829102,0.12496796995401382,0.367431640625,0.023919753086419752,0.26835963129997253,0.1995139867067337,1.33835866368997,0.008867882192134857,0.000359751982614398,0.1856912225484848,0.09190316498279572,0.327392578125,0.0013511659807956104,0.2490755319595337,0.20940251648426056,1.1838049093779073,0.006836192682385445,0.00022157782223075628,0.14229881763458252,0.12134180217981339,0.3369140625,0.021382030178326475,0.200115367770195,0.16894294321537018,1.1775444392332728,0.007723499089479446,0.0003725908463820815
H05_s02,H05,2,high,2_high,test,147,173.3469387755102,0.5274374723255387,0.9530159732821779,0.13604234158992767,0.07194823026657104,0.2032470703125,0.003449931412894376,0.34244877099990845,0.13616082072257996,2.496695260321763,0.007494893856346607,0.000806637981440872,0.12834346294403076,0.08707564324140549,0.2406005859375,0.0017558299039780521,0.2711786925792694,0.2024809718132019,1.332698041309803,0.00829325895756483,0.0002650243404787034,0.08030571788549423,0.06388011574745178,0.1580810546875,2.05761316872428e-05,0.19116300344467163,0.12314452975988388,1.5398423419413856,0.005662496667355299,0.00017605940229259431,0.104936882853508,0.056450389325618744,0.17333984375,0.0,0.18714098632335663,0.1460198312997818,1.2728962118162517,0.00497712567448616,0.0001356562424916774,0.060950133949518204,0.051848046481609344,0.11126708984375,3.08641975308642e-05,0.1382414996623993,0.09163349866867065,1.4923488980682709,0.004484387580305338,0.00017331003618892282
H05_s03,H05,2,high,2_high,test,162,157.90740740740742,0.5603311923084596,0.9568901991003734,0.13961851596832275,0.07710155099630356,0.20849609375,0.0068381344307270235,0.36271896958351135,0.13894125819206238,2.5919373190549546,0.00827839970588684,0.0009995144791901112,0.12977546453475952,0.08828816562891006,0.2420654296875,0.0007270233196159122,0.2683224380016327,0.20434224605560303,1.3067084010027616,0.00834056455641985,0.0002561924629844725,0.08092606067657471,0.06545926630496979,0.1639404296875,0.0,0.19560271501541138,0.12456854432821274,1.5577365817361264,0.005801698658615351,0.00017895098426379263,0.10594817250967026,0.0579155795276165,0.1722412109375,0.0,0.18902239203453064,0.14838869869709015,1.265305834263971,0.004975312855094671,0.00012530929234344512,0.06196776032447815,0.05288064107298851,0.11346435546875,0.0,0.13524481654167175,0.09408358484506607,1.4223781819127497,0.004426025319844484,0.00014905736315995455
H05_s04,H05,2,high,2_high,test,194,305.89690721649487,0.541826140872393,0.9497716832569083,0.16193391382694244,0.0882830023765564,0.269775390625,0.010658436213991769,0.3050464987754822,0.14709153771400452,2.059850977876874,0.009870692156255245,0.0012589851394295692,0.21135976910591125,0.162128284573555,0.48388671875,0.08824074074074074,0.4270688593387604,0.25598594546318054,1.6618374151513602,0.009374751709401608,0.0003456346457824111,0.16451236605644226,0.16586895287036896,0.466552734375,0.07779492455418381,0.38705694675445557,0.18805323541164398,2.047343680269099,0.0076937368139624596,0.00031169934663921595,0.16960425674915314,0.12064477801322937,0.380615234375,0.0045198902606310015,0.32547932863235474,0.19516542553901672,1.6592084346057092,0.006038008723407984,0.00018162741616833955,0.14536236226558685,0.1658729761838913,0.45751953125,0.07618312757201647,0.35666701197624207,0.15993128716945648,2.216268932222489,0.006748994346708059,0.0003363046271260828
H05_s05,H05,2,high,2_high,test,169,170.71597633136093,0.5431023402577132,0.9543832843135973,0.14482633769512177,0.08056008070707321,0.2265625,0.008065843621399177,0.357982873916626,0.1439422219991684,2.469831557561467,0.008620314300060272,0.0010949946008622646,0.14675697684288025,0.10855430364608765,0.2756591737270355,0.009595336076817559,0.29994064569473267,0.22925378382205963,1.3026524069047531,0.00845721922814846,0.00028166567790322006,0.09765090048313141,0.09449158608913422,0.203369140625,0.005260631001371742,0.23119862377643585,0.15360130369663239,1.4954506737543893,0.006064693443477154,0.00019463639182504267,0.11959821730852127,0.07733843475580215,0.220703125,0.00015775034293552813,0.2195075899362564,0.1693548560142517,1.2885314517708415,0.00524858757853508,0.00014191647642292082,0.07858544588088989,0.08643332868814468,0.14501953125,0.004657064471879286,0.17489327490329742,0.12431895732879639,1.3955851423534755,0.004926752764731646,0.00019836272986140102
H05_s06,H05,2,high,2_high,test,162,385.7283950617284,0.5402159541902161,0.9535315766996271,0.16339731216430664,0.09198036789894104,0.2841796875,0.011213991769547325,0.31202155351638794,0.14241859316825867,2.1756004338316464,0.009819064289331436,0.0012388074537739158,0.20614506304264069,0.17217548191547394,0.52880859375,0.11750342935528121,0.4467320144176483,0.2373466193675995,1.874295576765275,0.008910899981856346,0.00029433672898449004,0.16022786498069763,0.17682839930057526,0.5126953125,0.10765775034293552,0.409365177154541,0.16562911868095398,2.4567445377800716,0.0070730955339968204,0.00024954054970294237,0.16386732459068298,0.12732794880867004,0.4130859375,0.009176954732510288,0.33727920055389404,0.1761804223060608,1.9035918086439552,0.005561665166169405,0.0001447622198611498,0.1432914286851883,0.17970331013202667,0.5185546875,0.10902949245541838,0.38648539781570435,0.1385640799999237,2.7692325834549667,0.005799412727355957,0.0002432136971037835
H05_s07,H05,2,high,2_high,test,147,166.9387755102041,0.522147090418411,0.9571345837993563,0.1408839225769043,0.07772538810968399,0.2021484375,0.007301097393689986,0.3739040493965149,0.13824263215065002,2.6852699034874528,0.00824064388871193,0.0009937863796949387,0.13108228147029877,0.08230728656053543,0.2369384765625,0.0023593964334705075,0.2595564126968384,0.1999887228012085,1.2913978907839387,0.007944460026919842,0.0002391448651906103,0.07903724908828735,0.057199832051992416,0.153076171875,5.1440329218106995e-05,0.18532465398311615,0.11559182405471802,1.589516721997084,0.005353867541998625,0.000157934075105004,0.1050073578953743,0.05147535353899002,0.1654052734375,0.00021947873799725651,0.17883770167827606,0.1414552479982376,1.2553956712109937,0.004729016683995724,0.00012453198723960668,0.05984601378440857,0.04461570829153061,0.1070556640625,1.3717421124828532e-05,0.12663421034812927,0.08509188890457153,1.470919176700802,0.004093477502465248,0.00013986756675876677
H05_s08,H05,2,high,2_high,test,138,168.3768115942029,0.5482240774741025,0.9563368878427113,0.13685251772403717,0.07527278363704681,0.1884765625,0.006265432098765432,0.3688940107822418,0.13750514388084412,2.663395744345792,0.007586416322737932,0.0008896912331692874,0.1199663057923317,0.08017749339342117,0.234619140625,7.20164609053498e-05,0.2491333782672882,0.19644686579704285,1.2617742867763437,0.007299161050468683,0.0001844100042944774,0.07225131243467331,0.052447933703660965,0.1480712890625,0.0,0.1754307746887207,0.11312457919120789,1.5371866072320715,0.004812117200344801,0.00011853700561914593,0.09690726548433304,0.04792020469903946,0.1610107421875,0.0,0.16977055370807648,0.13801293075084686,1.221257280104083,0.004281376022845507,9.001891885418445e-05,0.05387711897492409,0.038913775235414505,0.1044921875,0.0,0.11626271903514862,0.08230270445346832,1.3956656005099004,0.0036525321193039417,0.000104803271824494
H05_s09,H05,2,high,2_high,test,128,167.2734375,0.5308093184732967,0.9575627405232914,0.13775895535945892,0.0741448849439621,0.178466796875,0.008069272976680385,0.3768073618412018,0.13930560648441315,2.6856187096348294,0.007403777912259102,0.0008906212169677019,0.11996783316135406,0.07815257459878922,0.232421875,0.00012002743484224966,0.24695222079753876,0.19815313816070557,1.240011696919694,0.007406020071357489,0.00018096218991559,0.0717073604464531,0.05188477039337158,0.14599609375,0.0,0.17544592916965485,0.11342296749353409,1.5333104272057014,0.004851801320910454,0.00011578239355003461,0.09728450328111649,0.04615945741534233,0.1573486328125,0.0,0.1670452207326889,0.13798563182353973,1.20188841494619,0.004277513828128576,8.714772411622107e-05,0.053880658000707626,0.03800289332866669,0.1019287109375,0.0,0.11527033895254135,0.08246950060129166,1.3809875238520066,0.0036327154375612736,9.485708142165095e-05
H05_s10,H05,2,high,2_high,test,159,172.0188679245283,0.5719762348847217,0.9545946158229495,0.1455935686826706,0.07926666736602783,0.2252197265625,0.007897805212620028,0.36217448115348816,0.14430880546569824,2.4924468960622175,0.008750509470701218,0.0009993439307436347,0.14802616834640503,0.09899504482746124,0.265869140625,0.00549039780521262,0.2849534749984741,0.21940067410469055,1.29288840043711,0.008814968168735504,0.00031923368806019425,0.09569452702999115,0.08088687807321548,0.1932373046875,0.0017283950617283952,0.21291711926460266,0.14010243117809296,1.5089542928985293,0.006461710669100285,0.00022782018641009927,0.12081514298915863,0.07045953720808029,0.212158203125,0.0008230452674897119,0.20704500377178192,0.1620245724916458,1.2700232891725076,0.005607358179986477,0.00017240889428649098,0.07517796754837036,0.07117538899183273,0.138916015625,0.0009842249657064472,0.15457783639431,0.10938690602779388,1.4003276471521853,0.00535782054066658,0.00023314445570576936
H05_s11,H05,2,high,2_high,test,252,321.81349206349205,0.5521518110551197,0.9479081401113669,0.1923867017030716,0.10299614071846008,0.323974609375,0.020236625514403292,0.3250817358493805,0.1625165343284607,1.988066449576156,0.013241160660982132,0.001819900469854474,0.2919631004333496,0.18291129171848297,0.57275390625,0.19421124828532235,0.48052456974983215,0.29919692873954773,1.6006978211517198,0.010339549742639065,0.00045518975821323693,0.24691899120807648,0.20064575970172882,0.56591796875,0.18295267489711933,0.45306137204170227,0.24183261394500732,1.8657352679335901,0.009463926777243614,0.00042555175605230033,0.2306664139032364,0.136808842420578,0.440673828125,0.01601851851851852,0.36721065640449524,0.23013409972190857,1.5887342319731645,0.006915252190083265,0.00023174371744971722,0.22517186403274536,0.20482619106769562,0.5673828125,0.17614540466392317,0.42391717433929443,0.2171236127614975,1.9434721852091155,0.008391366340219975,0.0004575371858663857
H05_s12,H05,2,high,2_high,test,190,154.41052631578947,0.5201706557581062,0.957419022615442,0.1509910374879837,0.08631781488656998,0.2445068359375,0.011646090534979423,0.3817206919193268,0.14474685490131378,2.6190664092051423,0.010096363723278046,0.0013183557894080877,0.1587972342967987,0.0964035615324974,0.261474609375,0.003583676268861454,0.2708825469017029,0.21985818445682526,1.2264999260403533,0.008526879362761974,0.00027085348847322166,0.10311530530452728,0.08413414657115936,0.189453125,0.001135116598079561,0.2029515951871872,0.1409326195716858,1.4299150949206754,0.006289044860750437,0.00018936520791612566,0.1267962008714676,0.0667886883020401,0.20068359375,7.20164609053498e-05,0.1914890706539154,0.1599392294883728,1.1898222158926746,0.0051093376241624355,0.00013422781194094568,0.08145628124475479,0.07475551217794418,0.1341552734375,0.0003566529492455418,0.14003968238830566,0.11065836995840073,1.2541798921162708,0.004880954511463642,0.000170427534612827
H05_s13,H05,2,high,2_high,test,193,498.3626943005181,0.5210381152700536,0.9510214746903932,0.18920889496803284,0.1013808622956276,0.324951171875,0.015126886145404663,0.3098824918270111,0.14692223072052002,2.0949014243335347,0.012114007957279682,0.001522706006653607,0.28055068850517273,0.19788476824760437,0.6015625,0.22054526748971193,0.4972716271877289,0.24765530228614807,1.9998432473218593,0.009752235375344753,0.000378825148800388,0.23473471403121948,0.21453310549259186,0.59423828125,0.21075102880658436,0.4707234799861908,0.17736732959747314,2.6390678217164907,0.008499368093907833,0.0003536871518008411,0.2190939337015152,0.14725126326084137,0.45703125,0.02660150891632373,0.3765033483505249,0.18639938533306122,2.009095961981801,0.0062864902429282665,0.0001939739886438474,0.21539857983589172,0.21891479194164276,0.59765625,0.20962620027434842,0.44938164949417114,0.14920681715011597,2.991752691524389,0.007161623332649469,0.0003491171810310334
H05_s14,H05,2,high,2_high,test,188,202.10106382978722,0.5300319101624579,0.949407908568672,0.15418536961078644,0.08477096259593964,0.256103515625,0.010353223593964334,0.3430584967136383,0.1458229422569275,2.3365455795955614,0.009578539058566093,0.0012009138008579612,0.17479966580867767,0.12776251137256622,0.368408203125,0.035788751714677644,0.3440336585044861,0.23655755817890167,1.4482117981924978,0.008938930928707123,0.0003023237222805619,0.1226784735918045,0.12408779561519623,0.31591796875,0.029005486968449932,0.28551846742630005,0.16250230371952057,1.7462657157179367,0.006642403081059456,0.00022432931291405112,0.13916218280792236,0.09312305599451065,0.296630859375,0.0012551440329218106,0.25333064794540405,0.17386950552463531,1.4486839611364675,0.00549152260646224,0.00015638656623195857,0.10299468785524368,0.12194979935884476,0.2861328125,0.02991769547325103,0.2423461377620697,0.13501094281673431,1.7818135272293125,0.005483394954353571,0.0002260310429846868
H05_s15,H05,2,high,2_high,test,175,224.52,0.5330864996223756,0.9537195842779082,0.15137679874897003,0.0865556001663208,0.261474609375,0.009314128943758573,0.3428109288215637,0.14143908023834229,2.406719618295349,0.009341608732938766,0.0011692320695146918,0.16301476955413818,0.13232260942459106,0.30322265625,0.04611111111111111,0.367501825094223,0.21858073770999908,1.6736523837513642,0.008488153107464314,0.0002672401606105268,0.11404204368591309,0.12990374863147736,0.236083984375,0.04245884773662551,0.3164482116699219,0.1435421258211136,2.1893147749989548,0.006347193382680416,0.00021218741312623024,0.1297520250082016,0.09531097114086151,0.25048828125,0.006063100137174211,0.26874539256095886,0.158850759267807,1.6812268755678197,0.005179141648113728,0.00013473602302838117,0.0951475277543068,0.1263619363307953,0.1915283203125,0.040812757201646094,0.2744467854499817,0.115087129175663,2.3641448229345814,0.0050514014437794685,0.0001996249338844791
H05_s16,H05,2,high,2_high,test,218,144.8119266055046,0.5256542609860657,0.9529490949372978,0.15886177122592926,0.08714168518781662,0.2529296875,0.011093964334705076,0.3700906038284302,0.1569836586713791,2.3425878786504972,0.010102994740009308,0.0013408348895609379,0.1950046569108963,0.13692231476306915,0.416015625,0.027455418381344306,0.33256039023399353,0.2688300907611847,1.2324807411058123,0.008620955049991608,0.0002880504180211574,0.14556656777858734,0.13792815804481506,0.390869140625,0.02073045267489712,0.2761349380016327,0.20445361733436584,1.3440256812428686,0.0069253402762115,0.00024355562345590442,0.15581262111663818,0.10347862541675568,0.332763671875,0.0009053497942386831,0.24693748354911804,0.20222418010234833,1.2150989288024423,0.005429158452898264,0.00015416483802255243,0.12370924651622772,0.13263057172298431,0.36328125,0.016402606310013716,0.21848434209823608,0.1768682301044464,1.2283494470594294,0.005932851694524288,0.0002619046426843852
H05_s17,H05,2,high,2_high,test,121,981.9421487603306,0.5559119511634542,0.9487333077487512,0.18368077278137207,0.09531325101852417,0.298095703125,0.011676954732510288,0.2763184905052185,0.1379123330116272,1.989157366481565,0.010093812830746174,0.00116468477062881,0.28829407691955566,0.20828121900558472,0.58251953125,0.2551851851851852,0.5031906962394714,0.2339620590209961,2.1415827658988404,0.009921036660671234,0.00040703517151996493,0.251618891954422,0.22237719595432281,0.57861328125,0.2350480109739369,0.4833942949771881,0.16272956132888794,2.9523947358912244,0.009240631014108658,0.00044729255023412406,0.22600582242012024,0.15382778644561768,0.442138671875,0.019176954732510288,0.3833867907524109,0.1769472062587738,2.1544973861229573,0.006635537836700678,0.00021345657296478748,0.23599933087825775,0.2249067723751068,0.57568359375,0.23016803840877914,0.46768757700920105,0.13573646545410156,3.4203573674075267,0.008243115618824959,0.00045150035293772817
H05_s18,H05,2,high,2_high,test,291,165.76975945017182,0.5182340507015235,0.9548950960146537,0.1733500212430954,0.09818686544895172,0.310791015625,0.01626886145404664,0.3605422079563141,0.15459035336971283,2.3172529668314072,0.013615479692816734,0.0018091821111738682,0.22417296469211578,0.12832239270210266,0.427001953125,0.04858710562414266,0.34432870149612427,0.25830933451652527,1.3278685171056999,0.009582716971635818,0.000371702917618677,0.1642782837152481,0.13509827852249146,0.400390625,0.043333333333333335,0.2890468239784241,0.18594340980052948,1.546172846033139,0.008403296582400799,0.00033125720801763237,0.1760047972202301,0.09541229903697968,0.33837890625,0.002016460905349794,0.25635644793510437,0.19499318301677704,1.3079865533545636,0.0062970323488116264,0.00019796013657469302,0.13715146481990814,0.13239210844039917,0.37353515625,0.03820987654320988,0.23288089036941528,0.15611404180526733,1.4822411013908996,0.0069929976016283035,0.00032858210033737123
H05_s19,H05,2,high,2_high,test,266,412.94736842105266,0.5803489559834584,0.9440478953351201,0.21084220707416534,0.09994955360889435,0.3313232362270355,0.01810013717421125,0.3086704909801483,0.17258766293525696,1.7781821919871876,0.013605128973722458,0.0017065709689632058,0.35889917612075806,0.18534211814403534,0.6025390625,0.30162551440329216,0.5179617404937744,0.3365301787853241,1.5345642346938357,0.010401125997304916,0.0004692905058618635,0.3186350166797638,0.21038904786109924,0.5986328125,0.28577503429355283,0.4987674951553345,0.28428876399993896,1.7482900068067215,0.010343357920646667,0.0004990981542505324,0.2791568636894226,0.1380971223115921,0.45751953125,0.02675925925925926,0.39527371525764465,0.26021379232406616,1.5132191594510505,0.007395757827907801,0.00025946833193302155,0.2965414822101593,0.2159671038389206,0.59033203125,0.2725617283950617,0.47375836968421936,0.26052138209342957,1.811547361412182,0.009706327691674232,0.000556962622795254
H05_s20,H05,2,high,2_high,test,269,149.0557620817844,0.5257555808024833,0.9517781726277561,0.17104406654834747,0.0990755707025528,0.309326171875,0.019231824417009602,0.3868267238140106,0.15449680387973785,2.4876827958032157,0.013463905081152916,0.0018638562178239226,0.210818812251091,0.11922550946474075,0.37744140625,0.03546982167352538,0.3057975172996521,0.25485092401504517,1.1952175606826023,0.009429283440113068,0.0003460961452219635,0.15099067986011505,0.12072749435901642,0.327880859375,0.027184499314128942,0.24923095107078552,0.18109853565692902,1.3686598311824594,0.008019808679819107,0.00028087670216336846,0.16759879887104034,0.08827103674411774,0.3056640625,0.0017421124828532236,0.22696417570114136,0.19269947707653046,1.1717335489319265,0.00614357553422451,0.0001737485290504992,0.12488871812820435,0.11930962651968002,0.29736328125,0.028220164609053498,0.1838437169790268,0.15256842970848083,1.1971452552325863,0.0066041285172104836,0.0002823321847245097
H05_s21,H05,2,high,2_high,test,197,574.4467005076142,0.5714641194755578,0.9464386209230262,0.19784733653068542,0.09721895307302475,0.309814453125,0.016512345679012344,0.28998222947120667,0.1674192249774933,1.7217881718073365,0.011552024632692337,0.0014884477714076638,0.3324775993824005,0.19830724596977234,0.58056640625,0.25999314128943757,0.5162935853004456,0.33488786220550537,1.5371010488749457,0.010175256989896297,0.0004344025510363281,0.2991260588169098,0.212905615568161,0.5751953125,0.24008230452674897,0.4983118772506714,0.2882406413555145,1.7228280054813632,0.009789003990590572,0.000457545043900609,0.26135385036468506,0.14846134185791016,0.443359375,0.018415637860082306,0.39686551690101624,0.26106593012809753,1.514372801939683,0.007113422267138958,0.0002389341389061883,0.2805171310901642,0.21339519321918488,0.5712890625,0.22102537722908094,0.478272944688797,0.26316455006599426,1.810511457988264,0.009397136978805065,0.0005271249683573842
H05_s22,H05,2,high,2_high,test,125,165.248,0.5323798474653694,0.9560727023350543,0.13645991683006287,0.0714721828699112,0.1717529296875,0.005713305898491084,0.3716372549533844,0.13818730413913727,2.670051390476539,0.007157824467867613,0.0008215748821385205,0.1139383465051651,0.07870166003704071,0.2301025390625,0.0003429355281207133,0.24705474078655243,0.1952478438615799,1.2588914911126785,0.00736621767282486,0.0002043708082055673,0.0677543580532074,0.05077681690454483,0.1414794921875,0.0,0.17380304634571075,0.11111327260732651,1.5502450539861672,0.0048342798836529255,0.00012448278721421957,0.0937374159693718,0.0466289184987545,0.155029296875,0.0,0.16626501083374023,0.13702495396137238,1.2046010961196996,0.004406572785228491,9.970869723474607e-05,0.051612917333841324,0.03759933263063431,0.09906005859375,0.0,0.11497007310390472,0.0809985101222992,1.4020995373260938,0.0036850804463028908,0.00010723691957537085
H05_s23,H05,2,high,2_high,test,189,152.3015873015873,0.5562024693980756,0.9549314982295074,0.15134644508361816,0.08367259800434113,0.2386474609375,0.010061728395061729,0.3738003075122833,0.1476815938949585,2.5140994101554233,0.009573878720402718,0.001236005686223507,0.1623895913362503,0.11278706789016724,0.33251953125,0.008261316872427983,0.2892848551273346,0.23153384029865265,1.2440548642545717,0.008417152799665928,0.00026326082297600806,0.11137884110212326,0.10410523414611816,0.27099609375,0.0052640603566529495,0.22457148134708405,0.15792953968048096,1.4130254312607498,0.006373168900609016,0.00020493821648415178,0.13053256273269653,0.0830201804637909,0.27490234375,0.00011659807956104253,0.20883557200431824,0.170563742518425,1.2172477059474875,0.005125960800796747,0.0001328069338342175,0.09036409109830856,0.0959009975194931,0.2344970703125,0.0037242798353909466,0.1646873652935028,0.12865382432937622,1.2702083115969367,0.005137603729963303,0.00019205732678528875
H05_s24,H05,2,high,2_high,test,200,151.825,0.5191121645393516,0.9555453050610332,0.15440329909324646,0.08645141124725342,0.251708984375,0.010648148148148148,0.3766469657421112,0.14889773726463318,2.512692803875814,0.01033793855458498,0.001303390716202557,0.1764749437570572,0.10801269859075546,0.318359375,0.00953360768175583,0.2892790138721466,0.23595918715000153,1.2207967850979553,0.00898223277181387,0.0002991122892126441,0.11966036260128021,0.10136964172124863,0.2496337890625,0.006011659807956104,0.22282648086547852,0.16008776426315308,1.3832613661548436,0.006995763164013624,0.00023994053481146693,0.14076197147369385,0.07831525057554245,0.26171875,0.0001440329218106996,0.20870152115821838,0.17473769187927246,1.1875740424631915,0.005550165195018053,0.00015610699483659118,0.09659682959318161,0.09324397891759872,0.209716796875,0.0033436213991769547,0.1603824347257614,0.12976501882076263,1.22649341675693,0.005601583980023861,0.0002316371537744999
H05_s25,H05,2,high,2_high,test,273,150.43956043956044,0.5489518757285267,0.9534280032215771,0.16552960872650146,0.09262876212596893,0.292724609375,0.015027434842249656,0.36484453082084656,0.15119685232639313,2.3971884125331364,0.01261442992836237,0.0016162730753421783,0.20443090796470642,0.10341761261224747,0.344970703125,0.007462277091906722,0.3003920912742615,0.24823005497455597,1.2052803635778544,0.009792698547244072,0.00036867090966552496,0.14174501597881317,0.09653160721063614,0.281494140625,0.0038305898491083675,0.2363033890724182,0.1712152063846588,1.3721400916514448,0.008231382817029953,0.0002935572701971978,0.16513364017009735,0.0763307586312294,0.282470703125,3.429355281207133e-06,0.22820860147476196,0.19117116928100586,1.187527777078047,0.006628599017858505,0.00020241148013155907,0.11365896463394165,0.08806915581226349,0.2396240234375,0.003017832647462277,0.16863884031772614,0.1390122026205063,1.2044581626560824,0.0069630383513867855,0.0002997087431140244
H05_s26,H05,2,high,2_high,test,250,153.192,0.5214470492674308,0.9552976261493844,0.16321195662021637,0.09893222153186798,0.30419921875,0.019708504801097395,0.39060530066490173,0.14778415858745575,2.625315116698414,0.012913692742586136,0.0018536638235673308,0.176567941904068,0.0995551198720932,0.266357421875,0.015236625514403293,0.27836936712265015,0.22743980586528778,1.218567692562329,0.008879313245415688,0.0003026548947673291,0.11612571030855179,0.09314040094614029,0.19886474311351776,0.01262002743484225,0.2153576761484146,0.14839699864387512,1.4415127352174801,0.006886000744998455,0.00022336408437695354,0.13827122747898102,0.07039015740156174,0.2125244140625,0.0008744855967078189,0.19874629378318787,0.16570591926574707,1.1921969817182376,0.005321516655385494,0.00014567369362339377,0.09101064503192902,0.0858442485332489,0.13782958686351776,0.01127914951989026,0.15147575736045837,0.11796597391366959,1.2732695944672403,0.005284195300191641,0.00019997949129901826
H05_s27,H05,2,high,2_high,test,193,155.56476683937825,0.5122187835089547,0.9556692244515415,0.14843682944774628,0.08443900942802429,0.2432861328125,0.00897119341563786,0.37236130237579346,0.1399812251329422,2.6412119913461165,0.010075637139379978,0.0013081067008897662,0.1489844024181366,0.08919890969991684,0.250244140625,0.002328532235939643,0.2588465213775635,0.20831908285617828,1.2366121513890598,0.008651990443468094,0.0003001973091159016,0.09331780672073364,0.07192622870206833,0.17530517280101776,0.0004595336076817558,0.18671314418315887,0.1272916942834854,1.4553798297384701,0.006267856806516647,0.0002219814487034455,0.11777560412883759,0.060526471585035324,0.184326171875,0.000257201646090535,0.17976050078868866,0.15004868805408478,1.190083165266045,0.005158072803169489,0.00015372218331322074,0.07178512960672379,0.06187886744737625,0.12060546875,0.0002880658436213992,0.12652842700481415,0.09643644839525223,1.2985738816294896,0.00491436617448926,0.0002109272900270298
H05_s28,H05,2,high,2_high,test,180,154.12777777777777,0.5028289925924353,0.9554996990898249,0.14758919179439545,0.08290072530508041,0.2303466796875,0.009255829903978052,0.3770322799682617,0.14281994104385376,2.621557742492027,0.00955684669315815,0.0012190123088657856,0.14806953072547913,0.09138563275337219,0.250732421875,0.001546639231824417,0.2578798234462738,0.21297118067741394,1.2052082090207146,0.008360801264643669,0.00025882228510454297,0.0937487781047821,0.07539699971675873,0.1763916015625,0.0009224965706447188,0.18795309960842133,0.13167913258075714,1.4165987970566574,0.006007020827382803,0.0001806517830118537,0.11741126328706741,0.06268923729658127,0.1861572265625,9.602194787379972e-05,0.17872285842895508,0.1526189148426056,1.1634170089801144,0.005059946794062853,0.00013304395542945713,0.07267911732196808,0.06528767198324203,0.1236572265625,0.000720164609053498,0.1275644153356552,0.10100624710321426,1.250554931273769,0.004734710790216923,0.00017030311573762447
H05_s29,H05,2,high,2_high,test,236,171.96186440677965,0.5554652012979223,0.9489778137336632,0.17164504528045654,0.08853675425052643,0.2666015625,0.012482853223593965,0.3453693389892578,0.17093391716480255,2.0087330335073648,0.010526922531425953,0.001383863971568644,0.25328144431114197,0.17250892519950867,0.490966796875,0.08790466392318244,0.4368853271007538,0.33393344283103943,1.3043944594124781,0.01005815714597702,0.0004205596342217177,0.21237434446811676,0.17959097027778625,0.478271484375,0.07328532235939643,0.3980253338813782,0.286397784948349,1.3849283283547613,0.009296245872974396,0.00046923538320697844,0.20255088806152344,0.13193508982658386,0.38720703125,0.0022016460905349795,0.33675381541252136,0.25804030895233154,1.3000054577393614,0.006747214589267969,0.00022713704674970359,0.1930595487356186,0.1780218482017517,0.462646484375,0.06174897119341564,0.35726436972618103,0.2654254734516144,1.3409542454695644,0.008672173134982586,0.0005083685391582549
H05_s30,H05,2,high,2_high,test,246,160.0691056910569,0.5235183349526171,0.9505877293474867,0.16388757526874542,0.09140431135892868,0.27099609375,0.013525377229080933,0.35741767287254333,0.15986056625843048,2.2219098265409194,0.010863987728953362,0.0015012311050668359,0.20095491409301758,0.1524147093296051,0.461181640625,0.061364883401920436,0.3695969879627228,0.2806749641895294,1.3121400016013978,0.00899134948849678,0.0003187368856742978,0.15334728360176086,0.15654371678829193,0.44384765625,0.04858710562414266,0.31765905022621155,0.22053518891334534,1.433898839206378,0.00714731914922595,0.00026745753712020814,0.1587655395269394,0.11546231806278229,0.365478515625,0.0016803840877914953,0.2755449712276459,0.21051740646362305,1.3027058899525337,0.005602873861789703,0.0001638915273360908,0.133643239736557,0.15560835599899292,0.429931640625,0.04561042524005487,0.2728249430656433,0.19669845700263977,1.380005424432829,0.0063348254188895226,0.00030216146842576563
H05_s31,H05,2,high,2_high,test,200,556.845,0.5520209488399501,0.9501457831344269,0.20292609930038452,0.10274443030357361,0.33203125,0.01667695473251029,0.30757948756217957,0.15904493629932404,1.9218320471378678,0.01255978923290968,0.001622650190256536,0.3307872712612152,0.20573657751083374,0.61962890625,0.29074074074074074,0.5277938842773438,0.29554635286331177,1.7798023114471477,0.010341211222112179,0.00046340603148564696,0.2902156412601471,0.224212184548378,0.6103515625,0.27015775034293554,0.5046743750572205,0.2363865226507187,2.1259605196701865,0.009952694177627563,0.000509103003423661,0.2581423223018646,0.15303444862365723,0.4697265625,0.03368312757201646,0.4015902280807495,0.2267594039440155,1.7632212814337298,0.006958360318094492,0.0002442180411890149,0.2730123996734619,0.22961850464344025,0.60888671875,0.2668895747599451,0.48770904541015625,0.2125677466392517,2.283626872900292,0.008951783180236816,0.0005320179625414312
H05_s32,H05,2,high,2_high,test,272,163.97058823529412,0.5283695020812444,0.952947011559893,0.17112845182418823,0.0981123298406601,0.303955078125,0.018329903978052127,0.36825183033943176,0.15417544543743134,2.3731320976804637,0.013267861679196358,0.0017943441634997725,0.219817653298378,0.12361162155866623,0.4013671875,0.04872770919067215,0.3313811123371124,0.2605246305465698,1.2671124384901988,0.009551788680255413,0.00036721062497235835,0.15998946130275726,0.1277441829442978,0.366943359375,0.04055898491083676,0.27702024579048157,0.18863704800605774,1.4607918057321398,0.008169957436621189,0.0003014376270584762,0.17588886618614197,0.09194206446409225,0.322998046875,0.0011796982167352537,0.25046077370643616,0.19991585612297058,1.246595358572106,0.006367087829858065,0.00019191497995052487,0.1330137699842453,0.12763018906116486,0.33642578125,0.04027091906721536,0.21714988350868225,0.1589323729276657,1.3577606555421704,0.0068742865696549416,0.00030874929507263005
H05_s33,H05,2,high,2_high,test,171,774.9707602339181,0.5424203510009159,0.9486912892944361,0.21237266063690186,0.10265163332223892,0.338623046875,0.01577846364883402,0.3022717237472534,0.16050371527671814,1.8716084842342195,0.011851093731820583,0.0014023252297192812,0.3639495074748993,0.21505288779735565,0.638671875,0.36554869684499314,0.5516148209571838,0.2995252013206482,1.8355027083689837,0.010157033801078796,0.0004306596238166094,0.3310573399066925,0.2374371588230133,0.63818359375,0.35335048010973935,0.5388750433921814,0.2432190179824829,2.20652366815607,0.009696537628769875,0.000445035781012848,0.2808630168437958,0.15886642038822174,0.480224609375,0.052986968449931414,0.41724056005477905,0.23029322922229767,1.8039462783139493,0.00695955753326416,0.000232717051403597,0.3123071491718292,0.23991018533706665,0.6240234375,0.341159122085048,0.5199886560440063,0.21731679141521454,2.3818078887713456,0.008769039064645767,0.0004729442880488932
H05_s34,H05,2,high,2_high,test,156,186.14743589743588,0.5477465073718436,0.9532099300873573,0.14403457939624786,0.07989074289798737,0.2269287109375,0.008638545953360768,0.35641005635261536,0.14205177128314972,2.491476010088366,0.008266455493867397,0.0010147909633815289,0.1424788236618042,0.10708335787057877,0.252685546875,0.01848079561042524,0.30981019139289856,0.21978852152824402,1.4031988132737534,0.007915334776043892,0.00023787944519426674,0.09306372702121735,0.09488633275032043,0.1767578125,0.0146159122085048,0.24717065691947937,0.14170445501804352,1.7320458347864975,0.005661244969815016,0.00018184220243711025,0.1148637905716896,0.07431448251008987,0.18798828125,0.0005486968449931413,0.22341395914554596,0.1601742058992386,1.3861644789813194,0.004773315973579884,0.00012281227100174874,0.07476883381605148,0.08938540518283844,0.12164306640625,0.015541838134430727,0.19645367562770844,0.11177479475736618,1.7419998506791923,0.004463532939553261,0.0001762098545441404
H05_s35,H05,2,high,2_high,test,138,997.5507246376811,0.5896184742545877,0.9435280261165094,0.20270290970802307,0.09607648849487305,0.312255859375,0.014746227709190672,0.27951616048812866,0.15957655012607574,1.740703485463277,0.011164829134941101,0.0013483593938872218,0.34986361861228943,0.20750945806503296,0.6015625,0.3203943758573388,0.525755763053894,0.3068127930164337,1.7080374012454533,0.010612430050969124,0.00046546736848540604,0.320281058549881,0.22186042368412018,0.59619140625,0.30149862825788754,0.5109487771987915,0.2553477883338928,1.9931858219634064,0.010401619598269463,0.0005055825458839536,0.274743914604187,0.15288878977298737,0.4560546875,0.02742798353909465,0.4030730426311493,0.2397240698337555,1.6744193586852878,0.007428288459777832,0.0002523977600503713,0.30440372228622437,0.22427237033843994,0.59130859375,0.2922633744855967,0.4962038993835449,0.22950398921966553,2.1526911575949903,0.00969671830534935,0.0005307006649672985
H05_s36,H05,2,high,2_high,test,136,174.98529411764707,0.4991188545236277,0.9544156970331011,0.13839444518089294,0.07599500566720963,0.20179443061351776,0.0056550068587105625,0.3683066666126251,0.13754311203956604,2.6584264002056033,0.007711328100413084,0.0008644560584798455,0.1254539042711258,0.08730646967887878,0.23486328125,0.004766803840877915,0.2745327353477478,0.19359488785266876,1.410791097223486,0.008363579399883747,0.000291381380520761,0.07665182650089264,0.06235982105135918,0.1519775390625,0.00012002743484224966,0.19151663780212402,0.11286219209432602,1.682003782638115,0.00568506820127368,0.00019631366012617946,0.10227636992931366,0.05845484510064125,0.1636962890625,0.0006035665294924555,0.19419904053211212,0.13824810087680817,1.394626133565144,0.005029608961194754,0.00014188562636263669,0.05938703566789627,0.053542643785476685,0.1064453125,5.486968449931413e-05,0.1412753164768219,0.08393987268209457,1.6632390892034254,0.004369610454887152,0.00017693921108730137
H05_s37,H05,2,high,2_high,test,175,386.76,0.5771674314741987,0.9449706948471643,0.16754691302776337,0.08647505939006805,0.2734375,0.009869684499314128,0.2939656972885132,0.1530725359916687,1.9079694859076575,0.00907423347234726,0.001082917326129973,0.23652978241443634,0.177192822098732,0.513671875,0.11497256515775034,0.45890796184539795,0.2813512086868286,1.6253090042706289,0.008870607241988182,0.00029562984127551317,0.19403982162475586,0.1844702959060669,0.50244140625,0.10219478737997256,0.4275710880756378,0.221160888671875,1.9246010881201845,0.0074483840726315975,0.00026476490893401206,0.18831577897071838,0.1325547844171524,0.398681640625,0.004598765432098765,0.351052463054657,0.21423575282096863,1.6310137068475774,0.005810157395899296,0.00015913270181044936,0.17611172795295715,0.18397639691829681,0.495849609375,0.09635802469135803,0.40321892499923706,0.19459150731563568,2.0615359558968107,0.0066143968142569065,0.00028276938246563077
H05_s38,H05,2,high,2_high,test,187,158.94652406417111,0.5111899220802749,0.9539726579665666,0.14939358830451965,0.08593320101499557,0.2420654296875,0.011406035665294925,0.3743123412132263,0.1459512561559677,2.547187080972941,0.009520327672362328,0.001246568514034152,0.15412698686122894,0.10726360976696014,0.261474609375,0.01492798353909465,0.29219838976860046,0.22704552114009857,1.281316064914469,0.008241060189902782,0.00022990144498180598,0.10143920034170151,0.0977555364370346,0.1890869140625,0.012037037037037037,0.22778449952602386,0.15048564970493317,1.5036704794791265,0.005996911786496639,0.00017050301539711654,0.12229402363300323,0.07519587874412537,0.197998046875,0.0004149519890260631,0.20819701254367828,0.16518288850784302,1.2528185928953353,0.0048787896521389484,0.0001138155348598957,0.08106781542301178,0.09102676063776016,0.1318359375,0.010747599451303155,0.16988767683506012,0.12120208144187927,1.390219174915287,0.004628501832485199,0.00016313388186972588
H05_s39,H05,2,high,2_high,test,235,167.56170212765957,0.5263638104863624,0.9493499954918381,0.1661486029624939,0.08799583464860916,0.263671875,0.011663237311385459,0.3484112322330475,0.1608888804912567,2.152162836482549,0.010502711869776249,0.001379439258016646,0.22251950204372406,0.150614932179451,0.458984375,0.05838134430727023,0.37708932161331177,0.28725770115852356,1.3081673797361495,0.00866053719073534,0.00028273448697291315,0.17345839738845825,0.15871506929397583,0.447021484375,0.050133744855967076,0.32768377661705017,0.22829610109329224,1.4290856890049237,0.007151926402002573,0.00023841255460865796,0.17541874945163727,0.11424950510263443,0.36181640625,0.0013031550068587105,0.2816354036331177,0.21660465002059937,1.2942526899423192,0.0055295624770224094,0.00014949988690204918,0.15132418274879456,0.1558970808982849,0.424560546875,0.04236625514403292,0.28256312012672424,0.2009892761707306,1.3989015926166741,0.006263792049139738,0.00026917754439637065
H05_s40,H05,2,high,2_high,test,208,193.68269230769232,0.5308467663998945,0.9489642982251467,0.1580536663532257,0.09044019132852554,0.2793212831020355,0.012091906721536351,0.35635799169540405,0.14610396325588226,2.4224907596509255,0.010654612444341183,0.0013634454226121306,0.17632779479026794,0.11923485994338989,0.296142578125,0.03493141289437586,0.3281978666782379,0.2310604304075241,1.4142775918405637,0.008551624603569508,0.00027065229369327426,0.12001004815101624,0.112712562084198,0.2249755859375,0.024183813443072702,0.2661757469177246,0.15301676094532013,1.7282258455767927,0.006429864559322596,0.00019851195975206792,0.13986888527870178,0.08723965287208557,0.243408203125,0.0018655692729766804,0.24197202920913696,0.17031653225421906,1.4124266118699578,0.005209690425544977,0.0001396459701936692,0.09846203774213791,0.11106358468532562,0.177001953125,0.028209876543209878,0.21809819340705872,0.12404137849807739,1.7442081655426738,0.005074438638985157,0.00018420950800646096
H05_s41,H05,2,high,2_high,test,140,543.0285714285715,0.5207875655847688,0.9541468950369479,0.17030857503414154,0.09620282799005508,0.307861328125,0.010476680384087791,0.3114487826824188,0.14011402428150177,2.207071793666122,0.009603316895663738,0.0011485141003504395,0.22519949078559875,0.1986161768436432,0.5947265625,0.17070987654320988,0.4932289719581604,0.22827963531017303,2.1512114291830264,0.008679809048771858,0.00030163361225277185,0.18414537608623505,0.20591428875923157,0.5869140625,0.16498971193415637,0.464524507522583,0.15508274734020233,2.976142561804684,0.006895088590681553,0.00024173851124942303,0.17971058189868927,0.14657992124557495,0.45703125,0.02039437585733882,0.3746407628059387,0.1707833707332611,2.1808907416752645,0.005417081993073225,0.00014534009096678346,0.1683553159236908,0.2093350887298584,0.5947265625,0.16671124828532236,0.44509756565093994,0.12760739028453827,3.460901933132932,0.0055635548196733,0.0002229013480246067
H05_s42,H05,2,high,2_high,test,132,408.04545454545456,0.5342919541039518,0.9524744535279643,0.15359969437122345,0.08533773571252823,0.27587890625,0.006601508916323731,0.30989086627960205,0.13508744537830353,2.277145150444628,0.008425788953900337,0.0009535181452520192,0.17045168578624725,0.15593931078910828,0.45849609375,0.08456104252400548,0.42061156034469604,0.20468030869960785,2.044977290261613,0.008249852806329727,0.0002783600939437747,0.1261238157749176,0.15387941896915436,0.434814453125,0.07193072702331961,0.3760088384151459,0.12887535989284515,2.8951514646456062,0.0061341822147369385,0.0002169655926991254,0.1373225897550583,0.114410400390625,0.356201171875,0.004471879286694101,0.3179616630077362,0.14807753264904022,2.1328610512778248,0.005108613520860672,0.00014072250633034855,0.1102038025856018,0.1554052233695984,0.425048828125,0.07589163237311386,0.35091152787208557,0.10141688585281372,3.4263053885117216,0.00504702515900135,0.00021077740530017763
H05_s43,H05,2,high,2_high,test,201,253.61691542288557,0.534983485865122,0.9530363986074968,0.1585330069065094,0.08352532982826233,0.263427734375,0.007849794238683127,0.3103805482387543,0.14565755426883698,2.116362500289605,0.00979828741401434,0.0011240568710491061,0.19746734201908112,0.14091536402702332,0.415771484375,0.05126886145404664,0.38379907608032227,0.24203789234161377,1.5791738168172342,0.009732786566019058,0.00038581498665735126,0.14579147100448608,0.13874992728233337,0.37646484375,0.03799039780521262,0.330760657787323,0.17193280160427094,1.9126542490430236,0.007988371886312962,0.00032536406069993973,0.16098634898662567,0.10448764264583588,0.33251953125,0.0016083676268861455,0.29215294122695923,0.18465247750282288,1.5736549555204131,0.006351781543344259,0.00020717622828669846,0.12370705604553223,0.13717569410800934,0.349365234375,0.03805555555555556,0.2924371063709259,0.14329710602760315,2.026631818346963,0.006970513612031937,0.0003379396803211421
H05_s44,H05,2,high,2_high,test,144,547.8333333333334,0.5531260420410534,0.952542456002252,0.17546197772026062,0.10029109567403793,0.327880859375,0.009417009602194788,0.3209395408630371,0.14376413822174072,2.2169823604478744,0.009400060400366783,0.001055813510902226,0.23994919657707214,0.20933520793914795,0.619140625,0.1882750342935528,0.5188755393028259,0.24012961983680725,2.15185318026874,0.008642963133752346,0.0003028204955626279,0.1992027312517166,0.2187916487455368,0.61376953125,0.17860768175582992,0.4932915270328522,0.16679160296916962,2.939905920819474,0.007281028665602207,0.00028865583590231836,0.19051700830459595,0.15515291690826416,0.476318359375,0.04773319615912208,0.3949553668498993,0.17962954938411713,2.1865490347318994,0.005501606501638889,0.0001514856267021969,0.18123401701450348,0.21799032390117645,0.60498046875,0.18007201646090534,0.4679933786392212,0.13875839114189148,3.348588766767392,0.006135933101177216,0.00029369292315095663
H05_s45,H05,2,high,2_high,test,151,208.7814569536424,0.5373328149662949,0.9510710843175006,0.14444300532341003,0.07915134727954865,0.23388671875,0.006419753086419753,0.3451012670993805,0.14059481024742126,2.4372451680704557,0.008253546431660652,0.0009527822257950902,0.14417949318885803,0.10963623970746994,0.253173828125,0.018813443072702333,0.31247565150260925,0.21708670258522034,1.4328046955568285,0.007870510220527649,0.00021230011770967394,0.0944942831993103,0.0961090624332428,0.177001953125,0.013641975308641975,0.24787916243076324,0.13680903613567352,1.7987148693698523,0.005611499771475792,0.00015837060345802456,0.11588593572378159,0.07656402885913849,0.186279296875,0.0007853223593964335,0.22649705410003662,0.15661737322807312,1.4370056387901748,0.004818457644432783,0.0001098543216357939,0.0762845054268837,0.09280131757259369,0.12261962890625,0.01638545953360768,0.20234479010105133,0.10796964168548584,1.856891396275946,0.004446580074727535,0.00014814561291132122
H05_s46,H05,2,high,2_high,test,187,156.88770053475935,0.5497183264582838,0.9536442384794184,0.150838240981102,0.08118859678506851,0.233642578125,0.008834019204389575,0.35512110590934753,0.15255241096019745,2.312702898565357,0.008941596373915672,0.0011086337035521865,0.17753541469573975,0.13658523559570312,0.4052734375,0.029283264746227708,0.3412960171699524,0.2617068588733673,1.2991515281847568,0.008795369416475296,0.00031887562363408506,0.12996608018875122,0.13378646969795227,0.3720703125,0.020099451303155005,0.281635582447052,0.19635950028896332,1.4270181168613425,0.007011382840573788,0.000311882293317467,0.14190401136875153,0.10313324630260468,0.32666015625,0.0008230452674897119,0.2518301010131836,0.19585521519184113,1.2792655798718253,0.005400664173066616,0.0001612778432900086,0.11153673380613327,0.13155990839004517,0.35205078125,0.018930041152263374,0.23411396145820618,0.17209245264530182,1.3525370857038383,0.0060618119314312935,0.0003239563957322389
H05_s47,H05,2,high,2_high,test,179,152.31843575418995,0.5077304706603227,0.9556288518529608,0.14497308433055878,0.08073832839727402,0.223876953125,0.008470507544581618,0.3700424134731293,0.1404997706413269,2.6151449701717993,0.009196453727781773,0.0011664986377581954,0.14409665763378143,0.09594032168388367,0.26611328125,0.0016598079561042523,0.2653142809867859,0.20806370675563812,1.2690594895884806,0.008307231590151787,0.0002675032301340252,0.09317373484373093,0.07804995775222778,0.1959228515625,5.486968449931413e-05,0.1948852390050888,0.13076172769069672,1.4790731908325534,0.0060254549607634544,0.0002013244229601696,0.11618760228157043,0.06801479309797287,0.2069091796875,0.0002503429355281207,0.18803128600120544,0.1525343507528305,1.2246854536409921,0.005006701219826937,0.00013424009375739843,0.07263979315757751,0.06666513532400131,0.135498046875,6.858710562414266e-05,0.13332708179950714,0.10044819116592407,1.3142381373901817,0.004672427661716938,0.0001845590304583311
H05_s48,H05,2,high,2_high,test,189,341.58730158730157,0.5531092603989823,0.9505766990802029,0.17090651392936707,0.09252426773309708,0.294921875,0.01163923182441701,0.3147185146808624,0.15312084555625916,2.0420243189360123,0.010095048695802689,0.0012416098034009337,0.2396024614572525,0.1827622652053833,0.5380859375,0.12617283950617283,0.47212114930152893,0.2775050103664398,1.6951980457383544,0.00929078459739685,0.00037104374496266246,0.19636085629463196,0.18878528475761414,0.517578125,0.11159807956104252,0.4375684857368469,0.216783806681633,2.00918742492414,0.008062289096415043,0.0003638188645709306,0.19190238416194916,0.13716603815555573,0.42041015625,0.01331275720164609,0.36155807971954346,0.2142934501171112,1.6793733368240884,0.00610168045386672,0.00019209241145290434,0.17804186046123505,0.1905362606048584,0.5244140625,0.1125,0.41233548521995544,0.1917826533317566,2.138861967577414,0.007061823736876249,0.000373312970623374
H05_s49,H05,2,high,2_high,test,160,159.9625,0.49925005595051736,0.9566147868502675,0.14091797173023224,0.07553638517856598,0.208740234375,0.004739368998628258,0.3606688380241394,0.13739655911922455,2.606053505372441,0.008509384468197823,0.0009912410750985146,0.1362459361553192,0.0779893696308136,0.2386474609375,0.00026406035665294924,0.24932681024074554,0.19899113476276398,1.2466893121862885,0.008060899563133717,0.0002171267115045339,0.08293623477220535,0.05482088401913643,0.1585693359375,0.0,0.17490285634994507,0.11719484627246857,1.479784118054948,0.005516992416232824,0.00013904922525398433,0.10947103798389435,0.049225568771362305,0.1719970703125,6.858710562414266e-06,0.17040854692459106,0.14281807839870453,1.1848896106939366,0.004739469848573208,0.00010612771438900381,0.062380120158195496,0.0410582609474659,0.109375,3.429355281207133e-06,0.11579646915197372,0.08521617949008942,1.3430944149558908,0.004125847015529871,0.00011863523832289502
