field_id,well,compound,concentration,group,split,nuclei_count,nuclei_area_mean,nuclei_eccentricity_mean,nuclei_solidity_mean,DNA_mean,DNA_std,DNA_p90,DNA_frac_high,DNA_nuc_mean,DNA_cyto_mean,DNA_nuc_cyto_ratio,DNA_gradient_mean,DNA_texture_contrast,ER_mean,ER_std,ER_p90,ER_frac_high,ER_nuc_mean,ER_cyto_mean,ER_nuc_cyto_ratio,ER_gradient_mean,ER_texture_contrast,RNA_mean,RNA_std,RNA_p90,RNA_frac_high,RNA_nuc_mean,RNA_cyto_mean,RNA_nuc_cyto_ratio,RNA_gradient_mean,RNA_texture_contrast,AGP_mean,AGP_std,AGP_p90,AGP_frac_high,AGP_nuc_mean,AGP_cyto_mean,AGP_nuc_cyto_ratio,AGP_gradient_mean,AGP_texture_contrast,Mito_mean,Mito_std,Mito_p90,Mito_frac_high,Mito_nuc_mean,Mito_cyto_mean,Mito_nuc_cyto_ratio,Mito_gradient_mean,Mito_texture_contrast
A01_s01,A01,1,low,1_low,test,377,145.14058355437666,0.5716297641361437,0.948197480048436,0.18114754557609558,0.16632570326328278,0.41335228085517883,0.06035665294924554,0.46554121375083923,0.14013852179050446,3.298470239342977,0.02492532692849636,0.006770358420908451,0.22554941475391388,0.14547404646873474,0.41786596179008484,0.05251714677640604,0.3485066294670105,0.2544856071472168,1.3640949615850289,0.015371385030448437,0.0014397538034245372,0.1990598738193512,0.15265902876853943,0.40128791332244873,0.05382716049382716,0.3378913700580597,0.21958062052726746,1.5318270900243962,0.015384308993816376,0.0015854279045015574,0.24023528397083282,0.16150976717472076,0.42827779054641724,0.05867283950617284,0.3456557095050812,0.2656095623970032,1.2964865415831257,0.019217828288674355,0.003116520820185542,0.12066533416509628,0.10209010541439056,0.2539426386356354,0.007863511659807957,0.18374739587306976,0.13812467455863953,1.3207390885620527,0.00893315952271223,0.000730851199477911
A01_s02,A01,1,low,1_low,test,152,176.98026315789474,0.554596745582887,0.9560160987211109,0.10824928432703018,0.09391569346189499,0.19081439077854156,0.010696159122085047,0.3521121144294739,0.11526275426149368,3.0285891355843586,0.009245097637176514,0.0013942380901426077,0.12327206134796143,0.11288391798734665,0.2775839567184448,0.007928669410150892,0.28512948751449585,0.20530173182487488,1.382099340574301,0.010476459749042988,0.0006716650095768273,0.0742841437458992,0.07516069710254669,0.1713268905878067,0.0030315500685871057,0.20724597573280334,0.1169615313410759,1.7568945856897105,0.0070369248278439045,0.0003690216690301895,0.10559210926294327,0.1038011834025383,0.21266207098960876,0.008593964334705075,0.2252386510372162,0.1595955789089203,1.4025208699235574,0.008895882405340672,0.001119918772019446,0.03714911639690399,0.038594186305999756,0.0786738321185112,0.00016117969821673525,0.08720893412828445,0.059463776648044586,1.4423335584199704,0.0032607479952275753,0.00011789309792220592
A01_s03,A01,1,low,1_low,test,171,173.35672514619884,0.571115584503946,0.9554851539049815,0.1156877875328064,0.09411784261465073,0.21022726595401764,0.009979423868312758,0.34663519263267517,0.11629919707775116,2.955136959743295,0.009771434590220451,0.0014221436576917768,0.153764009475708,0.1393774449825287,0.318869024515152,0.022863511659807958,0.3003788888454437,0.23864805698394775,1.2534167504874194,0.01212000660598278,0.0013038786128163338,0.09275837987661362,0.10367082059383392,0.19420437514781952,0.014451303155006858,0.22535622119903564,0.1414104402065277,1.582441714752216,0.007775805424898863,0.0005025882855989039,0.11600099503993988,0.10505988448858261,0.21677148342132568,0.012592592592592593,0.22207202017307281,0.15924072265625,1.385865069077752,0.008813902735710144,0.0011777040781453252,0.04736655578017235,0.052539367228746414,0.09229390323162079,0.00014060356652949245,0.0951492041349411,0.07294648140668869,1.2867306506666936,0.0033311331644654274,9.613432484911755e-05
A01_s04,A01,1,low,1_low,test,276,142.93115942028984,0.5187705095456291,0.9500036693405598,0.17582811415195465,0.16957508027553558,0.3806818127632141,0.0636522633744856,0.5274200439453125,0.1727699339389801,3.0351628270199944,0.02040380984544754,0.005642623174935579,0.33508092164993286,0.28198671340942383,0.731065571308136,0.24915980795610426,0.6680384874343872,0.47926512360572815,1.3909785545510711,0.023153750225901604,0.0038478225469589233,0.29965144395828247,0.2886621057987213,0.7204710841178894,0.22742798353909466,0.6523637175559998,0.43710511922836304,1.4890575090859737,0.022824274376034737,0.004528306424617767,0.28937599062919617,0.2508459687232971,0.6410682797431946,0.18364197530864199,0.58331298828125,0.38910436630249023,1.495274184726618,0.022379999980330467,0.0042419517412781715,0.19143009185791016,0.1848766952753067,0.44802868366241455,0.06943415637860083,0.3740205764770508,0.28542667627334595,1.3058161388575107,0.013368917629122734,0.0017484099371358752
A01_s05,A01,1,low,1_low,test,175,163.06857142857143,0.5707415344720375,0.9543365851951716,0.12147551774978638,0.10471273213624954,0.22206439077854156,0.01625514403292181,0.38241860270500183,0.12760920822620392,2.9734931734622454,0.010552916675806046,0.0017637291457504034,0.15942956507205963,0.15135449171066284,0.3758540451526642,0.03576474622770919,0.35685357451438904,0.2685820758342743,1.32372886220286,0.01156443078070879,0.0008997580735012889,0.11728718876838684,0.14048656821250916,0.333418071269989,0.02855281207133059,0.3064822852611542,0.19918610155582428,1.5309868311496537,0.0089586041867733,0.0006455819820985198,0.13578706979751587,0.13289006054401398,0.31783732771873474,0.029080932784636488,0.28996336460113525,0.20509526133537292,1.4069385328044304,0.010633782483637333,0.0010389753151685,0.07319270819425583,0.0988130047917366,0.22293907403945923,0.003892318244170096,0.1683608740568161,0.1278139352798462,1.30700823393878,0.005085893906652927,0.00038427996332757175
A01_s06,A01,1,low,1_low,test,150,152.4,0.5238604095885158,0.9539797827441953,0.11284628510475159,0.08996740728616714,0.17045454680919647,0.010192043895747599,0.3709764778614044,0.11672183871269226,3.15129700587498,0.009057729505002499,0.0014609029749408364,0.14550432562828064,0.13338704407215118,0.33296990394592285,0.017602880658436213,0.3115021586418152,0.2663968503475189,1.1649432603150536,0.011674643494188786,0.001057783025316894,0.09846489131450653,0.11038575321435928,0.2582613229751587,0.007784636488340192,0.25387629866600037,0.18219643831253052,1.3858145988236463,0.008390438742935658,0.0006149273249320686,0.12314041703939438,0.1338261216878891,0.2926671802997589,0.019979423868312758,0.2774506211280823,0.2015242576599121,1.3699624150406216,0.010536893270909786,0.0014324908843263984,0.06303711235523224,0.08185404539108276,0.1829749047756195,0.002290809327846365,0.13734565675258636,0.1204773336648941,1.1306278513773311,0.0047290027141571045,0.0002974864619318396
A01_s07,A01,1,low,1_low,test,155,391.5870967741935,0.5462342893209109,0.945054621692676,0.17697475850582123,0.17306987941265106,0.39299243688583374,0.05399519890260631,0.450543612241745,0.16962885856628418,2.640488930345404,0.015281294472515583,0.003999555949121714,0.26163777709007263,0.291608601808548,0.6760430335998535,0.19346707818930042,0.6137121915817261,0.40704789757728577,1.504019982030386,0.018648261204361916,0.003807804547250271,0.2212340384721756,0.28749653697013855,0.6558210253715515,0.17111796982167352,0.6022976636886597,0.3340872526168823,1.7974353216512504,0.01652459241449833,0.003267988096922636,0.20245994627475739,0.22398613393306732,0.550147533416748,0.12462962962962963,0.4912865459918976,0.28582659363746643,1.712834712296091,0.015344737097620964,0.0022285240702331066,0.13310599327087402,0.17745529115200043,0.4025089740753174,0.04991426611796982,0.3661206364631653,0.19686220586299896,1.8503818597709838,0.009531070478260517,0.0011756401509046555
A01_s08,A01,1,low,1_low,test,123,164.869918699187,0.5638663259687697,0.9551370660750412,0.10821501910686493,0.09498147666454315,0.15293560922145844,0.012585733882030178,0.3941771686077118,0.11648227274417877,3.3552055080347705,0.008343544788658619,0.0015547643415629864,0.12628225982189178,0.11501601338386536,0.28412559628486633,0.008713991769547326,0.30008766055107117,0.24580340087413788,1.215897590909238,0.010588244535028934,0.0006743214908055961,0.07332676649093628,0.0780152678489685,0.1738688349723816,0.0023559670781893006,0.21572813391685486,0.13778334856033325,1.5544237558374765,0.006452210713177919,0.0003631190047599375,0.09490902721881866,0.09094782173633575,0.17465001344680786,0.00460562414266118,0.20468109846115112,0.15177200734615326,1.3397814299669535,0.007812930271029472,0.0010757031850516796,0.03898649662733078,0.0415046364068985,0.08476702868938446,0.00027434842249657066,0.0898471400141716,0.07289741933345795,1.2158359632119415,0.003176427446305752,0.0001461101055610925
A01_s09,A01,1,low,1_low,test,149,162.08724832214764,0.5576612395460911,0.9566148358657894,0.11493197828531265,0.09404514729976654,0.18418560922145844,0.010449245541838134,0.36526793241500854,0.11863141506910324,3.0532777047234387,0.009128732606768608,0.0017934908391907811,0.1512339562177658,0.13194504380226135,0.3333333432674408,0.00881687242798354,0.31288260221481323,0.27202561497688293,1.1459825930299798,0.010809805244207382,0.00121702766045928,0.10013989359140396,0.09865027666091919,0.2503812909126282,0.001882716049382716,0.25127100944519043,0.1814315766096115,1.3773438464706667,0.0071663628332316875,0.00039795663906261325,0.1360883116722107,0.12844668328762054,0.30152812600135803,0.019465020576131687,0.2822263240814209,0.22160604596138,1.2678286560571874,0.009724430739879608,0.0011292981216683984,0.0557667575776577,0.058635421097278595,0.14157706499099731,0.0005864197530864197,0.11980921030044556,0.10309772193431854,1.150930184390013,0.0035500752273947,0.00011476460349513218
A01_s10,A01,1,low,1_low,test,258,140.92635658914728,0.5505340818578432,0.9487353294609995,0.1578262448310852,0.14566972851753235,0.32623106241226196,0.0447119341563786,0.4721696674823761,0.16055849194526672,2.9225926894783045,0.017047178000211716,0.004003914538770914,0.2532010078430176,0.198717400431633,0.5269734263420105,0.1201920438957476,0.4831281006336212,0.37234601378440857,1.2940491736778181,0.014926307834684849,0.0013756195548921824,0.21719273924827576,0.2019680291414261,0.5038976669311523,0.10252057613168725,0.4631322920322418,0.32639917731285095,1.4145798893981005,0.014354702085256577,0.0015882166335359216,0.2189248949289322,0.199026420712471,0.4561447501182556,0.07496913580246914,0.41673070192337036,0.3064015209674835,1.35565595320347,0.018113231286406517,0.003461462678387761,0.1344839483499527,0.13422571122646332,0.3100358545780182,0.010963648834019204,0.25452426075935364,0.2078804075717926,1.2185166800379454,0.008198505267500877,0.0008119445410557091
A01_s11,A01,1,low,1_low,test,237,141.63291139240508,0.5333124931523728,0.9512932868101234,0.14755681157112122,0.12891055643558502,0.28409090638160706,0.0342798353909465,0.4402614235877991,0.14973697066307068,2.9207262269578003,0.01518021710216999,0.003463825909420848,0.21899978816509247,0.18817690014839172,0.5016717314720154,0.10113168724279835,0.4475109279155731,0.3315750062465668,1.3455939848462164,0.01654929481446743,0.0018993362318724394,0.18086442351341248,0.19985362887382507,0.4953397810459137,0.09755486968449932,0.4273667633533478,0.28379130363464355,1.5006313672471303,0.015083962120115757,0.002212422899901867,0.1857319325208664,0.17837552726268768,0.4520353376865387,0.07733539094650206,0.38194540143013,0.2659129798412323,1.4309735017657155,0.015161236748099327,0.0022020002361387014,0.11870142817497253,0.14766722917556763,0.34354838728904724,0.022349108367626887,0.2569039762020111,0.1913653463125229,1.3355002921609211,0.009206339716911316,0.0012193357106298208
A01_s12,A01,1,low,1_low,test,223,150.2645739910314,0.5316519015718063,0.9529910742456781,0.15209980309009552,0.1449199914932251,0.313446968793869,0.040480109739369,0.4813316762447357,0.15055586397647858,3.175935682168248,0.016009580343961716,0.003963083494454622,0.21782530844211578,0.19947564601898193,0.5159252882003784,0.10823388203017832,0.4604150652885437,0.3343483507633209,1.3729456675142298,0.016167866066098213,0.0019605527631938457,0.18393202126026154,0.21544653177261353,0.5172852277755737,0.10744513031550068,0.44985461235046387,0.2909851670265198,1.5406762505494174,0.014633827842772007,0.0021776133216917515,0.17939043045043945,0.1589599847793579,0.4018234610557556,0.055462962962962964,0.3585319221019745,0.2510041296482086,1.4227224077735392,0.014398792758584023,0.0018412837525829673,0.11091732233762741,0.13774268329143524,0.3198924660682678,0.02143689986282579,0.24880920350551605,0.1785667985677719,1.3856080605658887,0.008119205012917519,0.0007533610332757235
A01_s13,A01,1,low,1_low,test,200,157.4,0.5375614746979024,0.9514057035345573,0.13287317752838135,0.12076601386070251,0.2642045319080353,0.026968449931412893,0.4220839738845825,0.1337841898202896,3.131554037957681,0.013027128763496876,0.0025223903357982635,0.18486450612545013,0.1882164031267166,0.3963512182235718,0.047736625514403296,0.3717837929725647,0.2853826582431793,1.2982063762285065,0.01417364738881588,0.002112423535436392,0.12885920703411102,0.15266035497188568,0.30003389716148376,0.03269890260631001,0.313738077878952,0.1970335990190506,1.5842669094185922,0.010950004681944847,0.0015468946658074856,0.14232027530670166,0.12186446785926819,0.28881460428237915,0.02255829903978052,0.28397873044013977,0.19899272918701172,1.4199452729833661,0.011692593805491924,0.0012743904953822494,0.07753204554319382,0.09756219387054443,0.21433691680431366,0.004886831275720165,0.16925381124019623,0.12486609816551208,1.3447132604176697,0.005556339863687754,0.0003315848298370838
A01_s14,A01,1,low,1_low,test,151,162.72847682119206,0.5812134596212793,0.9513997018765586,0.11769895255565643,0.10447270423173904,0.19886364042758942,0.016803840877914953,0.4044162631034851,0.11653728038072586,3.44074885681805,0.010250882245600224,0.0019365169573575258,0.1320609152317047,0.11481114476919174,0.2856519818305969,0.00992798353909465,0.2893056869506836,0.22449319064617157,1.2829907906382956,0.01178344339132309,0.0008492306806147099,0.08214975148439407,0.08573297411203384,0.17674970626831055,0.006680384087791496,0.24077557027339935,0.13039104640483856,1.8325112468586948,0.007656051777303219,0.0004445411032065749,0.11298169195652008,0.10327606648206711,0.21561571955680847,0.013155006858710563,0.24439041316509247,0.16726256906986237,1.4524348137322325,0.009543845430016518,0.0009224817040376365,0.05078979581594467,0.10272232443094254,0.08835125714540482,0.007750342935528121,0.1730387955904007,0.07473746687173843,2.2847185513009336,0.004839727655053139,0.0008423288236372173
A01_s15,A01,1,low,1_low,test,192,173.08333333333334,0.5568440810777283,0.9535928341427852,0.13069042563438416,0.1132587343454361,0.2618371248245239,0.02139917695473251,0.3956916630268097,0.13100077211856842,2.9976465794562435,0.011976148001849651,0.0020351915154606104,0.18166503310203552,0.1497640311717987,0.3996220529079437,0.03929012345679012,0.3602094352245331,0.2813228666782379,1.2758776483913439,0.01260498259216547,0.000870311981998384,0.12350190430879593,0.1345890909433365,0.32375869154930115,0.021738683127572017,0.3039005994796753,0.18810045719146729,1.607085482463805,0.009006454609334469,0.0006561482441611588,0.14356116950511932,0.13168643414974213,0.30332598090171814,0.020877914951989027,0.2853596806526184,0.2015935480594635,1.4085329142311191,0.010914850048720837,0.0014693902339786291,0.06789509952068329,0.10016481578350067,0.17275986075401306,0.006975308641975308,0.1658053696155548,0.1034039556980133,1.5881138651024302,0.005051061045378447,0.0006252252496778965
A01_s16,A01,1,low,1_low,test,161,179.12422360248448,0.5548190798215108,0.9561771437432771,0.11683590710163116,0.09898549318313599,0.21496212482452393,0.013213305898491083,0.3652288615703583,0.12054987996816635,3.0047653001879633,0.010032782331109047,0.0015256110345944762,0.14585888385772705,0.12140918523073196,0.3120366334915161,0.011498628257887517,0.29345765709877014,0.2402610182762146,1.21634924363453,0.011330620385706425,0.0007301481091417372,0.09037457406520844,0.09151489287614822,0.19700050354003906,0.005246913580246914,0.21947593986988068,0.1445033997297287,1.5083904587628558,0.0073293778114020824,0.00040027149952948093,0.11399487406015396,0.09436450153589249,0.21754200756549835,0.0068278463648834015,0.21349076926708221,0.1664421707391739,1.275011953826367,0.008738605305552483,0.0008887480362318456,0.05087236315011978,0.05630052462220192,0.10000000149011612,0.0005006858710562414,0.10447486490011215,0.08343683928251266,1.2373137813763413,0.0036293906159698963,0.00011042634287150577
A01_s17,A01,1,low,1_low,test,152,175.73026315789474,0.586117127875489,0.9557724206873777,0.11590344458818436,0.09296681731939316,0.19981060922145844,0.009598765432098765,0.3557378351688385,0.11882113665342331,2.968907198717306,0.009373403154313564,0.0014509059255942702,0.12273358553647995,0.09818162024021149,0.2530891001224518,0.004176954732510288,0.24780264496803284,0.19261296093463898,1.2798866551691626,0.010077434591948986,0.0006446929182857275,0.0758868083357811,0.06891950964927673,0.16005761921405792,0.001700960219478738,0.18716473877429962,0.11195864528417587,1.6569315106731288,0.0070050302892923355,0.0004013363504782319,0.09946144372224808,0.07241236418485641,0.18119938671588898,0.00303840877914952,0.178133025765419,0.1358310431241989,1.301846581727299,0.007871323265135288,0.000572339806240052,0.0419442355632782,0.035371921956539154,0.08064515888690948,1.7146776406035666e-05,0.0825284793972969,0.06142829731106758,1.3219722938473586,0.003421047469601035,0.0001065232208929956
A01_s18,A01,1,low,1_low,test,349,138.81661891117477,0.5326000226118566,0.9479736979305643,0.21333001554012299,0.18090492486953735,0.4526515007019043,0.0826954732510288,0.5419590473175049,0.1944713145494461,2.772575856292263,0.025538554415106773,0.007002408616244793,0.36211082339286804,0.24699364602565765,0.706279993057251,0.2847119341563786,0.617625892162323,0.4509061574935913,1.3667127166132536,0.022760292515158653,0.003355082357302308,0.3580761253833771,0.2771681249141693,0.7466530799865723,0.29185871056241425,0.6479066610336304,0.44989660382270813,1.4369295655382366,0.02558339573442936,0.004879399668425322,0.3021544814109802,0.20678424835205078,0.5778989195823669,0.16001714677640602,0.498773455619812,0.3573016822338104,1.3920488804580506,0.023464128375053406,0.004263820592314005,0.2371382862329483,0.19037200510501862,0.48046594858169556,0.08386145404663924,0.3917001783847809,0.30561837553977966,1.2774843572086012,0.01450672559440136,0.0018846293678507209
A01_s19,A01,1,low,1_low,test,286,154.43006993006992,0.5586298170544405,0.9528706278224055,0.15993647277355194,0.14349736273288727,0.3541666567325592,0.0419718792866941,0.4400652050971985,0.13964179158210754,3.128978948197526,0.018309926614165306,0.004014586564153433,0.18696802854537964,0.13213814795017242,0.35790085792541504,0.029931412894375856,0.31523269414901733,0.23584194481372833,1.330983388085847,0.012653972022235394,0.0011106481542810798,0.15351645648479462,0.1366375833749771,0.3311387896537781,0.035925925925925924,0.29518115520477295,0.19145284593105316,1.5337843084457297,0.011802569963037968,0.001025031553581357,0.18111926317214966,0.13342413306236267,0.3260561525821686,0.02489026063100137,0.2789250612258911,0.21688608825206757,1.2801416715655978,0.014431849122047424,0.0025245388969779015,0.09090057015419006,0.08944902569055557,0.21129032969474792,0.0033539094650205763,0.1540083885192871,0.11916477978229523,1.2816433300864611,0.006331737618893385,0.00037038064328953624
A01_s20,A01,1,low,1_low,test,282,160.83333333333334,0.5525585848249779,0.9462335885157601,0.19214004278182983,0.177480548620224,0.4105113744735718,0.0661556927297668,0.5238973498344421,0.1822977066040039,2.8581773309704808,0.02151753380894661,0.0056952605955302715,0.2932458519935608,0.24816739559173584,0.6328681707382202,0.1820164609053498,0.5612899661064148,0.3799206614494324,1.473508850821227,0.018901251256465912,0.002984148683026433,0.27641692757606506,0.2754833996295929,0.6761565804481506,0.19568930041152263,0.5882152915000916,0.3621635437011719,1.619698071853002,0.019466014578938484,0.003326533129438758,0.2674967050552368,0.2213287204504013,0.5813533663749695,0.14991426611796982,0.514876663684845,0.3334658145904541,1.5393999662276394,0.019578037783503532,0.0031065598595887423,0.1963202953338623,0.2154162973165512,0.519713282585144,0.11339849108367626,0.4019336998462677,0.26829230785369873,1.4925554430044488,0.01172713004052639,0.00147705536801368
A01_s21,A01,1,low,1_low,test,185,137.5837837837838,0.5513987574202132,0.9498470670810576,0.12633110582828522,0.10903095453977585,0.2192234843969345,0.02049039780521262,0.4168935716152191,0.12704899907112122,3.2557347159243886,0.011765740811824799,0.0023690620437264442,0.15968255698680878,0.13968268036842346,0.3536124527454376,0.030459533607681756,0.32459911704063416,0.2655876576900482,1.2176074460957744,0.011994235217571259,0.00107678328640759,0.11880381405353546,0.13405023515224457,0.30460938811302185,0.02744170096021948,0.29282495379447937,0.20508414506912231,1.4208999615000149,0.009726155549287796,0.0009848197223618627,0.13464002311229706,0.11788816750049591,0.289585143327713,0.01803497942386831,0.270123690366745,0.2003674954175949,1.3414463431973658,0.010356331244111061,0.0011250284733250737,0.06691329926252365,0.07929108291864395,0.17455197870731354,0.001803840877914952,0.13990992307662964,0.11615782231092453,1.194200441053978,0.005004396662116051,0.0004109915462322533
A01_s22,A01,1,low,1_low,test,134,179.53731343283582,0.5800587086720571,0.9546244813803103,0.11137715727090836,0.0883307158946991,0.17613635957241058,0.009101508916323732,0.3570960462093353,0.11585567146539688,3.055872613894295,0.008499952033162117,0.0011192690581083298,0.11762573570013046,0.10106571763753891,0.2596307694911957,0.00443758573388203,0.25214478373527527,0.20580601692199707,1.2192333061101361,0.009449317120015621,0.00041697698179632425,0.0726228877902031,0.06826970726251602,0.1640399992465973,0.0006035665294924555,0.19068185985088348,0.12075699865818024,1.5660854156417112,0.006263058166950941,0.00024291605222970247,0.09946811199188232,0.07982771843671799,0.18338251113891602,0.00465363511659808,0.18881700932979584,0.1464501917362213,1.2805477368763076,0.007963845506310463,0.0007372584077529609,0.03800787776708603,0.03380280360579491,0.07813619822263718,0.0,0.07843441516160965,0.06311053037643433,1.2234248367790836,0.0029514585621654987,6.741824472555891e-05
A01_s23,A01,1,low,1_low,test,192,149.453125,0.5270936511311728,0.9494315711295078,0.13739408552646637,0.12614817917346954,0.25757575035095215,0.0302400548696845,0.45222920179367065,0.14703908562660217,3.054795967426635,0.013022268190979958,0.0029225782491266727,0.18072745203971863,0.16904370486736298,0.42354267835617065,0.055452674897119344,0.411127507686615,0.3114989697933197,1.315612361725628,0.012947657145559788,0.0013121683150529861,0.14751575887203217,0.16899970173835754,0.4073038399219513,0.05538751714677641,0.3928736746311188,0.2630375921726227,1.4879459829881556,0.011623757891356945,0.0012076722923666239,0.159906804561615,0.16206254065036774,0.392192006111145,0.05122085048010974,0.3767140507698059,0.2634960114955902,1.4242711965283705,0.013069169595837593,0.0018303911201655865,0.09510491788387299,0.12440464645624161,0.28853046894073486,0.01015432098765432,0.23531591892242432,0.17881952226161957,1.3086227566552144,0.00619516521692276,0.0004842309863306582
A01_s24,A01,1,low,1_low,test,251,141.70916334661354,0.5568062485962728,0.949951447725318,0.1666087955236435,0.1554432213306427,0.3390151560306549,0.04947530864197531,0.5023267269134521,0.16642449796199799,3.0003179524388974,0.018078720197081566,0.004575829487293959,0.2411976009607315,0.21027986705303192,0.543756365776062,0.13135459533607682,0.48041635751724243,0.3492664396762848,1.371574045064785,0.016690600663423538,0.0022816327400505543,0.22185583412647247,0.22419212758541107,0.5610066056251526,0.13738683127572016,0.4824593663215637,0.32664838433265686,1.4724912112849897,0.016647398471832275,0.002525484887883067,0.1998189389705658,0.16354084014892578,0.4205726385116577,0.05621742112482853,0.3786856234073639,0.2656918168067932,1.419937169207203,0.016489947214722633,0.0025295803789049387,0.13593652844429016,0.14135430753231049,0.34784945845603943,0.016114540466392317,0.2624727785587311,0.2037971317768097,1.2816233131857382,0.008904789574444294,0.0008534928201697767
A01_s25,A01,1,low,1_low,test,347,138.19020172910663,0.5575630671563123,0.9522546110914383,0.1955016851425171,0.17041249573230743,0.4176136255264282,0.06744170096021948,0.5071608424186707,0.17381229996681213,2.90117367321953,0.02380058541893959,0.006520142313092947,0.2769477665424347,0.19708071649074554,0.5649076700210571,0.150480109739369,0.46390965580940247,0.34242984652519226,1.3508134499759397,0.017200397327542305,0.001959891291335225,0.25928282737731934,0.22254282236099243,0.5887985229492188,0.15982853223593965,0.47365862131118774,0.32108888030052185,1.4705835881985285,0.018670981749892235,0.002904955530539155,0.25673604011535645,0.19681282341480255,0.5157440900802612,0.10978395061728395,0.41900673508644104,0.3062833845615387,1.36358409252853,0.019824670627713203,0.0036426845472306013,0.1672603189945221,0.15601253509521484,0.3881720304489136,0.028131001371742112,0.28148210048675537,0.2129686176776886,1.3155298358321201,0.010603363625705242,0.0011724340729415417
A01_s26,A01,1,low,1_low,test,260,166.52692307692308,0.5673353824593705,0.9509797094201373,0.16471725702285767,0.15039531886577606,0.35085228085517883,0.04599108367626886,0.4581223726272583,0.15250471234321594,2.984418951275959,0.018142789602279663,0.004195982124656439,0.22472362220287323,0.2036924809217453,0.511629581451416,0.10498628257887517,0.4666365087032318,0.2897630035877228,1.6048689239876017,0.016234170645475388,0.002260947832837701,0.20275266468524933,0.2268640697002411,0.5432130098342896,0.11762002743484225,0.4792422950267792,0.2595864534378052,1.8390913599089338,0.01599525474011898,0.0023896205238997936,0.19217242300510406,0.15777604281902313,0.4038781523704529,0.05422153635116598,0.36367344856262207,0.23717710375785828,1.5269034799094254,0.015238805674016476,0.002444593468680978,0.1299387812614441,0.16074050962924957,0.40125447511672974,0.04896433470507545,0.2879675030708313,0.17537926137447357,1.6326607835115206,0.008555951528251171,0.0007759040454402566
A01_s27,A01,1,low,1_low,test,227,151.24669603524228,0.5362859333809038,0.9544923527226036,0.14317162334918976,0.12476330250501633,0.2855113744735718,0.031200274348422496,0.42797496914863586,0.14069294929504395,3.020439416907566,0.014519492164254189,0.0029730978421866894,0.19924750924110413,0.16801801323890686,0.4282599091529846,0.06530178326474623,0.3745563328266144,0.29246988892555237,1.2763024315643916,0.01525827031582594,0.0019274211954325438,0.16280411183834076,0.17032955586910248,0.41009998321533203,0.06169410150891633,0.3449935019016266,0.2420206069946289,1.41960595921502,0.013510027900338173,0.0018273580353707075,0.17398737370967865,0.15743018686771393,0.3821753263473511,0.050017146776406035,0.3261887729167938,0.23968777060508728,1.3552361721443413,0.01441500149667263,0.0020909940358251333,0.1124274879693985,0.13325276970863342,0.3170250952243805,0.01873113854595336,0.20895898342132568,0.17308886349201202,1.2003006925880337,0.008421744219958782,0.0009566775988787413
A01_s28,A01,1,low,1_low,test,232,147.06465517241378,0.5678094652639135,0.9481745871903013,0.14996224641799927,0.14169152081012726,0.30965909361839294,0.039958847736625516,0.46802160143852234,0.1524246782064438,3.0504975269282695,0.01589922606945038,0.00370971136726439,0.23065532743930817,0.1907423585653305,0.5092309713363647,0.10540466392318244,0.44897550344467163,0.3488888740539551,1.283194570443634,0.015359973534941673,0.0012843323638662696,0.1848292350769043,0.1953478455543518,0.48618876934051514,0.09247599451303155,0.41565588116645813,0.28437602519989014,1.45651997526882,0.013330532237887383,0.0014562017749994993,0.17548225820064545,0.14588384330272675,0.3806343078613281,0.040679012345679014,0.32864511013031006,0.2436748892068863,1.3431910041754316,0.01365065760910511,0.001516024931333959,0.11454670876264572,0.12751665711402893,0.3037634491920471,0.00752400548696845,0.22956854104995728,0.17795652151107788,1.2828174078905885,0.007263573817908764,0.0006793852080591023
A01_s29,A01,1,low,1_low,test,123,171.8211382113821,0.5747230355758025,0.9566876228440867,0.10631559789180756,0.09047304093837738,0.15814393758773804,0.011718106995884773,0.37685707211494446,0.11534654349088669,3.2390912596768575,0.008165246807038784,0.001162396976724267,0.12075653672218323,0.11384513974189758,0.2711876630783081,0.005603566529492455,0.26841938495635986,0.22342054545879364,1.1960553094976991,0.01095413975417614,0.000997211434878409,0.06481638550758362,0.062412045896053314,0.14709371328353882,0.0006618655692729767,0.1842440664768219,0.11066557466983795,1.6499629990852334,0.006563967559486628,0.00038719287840649486,0.07722235471010208,0.06410674750804901,0.14087578654289246,0.0030555555555555557,0.16276882588863373,0.11604943126440048,1.3905990326510744,0.006516581401228905,0.0005319119663909078,0.03447667509317398,0.03429150581359863,0.07096774131059647,0.0002469135802469136,0.0777798742055893,0.05875398963689804,1.3016683016184794,0.0032752829138189554,0.00013750065409112722
A01_s30,A01,1,low,1_low,test,153,168.76470588235293,0.5994747446170144,0.9540325555095206,0.11334621906280518,0.10006705671548843,0.19886364042758942,0.013233882030178326,0.3792385756969452,0.11549890786409378,3.255297261149953,0.010104508139193058,0.0017391995061188936,0.12136928737163544,0.10820167511701584,0.2441488653421402,0.0054595336076817555,0.2565368115901947,0.19172342121601105,1.3311138312694202,0.01087871566414833,0.0012203503865748644,0.07635435461997986,0.07297607511281967,0.16175223886966705,0.0022016460905349795,0.20002569258213043,0.1120261698961258,1.7697290173236837,0.00747900502756238,0.0005224701017141342,0.09763138741254807,0.07879120856523514,0.18389618396759033,0.0046124828532235936,0.18597708642482758,0.1384166181087494,1.3339664162543345,0.008198002353310585,0.0006585593218915164,0.04330729320645332,0.04564765468239784,0.0833333358168602,0.0010768175582990397,0.0916261151432991,0.06382745504379272,1.4133844230257557,0.0039407312870025635,0.0003663039824459702
A01_s31,A01,1,low,1_low,test,298,172.3993288590604,0.5592871796683428,0.9493786372149035,0.19736026227474213,0.1834702342748642,0.4332386255264282,0.07363511659807956,0.5158176422119141,0.1872306913137436,2.740348232330228,0.022372426465153694,0.0061891088262200356,0.31272390484809875,0.2630974054336548,0.6997383236885071,0.23068587105624141,0.6088345050811768,0.4089411199092865,1.4851754935340524,0.019783353433012962,0.0028789371717721224,0.30211320519447327,0.3005947768688202,0.7500423789024353,0.24412208504801097,0.6457443833351135,0.4003576636314392,1.6089000954721797,0.02112307958304882,0.004000511020421982,0.24561718106269836,0.19262360036373138,0.5141901969909668,0.10944787379972565,0.44920065999031067,0.30982473492622375,1.4451895538395017,0.018384281545877457,0.0026430641300976276,0.18926192820072174,0.1922173947095871,0.48279568552970886,0.08859053497942387,0.3754637837409973,0.2602965533733368,1.4369258947114392,0.010524371638894081,0.0009540654136799276
A01_s32,A01,1,low,1_low,test,302,260.33112582781456,0.578691173317262,0.9488911323242322,0.21582722663879395,0.1771751195192337,0.4588068127632141,0.08068244170096021,0.4573480486869812,0.1558721959590912,2.915418158653478,0.023284966126084328,0.005745382513850927,0.22615596652030945,0.13271301984786987,0.40158453583717346,0.030246913580246913,0.29283177852630615,0.26290786266326904,1.1095985378046214,0.015135453082621098,0.0012016429100185633,0.1944553405046463,0.13556928932666779,0.37561431527137756,0.029454732510288066,0.2634357810020447,0.2225072830915451,1.1786451759343586,0.014758789911866188,0.001370977028273046,0.21960192918777466,0.13619418442249298,0.39129307866096497,0.04019890260631001,0.2591555416584015,0.25134533643722534,1.0269876404982434,0.0166477058082819,0.002080304780974984,0.11118576675653458,0.08535423129796982,0.22598566114902496,0.002698902606310014,0.1359252780675888,0.13001976907253265,1.037440983370536,0.007699471898376942,0.0005457636434584856
A01_s33,A01,1,low,1_low,test,370,186.38108108108108,0.5491498340655702,0.9479507905685581,0.2375079244375229,0.20436488091945648,0.5080492496490479,0.10338134430727024,0.5296276807785034,0.1914273351430893,2.752351584480819,0.028616629540920258,0.00904017873108387,0.3736913204193115,0.26952123641967773,0.7765663862228394,0.29988340192043894,0.6439784169197083,0.407061368227005,1.5781411009764157,0.02458265610039234,0.004016085062175989,0.3959960639476776,0.3453501760959625,0.891459047794342,0.3174519890260631,0.7449572086334229,0.41778528690338135,1.7788523903068572,0.027414172887802124,0.005514392163604498,0.331525057554245,0.23758119344711304,0.6718888878822327,0.21967421124828532,0.5552214980125427,0.35189759731292725,1.5733218424839754,0.023611675947904587,0.003839438781142235,0.34413230419158936,0.5417547225952148,0.6206093430519104,0.17131001371742113,0.7468618154525757,0.32924672961235046,2.2615267570681334,0.01794326677918434,0.0031414362601935863
A01_s34,A01,1,low,1_low,test,162,159.91358024691357,0.5469321779220316,0.9572756926788015,0.12082792073488235,0.10814910382032394,0.21496212482452393,0.020531550068587107,0.41208139061927795,0.12085913866758347,3.3816207395276656,0.011131123639643192,0.0021763972472399473,0.13823957741260529,0.12944011390209198,0.2895042896270752,0.012170781893004115,0.29612043499946594,0.2146548181772232,1.373122277083171,0.011970345862209797,0.0014698007144033909,0.09170868992805481,0.08957992494106293,0.19945771992206573,0.004756515775034294,0.22895394265651703,0.13778424263000488,1.6497113672112056,0.00873525906354189,0.0008071240154094994,0.1268971860408783,0.13708341121673584,0.24155637621879578,0.013895747599451303,0.26355448365211487,0.18060483038425446,1.4512526076231815,0.012266182340681553,0.0025666970759630203,0.04916872829198837,0.049627866595983505,0.10017921030521393,0.0009327846364883402,0.10227436572313309,0.07514067739248276,1.3432289969780393,0.004366034176200628,0.00023768651590216905
A01_s35,A01,1,low,1_low,test,150,154.79333333333332,0.5702036139478679,0.955112443990804,0.11386290192604065,0.09723429381847382,0.1827651560306549,0.013189300411522633,0.38345709443092346,0.11662428826093674,3.2600162781029156,0.009479457512497902,0.0016332118539139628,0.13671652972698212,0.11320807784795761,0.28899550437927246,0.007592592592592593,0.28864073753356934,0.21930789947509766,1.310169713484085,0.011888790875673294,0.0008529138867743313,0.08317366987466812,0.08073398470878601,0.18496865034103394,0.002887517146776406,0.21457432210445404,0.1259545534849167,1.690166411636014,0.008041586726903915,0.0005755422753281891,0.10181237012147903,0.10438001155853271,0.18749192357063293,0.005168038408779149,0.21930210292339325,0.14006707072257996,1.554594575474449,0.008904531598091125,0.0017792647704482079,0.04317746311426163,0.04504350945353508,0.08691756427288055,0.0005624142661179698,0.08958560228347778,0.06602127104997635,1.3366741764219257,0.003728011390194297,0.00017218069115187973
A01_s36,A01,1,low,1_low,test,237,146.37974683544303,0.5418044226237512,0.9503573613335026,0.1523449867963791,0.14075767993927002,0.31439393758773804,0.04181412894375857,0.4690338671207428,0.15484680235385895,3.0095828726455034,0.01580294780433178,0.0033780448138713837,0.2502732574939728,0.22430568933486938,0.5394679307937622,0.1235116598079561,0.5038967728614807,0.37606358528137207,1.3363708205486438,0.015141570009291172,0.0018661398207768798,0.2090074121952057,0.20618274807929993,0.507456362247467,0.10431412894375858,0.46078261733055115,0.3181024193763733,1.443996000503743,0.013966490514576435,0.0015573583077639341,0.20468337833881378,0.18359723687171936,0.4484395980834961,0.07245884773662552,0.398994117975235,0.28960755467414856,1.372965401476289,0.015743693336844444,0.0023630831856280565,0.12275425344705582,0.12483835965394974,0.3025089502334595,0.008820301783264746,0.23736566305160522,0.19177286326885223,1.231323014176333,0.006835541687905788,0.00045415895874612033
A01_s37,A01,1,low,1_low,test,216,143.64814814814815,0.5600148543162997,0.9525287717795728,0.1362568736076355,0.12812799215316772,0.2703598439693451,0.030939643347050756,0.4437437951564789,0.13629837334156036,3.231966878825047,0.014108670875430107,0.003265962703153491,0.18797773122787476,0.16231028735637665,0.4102340340614319,0.04658436213991769,0.3756197690963745,0.28732672333717346,1.3027573883851178,0.014351521618664265,0.0014737528981640935,0.14743031561374664,0.15458068251609802,0.3797661364078522,0.040291495198902606,0.337711900472641,0.22951006889343262,1.465063552728228,0.01227782666683197,0.001356966677121818,0.1498330533504486,0.1281055063009262,0.3114292323589325,0.0227400548696845,0.28597092628479004,0.2089781016111374,1.3619083327764592,0.012208678759634495,0.0014574690721929073,0.07848966121673584,0.08569853752851486,0.20949821174144745,0.0024862825788751716,0.15490083396434784,0.1252106875181198,1.2273194688216007,0.0057175373658537865,0.0004612994671333581
A01_s38,A01,1,low,1_low,test,231,149.44588744588745,0.5488043092873665,0.9533987400664343,0.1399051398038864,0.12442685663700104,0.2869318127632141,0.029684499314128945,0.4231400489807129,0.13583452999591827,3.0923484663800505,0.01422035787254572,0.0029461300000548363,0.2033853828907013,0.17650362849235535,0.4291321337223053,0.06130315500685871,0.38355207443237305,0.30138975381851196,1.2684030116396503,0.01643604412674904,0.0025312157813459635,0.15569154918193817,0.17085252702236176,0.3934926390647888,0.05859053497942387,0.3511478900909424,0.235928475856781,1.4820839446213505,0.013262813910841942,0.0016550844302400947,0.15211240947246552,0.13430312275886536,0.3272119462490082,0.027602880658436215,0.29428499937057495,0.21526716649532318,1.3607474686960348,0.0127381831407547,0.001462928019464016,0.08893372863531113,0.10566126555204391,0.25071683526039124,0.0048079561042524005,0.17987021803855896,0.140907883644104,1.2675139211409994,0.006595316808670759,0.00051228201482445
A01_s39,A01,1,low,1_low,test,208,164.50480769230768,0.5624665087811326,0.9542019762056484,0.13642095029354095,0.11967331171035767,0.27793559432029724,0.027424554183813444,0.4122977554798126,0.1289512813091278,3.1727101982091246,0.013455968350172043,0.002642866689711809,0.1834971010684967,0.1439582258462906,0.36015409231185913,0.03220164609053498,0.33638691902160645,0.2597314119338989,1.2901664457172803,0.013967251405119896,0.001445840229280293,0.13183459639549255,0.12846843898296356,0.2754617929458618,0.02595679012345679,0.2793743908405304,0.18347249925136566,1.5144500777855763,0.010892962105572224,0.0009823363507166505,0.15356366336345673,0.13199284672737122,0.2957492470741272,0.028659122085048012,0.2797080874443054,0.20202842354774475,1.377679452741889,0.012529095634818077,0.0016638863598927855,0.07679306715726852,0.08660466969013214,0.17652329802513123,0.004766803840877915,0.14065134525299072,0.10971257090568542,1.270418924449056,0.005370490252971649,0.00026496328064240515
A01_s40,A01,1,low,1_low,test,206,137.60194174757282,0.5657986771730971,0.9522559517824652,0.12947212159633636,0.12155535072088242,0.24053029716014862,0.027757201646090534,0.43825435638427734,0.12690532207489014,3.426396566420231,0.013478719629347324,0.0032223518937826157,0.17654109001159668,0.1537569910287857,0.3809419870376587,0.04394718792866941,0.3657899498939514,0.27447181940078735,1.327867041680075,0.01481856033205986,0.0015870871720835567,0.12561936676502228,0.1403479278087616,0.31231993436813354,0.03349108367626886,0.30698320269584656,0.1954205185174942,1.5628876505002458,0.011266081593930721,0.0012926125200465322,0.12950439751148224,0.110276959836483,0.2626171112060547,0.014708504801097394,0.24764519929885864,0.18088802695274353,1.3615255684927492,0.010991672985255718,0.0011920375982299447,0.07008268684148788,0.08022315800189972,0.20000000298023224,0.0004561042524005487,0.14446581900119781,0.1115233302116394,1.2838743639161712,0.005242244806140661,0.000274869438726455
A01_s41,A01,1,low,1_low,test,175,164.04,0.5757343513713736,0.9551889693484593,0.11908306181430817,0.1116107702255249,0.2244318127632141,0.017064471879286693,0.3908727169036865,0.12010762095451355,3.227482414591343,0.01127970963716507,0.0022919997572898865,0.15489548444747925,0.12291155755519867,0.3237461745738983,0.014458161865569273,0.29546964168548584,0.24422873556613922,1.2048736499144752,0.01280886959284544,0.0008113852818496525,0.09083817154169083,0.08539392054080963,0.19903406500816345,0.0029218106995884774,0.21726545691490173,0.13706044852733612,1.5736980375801324,0.007998006418347359,0.000471461215056479,0.10968360304832458,0.09190984070301056,0.2058558613061905,0.008542524005486968,0.20725271105766296,0.15793579816818237,1.3040027070449711,0.00881065521389246,0.0007217219681479037,0.04517018795013428,0.04197273403406143,0.09283154457807541,0.00023662551440329217,0.0907193273305893,0.06953082233667374,1.2862366313772324,0.003798305755481124,0.00012584349315147847
A01_s42,A01,1,low,1_low,test,129,165.2325581395349,0.5689360656746714,0.9550877442927895,0.10535818338394165,0.08782777190208435,0.1567234843969345,0.010411522633744856,0.36278340220451355,0.11152670532464981,3.2239760433565556,0.008181460201740265,0.001226079766638577,0.13177013397216797,0.12443872541189194,0.30447739362716675,0.014924554183813443,0.2987740933895111,0.25243139266967773,1.1789150911502626,0.012277545407414436,0.0008957129903137684,0.06907704472541809,0.07026590406894684,0.15912556648254395,0.0016255144032921811,0.19505491852760315,0.12242913246154785,1.580298869785616,0.006637374870479107,0.00033737841295078397,0.08444433659315109,0.0719325989484787,0.1672016978263855,0.0036556927297668037,0.17555025219917297,0.1343098133802414,1.2973948290494626,0.007008285727351904,0.0004788911319337785,0.03486159071326256,0.03393011540174484,0.07421146333217621,8.23045267489712e-05,0.07921502739191055,0.06177344545722008,1.2619193803197464,0.00311188492923975,9.488564683124423e-05
A01_s43,A01,1,low,1_low,test,161,168.70807453416148,0.578310516518485,0.9525874065395535,0.12244526296854019,0.11379124224185944,0.22301135957241058,0.021011659807956103,0.4115746319293976,0.12905125319957733,3.164711002805894,0.011266782879829407,0.0024058371782302856,0.15820574760437012,0.14217530190944672,0.3420628011226654,0.02819615912208505,0.36509156227111816,0.2592235505580902,1.4029920100933295,0.012777737341821194,0.0009783387649804354,0.10135354846715927,0.11676836758852005,0.22784273326396942,0.0198079561042524,0.2899244725704193,0.16478514671325684,1.7487964291027516,0.008945360779762268,0.0006429775385186076,0.1333746761083603,0.1542099565267563,0.29601892828941345,0.03670781893004115,0.31727364659309387,0.21378977596759796,1.477135702403992,0.012018411420285702,0.0022750268690288067,0.05596068501472473,0.077286496758461,0.12598566710948944,0.005089163237311386,0.1484224945306778,0.09535744786262512,1.5403323544048277,0.004859806038439274,0.00031816927366890013
A01_s44,A01,1,low,1_low,test,101,172.95049504950495,0.554291118228708,0.9577840087237575,0.09841670840978622,0.07745218276977539,0.13636364042758942,0.006347736625514403,0.3448946177959442,0.1111852377653122,3.074331566845295,0.006553099025040865,0.0007870451081544161,0.11930477619171143,0.12149535864591599,0.28325337171554565,0.016714677640603567,0.3037567734718323,0.25210610032081604,1.2001163665625432,0.01143798977136612,0.0007609486929140985,0.05545816570520401,0.057899653911590576,0.12930011749267578,0.0007647462277091907,0.1783086210489273,0.10443656146526337,1.691146017766067,0.0057534109801054,0.00031504157232120633,0.061251915991306305,0.0435524582862854,0.11621931195259094,3.08641975308642e-05,0.13982513546943665,0.09768174588680267,1.416930093938846,0.004734129179269075,0.00016777303244452924,0.02657889761030674,0.025803497061133385,0.05716845765709877,0.0,0.070304736495018,0.04872993379831314,1.413730747765499,0.0025042707566171885,6.650925206486136e-05
A01_s45,A01,1,low,1_low,test,229,147.93449781659388,0.5816134851267295,0.9521995795303976,0.1340866982936859,0.12316513061523438,0.2760416567325592,0.028888888888888888,0.41788843274116516,0.127559095621109,3.250555168595548,0.014245059341192245,0.002975797513499856,0.21733835339546204,0.18095186352729797,0.462058424949646,0.07807270233196159,0.3993779122829437,0.3238554298877716,1.2294019909746239,0.01711221970617771,0.0017318882746621966,0.14613473415374756,0.15947680175304413,0.36824268102645874,0.04646776406035665,0.3198423683643341,0.21340639889240265,1.4917575688813434,0.011783159337937832,0.0011539420811459422,0.1390717625617981,0.1277455985546112,0.31245657801628113,0.021375171467764062,0.256637841463089,0.1876555234193802,1.3603515911515853,0.011654757894575596,0.0012675359612330794,0.07405818998813629,0.08399847894906998,0.19498208165168762,0.0021227709190672155,0.13793961703777313,0.10994859784841537,1.2432749914175076,0.0052290428429841995,0.0002631952229421586
A01_s46,A01,1,low,1_low,test,125,169.504,0.5947721721101291,0.9481816329902937,0.10851443558931351,0.0946449562907219,0.1619318127632141,0.01168724279835391,0.3857802152633667,0.1181204691529274,3.2385719936017066,0.008627674542367458,0.0016087774420157075,0.14033998548984528,0.15966621041297913,0.350923091173172,0.024245541838134432,0.37583938241004944,0.28736090660095215,1.303364547019386,0.014223732985556126,0.0022944610100239515,0.08000752329826355,0.10297802090644836,0.1971699744462967,0.006886145404663923,0.2563002407550812,0.1538911759853363,1.6547116975814384,0.008775526657700539,0.0012088086223229766,0.0825495645403862,0.0944979339838028,0.18196991086006165,0.007914951989026062,0.21752473711967468,0.15073910355567932,1.4335443667614387,0.008034080266952515,0.000859597057569772,0.044305283576250076,0.05831621214747429,0.09892473369836807,0.0017764060356652948,0.11260215193033218,0.08463738113641739,1.3148715016280197,0.004170873202383518,0.00032554136123508215
A01_s47,A01,1,low,1_low,test,131,182.68702290076337,0.5412686524553435,0.9573695481496568,0.10702408105134964,0.0931861400604248,0.171875,0.009262688614540467,0.3557118773460388,0.11794549226760864,2.9905452536674786,0.008328291587531567,0.0014291205443441868,0.15496784448623657,0.1527685523033142,0.3392208218574524,0.02198559670781893,0.3270764648914337,0.2767793536186218,1.1774685937979916,0.013008201494812965,0.0016620706301182508,0.08002027869224548,0.09008200466632843,0.17768174409866333,0.005788751714677641,0.21634025871753693,0.13797517120838165,1.556682800506522,0.007122742477804422,0.0007670440245419741,0.0905851423740387,0.08677222579717636,0.17593421041965485,0.004657064471879286,0.1947612762451172,0.14217329025268555,1.3603185056471383,0.006991444155573845,0.0006337881786748767,0.03876686096191406,0.039502713829278946,0.07903225719928741,0.00026406035665294924,0.08814869821071625,0.06691795587539673,1.2978703065274098,0.0030077395495027304,0.00010153945913771167
A01_s48,A01,1,low,1_low,test,136,188.00735294117646,0.581985331042107,0.9563701220096649,0.11127988994121552,0.09915471822023392,0.19081439077854156,0.012973251028806584,0.3717004954814911,0.12112969905138016,3.043489817535013,0.009017079137265682,0.0015891287475824356,0.13954126834869385,0.14082950353622437,0.306876003742218,0.028350480109739368,0.3185953199863434,0.2547186613082886,1.245882167364595,0.011253331787884235,0.0008588742348365486,0.0851360335946083,0.10502949357032776,0.18818844854831696,0.01307270233196159,0.23727397620677948,0.14931164681911469,1.578546847353189,0.007518771104514599,0.0005816315533593297,0.09217698127031326,0.09527266025543213,0.18209832906723022,0.010823045267489713,0.20804740488529205,0.1479446291923523,1.3968103852647977,0.0075852456502616405,0.0007832437404431403,0.04295257106423378,0.05490127578377724,0.08691756427288055,0.0005967078189300411,0.10011690855026245,0.07594570517539978,1.3011370592035423,0.003390754573047161,0.00013357531861402094
A01_s49,A01,1,low,1_low,test,130,183.47692307692307,0.5757185734979547,0.9522440756248014,0.11058126389980316,0.09269731491804123,0.1770833283662796,0.010534979423868314,0.3672407567501068,0.11893776059150696,3.061927744348029,0.008514388464391232,0.0012481423327699304,0.1301979422569275,0.11929646134376526,0.29408344626426697,0.008487654320987654,0.2935337424278259,0.23499812185764313,1.2437969426082507,0.010712922550737858,0.0009972639381885529,0.07493473589420319,0.08071921765804291,0.17217420041561127,0.003278463648834019,0.21154198050498962,0.13131704926490784,1.5987507405902623,0.006513538770377636,0.00037541522760875523,0.09083963930606842,0.08665600419044495,0.17734681069850922,0.006162551440329218,0.20187972486019135,0.13994161784648895,1.432364179898056,0.00734212389215827,0.0007434217841364443,0.03613730147480965,0.04439782351255417,0.07562723755836487,0.0008744855967078189,0.08710940927267075,0.06411450356245041,1.3377881194951495,0.003119392553344369,0.0001807246298994869
A02_s01,A02,2,low,2_low,test,335,146.55820895522388,0.5573877865389216,0.9490601980800838,0.21343058347702026,0.19863423705101013,0.469696968793869,0.08803497942386831,0.5690728425979614,0.18150293827056885,3.118157154019544,0.027587683871388435,0.009609120897948742,0.26587817072868347,0.18889108300209045,0.5442651510238647,0.13387860082304526,0.4475340247154236,0.3181535303592682,1.4022530918321305,0.017842628061771393,0.002426935825496912,0.24009013175964355,0.2061508446931839,0.5614302754402161,0.13709876543209876,0.44451233744621277,0.285970002412796,1.54898537724789,0.017744233831763268,0.002478881971910596,0.2513393759727478,0.1880801022052765,0.49210208654403687,0.09498971193415638,0.39908576011657715,0.2922491431236267,1.3609102344361577,0.01981203444302082,0.004098400007933378,0.1720847636461258,0.16769953072071075,0.4446236491203308,0.06052469135802469,0.2942729890346527,0.21183258295059204,1.382650085597874,0.011180276051163673,0.0011240846943110228
A02_s02,A02,2,low,2_low,test,208,157.85576923076923,0.5734750297005976,0.9492621698288081,0.15008889138698578,0.14389190077781677,0.3077651560306549,0.04511316872427983,0.48793041706085205,0.14684396982192993,3.3003065167185235,0.015866398811340332,0.004084577318280935,0.1792585551738739,0.1770356297492981,0.40449193120002747,0.05443415637860082,0.36609822511672974,0.2766503095626831,1.3185586779764724,0.013327970169484615,0.001541720237582922,0.13391786813735962,0.14472633600234985,0.34960177540779114,0.03626200274348423,0.3155744969844818,0.20363777875900269,1.5421125996296452,0.010492213070392609,0.000890416675247252,0.16567733883857727,0.1408737450838089,0.3471169173717499,0.0354320987654321,0.3019489347934723,0.23355330526828766,1.2873360895430397,0.013410678133368492,0.0017158692935481668,0.08329591900110245,0.10064706206321716,0.226523295044899,0.005871056241426612,0.1774037629365921,0.12911349534988403,1.3634539788477846,0.00620074151083827,0.00044250854989513755
A02_s03,A02,2,low,2_low,test,156,167.3397435897436,0.5585939050085953,0.9576152144172971,0.11957741528749466,0.09965234994888306,0.20549242198467255,0.015912208504801097,0.3859935402870178,0.12491576373577118,3.0654902042051595,0.009914178401231766,0.0014960349071770906,0.14729972183704376,0.15845564007759094,0.30084314942359924,0.014598765432098766,0.2828867435455322,0.2350008487701416,1.19866833115103,0.011142300441861153,0.0013582957908511162,0.08223892748355865,0.08644698560237885,0.17624130845069885,0.0039334705075445816,0.1986059844493866,0.1330646127462387,1.4814198943408998,0.006869523786008358,0.0004545615229289979,0.10701145976781845,0.09615086764097214,0.2045716643333435,0.008480795610425241,0.20037734508514404,0.1571958214044571,1.2666412001669882,0.008033999241888523,0.0008603263413533568,0.05046544969081879,0.05932337045669556,0.09587813913822174,0.0007784636488340192,0.10282725840806961,0.08336016535758972,1.2189077388860101,0.0036895370576530695,0.0002898198436014354
A02_s04,A02,2,low,2_low,test,178,153.92696629213484,0.5563300870525519,0.9546764557453647,0.13240063190460205,0.12487958371639252,0.24100378155708313,0.029931412894375856,0.45419880747795105,0.1355607807636261,3.325982796364694,0.012731182388961315,0.002933356212452054,0.16587713360786438,0.1571156233549118,0.3839947581291199,0.04672839506172839,0.3611129820346832,0.28251078724861145,1.2737186670714655,0.013692757114768028,0.0013121952069923282,0.11075267940759659,0.14012295007705688,0.2951194643974304,0.03465363511659808,0.29830995202064514,0.1897120326757431,1.5641905119214197,0.009197762235999107,0.000766435987316072,0.11986515671014786,0.11346226930618286,0.2618466019630432,0.01634087791495199,0.2409674972295761,0.17840789258480072,1.3431265133203547,0.009660910815000534,0.0010483738733455539,0.07726888358592987,0.1125321015715599,0.21684588491916656,0.01232167352537723,0.18382947146892548,0.13524924218654633,1.3492146342893743,0.005441613029688597,0.0004111197777092457
A02_s05,A02,2,low,2_low,test,120,168.58333333333334,0.5335730928187761,0.9554613913644933,0.10942279547452927,0.09086412191390991,0.15719696879386902,0.011899862825788752,0.38311830163002014,0.11922886967658997,3.186574927141796,0.00820465199649334,0.0013121474767103791,0.11318962275981903,0.11231500655412674,0.27017009258270264,0.007143347050754458,0.2831222414970398,0.224737286567688,1.2542112373276213,0.010693885385990143,0.0007541868835687637,0.06063677370548248,0.06617575138807297,0.14607693254947662,0.000747599451303155,0.18641223013401031,0.11206542700529099,1.6487111495655256,0.006004949100315571,0.00030648146639578044,0.08241506665945053,0.08249562978744507,0.16155126690864563,0.004842249657064472,0.18967273831367493,0.1378866583108902,1.3656656486694558,0.00681679742410779,0.0006053366232663393,0.03815998509526253,0.03663789853453636,0.08279570192098618,1.3717421124828532e-05,0.09188278019428253,0.06837915629148483,1.3243571283607503,0.0031552258878946304,9.074479021364823e-05
A02_s06,A02,2,low,2_low,test,125,152.632,0.5412779924168678,0.9556412642116174,0.11483782529830933,0.09800509363412857,0.15767045319080353,0.016430041152263375,0.41914743185043335,0.1236569732427597,3.3624066183138948,0.00887657143175602,0.001712299301289022,0.126456618309021,0.12733544409275055,0.30956533551216125,0.013741426611796982,0.310183048248291,0.2539308965206146,1.2167338383921955,0.010909747332334518,0.000927259330637753,0.07391071319580078,0.0905674397945404,0.18522284924983978,0.004434156378600823,0.22360719740390778,0.14739619195461273,1.5068257106779295,0.006521811708807945,0.00048733307630755007,0.09483063966035843,0.0963314101099968,0.1919865906238556,0.00945130315500686,0.20545312762260437,0.16314838826656342,1.2516304899014024,0.007990437559783459,0.0009483593748882413,0.048964742571115494,0.06481313705444336,0.11218637973070145,0.0008573388203017832,0.11693287640810013,0.09792564809322357,1.1820279033998065,0.003928099758923054,0.0003979165048804134
A02_s07,A02,2,low,2_low,test,173,145.4450867052023,0.520237060128658,0.9529984013795842,0.14160391688346863,0.15375655889511108,0.26799243688583374,0.03876886145404664,0.5418199300765991,0.1738286316394806,3.099148720639205,0.014512380585074425,0.004570564720779657,0.217913419008255,0.24318034946918488,0.6029219627380371,0.1466358024691358,0.5681037902832031,0.4355432689189911,1.3013688006002118,0.016895735636353493,0.0027056625112891197,0.16446468234062195,0.23128554224967957,0.5339772701263428,0.11246227709190672,0.5220620632171631,0.3511088490486145,1.482672374260846,0.012990100309252739,0.0022380310110747814,0.15457218885421753,0.17595891654491425,0.39681509137153625,0.05862139917695473,0.40040141344070435,0.28644460439682007,1.3929689662497415,0.01289820671081543,0.0021911433432251215,0.10503580421209335,0.14921028912067413,0.34623655676841736,0.031440329218106994,0.3027145564556122,0.2281043529510498,1.3212955256257826,0.0071405079215765,0.0007472365978173912
A02_s08,A02,2,low,2_low,test,158,166.71518987341773,0.5688521201729626,0.9541012178833036,0.12211719900369644,0.10918527841567993,0.21685606241226196,0.020545267489711933,0.41411536931991577,0.12232784926891327,3.3578414913970294,0.010724780149757862,0.0018837584648281336,0.13929186761379242,0.12692010402679443,0.3031690716743469,0.008779149519890261,0.2753514051437378,0.2274543195962906,1.205279924802125,0.01134269405156374,0.0018302915850654244,0.07816188037395477,0.07302194833755493,0.1738688349723816,0.0007407407407407407,0.1916096806526184,0.12356232106685638,1.5382635696855365,0.0064670490100979805,0.0003214289608877152,0.10784107446670532,0.09516328573226929,0.2052137702703476,0.008885459533607682,0.1902126967906952,0.1605629324913025,1.1773288207735089,0.007978295907378197,0.0007313147070817649,0.04313021898269653,0.04266047477722168,0.08745519816875458,6.17283950617284e-05,0.0850633755326271,0.06861776113510132,1.2218631301220932,0.003089085454121232,7.453545549651608e-05
A02_s09,A02,2,low,2_low,test,154,161.5974025974026,0.5762622455510822,0.9541878005726481,0.1203354224562645,0.10370924323797226,0.20696023106575012,0.017781207133058984,0.4039919674396515,0.12393112480640411,3.2337175228805943,0.010242515243589878,0.0016845713835209608,0.12884800136089325,0.11763502657413483,0.2662450969219208,0.010555555555555556,0.27697238326072693,0.21589453518390656,1.27699106400205,0.009430378675460815,0.0006512646796181798,0.07811573892831802,0.07854227721691132,0.1723436713218689,0.0014986282578875172,0.19626659154891968,0.12864923477172852,1.513827612592418,0.005906841717660427,0.0002302084758412093,0.10948788374662399,0.09788387268781662,0.21201997995376587,0.00892318244170096,0.19707678258419037,0.16108885407447815,1.215856473966036,0.007999613881111145,0.0007669051410630345,0.048157498240470886,0.05659981444478035,0.09892473369836807,0.0014780521262002743,0.09887521713972092,0.07914696633815765,1.233673857629803,0.0033725067041814327,0.00019553361926227808
A02_s10,A02,2,low,2_low,test,153,169.77777777777777,0.5748162810162051,0.9546168146300927,0.11993288993835449,0.10273882001638412,0.20691287517547607,0.017242798353909464,0.3976944088935852,0.12111709266901016,3.256664568419657,0.010131077840924263,0.0015556663274765015,0.12429416924715042,0.11731013655662537,0.2571594715118408,0.006467764060356653,0.23755453526973724,0.19717712700366974,1.1986980478596723,0.010651719756424427,0.0012483421014621854,0.07193195074796677,0.06692466884851456,0.15565158426761627,0.000953360768175583,0.1757478266954422,0.1101962998509407,1.5805186587236553,0.006201154086738825,0.0002734453300945461,0.10012660175561905,0.07208176702260971,0.18209832906723022,0.002414266117969822,0.1708202362060547,0.13928265869617462,1.217686047539337,0.007548120804131031,0.0004895958700217307,0.04237458109855652,0.036359913647174835,0.08422938734292984,0.00015089163237311386,0.08437266945838928,0.06569217145442963,1.2651060479570775,0.0032211411744356155,8.464178972644731e-05
A02_s11,A02,2,low,2_low,test,223,247.89237668161434,0.5304645078952341,0.9488508667589152,0.21995815634727478,0.2219613939523697,0.48153409361839294,0.09197530864197531,0.5862767696380615,0.21872106194496155,2.668277517177299,0.022727228701114655,0.0073021454736590385,0.3048989474773407,0.28579938411712646,0.7349905371665955,0.23513374485596708,0.6664383411407471,0.42955106496810913,1.5478729362569572,0.019416838884353638,0.0029289068188518286,0.28355860710144043,0.31128737330436707,0.7579224109649658,0.22976680384087791,0.6769838929176331,0.40640369057655334,1.6617028970934766,0.019960228353738785,0.0039434367790818214,0.25702518224716187,0.25278347730636597,0.6139718294143677,0.17090192043895747,0.5362029671669006,0.3607802093029022,1.482123547333022,0.019741900265216827,0.0036226208321750164,0.22137416899204254,0.2449272871017456,0.5994623899459839,0.17142318244170096,0.489780068397522,0.33629879355430603,1.4520658767748187,0.013123953714966774,0.0018903471063822508
A02_s12,A02,2,low,2_low,test,180,155.11666666666667,0.5923718983687072,0.9554353738723211,0.12794113159179688,0.1183183491230011,0.24242424964904785,0.026474622770919068,0.4354042410850525,0.12379259616136551,3.489023022824563,0.012767826206982136,0.0026728149969130754,0.13130128383636475,0.10771199315786362,0.26588165760040283,0.005504115226337448,0.2539193630218506,0.19884034991264343,1.27061108095961,0.010845821350812912,0.0009860503487288952,0.08206575363874435,0.07514619827270508,0.1719200164079666,0.0024074074074074076,0.19404035806655884,0.12163665890693665,1.582237805530948,0.007223566994071007,0.00041582982521504164,0.10691124945878983,0.08869063854217529,0.19712336361408234,0.005284636488340192,0.1902187019586563,0.15025418996810913,1.2576094718352104,0.0087669026106596,0.0009653029264882207,0.05309499055147171,0.05215991288423538,0.10071684420108795,0.0007338820301783265,0.10246636718511581,0.08043891936540604,1.2581990034195112,0.004076751880347729,0.00015352222544606775
A02_s13,A02,2,low,2_low,test,249,157.7309236947791,0.553026806286233,0.9460238782499485,0.1795453429222107,0.17218133807182312,0.38304924964904785,0.06147119341563786,0.5351172685623169,0.18324251472949982,2.9044179588406207,0.0196217130869627,0.005479367915540934,0.26352569460868835,0.2419685274362564,0.5988515615463257,0.15655349794238682,0.5341457724571228,0.38630789518356323,1.379124410061319,0.01854667253792286,0.003167729824781418,0.22255036234855652,0.24414655566215515,0.5922725200653076,0.14616255144032922,0.524662435054779,0.3397403657436371,1.5397718844074948,0.01674007438123226,0.0029375420417636633,0.21471518278121948,0.187020406126976,0.48683691024780273,0.09286351165980795,0.42005717754364014,0.2998470067977905,1.3962484852839996,0.016030585393309593,0.002378139877691865,0.15323428809642792,0.17157964408397675,0.41326165199279785,0.05093621399176955,0.332660973072052,0.23804938793182373,1.391599350871068,0.009863908402621746,0.0011420028749853373
A02_s14,A02,2,low,2_low,test,126,177.75396825396825,0.5732371874230052,0.9556865717161078,0.11482241004705429,0.09627090394496918,0.1770833283662796,0.01406721536351166,0.39402928948402405,0.12238854914903641,3.193402404043918,0.00883117038756609,0.0013244319707155228,0.12121623009443283,0.11676174402236938,0.26137518882751465,0.003930041152263374,0.24899806082248688,0.21304652094841003,1.163289455578215,0.010699053294956684,0.0014840321382507682,0.06517307460308075,0.05999775603413582,0.14311133325099945,0.0007098765432098765,0.16866008937358856,0.10722608119249344,1.558405215408343,0.006045362912118435,0.00039324021781794727,0.0888248011469841,0.07136115431785583,0.16707327961921692,0.0028978052126200273,0.16670338809490204,0.13489912450313568,1.226670066524642,0.007084815297275782,0.000521319278050214,0.04082568362355232,0.03454572707414627,0.08297491073608398,3.429355281207133e-05,0.08440688997507095,0.06628301739692688,1.2545051224014545,0.0032609913032501936,9.08387519302778e-05
A02_s15,A02,2,low,2_low,test,146,163.8835616438356,0.5613927390133691,0.954916603978641,0.11745940893888474,0.1093532145023346,0.19554924964904785,0.01877914951989026,0.41920167207717896,0.11867188662290573,3.5029252392260846,0.010677830316126347,0.002327000955119729,0.13150420784950256,0.12453638017177582,0.2863788306713104,0.010946502057613168,0.26959866285324097,0.22688820958137512,1.1830303259150041,0.012538783252239227,0.0015354095958173275,0.07452472299337387,0.07221496850252151,0.16226063668727875,0.0022633744855967077,0.1943565458059311,0.12040375173091888,1.6009105405301303,0.007403166964650154,0.0004957343335263431,0.10525421053171158,0.10542355477809906,0.1876203417778015,0.013542524005486969,0.20728372037410736,0.16243931651115417,1.2682610573690263,0.009558143094182014,0.001358429784886539,0.04659683257341385,0.05707997828722,0.08942652493715286,0.0010733882030178326,0.10359420627355576,0.07572442293167114,1.3502116055771989,0.004507085308432579,0.0006365036242641509
A02_s16,A02,2,low,2_low,test,184,158.40217391304347,0.5750651451030473,0.9547431247218413,0.12712351977825165,0.12111696600914001,0.24715909361839294,0.026224279835390947,0.42936229705810547,0.12153594940900803,3.5039700522901533,0.012438151985406876,0.002708577085286379,0.14114467799663544,0.11783862113952637,0.3057857155799866,0.011690672153635116,0.28012561798095703,0.22509294748306274,1.2389843252494288,0.011485272087156773,0.000672742840833962,0.08675887435674667,0.09297613054513931,0.18344348669052124,0.007770919067215364,0.2148522585630417,0.13408057391643524,1.5905489022866866,0.00747008016332984,0.0004286919429432601,0.10547056049108505,0.08793642371892929,0.19211500883102417,0.006628943758573388,0.1908561736345291,0.14912983775138855,1.2712740950974877,0.008562433533370495,0.0007845289655961096,0.055584318935871124,0.05883948504924774,0.10483870655298233,0.00040809327846364884,0.11449243873357773,0.08554298430681229,1.3229545947673702,0.004134926479309797,0.00016590001177974045
A02_s17,A02,2,low,2_low,test,284,157.85915492957747,0.5388734449515552,0.9475413478979577,0.21295425295829773,0.2030845433473587,0.4545454680919647,0.0843278463648834,0.5948413014411926,0.21233314275741577,2.788321091381452,0.024434514343738556,0.00751239201053977,0.3300252854824066,0.28696969151496887,0.7327373027801514,0.2574074074074074,0.6586638689041138,0.4633709788322449,1.4184001561864563,0.020887894555926323,0.0033455698285251856,0.3102136254310608,0.3048001527786255,0.7657176852226257,0.2558470507544582,0.6733802556991577,0.4446980357170105,1.5108441180717043,0.021887630224227905,0.004407570231705904,0.27427053451538086,0.23142017424106598,0.614485502243042,0.17578532235939642,0.530947744846344,0.37034907937049866,1.4297806951518308,0.01893252693116665,0.0028088721446692944,0.23853659629821777,0.23525911569595337,0.58243727684021,0.16430384087791494,0.4735680818557739,0.35324546694755554,1.3368359683933049,0.014478406868875027,0.0022316365502774715
A02_s18,A02,2,low,2_low,test,250,155.248,0.5492732850789918,0.95073272905408,0.16421329975128174,0.15631015598773956,0.35748106241226196,0.05323045267489712,0.4942333698272705,0.15860725939273834,3.0965594654509596,0.01828966662287712,0.004502649884670973,0.19631165266036987,0.15938051044940948,0.4253525137901306,0.059176954732510285,0.3678387701511383,0.2755448520183563,1.3301233686560259,0.012485340237617493,0.0011718906462192535,0.1583360880613327,0.1668037623167038,0.42001354694366455,0.06311042524005488,0.344737708568573,0.22588670253753662,1.5194266773370682,0.011046755127608776,0.0010316321859136224,0.16814082860946655,0.12772493064403534,0.34377801418304443,0.027095336076817557,0.2817904055118561,0.22062024474143982,1.2715011926848816,0.011955260299146175,0.0011651263339444995,0.11256798356771469,0.1330394446849823,0.3279569745063782,0.017520576131687244,0.2204715609550476,0.1658000648021698,1.3217714346606155,0.006577660795301199,0.0004780140588991344
A02_s19,A02,2,low,2_low,test,309,149.3559870550162,0.5335646013850744,0.9517048832789332,0.19364027678966522,0.17809797823429108,0.41998106241226196,0.0723045267489712,0.528915286064148,0.17628905177116394,2.983349963126014,0.023406008258461952,0.007078603841364384,0.2500773072242737,0.18869177997112274,0.5291539430618286,0.11982510288065844,0.4402550458908081,0.3247499465942383,1.3515122580793544,0.01654152199625969,0.0017577143153175712,0.22597946226596832,0.21229460835456848,0.5522792935371399,0.1318244170096022,0.44334152340888977,0.2971465289592743,1.4869920671437653,0.016648810356855392,0.002373630180954933,0.23809820413589478,0.1966678351163864,0.522922694683075,0.1146159122085048,0.4051392674446106,0.3013725280761719,1.3398679768373347,0.01803635247051716,0.002693499205633998,0.18228569626808167,0.19616271555423737,0.5001792311668396,0.10001714677640604,0.338379830121994,0.2509458065032959,1.3430659347670761,0.011148077435791492,0.0012759402161464095
A02_s20,A02,2,low,2_low,test,197,169.7766497461929,0.5480131200865781,0.9562844363256608,0.13301850855350494,0.11499267816543579,0.265625,0.022551440329218107,0.4001409411430359,0.1281825453042984,3.0974845727066014,0.012669181451201439,0.0020761778578162193,0.13754163682460785,0.1448943167924881,0.2607937157154083,0.004845679012345679,0.24980440735816956,0.1967982053756714,1.2629255502279435,0.009624670259654522,0.0012021251022815704,0.09227171540260315,0.07822581380605698,0.1920860856771469,0.00203360768175583,0.19326286017894745,0.12685926258563995,1.5115280369265407,0.006889490410685539,0.0003033253306057304,0.13049159944057465,0.09871049970388412,0.23847432434558868,0.009574759945130315,0.20692166686058044,0.16978147625923157,1.211616572200671,0.009112739004194736,0.000874956720508635,0.058893539011478424,0.04877812787890434,0.11774193495512009,0.00020919067215363513,0.1035645455121994,0.0822138711810112,1.2445586780468407,0.00393610168248415,0.00012964809138793498
A02_s21,A02,2,low,2_low,test,171,158.01754385964912,0.5587687191446046,0.9546443250651032,0.12591756880283356,0.11145339161157608,0.23058712482452393,0.024029492455418383,0.4217596650123596,0.12594687938690186,3.322331884401374,0.011596351861953735,0.002001885324716568,0.12077022343873978,0.10060205310583115,0.2462567239999771,0.00926954732510288,0.2449290156364441,0.18714167177677155,1.301832886480621,0.009506403468549252,0.0005208711372688413,0.08179407566785812,0.08575879037380219,0.169801726937294,0.007925240054869685,0.19736534357070923,0.12439572811126709,1.5739399303585646,0.006934358272701502,0.0003882121236529201,0.1148686632514,0.09304998070001602,0.20238853991031647,0.007568587105624143,0.19358676671981812,0.15612497925758362,1.2320559572037282,0.008930696174502373,0.0009714648476801813,0.05132535845041275,0.054541654884815216,0.09623655676841736,0.0011419753086419754,0.10038435459136963,0.0777120292186737,1.275336890534063,0.0037280081305652857,0.0001302647142438218
A02_s22,A02,2,low,2_low,test,263,141.52851711026616,0.5400976756165553,0.9484454883736683,0.1665779948234558,0.15976624190807343,0.3499053120613098,0.053902606310013715,0.5089502930641174,0.16622640192508698,3.0434804983253407,0.018664052709937096,0.005416958127170801,0.24902257323265076,0.21796458959579468,0.5570577383041382,0.13550068587105624,0.49970248341560364,0.38360756635665894,1.2992528674077448,0.015777572989463806,0.001864361111074686,0.2193778157234192,0.23071172833442688,0.5549059510231018,0.1310562414266118,0.49217045307159424,0.3505529463291168,1.3999895555158686,0.015451272018253803,0.0023801391944289207,0.2190585732460022,0.204637810587883,0.489918977022171,0.09402263374485596,0.4285952150821686,0.32074353098869324,1.3321020434043485,0.017490606755018234,0.0033412612974643707,0.14921708405017853,0.15866346657276154,0.37813618779182434,0.030552126200274348,0.3000681698322296,0.24318797886371613,1.2288408759044638,0.009105788543820381,0.0009030050714500248
A02_s23,A02,2,low,2_low,test,155,157.5032258064516,0.5176149517790334,0.9534273813876972,0.12430058419704437,0.11204007267951965,0.20975378155708313,0.023614540466392317,0.4317450225353241,0.13611267507076263,3.148833777128951,0.01110430620610714,0.0022772210650146008,0.14529159665107727,0.14242327213287354,0.34750691056251526,0.028731138545953362,0.3423108160495758,0.26969826221466064,1.2645475196221512,0.01087907887995243,0.0008638069848529994,0.10360001772642136,0.13310208916664124,0.2943568825721741,0.024790809327846365,0.2986316382884979,0.2023085653781891,1.4688591094673824,0.008199588395655155,0.000779892026912421,0.11599365621805191,0.1214221715927124,0.26402974128723145,0.017400548696844993,0.26101768016815186,0.19501307606697083,1.3316340185333924,0.009476815350353718,0.0012855712557211518,0.0664689764380455,0.09573905915021896,0.20412185788154602,0.0038203017832647464,0.17620383203029633,0.13213004171848297,1.3235467348751928,0.004450825974345207,0.00031084465445019305
A02_s24,A02,2,low,2_low,test,245,143.1061224489796,0.5475317552862387,0.948144153941734,0.16966375708580017,0.16306518018245697,0.34706440567970276,0.05430041152263374,0.5287496447563171,0.17764760553836823,2.959735414101351,0.018036844208836555,0.005002246238291264,0.21317267417907715,0.18394534289836884,0.501453697681427,0.10096707818930041,0.44152769446372986,0.3292245864868164,1.3370527590360297,0.013520965352654457,0.0011654205154627562,0.1870768815279007,0.20175465941429138,0.5165226459503174,0.10977366255144033,0.4443345069885254,0.3003479540348053,1.4744898747087738,0.013026994653046131,0.0016077475156635046,0.20482496917247772,0.1971074640750885,0.5045587420463562,0.10262688614540466,0.417926549911499,0.31046080589294434,1.3418270999245703,0.015054441057145596,0.002127734012901783,0.1461135298013687,0.18016426265239716,0.41810035705566406,0.05156721536351166,0.33739423751831055,0.24319444596767426,1.3816622084966412,0.009392062202095985,0.0012046380434185266
A02_s25,A02,2,low,2_low,test,316,215.5506329113924,0.5454169642717888,0.9421946884975936,0.2926569879055023,0.2583827078342438,0.6306818127632141,0.1567798353909465,0.6612802743911743,0.2586430311203003,2.54688243138243,0.03477407619357109,0.012613068334758282,0.42788049578666687,0.30529481172561646,0.8607355952262878,0.39139917695473253,0.7603380084037781,0.5056137442588806,1.5008238860871566,0.02370959147810936,0.0037365856114774942,0.4438953101634979,0.3496822714805603,0.9444162249565125,0.4130727023319616,0.8270049095153809,0.5262623429298401,1.5684884775194838,0.027470676228404045,0.0056128185242414474,0.36833927035331726,0.23983296751976013,0.6956464052200317,0.2812860082304527,0.5962386131286621,0.4253911077976227,1.39833735325375,0.025152292102575302,0.004629603587090969,0.34261173009872437,0.28138765692710876,0.7197132706642151,0.29897805212620027,0.6212155818939209,0.4134708344936371,1.4988161535005613,0.019405093044042587,0.003144813934341073
A02_s26,A02,2,low,2_low,test,304,136.49013157894737,0.5339937399790431,0.9538529989606901,0.17243430018424988,0.15990327298641205,0.3849431872367859,0.0588477366255144,0.5022771954536438,0.15222811698913574,3.2779701618943506,0.021193047985434532,0.005729349795728922,0.21689291298389435,0.17406173050403595,0.4451955258846283,0.07030521262002744,0.3672126531600952,0.2813165485858917,1.3007124626574087,0.015572749078273773,0.0020487825386226177,0.17950700223445892,0.1721416711807251,0.4326385259628296,0.07087448559670782,0.3433109223842621,0.23288476467132568,1.4678635560837454,0.014077423140406609,0.0017130965134128928,0.19494135677814484,0.14036281406879425,0.36663660407066345,0.03331275720164609,0.3019498884677887,0.23786576092243195,1.2640986606943738,0.016002679243683815,0.002505606273189187,0.11986654996871948,0.12382017821073532,0.31577059626579285,0.013559670781893005,0.20327548682689667,0.1604653149843216,1.2589421254133426,0.008086849935352802,0.0006508211372420192
A02_s27,A02,2,low,2_low,test,211,166.34597156398104,0.5513673145736386,0.953949540989386,0.1409195363521576,0.1330859512090683,0.29403409361839294,0.03322702331961591,0.43567919731140137,0.13800229132175446,3.1343310471258086,0.014596706256270409,0.003075246699154377,0.15144434571266174,0.1215582937002182,0.29560983180999756,0.010606995884773663,0.2794558107852936,0.21239157021045685,1.3095916137159545,0.010487492196261883,0.0010491791181266308,0.10494470596313477,0.10294848680496216,0.22580918669700623,0.010685871056241426,0.23202180862426758,0.14788192510604858,1.558428321362707,0.008115229196846485,0.0005068753962405026,0.12546345591545105,0.09813699126243591,0.24309740960597992,0.009046639231824418,0.2229328155517578,0.16747736930847168,1.3232211332999957,0.009111043065786362,0.0007760863518342376,0.07011550664901733,0.07629850506782532,0.15591397881507874,0.00043895747599451303,0.1347280740737915,0.10288940370082855,1.2968413454539542,0.00444430485367775,0.00014690571697428823
A02_s28,A02,2,low,2_low,test,206,148.11650485436894,0.5406482586008418,0.9549339046744872,0.13562807440757751,0.12914635241031647,0.264678031206131,0.029838820301783264,0.4414394199848175,0.1315234899520874,3.3310277305888616,0.014019567519426346,0.0032330313697457314,0.1487678736448288,0.12406392395496368,0.3046227693557739,0.016858710562414267,0.2840569019317627,0.2232285737991333,1.2668184840091983,0.012050756253302097,0.001043588505126536,0.10664688050746918,0.11242379993200302,0.24080663919448853,0.014945130315500686,0.24092146754264832,0.16026464104652405,1.4939509738724663,0.009515337646007538,0.00087894027819857,0.13071990013122559,0.12829731404781342,0.27841266989707947,0.021790123456790125,0.248375803232193,0.18468429148197174,1.337624207464572,0.011174434795975685,0.0014999026898294687,0.08131705969572067,0.09850208461284637,0.20573477447032928,0.006951303155006859,0.1585620492696762,0.12499379366636276,1.2584909514634954,0.006317810155451298,0.0005441587418317795
A02_s29,A02,2,low,2_low,test,141,179.4255319148936,0.5766621452852697,0.9540964461762423,0.11304640769958496,0.0985742136836052,0.1979166716337204,0.013518518518518518,0.37708961963653564,0.1208648607134819,3.0943261037578016,0.009340090677142143,0.0014701837208122015,0.11986669898033142,0.10999113321304321,0.257304847240448,0.007630315500685871,0.2592518627643585,0.20082949101924896,1.284509322473756,0.00975646823644638,0.0007072134176269174,0.06545739620923996,0.06208784505724907,0.1439586579799652,0.001392318244170096,0.17353498935699463,0.10448948293924332,1.645045406630177,0.00604992127045989,0.00036266123061068356,0.08895532041788101,0.10434895008802414,0.15846920013427734,0.005130315500685871,0.1874849498271942,0.13377800583839417,1.3910648748728216,0.007647283840924501,0.0015587941743433475,0.041786450892686844,0.04268355295062065,0.08405017852783203,0.0011213991769547325,0.09247001260519028,0.0672013908624649,1.355837636679075,0.0035715156700462103,0.0002247567754238844
A02_s30,A02,2,low,2_low,test,278,147.15827338129498,0.5186513484959847,0.9500052240862629,0.18151871860027313,0.17979997396469116,0.39299243688583374,0.06503086419753086,0.5406750440597534,0.17662236094474792,3.043958211026924,0.021365772932767868,0.006438909098505974,0.2829131782054901,0.2320391833782196,0.5990696549415588,0.16910150891632372,0.5433156490325928,0.39397570490837097,1.375567262190556,0.018264351412653923,0.0023710911627858877,0.26760661602020264,0.26171499490737915,0.6257414221763611,0.1765260631001372,0.5651808977127075,0.3771771490573883,1.4944871712144125,0.019469836726784706,0.003459996310994029,0.23632362484931946,0.20273654162883759,0.49929356575012207,0.099619341563786,0.4239092767238617,0.31833717226982117,1.3274661189950139,0.019320635125041008,0.003691556164994836,0.19745269417762756,0.20441745221614838,0.45716845989227295,0.07856652949245542,0.3920605480670929,0.2810104489326477,1.3902341191646,0.012237710878252983,0.001771085779182613
A02_s31,A02,2,low,2_low,test,235,162.78297872340426,0.5451805181130622,0.9536838156975433,0.1462174355983734,0.13341675698757172,0.3186553120613098,0.03424211248285322,0.43419554829597473,0.1319502741098404,3.265849214701525,0.01576894149184227,0.0033808303996920586,0.15474019944667816,0.10473853349685669,0.28179967403411865,0.007277091906721537,0.26498958468437195,0.20336930453777313,1.2966212576967227,0.010713665746152401,0.0007082025986164808,0.11671008169651031,0.09668613225221634,0.23309607803821564,0.008041838134430728,0.22796855866909027,0.1500886082649231,1.5088401520607275,0.009117535315454006,0.0005589351640082896,0.1495773047208786,0.1062619686126709,0.2775137424468994,0.011872427983539095,0.2314419448375702,0.1864568293094635,1.2346413074953582,0.011383403092622757,0.0013943967642262578,0.0763239860534668,0.0836566910147667,0.14731182157993317,0.003834019204389575,0.1289101094007492,0.099641352891922,1.2808860940013875,0.005587297026067972,0.00039435099461115897
A02_s32,A02,2,low,2_low,test,358,210.64804469273744,0.5576620586835072,0.9437979646539306,0.3105918765068054,0.24871808290481567,0.6330492496490479,0.16986625514403292,0.6405086517333984,0.25376659631729126,2.5140998113257225,0.035322874784469604,0.01289573684334755,0.4715016782283783,0.28987133502960205,0.8640790581703186,0.4486728395061728,0.7370620369911194,0.512751042842865,1.4346677194318727,0.030118854716420174,0.005999304354190826,0.49403291940689087,0.33090633153915405,0.9456871747970581,0.4789677640603566,0.798847496509552,0.5388321280479431,1.4798072493354923,0.03242531046271324,0.00743901077657938,0.3910115659236908,0.22364269196987152,0.6861433982849121,0.30508230452674895,0.5743024349212646,0.4192756712436676,1.3664898403988162,0.025387944653630257,0.0039266543462872505,0.3713529109954834,0.259334534406662,0.7154121994972229,0.32699245541838134,0.5797555446624756,0.4157423973083496,1.3911604588517827,0.020861471071839333,0.0029291315004229546
A02_s33,A02,2,low,2_low,test,271,150.28044280442805,0.5854474988191862,0.9525702307623878,0.15673987567424774,0.1471242606639862,0.35606059432029724,0.04626200274348422,0.46267297863960266,0.13384860754013062,3.431054922105238,0.01877480559051037,0.004756898153573275,0.1661905199289322,0.1022636741399765,0.29495567083358765,0.007599451303155006,0.2615015506744385,0.20458438992500305,1.2719912770120043,0.011362134478986263,0.0006847291369922459,0.12539590895175934,0.08871876448392868,0.23690900206565857,0.00576474622770919,0.22858434915542603,0.15213584899902344,1.4926899915961789,0.009633142501115799,0.0005486467271111906,0.1732277274131775,0.12856696546077728,0.30576595664024353,0.021906721536351165,0.2545987069606781,0.21104726195335388,1.2006696272111481,0.014151720330119133,0.0023031726013869047,0.07585947215557098,0.0613890066742897,0.13960573077201843,0.0017283950617283952,0.11825676262378693,0.09473387897014618,1.235265549624959,0.005637016147375107,0.0002685697691049427
A02_s34,A02,2,low,2_low,test,205,172.21951219512195,0.5510908783839332,0.9552404260760679,0.13971836864948273,0.12992464005947113,0.3025568127632141,0.03400891632373114,0.437965989112854,0.13685691356658936,3.1769606455123647,0.014201894402503967,0.0026738825254142284,0.1597137153148651,0.1193157359957695,0.3254833519458771,0.011790123456790123,0.29034125804901123,0.2395404726266861,1.2070370315585723,0.01052473857998848,0.000557218212634325,0.11359972506761551,0.1043495312333107,0.25233012437820435,0.008652263374485597,0.2463761866092682,0.17093665897846222,1.4329473893064928,0.00804783683270216,0.00045370825682766736,0.1443638652563095,0.12162544578313828,0.29485031962394714,0.020497256515775036,0.24642379581928253,0.2088460475206375,1.1743075398884877,0.01050825510174036,0.0012460477882996202,0.06879150122404099,0.07316115498542786,0.15788529813289642,0.0006584362139917696,0.13143876194953918,0.108329638838768,1.2022244228152645,0.004298157524317503,0.0001894282322609797
A02_s35,A02,2,low,2_low,test,258,135.04651162790697,0.5385009922870461,0.953481213309128,0.15437178313732147,0.14682020246982574,0.3167613744735718,0.044993141289437585,0.48214057087898254,0.15264877676963806,3.1379395333673523,0.017216704785823822,0.00448432844132185,0.22410179674625397,0.1840534508228302,0.49818286299705505,0.09893689986282579,0.42012786865234375,0.32560163736343384,1.2863617955008484,0.015475752763450146,0.001659524510614574,0.1822773665189743,0.18706725537776947,0.4714455306529999,0.08618655692729767,0.3919522762298584,0.2709845006465912,1.4410831326714086,0.013928135856986046,0.0018507015192881227,0.18249227106571198,0.15315952897071838,0.39309096336364746,0.047002743484224965,0.3245075047016144,0.24784602224826813,1.3040493947613134,0.014223050326108932,0.0018813232891261578,0.11272305250167847,0.1304197609424591,0.28548386693000793,0.013079561042524005,0.22795657813549042,0.16820690035820007,1.3472061579812706,0.007702022325247526,0.0007593329064548016
A02_s36,A02,2,low,2_low,test,193,155.40414507772022,0.575812114064993,0.9535782526356582,0.12783046066761017,0.12091431021690369,0.2504734992980957,0.026083676268861454,0.42424196004867554,0.12204910069704056,3.4477453117938874,0.01314509566873312,0.0029694729018956423,0.16341087222099304,0.13780441880226135,0.32490915060043335,0.022506858710562416,0.30242252349853516,0.23944208025932312,1.2577770212783241,0.013069674372673035,0.0014737294986844063,0.10266995429992676,0.1027241125702858,0.21411624550819397,0.009609053497942386,0.21799348294734955,0.14248976111412048,1.5192267465967462,0.008447772823274136,0.0005855716299265623,0.11794207990169525,0.10180725902318954,0.2124052345752716,0.010109739368998628,0.1978202909231186,0.1547580510377884,1.270048576013098,0.010001634247601032,0.0014556327369064093,0.05738432705402374,0.07058630883693695,0.10681003332138062,0.003662551440329218,0.10832496732473373,0.08064302802085876,1.3268122208433777,0.004757344257086515,0.00036065076710656285
A02_s37,A02,2,low,2_low,test,294,139.31632653061226,0.5275594193786146,0.9510279385634753,0.1851571798324585,0.17851421236991882,0.4114583432674408,0.0723045267489712,0.5525233745574951,0.17133836448192596,3.2060381692634734,0.02281634509563446,0.006772920954972506,0.2741091847419739,0.20371823012828827,0.561200737953186,0.14369684499314128,0.4938158392906189,0.3719736933708191,1.3239964321013271,0.018768930807709694,0.0024549351073801517,0.24531914293766022,0.22292855381965637,0.5665988922119141,0.13917009602194788,0.4934804141521454,0.33833205699920654,1.4542699517284312,0.019062312319874763,0.003316018730401993,0.22855165600776672,0.1982240378856659,0.5017335414886475,0.100960219478738,0.41965392231941223,0.3028053939342499,1.3813247911267648,0.018455473706126213,0.0029614462982863188,0.16362635791301727,0.15496061742305756,0.3797490894794464,0.029897119341563787,0.2967987656593323,0.23150549829006195,1.2765236428476257,0.010515800677239895,0.0012638248736038804
A02_s38,A02,2,low,2_low,test,247,150.09716599190284,0.578432077455336,0.950179349196499,0.15073023736476898,0.1466359794139862,0.33475378155708313,0.0476920438957476,0.476570725440979,0.13665688037872314,3.4620189280029616,0.017765024676918983,0.0044100601226091385,0.18915341794490814,0.170780211687088,0.37549063563346863,0.045963648834019204,0.339420884847641,0.2553224265575409,1.3241950359401955,0.015011577866971493,0.0026352531276643276,0.139304518699646,0.14076083898544312,0.30876123905181885,0.036526063100137174,0.2978074848651886,0.189779132604599,1.5610065985697301,0.011522777378559113,0.0011950817424803972,0.16337226331233978,0.1331433206796646,0.31706681847572327,0.025291495198902607,0.26524612307548523,0.21299083530902863,1.239520948139848,0.014157774858176708,0.0020588506013154984,0.08136523514986038,0.08644052594900131,0.19175627827644348,0.0030281207133058983,0.15145419538021088,0.11308638006448746,1.3275396703322624,0.006106434389948845,0.0004087585839442909
A02_s39,A02,2,low,2_low,test,261,163.42528735632183,0.571868631319565,0.9503576572798283,0.17304682731628418,0.16766014695167542,0.3811553120613098,0.05644718792866941,0.5028620362281799,0.15751884877681732,3.1722538998259573,0.0199346411973238,0.005359276197850704,0.2299424707889557,0.18604426085948944,0.4840092957019806,0.09155349794238683,0.44242098927497864,0.29512831568717957,1.4940178491486709,0.015879591926932335,0.0016788679640740156,0.18782688677310944,0.20178228616714478,0.47813931107521057,0.09169753086419753,0.42498189210891724,0.23911315202713013,1.7699234236902566,0.013938303105533123,0.0017417354974895716,0.18841920793056488,0.1540898233652115,0.3983561396598816,0.053425925925925925,0.3381059169769287,0.2328994870185852,1.44551799273533,0.014347933232784271,0.0017599064158275723,0.11702688038349152,0.1344800740480423,0.32311826944351196,0.027959533607681757,0.24665766954421997,0.15319007635116577,1.5996987314699846,0.007524775806814432,0.000563280307687819
A02_s40,A02,2,low,2_low,test,221,137.7239819004525,0.555048955162301,0.9546047906709161,0.13640069961547852,0.12446397542953491,0.26799243688583374,0.030281207133058985,0.4432523548603058,0.1236065924167633,3.5572143195906474,0.014631727710366249,0.0032861873041838408,0.15783755481243134,0.1204763650894165,0.3070213794708252,0.018113854595336078,0.27685195207595825,0.22330553829669952,1.2342626676910362,0.013190427795052528,0.001160206738859415,0.1139533519744873,0.11118592321872711,0.24402643740177155,0.017054183813443074,0.2322498857975006,0.159475639462471,1.4472594505648615,0.010043218731880188,0.0008942991844378412,0.13480083644390106,0.11825180053710938,0.26518550515174866,0.015905349794238684,0.22442704439163208,0.17750048637390137,1.2572909404937378,0.012017976492643356,0.0017556215170770884,0.0786166563630104,0.09320936352014542,0.1965949833393097,0.005061728395061729,0.1357634961605072,0.11409079283475876,1.179620826449855,0.006376311182975769,0.0005359156057238579
A02_s41,A02,2,low,2_low,test,193,154.22797927461139,0.5311991165097862,0.9515651372379387,0.12683460116386414,0.11719056218862534,0.24147726595401764,0.024156378600823047,0.41631004214286804,0.12366969138383865,3.3393043451203708,0.012483250349760056,0.0026769123505800962,0.14553511142730713,0.11087609827518463,0.30069777369499207,0.005905349794238683,0.26931074261665344,0.22131550312042236,1.211389843877757,0.01135543268173933,0.0007552363676950336,0.09635083377361298,0.09826838225126266,0.22394509613513947,0.006193415637860082,0.21845456957817078,0.14690272510051727,1.4770151762227859,0.008276179432868958,0.000599621853325516,0.11266160756349564,0.08852479606866837,0.21471677720546722,0.0052091906721536355,0.19435931742191315,0.15382643043994904,1.2553368108379748,0.00945239420980215,0.0010551128070801497,0.06421446055173874,0.07546691596508026,0.15555556118488312,0.0022222222222222222,0.12907914817333221,0.10021387040615082,1.2753108606099506,0.00512283481657505,0.00038223000592552125
A02_s42,A02,2,low,2_low,test,243,135.68312757201647,0.5378631398673462,0.9521965071560226,0.14657184481620789,0.14202627539634705,0.297821968793869,0.04275720164609054,0.4767456650733948,0.1404203474521637,3.371124973615674,0.016311844810843468,0.00459591019898653,0.20796732604503632,0.16659536957740784,0.4348742663860321,0.05646433470507545,0.3752518594264984,0.3076823055744171,1.2156571745445666,0.01584550365805626,0.0019303425215184689,0.15810582041740417,0.15269722044467926,0.382985919713974,0.03813443072702332,0.32825133204460144,0.238267183303833,1.3719028556781732,0.012908723205327988,0.001471290597692132,0.17817994952201843,0.1542975753545761,0.38718366622924805,0.04374485596707819,0.31621184945106506,0.2502437233924866,1.2585860660769101,0.015050974674522877,0.001992445671930909,0.11444791406393051,0.12372959405183792,0.281899631023407,0.008700274348422497,0.21074818074703217,0.17555654048919678,1.193658304377161,0.008836757391691208,0.0011050128377974033
A02_s43,A02,2,low,2_low,test,154,159.08441558441558,0.5728330726762998,0.9562308229807891,0.12161525338888168,0.11061272025108337,0.20691287517547607,0.0215877914951989,0.4289541244506836,0.123454250395298,3.4466811948022458,0.011149536818265915,0.0021871309727430344,0.1331004649400711,0.11542843282222748,0.2915394604206085,0.009471879286694102,0.27380502223968506,0.2187841236591339,1.2457907226471594,0.011427264660596848,0.0007052386063151062,0.08292392641305923,0.08241833001375198,0.1869174689054489,0.0033333333333333335,0.20808231830596924,0.13126884400844574,1.5731771141258526,0.007543331477791071,0.0004234756052028388,0.11336775869131088,0.1105755865573883,0.23950167000293732,0.01443758573388203,0.22198301553726196,0.17703117430210114,1.2468772191581399,0.009754853323101997,0.001168984454125166,0.05211348086595535,0.058968134224414825,0.10860215127468109,0.0009670781893004115,0.1108938530087471,0.08453823626041412,1.2964243577707153,0.004616755060851574,0.00026657874695956707
A02_s44,A02,2,low,2_low,test,159,159.43396226415095,0.5450509105407545,0.9547234291508129,0.11737383902072906,0.10237118601799011,0.19981060922145844,0.018045267489711934,0.39567050337791443,0.12505987286567688,3.138750614158728,0.009961067698895931,0.0015934969997033477,0.15180040895938873,0.16258670389652252,0.35274022817611694,0.025246913580246912,0.3328739106655121,0.26884934306144714,1.2335546453033746,0.01280789915472269,0.002697036601603031,0.09725360572338104,0.12384920567274094,0.2660565972328186,0.018137860082304526,0.2629167437553406,0.17700360715389252,1.4770304262881406,0.00815006997436285,0.0007615230861119926,0.09843774884939194,0.09865890443325043,0.2070116400718689,0.007949245541838134,0.20771880447864532,0.16046558320522308,1.2864587013235775,0.008399306796491146,0.0010146187851205468,0.0638713389635086,0.08477266877889633,0.17939068377017975,0.002318244170096022,0.1510368287563324,0.11652266979217529,1.2851718653381756,0.004615889862179756,0.0002584308385848999
A02_s45,A02,2,low,2_low,test,199,146.54773869346732,0.560141221282423,0.9526035062115007,0.13645176589488983,0.13456548750400543,0.266571968793869,0.029814814814814815,0.46148577332496643,0.1392577588558197,3.290269123716417,0.013813034631311893,0.0029743958730250597,0.18301893770694733,0.15204064548015594,0.3934438228607178,0.0466323731138546,0.37046051025390625,0.28962889313697815,1.2746857556220406,0.013900702819228172,0.001029411912895739,0.1263689547777176,0.14435400068759918,0.3438400328159332,0.03799382716049383,0.3174667954444885,0.20697087049484253,1.5264964496667883,0.010159800760447979,0.000936573778744787,0.13604754209518433,0.13630923628807068,0.31655314564704895,0.029276406035665295,0.27790871262550354,0.2061474472284317,1.3415985393198686,0.010361287742853165,0.0013649206375703216,0.08379112929105759,0.10870850831270218,0.2661290466785431,0.00512002743484225,0.18889403343200684,0.14396992325782776,1.3029877452308534,0.0058233062736690044,0.00044074023026041687
A02_s46,A02,2,low,2_low,test,226,151.31415929203538,0.5692236000840766,0.95057383101168,0.16062703728675842,0.17136159539222717,0.3432765007019043,0.05309670781893004,0.5405609607696533,0.17429566383361816,3.0837098245780146,0.018956169486045837,0.005564637016505003,0.26434579491615295,0.2677399218082428,0.6380288004875183,0.16363511659807956,0.6139619946479797,0.4177834093570709,1.4660609301370198,0.021098652854561806,0.0038728711660951376,0.2099120318889618,0.26449820399284363,0.5859261155128479,0.1345610425240055,0.5689905881881714,0.3415699601173401,1.6609471186360756,0.018004318699240685,0.003825331572443247,0.16804224252700806,0.1727537214756012,0.39694350957870483,0.056800411522633744,0.3814583122730255,0.2559155523777008,1.4847614663367281,0.014510653913021088,0.0022364214528352022,0.1256990134716034,0.15942774713039398,0.3560931980609894,0.03784979423868313,0.31073495745658875,0.21116438508033752,1.4645952822804205,0.009777954779565334,0.0012116467114537954
A02_s47,A02,2,low,2_low,test,192,154.00520833333334,0.5427214699153846,0.9556965781925607,0.12559817731380463,0.11862576007843018,0.24668560922145844,0.023954046639231823,0.4200144112110138,0.12182147055864334,3.419714886172693,0.012719288468360901,0.0026264574844390154,0.1687707155942917,0.14413362741470337,0.3224305808544159,0.020161179698216736,0.31156542897224426,0.25499624013900757,1.217070331982463,0.01391002256423235,0.0021473767701536417,0.09977654367685318,0.09196111559867859,0.20987968146800995,0.005322359396433471,0.22518743574619293,0.14721716940402985,1.5193073558998245,0.008631814271211624,0.0006874991813674569,0.11535590142011642,0.10792078822851181,0.22229351103305817,0.009619341563786007,0.20524467527866364,0.16448292136192322,1.2402770847257316,0.00951231550425291,0.0011085319565609097,0.05493343621492386,0.056345194578170776,0.11164874583482742,0.0009087791495198903,0.10218772292137146,0.08140534907579422,1.2400617686526871,0.004234116058796644,0.00029092252952978015
A02_s48,A02,2,low,2_low,test,170,156.11764705882354,0.5686517441940375,0.9549139074001363,0.11800987273454666,0.10955417156219482,0.21875,0.01897119341563786,0.4067516624927521,0.12067708373069763,3.342878133018022,0.011390523053705692,0.002038652542978525,0.13573752343654633,0.12077924609184265,0.28463438153266907,0.012753772290809328,0.2918720841407776,0.21522994339466095,1.3498226913376898,0.011658381670713425,0.0010507702827453613,0.07468156516551971,0.07210726290941238,0.16209116578102112,0.002321673525377229,0.1940120905637741,0.11177200824022293,1.7203922639250728,0.006864634342491627,0.00039604344055987895,0.08977649360895157,0.08500822633504868,0.1641196459531784,0.006093964334705076,0.1655862033367157,0.1255146861076355,1.3088298950197699,0.007266550790518522,0.000752899213694036,0.040012989193201065,0.03887065500020981,0.07921146601438522,0.00030521262002743485,0.08529658615589142,0.06009263917803764,1.3961843407569616,0.003324778750538826,0.00011520002590259537
A02_s49,A02,2,low,2_low,test,165,160.6,0.5629492028765248,0.9581103196902657,0.11751720309257507,0.10761240869760513,0.21590909361839294,0.018919753086419754,0.40485846996307373,0.12113082408905029,3.314957325333986,0.011015563271939754,0.0018880438292399049,0.15164341032505035,0.12884947657585144,0.33529582619667053,0.01877914951989026,0.2990108132362366,0.25021976232528687,1.1902360326615882,0.011480514891445637,0.0006675876211374998,0.08855442702770233,0.08666357398033142,0.2034400999546051,0.0025411522633744855,0.21145889163017273,0.14056812226772308,1.4936900217569986,0.007034932263195515,0.0003265639825258404,0.10739115625619888,0.1054353192448616,0.21022211015224457,0.008316186556927297,0.2001410722732544,0.1611921489238739,1.2339750943628727,0.008730226196348667,0.0010457270545884967,0.0469646081328392,0.04859006777405739,0.10089606046676636,0.0003257887517146776,0.09346940368413925,0.07537057250738144,1.2238929291135687,0.0035204337909817696,0.00012968598457518965
A03_s01,A03,3,low,3_low,test,306,183.8921568627451,0.5836701857288923,0.9468155067031987,0.21737127006053925,0.2009151577949524,0.4692234992980957,0.08681412894375858,0.5397031903266907,0.19377008080482483,2.7709758505851645,0.025683829560875893,0.008207063190639019,0.2841217815876007,0.22243769466876984,0.6295246481895447,0.1845679012345679,0.527912974357605,0.34472236037254333,1.52698533525207,0.01729600690305233,0.002195964567363262,0.26827412843704224,0.25402653217315674,0.6824266910552979,0.1962071330589849,0.5512036681175232,0.3235154449939728,1.6985437106938337,0.01762446202337742,0.002521793358027935,0.27058839797973633,0.18877454102039337,0.5279310345649719,0.12039094650205762,0.4352414011955261,0.323208749294281,1.3424727190211079,0.02008807100355625,0.0033904770389199257,0.1944779008626938,0.20514565706253052,0.533512532711029,0.12476337448559671,0.3922429382801056,0.24247905611991882,1.6109925203871223,0.011459816247224808,0.0012312480248510838
A03_s02,A03,3,low,3_low,test,189,165.4021164021164,0.5503118267721104,0.9557142552550804,0.12815254926681519,0.11189443618059158,0.25,0.02010973936899863,0.3972747325897217,0.1295681595802307,3.0426616555440282,0.011944758705794811,0.0021695049945265055,0.14242425560951233,0.11545957624912262,0.2951010465621948,0.00928326474622771,0.28153371810913086,0.21460802853107452,1.3057663948193599,0.010993719100952148,0.0008081358391791582,0.08855970203876495,0.0801287293434143,0.19039146602153778,0.0035185185185185185,0.20770587027072906,0.12743155658245087,1.6172494969130538,0.007820961065590382,0.0004951921873725951,0.11832285672426224,0.1037769764661789,0.21767042577266693,0.007434842249657065,0.21381621062755585,0.16572070121765137,1.2824814739018042,0.009207415394484997,0.0013303735759109259,0.04698829725384712,0.04324091970920563,0.09390681236982346,0.0006412894375857339,0.0951261892914772,0.06889957934617996,1.3608978792327437,0.0038651060312986374,0.00018162468040827662
A03_s03,A03,3,low,3_low,test,170,154.54117647058823,0.5626887688879718,0.9555533962518686,0.11721248179674149,0.09794411808252335,0.20075757801532745,0.013988340192043897,0.3763051927089691,0.1189584955573082,3.136961587928514,0.010160138830542564,0.0017941363621503115,0.1350814402103424,0.10780148953199387,0.2842782437801361,0.006999314128943759,0.2753475308418274,0.2163538783788681,1.2668167363541172,0.011737129651010036,0.0006868111668154597,0.07477240264415741,0.0632987767457962,0.16243009269237518,0.0004149519890260631,0.1859923005104065,0.11363504081964493,1.62247336574013,0.006955898832529783,0.0003099786990787834,0.10626938939094543,0.09184744954109192,0.1925002783536911,0.008535665294924555,0.19031281769275665,0.1537707895040512,1.2296429985438249,0.008451782166957855,0.0009173385333269835,0.04027042165398598,0.03365147113800049,0.08028674125671387,0.0003189300411522634,0.08068851381540298,0.060858458280563354,1.3044055099051224,0.003344721859320998,9.237102494807914e-05
A03_s04,A03,3,low,3_low,test,159,170.0691823899371,0.5423614229133465,0.9542413957948759,0.12281351536512375,0.1034039705991745,0.21638257801532745,0.016508916323731138,0.38874462246894836,0.13218870759010315,2.9187506170968716,0.009891771711409092,0.0014709276147186756,0.15799757838249207,0.14165309071540833,0.34750691056251526,0.03726680384087792,0.34084320068359375,0.2710806131362915,1.252728729014064,0.01146404817700386,0.000636724813375622,0.1025376170873642,0.12740157544612885,0.24861040711402893,0.028559670781893004,0.2746385335922241,0.17781582474708557,1.5358737627425803,0.007862415164709091,0.0004864076618105173,0.11343018710613251,0.10678654909133911,0.24091428518295288,0.014108367626886146,0.2325575053691864,0.1758641004562378,1.3148937787220931,0.008073458448052406,0.0005809208378195763,0.0646476224064827,0.09091758728027344,0.14695340394973755,0.004279835390946502,0.15518778562545776,0.11502039432525635,1.3375905721402561,0.004380897618830204,0.00020518404198810458
A03_s05,A03,3,low,3_low,test,159,166.8238993710692,0.5712765308271696,0.9568289596113525,0.121696338057518,0.10694395005702972,0.21448864042758942,0.015126886145404663,0.3959503769874573,0.12413203716278076,3.164260615947429,0.010377009399235249,0.0017474479973316193,0.13803911209106445,0.11833321303129196,0.29198285937309265,0.010925925925925926,0.27988123893737793,0.22952203452587128,1.2141192468348059,0.012097249738872051,0.0011948816245421767,0.08023595809936523,0.07319293916225433,0.1781053990125656,0.0006995884773662552,0.19851748645305634,0.125707745552063,1.5667352109227404,0.00721535412594676,0.00034858493017964065,0.1097179651260376,0.09476981312036514,0.21356101334095,0.0060459533607681755,0.20318683981895447,0.16495440900325775,1.2243533693338984,0.009209110401570797,0.0009774100035429,0.04757850617170334,0.04322933778166771,0.09569892287254333,0.0003120713305898491,0.09716522693634033,0.07492993026971817,1.2796696453057468,0.003890490857884288,0.0001298354472965002
A03_s06,A03,3,low,3_low,test,236,170.75,0.5249629030120365,0.9466254100714506,0.17160823941230774,0.1613805592060089,0.35606059432029724,0.05526406035665295,0.49807125329971313,0.18332117795944214,2.7021922212829406,0.016931939870119095,0.004279549699276686,0.28977298736572266,0.28403881192207336,0.7080971002578735,0.2130829903978052,0.6794074773788452,0.45689067244529724,1.4837766267449177,0.0202937051653862,0.003344963537529111,0.2505016624927521,0.2937961220741272,0.6987883448600769,0.19147462277091906,0.6631572842597961,0.40451186895370483,1.6353585062031941,0.01909552700817585,0.0037665327545255423,0.2329545021057129,0.24852155148983002,0.5922690033912659,0.1480727023319616,0.5582588911056519,0.35623443126678467,1.5627242008168607,0.018219558522105217,0.003507110755890608,0.1741556078195572,0.20972837507724762,0.4790322482585907,0.08807613168724279,0.43905147910118103,0.2840522229671478,1.5402492726807522,0.01121984701603651,0.001445399015210569
A03_s07,A03,3,low,3_low,test,106,186.16981132075472,0.5347850212782923,0.9575166192674348,0.10500843077898026,0.07689670473337173,0.14678029716014862,0.0043621399176954736,0.32885923981666565,0.11534548550844193,2.8265749923988577,0.006453351117670536,0.000795638479758054,0.11928760260343552,0.12079330533742905,0.2681348919868469,0.0077777777777777776,0.2781808376312256,0.23002693057060242,1.2041056726337487,0.010456448420882225,0.0011455881176516414,0.05632396042346954,0.05481719225645065,0.12565666437149048,0.001056241426611797,0.16758817434310913,0.10158804804086685,1.6336033050979673,0.004863993730396032,0.00020034941553603858,0.07769246399402618,0.08286664634943008,0.13856424391269684,0.0026611796982167354,0.16004660725593567,0.12224458903074265,1.298609606430778,0.005636127199977636,0.0009185724193230271,0.03104987181723118,0.026765910908579826,0.06362006813287735,0.0,0.0750172957777977,0.05445081368088722,1.3528619473379278,0.002322589047253132,4.183648343314417e-05
A03_s08,A03,3,low,3_low,test,110,162.14545454545456,0.5650045640696648,0.9524875546203698,0.11053088307380676,0.09535299241542816,0.15246212482452393,0.013487654320987655,0.4128299653530121,0.1243036612868309,3.294636095333309,0.00815623626112938,0.0014697969891130924,0.1321098804473877,0.12246164679527283,0.3025875985622406,0.013895747599451303,0.306789755821228,0.25967878103256226,1.1768881019238229,0.01217325497418642,0.0009806473972275853,0.0633874163031578,0.059952352195978165,0.1418403685092926,0.0006858710562414266,0.19577553868293762,0.11750328540802002,1.652068446953691,0.005734262987971306,0.00022331812942866236,0.08440406620502472,0.06087566167116165,0.15114931762218475,0.0013305898491083677,0.16586001217365265,0.1299041211605072,1.2670343049802422,0.006251251790672541,0.0004836913722101599,0.03289240598678589,0.0292606670409441,0.06917563080787659,1.7146776406035666e-05,0.08308159559965134,0.06060796231031418,1.3485528896602075,0.0026906386483460665,5.727937241317704e-05
A03_s09,A03,3,low,3_low,test,170,150.01764705882354,0.5422659642340049,0.953027572318365,0.12536808848381042,0.10525587201118469,0.21070075035095215,0.019482167352537723,0.4061436653137207,0.13358953595161438,3.0176466724703723,0.01049596443772316,0.0019230879843235016,0.15693965554237366,0.1387968361377716,0.34750691056251526,0.029732510288065842,0.3328835666179657,0.2719034254550934,1.2197852264508937,0.011869300156831741,0.0007693937513977289,0.10247713327407837,0.12124165892601013,0.24622945487499237,0.021971879286694102,0.2683027386665344,0.18296146392822266,1.458472513413025,0.00801766011863947,0.0005614776164293289,0.1307365447282791,0.1400197595357895,0.2867599129676819,0.03412551440329218,0.26837971806526184,0.21462281048297882,1.244672200794116,0.009941193275153637,0.001132630743086338,0.06749848276376724,0.09857005625963211,0.1713261604309082,0.00639917695473251,0.162844717502594,0.12490689009428024,1.2933741543505233,0.0049222190864384174,0.00041264190804213285
A03_s10,A03,3,low,3_low,test,241,154.5643153526971,0.5379161504156634,0.9514340783609441,0.16330453753471375,0.15263181924819946,0.33049243688583374,0.04559670781893004,0.4825645387172699,0.1672353297472,2.868390007273733,0.017213109880685806,0.004348545800894499,0.25050246715545654,0.23144079744815826,0.6000944972038269,0.15877914951989025,0.5225892663002014,0.37372294068336487,1.3946017432164137,0.018304020166397095,0.0025802268646657467,0.21058428287506104,0.2424706667661667,0.5868496894836426,0.14310013717421124,0.5047980546951294,0.3206353485584259,1.5694731843301468,0.01643536239862442,0.0026956612709909678,0.18989793956279755,0.17457130551338196,0.4302040934562683,0.06473251028806584,0.37141427397727966,0.2650645077228546,1.3959557295186562,0.0152937863022089,0.0022705639712512493,0.1323378086090088,0.15492886304855347,0.36953404545783997,0.03399519890260631,0.28783005475997925,0.2042059749364853,1.402639737215583,0.008942745625972748,0.0008902709232643247
A03_s11,A03,3,low,3_low,test,221,178.289592760181,0.5585752952150331,0.949434194729301,0.1498190313577652,0.12457282096147537,0.30350378155708313,0.028830589849108367,0.4084177613258362,0.1488533765077591,2.7254491746783507,0.013822474516928196,0.002749193925410509,0.19163210690021515,0.1732446700334549,0.4065271019935608,0.046834705075445814,0.3723510503768921,0.2767343521118164,1.3406733720392745,0.01454048790037632,0.0022045434452593327,0.1422416865825653,0.15678957104682922,0.36205726861953735,0.046536351165980795,0.33777645230293274,0.20731565356254578,1.6214645732396533,0.011545801535248756,0.0013406560756266117,0.16847066581249237,0.15586194396018982,0.38243216276168823,0.04820644718792867,0.32691502571105957,0.23345153033733368,1.3943821362167588,0.013388184830546379,0.0019234371138736606,0.09883464872837067,0.12979523837566376,0.2985663115978241,0.02216735253772291,0.224818155169487,0.15140226483345032,1.475162822646861,0.006564103066921234,0.0004800463211722672
A03_s12,A03,3,low,3_low,test,206,159.61165048543688,0.5707986304869446,0.9522958164504449,0.1396961510181427,0.12350112199783325,0.28314393758773804,0.028381344307270233,0.4283275008201599,0.13398891687393188,3.17305680154602,0.013666129671037197,0.0031512563582509756,0.15367391705513,0.1488758623600006,0.31399911642074585,0.013460219478737998,0.2930465638637543,0.2338322103023529,1.2478976520573937,0.0129773560911417,0.0027225681114941835,0.10361306369304657,0.10157768428325653,0.22885951399803162,0.00801440329218107,0.23319777846336365,0.15389935672283173,1.5054793215225208,0.00889840628951788,0.0006262048846110702,0.1273920238018036,0.10812889784574509,0.24348266422748566,0.010085733882030178,0.22265148162841797,0.17534108459949493,1.2626183066419434,0.010317046195268631,0.0012074519181624055,0.06231972947716713,0.06626681983470917,0.129928320646286,0.0015603566529492456,0.12081334739923477,0.09575510770082474,1.248650849243021,0.004737635143101215,0.00020488662994466722
A03_s13,A03,3,low,3_low,test,251,157.32270916334662,0.5413296645399983,0.9506263676768979,0.18561510741710663,0.17482733726501465,0.3797348439693451,0.06068244170096022,0.5375515818595886,0.19649134576320648,2.721899432009121,0.019874483346939087,0.005477712024003267,0.3030417859554291,0.2783987522125244,0.71943598985672,0.23752400548696845,0.6554579734802246,0.45365259051322937,1.4416677418252877,0.019806701689958572,0.0030593997798860073,0.27913740277290344,0.3081124424934387,0.7509744167327881,0.239619341563786,0.6726644039154053,0.43095648288726807,1.5572503957324728,0.01966741308569908,0.003859036136418581,0.2321942001581192,0.20787730813026428,0.5396171808242798,0.12210219478737998,0.4743998646736145,0.32871749997138977,1.4388070536589022,0.017267167568206787,0.0027315919287502766,0.1841462254524231,0.20638497173786163,0.4980286657810211,0.09852537722908093,0.40917667746543884,0.28928229212760925,1.4095819433779417,0.011125233955681324,0.0013049246044829488
A03_s14,A03,3,low,3_low,test,213,160.018779342723,0.5583274533247431,0.9500865256541525,0.13645370304584503,0.1145845353603363,0.2660984992980957,0.024358710562414267,0.39891281723976135,0.13103047013282776,3.021369361469664,0.012791176326572895,0.0024923759046941996,0.1661195009946823,0.14399993419647217,0.3594999313354492,0.029766803840877914,0.3300662040710449,0.25945401191711426,1.267272489456157,0.012602814473211765,0.0012295773485675454,0.11507559567689896,0.12853772938251495,0.26885274052619934,0.02648148148148148,0.2803642153739929,0.1821793019771576,1.5305452763923855,0.00913946982473135,0.0008276326698251069,0.1378004103899002,0.13615930080413818,0.3180941939353943,0.0343244170096022,0.27555447816848755,0.21255888044834137,1.2902974467275434,0.010421358980238438,0.0011408841237425804,0.07804050296545029,0.10678306967020035,0.20716845989227295,0.00869684499314129,0.17942042648792267,0.1304081380367279,1.3653676946383304,0.005416841246187687,0.00042167966603301466
A03_s15,A03,3,low,3_low,test,232,160.43103448275863,0.5645588747487326,0.9490887308643053,0.15440219640731812,0.14242009818553925,0.3229166567325592,0.04002400548696845,0.4573212265968323,0.15801173448562622,2.8760218739590666,0.01591995730996132,0.0037314072251319885,0.2261858582496643,0.20760656893253326,0.5266754031181335,0.11469478737997256,0.4766305983066559,0.3527069389820099,1.3475296800182315,0.01540291029959917,0.001723405672237277,0.17683784663677216,0.20764578878879547,0.5044060349464417,0.10191700960219478,0.43534529209136963,0.2815903127193451,1.5405527808157151,0.01231958344578743,0.0012460325378924608,0.1813201606273651,0.17598116397857666,0.40824440121650696,0.05944101508916324,0.3657166659832001,0.27007773518562317,1.3491210029948493,0.014063997194170952,0.002293654717504978,0.11675668507814407,0.14914748072624207,0.3560931980609894,0.0306721536351166,0.26815125346183777,0.19220183789730072,1.387933243183626,0.0069884806871414185,0.0005231270915828645
A03_s16,A03,3,low,3_low,test,205,160.2829268292683,0.5564339276873521,0.9508043354322011,0.13825258612632751,0.12031485140323639,0.26325756311416626,0.02332304526748971,0.40842294692993164,0.14095692336559296,2.8770907205285616,0.012656635604798794,0.002771303290501237,0.19679692387580872,0.20524229109287262,0.4511556923389435,0.07925582990397806,0.4423588514328003,0.305594265460968,1.442815151052185,0.015107818879187107,0.0026660305447876453,0.13929390907287598,0.18394282460212708,0.40306729078292847,0.06787037037037037,0.396636426448822,0.221368670463562,1.783688437862995,0.010734517127275467,0.0011988031910732388,0.14541813731193542,0.14342448115348816,0.3306792676448822,0.03708161865569273,0.3190464675426483,0.20737285912036896,1.5311325519526873,0.010896915569901466,0.00123728031758219,0.08963571488857269,0.12609007954597473,0.2637992799282074,0.020881344307270233,0.24143975973129272,0.1445113867521286,1.6592499399553748,0.00608464889228344,0.0004260114801581949
A03_s17,A03,3,low,3_low,test,213,161.70892018779344,0.5512550799070055,0.9531868042563479,0.13821758329868317,0.11361125111579895,0.27414771914482117,0.022071330589849107,0.3985220789909363,0.1347896009683609,2.934849768678474,0.012941698543727398,0.0022170355077832937,0.16791637241840363,0.1657354086637497,0.3298444449901581,0.025853909465020575,0.31608960032463074,0.246383398771286,1.2777316582058356,0.01243409514427185,0.0017288251547142863,0.11650772392749786,0.1188008263707161,0.24555160105228424,0.02231824417009602,0.2584473490715027,0.17070968449115753,1.5051413660061315,0.009187626652419567,0.0007059812196530402,0.14702704548835754,0.12127680331468582,0.2891998887062073,0.021169410150891632,0.2527619004249573,0.204215869307518,1.2316878868962666,0.010986510664224625,0.0012481617741286755,0.07396760582923889,0.08428279310464859,0.14713262021541595,0.002321673525377229,0.1447376012802124,0.11396676301956177,1.2589516959400264,0.005190012976527214,0.0003015085239894688
A03_s18,A03,3,low,3_low,test,266,153.69924812030075,0.5678750177607018,0.9497584684334077,0.18486206233501434,0.16631539165973663,0.3858901560306549,0.05986968449931413,0.5164283514022827,0.18296819925308228,2.8071609848821755,0.020078103989362717,0.0053751845844089985,0.2700522840023041,0.2394130378961563,0.5745747685432434,0.16103566529492455,0.5068650841712952,0.3832762837409973,1.3190121420892131,0.01802140846848488,0.0038104180712252855,0.23629702627658844,0.23455479741096497,0.5868496894836426,0.15670438957475993,0.4962271451950073,0.342746764421463,1.4435834647932577,0.016818376258015633,0.0030072303488850594,0.2326073795557022,0.19475580751895905,0.5025040507316589,0.101639231824417,0.4308684468269348,0.3135145306587219,1.3699476648170126,0.017441706731915474,0.0025819186121225357,0.1818394511938095,0.1961992084980011,0.4862007200717926,0.08943072702331961,0.3563677668571472,0.2742525637149811,1.2946937243649415,0.010359709151089191,0.000984660699032247
A03_s19,A03,3,low,3_low,test,278,162.26618705035972,0.5776208361578362,0.9515254803535835,0.1736183613538742,0.15857583284378052,0.37310606241226196,0.04932098765432099,0.4679541289806366,0.1572757065296173,2.956575833658154,0.01900867186486721,0.005270115099847317,0.22165773808956146,0.1848764270544052,0.4883776605129242,0.09419410150891633,0.4164959490299225,0.28307944536209106,1.4661249021345129,0.014962327666580677,0.0015461364528164268,0.18836428225040436,0.20392324030399323,0.49923741817474365,0.0996604938271605,0.41097593307495117,0.2404414564371109,1.7021763335079927,0.013910869136452675,0.001858310541138053,0.1946725845336914,0.14777633547782898,0.39193516969680786,0.04645061728395062,0.3202221989631653,0.2408256083726883,1.324186471060817,0.01524513028562069,0.0022750378120690584,0.12223023176193237,0.13943077623844147,0.34856629371643066,0.029032921810699587,0.24721522629261017,0.1612733155488968,1.5234496531755302,0.008167761377990246,0.0007671984494663775
A03_s20,A03,3,low,3_low,test,274,184.97445255474452,0.5527182413942464,0.9484893661389645,0.19862644374370575,0.170352965593338,0.4105113744735718,0.06571330589849109,0.49646255373954773,0.19102193415164948,2.5854471049513856,0.02004036121070385,0.00543755991384387,0.28334155678749084,0.23573553562164307,0.6175315976142883,0.19949588477366256,0.5524073839187622,0.3849754333496094,1.4311982996555168,0.018829235807061195,0.002634129486978054,0.26310110092163086,0.26431477069854736,0.6483646631240845,0.21521947873799727,0.5697464942932129,0.36335211992263794,1.563724932941754,0.018438059836626053,0.003311244770884514,0.24783924221992493,0.2189020812511444,0.5626041889190674,0.1491323731138546,0.47966596484184265,0.330141544342041,1.4485224612783365,0.017916865646839142,0.003249814035370946,0.19794493913650513,0.20956182479858398,0.5094981789588928,0.10839849108367627,0.41131144762039185,0.2850886583328247,1.4377062342048097,0.012561759911477566,0.0016782577149569988
A03_s21,A03,3,low,3_low,test,164,170.6890243902439,0.5510267167237117,0.9583807182423877,0.11989285796880722,0.09249672293663025,0.20549242198467255,0.011121399176954733,0.35469624400138855,0.12163908034563065,2.8921958889593515,0.009505052119493484,0.0013432082487270236,0.11593889445066452,0.10032685101032257,0.24254979193210602,0.005778463648834019,0.23093517124652863,0.18381698429584503,1.2495343548992235,0.008960463106632233,0.0005787898553535342,0.07598554342985153,0.07733587175607681,0.1589561104774475,0.0054698216735253775,0.18562166392803192,0.11944364756345749,1.54114947266301,0.006116197910159826,0.00027223475626669824,0.10868068784475327,0.09176929295063019,0.20624111592769623,0.005044581618655693,0.19600987434387207,0.15981636941432953,1.2188428022452709,0.007821724750101566,0.0007338995928876102,0.046259090304374695,0.05325620248913765,0.08781362324953079,0.0008161865569272977,0.09881164878606796,0.07546911388635635,1.2921772433889542,0.0032427089754492044,8.912238263292238e-05
A03_s22,A03,3,low,3_low,test,151,180.40397350993376,0.5551617366821713,0.9547365499574963,0.1164620965719223,0.08936463296413422,0.19602273404598236,0.007431412894375857,0.34733396768569946,0.1194600984454155,2.8833943535509237,0.008775405585765839,0.0011587627232074738,0.1149756982922554,0.09968707710504532,0.2506251037120819,0.005675582990397806,0.2489805668592453,0.1891673356294632,1.3092709430623688,0.00914908479899168,0.00042574212420731783,0.06646446883678436,0.06728652864694595,0.144890695810318,0.0015329218106995884,0.17834359407424927,0.10514890402555466,1.6801265704195514,0.00554884085431695,0.0002049956237897277,0.08731873333454132,0.06628046184778214,0.16399122774600983,0.001189986282578875,0.16277319192886353,0.12338440865278244,1.3086301867884655,0.006366899702697992,0.0004169277672190219,0.039239123463630676,0.041013751178979874,0.07724014669656754,0.0008161865569272977,0.09034567326307297,0.061355896294116974,1.4488713759631535,0.002965736435726285,9.61773912422359e-05
A03_s23,A03,3,low,3_low,test,248,144.1209677419355,0.5579311072957027,0.9505094057775989,0.14622832834720612,0.12623661756515503,0.2973484992980957,0.031114540466392317,0.42754992842674255,0.1367119550704956,3.1046682055154693,0.015015311539173126,0.00330259557813406,0.188710018992424,0.15205176174640656,0.4182294011116028,0.04604938271604938,0.3478887677192688,0.27705466747283936,1.251152411434528,0.013083238154649734,0.0009707747376523912,0.1448485553264618,0.14794227480888367,0.3825622797012329,0.03602880658436214,0.30978602170944214,0.21637487411499023,1.4251234093668381,0.010631371289491653,0.0008745433879084885,0.16910657286643982,0.14452381432056427,0.3613714277744293,0.037914951989026065,0.2906130254268646,0.23080115020275116,1.2537169257903684,0.013226727955043316,0.0017200460424646735,0.09224244207143784,0.10217620432376862,0.25627240538597107,0.003957475994513031,0.17517127096652985,0.140901118516922,1.2344601141790177,0.005967866629362106,0.00033857201924547553
A03_s24,A03,3,low,3_low,test,275,176.15636363636364,0.5683228322137354,0.9457080648335857,0.20501355826854706,0.18943855166435242,0.4327651560306549,0.07698559670781893,0.5433984398841858,0.20383064448833466,2.6529157355413826,0.022052181884646416,0.00601278617978096,0.31340059638023376,0.2782980799674988,0.725250780582428,0.2486145404663923,0.6490972638130188,0.4291563928127289,1.5089796982178227,0.020260674878954887,0.0032504566479474306,0.3066644072532654,0.3105667531490326,0.7685985565185547,0.2563374485596708,0.6837719678878784,0.4234801232814789,1.6108456683481958,0.021890202537178993,0.004541149828583002,0.2562772333621979,0.20990332961082458,0.5442402362823486,0.12810356652949245,0.4789361357688904,0.33183515071868896,1.4389590003781945,0.01870981976389885,0.0030764031689614058,0.21475213766098022,0.21963223814964294,0.5405017733573914,0.12992798353909465,0.44864869117736816,0.30431067943573,1.4694824694850277,0.012854005210101604,0.0015458882553502917
A03_s25,A03,3,low,3_low,test,281,168.65836298932385,0.5393916874568888,0.9512672250821452,0.17393793165683746,0.14684760570526123,0.360321968793869,0.04592935528120713,0.4445280432701111,0.16176463663578033,2.7311094870370085,0.018080629408359528,0.004119411576539278,0.20817135274410248,0.16900195181369781,0.4599505662918091,0.07830589849108367,0.39257073402404785,0.2696349620819092,1.450554396239589,0.01271052099764347,0.0013137637870386243,0.1821194440126419,0.19111508131027222,0.4937298893928528,0.09693758573388203,0.39521563053131104,0.23823125660419464,1.6520233858286786,0.011960575357079506,0.001164546119980514,0.20487505197525024,0.17439976334571838,0.4742518365383148,0.08534979423868312,0.3724250793457031,0.2607027292251587,1.4230844303701675,0.013310649432241917,0.001542943879030645,0.1330779790878296,0.16434024274349213,0.421684592962265,0.054969135802469135,0.2829079031944275,0.1831008493900299,1.5367006949276385,0.007486236747354269,0.0005402258248068392
A03_s26,A03,3,low,3_low,test,298,165.6744966442953,0.553086045696774,0.9476657827660805,0.19955649971961975,0.182856485247612,0.4266098439693451,0.07324417009602195,0.5251152515411377,0.18397197127342224,2.8388909299394434,0.022883199155330658,0.007007384207099676,0.30785655975341797,0.2918057441711426,0.6751708388328552,0.21395404663923182,0.5805156826972961,0.40375974774360657,1.434222859198493,0.019824448972940445,0.0034952149726450443,0.274571031332016,0.2724529802799225,0.689544141292572,0.20195816186556928,0.5848587155342102,0.3577669560909271,1.630191146661739,0.019411085173487663,0.0032769027166068554,0.249721959233284,0.19717586040496826,0.5281878709793091,0.1174074074074074,0.4591269791126251,0.305435448884964,1.4982828546216322,0.018975630402565002,0.0031181375961750746,0.20150871574878693,0.20734921097755432,0.5069892406463623,0.1048045267489712,0.41043850779533386,0.26682615280151367,1.532481064683442,0.01287942472845316,0.0016466452507302165
A03_s27,A03,3,low,3_low,test,212,162.89150943396226,0.5482161417455977,0.9545108233257887,0.14212386310100555,0.11994510889053345,0.2807765007019043,0.027085048010973937,0.41498303413391113,0.13768307864665985,2.992311954591195,0.013513714075088501,0.002667228924110532,0.15978190302848816,0.12650498747825623,0.3223578929901123,0.02218792866941015,0.3044041693210602,0.23225979506969452,1.3050005862780973,0.011474469676613808,0.0008159832796081901,0.11909071356058121,0.1241292729973793,0.25605830550193787,0.025733882030178328,0.26876795291900635,0.17613959312438965,1.5172664009128332,0.00898035243153572,0.0006256851484067738,0.14927175641059875,0.13642221689224243,0.30871957540512085,0.03426611796982167,0.27135130763053894,0.20967456698417664,1.2880117021952613,0.01123339869081974,0.001447381917387247,0.08855503797531128,0.11851567029953003,0.2084229439496994,0.024324417009602195,0.1858217865228653,0.13941232860088348,1.3234007894780835,0.005877412855625153,0.0003854069800581783
A03_s28,A03,3,low,3_low,test,287,158.0034843205575,0.5337889924285889,0.9465985147053134,0.1941712200641632,0.18484321236610413,0.41477271914482117,0.07080589849108368,0.5382001996040344,0.2002861499786377,2.673806417685236,0.021316083148121834,0.006098297890275717,0.2944042980670929,0.2586342692375183,0.6759703159332275,0.23400548696844994,0.6118887066841125,0.43274781107902527,1.4107015437425032,0.01760534569621086,0.002115344861522317,0.2779395580291748,0.2927206754684448,0.7206405401229858,0.2447565157750343,0.6406092047691345,0.42013877630233765,1.5211356465291097,0.018240392208099365,0.0030312954913824797,0.24015453457832336,0.2171511948108673,0.5531011819839478,0.13246570644718794,0.4853384494781494,0.3397383391857147,1.4243728798995596,0.01692027598619461,0.0026205875910818577,0.2242906391620636,0.24744264781475067,0.592293918132782,0.17695130315500684,0.4946790933609009,0.35307854413986206,1.397088588246966,0.012187536805868149,0.001485871383920312
A03_s29,A03,3,low,3_low,test,209,155.7224880382775,0.548101643035788,0.9481740875818562,0.14208844304084778,0.12697415053844452,0.2769886255264282,0.030593278463648833,0.43456870317459106,0.14428813755512238,2.991081794339304,0.013820331543684006,0.0030529722571372986,0.17611223459243774,0.16382703185081482,0.42084604501724243,0.06141632373113855,0.3875226080417633,0.28081777691841125,1.375082197720815,0.012235796079039574,0.0009668442653492093,0.14204153418540955,0.1766049563884735,0.4162006378173828,0.06874485596707819,0.36987701058387756,0.2346145212650299,1.5698396202321636,0.010562714189291,0.0011262247571721673,0.1467423439025879,0.12780070304870605,0.3192499577999115,0.02388545953360768,0.2853466272354126,0.21786098182201385,1.3037802574945379,0.011317579075694084,0.001243935781531036,0.10019546002149582,0.12831123173236847,0.3080645203590393,0.02036008230452675,0.2373940795660019,0.16989439725875854,1.389127340474207,0.006212918553501368,0.00037631543818861246
A03_s30,A03,3,low,3_low,test,21,255.71428571428572,0.8093014413138503,0.9388912439810995,0.20555566251277924,0.369999498128891,0.3712121248245239,0.06110082304526749,2.622584342956543,0.4688420295715332,5.58184278521906,0.021123889833688736,0.009764529764652252,0.17675445973873138,0.14921993017196655,0.38036778569221497,0.04234567901234568,0.2564074993133545,0.1524452567100525,1.6710030978530517,0.01235475018620491,0.0013024737127125263,0.14250390231609344,0.15209734439849854,0.36781901121139526,0.04607681755829904,0.18253962695598602,0.12653802335262299,1.431256515959104,0.010497810319066048,0.0009108757367357612,0.15550203621387482,0.13013719022274017,0.3121868968009949,0.025161179698216737,0.09659440815448761,0.10614870488643646,0.901498606603458,0.012338122352957726,0.0015461778966709971,0.10122132301330566,0.11567998677492142,0.2940860092639923,0.0074417009602194785,0.05446423962712288,0.06812728941440582,0.7878833393946555,0.006483613979071379,0.00036077151889912784
A03_s31,A03,3,low,3_low,test,277,189.03249097472923,0.5591466341543765,0.9472799313157532,0.20131507515907288,0.1755283921957016,0.4180871248245239,0.0691803840877915,0.5005144476890564,0.18810708820819855,2.6467249452755155,0.021366408094763756,0.005900831427425146,0.28689903020858765,0.23411671817302704,0.626908004283905,0.18589163237311385,0.5459626913070679,0.3671696186065674,1.4829107664380459,0.018910570070147514,0.0029387229587882757,0.2736562192440033,0.2634231448173523,0.666327714920044,0.20204046639231824,0.5701870322227478,0.35183465480804443,1.6160176571458136,0.018968813121318817,0.003144561778753996,0.26262804865837097,0.21484574675559998,0.5745471715927124,0.14959876543209877,0.48171117901802063,0.3221025764942169,1.490892410220822,0.019234975799918175,0.003321415511891246,0.22661736607551575,0.23681238293647766,0.584050178527832,0.16097050754458161,0.459166556596756,0.3015446364879608,1.5176820251283074,0.013076732866466045,0.0015704402467235923
A03_s32,A03,3,low,3_low,test,283,212.565371024735,0.5756013745911888,0.9433761108517176,0.21768681704998016,0.20031452178955078,0.4673295319080353,0.0866838134430727,0.5297605991363525,0.19266767799854279,2.735410496016473,0.02422061562538147,0.007509360555559397,0.30326732993125916,0.264545202255249,0.679967999458313,0.22183813443072703,0.5943523645401001,0.3679051697254181,1.6111250622551208,0.01775178499519825,0.002533666556701064,0.2841762602329254,0.2875223457813263,0.7286900281906128,0.2362928669410151,0.6203784346580505,0.3419843018054962,1.8087662653722922,0.017509734258055687,0.002735324902459979,0.2632765769958496,0.19646792113780975,0.5366635322570801,0.12803840877914952,0.455983966588974,0.31271734833717346,1.4534866146417154,0.018519040197134018,0.0032161762937903404,0.19313372671604156,0.20209963619709015,0.5111111402511597,0.10814814814814815,0.4085555672645569,0.2391158640384674,1.7014934390136958,0.010449059307575226,0.0010441308841109276
A03_s33,A03,3,low,3_low,test,279,199.6021505376344,0.5504378926203599,0.9478871216492767,0.20506758987903595,0.1820104867219925,0.436553031206131,0.07387860082304527,0.5040437579154968,0.18805932998657227,2.6660612726771853,0.022089114412665367,0.0063223931938409805,0.2845841646194458,0.2586429715156555,0.6506759524345398,0.19256858710562413,0.5824546217918396,0.3542604446411133,1.6395144198511589,0.01636260189116001,0.0018911596853286028,0.2541418969631195,0.25727441906929016,0.6765802502632141,0.1954423868312757,0.5684198141098022,0.3203309178352356,1.7689546276442125,0.015687700361013412,0.0020250920206308365,0.2619621753692627,0.23064416646957397,0.5989468097686768,0.15513374485596707,0.5071755647659302,0.3177952766418457,1.5909130464806809,0.018288742750883102,0.0030921620782464743,0.1825176328420639,0.20539262890815735,0.5037634372711182,0.10295610425240055,0.40522515773773193,0.23532499372959137,1.714694460973519,0.010704925283789635,0.0011933519272133708
A03_s34,A03,3,low,3_low,test,228,150.19736842105263,0.5599422138577966,0.9534066779492094,0.14269794523715973,0.1260683536529541,0.2874053120613098,0.030188614540466393,0.4271235466003418,0.14024831354618073,3.023919619831036,0.014314576052129269,0.0030482031870633364,0.16934408247470856,0.15640655159950256,0.345108300447464,0.03347050754458162,0.3220931589603424,0.24711346626281738,1.298168792737598,0.012529143132269382,0.0018132963450625539,0.12634369730949402,0.13876618444919586,0.30867648124694824,0.03406035665294924,0.286782443523407,0.18713346123695374,1.5243563884800113,0.009866343811154366,0.0009927169885486364,0.13911370933055878,0.11488701403141022,0.2844483554363251,0.01623113854595336,0.24545855820178986,0.19211870431900024,1.2710242597544192,0.010554549284279346,0.0011099333642050624,0.08183792978525162,0.10451944172382355,0.23763440549373627,0.007462277091906722,0.168569877743721,0.1276210993528366,1.3105927300566442,0.005189637653529644,0.00027477488038130105
A03_s35,A03,3,low,3_low,test,190,157.4157894736842,0.5478097437653925,0.9570585349532792,0.12389934062957764,0.10967934876680374,0.22774621844291687,0.017078189300411523,0.38403555750846863,0.12367268651723862,3.080350381760384,0.011363906785845757,0.0023630501236766577,0.13870801031589508,0.12419209629297256,0.2822358012199402,0.01404320987654321,0.2766760587692261,0.2152584195137024,1.2793770498803425,0.010447235777974129,0.0009971371619030833,0.08632512390613556,0.09304998070001602,0.18090154230594635,0.009118655692729767,0.20747919380664825,0.13373899459838867,1.5398600414458596,0.006890659220516682,0.0003607180842664093,0.10455932468175888,0.08610395342111588,0.18749192357063293,0.00720164609053498,0.18175500631332397,0.147783100605011,1.2216105564021462,0.007639085873961449,0.0006909025833010674,0.04941946640610695,0.054855313152074814,0.0948028638958931,0.0010150891632373113,0.10120007395744324,0.07777274399995804,1.284709263873011,0.0036797011271119118,0.00015151216939557344
A03_s36,A03,3,low,3_low,test,185,158.1891891891892,0.5760003323180239,0.9554526838632148,0.12450287491083145,0.11226299405097961,0.2348484843969345,0.01986968449931413,0.40166544914245605,0.12458924204111099,3.1982472591957594,0.011875702068209648,0.002356623997911811,0.15281200408935547,0.1357303261756897,0.31181856989860535,0.019698216735253772,0.28378623723983765,0.2319360375404358,1.2183011277959714,0.011745498515665531,0.0015234038000926375,0.09353023767471313,0.09387415647506714,0.19623792171478271,0.008323045267489712,0.21098922193050385,0.13881154358386993,1.5090972928421746,0.007299657445400953,0.00040345574961975217,0.1169213205575943,0.09864368289709091,0.22165141999721527,0.010689300411522634,0.1998327225446701,0.16262677311897278,1.2212715482653442,0.008550276979804039,0.0007748976931907237,0.049861565232276917,0.05132004991173744,0.09892473369836807,9.259259259259259e-05,0.09472616761922836,0.07507334649562836,1.2451952225431795,0.0034878526348620653,7.712161459494382e-05
A03_s37,A03,3,low,3_low,test,280,152.84285714285716,0.5358375246392602,0.9486651253984986,0.18861408531665802,0.17410017549991608,0.4000946879386902,0.06640260631001371,0.5270113945007324,0.19040964543819427,2.753316810624902,0.020604420453310013,0.005752474069595337,0.30653420090675354,0.2542088031768799,0.6636865735054016,0.22832647462277092,0.5962639451026917,0.44167646765708923,1.3469519811127073,0.01948385313153267,0.002762492513284087,0.28562131524086,0.2773538827896118,0.6859006881713867,0.2302366255144033,0.6045349836349487,0.42100396752357483,1.4325338863103865,0.020082665607333183,0.0036945270840078592,0.2383825182914734,0.20102494955062866,0.5111081004142761,0.10732167352537723,0.4478660523891449,0.32466739416122437,1.3752253385471713,0.01836761087179184,0.0028960159979760647,0.18703681230545044,0.17888867855072021,0.4446236491203308,0.05814128943758574,0.3607668876647949,0.28234416246414185,1.2732462335815766,0.010521506890654564,0.000928395485971123
A03_s38,A03,3,low,3_low,test,210,163.78571428571428,0.5523689479350157,0.9553162616610422,0.12922924757003784,0.10851319879293442,0.2618371248245239,0.01864540466392318,0.38114720582962036,0.12032438814640045,3.1415547331645746,0.012362798675894737,0.002029949799180031,0.14474721252918243,0.09881515055894852,0.2756214439868927,0.0032887517146776408,0.24133802950382233,0.20230630040168762,1.1870661608961086,0.010278313420712948,0.0006667092675343156,0.09317591041326523,0.07199037820100784,0.19023047387599945,0.0011111111111111111,0.1863451600074768,0.12659752368927002,1.4604136085060013,0.00702996551990509,0.0002886200090870261,0.12577591836452484,0.08939941227436066,0.21998196840286255,0.0058127572016460904,0.18297025561332703,0.16128167510032654,1.1274856233780572,0.009120477363467216,0.0009489698568359017,0.05389011278748512,0.04358360171318054,0.10483870655298233,0.0,0.08804309368133545,0.07415787130594254,1.1714420878545306,0.0037573790177702904,9.296778443967924e-05
A03_s39,A03,3,low,3_low,test,249,169.87550200803213,0.5622336496454022,0.9524889815675787,0.1664263904094696,0.15114855766296387,0.3499053120613098,0.046474622770919065,0.4642700254917145,0.16204923391342163,2.847422305205308,0.017526570707559586,0.0037454969715327024,0.2318953275680542,0.20646719634532928,0.5332897305488586,0.11453703703703703,0.4824024438858032,0.31291836500167847,1.5367130364711983,0.014940978027880192,0.0015780419344082475,0.197423055768013,0.2260822206735611,0.5348246097564697,0.11412208504801097,0.4766577184200287,0.2688943147659302,1.7660902521545039,0.014006959274411201,0.001997408689931035,0.19454510509967804,0.161933034658432,0.4159495532512665,0.06040809327846365,0.36484450101852417,0.24729149043560028,1.4694200770974646,0.014145656488835812,0.0019054928561672568,0.1302012801170349,0.16099847853183746,0.3890860080718994,0.04895404663923182,0.299938440322876,0.18386748433113098,1.6224510297637424,0.00790458731353283,0.0006531077087856829
A03_s40,A03,3,low,3_low,test,232,151.2155172413793,0.555671071667306,0.9511111905527396,0.15312451124191284,0.13517355918884277,0.31534090638160706,0.03871742112482853,0.4581371247768402,0.14820422232151031,3.0705372652901928,0.01575848087668419,0.0034036145079880953,0.20386414229869843,0.1568882316350937,0.434074729681015,0.05718792866941015,0.37018850445747375,0.2917632758617401,1.2644635956058174,0.014107285998761654,0.0011988822370767593,0.16203518211841583,0.1674705594778061,0.4186663329601288,0.05967421124828532,0.3470037579536438,0.24102574586868286,1.433747292909571,0.012045084498822689,0.001313482876867056,0.17633217573165894,0.1532660722732544,0.3928341269493103,0.047126200274348426,0.31526416540145874,0.24147900938987732,1.3001709558065357,0.01352851465344429,0.0017113066278398037,0.11384213715791702,0.128879114985466,0.3270609378814697,0.012181069958847737,0.21972447633743286,0.17573584616184235,1.2432366218238746,0.007117795292288065,0.0005179484141990542
A03_s41,A03,3,low,3_low,test,187,159.67379679144386,0.5542575164451347,0.9539835683717877,0.12330573797225952,0.10232007503509521,0.22774621844291687,0.014910836762688614,0.3754222095012665,0.12041360139846802,3.0920935148704314,0.01080652792006731,0.0018609288381412625,0.1372566819190979,0.1151219829916954,0.283834844827652,0.006131687242798354,0.26538220047950745,0.21489274501800537,1.2292316745399419,0.010461567901074886,0.0007353444234468043,0.08706894516944885,0.08752691000699997,0.19606846570968628,0.004152949245541838,0.2016223669052124,0.13576476275920868,1.4742274459993294,0.006885049398988485,0.0003712520410772413,0.11246506124734879,0.0918121412396431,0.22421979904174805,0.005716735253772291,0.19328708946704865,0.16022388637065887,1.1988737762013468,0.00859441515058279,0.0009028519853018224,0.05780100077390671,0.06623061746358871,0.12240143120288849,0.0018895747599451302,0.11551535129547119,0.091466523706913,1.249266725562378,0.004382112994790077,0.0002372420422034338
A03_s42,A03,3,low,3_low,test,310,133.6483870967742,0.5124140909010979,0.9495859737587923,0.18909111618995667,0.1708909571170807,0.3953598439693451,0.06451303155006859,0.528628945350647,0.18045538663864136,2.913272265669264,0.022191056981682777,0.006055466365069151,0.3169505000114441,0.21323265135288239,0.6106265187263489,0.208559670781893,0.5302572250366211,0.4184339642524719,1.2642209983677926,0.019174516201019287,0.0022720089182257652,0.2918292284011841,0.22985947132110596,0.6136248111724854,0.19506172839506172,0.527397871017456,0.3898428976535797,1.349385838104472,0.02013806253671646,0.003126569790765643,0.2746637761592865,0.20276586711406708,0.5267752408981323,0.12004115226337449,0.4447290897369385,0.3433992564678192,1.2913183794242429,0.021942777559161186,0.0040160915814340115,0.22271554172039032,0.19034244120121002,0.458243727684021,0.06541152263374486,0.3729071021080017,0.3021744191646576,1.230008465540991,0.013639272190630436,0.001916840672492981
A03_s43,A03,3,low,3_low,test,165,165.34545454545454,0.5557924631057404,0.9566372064874238,0.11755631864070892,0.09553748369216919,0.20596590638160706,0.01161522633744856,0.3633502721786499,0.12085423618555069,2.98184358256833,0.009804327972233295,0.0014095157384872437,0.13332626223564148,0.10657428950071335,0.28528857231140137,0.006093964334705076,0.2741674482822418,0.21265409886837006,1.2832304633254585,0.010218438692390919,0.0004578715597745031,0.08167761564254761,0.08146800845861435,0.17692764103412628,0.005013717421124829,0.20473363995552063,0.12732753157615662,1.5953991901887432,0.006784962024539709,0.0002918330719694495,0.10986051708459854,0.10441622883081436,0.21047894656658173,0.011934156378600824,0.21283657848834991,0.16022136807441711,1.3201511749367372,0.008681201376020908,0.001469146111048758,0.04963141307234764,0.05830071121454239,0.09856630861759186,0.0021673525377229083,0.11402331292629242,0.07818404585123062,1.4399783655980032,0.003950618207454681,0.00017195286636706442
A03_s44,A03,3,low,3_low,test,198,152.13131313131314,0.5616559593352597,0.9517257543549323,0.12883833050727844,0.12067161500453949,0.2514204680919647,0.028443072702331963,0.427806556224823,0.13335320353507996,3.18419319352606,0.012529436498880386,0.002563637914136052,0.1817249208688736,0.17004355788230896,0.41844743490219116,0.05599794238683128,0.3766876757144928,0.30925828218460083,1.2141099765722518,0.013176513835787773,0.0015348214656114578,0.12622421979904175,0.145517498254776,0.33214709162712097,0.039825102880658436,0.3172876834869385,0.21931350231170654,1.4401644935861888,0.009184582158923149,0.0007263582665473223,0.13895978033542633,0.12378740310668945,0.3083343207836151,0.019626200274348422,0.2668919265270233,0.2203611433506012,1.205685525866247,0.010444133542478085,0.001016870141029358,0.07674001902341843,0.0918535515666008,0.2152329683303833,0.002424554183813443,0.17335015535354614,0.1371692419052124,1.2546218895263879,0.005105058196932077,0.0002568979689385742
A03_s45,A03,3,low,3_low,test,205,137.57560975609755,0.5326017879070645,0.952406720955384,0.13075022399425507,0.11593789607286453,0.23674242198467255,0.02568244170096022,0.42688098549842834,0.1310526430606842,3.232657640197759,0.0130004258826375,0.002831084420904517,0.18464770913124084,0.1552734375,0.39002761244773865,0.04295610425240055,0.35735026001930237,0.29451945424079895,1.2092275310177096,0.01459004171192646,0.0016534365713596344,0.13022273778915405,0.14012901484966278,0.3203694224357605,0.03031207133058985,0.3023153841495514,0.21508537232875824,1.3990552941714187,0.010879687033593655,0.0012000615242868662,0.14575731754302979,0.1423211395740509,0.3350455164909363,0.030603566529492456,0.28872251510620117,0.22528401017189026,1.2759298144260447,0.012259779497981071,0.0017864796100184321,0.08845191448926926,0.1041569784283638,0.24211469292640686,0.006056241426611797,0.1803390234708786,0.15144260227680206,1.1829962279404205,0.006332999560981989,0.00045014856732450426
A03_s46,A03,3,low,3_low,test,160,160.15625,0.5931005944105443,0.9502400991399484,0.1269730031490326,0.12401839345693588,0.23579545319080353,0.024790809327846365,0.4480849802494049,0.13852635025978088,3.2114720940892227,0.012142137624323368,0.003139978274703026,0.17963841557502747,0.2195894420146942,0.43386393785476685,0.08097393689986282,0.5327685475349426,0.3406606614589691,1.5593499856257935,0.01646157167851925,0.0030923669692128897,0.13255047798156738,0.20802079141139984,0.3648534119129181,0.06859739368998628,0.4804439842700958,0.25592008233070374,1.870013351668148,0.012556816451251507,0.0024893672671169043,0.11871282756328583,0.14820468425750732,0.28573256731033325,0.03773319615912209,0.34375014901161194,0.20893587172031403,1.6374054905184154,0.01079435832798481,0.0015926347114145756,0.07916612178087234,0.1257491260766983,0.22795699536800385,0.023834019204389576,0.2581861913204193,0.15595561265945435,1.644963101004896,0.006589469499886036,0.0007138647488318384
A03_s47,A03,3,low,3_low,test,124,175.41935483870967,0.6021447859067995,0.9530955732777893,0.10840291529893875,0.08878057450056076,0.15909090638160706,0.010233196159122085,0.3713144361972809,0.11089509725570679,3.3184155991101156,0.008106616325676441,0.0010808724910020828,0.13707417249679565,0.13724589347839355,0.2982991635799408,0.017578875171467764,0.2810489237308502,0.24640485644340515,1.1359879016568184,0.011832857504487038,0.0013855653814971447,0.06753599643707275,0.060818862169981,0.1496356576681137,0.0003257887517146776,0.177066832780838,0.11346011608839035,1.54697407998521,0.005675637628883123,0.00022902448836248368,0.08050072938203812,0.06162966787815094,0.14768199622631073,0.0008230452674897119,0.14650651812553406,0.12000858783721924,1.2107117415717192,0.00608663959428668,0.0004832741688005626,0.03819134458899498,0.03305044770240784,0.07741935551166534,0.0,0.08062254637479782,0.06285566836595535,1.262574622392986,0.0028286229353398085,5.776981561211869e-05
A03_s48,A03,3,low,3_low,test,161,174.53416149068323,0.5787076943650816,0.953117336116886,0.12131714075803757,0.11519930511713028,0.23200757801532745,0.023220164609053497,0.41659656167030334,0.12956179678440094,3.190799850573723,0.01106178853660822,0.001999298110604286,0.1569811999797821,0.145904079079628,0.3375490605831146,0.028940329218106995,0.34422221779823303,0.2726695239543915,1.2578025233661003,0.011978985741734505,0.000870472751557827,0.09228317439556122,0.1069592535495758,0.19750890135765076,0.01647119341563786,0.25276079773902893,0.15683551132678986,1.6014190698549544,0.0072463215328752995,0.00039719848427921534,0.11312512308359146,0.11023438721895218,0.21073578298091888,0.01739026063100137,0.22613343596458435,0.17691807448863983,1.2709975454406297,0.008038568310439587,0.0007909819250926375,0.051144588738679886,0.06974934041500092,0.0996415764093399,0.0033024691358024692,0.12920434772968292,0.09032212197780609,1.4148198150836147,0.0038299874868243933,0.00019199162488803267
A03_s49,A03,3,low,3_low,test,185,163.04864864864865,0.5851329494535354,0.9546301251816689,0.13188573718070984,0.12103366106748581,0.2552083432674408,0.02449931412894376,0.4223644435405731,0.1355307400226593,3.093548335491886,0.01283422950655222,0.002516696462407708,0.16847079992294312,0.14071859419345856,0.34539905190467834,0.031145404663923182,0.3327528238296509,0.25286734104156494,1.310735057390349,0.012100477702915668,0.0007889544940553606,0.11543790996074677,0.12282402068376541,0.2670733630657196,0.016961591220850482,0.2710001766681671,0.17133164405822754,1.572550289003228,0.008834796957671642,0.0005934604560025036,0.1367412656545639,0.11686547845602036,0.2859894037246704,0.01687928669410151,0.24750103056430817,0.1904486119747162,1.2927804908661056,0.01047718059271574,0.0010438939789310098,0.06447936594486237,0.07342848926782608,0.1525089591741562,0.002424554183813443,0.13118889927864075,0.09862740337848663,1.316795327689625,0.0047572641633450985,0.00020023720571771264
A04_s01,A04,4,low,4_low,test,286,173.77272727272728,0.5702425793791112,0.9502960187131261,0.18804475665092468,0.17262600362300873,0.4119318127632141,0.06626543209876543,0.4995020031929016,0.16779693961143494,2.959188740878472,0.021310199052095413,0.006061583757400513,0.25081518292427063,0.23672007024288177,0.6117168068885803,0.15878943758573388,0.4974796772003174,0.32916754484176636,1.506749179234851,0.01745370402932167,0.0034675553906708956,0.22071830928325653,0.2512887120246887,0.6441280841827393,0.16460562414266117,0.5009833574295044,0.2887343764305115,1.7291125878867117,0.015662215650081635,0.002347436733543873,0.20392154157161713,0.1718655824661255,0.4391934275627136,0.06484224965706448,0.3589809834957123,0.25719115138053894,1.3903690408298413,0.016380401328206062,0.002884559566155076,0.1637195646762848,0.19690710306167603,0.49838709831237793,0.09893689986282579,0.3498407304286957,0.22228537499904633,1.5667874818500311,0.010553183034062386,0.001181372324936092
A04_s02,A04,4,low,4_low,test,162,161.40123456790124,0.564675812899957,0.9534366002345692,0.12864525616168976,0.11985667794942856,0.23295454680919647,0.024074074074074074,0.4381755292415619,0.13425710797309875,3.239574879338027,0.011940143071115017,0.002931051654741168,0.14077387750148773,0.1244683638215065,0.29866260290145874,0.01418724279835391,0.31179195642471313,0.2274637371301651,1.3647328032941726,0.011288592591881752,0.0008694197167642415,0.08592217415571213,0.09423978626728058,0.1920860856771469,0.007613168724279836,0.23539280891418457,0.13858294486999512,1.6864009362563952,0.007484004367142916,0.0005279171164147556,0.12533779442310333,0.127707377076149,0.2696801722049713,0.02134087791495199,0.2671477496623993,0.19311222434043884,1.3762541260351997,0.009902715682983398,0.0014575605746358633,0.05475182086229324,0.07344565540552139,0.11362007260322571,0.003165294924554184,0.13230854272842407,0.0906844288110733,1.4430862955045682,0.004599364008754492,0.00034958048490807414
A04_s03,A04,4,low,4_low,test,121,166.92561983471074,0.5535971024243596,0.9550967067199694,0.11102208495140076,0.09427446126937866,0.1614583283662796,0.013196159122085048,0.3938153386116028,0.12323470413684845,3.1699301845465238,0.008297654800117016,0.0014154680538922548,0.1383715718984604,0.13021062314510345,0.3195958733558655,0.01752400548696845,0.3061015009880066,0.26598480343818665,1.1465128241236262,0.012181811966001987,0.0008967745234258473,0.0677923783659935,0.06902803480625153,0.15497373044490814,0.0015809327846364883,0.1936039924621582,0.12370563298463821,1.552487949650255,0.005968096200376749,0.00025612598983570933,0.09444882720708847,0.10310563445091248,0.1707974374294281,0.008449931412894376,0.19273535907268524,0.15367531776428223,1.2460640899823765,0.00766653660684824,0.0009192789439111948,0.04067406803369522,0.04034159332513809,0.08637993037700653,0.00013374485596707818,0.0977361872792244,0.07411164790391922,1.3012121289662806,0.0032990749459713697,8.441582031082362e-05
A04_s04,A04,4,low,4_low,test,160,228.46875,0.5473755998220825,0.9537398265004906,0.14799204468727112,0.15215376019477844,0.31013256311416626,0.039663923182441704,0.4703216850757599,0.15960726141929626,2.928396144230953,0.014185328967869282,0.0035513138864189386,0.23628799617290497,0.2753000259399414,0.6572902798652649,0.1388443072702332,0.6715115904808044,0.3577229678630829,1.8719503645975255,0.016665920615196228,0.002343439729884267,0.17602060735225677,0.27517005801200867,0.594221293926239,0.11634087791495198,0.6262317299842834,0.2629014551639557,2.372975660915627,0.012632717378437519,0.001855178619734943,0.16957315802574158,0.2061249017715454,0.469500333070755,0.09055555555555556,0.46795645356178284,0.24751164019107819,1.883036356775786,0.01241051685065031,0.0017999912379309535,0.13118837773799896,0.22654733061790466,0.4716845750808716,0.09266460905349794,0.47186005115509033,0.19595347344875336,2.395794513763002,0.008838759735226631,0.0013631155015900731
A04_s05,A04,4,low,4_low,test,180,155.36666666666667,0.5570297168755021,0.9485666274290089,0.1349104642868042,0.12551940977573395,0.2514204680919647,0.028237311385459533,0.4462960362434387,0.14746682345867157,3.0060320942184995,0.012558473274111748,0.0029260010924190283,0.18050366640090942,0.18617962300777435,0.43014973402023315,0.06853566529492455,0.45112964510917664,0.3141651749610901,1.4314070238403482,0.01387038454413414,0.0015807346208021045,0.129388228058815,0.17625436186790466,0.38951870799064636,0.06381001371742112,0.40380799770355225,0.23462533950805664,1.713771526214586,0.00980212539434433,0.0010401514591649175,0.14102378487586975,0.145602285861969,0.3215614855289459,0.03476337448559671,0.33325526118278503,0.22051334381103516,1.504447792847517,0.011369920335710049,0.001456966856494546,0.09192053228616714,0.13717594742774963,0.3105734884738922,0.02699931412894376,0.2699296772480011,0.17368388175964355,1.5452466165104521,0.0060006375424563885,0.0005044633289799094
A04_s06,A04,4,low,4_low,test,224,146.19196428571428,0.5425468261938423,0.9519519347031029,0.15147751569747925,0.13956701755523682,0.3016098439693451,0.03790466392318244,0.47065305709838867,0.15352147817611694,3.0458746748588474,0.015570650808513165,0.003839182434603572,0.22601814568042755,0.1796758770942688,0.47783106565475464,0.08419067215363511,0.40900513529777527,0.340371698141098,1.1981225670580415,0.014473631046712399,0.0016180971870198846,0.1692800223827362,0.16306638717651367,0.42425012588500977,0.051910150891632374,0.3478104770183563,0.2647762894630432,1.308658788641566,0.011054831556975842,0.0008954600198194385,0.19725246727466583,0.16812331974506378,0.4237831234931946,0.059204389574759944,0.3487631678581238,0.2825818359851837,1.2298501652847242,0.01533731073141098,0.0024122034665197134,0.12024181336164474,0.12650595605373383,0.3034050166606903,0.010336076817558298,0.22284166514873505,0.19378940761089325,1.1440132596628576,0.007474798243492842,0.0005809557042084634
A04_s07,A04,4,low,4_low,test,201,167.01492537313433,0.5414911052490863,0.9521360294859592,0.14388473331928253,0.1316566914319992,0.28882575035095215,0.03313786008230453,0.4445490539073944,0.15551331639289856,2.8403273545838994,0.013668312691152096,0.002830960089340806,0.2113518863916397,0.19929689168930054,0.49520277976989746,0.0971159122085048,0.43160372972488403,0.3559819459915161,1.209035175507563,0.013336461037397385,0.0015983192715793848,0.15041618049144745,0.1748359203338623,0.43094390630722046,0.06969135802469135,0.36676090955734253,0.2626481354236603,1.3910999558862374,0.009442362003028393,0.0006833935040049255,0.17167448997497559,0.18299943208694458,0.4272504448890686,0.06682098765432098,0.3472507894039154,0.275075763463974,1.2578097586216737,0.012927519157528877,0.0019277926767244935,0.11086618155241013,0.14481912553310394,0.342831552028656,0.02599451303155007,0.25544774532318115,0.2006339430809021,1.2668886072454935,0.0066211228258907795,0.000483668758533895
A04_s08,A04,4,low,4_low,test,130,157.13846153846154,0.5644593145494252,0.9559900126847544,0.11411372572183609,0.10223612934350967,0.1661931872367859,0.016550068587105626,0.4197307527065277,0.12114187330007553,3.4364198072788863,0.009536650031805038,0.001978118671104312,0.12313376367092133,0.11206862330436707,0.26871639490127563,0.009883401920438958,0.2696947455406189,0.2252887636423111,1.1918167795857444,0.01124656479805708,0.0008269225363619626,0.06149779260158539,0.059987228363752365,0.13412980735301971,0.0011659807956104253,0.178115576505661,0.1049623116850853,1.680933283477352,0.0059420326724648476,0.00030186926596798003,0.08220043033361435,0.061640601605176926,0.14434309303760529,0.0025994513031550068,0.15267647802829742,0.12280389666557312,1.2332122181963039,0.006566522177308798,0.0006137977470643818,0.036465585231781006,0.03424723446369171,0.07383512705564499,0.00030178326474622773,0.08480855077505112,0.06165231391787529,1.353637965969114,0.003222486935555935,0.00013567408313974738
A04_s09,A04,4,low,4_low,test,94,174.19148936170214,0.5676676126211014,0.9610289058685704,0.10483052581548691,0.08013055473566055,0.13967803120613098,0.008607681755829905,0.3752758800983429,0.11880113929510117,3.132490077360128,0.00659909937530756,0.0007916341419331729,0.10346896946430206,0.09960909932851791,0.24654746055603027,0.00394718792866941,0.23838280141353607,0.21765153110027313,1.0902407141352888,0.009212791919708252,0.00047070658183656633,0.04601099714636803,0.04260508716106415,0.10710049420595169,0.0,0.14481821656227112,0.09044776856899261,1.583616733665986,0.003981455694884062,8.967048051999882e-05,0.06351141631603241,0.04437265917658806,0.1182740181684494,0.00029835390946502055,0.11975836008787155,0.10316064208745956,1.1497467535512618,0.004502969328314066,0.00020109256729483604,0.02957223542034626,0.023091666400432587,0.06129032373428345,0.0,0.07127728313207626,0.05444551259279251,1.285537454681982,0.0022036817390471697,3.0841343686915934e-05
A04_s10,A04,4,low,4_low,test,241,149.8921161825726,0.5349942632568152,0.9514281710684327,0.1738690286874771,0.1555587649345398,0.3475378751754761,0.04987654320987654,0.5057976245880127,0.18317799270153046,2.7462435504315805,0.01675168238580227,0.004134246148169041,0.22432468831539154,0.21244320273399353,0.5367059111595154,0.1196639231824417,0.4812440872192383,0.3408084809780121,1.4079348933714604,0.015399670228362083,0.00187685654964298,0.187559574842453,0.22765715420246124,0.5345703959465027,0.11549725651577504,0.4732404053211212,0.2938474118709564,1.6050349647574342,0.013536542654037476,0.001851057750172913,0.1869625598192215,0.1933782547712326,0.46911507844924927,0.08492798353909466,0.393903523683548,0.2765156626701355,1.4193920440150256,0.014138380996882915,0.002142149955034256,0.15099892020225525,0.20527173578739166,0.4655914008617401,0.08157750342935528,0.37117907404899597,0.24428264796733856,1.5132708209282768,0.009271509945392609,0.0010421170154586434
A04_s11,A04,4,low,4_low,test,198,156.66666666666666,0.5224833804387862,0.9557200112877837,0.1402210295200348,0.11027898639440536,0.2599431872367859,0.0230281207133059,0.4102413058280945,0.13402609527111053,3.0382372015157246,0.012423040345311165,0.002274847589433193,0.15318311750888824,0.12154455482959747,0.3179967999458313,0.014804526748971194,0.27910149097442627,0.23257829248905182,1.1948948166384434,0.01174686849117279,0.0008245694916695356,0.10371222347021103,0.11115843057632446,0.23690900206565857,0.01472565157750343,0.22662290930747986,0.16019827127456665,1.4058643899566168,0.008534450083971024,0.0007100224611349404,0.12903568148612976,0.11509130150079727,0.2582508623600006,0.019159807956104252,0.22634372115135193,0.18398511409759521,1.2235780281862927,0.009423860348761082,0.0008938612299971282,0.07377968728542328,0.08938612043857574,0.1831541210412979,0.003374485596707819,0.13881321251392365,0.11860877275466919,1.1605604615528067,0.005229839589446783,0.00031161372317001224
A04_s12,A04,4,low,4_low,test,252,135.20238095238096,0.5372570501122812,0.9508835880487538,0.1628236174583435,0.15128204226493835,0.32149621844291687,0.045558984910836764,0.4986072778701782,0.1613915115594864,3.070402344814255,0.017824186012148857,0.005015737377107143,0.22811441123485565,0.20957732200622559,0.5276203155517578,0.11625857338820302,0.4588458836078644,0.3351755738258362,1.3648995326637874,0.017413023859262466,0.0028633212205022573,0.19367936253547668,0.22082415223121643,0.5405863523483276,0.12024691358024692,0.4378111660480499,0.2962934076786041,1.4726568256816368,0.015560940839350224,0.0025693634524941444,0.17585454881191254,0.14342527091503143,0.3740849196910858,0.04085390946502058,0.31648606061935425,0.238259956240654,1.3227707034311424,0.014249312691390514,0.0018728894647210836,0.13304027915000916,0.15819735825061798,0.3867383599281311,0.03946159122085048,0.26659396290779114,0.20961444079875946,1.2657914713574636,0.009303038008511066,0.0009793456410989165
A04_s13,A04,4,low,4_low,test,241,159.74273858921163,0.5612143444149228,0.9498165970839201,0.1582833081483841,0.1426270306110382,0.32911932468414307,0.04138545953360768,0.4582967460155487,0.15782871842384338,2.8854778314873637,0.01607399992644787,0.0033406380098313093,0.20442746579647064,0.1665947139263153,0.42440763115882874,0.06275720164609054,0.38782447576522827,0.2903127074241638,1.3312995481537273,0.013476482592523098,0.0014437641948461533,0.1579371690750122,0.17232868075370789,0.40035587549209595,0.061286008230452674,0.35380545258522034,0.23110337555408478,1.524344278667229,0.011044002138078213,0.0010285485768690705,0.17836925387382507,0.1578715443611145,0.3942467272281647,0.05348079561042524,0.32117587327957153,0.24460312724113464,1.3077027026786965,0.012457889504730701,0.001571604167111218,0.11733897775411606,0.1527833640575409,0.35053762793540955,0.04314128943758573,0.24376405775547028,0.18022342026233673,1.3451024012382091,0.006817043758928776,0.00048597133718430996
A04_s14,A04,4,low,4_low,test,154,162.56493506493507,0.5380431526871489,0.9523885070504317,0.1201731413602829,0.10571497678756714,0.19933712482452393,0.016032235939643348,0.4019041955471039,0.12429509311914444,3.207661094636235,0.010053519159555435,0.002017129911109805,0.14874155819416046,0.15316025912761688,0.32054078578948975,0.015030864197530865,0.30176928639411926,0.25492173433303833,1.179146769931694,0.012887535616755486,0.0017212203238159418,0.07870335876941681,0.08382580429315567,0.1748856157064438,0.002805212620027435,0.20657718181610107,0.1351272463798523,1.5175300118806767,0.006785886362195015,0.00040818218258209527,0.1000901311635971,0.09965460747480392,0.18299725651741028,0.011570644718792867,0.20434938371181488,0.1544470340013504,1.3145917194537122,0.007999666035175323,0.0008215998532250524,0.04939062148332596,0.05282445251941681,0.10017921030521393,0.0003943758573388203,0.11223579943180084,0.08537142723798752,1.299455190459534,0.0037945162039250135,0.00014066034054849297
A04_s15,A04,4,low,4_low,test,157,169.9299363057325,0.552426261182338,0.9542925313234243,0.12081892043352127,0.10023798048496246,0.21259470283985138,0.015456104252400548,0.38600122928619385,0.120500348508358,3.1769557373709167,0.010218017734587193,0.0017064434941858053,0.15231108665466309,0.13015642762184143,0.3193778097629547,0.025761316872427983,0.28947317600250244,0.24510818719863892,1.176202950813915,0.012584907002747059,0.0009259009966626763,0.07868432998657227,0.08218543231487274,0.15904083847999573,0.007520576131687243,0.1888849139213562,0.12282940745353699,1.5253639487229977,0.0065030246041715145,0.0002896245860029012,0.09473744034767151,0.07607821375131607,0.1696416735649109,0.004022633744855967,0.16549573838710785,0.1345202773809433,1.2211880139671236,0.007129212841391563,0.0006163116195239127,0.045804984867572784,0.04676496237516403,0.08530466258525848,0.00010288065843621399,0.09347786754369736,0.07126843184232712,1.2934813328680534,0.00339245842769742,8.607970812590793e-05
A04_s16,A04,4,low,4_low,test,176,162.0568181818182,0.5336383387713431,0.952023261342183,0.13836807012557983,0.13204973936080933,0.26278409361839294,0.030596707818930043,0.461990624666214,0.15035240352153778,3.052416835920757,0.012985140085220337,0.003322322154417634,0.19187285006046295,0.18145418167114258,0.45057421922683716,0.07474965706447188,0.4455776512622833,0.32743221521377563,1.356680711032741,0.014826025813817978,0.0015599268954247236,0.13614614307880402,0.17752915620803833,0.3985764980316162,0.06391289437585734,0.39688840508461,0.24161750078201294,1.6358605780924536,0.010446779429912567,0.0011780415661633015,0.14207054674625397,0.15002407133579254,0.3476305902004242,0.041906721536351166,0.33124491572380066,0.22904889285564423,1.4398891975179249,0.011193444021046162,0.0015603516949340701,0.1026826947927475,0.153278186917305,0.3378136157989502,0.041522633744855965,0.2905036211013794,0.19141604006290436,1.5097682137435549,0.006855294574052095,0.0006729767192155123
A04_s17,A04,4,low,4_low,test,219,155.87214611872147,0.544359148461986,0.9550103781342016,0.13408495485782623,0.11301521956920624,0.26799243688583374,0.022410836762688614,0.39474689960479736,0.12668456137180328,3.0915789298546295,0.012987778522074223,0.002315894002094865,0.15391039848327637,0.11371757090091705,0.30077046155929565,0.014657064471879287,0.27270615100860596,0.2188512533903122,1.2404120822748188,0.01157513726502657,0.0006546145887114108,0.09998776018619537,0.09767977148294449,0.2064904272556305,0.011903292181069959,0.21289466321468353,0.14029839634895325,1.506702614578263,0.00811588391661644,0.0004739765136037022,0.1259976476430893,0.10473627597093582,0.24028503894805908,0.010679012345679013,0.2091294825077057,0.16876550018787384,1.2318726848285961,0.00999737624078989,0.001206853543408215,0.06544113904237747,0.06763242930173874,0.13046595454216003,0.0009567901234567902,0.11915551871061325,0.09447646141052246,1.2480093726795902,0.004768686834722757,0.00019079333287663758
A04_s18,A04,4,low,4_low,test,327,133.90214067278288,0.5099780991445036,0.950976706823992,0.2029150128364563,0.18247520923614502,0.4214015007019043,0.07251028806584363,0.551163911819458,0.1949966996908188,2.8121081257434897,0.02362772822380066,0.007089676335453987,0.30803346633911133,0.23772428929805756,0.6285070776939392,0.21324417009602195,0.5403748154640198,0.40817147493362427,1.3206561272426904,0.018759138882160187,0.002949184738099575,0.2839938700199127,0.25219446420669556,0.648195207118988,0.21553497942386832,0.5383960008621216,0.38625815510749817,1.390276728227116,0.019206441938877106,0.003104111645370722,0.2561553716659546,0.19810068607330322,0.5158596634864807,0.11114540466392318,0.42782145738601685,0.32965078949928284,1.293877017604837,0.01823137141764164,0.0030718634370714426,0.22404420375823975,0.2088228464126587,0.5234767198562622,0.11887174211248286,0.38645413517951965,0.3143136203289032,1.2256182742008097,0.01307096891105175,0.001599350944161415
A04_s19,A04,4,low,4_low,test,272,159.875,0.556778900083564,0.9473901741215871,0.18160445988178253,0.1727820336818695,0.39725378155708313,0.06468106995884773,0.5188663005828857,0.16995687782764435,3.0350712248383327,0.020346026867628098,0.005588228814303875,0.22609040141105652,0.19636721909046173,0.5217328071594238,0.11254458161865569,0.4531903564929962,0.30391138792037964,1.4863018386552886,0.015033282339572906,0.0015182106290012598,0.19400818645954132,0.21677139401435852,0.5396543145179749,0.11924211248285323,0.45086434483528137,0.2624649405479431,1.71128782409376,0.013672116212546825,0.0016666200244799256,0.19387321174144745,0.1613413393497467,0.41185298562049866,0.053775720164609055,0.3489149510860443,0.24724805355072021,1.4055093125423301,0.014741761609911919,0.002353665418922901,0.15258394181728363,0.19193017482757568,0.4702509045600891,0.08398834019204389,0.3448256850242615,0.2137979120016098,1.6053493342229377,0.009274833835661411,0.0009108929079957306
A04_s20,A04,4,low,4_low,test,267,148.87265917602997,0.5420433026150574,0.9517841177860975,0.17558081448078156,0.1563446819782257,0.36126893758773804,0.05569958847736625,0.4992905557155609,0.16951633989810944,2.9281097401803704,0.018895670771598816,0.004875028505921364,0.21749740839004517,0.1805020421743393,0.48052042722702026,0.08871742112482853,0.41039520502090454,0.30827391147613525,1.3269635420010917,0.014962313696742058,0.0019753584638237953,0.18402573466300964,0.1963980495929718,0.4974580705165863,0.09878943758573389,0.4025173485279083,0.26738646626472473,1.4997676825137773,0.013628127053380013,0.0018087404314428568,0.20339177548885345,0.19139136373996735,0.48080122470855713,0.08929698216735253,0.38113677501678467,0.27969494462013245,1.3578327017345513,0.015361723490059376,0.0025433755945414305,0.15420129895210266,0.1893884241580963,0.46596774458885193,0.07795953360768175,0.3204607367515564,0.2359008491039276,1.3527209292988702,0.009344378486275673,0.0009668160346336663
A04_s21,A04,4,low,4_low,test,227,145.04405286343612,0.5457334833292595,0.9527292531518622,0.153898224234581,0.13231493532657623,0.29450756311416626,0.03704732510288066,0.4602785110473633,0.1583835631608963,2.8878668660626956,0.014536812901496887,0.0033011266496032476,0.19298945367336273,0.18037740886211395,0.457406610250473,0.07662551440329218,0.41268548369407654,0.31314828991889954,1.313664587512526,0.014541614800691605,0.0016380716115236282,0.15831315517425537,0.19033704698085785,0.4493306279182434,0.07671124828532236,0.39449673891067505,0.26599475741386414,1.4775448878914585,0.0128484470769763,0.0018649171106517315,0.155858114361763,0.14888836443424225,0.3597019910812378,0.03620713305898491,0.3088017702102661,0.23548905551433563,1.3057761575420854,0.012961349450051785,0.002000317210331559,0.11688396334648132,0.14412207901477814,0.3569892346858978,0.024482167352537724,0.25912347435951233,0.20293359458446503,1.270626719876645,0.008314643986523151,0.0008155056857503951
A04_s22,A04,4,low,4_low,test,118,167.42372881355934,0.5827639364135158,0.9555486949947507,0.10819348692893982,0.08330293744802475,0.14820075035095215,0.009245541838134431,0.36605995893478394,0.11526739597320557,3.1484317324793647,0.007582905702292919,0.0010257852263748646,0.10837117582559586,0.10875235497951508,0.24175752699375153,0.0036454046639231826,0.23384235799312592,0.20085874199867249,1.1584455331375432,0.009409789927303791,0.0014834782341495156,0.05578083172440529,0.05161058157682419,0.1231994554400444,0.00044924554183813445,0.15298372507095337,0.09814433753490448,1.5430404688224817,0.004729197360575199,0.00021491570805665106,0.07649313658475876,0.05425127223134041,0.13676637411117554,0.001491769547325103,0.13404689729213715,0.10964163392782211,1.2115411941546672,0.005388964433223009,0.0003430334327276796,0.03562144935131073,0.03206373751163483,0.06989247351884842,0.00030521262002743485,0.07771404832601547,0.0605371855199337,1.262879471483817,0.0027285965625196695,7.919868949102238e-05
A04_s23,A04,4,low,4_low,test,114,164.0438596491228,0.5202407831006123,0.9572640740511329,0.10732884705066681,0.07963403314352036,0.1453598439693451,0.0077777777777777776,0.3566977083683014,0.11417467147111893,3.0970152014520527,0.007395481690764427,0.0010613161139190197,0.10946539044380188,0.10300158709287643,0.25694140791893005,0.004540466392318244,0.25782567262649536,0.2193787842988968,1.1699205685643943,0.0089487973600626,0.000464009732240811,0.06333792209625244,0.07094886898994446,0.150059312582016,0.001989026063100137,0.18198217451572418,0.12257856875658035,1.4726030277481583,0.005090355407446623,0.0001876278402050957,0.09459193050861359,0.09006693959236145,0.18736350536346436,0.0075960219478738,0.1831953078508377,0.15123039484024048,1.2034082158368808,0.007448579650372267,0.0006043434841558337,0.044017598032951355,0.052177999168634415,0.09336917847394943,0.0006995884773662552,0.10655206441879272,0.0839541032910347,1.2542309351882392,0.0033578353468328714,0.00011555192759260535
A04_s24,A04,4,low,4_low,test,258,144.52325581395348,0.5449366293516167,0.9486766178311123,0.16250471770763397,0.1575467884540558,0.3494318127632141,0.05558641975308642,0.5045620203018188,0.15995442867279053,3.134812906127357,0.018321959301829338,0.005077383015304804,0.2114722579717636,0.1820886880159378,0.46903619170188904,0.07608710562414266,0.4082779884338379,0.32164719700813293,1.2654006984091248,0.014463687315583229,0.0017298132879659534,0.18364474177360535,0.18794621527194977,0.47186917066574097,0.08048696844993142,0.396997332572937,0.28814443945884705,1.373006976429994,0.013301650993525982,0.0016187243163585663,0.1829521209001541,0.16760921478271484,0.4159495532512665,0.0548079561042524,0.3427591025829315,0.2616085708141327,1.3052091236790868,0.015150342136621475,0.002247588476166129,0.14480768144130707,0.1587754637002945,0.38279569149017334,0.024941700960219478,0.2865722179412842,0.2340705245733261,1.219090391964021,0.009227832779288292,0.0010132918832823634
A04_s25,A04,4,low,4_low,test,255,148.3294117647059,0.5166260776938066,0.9536501115977438,0.16343209147453308,0.14355573058128357,0.33096590638160706,0.04483539094650206,0.4676472842693329,0.15721160173416138,2.9558343329025125,0.01703772507607937,0.004411470610648394,0.2068059742450714,0.1664692461490631,0.4583514928817749,0.07080932784636489,0.3841065764427185,0.3009498715400696,1.2720872325052355,0.013407139107584953,0.0010971099836751819,0.16984041035175323,0.18008849024772644,0.46204033493995667,0.07761659807956105,0.3675196170806885,0.2571052312850952,1.4239138635463666,0.011773491278290749,0.0012756683863699436,0.17794738709926605,0.15272746980190277,0.39553090929985046,0.04200960219478738,0.3170698881149292,0.25032952427864075,1.2615703985632993,0.013059685938060284,0.0017279849853366613,0.1318597048521042,0.15687118470668793,0.39874550700187683,0.03982853223593964,0.2660209834575653,0.2086811065673828,1.268693149385289,0.0075740995816886425,0.0005654586711898446
A04_s26,A04,4,low,4_low,test,274,152.84671532846716,0.538732112272608,0.9507002455707811,0.17766661942005157,0.16369840502738953,0.375,0.05901920438957476,0.5039972066879272,0.1687394231557846,2.9692407180232094,0.019846998155117035,0.005431194324046373,0.22992470860481262,0.19038556516170502,0.5054513812065125,0.10335733882030178,0.4470961391925812,0.3129958510398865,1.4238918689909286,0.016423484310507774,0.0019245772855356336,0.20558497309684753,0.2137587070465088,0.530757486820221,0.1162997256515775,0.45185714960098267,0.28580909967422485,1.5754630871692334,0.015549848787486553,0.0022295494563877583,0.20222626626491547,0.17093989253044128,0.4546037018299103,0.07365226337448559,0.36768436431884766,0.2659955322742462,1.3771180408411412,0.015347801148891449,0.0020342557691037655,0.17303822934627533,0.20162905752658844,0.4913978576660156,0.09473936899862825,0.35902395844459534,0.25341567397117615,1.411170753910668,0.010992581024765968,0.0012753697810694575
A04_s27,A04,4,low,4_low,test,167,159.97005988023952,0.5532559761775377,0.9561675200879756,0.12314388900995255,0.10423480719327927,0.21780303120613098,0.01817901234567901,0.40294602513313293,0.11863140016794205,3.3682296167015147,0.010899537242949009,0.0018907521152868867,0.12752501666545868,0.10149774700403214,0.257304847240448,0.00303840877914952,0.2288382202386856,0.19565385580062866,1.1636599715120055,0.010225188918411732,0.0012753623304888606,0.07870455086231232,0.06978504359722137,0.16734451055526733,0.000901920438957476,0.1726481020450592,0.11713273078203201,1.4614755868431932,0.006829453632235527,0.00044626975432038307,0.10580901801586151,0.08455190062522888,0.19404129683971405,0.004543895747599451,0.1650097519159317,0.1440386325120926,1.137695171678994,0.00871217716485262,0.0011387945851311088,0.05446193367242813,0.05310496315360069,0.11039426177740097,0.0009499314128943758,0.09858141839504242,0.08203470706939697,1.1872314827660215,0.004321462009102106,0.00019210092432331294
A04_s28,A04,4,low,4_low,test,257,144.85603112840468,0.5274004059943935,0.9500395625986366,0.16915766894817352,0.165096253156662,0.3579545319080353,0.055363511659807955,0.5187050104141235,0.16887667775154114,3.053420971493056,0.018890758976340294,0.005390254780650139,0.26137033104896545,0.23526516556739807,0.5726122856140137,0.16092249657064472,0.4951689839363098,0.3999316990375519,1.2350457325399244,0.017601532861590385,0.0032850962597876787,0.22326728701591492,0.2326827198266983,0.5632943511009216,0.14332647462277093,0.4809130132198334,0.35410845279693604,1.3542708134149568,0.015942217782139778,0.002640657126903534,0.19596099853515625,0.16352523863315582,0.4222549498081207,0.05562071330589849,0.3456708490848541,0.2816755175590515,1.2228538646352447,0.015160630457103252,0.0020423894748091698,0.1601577252149582,0.16844090819358826,0.4094982147216797,0.045198902606310015,0.3091530501842499,0.2581951320171356,1.1927425016755773,0.009374941699206829,0.0008373765740543604
A04_s29,A04,4,low,4_low,test,232,148.98706896551724,0.5589649637550169,0.9524906813090437,0.14332915842533112,0.13229334354400635,0.29356059432029724,0.03342592592592593,0.4402221143245697,0.13705766201019287,3.18868295982057,0.015198532491922379,0.003453189739957452,0.1747957319021225,0.14814507961273193,0.38050588965415955,0.033179012345679014,0.3315463960170746,0.25901103019714355,1.2751243505542516,0.012467646971344948,0.0013132968451827765,0.13396312296390533,0.14475372433662415,0.35832908749580383,0.032064471879286696,0.2977502644062042,0.2028612494468689,1.4605535147757693,0.01013211254030466,0.0008615005062893033,0.14491410553455353,0.1276656836271286,0.3078206479549408,0.0215877914951989,0.25248971581459045,0.19870148599147797,1.2643356886456276,0.011708170175552368,0.0013954599853605032,0.10097433626651764,0.12177129089832306,0.29086020588874817,0.011831275720164609,0.20217183232307434,0.16027916967868805,1.2535520410097323,0.006740223616361618,0.00047287013148888946
A04_s30,A04,4,low,4_low,test,181,146.1878453038674,0.570753747426848,0.9522165881748383,0.12847363948822021,0.1268482804298401,0.2367897629737854,0.027352537722908094,0.4528961777687073,0.12647956609725952,3.5526962605377377,0.012615138664841652,0.0033826015423983335,0.12973928451538086,0.1089862510561943,0.2654455602169037,0.005373799725651577,0.2616337835788727,0.205141082406044,1.2691976801767373,0.010830729268491268,0.001011074404232204,0.08521929383277893,0.08278091251850128,0.18700219690799713,0.003216735253772291,0.20514905452728271,0.13462604582309723,1.5126080929533792,0.007641988340765238,0.0006027322961017489,0.11353941261768341,0.11727767437696457,0.2184409350156784,0.011646090534979423,0.21676354110240936,0.16825467348098755,1.2806945689848765,0.010156446136534214,0.002013527089729905,0.05886432155966759,0.062225714325904846,0.12365591526031494,0.0009293552812071331,0.1197742372751236,0.0943429097533226,1.256246925807187,0.004710163921117783,0.0003033143002539873
A04_s31,A04,4,low,4_low,test,267,138.17228464419475,0.549059306609152,0.9501075783348327,0.16262178122997284,0.15656216442584991,0.3494318127632141,0.053364197530864195,0.5045462846755981,0.15258696675300598,3.2850852864813365,0.01889912597835064,0.005316338036209345,0.20475506782531738,0.1772596538066864,0.47041720151901245,0.08338820301783265,0.39088958501815796,0.2962988615036011,1.3148035045987663,0.015112513676285744,0.001650737482123077,0.17430175840854645,0.19047677516937256,0.4725470244884491,0.08730109739368999,0.3803199231624603,0.2567134201526642,1.4757474521007348,0.013931028544902802,0.0018412203062325716,0.17667154967784882,0.15360775589942932,0.39257726073265076,0.045243484224965706,0.30839306116104126,0.24206063151359558,1.2687906685694237,0.014688802883028984,0.002202667063102126,0.1296415776014328,0.1502951681613922,0.3770609200000763,0.030761316872427984,0.2554139792919159,0.19702956080436707,1.2897770325524216,0.008993936702609062,0.0007995262276381254
A04_s32,A04,4,low,4_low,test,259,144.66409266409266,0.5638129147027908,0.9512939993665674,0.1671668440103531,0.15441477298736572,0.3499053120613098,0.04996913580246914,0.4955543279647827,0.16213083267211914,3.0377723196007347,0.018557075411081314,0.0047249700874090195,0.2104240357875824,0.18191631138324738,0.48357319831848145,0.09120713305898491,0.40135711431503296,0.29202133417129517,1.369719769552365,0.013925597071647644,0.0013263379223644733,0.18659958243370056,0.2034839689731598,0.5032197833061218,0.10136145404663924,0.40006327629089355,0.26429808139801025,1.507976515256827,0.013606062158942223,0.0016927418764680624,0.18012864887714386,0.14425115287303925,0.363297700881958,0.034955418381344305,0.30543649196624756,0.23457583785057068,1.296552714204886,0.014390294440090656,0.0023983228020370007,0.14485204219818115,0.1710755079984665,0.4281361997127533,0.06187928669410151,0.27886536717414856,0.21415399014949799,1.2961198952451742,0.009298533201217651,0.0008711793343536556
A04_s33,A04,4,low,4_low,test,256,131.3203125,0.5125590419690065,0.9556668590292166,0.15805689990520477,0.14356771111488342,0.31439393758773804,0.04433127572016461,0.4868256747722626,0.15176106989383698,3.186843841239051,0.017400803044438362,0.0045576742850244045,0.1895110011100769,0.14983569085597992,0.3918520212173462,0.04790809327846365,0.35014182329177856,0.272744357585907,1.2790832526361622,0.01377077680081129,0.001240427140146494,0.15806527435779572,0.1663036048412323,0.39578038454055786,0.057589163237311385,0.3385993540287018,0.23609870672225952,1.4280944789181893,0.012536667287349701,0.0014699669554829597,0.1724286824464798,0.15152128040790558,0.38179007172584534,0.04490740740740741,0.30428239703178406,0.24042554199695587,1.2603571043681068,0.014102761633694172,0.001978556625545025,0.1248147189617157,0.14667704701423645,0.3564516007900238,0.03137860082304527,0.23997242748737335,0.19507482647895813,1.223881881201747,0.00820086244493723,0.0007019995828159153
A04_s34,A04,4,low,4_low,test,216,149.99537037037038,0.5320863556158298,0.9531107718148059,0.13492798805236816,0.118765689432621,0.26893940567970276,0.026824417009602194,0.4185389578342438,0.12883371114730835,3.223653965797624,0.013580874539911747,0.002603227738291025,0.15612436830997467,0.1218811571598053,0.330207884311676,0.014458161865569273,0.2809757590293884,0.22849510610103607,1.2243213539625015,0.011146076023578644,0.0006462543969973922,0.11113730072975159,0.11305085569620132,0.26825961470603943,0.012839506172839505,0.23709465563297272,0.16322848200798035,1.4436877984505245,0.00877859815955162,0.0005868943408131599,0.13417913019657135,0.11612658202648163,0.2672401964664459,0.011155692729766804,0.2184005230665207,0.18494829535484314,1.1745228567422428,0.010989727452397346,0.0014860188821330667,0.07472459971904755,0.08004675805568695,0.19247311353683472,0.0007681755829903978,0.13778981566429138,0.11201532930135727,1.2192135041864323,0.00528148515149951,0.0002464649733155966
A04_s35,A04,4,low,4_low,test,129,161.46511627906978,0.5571195803952641,0.9570189815701052,0.1093287542462349,0.09052470326423645,0.15861742198467255,0.011183127572016461,0.3807082772254944,0.11698772758245468,3.2266769182366004,0.0083919083699584,0.001306218677200377,0.10486133396625519,0.11735692620277405,0.24102340638637543,0.004060356652949245,0.25201311707496643,0.201957106590271,1.2417062960191363,0.009699131362140179,0.0012901718728244305,0.051834747195243835,0.05269403010606766,0.12065751850605011,0.0005349794238683127,0.1554524004459381,0.09240104258060455,1.664354017373881,0.004925510846078396,0.0002640402235556394,0.07275798916816711,0.07212741672992706,0.13227170705795288,0.002832647462277092,0.1475013792514801,0.11150965094566345,1.311010904502014,0.0057965731248259544,0.0008424659608863294,0.03271093964576721,0.028315840288996696,0.06899641454219818,0.00013031550068587106,0.07834838330745697,0.05576424300670624,1.3802418416502222,0.0026380184572190046,8.094171789707616e-05
A04_s36,A04,4,low,4_low,test,164,156.9268292682927,0.5748814118281872,0.9550837150260699,0.11758716404438019,0.10409530997276306,0.20170454680919647,0.015342935528120714,0.39413124322891235,0.11574804782867432,3.375912921535895,0.010538384318351746,0.0019955236930400133,0.13144634664058685,0.10843213647603989,0.267480731010437,0.004434156378600823,0.2619204819202423,0.20399923622608185,1.2776656476484882,0.010708765126764774,0.000873168813996017,0.07561416178941727,0.06956350058317184,0.1609049290418625,0.0012517146776406035,0.18060599267482758,0.1139286532998085,1.5714618373164955,0.006394454278051853,0.0003299378731753677,0.09907734394073486,0.08563807606697083,0.1871066689491272,0.004540466392318244,0.17564119398593903,0.14005939662456512,1.2451577008613943,0.007577409967780113,0.0009917938150465488,0.04764300212264061,0.0488893948495388,0.09157706052064896,0.0006858710562414266,0.09415414929389954,0.07258519530296326,1.279525710385768,0.0037196495104581118,0.00016800985031295568
A04_s37,A04,4,low,4_low,test,271,129.49815498154982,0.5210875158663292,0.9511835985138025,0.17715996503829956,0.17868269979953766,0.36837121844291687,0.06282921810699589,0.5696553587913513,0.1807500422000885,3.134279100547433,0.021104006096720695,0.006649563554674387,0.28088074922561646,0.2566353380680084,0.6700101494789124,0.20998628257887517,0.5947166085243225,0.4229409992694855,1.4028287180270587,0.020553257316350937,0.0032868478447198868,0.2600904107093811,0.2812081277370453,0.689544141292572,0.21055212620027436,0.6058169007301331,0.402942955493927,1.4997585488014311,0.020375950261950493,0.004112409893423319,0.2051454782485962,0.18826429545879364,0.4742518365383148,0.08543895747599452,0.4062988758087158,0.2878562808036804,1.4065779517699135,0.017364609986543655,0.002785385586321354,0.20241016149520874,0.22473235428333282,0.5483871102333069,0.13332647462277092,0.4263502061367035,0.3207155764102936,1.325239551326437,0.013313785195350647,0.001899557188153267
A04_s38,A04,4,low,4_low,test,203,148.4975369458128,0.5672189150480149,0.9517766023142383,0.13030347228050232,0.11340022087097168,0.24621212482452393,0.02393347050754458,0.41174861788749695,0.12318966537714005,3.315482142874738,0.012882266193628311,0.0026603692676872015,0.14875897765159607,0.12679371237754822,0.3012065589427948,0.01541838134430727,0.280148983001709,0.22155366837978363,1.2587929241572422,0.012879566289484501,0.001731403055600822,0.09981901943683624,0.10492601990699768,0.21487882733345032,0.013491083676268861,0.22580541670322418,0.15023037791252136,1.4931220818203632,0.008789239451289177,0.0006926304777152836,0.12579473853111267,0.12479468435049057,0.25067412853240967,0.01593278463648834,0.2230995148420334,0.17541542649269104,1.2646258849209906,0.011542046442627907,0.001980746863409877,0.06802364438772202,0.08411232382059097,0.16702508926391602,0.0028978052126200273,0.13232575356960297,0.1059228926897049,1.237581122628419,0.005235664546489716,0.0003353641659487039
A04_s39,A04,4,low,4_low,test,180,166.12222222222223,0.5478400132574387,0.9526803938949508,0.13129951059818268,0.1213063895702362,0.25,0.025291495198902607,0.42548203468322754,0.1302650421857834,3.2413963961633434,0.01256909966468811,0.0027795392088592052,0.15285724401474,0.14349202811717987,0.3368294835090637,0.022205075445816187,0.3145942687988281,0.25033313035964966,1.2517023456026422,0.012155531905591488,0.0015199956251308322,0.10560917854309082,0.1218726634979248,0.2613963782787323,0.02047668038408779,0.26473426818847656,0.1764536201953888,1.4918504784347915,0.008369105868041515,0.0006751487962901592,0.12152297049760818,0.10944890230894089,0.25247201323509216,0.010956790123456791,0.22602954506874084,0.182515949010849,1.2316615873826777,0.009875496849417686,0.0014678665902465582,0.06978754699230194,0.08608929812908173,0.1783154159784317,0.002187928669410151,0.1540922224521637,0.11956892162561417,1.2780426363158888,0.004834244027733803,0.0002606306807138026
A04_s40,A04,4,low,4_low,test,281,129.932384341637,0.5149177401998322,0.9530204848413286,0.16347597539424896,0.14988966286182404,0.33143940567970276,0.050061728395061726,0.4889886975288391,0.15987882018089294,3.0394846069794506,0.018974563106894493,0.004999530501663685,0.23787985742092133,0.18784493207931519,0.5154818892478943,0.10947187928669411,0.4312399625778198,0.32706525921821594,1.3144944502976956,0.017964091151952744,0.0022780459839850664,0.208841472864151,0.2040092796087265,0.5140653848648071,0.10743141289437586,0.41952046751976013,0.29332345724105835,1.4253721788004219,0.0177359227091074,0.0029344591312110424,0.197915181517601,0.17049795389175415,0.42519572377204895,0.06126886145404664,0.3457620441913605,0.26106902956962585,1.3193548461608633,0.017347531393170357,0.002981088822707534,0.15709157288074493,0.165993794798851,0.3960573375225067,0.03748628257887517,0.28485816717147827,0.22696873545646667,1.249549270873046,0.011161514557898045,0.0014262421755120158
A04_s41,A04,4,low,4_low,test,197,156.7005076142132,0.5822117595264067,0.9544434079262734,0.12708531320095062,0.11166774481534958,0.25189393758773804,0.021893004115226336,0.40569907426834106,0.11731366068124771,3.4290129468764117,0.012687879614531994,0.00248019234277308,0.14828749001026154,0.14156275987625122,0.28252652287483215,0.006694101508916324,0.25674885511398315,0.2212192416191101,1.15538534486612,0.012660694308578968,0.0024158130399882793,0.08813320845365524,0.07528765499591827,0.18285036087036133,0.0016358024691358025,0.18161775171756744,0.12439347803592682,1.4483827593133007,0.007636857684701681,0.0006232839077711105,0.11688240617513657,0.09640029817819595,0.2197251319885254,0.006042524005486968,0.18155859410762787,0.15932749211788177,1.132423339935585,0.009793590754270554,0.0013012904673814774,0.05652501806616783,0.04948200285434723,0.11146953701972961,0.00012002743484224966,0.09696421027183533,0.0799327939748764,1.1980830700338294,0.004499549977481365,0.00018780103710014373
A04_s42,A04,4,low,4_low,test,176,159.6875,0.5436136821197046,0.952905243318085,0.12619571387767792,0.11271332204341888,0.23153409361839294,0.022242798353909465,0.41323691606521606,0.12806646525859833,3.2017373005238206,0.011754393577575684,0.0021626914385706186,0.15418654680252075,0.13581958413124084,0.3568832576274872,0.021505486968449932,0.3244197368621826,0.25913816690444946,1.2471054929104048,0.010843724012374878,0.000636564043816179,0.1075148954987526,0.12599509954452515,0.29206913709640503,0.01763374485596708,0.273372083902359,0.18552125990390778,1.4656349846832213,0.007913685403764248,0.0005397518980316818,0.11638907343149185,0.09883531928062439,0.23333755135536194,0.009567901234567902,0.21779292821884155,0.17618542909622192,1.2291808041425767,0.008828253485262394,0.000905891414731741,0.07364878803491592,0.09092147648334503,0.20501792430877686,0.003244170096021948,0.16443929076194763,0.13020284473896027,1.2533210776726238,0.004837046377360821,0.00025731761706992984
A04_s43,A04,4,low,4_low,test,216,152.5,0.5674730088725288,0.9536264669803663,0.1361679881811142,0.1284559667110443,0.27935606241226196,0.032469135802469136,0.4386669397354126,0.12961797416210175,3.3583964423687256,0.014667711220681667,0.0035992548801004887,0.17369623482227325,0.15024027228355408,0.37374618649482727,0.03514746227709191,0.33886799216270447,0.26477816700935364,1.2750031199920893,0.01337787602096796,0.001163323177024722,0.12639160454273224,0.13367456197738647,0.31960684061050415,0.027122770919067216,0.2838869094848633,0.19308724999427795,1.462676757454355,0.010266674682497978,0.0008089227485470474,0.15951290726661682,0.1440989077091217,0.3367149531841278,0.032640603566529494,0.28260862827301025,0.22687533497810364,1.2401896339512386,0.013996743597090244,0.0022427833173424006,0.08346802741289139,0.09537868201732635,0.2245519757270813,0.004561042524005487,0.16437411308288574,0.13140571117401123,1.2414427718065784,0.006427892949432135,0.0004410887777339667
A04_s44,A04,4,low,4_low,test,161,166.70807453416148,0.5246201572838466,0.9545793003996712,0.11456415057182312,0.09660104662179947,0.20075757801532745,0.011663237311385459,0.3703440725803375,0.11626952886581421,3.158058842413396,0.009774144738912582,0.0014705645153298974,0.1385883390903473,0.10681425780057907,0.2908852994441986,0.004797668038408779,0.270472913980484,0.23182663321495056,1.16169232980652,0.010925781913101673,0.0005362764932215214,0.07629933953285217,0.07148294150829315,0.16675139963626862,0.0010802469135802468,0.18163283169269562,0.12538759410381317,1.437109654476884,0.006490232422947884,0.0003342333948239684,0.09495080262422562,0.08881451934576035,0.1810709685087204,0.005648148148148148,0.17219960689544678,0.14418648183345795,1.1860581282834262,0.007004536222666502,0.0006795277586206794,0.04755839332938194,0.04845047742128372,0.09534050524234772,8.573388203017832e-05,0.09602659940719604,0.07909700274467468,1.1988788109000803,0.00350925768725574,0.00011837191414088011
A04_s45,A04,4,low,4_low,test,176,153.54545454545453,0.5631543710713015,0.9492627093081715,0.12856033444404602,0.1245058923959732,0.24100378155708313,0.029636488340192044,0.45464152097702026,0.13373349606990814,3.3743763372778797,0.012643896043300629,0.002732896013185382,0.17482514679431915,0.16052600741386414,0.3933711349964142,0.0490877914951989,0.369638592004776,0.2928510904312134,1.25791124838893,0.014284937642514706,0.0012250934960320592,0.11486641317605972,0.14260226488113403,0.30105066299438477,0.03491769547325103,0.3011382222175598,0.1953064650297165,1.5340209104777782,0.009616128169000149,0.0008959826081991196,0.11881490051746368,0.11935283243656158,0.2619750201702118,0.019382716049382714,0.24171440303325653,0.18428455293178558,1.304557769164093,0.010341094806790352,0.0011637751013040543,0.07034825533628464,0.09526846557855606,0.20681004226207733,0.0033641975308641974,0.16433237493038177,0.12223459780216217,1.3334921999274667,0.005256346892565489,0.0003339002141728997
A04_s46,A04,4,low,4_low,test,175,172.2,0.5548295986792794,0.948856411658307,0.13563284277915955,0.1350523680448532,0.2642045319080353,0.030188614540466393,0.453740656375885,0.1426858901977539,3.157865088572057,0.013479726389050484,0.0036278199404478073,0.19439706206321716,0.19052813947200775,0.43168339133262634,0.0760150891632373,0.4475749731063843,0.3148912191390991,1.4168642430966076,0.015741515904664993,0.0023574908263981342,0.13916949927806854,0.1829426884651184,0.3741738796234131,0.06407407407407407,0.3898135721683502,0.22996266186237335,1.6877774486364094,0.011867159977555275,0.00187103939242661,0.12943477928638458,0.12341484427452087,0.26890966296195984,0.019982853223593965,0.2729361951351166,0.1927834302186966,1.4084599226419472,0.010653659701347351,0.0013542416272684932,0.08459847420454025,0.11393001675605774,0.2544802725315094,0.011954732510288066,0.21304015815258026,0.14512211084365845,1.4579597633962458,0.006050635129213333,0.0004629527684301138
A04_s47,A04,4,low,4_low,test,240,140.175,0.5287732305623797,0.9530772972597578,0.1541348546743393,0.14183956384658813,0.31060606241226196,0.04315843621399177,0.479453980922699,0.1510082483291626,3.1541313461127247,0.016985630616545677,0.0041771549731493,0.2482822984457016,0.21185538172721863,0.5213693976402283,0.11040466392318245,0.46679699420928955,0.3506993055343628,1.3272616319217643,0.018485499545931816,0.003285846672952175,0.21195311844348907,0.21927204728126526,0.5210133790969849,0.10811728395061729,0.44963186979293823,0.3078536093235016,1.4558090183170944,0.016788356006145477,0.002739529823884368,0.1941981464624405,0.17163437604904175,0.43047377467155457,0.06725308641975308,0.3503955006599426,0.2643503248691559,1.3205014948925444,0.015743497759103775,0.0022218115627765656,0.13539814949035645,0.1517319232225418,0.37132617831230164,0.039691358024691356,0.25681203603744507,0.20383551716804504,1.253747590203114,0.009069094434380531,0.0008357050246559083
A04_s48,A04,4,low,4_low,test,185,155.94594594594594,0.5595985440347413,0.9546753166400015,0.12034690380096436,0.10622818768024445,0.22679924964904785,0.015181755829903979,0.38742178678512573,0.11383591592311859,3.3736987567940018,0.01153972651809454,0.0022082424256950617,0.14003506302833557,0.10601361840963364,0.2813635766506195,0.0054698216735253775,0.2496841549873352,0.2108491212129593,1.1785942446102602,0.011358500458300114,0.0007330287480726838,0.08266962319612503,0.07841979712247849,0.17429248988628387,0.0019684499314128944,0.18202660977840424,0.12350071221590042,1.4620527588849968,0.0070084258913993835,0.00037784507730975747,0.10019458085298538,0.08100682497024536,0.18158464133739471,0.004852537722908093,0.1617027223110199,0.13562051951885223,1.183590304593349,0.008222381584346294,0.0008201036253012717,0.04832356050610542,0.05398176610469818,0.09569892287254333,0.0009705075445816186,0.08991566300392151,0.07368135452270508,1.2039907896499762,0.0037961681373417377,0.00024811510229483247
A04_s49,A04,4,low,4_low,test,166,150.9277108433735,0.5671930802050659,0.9555145880091663,0.11935494840145111,0.1082441583275795,0.2088068127632141,0.01900891632373114,0.41054853796958923,0.12342648208141327,3.299527006646093,0.011070027947425842,0.002041794825345278,0.12678809463977814,0.09968025982379913,0.2638464868068695,0.004348422496570645,0.2548988163471222,0.20451615750789642,1.240286016622943,0.009945821948349476,0.000512781785801053,0.07499101012945175,0.07271317392587662,0.16675139963626862,0.0009396433470507544,0.18526236712932587,0.11898497492074966,1.5440463879055861,0.006426543928682804,0.00029869796708226204,0.09895893186330795,0.09342512488365173,0.1858224719762802,0.006419753086419753,0.17466795444488525,0.14270491898059845,1.2154625999160622,0.008291525766253471,0.001165916328318417,0.04487372562289238,0.04744165390729904,0.09318996220827103,0.0005281207133058985,0.09191996604204178,0.07147060334682465,1.2683758903198,0.0036649664398282766,0.00016763970779720694
B06_s01,B06,4,high,4_high,test,327,140.58409785932722,0.5670905433435988,0.9528938234591153,0.181681826710701,0.16597077250480652,0.40956440567970276,0.0628360768175583,0.4980427026748657,0.14895687997341156,3.3212394307161652,0.023189900442957878,0.006847125943750143,0.20122817158699036,0.12512712180614471,0.3553568720817566,0.023106995884773662,0.3050076365470886,0.2360418736934662,1.286724711522966,0.014056063257157803,0.0012766810832545161,0.16119901835918427,0.12008308619260788,0.32053887844085693,0.02109053497942387,0.27221453189849854,0.1866772174835205,1.4504399391066263,0.012358787469565868,0.0010656946105882525,0.19457176327705383,0.12484622746706009,0.3311929404735565,0.022887517146776407,0.26587793231010437,0.22159503400325775,1.1944468280735012,0.016002997756004333,0.0021837421227246523,0.17259162664413452,0.17513646185398102,0.37598565220832825,0.0390877914951989,0.27300986647605896,0.2043781280517578,1.3293035099008066,0.013578641228377819,0.002641865750774741
B06_s02,B06,4,high,4_high,test,275,161.68727272727273,0.5564765838812445,0.9482385215967811,0.18275931477546692,0.1766275018453598,0.40435606241226196,0.06618655692729766,0.5230486989021301,0.16698519885540009,3.1136594322953717,0.02111579105257988,0.006313519552350044,0.23670974373817444,0.2048434168100357,0.5127198696136475,0.10825102880658437,0.47726961970329285,0.3105733394622803,1.5318050656290896,0.014540275558829308,0.001328564714640379,0.21269522607326508,0.22187593579292297,0.5216912627220154,0.11320301783264747,0.4770301282405853,0.2802684009075165,1.6959961613229244,0.014172534458339214,0.0016432242700830102,0.1989637166261673,0.15811023116111755,0.41184014081954956,0.053237311385459535,0.360247403383255,0.25108563899993896,1.4290675375733808,0.014889759942889214,0.0019023079657927155,0.21795299649238586,0.25410494208335876,0.5458781123161316,0.12476337448559671,0.47902023792266846,0.28857770562171936,1.6542027532617491,0.013830136507749557,0.0020729496609419584
B06_s03,B06,4,high,4_high,test,184,154.2173913043478,0.5480245703387172,0.9510573395509337,0.13361045718193054,0.1182892918586731,0.24668560922145844,0.02675925925925926,0.4321879744529724,0.13782450556755066,3.1131965691941463,0.012409801594913006,0.0025754179805517197,0.16496728360652924,0.13792072236537933,0.340747207403183,0.03058641975308642,0.34370365738868713,0.25605109333992004,1.3371024916598164,0.01208407711237669,0.0009069615043699741,0.10968247801065445,0.12493398785591125,0.2785968482494354,0.021632373113854596,0.2843749225139618,0.17762111127376556,1.5920566190975685,0.008546998724341393,0.0006608396070078015,0.13257627189159393,0.13822250068187714,0.3144984543323517,0.02913923182441701,0.2899167239665985,0.19762420654296875,1.4596243278327723,0.009900120086967945,0.001078246277756989,0.10939967632293701,0.15701547265052795,0.3129032254219055,0.03149862825788752,0.2861003577709198,0.18180224299430847,1.5650812215680936,0.008305933326482773,0.0010658703977242112
B06_s04,B06,4,high,4_high,test,255,145.86274509803923,0.514191160563896,0.9522134421558464,0.1681213080883026,0.16343562304973602,0.35606059432029724,0.05657064471879287,0.5189500451087952,0.16972298920154572,3.039719767887573,0.01871626079082489,0.0051758792251348495,0.23378834128379822,0.1942414939403534,0.5271114706993103,0.11859396433470508,0.46323221921920776,0.3530369699001312,1.308428945569947,0.015589555725455284,0.0015929188812151551,0.1921997219324112,0.20277352631092072,0.5122860670089722,0.10685871056241426,0.4447985887527466,0.3013158440589905,1.471304258423034,0.01283434871584177,0.0013582675019279122,0.17836344242095947,0.16230131685733795,0.41055595874786377,0.05174211248285322,0.352491170167923,0.2571883499622345,1.3652481617372831,0.013537675142288208,0.001652569742873311,0.18757185339927673,0.2277756780385971,0.49641576409339905,0.0977846364883402,0.4196729362010956,0.3002797067165375,1.3929678197541189,0.011795488186180592,0.00188401248306036
B06_s05,B06,4,high,4_high,test,173,163.72832369942196,0.560930591397822,0.951702356485183,0.125899076461792,0.10646620392799377,0.22585226595401764,0.018113854595336078,0.39649245142936707,0.1265069991350174,3.109574016478268,0.010834374465048313,0.0019353963434696198,0.14503878355026245,0.12101022154092789,0.3035324811935425,0.011337448559670782,0.285816490650177,0.236526757478714,1.203302287641385,0.010676705278456211,0.000959812372457236,0.09019272774457932,0.09252402931451797,0.2210642248392105,0.0013477366255144033,0.21759794652462006,0.15019817650318146,1.4391572144392988,0.00674588093534112,0.0003368312609381974,0.12373858690261841,0.11906660348176956,0.28085264563560486,0.017085048010973936,0.236314058303833,0.19211873412132263,1.2236723660138216,0.00898683350533247,0.0008403854444622993,0.08159604668617249,0.09598413109779358,0.21469533443450928,0.004876543209876543,0.18082307279109955,0.1410502791404724,1.2729511964723774,0.005581697914749384,0.00029233522946015
B06_s06,B06,4,high,4_high,test,199,160.85929648241205,0.5219199934332014,0.9537692297984772,0.1447356790304184,0.13485056161880493,0.2859848439693451,0.03643004115226337,0.46040579676628113,0.15102185308933258,3.028550089412033,0.013823875226080418,0.003236012067645788,0.17642250657081604,0.1522674411535263,0.39860445261001587,0.046536351165980795,0.35768452286720276,0.2826259434223175,1.2611135587643068,0.011325492523610592,0.00075271021341905,0.1275915652513504,0.1525459736585617,0.36773428320884705,0.04214334705075446,0.3185884952545166,0.21761925518512726,1.4572755496067131,0.008357417769730091,0.0005900724208913743,0.13945122063159943,0.1404152363538742,0.34737375378608704,0.030027434842249658,0.2845360338687897,0.21910612285137177,1.2927220296407869,0.009760995395481586,0.0009326984290964901,0.13231967389583588,0.19408564269542694,0.416487455368042,0.06842592592592593,0.3262244760990143,0.23741334676742554,1.3683146540333975,0.00798497349023819,0.000991862965747714
B06_s07,B06,4,high,4_high,test,116,168.07758620689654,0.5583625373859206,0.957506678104373,0.10821305215358734,0.08868160843849182,0.14772726595401764,0.010651577503429356,0.3808552324771881,0.11596190184354782,3.256233238979244,0.007805137895047665,0.0012340393150225282,0.12486682087182999,0.11624164879322052,0.27743858098983765,0.006227709190672154,0.25941136479377747,0.23551642894744873,1.0968006152816374,0.010706864297389984,0.0011370041174814105,0.058420997112989426,0.059615205973386765,0.1278596818447113,0.0009465020576131687,0.16141681373119354,0.10701332241296768,1.4944157824721669,0.004983169492334127,0.00021439326519612223,0.07468628138303757,0.05527794361114502,0.13740846514701843,0.0011796982167352537,0.13468784093856812,0.11563608050346375,1.1547699507492306,0.005026980768889189,0.0002416525676380843,0.047565434128046036,0.04516880586743355,0.0994623675942421,0.0004355281207133059,0.1090531125664711,0.08635169267654419,1.248437313862771,0.003635755507275462,0.00011400083894841373
B06_s08,B06,4,high,4_high,test,144,160.21527777777777,0.569561341126056,0.9549079359548761,0.11408310383558273,0.09852494299411774,0.18371212482452393,0.014132373113854596,0.3888862133026123,0.11926452815532684,3.2335903135157933,0.009441626258194447,0.0017215468687936664,0.16359908878803253,0.21672724187374115,0.3201773464679718,0.01674897119341564,0.2947438359260559,0.2740865647792816,1.0714584922115207,0.014174466021358967,0.0029421960934996605,0.06944218277931213,0.12076786905527115,0.13599389791488647,0.0039026063100137173,0.1576482653617859,0.10941439121961594,1.4277872985616615,0.006577919702976942,0.0011955040972679853,0.08066588640213013,0.06054763123393059,0.14293049275875092,0.0015294924554183813,0.1301044076681137,0.11517874896526337,1.1198640786450025,0.006186115089803934,0.00047969675506465137,0.048697300255298615,0.04079919680953026,0.09695340692996979,0.0004972565157750343,0.09985224902629852,0.0767718181014061,1.2839130094155946,0.003816845128312707,0.00016318037523888052
B06_s09,B06,4,high,4_high,test,186,151.31182795698925,0.5328725411551617,0.9509246607522742,0.13639269769191742,0.1319810003042221,0.2561553120613098,0.029591906721536353,0.4589064419269562,0.15199723839759827,2.9994426483331873,0.012957192957401276,0.002956908894702792,0.18901430070400238,0.18445762991905212,0.4219363331794739,0.06846707818930041,0.40435922145843506,0.30550143122673035,1.3192735180388626,0.014235137961804867,0.0018808254972100258,0.11784794926643372,0.16027018427848816,0.31647178530693054,0.05051783264746228,0.3316695988178253,0.20347702503204346,1.6220384601441145,0.008816038258373737,0.0008393077296204865,0.12110931426286697,0.13488946855068207,0.2843199372291565,0.025195473251028805,0.26908618211746216,0.19415254890918732,1.3788504614545376,0.009018956683576107,0.0012766855070367455,0.12008925527334213,0.18903328478336334,0.3815412223339081,0.07295953360768176,0.32092201709747314,0.22092899680137634,1.4460571701889604,0.007516604382544756,0.0006685867556370795
B06_s10,B06,4,high,4_high,test,166,168.3975903614458,0.5491066756401554,0.9583753900147984,0.12034817039966583,0.09730473160743713,0.21496212482452393,0.013299039780521263,0.37055981159210205,0.12356790155172348,2.974761611748248,0.009902727790176868,0.0013018985046073794,0.12163250893354416,0.0966552197933197,0.24952754378318787,0.006526063100137174,0.229816272854805,0.1895347684621811,1.2061644953814339,0.009167536161839962,0.00038212613435462117,0.06831289827823639,0.06780535727739334,0.14200982451438904,0.002266803840877915,0.16460451483726501,0.10445600003004074,1.560883352207318,0.005570124369114637,0.0001939796784427017,0.08734096586704254,0.07431373000144958,0.1629638671875,0.0025480109739368997,0.1512715220451355,0.12247074395418167,1.2251608534995977,0.006295623257756233,0.0006469069048762321,0.05836903303861618,0.061810459941625595,0.11021505296230316,0.00252400548696845,0.12059800326824188,0.09095776826143265,1.311449870394702,0.00439918739721179,0.00017216557171195745
B06_s11,B06,4,high,4_high,test,323,136.1764705882353,0.49781101188568155,0.9502138601541077,0.21200677752494812,0.18811377882957458,0.43465909361839294,0.07984567901234568,0.5676135420799255,0.2060026377439499,2.7420594648751777,0.02412513643503189,0.007633168715983629,0.3317917287349701,0.23925575613975525,0.6703009009361267,0.24593964334705076,0.5821125507354736,0.437226802110672,1.3283362586035166,0.019590867683291435,0.0025565887335687876,0.3206954598426819,0.2656137943267822,0.6992035508155823,0.2515432098765432,0.6038703918457031,0.43052828311920166,1.3993761601922514,0.021025367081165314,0.0034471238031983376,0.2589167058467865,0.18519406020641327,0.5149607062339783,0.1111522633744856,0.43372642993927,0.32443103194236755,1.3327752653166804,0.018629031255841255,0.002459506969898939,0.3594222962856293,0.3179264962673187,0.7854838967323303,0.30477023319615915,0.6455137133598328,0.49253079295158386,1.307950228392656,0.021886393427848816,0.004269398283213377
B06_s12,B06,4,high,4_high,test,180,165.44444444444446,0.5531760615702225,0.9557381728351159,0.12456671893596649,0.10818073898553848,0.23579545319080353,0.017181069958847738,0.39109209179878235,0.11977821588516235,3.2381012497372725,0.011589189060032368,0.002276758663356304,0.1277695596218109,0.09566740691661835,0.2397150695323944,0.006392318244170096,0.22217488288879395,0.1873382031917572,1.1796591404378314,0.01066918857395649,0.0007527244742959738,0.07221826165914536,0.05684121325612068,0.14429756999015808,0.0006755829903978052,0.15824975073337555,0.10185786336660385,1.5385284659214151,0.0065757459960877895,0.00034710316685959697,0.09450868517160416,0.07063697278499603,0.16694486141204834,0.003010973936899863,0.15197791159152985,0.13042740523815155,1.1563639357875168,0.007785463705658913,0.0006535679567605257,0.05816042050719261,0.044216275215148926,0.10949821025133133,0.0003257887517146776,0.1077984943985939,0.08299550414085388,1.2833840989611096,0.0047322046011686325,0.00019896893354598433
B06_s13,B06,4,high,4_high,test,252,156.55555555555554,0.5368764740606597,0.9535125365035926,0.15525631606578827,0.1362086534500122,0.3224431872367859,0.03835048010973937,0.4387369155883789,0.14700213074684143,2.9643959406154843,0.016392024233937263,0.003617689246311784,0.20380453765392303,0.1580410748720169,0.4187381863594055,0.05994513031550069,0.3551124632358551,0.2705826759338379,1.3075666995871507,0.012912246398627758,0.0009706998826004565,0.15627868473529816,0.1634323000907898,0.3995932936668396,0.0558641975308642,0.31819599866867065,0.21138682961463928,1.4981908211823423,0.010707867331802845,0.0009562387713231146,0.16194818913936615,0.1296825110912323,0.3336328864097595,0.027740054869684498,0.25676339864730835,0.20672781765460968,1.2360568822526719,0.012100063264369965,0.0014216332929208875,0.137006014585495,0.15945646166801453,0.3702509105205536,0.044910836762688616,0.2613471448421478,0.18911686539649963,1.3746657578068804,0.008743013255298138,0.0008402127423323691
B06_s14,B06,4,high,4_high,test,180,173.5222222222222,0.5441103182289129,0.9574063031139369,0.12943574786186218,0.11278723925352097,0.2495265156030655,0.019585048010973938,0.3993101418018341,0.12890730798244476,3.073808148312915,0.011779884807765484,0.0020643863826990128,0.148851215839386,0.11694172024726868,0.301351934671402,0.014262688614540466,0.2817191481590271,0.22657999396324158,1.2378906566125052,0.010619241744279861,0.0005806222325190902,0.09286795556545258,0.099109947681427,0.20225384831428528,0.007733196159122085,0.22168272733688354,0.14374366402626038,1.5315539289972953,0.006893222685903311,0.0003456203266978264,0.11368236690759659,0.0987391397356987,0.2251187264919281,0.009931412894375857,0.20693299174308777,0.1634334772825241,1.2584602306228823,0.008539985865354538,0.0008656762074679136,0.08184237778186798,0.10922107100486755,0.18620072305202484,0.013028120713305898,0.18810956180095673,0.1315305083990097,1.4193679936291734,0.005822323728352785,0.00046844419557601213
B06_s15,B06,4,high,4_high,test,198,158.37878787878788,0.5386016854871318,0.9533647481109964,0.13106323778629303,0.11227830499410629,0.2552083432674408,0.02295267489711934,0.4067176282405853,0.1236199289560318,3.2636644206728986,0.012571738101541996,0.0023495990317314863,0.13047313690185547,0.08627890050411224,0.23913359642028809,0.002242798353909465,0.22512918710708618,0.18304972350597382,1.2231976382174734,0.009410790167748928,0.0004885796224698424,0.08080923557281494,0.06698251515626907,0.16234536468982697,0.0009910836762688615,0.17399032413959503,0.11428462713956833,1.5092239829075837,0.006405105348676443,0.000313802738673985,0.11175426095724106,0.09381143003702164,0.21150630712509155,0.009595336076817559,0.18641380965709686,0.156861811876297,1.1808670345376098,0.00815855897963047,0.0008234148845076561,0.07012204825878143,0.07746373116970062,0.13387097418308258,0.004797668038408779,0.1360001116991043,0.10437960177659988,1.2905734070566954,0.005414210259914398,0.00048758278717286885
B06_s16,B06,4,high,4_high,test,174,174.61494252873564,0.5680606674764949,0.9554156427338752,0.12507358193397522,0.10754317790269852,0.2391098439693451,0.01868312757201646,0.39072906970977783,0.12257952988147736,3.161762065970944,0.011119654402136803,0.001762987463735044,0.11810413002967834,0.08269109576940536,0.2310655564069748,0.0013854595336076818,0.2180703580379486,0.17343829572200775,1.2501289188554947,0.008720148354768753,0.00038633085205219686,0.0691966563463211,0.05580870062112808,0.1423487514257431,0.0004938271604938272,0.15795311331748962,0.09785894304513931,1.5977625134568525,0.005802302621304989,0.00023545316071249545,0.09559396654367447,0.06923168152570724,0.1695132553577423,0.003521947873799726,0.147714763879776,0.13168920576572418,1.1132387372985026,0.007059763185679913,0.0005410198937170208,0.0572037510573864,0.04390311241149902,0.11075268685817719,9.945130315500686e-05,0.10764990746974945,0.0826476663351059,1.2869445399526958,0.004382943734526634,0.00014423903485294431
B06_s17,B06,4,high,4_high,test,338,144.4852071005917,0.5278022051906118,0.9490499939834192,0.23087459802627563,0.2006119042634964,0.483428031206131,0.0938443072702332,0.5881488919258118,0.21379441022872925,2.7381945894192805,0.026707015931606293,0.008555937558412552,0.357471227645874,0.22771050035953522,0.6620875000953674,0.2603463648834019,0.5840643644332886,0.4448583722114563,1.3099773399708319,0.02085178904235363,0.002849985845386982,0.35439515113830566,0.25463154911994934,0.6979325413703918,0.27641289437585737,0.6082955002784729,0.4489854574203491,1.35181146467638,0.02281741052865982,0.003911648411303759,0.2903476059436798,0.18220055103302002,0.534737229347229,0.1282681755829904,0.44402381777763367,0.34396135807037354,1.287169728984691,0.019700229167938232,0.0026099563110619783,0.3696669340133667,0.27384325861930847,0.7220430374145508,0.3176097393689986,0.581852376461029,0.47902911901474,1.2121189182341299,0.02118568867444992,0.003955421503633261
B06_s18,B06,4,high,4_high,test,282,146.00709219858157,0.5624015942454227,0.9516751967405239,0.1696331799030304,0.15290571749210358,0.37168559432029724,0.052575445816186554,0.48530834913253784,0.14997060596942902,3.214588336691256,0.019612520933151245,0.004618029575794935,0.19933737814426422,0.13106422126293182,0.37462568283081055,0.035816186556927296,0.31356871128082275,0.25049394369125366,1.2468241050996247,0.011924820952117443,0.0007449702825397253,0.15893590450286865,0.14148080348968506,0.3540077805519104,0.04118655692729767,0.28886085748672485,0.20120449364185333,1.428558051723411,0.010627688840031624,0.0007776232669129968,0.17218126356601715,0.10275191813707352,0.3109027147293091,0.00967764060356653,0.2360033243894577,0.20848387479782104,1.1265942288743291,0.01212045643478632,0.0010475014569237828,0.15020520985126495,0.15550033748149872,0.3797490894794464,0.046419753086419754,0.2414134442806244,0.19583530724048615,1.2264742929766879,0.00904181506484747,0.0007610241300426424
B06_s19,B06,4,high,4_high,test,304,236.20394736842104,0.5437142118678707,0.9463029280651511,0.2627698481082916,0.21936805546283722,0.546875,0.12263031550068587,0.5675234794616699,0.22238536179065704,2.5405580513978254,0.028340797871351242,0.008725699968636036,0.3691350221633911,0.26211968064308167,0.7410960793495178,0.2882818930041152,0.6439002156257629,0.4041683077812195,1.5892166372831227,0.019746746867895126,0.0025745858438313007,0.3657476603984833,0.29466918110847473,0.7942721843719482,0.3088888888888889,0.6825357675552368,0.3998224437236786,1.7028381974183249,0.0213922206312418,0.003367222845554352,0.31003159284591675,0.22126369178295135,0.6171823143959045,0.20391289437585733,0.5273915529251099,0.336172491312027,1.5641594925875786,0.019707782194018364,0.0028636266943067312,0.4329785704612732,0.37054795026779175,0.9491039514541626,0.4107647462277092,0.7942141890525818,0.4858311414718628,1.631395614198778,0.02207750268280506,0.004039659630507231
B06_s20,B06,4,high,4_high,test,262,155.06106870229007,0.5514563242951892,0.9524013767805989,0.14781442284584045,0.12384152412414551,0.31439393758773804,0.029430727023319617,0.4076361060142517,0.1290719360113144,3.133928182469685,0.015891991555690765,0.003010089509189129,0.15043815970420837,0.09965427219867706,0.26341038942337036,0.003117283950617284,0.22337070107460022,0.18778039515018463,1.1832303926310632,0.009795311838388443,0.0009399765986017883,0.10623539984226227,0.08202220499515533,0.20886290073394775,0.0025480109739368997,0.18588568270206451,0.1303897202014923,1.4147658006806019,0.007639498449862003,0.0003982611815445125,0.1385515034198761,0.09214857220649719,0.24373950064182281,0.005582990397805213,0.18854419887065887,0.16730362176895142,1.1202622789038603,0.010104942135512829,0.001285808626562357,0.10658153891563416,0.10610923916101456,0.2062724083662033,0.015432098765432098,0.1653652936220169,0.1355707198381424,1.2108400235277412,0.007043266203254461,0.0005607024068012834
B06_s21,B06,4,high,4_high,test,229,152.87772925764193,0.5472202553962487,0.9534338674705326,0.14409783482551575,0.13109572231769562,0.29450756311416626,0.03203360768175583,0.43513330817222595,0.13316118717193604,3.243362088131906,0.014815418049693108,0.0033332195598632097,0.14963412284851074,0.109040267765522,0.2938653826713562,0.009375857338820301,0.26889026165008545,0.20449334383010864,1.3085108093447062,0.010110215283930302,0.0005602973978966475,0.10953928530216217,0.10718190670013428,0.25436365604400635,0.010030864197530864,0.23789803683757782,0.15282659232616425,1.5465338810415417,0.008006253279745579,0.0004740983131341636,0.1375153511762619,0.1213616132736206,0.2949787378311157,0.021066529492455417,0.2378058135509491,0.183541402220726,1.2886312268642819,0.010146072134375572,0.0009923253674060106,0.12310174107551575,0.1592625081539154,0.34641575813293457,0.03921810699588477,0.260667622089386,0.17821182310581207,1.4545224615871462,0.007717365399003029,0.0006752655608579516
B06_s22,B06,4,high,4_high,test,163,160.14110429447854,0.5521526115903245,0.9577894289134405,0.1187034621834755,0.09606961160898209,0.20170454680919647,0.013079561042524005,0.373494952917099,0.12031958252191544,3.07860400730962,0.009869142435491085,0.0015022221487015486,0.11797889322042465,0.09780895709991455,0.2462567239999771,0.003347050754458162,0.22540239989757538,0.19210074841976166,1.1672787482293778,0.008996337652206421,0.00048440287355333567,0.06553211063146591,0.06199290230870247,0.13904422521591187,0.00098079561042524,0.15527287125587463,0.10411879420280457,1.4771180780128466,0.0051550897769629955,0.00014692795230075717,0.08953020721673965,0.07555539160966873,0.16155126690864563,0.004262688614540466,0.15006601810455322,0.13025447726249695,1.1433211364244353,0.006315282080322504,0.0003863722668029368,0.05921803414821625,0.06227225810289383,0.11415770649909973,0.0009430727023319616,0.1209523156285286,0.09499796479940414,1.259946665340965,0.0042579141445457935,0.00017244262562599033
B06_s23,B06,4,high,4_high,test,154,155.16233766233765,0.5677725019159525,0.9558416297326036,0.11624827235937119,0.09688997268676758,0.1879734843969345,0.015305212620027434,0.38684818148612976,0.1213725358247757,3.1612336777923336,0.009589124470949173,0.0015347084263339639,0.10996026545763016,0.09237610548734665,0.2368076741695404,0.004104938271604938,0.22440630197525024,0.18523362278938293,1.2049720056675153,0.008997174911201,0.00042914977530017495,0.05980103090405464,0.05886071175336838,0.13074055314064026,0.0021810699588477368,0.15875428915023804,0.09751583635807037,1.6114595888240963,0.005175414029508829,0.00018074152467306703,0.08544547855854034,0.07229145616292953,0.16219335794448853,0.004595336076817559,0.1526225358247757,0.1292794644832611,1.1715010990422463,0.006555786356329918,0.0004865718074142933,0.054449357092380524,0.060871053487062454,0.10752688348293304,0.003539094650205761,0.12658022344112396,0.0893690437078476,1.4007033630934815,0.004371917340904474,0.00018211260612588376
B06_s24,B06,4,high,4_high,test,273,141.50915750915752,0.5316923680098244,0.9536655235128736,0.1574256867170334,0.13567371666431427,0.329071968793869,0.038713991769547325,0.44655853509902954,0.14912712574005127,2.97453596675298,0.016696447506546974,0.0036627587396651506,0.17990875244140625,0.13212917745113373,0.3749818205833435,0.021790123456790125,0.3043198585510254,0.2503817081451416,1.2105887130630786,0.010816792957484722,0.0006571863195858896,0.14594312012195587,0.14348991215229034,0.37603795528411865,0.030960219478737998,0.28538164496421814,0.2084255963563919,1.3626875125548996,0.009864263236522675,0.0008324880036525428,0.16286374628543854,0.14002324640750885,0.3471169173717499,0.03077846364883402,0.2676811218261719,0.22068153321743011,1.207503024456369,0.011898145079612732,0.00142130337189883,0.16542410850524902,0.18206940591335297,0.47132617235183716,0.07992112482853224,0.29210615158081055,0.24569396674633026,1.184083078453137,0.008990895003080368,0.0006904108449816704
B06_s25,B06,4,high,4_high,test,289,138.6574394463668,0.541450470990834,0.9541990375097941,0.15826088190078735,0.1482989490032196,0.3546401560306549,0.044537037037037035,0.46367818117141724,0.13537479937076569,3.400028328626929,0.01924017071723938,0.005721844732761383,0.16432763636112213,0.10719434916973114,0.2924843728542328,0.014125514403292181,0.2538702189922333,0.20593944191932678,1.226785076047523,0.01149885356426239,0.0008070108015090227,0.12644124031066895,0.1107744425535202,0.2645314335823059,0.01613511659807956,0.22748661041259766,0.1593189835548401,1.4189624046286549,0.009996732696890831,0.0007541949744336307,0.1512858271598816,0.11087686568498611,0.2605624198913574,0.013734567901234567,0.21717290580272675,0.18431827425956726,1.1718914751954903,0.012625700794160366,0.001709494274109602,0.1292438954114914,0.13035766780376434,0.291756272315979,0.026862139917695472,0.21034851670265198,0.16757938265800476,1.247771307416541,0.009383199736475945,0.0008224775083363056
B06_s26,B06,4,high,4_high,test,306,150.54901960784315,0.5437466583475482,0.9511862683562959,0.17336183786392212,0.14031626284122467,0.3532196879386902,0.04349108367626886,0.4378781020641327,0.15721912682056427,2.7675421478006803,0.01851624995470047,0.003952967934310436,0.1951475292444229,0.12294366210699081,0.3612443804740906,0.027740054869684498,0.3050622344017029,0.23620663583278656,1.2860611311765728,0.012088626623153687,0.0007947430713102221,0.1647994965314865,0.1391373574733734,0.370615154504776,0.03815843621399177,0.2913650870323181,0.20053085684776306,1.4457591834307342,0.011403582990169525,0.0009307601721957326,0.1880677044391632,0.1298060566186905,0.3729291558265686,0.03376543209876543,0.27321410179138184,0.22241829335689545,1.222881518278098,0.012979298830032349,0.0013012634590268135,0.17531748116016388,0.17974123358726501,0.48297491669654846,0.09052126200274349,0.28859665989875793,0.22284872829914093,1.2892486014621933,0.01055652555078268,0.0009614739683456719
B06_s27,B06,4,high,4_high,test,250,151.988,0.5561221130045012,0.9524135966727695,0.15380015969276428,0.13242462277412415,0.3177083432674408,0.03781893004115226,0.43968072533607483,0.14638181030750275,2.9832767314956237,0.015736369416117668,0.0029394086450338364,0.17045734822750092,0.12916353344917297,0.3543393015861511,0.026810699588477368,0.2985215485095978,0.23352384567260742,1.2728835639439855,0.010515605099499226,0.0006267732824198902,0.1329810470342636,0.13899382948875427,0.34341636300086975,0.03635802469135802,0.27711668610572815,0.1872117966413498,1.4723661909130625,0.008739759214222431,0.0006080949679017067,0.13952749967575073,0.09600277990102768,0.2642865777015686,0.00837448559670782,0.21506229043006897,0.1789068728685379,1.1954089746600172,0.009199111722409725,0.0006074864650145173,0.1269589364528656,0.15979404747486115,0.38584229350090027,0.05162894375857339,0.24542966485023499,0.18789514899253845,1.2992904590680077,0.0070945187471807,0.0005273488350212574
B06_s28,B06,4,high,4_high,test,304,140.0559210526316,0.5285796667398563,0.9508195172042239,0.19555601477622986,0.175007164478302,0.40435606241226196,0.06707133058984911,0.5359323024749756,0.1902884840965271,2.8016966363983307,0.02211175300180912,0.006195590831339359,0.2517436742782593,0.1883781999349594,0.5237752795219421,0.11599794238683128,0.450638085603714,0.33663591742515564,1.3346864546886004,0.014979098923504353,0.0017641294980421662,0.23467710614204407,0.21245811879634857,0.5452465415000916,0.13016803840877916,0.4639473557472229,0.3237481415271759,1.428637446747015,0.015593202784657478,0.002130319597199559,0.22632308304309845,0.1893220692873001,0.4918452501296997,0.09420438957475995,0.3988356292247772,0.30410632491111755,1.3072021018933795,0.015867669135332108,0.002074165502563119,0.24956576526165009,0.2397969365119934,0.6044802665710449,0.1806207133058985,0.45710986852645874,0.35945525765419006,1.2681459316234922,0.014217481017112732,0.0018335224594920874
B06_s29,B06,4,high,4_high,test,154,168.04545454545453,0.5449245304836883,0.9561107440343458,0.11906126886606216,0.10249882191419601,0.20407196879386902,0.014358710562414266,0.3862037658691406,0.1205744668841362,3.176684839894905,0.010029071010649204,0.001987539231777191,0.10910346359014511,0.07951302081346512,0.2186364233493805,0.0006652949245541838,0.19817671179771423,0.16642941534519196,1.1836433364419872,0.008373173885047436,0.000363152998033911,0.06447325646877289,0.05512183904647827,0.13277409970760345,0.0003257887517146776,0.14796440303325653,0.09588605165481567,1.5272002574779506,0.005380959250032902,0.00021979917073622346,0.08724895864725113,0.061099231243133545,0.15846920013427734,0.001724965706447188,0.1372004896402359,0.12160450220108032,1.1190493593393258,0.006167909130454063,0.00040485450881533325,0.05268559604883194,0.04890236631035805,0.09928315132856369,0.0005452674897119342,0.09897627681493759,0.07972461730241776,1.2260978140552075,0.003913525491952896,0.00014620750152971596
B06_s30,B06,4,high,4_high,test,219,159.31963470319636,0.5606404900620049,0.9524878047581871,0.14651137590408325,0.12820325791835785,0.29498106241226196,0.03151920438957476,0.43392106890678406,0.1466122716665268,2.9396002378925647,0.01430298388004303,0.0029110729228705168,0.17632952332496643,0.1678285300731659,0.3865387439727783,0.042328532235939645,0.33638089895248413,0.26412954926490784,1.2687416392670157,0.012202858924865723,0.0018663251539692283,0.13222725689411163,0.15684962272644043,0.3824012875556946,0.050267489711934156,0.2990487515926361,0.20465494692325592,1.45412865611364,0.009210921823978424,0.0008503278950229287,0.13255859911441803,0.10218282043933868,0.2668549418449402,0.008484224965706447,0.2206925004720688,0.18458184599876404,1.1891922902498695,0.009697481989860535,0.0008838611538521945,0.12157553434371948,0.15915082395076752,0.3867383599281311,0.0490363511659808,0.251575767993927,0.19468586146831512,1.2856103456133514,0.007375938817858696,0.0005816948832944036
B06_s31,B06,4,high,4_high,test,287,148.98606271777004,0.5317428650625067,0.9491322971955424,0.18275104463100433,0.1607009470462799,0.38352271914482117,0.059838820301783266,0.5011444687843323,0.17276152968406677,2.88409333006859,0.019972676411271095,0.005082305055111647,0.22316484153270721,0.169761061668396,0.48575374484062195,0.08978737997256515,0.40046554803848267,0.293423056602478,1.3601704725835393,0.013184681534767151,0.0010650071781128645,0.19764703512191772,0.19401025772094727,0.510337233543396,0.1062482853223594,0.4035691022872925,0.26671233773231506,1.5074729304811505,0.01276961900293827,0.0013602270046249032,0.19372761249542236,0.1519920378923416,0.4019518792629242,0.04523662551440329,0.3219764530658722,0.24656672775745392,1.3005643205064252,0.013994813896715641,0.0018443844746798277,0.20819342136383057,0.2239379584789276,0.5625627636909485,0.1474039780521262,0.39799991250038147,0.29315781593322754,1.3530149156081768,0.011970662511885166,0.00128743180539459
B06_s32,B06,4,high,4_high,test,330,149.25454545454545,0.5317093136296354,0.9491805347139878,0.22663696110248566,0.19926141202449799,0.47064393758773804,0.08880658436213992,0.5769060254096985,0.21495194733142853,2.6714555369315653,0.025678861886262894,0.007716653868556023,0.31234925985336304,0.22554707527160645,0.6383195519447327,0.2178875171467764,0.5493223071098328,0.3976858854293823,1.3778323416647065,0.01719103381037712,0.0018731451127678156,0.3067309260368347,0.2617906928062439,0.6900525093078613,0.24315500685871055,0.5828477740287781,0.39817506074905396,1.4601307329547626,0.018737085163593292,0.0026917257346212864,0.25395774841308594,0.17190001904964447,0.47052767872810364,0.07824417009602194,0.4067288637161255,0.30949002504348755,1.3099579081780763,0.01772516779601574,0.002621779218316078,0.34911003708839417,0.31305962800979614,0.7956989407539368,0.31984910836762687,0.6260029077529907,0.465567409992218,1.3417201766480689,0.018754057586193085,0.00276515306904912
B06_s33,B06,4,high,4_high,test,331,130.619335347432,0.5302630795519311,0.954272641065938,0.19635017216205597,0.16898657381534576,0.41429924964904785,0.06881001371742113,0.528232991695404,0.17451699078083038,3.0095832280705705,0.023329859599471092,0.006775455083698034,0.24720044434070587,0.15520578622817993,0.47471290826797485,0.08089506172839506,0.38494032621383667,0.302614688873291,1.2678580461384912,0.015215697698295116,0.00136230094358325,0.21847356855869293,0.17799721658229828,0.4911879301071167,0.09388203017832647,0.3790607452392578,0.27136659622192383,1.3917299349381294,0.014835374429821968,0.0016716562677174807,0.2194494754076004,0.16425497829914093,0.44381651282310486,0.0660528120713306,0.33634814620018005,0.26354944705963135,1.271399921408132,0.0162114929407835,0.002125173807144165,0.24388538300991058,0.22928200662136078,0.5863799452781677,0.16690672153635117,0.3907669484615326,0.31450003385543823,1.2385638875734053,0.01399276964366436,0.001632099156267941
B06_s34,B06,4,high,4_high,test,287,145.9268292682927,0.53133521767414,0.9492826057690662,0.17209243774414062,0.15385401248931885,0.3707386255264282,0.054626200274348426,0.48315465450286865,0.16087226569652557,2.984789595820423,0.01941445656120777,0.004776126705110073,0.21316006779670715,0.1566222757101059,0.4428696036338806,0.05901234567901235,0.35692664980888367,0.28732800483703613,1.2379187724432792,0.013813411816954613,0.0014394298195838928,0.1813260316848755,0.16900721192359924,0.44594135880470276,0.06490397805212621,0.34392818808555603,0.25226715207099915,1.3579660262817723,0.01272082794457674,0.0014342634240165353,0.17747174203395844,0.13536502420902252,0.3566199243068695,0.03027777777777778,0.28403347730636597,0.23016229271888733,1.228718896865132,0.012908080592751503,0.0014978359686210752,0.19630150496959686,0.20217102766036987,0.5141577124595642,0.10980452674897119,0.34241098165512085,0.2841876447200775,1.200651528894985,0.01180474553257227,0.0013852925039827824
B06_s35,B06,4,high,4_high,test,184,147.44565217391303,0.5844976818282018,0.9528063024312011,0.12669195234775543,0.11295965313911438,0.22774621844291687,0.022506858710562416,0.4222780466079712,0.1254286766052246,3.340049567445371,0.011899597942829132,0.0024941822048276663,0.14010675251483917,0.11923044919967651,0.29284781217575073,0.007578875171467764,0.2553751468658447,0.218500554561615,1.1634373652307086,0.01200434472411871,0.0011455625062808394,0.08077724277973175,0.0823894739151001,0.18124046921730042,0.003141289437585734,0.19481875002384186,0.12986811995506287,1.4886646961134475,0.006786759477108717,0.0003522974147927016,0.1037144735455513,0.10140788555145264,0.21099263429641724,0.010336076817558298,0.1888434737920761,0.15653590857982635,1.1987328825185632,0.008596869185566902,0.0008234234410338104,0.07599887996912003,0.09465531259775162,0.15376344323158264,0.00869684499314129,0.16399575769901276,0.12879812717437744,1.2634678270718998,0.005464750342071056,0.0002711566921789199
B06_s36,B06,4,high,4_high,test,181,175.54696132596686,0.5522997838296657,0.9565110572275247,0.12758378684520721,0.11113498359918594,0.24763257801532745,0.019746227709190673,0.38976746797561646,0.12988674640655518,2.9778986694721277,0.011616676114499569,0.001822149963118136,0.14865520596504211,0.14239180088043213,0.2859427332878113,0.02801440329218107,0.2989896833896637,0.22296220064163208,1.3350006498109255,0.010740389116108418,0.0009343840065412223,0.08851904422044754,0.1146538257598877,0.17115743458271027,0.015785322359396434,0.2203189730644226,0.12735643982887268,1.7164621686154289,0.006673123687505722,0.00048649730160832405,0.10946078598499298,0.1032382994890213,0.20290222764015198,0.012390260631001371,0.19790582358837128,0.14951001107692719,1.3149013954109645,0.007772995624691248,0.0006914407131262124,0.0737675204873085,0.10462889820337296,0.1297491043806076,0.014441015089163237,0.16764317452907562,0.10670122504234314,1.5565577314758126,0.005027880426496267,0.0003285264829173684
B06_s37,B06,4,high,4_high,test,219,152.65296803652967,0.5597858847510052,0.9502935464788271,0.1382264941930771,0.1240808367729187,0.2826704680919647,0.027866941015089162,0.4273824393749237,0.13157956302165985,3.223592155791773,0.014073587022721767,0.0031624699477106333,0.16096897423267365,0.13336338102817535,0.325846791267395,0.02525377229080933,0.30725419521331787,0.2370324432849884,1.2908080552929189,0.012672735378146172,0.0013494737213477492,0.1127011775970459,0.12689565122127533,0.28351128101348877,0.023892318244170097,0.26553288102149963,0.16795720160007477,1.5715984788267359,0.008855023421347141,0.0007330558146350086,0.12760843336582184,0.11454671621322632,0.2717348635196686,0.012427983539094651,0.22692672908306122,0.174147367477417,1.295633113711061,0.01069270633161068,0.0013079802738502622,0.10776609927415848,0.14429329335689545,0.29982078075408936,0.03016803840877915,0.2371407002210617,0.16436003148555756,1.4340871738511578,0.007961951196193695,0.0010628862073644996
B06_s38,B06,4,high,4_high,test,168,169.71428571428572,0.5971420142522451,0.9537389534290555,0.12220341712236404,0.10426327586174011,0.2244318127632141,0.016776406035665294,0.38972631096839905,0.11679818481206894,3.308423738363665,0.01089339517056942,0.0019277653191238642,0.11921657621860504,0.08850988000631332,0.22481465339660645,0.003487654320987654,0.21017685532569885,0.17685239017009735,1.1817488374752034,0.009624145925045013,0.000713198387529701,0.06827804446220398,0.05400458723306656,0.1361633688211441,0.0008676268861454047,0.15260110795497894,0.09798174351453781,1.541709637924956,0.005853431299328804,0.00028474334976635873,0.0909627377986908,0.06708724796772003,0.15667133033275604,0.002908093278463649,0.1431734561920166,0.12526609003543854,1.1339026665974432,0.007361164782196283,0.0007477195467799902,0.057426102459430695,0.04565378278493881,0.106451615691185,0.0007613168724279835,0.10866356641054153,0.0841265544295311,1.2764943575919625,0.004571603611111641,0.0002040760882664472
B06_s39,B06,4,high,4_high,test,208,157.91346153846155,0.5595294520821373,0.9555677265138752,0.12887975573539734,0.10919379442930222,0.2594696879386902,0.020816186556927296,0.3925103545188904,0.11888108402490616,3.2741642079024205,0.012609883211553097,0.0022582849487662315,0.133424773812294,0.08932369202375412,0.2527983784675598,0.0018689986282578875,0.2147616297006607,0.19088588654994965,1.119215350133405,0.01094214990735054,0.0006371370982378721,0.07655949890613556,0.0581560954451561,0.1542111486196518,0.0001234567901234568,0.1585955172777176,0.10520733147859573,1.4932633658127432,0.006488716695457697,0.00024025182938203216,0.10053172707557678,0.06787293404340744,0.17952993512153625,0.0019684499314128944,0.14806050062179565,0.1333472728729248,1.1020729893180772,0.00812765397131443,0.0005583966267295182,0.06723077595233917,0.06075670197606087,0.12688171863555908,0.0018930041152263374,0.12036632001399994,0.09567078948020935,1.2451157238003274,0.005447801202535629,0.00028744840528815985
B06_s40,B06,4,high,4_high,test,291,133.7766323024055,0.5176100047515592,0.951948794291498,0.1716366708278656,0.1483456790447235,0.3489583432674408,0.04934842249657064,0.48053398728370667,0.1648893803358078,2.8967133779809635,0.018877459689974785,0.004568849690258503,0.23031073808670044,0.16653738915920258,0.45130106806755066,0.06742455418381345,0.37821364402770996,0.29879075288772583,1.2615920951015929,0.014717049896717072,0.0016483236104249954,0.2019609957933426,0.17212560772895813,0.4513641893863678,0.0711522633744856,0.36512425541877747,0.2676098048686981,1.3593109737645561,0.014175012707710266,0.0016490789130330086,0.19062452018260956,0.13914786279201508,0.37254390120506287,0.036193415637860084,0.29890626668930054,0.23809093236923218,1.2501781800227143,0.014875451102852821,0.0017385613173246384,0.22480608522891998,0.21398964524269104,0.532437264919281,0.12372085048010974,0.3683525323867798,0.3051774501800537,1.2030687830542803,0.013313937932252884,0.0016264227451756597
B06_s41,B06,4,high,4_high,test,201,154.2636815920398,0.5463094610873931,0.9526813956421937,0.13648617267608643,0.12073779106140137,0.2651515007019043,0.028285322359396434,0.4302825331687927,0.1317490041255951,3.2413240009069924,0.013288049958646297,0.002712240442633629,0.1658254861831665,0.18145152926445007,0.31684112548828125,0.01787037037037037,0.2790261507034302,0.228990837931633,1.213205505109614,0.012071522884070873,0.001822438556700945,0.10751044005155563,0.12076324224472046,0.24097611010074615,0.010377229080932785,0.22001196444034576,0.15676622092723846,1.3945441752186922,0.008401445113122463,0.0009079113369807601,0.13141027092933655,0.11674045771360397,0.2770000696182251,0.018096707818930042,0.22139473259449005,0.1878979653120041,1.172033442651491,0.009673056192696095,0.0009871218353509903,0.09448108822107315,0.10873538255691528,0.23781362175941467,0.013460219478737998,0.17118366062641144,0.1448126584291458,1.173997254220518,0.006403549574315548,0.00046463689068332314
B06_s42,B06,4,high,4_high,test,292,127.43150684931507,0.5455178815293968,0.9521701661166808,0.17573559284210205,0.16873551905155182,0.3787878751754761,0.06242798353909465,0.5399514436721802,0.16371507942676544,3.2780935755930587,0.021596454083919525,0.006276233121752739,0.23221495747566223,0.17620238661766052,0.4933856725692749,0.09491083676268862,0.3973321318626404,0.31402623653411865,1.2612667955343702,0.015596362762153149,0.0015376367373391986,0.20487277209758759,0.19473086297512054,0.5053380727767944,0.1036042524005487,0.39062297344207764,0.2833889424800873,1.3735519040773845,0.014727704226970673,0.0017039984231814742,0.1909802258014679,0.14641043543815613,0.3833439350128174,0.04149862825788752,0.3000393211841583,0.24611130356788635,1.2141869548340252,0.015771513804793358,0.0019684243015944958,0.19649174809455872,0.19642989337444305,0.5,0.09990054869684499,0.3267994225025177,0.27823302149772644,1.1703466185684581,0.012650173157453537,0.0013452055864036083
B06_s43,B06,4,high,4_high,test,258,158.45736434108528,0.5501935375264532,0.949940015123925,0.17418505251407623,0.17442362010478973,0.3868371248245239,0.06124142661179698,0.5232106447219849,0.1625039279460907,3.1999882283836873,0.019670557230710983,0.005503430962562561,0.19719739258289337,0.15676738321781158,0.4146678149700165,0.051899862825788755,0.38067060708999634,0.26465851068496704,1.4329320980851887,0.012598368339240551,0.0008867813739925623,0.1625850349664688,0.160682812333107,0.4012031853199005,0.050377229080932784,0.36042970418930054,0.22080457210540771,1.6249877122371232,0.011054104194045067,0.0008201613090932369,0.19218552112579346,0.16850635409355164,0.41749057173728943,0.06003429355281207,0.3614507019519806,0.25165462493896484,1.430611856162531,0.014959283173084259,0.0018857590621337295,0.15709112584590912,0.1795026659965515,0.40394264459609985,0.05407407407407407,0.34014108777046204,0.21781644225120544,1.5544585419224282,0.010395839810371399,0.0010002575581893325
B06_s44,B06,4,high,4_high,test,223,148.24663677130044,0.5592113265855031,0.954922127464822,0.1369733214378357,0.12950953841209412,0.280303031206131,0.028871742112482852,0.43362879753112793,0.1301967352628708,3.3051797871516597,0.014568658545613289,0.0034865583293139935,0.1593218296766281,0.13592392206192017,0.30084314942359924,0.023233882030178326,0.293565958738327,0.22373291850090027,1.3062881962134578,0.011680305004119873,0.0010974167380481958,0.09841109067201614,0.10133025795221329,0.195644810795784,0.012417695473251028,0.22339235246181488,0.13534194231033325,1.638471248659072,0.007420797366648912,0.0003651469014585018,0.1302785575389862,0.11924188584089279,0.2576087713241577,0.016512345679012344,0.2257334589958191,0.17503081262111664,1.2823519680141506,0.01022569090127945,0.001151634263806045,0.08047554641962051,0.09327356517314911,0.15143369138240814,0.011505486968449932,0.16685044765472412,0.1142779067158699,1.4473757583572986,0.005884858313947916,0.0003484132466837764
B06_s45,B06,4,high,4_high,test,221,145.0316742081448,0.5502647496323393,0.9531568573545104,0.14022637903690338,0.1241297721862793,0.27840909361839294,0.031021947873799725,0.4369055926799774,0.13243620097637177,3.2742658250390577,0.014372444711625576,0.003142008790746331,0.16527611017227173,0.14654940366744995,0.340747207403183,0.02936556927297668,0.3156690299510956,0.24407091736793518,1.28807217658213,0.012390426360070705,0.0018423127476125956,0.1150941476225853,0.12618990242481232,0.2851211726665497,0.023621399176954733,0.2585618793964386,0.17152103781700134,1.4987266635313403,0.008714467287063599,0.0006594440783374012,0.13353994488716125,0.11699479073286057,0.27430325746536255,0.014718792866941015,0.22360818088054657,0.1872577667236328,1.187776657357298,0.010825463570654392,0.0013399987947195768,0.11178441345691681,0.14596617221832275,0.30394265055656433,0.031032235939643348,0.23534873127937317,0.1679425984621048,1.393069204698919,0.008066204376518726,0.0008412495953962207
B06_s46,B06,4,high,4_high,test,196,172.23469387755102,0.554890794360309,0.9570880683816455,0.12807103991508484,0.112443707883358,0.25662878155708313,0.019811385459533606,0.3866334855556488,0.12150255590677261,3.1561258676911703,0.012096375226974487,0.002311629941686988,0.14040648937225342,0.1301911324262619,0.2660997211933136,0.004331275720164609,0.22899939119815826,0.2012406438589096,1.1323114228113145,0.011118552647531033,0.0018362654373049736,0.07749638706445694,0.05949610099196434,0.15793932974338531,0.000799039780521262,0.1597224622964859,0.10593916475772858,1.4935824742818802,0.006223524454981089,0.0002828974393196404,0.09837792068719864,0.06435474753379822,0.16989850997924805,0.0020507544581618658,0.14566165208816528,0.12864410877227783,1.1235501054970616,0.0071633788757026196,0.0005521104903891683,0.06083853915333748,0.04298252612352371,0.11648745834827423,0.00015432098765432098,0.10828565806150436,0.08462701737880707,1.2646202259090409,0.004360878374427557,0.00013501958164852113
B06_s47,B06,4,high,4_high,test,178,173.97752808988764,0.5753035014299503,0.9554533518923785,0.12241232395172119,0.10517886281013489,0.23200757801532745,0.014715363511659809,0.37377575039863586,0.11677505820989609,3.1736409735625095,0.011008674278855324,0.002129041124135256,0.12939873337745667,0.09427683800458908,0.24669283628463745,0.004986282578875172,0.22691477835178375,0.190329447388649,1.1859898277490448,0.010241707786917686,0.0006165756494738162,0.06941036134958267,0.05577502399682999,0.13836637139320374,0.000593278463648834,0.15632738173007965,0.0979074239730835,1.5805424451517647,0.005799011792987585,0.00023463030811399221,0.08889499306678772,0.06850320845842361,0.15731343626976013,0.0027709190672153636,0.14646150171756744,0.12125750631093979,1.1979755365291778,0.0065647633746266365,0.0006163258221931756,0.05260147526860237,0.04611323028802872,0.10035842657089233,0.0008573388203017832,0.10499846935272217,0.07518479228019714,1.378207726373425,0.004079385660588741,0.0002024493587668985
B06_s48,B06,4,high,4_high,test,197,152.34010152284264,0.5675017175798005,0.9558613053777745,0.12512464821338654,0.10572995245456696,0.23816287517547607,0.017695473251028805,0.39007312059402466,0.1207718625664711,3.2033107843866397,0.01201581209897995,0.0020428115967661142,0.13423769176006317,0.09155751764774323,0.2603576183319092,0.0017352537722908094,0.22954976558685303,0.19671136140823364,1.1610347728721546,0.010347864590585232,0.0004890974378213286,0.07416358590126038,0.056931182742118835,0.15455007553100586,1.3717421124828532e-05,0.15905719995498657,0.10453072935342789,1.5072121734541961,0.006307640578597784,0.0002251684491056949,0.09276013821363449,0.0668487474322319,0.1611660122871399,0.0023593964334705075,0.13971096277236938,0.125900536775589,1.1009485564228492,0.007398571819067001,0.0007678632973693311,0.05684400349855423,0.047017525881528854,0.10967741906642914,0.0002503429355281207,0.10237690806388855,0.08196792006492615,1.2339336454833867,0.0045012496411800385,0.00015509332297369838
B06_s49,B06,4,high,4_high,test,156,169.59615384615384,0.5750858877668168,0.953708564912428,0.12261611223220825,0.10806147754192352,0.2192234843969345,0.02132716049382716,0.40981414914131165,0.1218002587556839,3.3372417395036074,0.010798783972859383,0.0020476148929446936,0.13846072554588318,0.09969382733106613,0.2739497125148773,0.004633058984910837,0.24522636830806732,0.20874141156673431,1.1691843135614761,0.010661962442100048,0.0006252811872400343,0.0747683122754097,0.059526629745960236,0.1515844762325287,0.0006858710562414266,0.17005981504917145,0.10836369544267654,1.5549933125504984,0.0061272201128304005,0.00026555240037851036,0.09857595711946487,0.07558612525463104,0.17310898005962372,0.0038271604938271606,0.15916012227535248,0.13450482487678528,1.1745716244427236,0.007665462326258421,0.0007712040096521378,0.05904614180326462,0.05413014441728592,0.11469534039497375,0.001189986282578875,0.11546248942613602,0.0883462056517601,1.2923043411173827,0.004739194642752409,0.00026804296066984534
C02_s01,C02,5,low,5_low,test,248,151.80645161290323,0.577642388045526,0.9519379477286477,0.14762699604034424,0.1442430019378662,0.31912878155708313,0.03796296296296296,0.4519444406032562,0.13134270906448364,3.414955336776788,0.017438160255551338,0.00468265637755394,0.16873638331890106,0.12281875312328339,0.3078936040401459,0.018631687242798355,0.2943562865257263,0.21929283440113068,1.336204544854753,0.01291440986096859,0.0014324162621051073,0.12842199206352234,0.10294453799724579,0.2506354749202728,0.011460905349794239,0.2569699287414551,0.1626226305961609,1.5705035899079625,0.010706476867198944,0.0007192944176495075,0.1786762923002243,0.1416631042957306,0.32014888525009155,0.0281241426611797,0.2745668590068817,0.22725540399551392,1.2028931372519793,0.01611175574362278,0.002812853315845132,0.10821264237165451,0.10504994541406631,0.20770609378814697,0.011272290809327847,0.18745233118534088,0.14116090536117554,1.3185926940258115,0.009102469310164452,0.0011405422119423747
C02_s02,C02,5,low,5_low,test,151,168.86754966887418,0.5460843208690653,0.958642885741384,0.11463798582553864,0.10280220955610275,0.1983901560306549,0.013734567901234567,0.3843746483325958,0.11980962753295898,3.181655768516724,0.010095243342220783,0.0019909969996660948,0.13977985084056854,0.16855770349502563,0.2872510552406311,0.00901920438957476,0.28242772817611694,0.2266758382320404,1.2404817760603786,0.012150786817073822,0.00215014792047441,0.08073006570339203,0.07791143655776978,0.17225894331932068,0.0025308641975308644,0.2014075666666031,0.12237576395273209,1.632472701395119,0.00769012002274394,0.0005754994344897568,0.11568541824817657,0.10976146161556244,0.20470008254051208,0.009475308641975308,0.21870121359825134,0.1651354432106018,1.3164031068374402,0.009889713488519192,0.0015513692051172256,0.0554940328001976,0.049280501902103424,0.10770609229803085,0.00044924554183813445,0.11708741635084152,0.08399055898189545,1.3776520328073534,0.004677611403167248,0.00022926984820514917
C02_s03,C02,5,low,5_low,test,164,161.89634146341464,0.5559391025800857,0.9563980230577445,0.11248467862606049,0.09753651916980743,0.19649621844291687,0.012980109739368998,0.36736685037612915,0.11596179753541946,3.140913170942672,0.009699072688817978,0.0015141254989430308,0.1628991812467575,0.14221011102199554,0.36800408363342285,0.027266803840877915,0.318263441324234,0.2692074477672577,1.1778485158498266,0.012829233892261982,0.0011538505787029862,0.08801691979169846,0.0869951993227005,0.19911879301071167,0.003295610425240055,0.21643778681755066,0.14313873648643494,1.5015934792651653,0.006960900500416756,0.00032197750988416374,0.1157122328877449,0.10777433961629868,0.22948497533798218,0.012424554183813443,0.22305777668952942,0.17767280340194702,1.2484148255497665,0.008923926390707493,0.0009184730588458478,0.05834449827671051,0.060020796954631805,0.1181003600358963,0.000284636488340192,0.1249501183629036,0.0962788537144661,1.2844530295315617,0.004097125492990017,0.00012824351142626256
C02_s04,C02,5,low,5_low,test,152,166.38815789473685,0.543735439917092,0.9542448960949026,0.11700641363859177,0.1000077873468399,0.19981060922145844,0.014636488340192044,0.382646769285202,0.12542003393173218,3.0267890095001424,0.00962736364454031,0.0016719778068363667,0.17375926673412323,0.1500217765569687,0.38050588965415955,0.02599451303155007,0.34206292033195496,0.2987731397151947,1.1410726146343146,0.013277865946292877,0.0014481202233582735,0.10931576043367386,0.11548582464456558,0.28240975737571716,0.009681069958847736,0.262191504240036,0.18955405056476593,1.3759429592965897,0.007894785143435001,0.00046557438326999545,0.12903012335300446,0.11333723366260529,0.2678822875022888,0.01167352537722908,0.2468012571334839,0.20080861449241638,1.2229470865464875,0.009965724311769009,0.0010950779542326927,0.08382359892129898,0.1004958376288414,0.2315412163734436,0.0047805212620027435,0.1813010573387146,0.1475161910057068,1.2207494422729173,0.005092873703688383,0.000223701455979608
C02_s05,C02,5,low,5_low,test,160,150.94375,0.5550878217419899,0.9518780508641239,0.11507514119148254,0.09552085399627686,0.18087121844291687,0.013511659807956104,0.3810518980026245,0.1167272999882698,3.236733519248229,0.009756547398865223,0.0017787013202905655,0.1611834168434143,0.14290203154087067,0.35186800360679626,0.018497942386831275,0.32858628034591675,0.27674949169158936,1.1830310771937473,0.01390204019844532,0.0015575349098071456,0.10241495817899704,0.10621168464422226,0.2586849629878998,0.0049759945130315505,0.25047731399536133,0.17805282771587372,1.3989017497831762,0.008770247921347618,0.0006470722728408873,0.12997159361839294,0.1360330581665039,0.292025089263916,0.024050068587105625,0.27338844537734985,0.2109300196170807,1.2899939606069657,0.011633033864200115,0.0016130084404721856,0.08598737418651581,0.10594835877418518,0.23440860211849213,0.007345679012345679,0.18678267300128937,0.1530834287405014,1.2122177870006916,0.006487181410193443,0.0006205010577104986
C02_s06,C02,5,low,5_low,test,188,161.4627659574468,0.5187103265415637,0.9500460010105837,0.13822360336780548,0.13249985873699188,0.265625,0.030963648834019204,0.4486217498779297,0.1577606052160263,2.825775004242948,0.013221535831689835,0.0029413506854325533,0.21844753623008728,0.2051701694726944,0.5167175531387329,0.1110562414266118,0.49296626448631287,0.3675779700279236,1.3374816309530535,0.01508097629994154,0.001658865250647068,0.16660241782665253,0.19377629458904266,0.47856295108795166,0.08823731138545954,0.43555179238319397,0.2935705780982971,1.4785991024461782,0.011659249663352966,0.0011861444218084216,0.16793566942214966,0.1693485528230667,0.3983561396598816,0.05087448559670782,0.3785402178764343,0.2683067321777344,1.4056099333848406,0.013422439806163311,0.002032787539064884,0.1392403095960617,0.17461249232292175,0.41129031777381897,0.04766803840877915,0.34561479091644287,0.25071272253990173,1.3730525315884885,0.008844131603837013,0.0009104296914301813
C02_s07,C02,5,low,5_low,test,134,166.32089552238807,0.5354499153167877,0.9571638967495066,0.10480121523141861,0.08599056303501129,0.15956439077854156,0.008113854595336078,0.34905609488487244,0.11138994991779327,3.1057589681300395,0.007997157983481884,0.0011502960696816444,0.1254974603652954,0.1223251074552536,0.26857101917266846,0.005802469135802469,0.2835443615913391,0.21894116699695587,1.2891827640219056,0.011081025935709476,0.0014207018539309502,0.0655268207192421,0.0664093866944313,0.1485341489315033,0.002016460905349794,0.1839456856250763,0.1095464676618576,1.6639671037498378,0.005857585929334164,0.00037533618160523474,0.0879824087023735,0.07896972447633743,0.17285214364528656,0.0030486968449931415,0.17752483487129211,0.13481462001800537,1.3071113761372457,0.006757780909538269,0.0006463588797487319,0.04807589203119278,0.04882081598043442,0.09802867472171783,0.0003737997256515775,0.1060708686709404,0.07931867986917496,1.3206251502603286,0.003513138275593519,0.00013766289339400828
C02_s08,C02,5,low,5_low,test,223,146.73991031390133,0.5452236383995659,0.9506412419822937,0.1459675133228302,0.14776869118213654,0.3087121248245239,0.04497599451303155,0.490820974111557,0.1499631404876709,3.25126366956868,0.01610448770225048,0.0041877455078065395,0.23545238375663757,0.20143133401870728,0.5090129375457764,0.10531893004115227,0.45634809136390686,0.3697015047073364,1.2310392204212584,0.016634861007332802,0.002431209897622466,0.18344083428382874,0.18914872407913208,0.4496695399284363,0.07609053497942386,0.41601377725601196,0.29275038838386536,1.4162152416029352,0.01326602790504694,0.0014975364319980145,0.19277814030647278,0.18095260858535767,0.43238720297813416,0.06422496570644719,0.38064709305763245,0.28675577044487,1.3228130663345259,0.016323210671544075,0.0028388118371367455,0.14672429859638214,0.16274848580360413,0.38584229350090027,0.04406378600823045,0.296874463558197,0.23969197273254395,1.2334207085837585,0.009122281335294247,0.0008370907744392753
C02_s09,C02,5,low,5_low,test,171,149.46198830409358,0.53273549707851,0.9518287622141873,0.12200070917606354,0.10965073853731155,0.21732954680919647,0.019502743484224965,0.40870144963264465,0.13550618290901184,2.9940141971815626,0.010664524510502815,0.001913944841362536,0.1671518236398697,0.162480428814888,0.390318363904953,0.050915637860082304,0.4016803503036499,0.30018892884254456,1.3336491213249084,0.011960361152887344,0.0008925768779590726,0.11727924644947052,0.1467161625623703,0.3200305104255676,0.03588477366255144,0.3381807804107666,0.2146351933479309,1.568300494739309,0.008725281804800034,0.0006832106155343354,0.13054871559143066,0.1389715075492859,0.3070501387119293,0.028021262002743484,0.30615556240081787,0.20899926126003265,1.4578887590548197,0.01038143876940012,0.0014864912955090404,0.09528801590204239,0.1359284520149231,0.25537633895874023,0.019338134430727023,0.2652224898338318,0.17122115194797516,1.540011124266261,0.007056687958538532,0.0009362297132611275
C02_s10,C02,5,low,5_low,test,112,167.90178571428572,0.5529803940723477,0.958676575416589,0.10270096361637115,0.08764291554689407,0.13967803120613098,0.009399862825788752,0.3766331374645233,0.11169319599866867,3.342110711537303,0.007617345079779625,0.0013537845807150006,0.11662881076335907,0.12772898375988007,0.27518534660339355,0.004787379972565157,0.28028595447540283,0.23348715901374817,1.1953147270591882,0.010952661745250225,0.001818804768845439,0.0642225444316864,0.07293841242790222,0.15497373044490814,0.001440329218106996,0.19079767167568207,0.12301875650882721,1.5384581900891885,0.006011454854160547,0.00038503616815432906,0.08464939147233963,0.08581459522247314,0.16745854914188385,0.00558641975308642,0.18408410251140594,0.14955614507198334,1.2226940482794133,0.007763478439301252,0.0010183022823184729,0.05050053820014,0.05928140878677368,0.1043010726571083,0.0006138545953360768,0.11816084384918213,0.09623696655035019,1.2151843896528525,0.003958613611757755,0.00017890219169203192
C02_s11,C02,5,low,5_low,test,215,162.73023255813953,0.5455233715620975,0.948928148337123,0.13581034541130066,0.1266648918390274,0.2708333432674408,0.026786694101508916,0.41053321957588196,0.14013399183750153,2.9088188765223943,0.013244645670056343,0.0028898378368467093,0.19721227884292603,0.18047812581062317,0.454789936542511,0.07710219478737997,0.4097956120967865,0.3116264343261719,1.3108156160244444,0.01364072598516941,0.0012867209734395146,0.15331237018108368,0.17685212194919586,0.41323503851890564,0.06515775034293553,0.37166571617126465,0.24634861946105957,1.502598708580124,0.011264047585427761,0.0012097901199012995,0.15854065120220184,0.15296733379364014,0.36188510060310364,0.038292181069958846,0.32888075709342957,0.23446723818778992,1.3967155669917037,0.012840818613767624,0.0016360795125365257,0.12081608176231384,0.14324207603931427,0.33010753989219666,0.02553840877914952,0.2697421908378601,0.19454866647720337,1.3794120701370574,0.007733114063739777,0.000632594688795507
C02_s12,C02,5,low,5_low,test,221,145.1945701357466,0.5422054445155113,0.9547171720082588,0.1362050175666809,0.12217175215482712,0.2660984992980957,0.029166666666666667,0.42273035645484924,0.13467660546302795,3.115720319005503,0.013858327642083168,0.0030513335950672626,0.19059588015079498,0.17015543580055237,0.39809566736221313,0.04644032921810699,0.3611602485179901,0.2784002423286438,1.292626826333158,0.015729494392871857,0.0023379537742584944,0.13350346684455872,0.13586032390594482,0.3271479308605194,0.02780178326474623,0.2938203811645508,0.19423435628414154,1.504962480768131,0.011390508152544498,0.0011729525867849588,0.15567553043365479,0.13937096297740936,0.32143306732177734,0.030390946502057613,0.2803853154182434,0.21030579507350922,1.3269173016324647,0.013465283438563347,0.001940651098266244,0.10855662077665329,0.11890966445207596,0.28835126757621765,0.013744855967078189,0.20781059563159943,0.15940222144126892,1.295559336799391,0.008118752390146255,0.0006855583633296192
C02_s13,C02,5,low,5_low,test,218,153.60550458715596,0.5488784360964716,0.9530320857013179,0.13981308043003082,0.12790754437446594,0.282196968793869,0.03026406035665295,0.4314655065536499,0.13998167216777802,3.060436863312104,0.014289822429418564,0.0029834501910954714,0.2110341638326645,0.16069722175598145,0.43008431792259216,0.05663923182441701,0.37060070037841797,0.3046810030937195,1.2123772711672063,0.015000122599303722,0.0015197772299870849,0.1626938134431839,0.1568233221769333,0.3917132616043091,0.04618998628257887,0.32381197810173035,0.2348272055387497,1.3730900019019372,0.012172241695225239,0.0012708811555057764,0.18014679849147797,0.14156699180603027,0.3650955855846405,0.033545953360768176,0.2979786694049835,0.23898953199386597,1.2416319450658362,0.014643032103776932,0.0022169463336467743,0.12763382494449615,0.13346675038337708,0.31379929184913635,0.016598079561042523,0.2249733805656433,0.18369977176189423,1.2180490447799135,0.0086234575137496,0.0008484196732752025
C02_s14,C02,5,low,5_low,test,178,153.76404494382024,0.55273736919402,0.953360026404957,0.1188792735338211,0.10885811597108841,0.21259470283985138,0.02058299039780521,0.39952346682548523,0.12081775814294815,3.279681656566531,0.011187467724084854,0.0022886137012392282,0.16252468526363373,0.1409415900707245,0.3576827943325043,0.030099451303155007,0.3157508671283722,0.27554821968078613,1.1417570053166022,0.013010499067604542,0.0011035483330488205,0.10906537622213364,0.1195983737707138,0.262921541929245,0.018628257887517145,0.25670942664146423,0.1873665601015091,1.3628184668400047,0.00889788568019867,0.0007852700655348599,0.13369348645210266,0.12479930371046066,0.28149473667144775,0.02149519890260631,0.2518893778324127,0.21007700264453888,1.193353016560517,0.011181838810443878,0.0015776172513142228,0.08337897807359695,0.0968853160738945,0.19982078671455383,0.006611796982167352,0.17104606330394745,0.1448306143283844,1.172909159655478,0.006164900492876768,0.0004601853433996439
C02_s15,C02,5,low,5_low,test,161,159.28571428571428,0.5875489465570652,0.9561268781708376,0.11109620332717896,0.0987028256058693,0.18892045319080353,0.013786008230452675,0.3756359815597534,0.10759183764457703,3.4591548472475115,0.010062325745821,0.0018732526805251837,0.1293671727180481,0.1076359674334526,0.27075156569480896,0.009286694101508916,0.25435182452201843,0.20294959843158722,1.2471307934805183,0.010817162692546844,0.0006662540836259723,0.07298951596021652,0.06469979882240295,0.1537027657032013,0.0007647462277091907,0.17881938815116882,0.1077471524477005,1.6443592694270133,0.006613567937165499,0.00032385517260991037,0.09707429260015488,0.07174085080623627,0.18004362285137177,0.0025617283950617282,0.16464227437973022,0.1366884559392929,1.1957594647754732,0.007818024605512619,0.0005997139378450811,0.05272070690989494,0.04681321606040001,0.1019713282585144,0.0005246913580246914,0.10754399746656418,0.07853036373853683,1.3522382196078553,0.004209946375340223,0.00016454915748909116
C02_s16,C02,5,low,5_low,test,170,176.3235294117647,0.5496751897941518,0.9577150485429857,0.11595027893781662,0.10034572333097458,0.22253787517547607,0.012781207133058985,0.3634694814682007,0.11521102488040924,3.1276678081295715,0.010512526147067547,0.0014457463985309005,0.1374140828847885,0.11706261336803436,0.2750399708747864,0.0051063100137174215,0.25227147340774536,0.20649904012680054,1.2157717609372305,0.010821660049259663,0.0013408573577180505,0.07566399872303009,0.06520068645477295,0.15870191156864166,0.0014471879286694102,0.1746881902217865,0.10806557536125183,1.6016803619581754,0.006595096550881863,0.00044003428774885833,0.09665229916572571,0.06696003675460815,0.17760364711284637,0.0017866941015089164,0.16411803662776947,0.13449625670909882,1.2112366836828536,0.007038624491542578,0.000379538832930848,0.052867162972688675,0.040634822100400925,0.10286738723516464,0.00040123456790123454,0.10125085711479187,0.0753379538655281,1.3263501572644807,0.003974853083491325,0.00012831886124331504
C02_s17,C02,5,low,5_low,test,237,165.69198312236287,0.560147857521975,0.9499581678553869,0.16491715610027313,0.16727803647518158,0.3546401560306549,0.05415637860082304,0.5065850615501404,0.17145301401615143,2.9375251249751724,0.018129345029592514,0.004782814532518387,0.2466261237859726,0.23135985434055328,0.5683965682983398,0.13598079561042525,0.5231675505638123,0.3624753952026367,1.4393479103919744,0.016592375934123993,0.0030216535087674856,0.2147456854581833,0.240595281124115,0.571259081363678,0.13444101508916323,0.5235024690628052,0.326937735080719,1.5963471508820102,0.014978248625993729,0.002068835776299238,0.19861842691898346,0.1766410619020462,0.4416333734989166,0.07099451303155006,0.3955662250518799,0.2810259163379669,1.4025882095808935,0.01594877615571022,0.0023700788151472807,0.18960721790790558,0.22276215255260468,0.5091397762298584,0.10484910836762688,0.43938159942626953,0.29472625255584717,1.4857713700723727,0.01131477765738964,0.001344227697700262
C02_s18,C02,5,low,5_low,test,267,138.10486891385767,0.5299340841628167,0.9518055545342337,0.16073648631572723,0.1431824266910553,0.32528409361839294,0.04035322359396434,0.4612254798412323,0.15393751859664917,2.976848241915804,0.01770668290555477,0.004192740190774202,0.22583727538585663,0.160643070936203,0.44693997502326965,0.060099451303155006,0.380610853433609,0.29705071449279785,1.2770003054054284,0.013808779418468475,0.0015664438251405954,0.19216644763946533,0.16437900066375732,0.43551939725875854,0.06016460905349794,0.35871797800064087,0.2560059428215027,1.39575752242344,0.012944935820996761,0.0012720500817522407,0.21590901911258698,0.1743856817483902,0.44574278593063354,0.06892661179698217,0.35894453525543213,0.2737995386123657,1.3062050142731934,0.016607526689767838,0.0027522873133420944,0.18086597323417664,0.17240631580352783,0.44050177931785583,0.05909807956104252,0.2987879812717438,0.2443370521068573,1.2178673327402898,0.010353991761803627,0.0009236622136086226
C02_s19,C02,5,low,5_low,test,284,157.44366197183098,0.5458361071762585,0.9463624972954509,0.1857621967792511,0.1825997531414032,0.4067234992980957,0.06676611796982167,0.5299848318099976,0.17475266754627228,3.0155151509746663,0.02226480096578598,0.006905646994709969,0.27182677388191223,0.22885854542255402,0.5864951014518738,0.14628257887517146,0.5329890847206116,0.3607539236545563,1.4733470734365002,0.01732463389635086,0.002990694483742118,0.2495461404323578,0.24704201519489288,0.601677656173706,0.14967764060356653,0.545050323009491,0.3312121331691742,1.6406695258536268,0.017375625669956207,0.0027700625360012054,0.2400667369365692,0.19343137741088867,0.4972388744354248,0.09856995884773663,0.43291181325912476,0.306729793548584,1.4067920049826999,0.01904641091823578,0.003124333918094635,0.23754730820655823,0.2514849901199341,0.592293918132782,0.1425960219478738,0.4965849220752716,0.32196569442749023,1.5375779243536996,0.014609538950026035,0.002278826665133238
C02_s20,C02,5,low,5_low,test,241,156.41078838174275,0.5399311882672992,0.9537617268894516,0.1516575664281845,0.134908989071846,0.3177083432674408,0.03510631001371742,0.4406799376010895,0.14662906527519226,2.9850486201997364,0.015784598886966705,0.0031386741902679205,0.19842404127120972,0.14899472892284393,0.3882831931114197,0.039790809327846365,0.3516755700111389,0.2710632383823395,1.2926243622702072,0.012992742471396923,0.00153180246707052,0.1593404859304428,0.14897049963474274,0.36468395590782166,0.040030864197530866,0.32633155584335327,0.22179070115089417,1.464744956398929,0.01132490485906601,0.001097021740861237,0.1914348155260086,0.16522736847400665,0.3954024910926819,0.05388545953360768,0.3344486355781555,0.25512248277664185,1.3058152175957938,0.014562773518264294,0.0021085720509290695,0.15209443867206573,0.16827081143856049,0.3930107653141022,0.05246913580246913,0.2883833944797516,0.21939614415168762,1.308477494421462,0.00876630563288927,0.0007203428540378809
C02_s21,C02,5,low,5_low,test,275,143.3090909090909,0.5157584792177193,0.9522313368677152,0.1747368425130844,0.16517263650894165,0.3631628751754761,0.0571159122085048,0.5095535516738892,0.17912660539150238,2.828863346235735,0.019444655627012253,0.0049501643516123295,0.2738563120365143,0.2173970341682434,0.5919464826583862,0.17443758573388202,0.5179035067558289,0.3873297870159149,1.3336692782070916,0.016347721219062805,0.001758340746164322,0.2511928677558899,0.23646773397922516,0.6037112474441528,0.17359053497942387,0.523581326007843,0.36347419023513794,1.4365388278112594,0.016705404967069626,0.002422488061711192,0.23266112804412842,0.18393529951572418,0.47271081805229187,0.08300411522633745,0.41592511534690857,0.3120739459991455,1.3285203724619223,0.018052522093057632,0.0029033380560576916,0.22632277011871338,0.21845026314258575,0.5440860390663147,0.13645747599451302,0.43490171432495117,0.3350578248500824,1.2941276237771393,0.012286262586712837,0.0013654293725267053
C02_s22,C02,5,low,5_low,test,149,160.75838926174498,0.5470693300753015,0.9543270812342719,0.11580096930265427,0.09829989820718765,0.18513257801532745,0.013364197530864198,0.38686469197273254,0.12392402440309525,3.0967997854794307,0.009400230832397938,0.0016525801038369536,0.13630250096321106,0.1286010444164276,0.32272133231163025,0.009650205761316873,0.3111383318901062,0.2526998221874237,1.2264034290897103,0.01030458603054285,0.0008145679021254182,0.09035521745681763,0.10499518364667892,0.2499576359987259,0.004876543209876543,0.2499874234199524,0.17436011135578156,1.4255660622429822,0.007041176315397024,0.00046778921387158334,0.1150495633482933,0.1258430927991867,0.2775137424468994,0.02124485596707819,0.26327070593833923,0.2053976058959961,1.2755511615333441,0.009094658307731152,0.0010913362493738532,0.0812905877828598,0.11145471036434174,0.24820788204669952,0.006755829903978052,0.20707766711711884,0.16099850833415985,1.2782689744893987,0.0053948345594108105,0.000366409047273919
C02_s23,C02,5,low,5_low,test,163,157.920245398773,0.5415294035539281,0.9554025131014366,0.12067732214927673,0.1116921678185463,0.20928029716014862,0.017074759945130316,0.4034620523452759,0.1308915913105011,3.0590430241715687,0.010426705703139305,0.00199517491273582,0.13433608412742615,0.11668509244918823,0.2947376072406769,0.00974965706447188,0.2900869846343994,0.2297128140926361,1.2573509875265243,0.009671222418546677,0.0005274772411212325,0.09402291476726532,0.10937704890966415,0.23826469480991364,0.010795610425240056,0.24485258758068085,0.16377665102481842,1.4859665253410297,0.007148012984544039,0.0004658669058699161,0.1123470887541771,0.10341928154230118,0.23500700294971466,0.009465020576131687,0.22108371555805206,0.1747179478406906,1.2581737851758374,0.00817152764648199,0.0008013470214791596,0.08462653309106827,0.1104629635810852,0.2362007200717926,0.012582304526748972,0.19089427590370178,0.14908701181411743,1.2718907092382123,0.005409515928477049,0.000379828765289858
C02_s24,C02,5,low,5_low,test,211,156.33649289099526,0.5690837247992926,0.9577743198859018,0.126022607088089,0.1065872460603714,0.2495265156030655,0.018353909465020576,0.3785180151462555,0.11847412586212158,3.168200749868486,0.01219701673835516,0.0020612948574125767,0.1390334963798523,0.09886499494314194,0.27307748794555664,0.0036968449931412896,0.248972550034523,0.19901306927204132,1.2447814082383337,0.010344939306378365,0.0005429076845757663,0.09744202345609665,0.08891481906175613,0.20784613490104675,0.005058299039780521,0.20466919243335724,0.13725799322128296,1.480342565841981,0.007901648059487343,0.0004382761544547975,0.13053572177886963,0.10709358751773834,0.24759207665920258,0.009955418381344307,0.2118009477853775,0.1764451265335083,1.1936137775267754,0.010314291343092918,0.0013130075531080365,0.08222530037164688,0.09224425256252289,0.16254480183124542,0.008511659807956104,0.15101321041584015,0.12053605914115906,1.2425383172943316,0.005963246338069439,0.00038135418435558677
C02_s25,C02,5,low,5_low,test,277,149.55595667870037,0.5560040184756314,0.9523348383707796,0.16014190018177032,0.15052665770053864,0.3394886255264282,0.040713305898491085,0.45143574476242065,0.145091712474823,3.090084557946569,0.01840219460427761,0.0045924317091703415,0.1913502961397171,0.13651706278324127,0.3770170211791992,0.03624485596707819,0.3348858654499054,0.243613600730896,1.369040251438511,0.012336386367678642,0.0008041307446546853,0.15969298779964447,0.14373525977134705,0.3679884672164917,0.04099794238683128,0.3172590732574463,0.20145191252231598,1.5670836066933933,0.01156499981880188,0.0009206266840919852,0.19437241554260254,0.14331898093223572,0.3614998459815979,0.03830246913580247,0.31164348125457764,0.23585005104541779,1.3157838889163576,0.015574688091874123,0.002194457920268178,0.14152470231056213,0.1465970128774643,0.365412175655365,0.03797325102880658,0.2612442374229431,0.1840067207813263,1.4120797142917192,0.009327473118901253,0.000796083826571703
C02_s26,C02,5,low,5_low,test,195,177.3948717948718,0.5419620357430552,0.9526089017244742,0.1327226310968399,0.1286391168832779,0.27935606241226196,0.028631687242798354,0.4213005304336548,0.12407475709915161,3.3683897550940154,0.01362831424921751,0.00312231108546257,0.14188921451568604,0.11006023734807968,0.27598488330841064,0.01056241426611797,0.2799960970878601,0.20050275325775146,1.389539808072519,0.010511335916817188,0.000692419649567455,0.10142038762569427,0.09493446350097656,0.20996440947055817,0.007599451303155006,0.23483878374099731,0.14072176814079285,1.6570410235617283,0.008196057751774788,0.0005341523792594671,0.13165214657783508,0.1009325310587883,0.23552067577838898,0.01029835390946502,0.22245535254478455,0.17220427095890045,1.2843525815686776,0.010741584934294224,0.0012913539540022612,0.07980991154909134,0.0825243666768074,0.15430107712745667,0.004924554183813443,0.16041332483291626,0.11479543149471283,1.3853165255508433,0.0059479656629264355,0.00042284830124117434
C02_s27,C02,5,low,5_low,test,196,152.1326530612245,0.5275266419182112,0.9563057904296358,0.11992325633764267,0.10117609798908234,0.22537878155708313,0.014314128943758574,0.37400156259536743,0.11096134781837463,3.340452485460235,0.011390995234251022,0.0020502631086856127,0.1426994502544403,0.11515512317419052,0.283834844827652,0.0051714677640603566,0.24540717899799347,0.21374064683914185,1.1428073008545203,0.011439371854066849,0.001353118452243507,0.0997956171631813,0.09117082506418228,0.21098119020462036,0.005,0.20247918367385864,0.1447288691997528,1.3894239678503049,0.00804582517594099,0.0005223135813139379,0.13213779032230377,0.10928311944007874,0.24489527940750122,0.014296982167352538,0.20188243687152863,0.18136823177337646,1.107004410298839,0.011394569650292397,0.0013690004125237465,0.08206148445606232,0.08522610366344452,0.1713261604309082,0.003916323731138546,0.13606178760528564,0.11873181909322739,1.1363878761362773,0.006019586231559515,0.0003907582722604275
C02_s28,C02,5,low,5_low,test,191,155.46596858638745,0.5880945299156459,0.9532782003027368,0.12059309333562851,0.1127450168132782,0.22774621844291687,0.016406035665294926,0.38860446214675903,0.1108914390206337,3.4730491049909293,0.01197008416056633,0.0027251567225903273,0.13544410467147827,0.10352309793233871,0.2813635766506195,0.00394718792866941,0.25119709968566895,0.20376984775066376,1.226728946888396,0.010901831090450287,0.0006474747788161039,0.09043046087026596,0.082697793841362,0.2018386721611023,0.0013957475994513032,0.20065923035144806,0.13242441415786743,1.503916892706222,0.007557859644293785,0.0004028441908303648,0.1227991059422493,0.09752938896417618,0.24335424602031708,0.00752400548696845,0.20207758247852325,0.1744680106639862,1.1516491337300976,0.010011352598667145,0.0008999229758046567,0.06749247014522552,0.06786654889583588,0.14301075041294098,0.0010871056241426613,0.126617431640625,0.10155723243951797,1.2346026567682222,0.005231665913015604,0.0003210876602679491
C02_s29,C02,5,low,5_low,test,206,158.68446601941747,0.5491986493807207,0.9518805443468135,0.13136553764343262,0.1201430931687355,0.2608901560306549,0.023268175582990398,0.4075217545032501,0.12703891098499298,3.1827961622620675,0.012653215788304806,0.002448773244395852,0.16720710694789886,0.12947656214237213,0.3383485972881317,0.02170096021947874,0.31296926736831665,0.25073984265327454,1.2432250059017254,0.011567637324333191,0.0006839131237939,0.11993398517370224,0.12357974052429199,0.2961362600326538,0.019056927297668037,0.26486918330192566,0.18021641671657562,1.4616180371571073,0.008546993136405945,0.0005218133446760476,0.1376556009054184,0.11113424599170685,0.2728906571865082,0.01673525377229081,0.2362305372953415,0.18868468701839447,1.2453853867098574,0.010418037883937359,0.0009326567524112761,0.09459929913282394,0.11365502327680588,0.24928314983844757,0.009228395061728395,0.19016636908054352,0.14416205883026123,1.310028051495922,0.0062044765800237656,0.000506398209836334
C02_s30,C02,5,low,5_low,test,262,145.3740458015267,0.519063899488904,0.95268317150149,0.15625087916851044,0.13558557629585266,0.31960228085517883,0.03697873799725652,0.44186365604400635,0.14780734479427338,2.9693672490083354,0.016789734363555908,0.004187993239611387,0.2246502935886383,0.16011887788772583,0.4402529299259186,0.0550480109739369,0.38314729928970337,0.3031984865665436,1.2595305900901965,0.014663313515484333,0.0015273616882041097,0.1898491233587265,0.16860009729862213,0.4312065541744232,0.05657064471879287,0.3641263246536255,0.26195845007896423,1.384729505913506,0.013222518377006054,0.0014859341317787766,0.20994465053081512,0.1674003005027771,0.43546926975250244,0.06471879286694102,0.3517307937145233,0.2761312425136566,1.2691849194779636,0.01653825305402279,0.0024292049929499626,0.18106810748577118,0.1966119110584259,0.42921146750450134,0.0661968449931413,0.33945366740226746,0.25411105155944824,1.3306113762114493,0.012355797924101353,0.0020140388514846563
C02_s31,C02,5,low,5_low,test,255,152.2313725490196,0.5592742394102838,0.9503634810890821,0.16984409093856812,0.15797561407089233,0.3494318127632141,0.04850480109739369,0.4900839328765869,0.17385253310203552,2.8028414812303435,0.018455535173416138,0.004442214034497738,0.25357478857040405,0.1998245269060135,0.5359790921211243,0.12704389574759944,0.4626102149486542,0.36017143726348877,1.2808604646417867,0.014630896970629692,0.0013373635010793805,0.2295079082250595,0.22048592567443848,0.5490595102310181,0.13246570644718794,0.46398234367370605,0.3340923488140106,1.384640220273231,0.014264987781643867,0.0016226483276113868,0.2195460945367813,0.17431490123271942,0.4538331925868988,0.07175925925925926,0.3751295208930969,0.2956833243370056,1.26441053514347,0.016356948763132095,0.0022116382606327534,0.1972256451845169,0.2027246057987213,0.4741935431957245,0.08303497942386831,0.36888280510902405,0.290955126285553,1.2634914474775494,0.010883374139666557,0.0012971825199201703
C02_s32,C02,5,low,5_low,test,309,127.88673139158576,0.5403242770982652,0.9520019170093363,0.18150170147418976,0.17271582782268524,0.3844696879386902,0.06152263374485597,0.5294832587242126,0.16610592603683472,3.1685486642017713,0.022015566006302834,0.006315134931355715,0.26232028007507324,0.1778842806816101,0.5068323612213135,0.10518175582990398,0.43551844358444214,0.3363797962665558,1.2908847785311641,0.017136070877313614,0.0020722397603094578,0.23054493963718414,0.18839755654335022,0.5013557076454163,0.100860768175583,0.4226081669330597,0.298492968082428,1.411078763013719,0.016429655253887177,0.002054109238088131,0.23872601985931396,0.17633774876594543,0.46384990215301514,0.0793758573388203,0.3881113529205322,0.29610785841941833,1.3062978373754321,0.0191023126244545,0.00296600628644228,0.1995847225189209,0.18102779984474182,0.4659498333930969,0.07792524005486968,0.3305409252643585,0.2648266553878784,1.24344537526552,0.012503613717854023,0.001429975382052362
C02_s33,C02,5,low,5_low,test,302,169.22847682119206,0.5509321214840106,0.9470639949479986,0.21133050322532654,0.18696226179599762,0.4275568127632141,0.0733710562414266,0.5268725156784058,0.2046327143907547,2.562201822990156,0.023550046607851982,0.0068503739312291145,0.3267534077167511,0.2496953010559082,0.6790958046913147,0.23829218106995884,0.6071599721908569,0.4117085933685303,1.4711590258763774,0.019723737612366676,0.002970813773572445,0.3115423917770386,0.2777242958545685,0.715133011341095,0.25549725651577504,0.6294740438461304,0.399817556142807,1.570475230435903,0.02050989307463169,0.0035204836167395115,0.2680138349533081,0.19323764741420746,0.5301141738891602,0.12174897119341564,0.45598170161247253,0.32745271921157837,1.3882719640958254,0.02065618522465229,0.0035251800436526537,0.27174365520477295,0.24731355905532837,0.634050190448761,0.20813786008230453,0.5174044966697693,0.3605939447879791,1.4308992286171986,0.015681294724345207,0.0019866148941218853
C02_s34,C02,5,low,5_low,test,253,174.19762845849803,0.5508622140483963,0.9514736210058845,0.1695745438337326,0.15552301704883575,0.35653409361839294,0.049828532235939645,0.4680536091327667,0.15931381285190582,2.919608739922765,0.018509188666939735,0.004866498056799173,0.2341713309288025,0.20048202574253082,0.5138828158378601,0.10785665294924554,0.48181694746017456,0.31283989548683167,1.535231671909574,0.017010046169161797,0.002081735758110881,0.20113366842269897,0.21614646911621094,0.517793595790863,0.10893689986282579,0.47594621777534485,0.2689327001571655,1.7632032632512848,0.01506197452545166,0.0021346171852201223,0.20620623230934143,0.18205609917640686,0.46372148394584656,0.08143689986282579,0.39681294560432434,0.2666822671890259,1.482402812002903,0.01709884963929653,0.002661408158019185,0.1811288744211197,0.21241210401058197,0.4910394251346588,0.0955761316872428,0.4146536886692047,0.24882827699184418,1.659754827043623,0.01146295852959156,0.0014290495309978724
C02_s35,C02,5,low,5_low,test,242,135.78099173553719,0.516670839251857,0.9504794172062323,0.1546337753534317,0.14932133257389069,0.3072916567325592,0.04242112482853223,0.4889792501926422,0.1643589437007904,2.9570777319273898,0.016495585441589355,0.004409306216984987,0.2242993712425232,0.18923571705818176,0.49236807227134705,0.09467421124828532,0.45936429500579834,0.3387049734592438,1.3522448327089645,0.015087621286511421,0.0016830096719786525,0.1944943368434906,0.19299465417861938,0.48432469367980957,0.08931755829903978,0.4322564899921417,0.30160996317863464,1.4284278199292963,0.014276138506829739,0.0018682586960494518,0.18886885046958923,0.16193556785583496,0.39912664890289307,0.04397462277091907,0.34947171807289124,0.26525476574897766,1.3125463391794072,0.015600156970322132,0.002447228878736496,0.18214298784732819,0.200452521443367,0.44050177931785583,0.06304869684499315,0.399050235748291,0.2764274477958679,1.4383949350314953,0.01176200620830059,0.0015937859425321221
C02_s36,C02,5,low,5_low,test,189,163.46560846560845,0.5347781191369559,0.9549579368427215,0.12113593518733978,0.10244755446910858,0.22821970283985138,0.014900548696844993,0.36768627166748047,0.12421251088380814,2.9364978712764382,0.010816824622452259,0.0016457438468933105,0.1312035322189331,0.10869239270687103,0.28034597635269165,0.005727023319615912,0.2658957540988922,0.20907336473464966,1.2657280680716168,0.009180497378110886,0.00048674532445147634,0.0888679102063179,0.09572282433509827,0.2070835381746292,0.005781893004115226,0.208631694316864,0.14306509494781494,1.4481765648538059,0.006782491225749254,0.0003833990776911378,0.11027251183986664,0.10309184342622757,0.2383459061384201,0.01144718792866941,0.20381246507167816,0.16640204191207886,1.217502861636075,0.008105403743684292,0.0006611410644836724,0.07463815063238144,0.09496321529150009,0.18100358545780182,0.007115912208504801,0.14750275015830994,0.12335803359746933,1.1861135617161416,0.004676679149270058,0.00025213471963070333
C02_s37,C02,5,low,5_low,test,258,134.7093023255814,0.5334107517928409,0.9495995937932145,0.1675082892179489,0.15953689813613892,0.33143940567970276,0.050133744855967076,0.5125945210456848,0.17453819513320923,2.920130975806698,0.01887458562850952,0.0050583817064762115,0.25758418440818787,0.205430269241333,0.5557493567466736,0.1400411522633745,0.48511096835136414,0.37231889367103577,1.2994546393862354,0.01725018210709095,0.002073143143206835,0.2282216101884842,0.22383855283260345,0.5626165270805359,0.13890260631001372,0.476670503616333,0.34010741114616394,1.3974205427394848,0.016713496297597885,0.002602666150778532,0.20058196783065796,0.17175844311714172,0.42635151743888855,0.06247256515775034,0.3637452721595764,0.2730890214443207,1.3271063183881255,0.01653096452355385,0.0026314931455999613,0.190738707780838,0.1954631507396698,0.49193549156188965,0.09435528120713306,0.35804930329322815,0.29072195291519165,1.2273649607622055,0.011395043693482876,0.0012161413906142116
C02_s38,C02,5,low,5_low,test,234,152.3034188034188,0.5401025122588403,0.9518028659448771,0.13819478452205658,0.12246111780405045,0.2817234992980957,0.026779835390946503,0.4100131392478943,0.13552965223789215,3.0031068894358475,0.013938992284238338,0.0028154070023447275,0.17574486136436462,0.13433438539505005,0.36880359053611755,0.024276406035665294,0.33328568935394287,0.25940829515457153,1.2798581902166872,0.012272048741579056,0.0009092239197343588,0.13240574300289154,0.13178803026676178,0.3318929076194763,0.02241426611796982,0.29833248257637024,0.20104745030403137,1.476546633612321,0.00991013366729021,0.0008611432858742774,0.16026867926120758,0.14931592345237732,0.3656092584133148,0.037503429355281205,0.2994118332862854,0.2332179993391037,1.2783468142121446,0.012852449901401997,0.0018600333714857697,0.11354199796915054,0.13534130156040192,0.31774193048477173,0.017386831275720164,0.2451532483100891,0.1789097785949707,1.3626454894483555,0.007518285419791937,0.0007691486971452832
C02_s39,C02,5,low,5_low,test,234,157.13247863247864,0.5562568484223199,0.950453366137302,0.14574240148067474,0.14070262014865875,0.30539771914482117,0.03800754458161865,0.4473896622657776,0.14640392363071442,3.0351272289508815,0.015557130798697472,0.003964374773204327,0.20357678830623627,0.17043058574199677,0.44177931547164917,0.0676440329218107,0.40410929918289185,0.30242684483528137,1.331817886457169,0.014879418537020683,0.0014869968872517347,0.15825305879116058,0.17519919574260712,0.4177258014678955,0.0628360768175583,0.3769811987876892,0.241445854306221,1.554908826411787,0.012272432446479797,0.0015765384305268526,0.1558418571949005,0.13848599791526794,0.3410812020301819,0.029338134430727022,0.29805824160575867,0.22008730471134186,1.3481472488658377,0.012546577490866184,0.0016661820700392127,0.1259315013885498,0.15460364520549774,0.3587813675403595,0.03250342935528121,0.28711360692977905,0.1971990168094635,1.4486126699901476,0.008397320285439491,0.0008513337816111743
C02_s40,C02,5,low,5_low,test,228,141.68421052631578,0.5282357240136613,0.9518675164224835,0.13776829838752747,0.12337537854909897,0.2713068127632141,0.03085048010973937,0.43201160430908203,0.1338808387517929,3.202913092081728,0.014017460867762566,0.003048560582101345,0.2085885852575302,0.15927773714065552,0.4350196123123169,0.0559156378600823,0.36636725068092346,0.31412115693092346,1.1626234628265009,0.015338493511080742,0.001475903089158237,0.15964479744434357,0.15279197692871094,0.39247584342956543,0.036848422496570644,0.32145193219184875,0.2451305240392685,1.3060222150283287,0.012241572141647339,0.0013193999184295535,0.17826241254806519,0.16280904412269592,0.3934890627861023,0.04958847736625514,0.3150264024734497,0.2539132833480835,1.235817915550842,0.014833679422736168,0.0020802814979106188,0.1323610544204712,0.14196254312992096,0.3494623601436615,0.023165294924554183,0.2365082949399948,0.20750918984413147,1.1342823552131862,0.008891909383237362,0.0008107280009426177
C02_s41,C02,5,low,5_low,test,214,149.70093457943926,0.5370370372064927,0.9553458734010937,0.12915155291557312,0.11254972219467163,0.2537878751754761,0.021316872427983538,0.39532023668289185,0.12643346190452576,3.1021697972787488,0.012799927964806557,0.002222506795078516,0.17146773636341095,0.1309932917356491,0.35135921835899353,0.023799725651577504,0.3068975806236267,0.24976015090942383,1.2238690218944719,0.012435666285455227,0.0007618960225954652,0.11681389808654785,0.1191764622926712,0.27766481041908264,0.01685528120713306,0.2465880960226059,0.1699051558971405,1.4428359093567387,0.008883698843419552,0.0005375340697355568,0.12501713633537292,0.09957496076822281,0.2456657886505127,0.009838820301783265,0.20570677518844604,0.16813403367996216,1.2162352585860239,0.010202361270785332,0.0009032028610818088,0.09018063545227051,0.10384661704301834,0.24426522850990295,0.00639917695473251,0.1651241034269333,0.13316099345684052,1.2307907028137324,0.006014429498463869,0.000316337012918666
C02_s42,C02,5,low,5_low,test,178,157.9438202247191,0.5563287560880326,0.9556321578342288,0.11654776334762573,0.10438813269138336,0.2182765156030655,0.016310013717421124,0.38609495759010315,0.11405633389949799,3.3557036323385563,0.011125587858259678,0.001810719259083271,0.13948512077331543,0.10771986842155457,0.2829626500606537,0.007705761316872428,0.2657409608364105,0.2099887728691101,1.2595028504254429,0.011625554412603378,0.0006460743024945259,0.07542382925748825,0.06232375651597977,0.15878663957118988,0.0004972565157750343,0.18316371738910675,0.107930488884449,1.6814733805464022,0.006763927638530731,0.00027535841218195856,0.09729927778244019,0.06878332048654556,0.17657630145549774,0.0024897119341563785,0.16136004030704498,0.13428868353366852,1.1927090728685243,0.007932549342513084,0.0005888122250325978,0.04951738566160202,0.041625313460826874,0.09534050524234772,0.00048353909465020576,0.09983804076910019,0.07172838598489761,1.3727520474582238,0.004088234156370163,0.00022267058375291526
C02_s43,C02,5,low,5_low,test,161,172.1801242236025,0.5930439506283405,0.9535577139578438,0.11756043881177902,0.10674064606428146,0.21496212482452393,0.016416323731138546,0.3851276934146881,0.12033548206090927,3.1740731307381105,0.010433430783450603,0.0020043347030878067,0.14000004529953003,0.12058091908693314,0.3012792468070984,0.012434842249657064,0.3015459477901459,0.22557349503040314,1.330896836585773,0.010875656269490719,0.0007243058062158525,0.0900021344423294,0.09477013349533081,0.19733943045139313,0.008772290809327846,0.23897619545459747,0.1417485773563385,1.674105618986655,0.007434522267431021,0.00038575552753172815,0.12678247690200806,0.12680234014987946,0.2509309649467468,0.024128943758573388,0.2584189474582672,0.19128447771072388,1.3439407618072905,0.010373560711741447,0.00127957365475595,0.06705933809280396,0.08605583012104034,0.13118278980255127,0.00987997256515775,0.17097356915473938,0.10673756897449493,1.5869447471495715,0.005248893518000841,0.0002842778048943728
C02_s44,C02,5,low,5_low,test,188,165.68085106382978,0.5577834873501015,0.9551475396730345,0.1196465864777565,0.1062258780002594,0.23532196879386902,0.016728395061728397,0.37710097432136536,0.11905327439308167,3.1411136116675267,0.011323303915560246,0.0017421281663700938,0.15812468528747559,0.12923526763916016,0.3357319235801697,0.01810013717421125,0.31191590428352356,0.24586065113544464,1.2635302663622368,0.011985532008111477,0.0006930907256901264,0.0945272147655487,0.09970798343420029,0.22182680666446686,0.006375171467764061,0.22475779056549072,0.14620229601860046,1.5268633482258345,0.007319561205804348,0.0003291306202299893,0.1067136824131012,0.09934087097644806,0.21561571955680847,0.010987654320987654,0.1982729285955429,0.15531396865844727,1.2684274495568453,0.008294022642076015,0.0007040710770525038,0.06416288018226624,0.07001311331987381,0.14713262021541595,0.001467764060356653,0.1324622631072998,0.1002081111073494,1.3088107431112883,0.0044479467906057835,0.00016896399029064924
C02_s45,C02,5,low,5_low,test,179,156.27932960893855,0.5820906589958242,0.9532933729745608,0.11819765716791153,0.10427039861679077,0.2135416716337204,0.01814814814814815,0.3893812596797943,0.11704910546541214,3.2984685326046903,0.011037018150091171,0.002025394234806299,0.1637241542339325,0.1457825005054474,0.36153510212898254,0.024259259259259258,0.3286520540714264,0.28221309185028076,1.160440896020325,0.014663618057966232,0.0016033212887123227,0.09324939548969269,0.10126341879367828,0.22114895284175873,0.007246227709190672,0.23074842989444733,0.15797439217567444,1.4514817558758715,0.008063756860792637,0.0005896448856219649,0.10839983075857162,0.11068975180387497,0.2208808958530426,0.01086076817558299,0.20279569923877716,0.16708551347255707,1.2065031367018262,0.009482736699283123,0.001500769518315792,0.06590986251831055,0.08071110397577286,0.15555556118488312,0.0016049382716049382,0.14083941280841827,0.11265147477388382,1.239222043432577,0.004941264633089304,0.00039721725624985993
C02_s46,C02,5,low,5_low,test,188,143.75,0.5932376836299945,0.9521980412709647,0.12056306004524231,0.11535435914993286,0.21780303120613098,0.023974622770919066,0.42349863052368164,0.12442255765199661,3.376574664493297,0.011951163411140442,0.0026895252522081137,0.17117545008659363,0.16540126502513885,0.39715075492858887,0.044537037037037035,0.37348389625549316,0.3030065894126892,1.2285388187704327,0.015530824661254883,0.001771299634128809,0.10633309185504913,0.13265229761600494,0.2877478301525116,0.022109053497942385,0.29624101519584656,0.19188636541366577,1.5358318072950647,0.009596725925803185,0.0010314309038221836,0.11344103515148163,0.12017223238945007,0.26094767451286316,0.019046639231824418,0.24764753878116608,0.19143293797969818,1.286929053732439,0.010731425136327744,0.0014035245403647423,0.07577712088823318,0.09449378401041031,0.19946236908435822,0.005596707818930041,0.1830311268568039,0.13861599564552307,1.310961011383748,0.005943947937339544,0.0004236967652104795
C02_s47,C02,5,low,5_low,test,143,147.25874125874125,0.5682883807823492,0.955958997500611,0.10709687322378159,0.0925985723733902,0.15861742198467255,0.011766117969821674,0.3795839548110962,0.11445605009794235,3.287692195333998,0.008983097970485687,0.0016588302096351981,0.13393813371658325,0.15334193408489227,0.3142171800136566,0.023439643347050756,0.33938267827033997,0.2669244408607483,1.2667104097708337,0.012575672008097172,0.001474503893405199,0.076246477663517,0.10148653388023376,0.17793594300746918,0.010397805212620027,0.24293756484985352,0.14988932013511658,1.6100381699136206,0.007295440882444382,0.0006172435823827982,0.08987071365118027,0.10668385028839111,0.17901626229286194,0.011484910836762688,0.21944455802440643,0.1575767993927002,1.3838377295090507,0.008419924415647984,0.0012507038190960884,0.058603283017873764,0.08083473145961761,0.12114695459604263,0.004338134430727023,0.1602042317390442,0.11480974406003952,1.3833398306794387,0.004906530026346445,0.00034951537963934243
C02_s48,C02,5,low,5_low,test,162,154.71604938271605,0.5650225908725455,0.9548997606782504,0.11235454678535461,0.10481008142232895,0.18892045319080353,0.015205761316872428,0.39184561371803284,0.11060530692338943,3.5109944546544916,0.010461886413395405,0.0023245266638696194,0.13598224520683289,0.11914581805467606,0.2997528612613678,0.009420438957475994,0.2834164500236511,0.2333519458770752,1.2093624781435004,0.011912375688552856,0.0008826136472634971,0.08590660989284515,0.09259073436260223,0.2060667723417282,0.005061728395061729,0.21632537245750427,0.1442863792181015,1.4889583842733132,0.007545232307165861,0.00046088124508969486,0.10735783725976944,0.09781449288129807,0.2172980159521103,0.007232510288065844,0.19925755262374878,0.1663830578327179,1.190428441227822,0.009837249293923378,0.0011194025864824653,0.062055837363004684,0.06716568022966385,0.1363799273967743,0.0006207133058984911,0.1292436718940735,0.10343736410140991,1.2375233040981037,0.004579285159707069,0.00017156302055809647
C02_s49,C02,5,low,5_low,test,160,171.8875,0.5671463927980429,0.9551420718673185,0.11332325637340546,0.10120788216590881,0.2078598439693451,0.013521947873799726,0.3735900819301605,0.11479546874761581,3.2262927554136493,0.010053635574877262,0.0016292881919071078,0.13020458817481995,0.11457410454750061,0.27525803446769714,0.0051063100137174215,0.26684895157814026,0.2113945186138153,1.2563834194955676,0.01061067171394825,0.001348873833194375,0.0764903798699379,0.06766728311777115,0.17064903676509857,0.0010253772290809329,0.18705688416957855,0.1182822734117508,1.5681867793035467,0.006425722502171993,0.000270079035544768,0.10549423098564148,0.08792974799871445,0.20084752142429352,0.005802469135802469,0.18354201316833496,0.15494224429130554,1.1769871211130711,0.008580971509218216,0.0009138419409282506,0.05531949922442436,0.05165363848209381,0.1134408637881279,0.0007613168724279835,0.11215312778949738,0.08636631816625595,1.283711276193106,0.004185951314866543,0.00018265796825289726
C03_s01,C03,control,none,control_none,test,254,155.68503937007873,0.560677459938988,0.956186088553766,0.15294581651687622,0.13757877051830292,0.3319128751754761,0.03925582990397805,0.4425460994243622,0.1344398558139801,3.2674732025126874,0.017012612894177437,0.0038876396138221025,0.17508083581924438,0.1306455284357071,0.33522313833236694,0.02054869684499314,0.29483434557914734,0.22224481403827667,1.3206772432733698,0.012420974671840668,0.0016088754637166858,0.14259594678878784,0.12306836247444153,0.2964751720428467,0.021868998628257887,0.27131566405296326,0.1803516447544098,1.496075011728648,0.011163024231791496,0.001093566883355379,0.18218792974948883,0.13101254403591156,0.3332476317882538,0.02607338820301783,0.2765459716320038,0.2220151424407959,1.2400322624075573,0.014738141559064388,0.002214619657024741,0.11495374143123627,0.1026160717010498,0.2526881694793701,0.008017832647462277,0.189545139670372,0.14887236058712006,1.2647104437925387,0.008055723272264004,0.0006048516952432692
C03_s02,C03,control,none,control_none,test,181,160.40331491712706,0.5487656290654248,0.9556248340660012,0.11957433074712753,0.10150481015443802,0.22111742198467255,0.014118655692729767,0.3746444582939148,0.11730868369340897,3.1666691454769893,0.010866747237741947,0.001805002917535603,0.12292926013469696,0.09453389048576355,0.24669283628463745,0.0028943758573388204,0.22970764338970184,0.18041592836380005,1.2661933572285926,0.009225208312273026,0.0006074094562791288,0.07846251130104065,0.06619033217430115,0.16107439994812012,0.0006515775034293552,0.17831939458847046,0.11178195476531982,1.5810986337266717,0.006505361292511225,0.0002774842723738402,0.11708203703165054,0.11119021475315094,0.21330417692661285,0.012822359396433471,0.20311380922794342,0.16541248559951782,1.2205442908697948,0.00958601851016283,0.0013209375320002437,0.058345429599285126,0.05112520605325699,0.11039426177740097,0.00047325102880658434,0.11029419302940369,0.08409400284290314,1.2961453139420889,0.004335295408964157,0.00016000012692529708
C03_s03,C03,control,none,control_none,test,165,161.53939393939393,0.5694865808472468,0.9550001495819519,0.11580682545900345,0.09846465289592743,0.20691287517547607,0.013223593964334705,0.3731032907962799,0.11560153216123581,3.199814649779689,0.010098643600940704,0.0014833855675533414,0.14108127355575562,0.11449810117483139,0.29357466101646423,0.009982853223593964,0.268534779548645,0.2169373780488968,1.2321648629194581,0.011219793930649757,0.0007894212030805647,0.07878956943750381,0.0680767074227333,0.16539569199085236,0.0010768175582990397,0.18755696713924408,0.1161840632557869,1.600533058235476,0.0064016105607151985,0.0003032399108633399,0.10916454344987869,0.08831361681222916,0.19686652719974518,0.006189986282578875,0.1913115233182907,0.1523353010416031,1.2476678365563314,0.008075935766100883,0.0007022403297014534,0.05697931349277496,0.04488852620124817,0.11093190312385559,0.0004458161865569273,0.11216982454061508,0.08318588882684708,1.3324064888276603,0.00410253694280982,0.00013824728375766426
C03_s04,C03,control,none,control_none,test,155,164.09677419354838,0.5362863685445498,0.9571230286060922,0.11285725235939026,0.09779021888971329,0.1931818127632141,0.014578189300411522,0.37631118297576904,0.11864365637302399,3.1452664887013246,0.009637781418859959,0.001513984752818942,0.14187055826187134,0.11942115426063538,0.3100741505622864,0.01022633744855967,0.29616329073905945,0.23771199584007263,1.240672006016308,0.011858876794576645,0.0009003524901345372,0.075715571641922,0.07099481672048569,0.1687002182006836,0.001368312757201646,0.19730892777442932,0.12091007083654404,1.6184793136489881,0.006532314233481884,0.0003140353364869952,0.10548052191734314,0.10838304460048676,0.20071910321712494,0.007983539094650206,0.21073059737682343,0.15794679522514343,1.3257933076179973,0.008712631650269032,0.0013332286616787314,0.05455702915787697,0.048908501863479614,0.11075268685817719,0.0006618655692729767,0.11889388412237167,0.08582966029644012,1.3692773151071067,0.00417965417727828,0.00017283092893194407
C03_s05,C03,control,none,control_none,test,203,173.11330049261085,0.5361123347015476,0.9496767467390057,0.13949209451675415,0.12772569060325623,0.2760416567325592,0.027122770919067216,0.4128579795360565,0.14767827093601227,2.7768548620917253,0.013292400166392326,0.00295616639778018,0.20556502044200897,0.18110619485378265,0.4576246440410614,0.07524348422496571,0.42849165201187134,0.3165748417377472,1.3492619555982306,0.0138585539534688,0.0015206063399091363,0.15432007610797882,0.17130428552627563,0.41992881894111633,0.05768861454046639,0.3771587014198303,0.24283771216869354,1.546761155464343,0.01069554965943098,0.0009938706643879414,0.15665513277053833,0.14176656305789948,0.34544745087623596,0.028316186556927296,0.30634868144989014,0.22438795864582062,1.3592060697940518,0.012578262947499752,0.001696210470981896,0.12691152095794678,0.15546078979969025,0.3543010652065277,0.026406035665294925,0.29470911622047424,0.20077583193778992,1.4605768856962853,0.007927367463707924,0.0009067649370990694
C03_s06,C03,control,none,control_none,test,173,156.23121387283237,0.527764079013854,0.9526277621998651,0.1243128702044487,0.10646521300077438,0.21969696879386902,0.017218792866941016,0.39636582136154175,0.12767471373081207,3.080370726067752,0.01107073575258255,0.002214836422353983,0.15902221202850342,0.14212220907211304,0.3392208218574524,0.015404663923182441,0.3242376744747162,0.26287034153938293,1.2287764990303898,0.01256594993174076,0.0016558002680540085,0.1005658432841301,0.10605987161397934,0.25758346915245056,0.0057304526748971196,0.248358353972435,0.17018432915210724,1.4508241215920772,0.0077383192256093025,0.00047478266060352325,0.12820783257484436,0.13441582024097443,0.3130858242511749,0.025939643347050755,0.2665861248970032,0.2011239379644394,1.3189240600680603,0.009964467957615852,0.0011399670038372278,0.08851436525583267,0.11373109370470047,0.25125446915626526,0.011546639231824416,0.20067134499549866,0.15300720930099487,1.3029996836271633,0.005939031019806862,0.00042063879664056003
C03_s07,C03,control,none,control_none,test,249,152.95180722891567,0.5552006809527833,0.9475001875257657,0.16397076845169067,0.1566794216632843,0.3394886255264282,0.04893689986282579,0.4896007776260376,0.17234723269939423,2.824393386625713,0.01740088313817978,0.004322628490626812,0.2632887363433838,0.248237743973732,0.6068469285964966,0.16443758573388204,0.5489392876625061,0.39695844054222107,1.3793884781400103,0.018735850229859352,0.003435541642829776,0.21406812965869904,0.22979888319969177,0.5615997314453125,0.1335013717421125,0.5006308555603027,0.33091986179351807,1.508288334585223,0.01589459367096424,0.002638742094859481,0.2138279378414154,0.19025254249572754,0.48800551891326904,0.09345336076817558,0.42143750190734863,0.30423504114151,1.3806982983712084,0.016570886597037315,0.002524233190342784,0.1843632608652115,0.21364377439022064,0.46881720423698425,0.0842283950617284,0.4227360188961029,0.2823132872581482,1.4921150468700612,0.013532077893614769,0.002730107633396983
C03_s08,C03,control,none,control_none,test,170,172.16470588235293,0.5554518120370646,0.9540055942543056,0.1172015368938446,0.09637203067541122,0.21543560922145844,0.011999314128943759,0.3581894338130951,0.1174866259098053,3.0230368285257527,0.010157653130590916,0.0013919428456574678,0.13793712854385376,0.11426594108343124,0.27751126885414124,0.003113854595336077,0.2533336281776428,0.2085733264684677,1.2088066379752733,0.01103302463889122,0.001397979212924838,0.0757501944899559,0.05844533070921898,0.15726147592067719,0.00034636488340192046,0.17026057839393616,0.1087164506316185,1.551823609073896,0.006108317524194717,0.0002405610866844654,0.10183030366897583,0.06821509450674057,0.17888784408569336,0.0028017832647462275,0.1588914394378662,0.13679814338684082,1.1530738769956441,0.007338038180023432,0.00048144388711079955,0.05392409488558769,0.037424929440021515,0.10394265502691269,2.05761316872428e-05,0.09818466752767563,0.07700100541114807,1.2587615635226526,0.00371045945212245,8.04639930720441e-05
C03_s09,C03,control,none,control_none,test,183,144.5136612021858,0.5569326449636497,0.9525085906878117,0.1328626126050949,0.12227234244346619,0.24242424964904785,0.026522633744855965,0.44717127084732056,0.14821092784404755,2.996906977984183,0.012200603261590004,0.0025003869086503983,0.21150797605514526,0.26211220026016235,0.48364588618278503,0.09316529492455418,0.48073697090148926,0.3738327622413635,1.2825372254731873,0.01533909048885107,0.003127444302663207,0.13930238783359528,0.18300248682498932,0.3835027813911438,0.05023662551440329,0.37838277220726013,0.25412124395370483,1.4831488210990487,0.010990921407938004,0.0022261205594986677,0.1388969123363495,0.12441831827163696,0.303069144487381,0.021097393689986282,0.2905344069004059,0.21659356355667114,1.335215996978411,0.010199284180998802,0.0011553813237696886,0.10869289189577103,0.12799641489982605,0.3035842180252075,0.017890946502057612,0.264871746301651,0.19594953954219818,1.3448711122520796,0.006859229877591133,0.000545552815310657
C03_s10,C03,control,none,control_none,test,226,157.9867256637168,0.5771034399625101,0.949588291473021,0.1462075561285019,0.13151556253433228,0.295928031206131,0.03385116598079561,0.43564870953559875,0.14645005762577057,2.954550961528131,0.014647440984845161,0.0032003314699977636,0.18822883069515228,0.16250592470169067,0.41866549849510193,0.054941700960219476,0.3789997100830078,0.28868839144706726,1.30830133782651,0.014357136562466621,0.0013491804711520672,0.14225919544696808,0.16157029569149017,0.3767158091068268,0.04974965706447188,0.3467240035533905,0.22134126722812653,1.5594226293477262,0.010897045955061913,0.0010915333405137062,0.16973865032196045,0.16414785385131836,0.4086296558380127,0.055596707818930044,0.33428820967674255,0.25245898962020874,1.3189045303843867,0.013486449606716633,0.0020346874371170998,0.14212435483932495,0.19700048863887787,0.4358423054218292,0.07561385459533608,0.34113070368766785,0.22820912301540375,1.48829461585062,0.009846605360507965,0.001401296816766262
C03_s11,C03,control,none,control_none,test,218,152.27981651376146,0.5426422016468675,0.9544319832859363,0.13331088423728943,0.11593986302614212,0.26893940567970276,0.022767489711934156,0.4039555788040161,0.126821368932724,3.160313351178623,0.013150283135473728,0.0024858165998011827,0.1625441014766693,0.1233644038438797,0.3266463279724121,0.017098765432098765,0.2815030515193939,0.22880150377750397,1.2249835048596893,0.011128846555948257,0.0007037109462544322,0.1198546290397644,0.10973804444074631,0.27140313386917114,0.010552126200274348,0.23714323341846466,0.16757918894290924,1.4067171333869402,0.008844725787639618,0.0005367041449062526,0.15209145843982697,0.11484327912330627,0.295248419046402,0.014657064471879287,0.23934592306613922,0.19962294399738312,1.1930137116782675,0.011506019160151482,0.001192130846902728,0.09879036992788315,0.09416399151086807,0.23458781838417053,0.0034842249657064473,0.16421213746070862,0.13816671073436737,1.1799670811660294,0.006476918701082468,0.00034693951602093875
C03_s12,C03,control,none,control_none,test,174,167.76436781609195,0.5223234411093511,0.9566733441104944,0.12202109396457672,0.10305730998516083,0.22632575035095215,0.01546639231824417,0.37776604294776917,0.1226271241903305,3.0556889956137647,0.01080580148845911,0.001791382092051208,0.14670895040035248,0.11867787688970566,0.3106556236743927,0.009780521262002743,0.27894648909568787,0.2223571538925171,1.2488809256135187,0.011332250200212002,0.0008766779792495072,0.0967983603477478,0.09329017251729965,0.22013218700885773,0.0039883401920438955,0.2144148051738739,0.14406076073646545,1.4781034104971034,0.007686827797442675,0.0004532020539045334,0.12290149927139282,0.09397466480731964,0.24181321263313293,0.0061762688614540465,0.2070418745279312,0.16685262322425842,1.2334741665092372,0.009208462201058865,0.0007884381921030581,0.07595781236886978,0.08490944653749466,0.1551971286535263,0.0044444444444444444,0.14616850018501282,0.1127459779381752,1.2850432413923274,0.0055058724246919155,0.0004177413647994399
C03_s13,C03,control,none,control_none,test,237,144.1139240506329,0.5291619496179626,0.9526989640689321,0.14995287358760834,0.13578835129737854,0.2930871248245239,0.03537379972565158,0.44684550166130066,0.1513158529996872,2.9336769145245722,0.015578740276396275,0.003889963962137699,0.2172795534133911,0.1980956643819809,0.46750980615615845,0.08299382716049383,0.41841477155685425,0.32252413034439087,1.2933031335605554,0.015987155959010124,0.002524290233850479,0.17068783938884735,0.1804177463054657,0.43975597620010376,0.07138545953360768,0.3788009583950043,0.26016998291015625,1.4504000581311585,0.013645890168845654,0.001848167390562594,0.18619950115680695,0.17822657525539398,0.4370102882385254,0.07211934156378601,0.3633292317390442,0.26781967282295227,1.35157233071382,0.014969934709370136,0.002330909250304103,0.15619395673274994,0.17253166437149048,0.4279569983482361,0.05571673525377229,0.3091168701648712,0.24510438740253448,1.256039656291344,0.010353554971516132,0.0012964231427758932
C03_s14,C03,control,none,control_none,test,222,153.8783783783784,0.5439170627607501,0.9522621336583537,0.14268529415130615,0.13271038234233856,0.2859848439693451,0.032839506172839504,0.4369370639324188,0.1477741152048111,2.9369158964978945,0.014377489686012268,0.003198940074071288,0.20657436549663544,0.17577621340751648,0.46518388390541077,0.07791495198902607,0.4058082103729248,0.3164040446281433,1.2785224928319736,0.013264444656670094,0.0013218804961070418,0.16604836285114288,0.1748160421848297,0.43246906995773315,0.06519547325102881,0.37638038396835327,0.26018577814102173,1.4410447101952644,0.011230334639549255,0.001046062563546002,0.1681281179189682,0.1380503624677658,0.34891477227211,0.029300411522633744,0.3045286238193512,0.24060337245464325,1.2604485637985912,0.012997111305594444,0.0017512586200609803,0.13861149549484253,0.14418937265872955,0.3637992739677429,0.027229080932784637,0.280178964138031,0.2195393592119217,1.2704261277407638,0.007625421043485403,0.0004493430315051228
C03_s15,C03,control,none,control_none,test,237,150.70886075949366,0.5534994646280006,0.9526979556708564,0.13373124599456787,0.1186654344201088,0.27888256311416626,0.025137174211248284,0.400089830160141,0.12558411061763763,3.1606639111970374,0.013813581317663193,0.0028316115494817495,0.16616860032081604,0.1286640763282776,0.3335513770580292,0.007287379972565158,0.2781953811645508,0.2361111044883728,1.173270150146817,0.011876449920237064,0.0013704071752727032,0.11752589792013168,0.10411883145570755,0.27291983366012573,0.003895747599451303,0.23041634261608124,0.1648106426000595,1.3896354238964788,0.008831207640469074,0.0005619590519927442,0.1546650230884552,0.12937316298484802,0.329395055770874,0.024465020576131688,0.249336376786232,0.20585867762565613,1.2053464696194474,0.012381430715322495,0.00144777272362262,0.10253942757844925,0.10347755998373032,0.26075267791748047,0.0046124828532235936,0.17400959134101868,0.14780786633491516,1.1693574783834555,0.006426658947020769,0.0003381303686182946
C03_s16,C03,control,none,control_none,test,245,152.1795918367347,0.5267382427315196,0.950506296745715,0.163362056016922,0.1498796045780182,0.33570075035095215,0.046618655692729764,0.47989964485168457,0.16519512236118317,2.887567565362982,0.01724212057888508,0.004096401855349541,0.24058963358402252,0.20701658725738525,0.5095217227935791,0.10627914951989026,0.45131903886795044,0.34625086188316345,1.2996916304841366,0.01608932577073574,0.0031024296768009663,0.20598915219306946,0.20153242349624634,0.49509403109550476,0.0972633744855967,0.4358040392398834,0.3053635060787201,1.4225063710032866,0.015169565565884113,0.0022952607832849026,0.218648761510849,0.18905161321163177,0.47463709115982056,0.08513717421124828,0.4014035761356354,0.3041817843914032,1.3152933650221579,0.016449853777885437,0.002464720280840993,0.18696829676628113,0.18380028009414673,0.46433693170547485,0.07766460905349794,0.3523644506931305,0.2861407697200775,1.2271487989554288,0.011358633637428284,0.0012192273279652
C03_s17,C03,control,none,control_none,test,169,180.95857988165682,0.5377739229698334,0.9575553337646846,0.11626368761062622,0.09283722937107086,0.21496212482452393,0.009516460905349794,0.3412639796733856,0.11616083234548569,2.9127821375240925,0.009547977708280087,0.0012719690566882491,0.11970779299736023,0.09060569107532501,0.2456752508878708,0.0007373113854595336,0.2265026569366455,0.18548734486103058,1.214573874197384,0.00890966597944498,0.00038032917655073106,0.07654713839292526,0.06649234145879745,0.16471783816814423,8.573388203017832e-05,0.1763446033000946,0.11578134447336197,1.5100408724984247,0.00580837856978178,0.000169062361237593,0.10724572837352753,0.07957818359136581,0.20020541548728943,0.003357338820301783,0.1801576018333435,0.14978323876857758,1.1948118590942973,0.007832523435354233,0.0006011189543642104,0.06337102502584457,0.0575474314391613,0.12562723457813263,0.00011316872427983539,0.12295857816934586,0.09642430394887924,1.262093473450578,0.004103558603674173,0.00010942294466076419
C03_s18,C03,control,none,control_none,test,196,159.87244897959184,0.5692027427603872,0.9549910396731752,0.12005563080310822,0.09937529265880585,0.23011364042758942,0.013840877914951989,0.3603004813194275,0.11362295597791672,3.14335360003142,0.010981656610965729,0.0016567009733989835,0.11753743141889572,0.08060484379529953,0.22830353677272797,0.0009636488340192044,0.209217831492424,0.16652049124240875,1.2489088943135773,0.008795819245278835,0.00039979766006581485,0.07596564292907715,0.05602779611945152,0.1542111486196518,0.0003120713305898491,0.16422726213932037,0.10330868512392044,1.5744351675434858,0.006199694238603115,0.00025812917738221586,0.10599079728126526,0.07563662528991699,0.1822267472743988,0.002856652949245542,0.17083582282066345,0.13849902153015137,1.2246381440298413,0.008103699423372746,0.000981026329100132,0.05767619609832764,0.03898868337273598,0.10752688348293304,0.0002297668038408779,0.10329843312501907,0.07924681156873703,1.2872590337939684,0.004229769576340914,0.00015461313887499273
C03_s19,C03,control,none,control_none,test,344,146.16860465116278,0.5305981070711343,0.9460845575375095,0.224730983376503,0.19546711444854736,0.46685606241226196,0.0884567901234568,0.5616613030433655,0.21411451697349548,2.610987444945747,0.026512112468481064,0.008055060170590878,0.3405289351940155,0.2290654331445694,0.6559819579124451,0.24397462277091908,0.5738425254821777,0.4290122985839844,1.3344793332000533,0.020293403416872025,0.0027408686000853777,0.33525997400283813,0.2575701177120209,0.6931875944137573,0.25856995884773665,0.6030066609382629,0.4285079538822174,1.4039475997774502,0.02262742631137371,0.0040284874849021435,0.3100406527519226,0.20980826020240784,0.5867469906806946,0.17242112482853222,0.48463961482048035,0.38231614232063293,1.2643339565258727,0.02398059517145157,0.004271301440894604,0.33397483825683594,0.2697092592716217,0.6888889074325562,0.2809670781893004,0.5654115676879883,0.4406648874282837,1.2801822915565102,0.018853215500712395,0.0031146672554314137
C03_s20,C03,control,none,control_none,test,242,162.73553719008265,0.5589575649341096,0.9543487000471895,0.1414165049791336,0.12021733075380325,0.29924243688583374,0.02446159122085048,0.3954660892486572,0.1272708922624588,3.083054013840354,0.014804737642407417,0.0028414952103048563,0.15216609835624695,0.0996524840593338,0.28027328848838806,0.004862825788751714,0.24813446402549744,0.19616352021694183,1.258521169395188,0.009863707236945629,0.0006314728525467217,0.11732804775238037,0.09198156744241714,0.23724792897701263,0.003559670781893004,0.21816225349903107,0.1486736387014389,1.45758635516445,0.008481618016958237,0.00045412511099129915,0.16626141965389252,0.11646510660648346,0.3040964901447296,0.016731824417009603,0.2422100156545639,0.20637868344783783,1.1679600411557596,0.011945790611207485,0.0014717893209308386,0.10225225239992142,0.08864492923021317,0.2174014449119568,0.0027229080932784635,0.16462895274162292,0.13284476101398468,1.2299992281686825,0.006709802895784378,0.0004576651845127344
C03_s21,C03,control,none,control_none,test,266,147.1015037593985,0.5367344871838647,0.9499826699614741,0.17184628546237946,0.15665742754936218,0.35085228085517883,0.051083676268861455,0.4927175045013428,0.16945219039916992,2.8906492978909952,0.01884140446782112,0.0048865280114114285,0.23758570849895477,0.19496536254882812,0.5357609987258911,0.12211934156378601,0.4651026129722595,0.3313857913017273,1.3992854843486884,0.01582615077495575,0.0018995563732460141,0.2102334201335907,0.2118019461631775,0.5399084687232971,0.12147462277091907,0.46222060918807983,0.30007755756378174,1.5352210670506743,0.015576914884150028,0.002404850209131837,0.2189440280199051,0.17399471998214722,0.4687426686286926,0.0818724279835391,0.39171475172042847,0.28686121106147766,1.3607764320729239,0.015964094549417496,0.0021324234548956156,0.20237259566783905,0.21703249216079712,0.5198924541473389,0.11332647462277091,0.4209837317466736,0.2912409007549286,1.440536662250805,0.012706264853477478,0.0017359667690470815
C03_s22,C03,control,none,control_none,test,196,156.9387755102041,0.5511716274746783,0.9534006629677081,0.13557995855808258,0.12168751657009125,0.25757575035095215,0.028247599451303156,0.42697015404701233,0.14215193688869476,2.9826362348069058,0.012857403606176376,0.0025904481299221516,0.16460728645324707,0.14734819531440735,0.36226195096969604,0.029478737997256515,0.3420194387435913,0.2638450860977173,1.2913943157601186,0.011823785491287708,0.0015264409594237804,0.12823300063610077,0.14165863394737244,0.32748687267303467,0.030871056241426612,0.3093703091144562,0.21055090427398682,1.462391806719862,0.009737977758049965,0.0011369612766429782,0.15247002243995667,0.1338614672422409,0.3282392919063568,0.023717421124828532,0.29094213247299194,0.22596563398838043,1.2818774691144952,0.011572913266718388,0.0013937419280409813,0.11488460749387741,0.13416743278503418,0.3261648714542389,0.020353223593964336,0.24594815075397491,0.19374437630176544,1.262928128783893,0.007115821819752455,0.0005303835496306419
C03_s23,C03,control,none,control_none,test,265,137.06037735849057,0.5488991876510185,0.9477824417057141,0.17292770743370056,0.15877969563007355,0.35227271914482117,0.05459533607681756,0.5142480134963989,0.1782139092683792,2.8694648512258847,0.019168240949511528,0.004836822859942913,0.25053736567497253,0.1936575323343277,0.5332897305488586,0.12631344307270234,0.4743700921535492,0.368577778339386,1.2835460353840096,0.016145216301083565,0.0018313431646674871,0.227783665060997,0.21097055077552795,0.5385527610778809,0.12659465020576133,0.47628751397132874,0.3464525043964386,1.370798909044245,0.016977624967694283,0.002707449719309807,0.22001422941684723,0.17193841934204102,0.4521637558937073,0.06955075445816186,0.39191967248916626,0.30823054909706116,1.2674028281926009,0.01666104793548584,0.002244852017611265,0.19822640717029572,0.1792668253183365,0.45483872294425964,0.06395747599451303,0.36842501163482666,0.3020896315574646,1.2155645501353112,0.011696725152432919,0.0012267387937754393
C03_s24,C03,control,none,control_none,test,242,150.0702479338843,0.5299487311638301,0.951685292560841,0.15942469239234924,0.14228381216526031,0.3172348439693451,0.03918724279835391,0.4628835916519165,0.15585872530937195,2.950958518494733,0.016798103228211403,0.004302836023271084,0.20063050091266632,0.14959107339382172,0.4114696979522705,0.04474965706447188,0.36946672201156616,0.2794415056705475,1.3174466494471124,0.014199829660356045,0.0013062339276075363,0.1664975881576538,0.15920482575893402,0.4022199511528015,0.05018518518518519,0.3587857186794281,0.237704798579216,1.5030519738812973,0.01273868978023529,0.0014999049017205834,0.20010648667812347,0.1700594276189804,0.4296903908252716,0.0629766803840878,0.3631705641746521,0.27106693387031555,1.334857415446753,0.015907786786556244,0.0025672789197415113,0.17761129140853882,0.21283072233200073,0.4903225898742676,0.09521947873799726,0.3827817738056183,0.26220840215682983,1.4542916208941612,0.011780855245888233,0.0016937952022999525
C03_s25,C03,control,none,control_none,test,305,185.7311475409836,0.5447790812653065,0.9449697180883938,0.20154674351215363,0.18919509649276733,0.41950756311416626,0.06992112482853223,0.5011118650436401,0.1870172619819641,2.665243923676062,0.023568496108055115,0.007265779189765453,0.2701822519302368,0.2266678810119629,0.6111353635787964,0.17976680384087793,0.5353143811225891,0.33671513199806213,1.5851062934475226,0.01671907864511013,0.0021108880173414946,0.25436457991600037,0.25314992666244507,0.6427724361419678,0.1899519890260631,0.5547972321510315,0.3153524100780487,1.7537316438150574,0.017583565786480904,0.0029256099369376898,0.24722227454185486,0.1885146051645279,0.5068702697753906,0.1041803840877915,0.4432371258735657,0.2963707745075226,1.4905201313330578,0.018470996990799904,0.0026737789157778025,0.25140222907066345,0.2744528651237488,0.6679211258888245,0.20631001371742114,0.5489985346794128,0.3163847029209137,1.729757387885871,0.015775365754961967,0.0028414675034582615
C03_s26,C03,control,none,control_none,test,255,144.34509803921569,0.5442283771277567,0.9538588506541671,0.14335672557353973,0.12367815524339676,0.2973484992980957,0.029458161865569273,0.41638654470443726,0.12916630506515503,3.1988811889222335,0.015466037206351757,0.0034900554455816746,0.15782298147678375,0.10965415835380554,0.29342928528785706,0.011584362139917696,0.2646734416484833,0.21001815795898438,1.2542685625183396,0.011353877373039722,0.0008146822801791131,0.12705975770950317,0.10901585221290588,0.2608032524585724,0.014266117969821674,0.23872874677181244,0.16824114322662354,1.4105833972779365,0.00997331365942955,0.0007852605194784701,0.16433052718639374,0.12958888709545135,0.31668156385421753,0.02381687242798354,0.2530587315559387,0.20951110124588013,1.20211585069978,0.013444922864437103,0.0019425840582698584,0.11149974912405014,0.11915657669305801,0.24713261425495148,0.016409465020576133,0.18651437759399414,0.1519363671541214,1.2195554338363128,0.008027593605220318,0.0007715212414041162
C03_s27,C03,control,none,control_none,test,303,149.72937293729373,0.5559815009327497,0.9450591749229079,0.20259223878383636,0.18849825859069824,0.4261363744735718,0.07630658436213991,0.5539309978485107,0.1989530324935913,2.7703055609634966,0.023962486535310745,0.007178619969636202,0.30655303597450256,0.23951204121112823,0.660997211933136,0.22633401920438959,0.5788792371749878,0.4163701832294464,1.3869683567135722,0.019460542127490044,0.0025647517759352922,0.29569289088249207,0.2676747739315033,0.6940349340438843,0.23506515775034292,0.6049101948738098,0.4081800878047943,1.4783470967981012,0.021127907559275627,0.0038149510510265827,0.26801958680152893,0.2068607062101364,0.5429560542106628,0.1312482853223594,0.47400781512260437,0.3433367609977722,1.376582081300553,0.021017851307988167,0.0032448924612253904,0.2759847342967987,0.2629249393939972,0.6336917281150818,0.20467764060356652,0.5355647206306458,0.3841465413570404,1.3905479164985255,0.0171135812997818,0.0029782787896692753
C03_s28,C03,control,none,control_none,test,228,148.0219298245614,0.5318686912697007,0.9515183395388275,0.13587142527103424,0.1203731819987297,0.27793559432029724,0.028113854595336076,0.4182095527648926,0.12860719859600067,3.2267463327287547,0.014092878438532352,0.002742213197052479,0.15622127056121826,0.10949065536260605,0.30883848667144775,0.007390260631001372,0.27991437911987305,0.22518673539161682,1.2375366691385896,0.010749543085694313,0.0005855109775438905,0.11821464449167252,0.10596846789121628,0.27707168459892273,0.006920438957475994,0.2476446032524109,0.17412696778774261,1.414086056423709,0.009021572768688202,0.0005929847829975188,0.15111541748046875,0.1313048154115677,0.3236162066459656,0.02497599451303155,0.25386103987693787,0.2115393579006195,1.1944189649600796,0.011898200958967209,0.0013386757345870137,0.10455819219350815,0.10574685782194138,0.26989248394966125,0.005864197530864198,0.1907792091369629,0.16091139614582062,1.178293892081218,0.00688576977699995,0.000521018635481596
C03_s29,C03,control,none,control_none,test,190,156.03684210526316,0.5178180850142299,0.9537021685989344,0.12460791319608688,0.10841101408004761,0.23721590638160706,0.018281893004115226,0.3944959342479706,0.1216033473610878,3.2176603880652026,0.011858373880386353,0.002305445959791541,0.15003086626529694,0.11091548949480057,0.3017153739929199,0.007136488340192044,0.26879987120628357,0.22643430531024933,1.1818791841433347,0.011063962243497372,0.0007408973178826272,0.10258796066045761,0.0940505638718605,0.22335197031497955,0.005243484224965706,0.2147788107395172,0.15313440561294556,1.3934514483343763,0.008072464726865292,0.0005309297703206539,0.13098938763141632,0.10638484358787537,0.2563245892524719,0.012873799725651577,0.21120840311050415,0.18441927433013916,1.1390854800480312,0.010046103969216347,0.0010303560411557555,0.08050669729709625,0.0849916934967041,0.17741934955120087,0.003340192043895748,0.13987931609153748,0.12109988927841187,1.1456137832572886,0.005636559333652258,0.0003697556094266474
C03_s30,C03,control,none,control_none,test,194,164.29381443298968,0.5486431481915649,0.9542463982718388,0.1283697634935379,0.11463497579097748,0.2443181872367859,0.02179355281207133,0.3935363292694092,0.12782718241214752,3.054761595347143,0.012261382304131985,0.0026840828359127045,0.14632804691791534,0.12029876559972763,0.30680331587791443,0.016296296296296295,0.2775319218635559,0.2243848294019699,1.231369132518598,0.010731590911746025,0.0008529889164492488,0.11073329299688339,0.11658253520727158,0.2706320881843567,0.016234567901234568,0.2444501668214798,0.17382976412773132,1.3982182498563775,0.008784936740994453,0.0007610867614857852,0.13322250545024872,0.1218695417046547,0.27122119069099426,0.01857681755829904,0.23698531091213226,0.19087322056293488,1.2351140519601613,0.010537571273744106,0.0014215682167559862,0.0930723175406456,0.11456052213907242,0.26507166028022766,0.010600137174211249,0.18746007978916168,0.15207678079605103,1.2246147248087258,0.006276043131947517,0.00046007471974007785
C03_s31,C03,control,none,control_none,test,213,180.15023474178403,0.5773169811303516,0.9510060891081934,0.15557140111923218,0.14689330756664276,0.31912878155708313,0.037887517146776406,0.4550989866256714,0.15853635966777802,2.8526348951008997,0.015717871487140656,0.003640236798673868,0.20060855150222778,0.18519045412540436,0.46373018622398376,0.08468792866941015,0.4569118320941925,0.2822662591934204,1.613011847564249,0.01277755107730627,0.0012693166499957442,0.17317546904087067,0.20028315484523773,0.4735637903213501,0.09075102880658437,0.4625542163848877,0.2433338612318039,1.8931236712461,0.011739533394575119,0.001286833779886365,0.17492780089378357,0.15400207042694092,0.3698470890522003,0.04351508916323731,0.36573490500450134,0.2247890830039978,1.6198077433089433,0.01304624229669571,0.001478983904235065,0.14794529974460602,0.1942838430404663,0.4161469340324402,0.06416666666666666,0.39664456248283386,0.20599547028541565,1.9161992382534778,0.009371913969516754,0.0012096695136278868
C03_s32,C03,control,none,control_none,test,339,128.00294985250738,0.49642320458838696,0.9489004345426283,0.22621573507785797,0.18615324795246124,0.4474431872367859,0.08220507544581619,0.5799748301506042,0.21697768568992615,2.660707348621088,0.025852005928754807,0.007559062447398901,0.34230226278305054,0.20305278897285461,0.6203663349151611,0.22810356652949246,0.5444896221160889,0.4225245416164398,1.2856152799031884,0.019904272630810738,0.0024405112490057945,0.3388676643371582,0.22872908413410187,0.6523470878601074,0.24758230452674898,0.5692000389099121,0.42415571212768555,1.3388036963242451,0.022644972428679466,0.0036370966117829084,0.3055385649204254,0.19189733266830444,0.5556695461273193,0.14660836762688614,0.47288283705711365,0.3706430196762085,1.2724114594405935,0.02270701713860035,0.0036905573215335608,0.32603561878204346,0.23443469405174255,0.625268816947937,0.22786351165980795,0.5037528276443481,0.4191771447658539,1.198905827981356,0.018579727038741112,0.0027660606428980827
C03_s33,C03,control,none,control_none,test,230,161.65652173913043,0.5716094697727553,0.950205794250216,0.15352186560630798,0.1372910439968109,0.31534090638160706,0.03829561042524005,0.4488665461540222,0.1484585553407669,3.0032843896463626,0.01573309116065502,0.0034648836590349674,0.1836858093738556,0.14816923439502716,0.39127054810523987,0.03939986282578875,0.3452610373497009,0.25627660751342773,1.3419837920230704,0.012550941668450832,0.0012205926468595862,0.14834646880626678,0.1517615020275116,0.36993730068206787,0.04556241426611797,0.330434650182724,0.2115245759487152,1.5548067733232975,0.01077389158308506,0.0009810702176764607,0.1667129397392273,0.14087314903736115,0.346346378326416,0.031135116598079562,0.28762269020080566,0.22342655062675476,1.2815894081941883,0.013124673627316952,0.002137993462383747,0.12586241960525513,0.14123548567295074,0.3326164782047272,0.030065157750342936,0.25794050097465515,0.1841929405927658,1.3928203750587838,0.008121777325868607,0.0006614933372475207
C03_s34,C03,control,none,control_none,test,265,151.03018867924527,0.5394524832815312,0.9551545505620672,0.15437549352645874,0.13549506664276123,0.32149621844291687,0.03729423868312757,0.43319135904312134,0.14681388437747955,2.930654050987926,0.016613256186246872,0.0038649155758321285,0.19492186605930328,0.1855795532464981,0.4113970100879669,0.04869341563786008,0.3644500970840454,0.27757635712623596,1.3082592537416808,0.012864110991358757,0.00205310620367527,0.1517259031534195,0.15288257598876953,0.37713947892189026,0.045020576131687244,0.3182578384876251,0.218468576669693,1.4501294140464265,0.010473077185451984,0.0009641009382903576,0.18835046887397766,0.1667838990688324,0.40593287348747253,0.05198902606310014,0.32308170199394226,0.25867751240730286,1.2441651146410793,0.014656786806881428,0.0024039819836616516,0.14007921516895294,0.16742350161075592,0.3697132468223572,0.05111796982167353,0.2738766372203827,0.20867310464382172,1.3062077641556629,0.008805525489151478,0.000927251938264817
C03_s35,C03,control,none,control_none,test,234,146.2948717948718,0.5500260056161551,0.9521082974286619,0.1453944593667984,0.13577285408973694,0.2982954680919647,0.0386076817558299,0.4553397595882416,0.142217218875885,3.179364626420014,0.015404660254716873,0.0035369396209716797,0.18653613328933716,0.1932487040758133,0.41255995631217957,0.05498971193415638,0.37667927145957947,0.26934367418289185,1.3933348823422067,0.014624256640672684,0.002662152051925659,0.14579176902770996,0.15801666676998138,0.37747839093208313,0.04555555555555556,0.33894822001457214,0.21730072796344757,1.5526664669268802,0.012038741260766983,0.0014232828980311751,0.1668330878019333,0.15621069073677063,0.3806343078613281,0.04778463648834019,0.32710739970207214,0.2338273525238037,1.3929697549560982,0.013941093347966671,0.0017449724255129695,0.13785691559314728,0.18072271347045898,0.3754480183124542,0.04114883401920439,0.29208362102508545,0.21704310178756714,1.33956827173397,0.010246869176626205,0.0020039936061948538
C03_s36,C03,control,none,control_none,test,239,145.63598326359832,0.5516639688204659,0.9449697132723573,0.1570221185684204,0.15272188186645508,0.328125,0.04535665294924554,0.49229320883750916,0.1532999575138092,3.1904947789337594,0.017542442306876183,0.004763815551996231,0.21649785339832306,0.18202082812786102,0.45144644379615784,0.07210219478737998,0.4083200693130493,0.3042456805706024,1.3376768134761734,0.015912627801299095,0.003076885361224413,0.17678169906139374,0.1705140769481659,0.430774450302124,0.06639231824417009,0.3801066279411316,0.250440388917923,1.5117166719989794,0.013354357331991196,0.0014689818490296602,0.19147686660289764,0.16686269640922546,0.4146653711795807,0.060943072702331964,0.36104172468185425,0.2557901442050934,1.4059796796309172,0.016085755079984665,0.0022241580300033092,0.15391805768013,0.15988479554653168,0.37670251727104187,0.03781893004115226,0.3002701699733734,0.21935947239398956,1.3626379057420699,0.010079449974000454,0.001057244255207479
C03_s37,C03,control,none,control_none,test,252,145.91666666666666,0.5446354689461679,0.9518760604727629,0.14608393609523773,0.1271788626909256,0.3030303120613098,0.032918381344307274,0.42709699273109436,0.1317107230424881,3.218255337169377,0.01613018475472927,0.0037954719737172127,0.18353064358234406,0.13052287697792053,0.35499346256256104,0.018521947873799724,0.30738672614097595,0.24786947667598724,1.2351322880032194,0.013815037906169891,0.0015517883002758026,0.14481781423091888,0.12378237396478653,0.31757327914237976,0.018847736625514405,0.2758426368236542,0.19475990533828735,1.4090864845228548,0.011352145113050938,0.0009593282593414187,0.1835017055273056,0.1486833244562149,0.3736996650695801,0.038991769547325104,0.2974645793437958,0.23478710651397705,1.2615811939070662,0.015214499086141586,0.002062282059341669,0.1291142851114273,0.1341664046049118,0.31344085931777954,0.02272633744855967,0.22524631023406982,0.17810475826263428,1.2576232614868603,0.009134013205766678,0.0008788903360255063
C03_s38,C03,control,none,control_none,test,309,144.83171521035598,0.4912445605343522,0.9483439570475101,0.21881842613220215,0.1928379386663437,0.43560606241226196,0.07859396433470507,0.5736722350120544,0.2139085829257965,2.669377961559272,0.02530084177851677,0.00843940768390894,0.32425767183303833,0.22522233426570892,0.6406527161598206,0.21902606310013717,0.5788379311561584,0.4143419861793518,1.3936417468428204,0.022604962810873985,0.0037657979410141706,0.32053980231285095,0.25305625796318054,0.6762413382530212,0.2378909465020576,0.610837459564209,0.41714927554130554,1.460811952318854,0.024295585229992867,0.005023469217121601,0.2757702171802521,0.1929517537355423,0.5339667201042175,0.12323388203017832,0.47551044821739197,0.3297294080257416,1.4377628256764565,0.021468225866556168,0.0032596904784440994,0.3077743947505951,0.2611849308013916,0.6396057605743408,0.22240740740740741,0.5595693588256836,0.4066864550113678,1.372548319786785,0.020163290202617645,0.0038409398403018713
C03_s39,C03,control,none,control_none,test,163,164.9754601226994,0.5714216473487634,0.9545237291681007,0.11646293103694916,0.09661568701267242,0.20454545319080353,0.01318244170096022,0.3705468773841858,0.11352746188640594,3.2354412756628856,0.009900704026222229,0.0014806558610871434,0.11924470961093903,0.08805656433105469,0.23797063529491425,0.0016186556927297669,0.21712075173854828,0.18111652135849,1.1922078794331552,0.009629511274397373,0.0004563393595162779,0.07108184695243835,0.05608048290014267,0.14430604875087738,0.0003532235939643347,0.16234230995178223,0.10257884860038757,1.5673307064660185,0.006048797629773617,0.00022462502238340676,0.09921064972877502,0.06887976825237274,0.1743931770324707,0.0019993141289437587,0.15537649393081665,0.136948361992836,1.1263380853981124,0.007782154716551304,0.0005907218437641859,0.05223364382982254,0.04019423946738243,0.09749104082584381,2.7434842249657064e-05,0.09887363761663437,0.0766131579875946,1.2739288051188171,0.003997431136667728,0.00011927614104934037
C03_s40,C03,control,none,control_none,test,168,175.58333333333334,0.5427041254099081,0.9577883744099884,0.11683055013418198,0.09895395487546921,0.21543560922145844,0.012359396433470508,0.3630288541316986,0.11949621140956879,3.01278230979194,0.010172219946980476,0.0015296649653464556,0.1276094913482666,0.10815583169460297,0.2662450969219208,0.011392318244170096,0.25416675209999084,0.20294561982154846,1.246247663089728,0.009457896463572979,0.0004608371527865529,0.07981600612401962,0.07907175272703171,0.16759870946407318,0.004245541838134431,0.19129988551139832,0.12202125787734985,1.5550148715120529,0.006256986875087023,0.00023237382993102074,0.10682316869497299,0.08874686807394028,0.1973802000284195,0.0049039780521262,0.18447281420230865,0.1516147255897522,1.208748457853242,0.00802809651941061,0.0007293077069334686,0.05691942200064659,0.05665744096040726,0.10967741906642914,0.0006515775034293552,0.11565607786178589,0.08769269287586212,1.3040090915230504,0.003991603851318359,0.00012677343329414725
C03_s41,C03,control,none,control_none,test,290,147.10689655172413,0.553362644678943,0.9507371833023351,0.17919182777404785,0.1662973314523697,0.3863636255264282,0.0591358024691358,0.5039927363395691,0.17332138121128082,2.8911699347352022,0.020342359319329262,0.005150790326297283,0.2716597020626068,0.19244736433029175,0.5298008322715759,0.1231241426611797,0.47074171900749207,0.35787728428840637,1.3117066463008216,0.0172266848385334,0.0018605301156640053,0.241820827126503,0.21285827457904816,0.5377901792526245,0.12421810699588477,0.46638771891593933,0.32336127758026123,1.4378649707979847,0.01708351820707321,0.002436375943943858,0.23005829751491547,0.1802142709493637,0.46975716948509216,0.08208161865569273,0.38901954889297485,0.29620182514190674,1.308940645661336,0.018892837688326836,0.003049803664907813,0.1915249228477478,0.17211240530014038,0.4355017840862274,0.06026748971193416,0.334298312664032,0.2611711025238037,1.275115027727663,0.010836844332516193,0.0009627360268495977
C03_s42,C03,control,none,control_none,test,179,161.01117318435755,0.5595673450406233,0.9538201916885597,0.11859133839607239,0.10770776867866516,0.22679924964904785,0.016868998628257886,0.39135247468948364,0.1158139705657959,3.3502197793118667,0.011159557849168777,0.001910864026285708,0.13636450469493866,0.10556671768426895,0.28463438153266907,0.005641289437585734,0.2587001621723175,0.20635734498500824,1.2476054908545502,0.011367845349013805,0.0006648094276897609,0.08263783156871796,0.06902153044939041,0.1770038902759552,0.0008641975308641976,0.19036266207695007,0.11891338974237442,1.5875012997792075,0.00705738365650177,0.000284529582131654,0.11265086382627487,0.08192134648561478,0.20791056752204895,0.00507201646090535,0.18038444221019745,0.15485413372516632,1.157392735750519,0.008773013949394226,0.0006613577133975923,0.05342760682106018,0.04410048946738243,0.10573476552963257,0.00012002743484224966,0.10074732452630997,0.07829957455396652,1.2704648807131669,0.004108731169253588,0.0001317384303547442
C03_s43,C03,control,none,control_none,test,217,156.63133640552996,0.5604715362530123,0.9541134884407546,0.1345389038324356,0.11695051938295364,0.27462121844291687,0.025030864197530863,0.40707963705062866,0.1260831654071808,3.2032538357564926,0.0134297925978899,0.0026027311105281115,0.1565215289592743,0.12526151537895203,0.3017880618572235,0.018508230452674898,0.28605061769485474,0.22393706440925598,1.2716917883057604,0.012244184501469135,0.001134734251536429,0.11067720502614975,0.10343616455793381,0.2303846776485443,0.012239368998628259,0.24366189539432526,0.1570723056793213,1.5414584758992393,0.008935244753956795,0.0005221145111136138,0.14632849395275116,0.13018262386322021,0.30448174476623535,0.024015775034293554,0.2530534267425537,0.19956497848033905,1.2617029586117896,0.011944315396249294,0.0014744322979822755,0.07859399169683456,0.08509032428264618,0.16971325874328613,0.006951303155006859,0.15637078881263733,0.11386054009199142,1.3613969487467192,0.0058892169035971165,0.0003558840835466981
C03_s44,C03,control,none,control_none,test,146,179.4931506849315,0.5676517593141949,0.9548353348810498,0.11273331940174103,0.09770268946886063,0.19981060922145844,0.013573388203017832,0.37305790185928345,0.11843281239271164,3.1235796460407994,0.009405367076396942,0.001327150734141469,0.14334601163864136,0.15452361106872559,0.29706352949142456,0.012928669410150891,0.28995752334594727,0.23922507464885712,1.2070243864833232,0.01205521821975708,0.0020318657625466585,0.07502621412277222,0.07367105782032013,0.16073547303676605,0.0022256515775034296,0.18916435539722443,0.11999687552452087,1.5633821499703844,0.006425864528864622,0.0003824989253189415,0.09976987540721893,0.0871056392788887,0.1895466297864914,0.007157064471879287,0.18081140518188477,0.15106338262557983,1.189052893996776,0.00787666067481041,0.0006773215136490762,0.04703252390027046,0.0405317023396492,0.09336917847394943,0.00014746227709190672,0.09853867441415787,0.0746716782450676,1.3021869832863233,0.0036350609734654427,0.00011582420120248571
C03_s45,C03,control,none,control_none,test,225,140.82666666666665,0.5370141470766034,0.9504972705083073,0.15212182700634003,0.14016170799732208,0.29403409361839294,0.03735253772290809,0.47467947006225586,0.16251806914806366,2.9029175340398576,0.015497013926506042,0.00354458624497056,0.22703221440315247,0.18570198118686676,0.49513009190559387,0.09645061728395062,0.4571174085140228,0.3427894711494446,1.3296434209740962,0.015324058942496777,0.0015013298252597451,0.18918651342391968,0.19731031358242035,0.488646000623703,0.09346021947873799,0.4386727511882782,0.2950460612773895,1.4817719556729727,0.01359209418296814,0.0016031572595238686,0.16061723232269287,0.13868077099323273,0.33889809250831604,0.02948216735253772,0.3114907145500183,0.225563645362854,1.37484861726668,0.013098600320518017,0.0014688612427562475,0.15167486667633057,0.16454485058784485,0.3894265294075012,0.03756858710562414,0.3156271278858185,0.23763203620910645,1.3226519494190774,0.009312747977674007,0.0009120653267018497
C03_s46,C03,control,none,control_none,test,196,166.55102040816325,0.5307375321580043,0.9496232011439117,0.14207854866981506,0.12972094118595123,0.28125,0.034094650205761315,0.44486352801322937,0.14056088030338287,3.1425597739985127,0.014121592976152897,0.0032902683597058058,0.18007627129554749,0.15912029147148132,0.3931530714035034,0.05354595336076817,0.39128217101097107,0.2674117386341095,1.4577684754106626,0.013999835588037968,0.0013868344249203801,0.14076709747314453,0.16152681410312653,0.3633282482624054,0.05182441700960219,0.3580867052078247,0.2106228470802307,1.6920985146375356,0.011722820810973644,0.0014418666251003742,0.15636293590068817,0.16468364000320435,0.36175668239593506,0.051776406035665294,0.35581719875335693,0.2203483134508133,1.6074990281433723,0.013344117440283298,0.0017871803138405085,0.12107209861278534,0.15126264095306396,0.35967743396759033,0.039746227709190673,0.28059229254722595,0.18588365614414215,1.5014276707579337,0.008215327747166157,0.0007633698987774551
C03_s47,C03,control,none,control_none,test,231,154.36363636363637,0.549310952735067,0.9523805592942016,0.1457722783088684,0.13355112075805664,0.29450756311416626,0.03232167352537723,0.4325995147228241,0.14370232820510864,2.9895822692613137,0.014897392131388187,0.003470554482191801,0.1911141276359558,0.14848153293132782,0.3887919783592224,0.03852194787379973,0.3606034815311432,0.2753143608570099,1.305047918655781,0.012757780030369759,0.0010859847534447908,0.14843781292438507,0.14615410566329956,0.3535926043987274,0.03719135802469136,0.3260783851146698,0.21449658274650574,1.5131487514038415,0.01060026977211237,0.0009749448508955538,0.16744209825992584,0.1416497379541397,0.33889809250831604,0.027314814814814816,0.2969036400318146,0.22739732265472412,1.299943609587113,0.013402143493294716,0.0021293885074555874,0.11747685074806213,0.12300071120262146,0.2991039454936981,0.016162551440329218,0.2337360680103302,0.170429989695549,1.363449116606923,0.007254306226968765,0.0005208954098634422
C03_s48,C03,control,none,control_none,test,201,164.92039800995025,0.5594724780478826,0.9542945402438932,0.12288562953472137,0.1030479371547699,0.24573864042758942,0.014296982167352538,0.36641982197761536,0.11610346287488937,3.129026358247747,0.011658133007586002,0.0017706399085000157,0.14669179916381836,0.10921362787485123,0.27591219544410706,0.0038820301783264745,0.24122293293476105,0.2083432823419571,1.1522840868651774,0.011432815343141556,0.0013390380190685391,0.08796965330839157,0.06556784361600876,0.17615658044815063,0.0005555555555555556,0.17505942285060883,0.11978591233491898,1.449336428947099,0.006958588492125273,0.0003303205012343824,0.12004634737968445,0.09094155579805374,0.21946829557418823,0.005531550068587105,0.17566895484924316,0.15687644481658936,1.1126989529902576,0.009499103762209415,0.000850418524350971,0.06349455565214157,0.04897218570113182,0.12204301357269287,0.00013374485596707818,0.10391109436750412,0.0879991427063942,1.1675516326073394,0.004517666529864073,0.0001269195054192096
C03_s49,C03,control,none,control_none,test,178,160.24157303370785,0.5498165179635613,0.9572693800313097,0.11863525211811066,0.10394900292158127,0.2192234843969345,0.01625514403292181,0.3809976279735565,0.12064670026302338,3.1320013378888776,0.010732130147516727,0.00182891427539289,0.14081905782222748,0.11012796312570572,0.2951010465621948,0.005483539094650206,0.2648286521434784,0.21598182618618011,1.2205107533579498,0.010121569968760014,0.0005046849837526679,0.08985649049282074,0.07814300060272217,0.19810201227664948,0.0016323731138545954,0.1998906433582306,0.13260796666145325,1.4960982369017695,0.0067623071372509,0.0002464994031470269,0.12794776260852814,0.10395583510398865,0.2618466019630432,0.008131001371742113,0.20758339762687683,0.1782756745815277,1.1579005244934992,0.009660699404776096,0.0008545062155462801,0.06659825891256332,0.06660111248493195,0.13763441145420074,0.001289437585733882,0.12690888345241547,0.09828981757164001,1.2781661458975653,0.004652603529393673,0.0002723715442698449
C04_s01,C04,control,none,control_none,test,404,186.4480198019802,0.5013624746749419,0.9459831615511057,0.2567746341228485,0.22638162970542908,0.5582386255264282,0.12704046639231825,0.5610432624816895,0.2024487555027008,2.757663771869283,0.03297540172934532,0.011197930201888084,0.4896780550479889,0.28973206877708435,0.8966419696807861,0.4466769547325103,0.7766682505607605,0.5252835154533386,1.4757601706216115,0.028319990262389183,0.005015466827899218,0.49887967109680176,0.31804636120796204,0.9474665522575378,0.4540912208504801,0.8158226609230042,0.5340601205825806,1.524730828443588,0.031107313930988312,0.0063512856140732765,0.4161003530025482,0.254253089427948,0.7693589925765991,0.32585733882030177,0.6475921869277954,0.43032461404800415,1.5014032722364457,0.026959797367453575,0.004336326848715544,0.5615605115890503,0.37250837683677673,1.0525089502334595,0.5191632373113855,0.8889082670211792,0.6092863082885742,1.4565430273439108,0.031973131000995636,0.007465329486876726
C04_s02,C04,control,none,control_none,test,180,162.82777777777778,0.559995771048716,0.9538637805466386,0.1291181594133377,0.11983976513147354,0.24573864042758942,0.024338134430727024,0.42351946234703064,0.12945961952209473,3.246364383849081,0.012280048802495003,0.002837242791429162,0.13742539286613464,0.11815586686134338,0.2929931581020355,0.015027434842249656,0.2806726098060608,0.21471799910068512,1.3011089059613357,0.01122292596846819,0.0008209123625420034,0.08892124146223068,0.09180605411529541,0.19691577553749084,0.004132373113854595,0.21747039258480072,0.1365804523229599,1.580677988136753,0.007888732478022575,0.0005109745543450117,0.1255560964345932,0.11803120374679565,0.24592262506484985,0.01602880658436214,0.22391998767852783,0.18685013055801392,1.1920140114535318,0.011319829151034355,0.001825215993449092,0.06904910504817963,0.0766175240278244,0.14390681684017181,0.0040157750342935524,0.1465628445148468,0.10835971683263779,1.3401904170906371,0.0059396494179964066,0.0003891342494171113
C04_s03,C04,control,none,control_none,test,171,169.1169590643275,0.5532153902623961,0.9580283407966633,0.11703577637672424,0.09274738281965256,0.20643939077854156,0.009245541838134431,0.34690189361572266,0.11577576398849487,2.9706668727074272,0.00967087596654892,0.001410998054780066,0.1432143747806549,0.11791293323040009,0.28536123037338257,0.007455418381344307,0.26211726665496826,0.22123382985591888,1.1794660913008026,0.012128159403800964,0.0013852142728865147,0.07095838338136673,0.059380363672971725,0.14819522202014923,0.0011282578875171467,0.16382260620594025,0.10362980514764786,1.5657355566586666,0.006414203438907862,0.0003388971963431686,0.09273967891931534,0.07854901254177094,0.16374723613262177,0.002911522633744856,0.1559896022081375,0.12511372566223145,1.2368963123484449,0.007089084479957819,0.0007504101959057152,0.0509391687810421,0.0441088005900383,0.0948028638958931,0.0004046639231824417,0.09734513610601425,0.07290241122245789,1.3172119081878138,0.003987631294876337,0.00018909925711341202
C04_s04,C04,control,none,control_none,test,140,168.37857142857143,0.5627014177775773,0.9558083865756487,0.11136699467897415,0.08750899881124496,0.17518939077854156,0.008861454046639232,0.3552054762840271,0.11651987582445145,3.0225140538322646,0.008386334404349327,0.0011135180247947574,0.1359635293483734,0.12364140897989273,0.298444539308548,0.009296982167352539,0.27563348412513733,0.22766268253326416,1.2054152477855244,0.011983666568994522,0.001261163386516273,0.06612984091043472,0.06095317378640175,0.14692425727844238,0.0004320987654320988,0.17061661183834076,0.1050838828086853,1.6083179397386465,0.0058858031406998634,0.00023978187527973205,0.08456211537122726,0.05992693826556206,0.1556439846754074,0.0016083676268861455,0.14701037108898163,0.11851131170988083,1.2300958711411019,0.005999865476042032,0.0003331907792016864,0.04920963943004608,0.043555848300457,0.09802867472171783,0.00018175582990397806,0.10316865146160126,0.07769397646188736,1.311010779987301,0.003801758401095867,0.00010670888150343671
C04_s05,C04,control,none,control_none,test,165,163.35151515151514,0.5585063539337846,0.9531545296481841,0.12015480548143387,0.10126062482595444,0.21496212482452393,0.016512345679012344,0.38700056076049805,0.12387608736753464,3.0990766040056976,0.010373855009675026,0.0015950504457578063,0.15124213695526123,0.1305842250585556,0.336386114358902,0.016954732510288065,0.2942025363445282,0.24931351840496063,1.1753361872712096,0.01266525499522686,0.0008540756534785032,0.07860422134399414,0.0792613998055458,0.17412303388118744,0.002414266117969822,0.19830113649368286,0.1263246387243271,1.5574451141622974,0.006645682733505964,0.0002588646311778575,0.10334618389606476,0.10305988788604736,0.20778214931488037,0.010229766803840877,0.19960922002792358,0.15545640885829926,1.2758136370668416,0.007841183803975582,0.0006862494628876448,0.06124216318130493,0.07321598380804062,0.12060932070016861,0.004794238683127572,0.13781657814979553,0.09942671656608582,1.3723099077834064,0.004738150164484978,0.00020970076730009168
C04_s06,C04,control,none,control_none,test,140,175.64285714285714,0.5184776698001051,0.9575876867438625,0.11082541942596436,0.08482452481985092,0.17471590638160706,0.007366255144032921,0.34330809116363525,0.1163061261177063,2.926599850541105,0.008161014877259731,0.0009835074888542295,0.12462053447961807,0.10347239673137665,0.27067887783050537,0.002788065843621399,0.2485857754945755,0.2138480246067047,1.1570307707023615,0.010833114385604858,0.0005895106005482376,0.05905716121196747,0.052081942558288574,0.1325199156999588,2.400548696844993e-05,0.15398326516151428,0.09643566608428955,1.5803583158995043,0.005265198182314634,0.0001704792957752943,0.07836338877677917,0.06727655977010727,0.1437010020017624,0.0025,0.1418289989233017,0.11690979450941086,1.202860199302457,0.0057715075090527534,0.0004176692455075681,0.044809404760599136,0.037535570561885834,0.092652328312397,0.0001268861454046639,0.0968579649925232,0.07265105843544006,1.3150926415731756,0.0034454120323061943,0.00010314863175153732
C04_s07,C04,control,none,control_none,test,216,144.29166666666666,0.5241253928407682,0.9523530243871342,0.1429605334997177,0.1257914900779724,0.2708333432674408,0.030476680384087792,0.44216081500053406,0.14925707876682281,2.942695403300789,0.013523049652576447,0.003054427681490779,0.19646009802818298,0.17269259691238403,0.4473033845424652,0.06464334705075446,0.397578626871109,0.3222097158432007,1.230094911701191,0.01358652114868164,0.0013142667012289166,0.14031249284744263,0.15251539647579193,0.38120657205581665,0.034756515775034295,0.33545929193496704,0.23500443994998932,1.42141093619278,0.00979791209101677,0.000815417617559433,0.16067306697368622,0.1693759262561798,0.38230374455451965,0.04628257887517147,0.32947126030921936,0.2527977228164673,1.2981647614997518,0.012923621572554111,0.0021191013511270285,0.12399306893348694,0.1461862474679947,0.35304659605026245,0.025390946502057612,0.2707962691783905,0.2130352258682251,1.265194867246345,0.007186957634985447,0.0005424426635727286
C04_s08,C04,control,none,control_none,test,143,166.67132867132867,0.5574095657295789,0.9557773779299528,0.1219901517033577,0.09661654382944107,0.19554924964904785,0.013028120713305898,0.38116711378097534,0.13196350634098053,2.8667047392950424,0.00881093181669712,0.0012147021479904652,0.1234222799539566,0.10687954723834991,0.2646460235118866,0.007290809327846365,0.27140089869499207,0.2101050764322281,1.285619954203806,0.010620977729558945,0.0005851020105183125,0.06223646178841591,0.05658506602048874,0.13421453535556793,0.0008539094650205761,0.17165732383728027,0.09941733628511429,1.709439128617142,0.005567170679569244,0.00018912336963694543,0.08255703002214432,0.06356595456600189,0.14678306877613068,0.0021776406035665294,0.15010479092597961,0.11821385473012924,1.2591220312922506,0.006293880753219128,0.0005031725740991533,0.04534528777003288,0.036982715129852295,0.09105734527111053,0.00021947873799725651,0.1016499474644661,0.07083196938037872,1.4151073448395848,0.0035248911008238792,0.00010430897964397445
C04_s09,C04,control,none,control_none,test,139,162.54676258992805,0.56808677200256,0.9556834417463355,0.11628611385822296,0.09012598544359207,0.17329545319080353,0.010737311385459533,0.3733898997306824,0.12152756750583649,3.04739502571857,0.008719486184418201,0.0014079344691708684,0.13956318795681,0.13037236034870148,0.30433201789855957,0.017966392318244172,0.2946884334087372,0.2522936463356018,1.1634260774875074,0.011547485366463661,0.0011399827199056745,0.0799344927072525,0.09475655108690262,0.17327570915222168,0.0102400548696845,0.2085854709148407,0.14468488097190857,1.4317578428406776,0.006498176604509354,0.0003738785453606397,0.09931813180446625,0.09278120845556259,0.18877612054347992,0.0068930041152263375,0.18610551953315735,0.15331390500068665,1.2060191175405044,0.0078588193282485,0.0008753621950745583,0.06950026750564575,0.09387145191431046,0.13333334028720856,0.010730452674897119,0.15548744797706604,0.12702426314353943,1.2145154688587052,0.004881077446043491,0.00032209919299930334
C04_s10,C04,control,none,control_none,test,228,142.5219298245614,0.5315871084595174,0.9518599013346314,0.1427524983882904,0.11947183310985565,0.2703598439693451,0.027397119341563785,0.41855958104133606,0.14651387929916382,2.837425081828952,0.013462499715387821,0.0026209880597889423,0.211111918091774,0.1903020143508911,0.45195522904396057,0.06854595336076817,0.3861745595932007,0.32848936319351196,1.1720395336901879,0.014680269174277782,0.002367699518799782,0.1555735021829605,0.16117696464061737,0.4001016914844513,0.04548353909465021,0.33104997873306274,0.24989059567451477,1.3194993532660757,0.0114233223721385,0.0012685067486017942,0.1619151383638382,0.1350143700838089,0.3459611237049103,0.025613854595336077,0.28192585706710815,0.22991681098937988,1.2208979322864209,0.012395071797072887,0.0014814913738518953,0.1355569213628769,0.14244970679283142,0.34856629371643066,0.020428669410150892,0.2594579756259918,0.21660687029361725,1.1923243750342294,0.008429031819105148,0.000769703823607415
C04_s11,C04,control,none,control_none,test,193,155.58549222797927,0.5594044548918456,0.9525902094810625,0.12886105477809906,0.10472115874290466,0.23768939077854156,0.015288065843621398,0.38601353764533997,0.12692731618881226,3.0174441952304347,0.011231322772800922,0.0019260740373283625,0.15434885025024414,0.11051253229379654,0.299607515335083,0.008669410150891633,0.2733912467956543,0.227367103099823,1.1971568719166634,0.01068826112896204,0.0005915308138355613,0.09956007450819016,0.09127727895975113,0.22182680666446686,0.0027743484224965705,0.21499641239643097,0.1476626694202423,1.4462030934522994,0.007081833202391863,0.0003786162706092,0.13368850946426392,0.12780612707138062,0.2794400155544281,0.020733882030178327,0.23197218775749207,0.18610112369060516,1.2398225258181066,0.009632573463022709,0.001239152392372489,0.08964255452156067,0.09478670358657837,0.21863798797130585,0.005675582990397806,0.17102913558483124,0.13491441309452057,1.258359078267074,0.005466090049594641,0.0003129276738036424
C04_s12,C04,control,none,control_none,test,307,133.6026058631922,0.5310081015470632,0.9498039127992891,0.17831768095493317,0.15714393556118011,0.374053031206131,0.057757201646090536,0.4965059459209442,0.1664159893989563,2.9657020676666592,0.02061779424548149,0.00532752787694335,0.27423742413520813,0.18572205305099487,0.532126784324646,0.12210562414266118,0.44628459215164185,0.3511263430118561,1.2673990486892242,0.018527798354625702,0.002245519310235977,0.23992042243480682,0.20099051296710968,0.5252584218978882,0.11541495198902606,0.4343053102493286,0.3129868805408478,1.3831957230226635,0.01775689795613289,0.002706442028284073,0.2294357568025589,0.16149787604808807,0.4326440393924713,0.0632681755829904,0.3512682318687439,0.2767556607723236,1.2646663290030247,0.019150560721755028,0.0029964037239551544,0.21572226285934448,0.1882670372724533,0.47544804215431213,0.08428326474622772,0.3563968241214752,0.2845868766307831,1.2479453829464222,0.013350835070014,0.0015114720445126295
C04_s13,C04,control,none,control_none,test,174,161.69540229885058,0.5283102713102584,0.956625255048913,0.1267896145582199,0.10983916372060776,0.2348484843969345,0.02015432098765432,0.40631720423698425,0.12950144708156586,3.113507270023055,0.011303193867206573,0.0019473275169730186,0.1418532133102417,0.11812067776918411,0.295173704624176,0.005325788751714678,0.27015426754951477,0.2241317480802536,1.1999829870872403,0.011414562352001667,0.001248246175237,0.08616374433040619,0.08143489807844162,0.19115404784679413,0.001237997256515775,0.20111097395420074,0.13627475500106812,1.4650251894649962,0.007208544760942459,0.00043014687253162265,0.11204053461551666,0.09961770474910736,0.21445994079113007,0.008436213991769548,0.19382910430431366,0.16201043128967285,1.1890595146017091,0.008636134676635265,0.0009860459249466658,0.07498588413000107,0.08180313557386398,0.1621863842010498,0.0029218106995884774,0.1487129181623459,0.12276088446378708,1.2016148624556724,0.005425880663096905,0.00029287036159075797
C04_s14,C04,control,none,control_none,test,158,179.15189873417722,0.5487456195625046,0.9569184209365046,0.12281391769647598,0.10004106909036636,0.22064393758773804,0.013631687242798354,0.37444406747817993,0.12549753487110138,2.960089837795902,0.009981838054955006,0.0015101341996341944,0.16137447953224182,0.16783227026462555,0.3266463279724121,0.020390946502057614,0.32013896107673645,0.25182339549064636,1.266255286443934,0.01241580955684185,0.0021042414009571075,0.09364450722932816,0.09934432059526443,0.20954075455665588,0.007455418381344307,0.2286210060119629,0.14494144916534424,1.5665255300634087,0.007145813666284084,0.0005741515778936446,0.12407584488391876,0.10766728967428207,0.24643631279468536,0.014149519890260632,0.23380298912525177,0.17705997824668884,1.3130574957239136,0.009247013367712498,0.0009540314204059541,0.07953260093927383,0.09782560914754868,0.1691756248474121,0.006834705075445816,0.1804952323436737,0.12403122335672379,1.4436012661309952,0.005319888703525066,0.0002860142267309129
C04_s15,C04,control,none,control_none,test,174,167.6494252873563,0.5629187186040379,0.9567691439532922,0.12009529769420624,0.09901261329650879,0.22206439077854156,0.013936899862825789,0.36933451890945435,0.11996358633041382,3.0532702453167326,0.010352135635912418,0.0014677938306704164,0.13177886605262756,0.13978467881679535,0.2687890827655792,0.011145404663923183,0.2476159930229187,0.19875936210155487,1.2395714044032349,0.01135455071926117,0.0015283887041732669,0.07100768387317657,0.06711046397686005,0.15285544097423553,0.0015877914951989026,0.16783550381660461,0.1020730584859848,1.6283159370828777,0.006419588811695576,0.00037640900700353086,0.10126161575317383,0.08515655249357224,0.18851928412914276,0.005754458161865569,0.1694328337907791,0.14063310623168945,1.196279869154417,0.008197239600121975,0.0007917872862890363,0.05445702746510506,0.046435192227363586,0.10716845840215683,0.0005246913580246914,0.10699870437383652,0.07905319333076477,1.3365950803703477,0.004350997507572174,0.0001654375810176134
C04_s16,C04,control,none,control_none,test,254,146.60629921259843,0.5265713730925244,0.9545821894687416,0.14473631978034973,0.12522050738334656,0.29876893758773804,0.03051440329218107,0.41629910469055176,0.13956142961978912,2.9616880378679826,0.0149659663438797,0.0029981269035488367,0.18012914061546326,0.13706520199775696,0.368440181016922,0.022294238683127573,0.31243664026260376,0.2527158856391907,1.231442956263763,0.011770540848374367,0.0011908093001693487,0.13944865763187408,0.1292572319507599,0.33418911695480347,0.01851508916323731,0.27610060572624207,0.1995403915643692,1.3767830189840815,0.009793959558010101,0.0007319910218939185,0.16586972773075104,0.13470682501792908,0.3475021719932556,0.029804526748971192,0.26943546533584595,0.22315531969070435,1.2020034398809736,0.012663831003010273,0.0013563667889684439,0.1319696307182312,0.13825517892837524,0.3469533920288086,0.02066872427983539,0.23988060653209686,0.19596827030181885,1.2178642081007387,0.007784723769873381,0.0005152939120307565
C04_s17,C04,control,none,control_none,test,235,145.7531914893617,0.5240527907481288,0.9549953946688773,0.1428704708814621,0.12076279520988464,0.2760416567325592,0.026093964334705077,0.41065001487731934,0.14336369931697845,2.844551759342615,0.013823687098920345,0.002977411262691021,0.19135120511054993,0.15427210927009583,0.40747201442718506,0.03875514403292181,0.34721502661705017,0.28202584385871887,1.2267961889387504,0.012210612185299397,0.0013754451647400856,0.1490129679441452,0.14750613272190094,0.3803592622280121,0.031796982167352536,0.3114131689071655,0.22787944972515106,1.360599080787396,0.010165659710764885,0.0007800932507961988,0.16273346543312073,0.13462990522384644,0.3386412262916565,0.027246227709190673,0.27867335081100464,0.23022733628749847,1.2051920645944463,0.012321206741034985,0.0012562789488583803,0.1383163332939148,0.14077559113502502,0.35537633299827576,0.0196159122085048,0.2558973729610443,0.21347831189632416,1.193115381683634,0.008231745101511478,0.0005616422276943922
C04_s18,C04,control,none,control_none,test,300,143.36333333333334,0.5299461274351304,0.9547980039048771,0.17455139756202698,0.1488691121339798,0.3641098439693451,0.05247599451303155,0.46787533164024353,0.16055233776569366,2.896122322406893,0.019460193812847137,0.004653181415051222,0.23990017175674438,0.17278248071670532,0.4971652925014496,0.09791495198902607,0.3972402513027191,0.30956050753593445,1.2791074256495898,0.015306935645639896,0.0014763163635507226,0.21208013594150543,0.18391892313957214,0.490679532289505,0.09406378600823045,0.3847767412662506,0.2743503749370575,1.397407725899073,0.01501700934022665,0.0018118543084710836,0.22409941256046295,0.16819974780082703,0.4574289321899414,0.07459533607681756,0.3439478278160095,0.27543190121650696,1.2442407200557606,0.016620323061943054,0.0021615640725940466,0.21477369964122772,0.2119830995798111,0.4978494644165039,0.09841906721536352,0.3644501864910126,0.27970048785209656,1.298359647607896,0.013664411380887032,0.0022563713137060404
C04_s19,C04,control,none,control_none,test,223,153.5829596412556,0.5714346542721618,0.9536742058512521,0.1311597377061844,0.11344145983457565,0.26846590638160706,0.02220164609053498,0.39506328105926514,0.1213163286447525,3.229849076051497,0.013428768143057823,0.0023492686450481415,0.13840734958648682,0.09086688607931137,0.26413723826408386,0.002006172839506173,0.23355232179164886,0.1901647001504898,1.2217335188337095,0.00994884129613638,0.00043593431473709643,0.09433438628911972,0.07232237607240677,0.19123877584934235,0.0003566529492455418,0.18851256370544434,0.1256815642118454,1.4880820652814248,0.0074812304228544235,0.00029347281088121235,0.13192598521709442,0.09267932176589966,0.23513542115688324,0.008227023319615912,0.1908690184354782,0.17112977802753448,1.1088669294916893,0.01077465619891882,0.0011231410317122936,0.08139622956514359,0.06799516081809998,0.1530465930700302,0.002681755829903978,0.13739489018917084,0.11103399842977524,1.2263678179378041,0.006012963596731424,0.00026354947476647794
C04_s20,C04,control,none,control_none,test,214,157.10747663551402,0.5439930160309565,0.95489929154835,0.1391904056072235,0.11982674896717072,0.27414771914482117,0.02310013717421125,0.4093951880931854,0.1348891705274582,3.012713864571436,0.013433059677481651,0.002753046341240406,0.15249711275100708,0.12740010023117065,0.3318069577217102,0.023401920438957478,0.29588979482650757,0.2243727594614029,1.3128906773543825,0.010506671853363514,0.0006778978859074414,0.1182333305478096,0.13071824610233307,0.31240466237068176,0.027479423868312758,0.2701006531715393,0.178334042429924,1.5061315158670054,0.008740457706153393,0.0006826197495684028,0.14474040269851685,0.11616697162389755,0.28162315487861633,0.01502400548696845,0.24815841019153595,0.1963229477405548,1.2576256995604023,0.011151528917253017,0.0013029692927375436,0.11279229819774628,0.1335963010787964,0.332974910736084,0.02856310013717421,0.23463964462280273,0.17642946541309357,1.322438998936911,0.00704557541757822,0.000488295394461602
C04_s21,C04,control,none,control_none,test,288,134.79166666666666,0.5147197784182211,0.9522350123298343,0.1730751395225525,0.15224145352840424,0.357528418302536,0.054742798353909466,0.49269434809684753,0.1695660501718521,2.8885839098720894,0.018676821142435074,0.004735975991934538,0.23318879306316376,0.18117894232273102,0.495638906955719,0.09676954732510289,0.4204570949077606,0.33151164650917053,1.2644883249109429,0.015757884830236435,0.0018390840850770473,0.2025240957736969,0.18987424671649933,0.49559396505355835,0.09689643347050754,0.4089304804801941,0.29618725180625916,1.3760027659153498,0.01503422949463129,0.001957481727004051,0.21430383622646332,0.18508470058441162,0.46872982382774353,0.08079218106995885,0.38516274094581604,0.29661381244659424,1.294169574252983,0.017359338700771332,0.0027185240760445595,0.2200123518705368,0.22010385990142822,0.550537645816803,0.1425,0.4095778465270996,0.33364346623420715,1.2239230340760578,0.013266333378851414,0.001612897147424519
C04_s22,C04,control,none,control_none,test,205,132.34634146341463,0.5369514571004432,0.9537255957109226,0.13946205377578735,0.1288806051015854,0.25236743688583374,0.03283264746227709,0.46737632155418396,0.15102745592594147,3.0742889085893883,0.013418201357126236,0.003209260758012533,0.18284514546394348,0.17354321479797363,0.43676406145095825,0.06545267489711934,0.40588095784187317,0.30932098627090454,1.3079391204549295,0.01344025507569313,0.0014263504417613149,0.14359329640865326,0.16972485184669495,0.40976107120513916,0.05506172839506173,0.37690606713294983,0.25515246391296387,1.4714130068294635,0.01098179817199707,0.001274861628189683,0.14287948608398438,0.13859592378139496,0.3251572251319885,0.02541838134430727,0.29557061195373535,0.2249949723482132,1.307863661224817,0.011308087036013603,0.0014510102337226272,0.12765273451805115,0.14817318320274353,0.3607527017593384,0.028041838134430726,0.2934706211090088,0.22475478053092957,1.2999530748311299,0.007913349196314812,0.000641650753095746
C04_s23,C04,control,none,control_none,test,211,155.90995260663507,0.5224915433022271,0.9530509826056509,0.14898443222045898,0.1366722285747528,0.2916666567325592,0.03607338820301783,0.45979994535446167,0.16202802956104279,2.820373567615857,0.01422807201743126,0.0031004028860479593,0.19063584506511688,0.16942453384399414,0.4328390657901764,0.058405349794238684,0.406093567609787,0.3076777160167694,1.315590813778489,0.011662757955491543,0.0008764846133999527,0.16193397343158722,0.1745942234992981,0.41680222749710083,0.05550068587105624,0.39085549116134644,0.267803430557251,1.454056930564732,0.010786550119519234,0.0010541931260377169,0.1631499081850052,0.15049557387828827,0.3711441159248352,0.03428326474622771,0.3269535005092621,0.24371770024299622,1.3360435317290436,0.012351111508905888,0.001556733506731689,0.16951480507850647,0.1889859437942505,0.4510752558708191,0.07133401920438957,0.3720366060733795,0.2847594618797302,1.3019222657619696,0.009584256447851658,0.0009012747323140502
C04_s24,C04,control,none,control_none,test,181,165.74585635359117,0.5352912865336842,0.9562939484319793,0.12546299397945404,0.10005903989076614,0.2296401560306549,0.014197530864197531,0.3746146559715271,0.12538382411003113,2.9641028716252764,0.010759642347693443,0.001744407112710178,0.13712812960147858,0.1108047291636467,0.2871783673763275,0.007506858710562414,0.261845201253891,0.21688948571681976,1.2017339909379487,0.010377522557973862,0.0006722714169882238,0.09389255195856094,0.09421645104885101,0.20682935416698456,0.006982167352537723,0.21495875716209412,0.148269385099411,1.440072637928635,0.007408525794744492,0.00044714563409797847,0.12469562143087387,0.09622452408075333,0.23526383936405182,0.009015775034293553,0.20821093022823334,0.1752876341342926,1.1810864173809388,0.00926138460636139,0.0007443083450198174,0.08639141917228699,0.09312771260738373,0.1779569834470749,0.005840192043895747,0.16984014213085175,0.13814496994018555,1.2205985038759302,0.005715813487768173,0.00026730995159596205
C04_s25,C04,control,none,control_none,test,219,156.64383561643837,0.5784423097659845,0.9524789678878851,0.1337713599205017,0.11218257248401642,0.26893940567970276,0.021920438957475995,0.3932788372039795,0.12085382640361786,3.2274639936321523,0.013319953344762325,0.0024263106752187014,0.13479065895080566,0.09651528298854828,0.2586858570575714,0.0063340192043895745,0.23534081876277924,0.18672698736190796,1.2536333857479922,0.009715145453810692,0.0005268801469355822,0.09283246845006943,0.078236885368824,0.18962886929512024,0.003010973936899863,0.18990308046340942,0.1275845170021057,1.4768736150426225,0.007302755024284124,0.00036194335552863777,0.13651582598686218,0.11874896287918091,0.2536277770996094,0.020233196159122085,0.21082803606987,0.18670868873596191,1.1231661010984346,0.010335812345147133,0.0012801227858290076,0.0842595174908638,0.07734512537717819,0.16379928588867188,0.004777091906721536,0.14610211551189423,0.11961986869573593,1.2112607739645063,0.006041713058948517,0.00035557590308599174
C04_s26,C04,control,none,control_none,test,254,156.78740157480314,0.5738202837729058,0.95520012787136,0.1381659358739853,0.12340234965085983,0.3030303120613098,0.025034293552812073,0.39769065380096436,0.120177261531353,3.281891740869777,0.015317549929022789,0.003207447472959757,0.14561711251735687,0.09772275388240814,0.2690071165561676,0.004550754458161866,0.24551187455654144,0.1860208511352539,1.3127513486663938,0.011143241077661514,0.0007168043521232903,0.10322199016809464,0.07996577769517899,0.20327062904834747,0.0024348422496570645,0.20068500936031342,0.12740091979503632,1.5629561663628475,0.008816178888082504,0.0005259176250547171,0.14102621376514435,0.09685582667589188,0.2499036192893982,0.008950617283950617,0.20844976603984833,0.17253002524375916,1.2012316931726201,0.011343593709170818,0.00122257845941931,0.08985386788845062,0.07541017234325409,0.17706093192100525,0.0028943758573388204,0.1468711495399475,0.11415436863899231,1.275428377366967,0.007024811580777168,0.0004687303153332323
C04_s27,C04,control,none,control_none,test,213,159.3849765258216,0.5211961227468248,0.9546493326094964,0.14258062839508057,0.12969130277633667,0.2859848439693451,0.030754458161865568,0.43387922644615173,0.14890605211257935,2.8943409577640584,0.014098159968852997,0.0030387050937861204,0.17252208292484283,0.15131786465644836,0.37614479660987854,0.029979423868312757,0.34194785356521606,0.2636489272117615,1.2920810115039805,0.011271572671830654,0.0014617909910157323,0.14141978323459625,0.14903412759304047,0.36867478489875793,0.0355761316872428,0.3232925534248352,0.22416478395462036,1.4358042485453297,0.009914666414260864,0.0008883170085027814,0.15804113447666168,0.1413009762763977,0.3318350315093994,0.022890946502057613,0.2886767089366913,0.22982631623744965,1.2506230383182622,0.012345955707132816,0.001821765094064176,0.14025400578975677,0.16015110909938812,0.3818996548652649,0.04379286694101509,0.2976744771003723,0.22683939337730408,1.3065101371974805,0.008270072750747204,0.0007161254179663956
C04_s28,C04,control,none,control_none,test,202,137.3019801980198,0.5323071092544194,0.9542088378531002,0.1313059777021408,0.11530677229166031,0.2391098439693451,0.024790809327846365,0.4268698990345001,0.1312333345413208,3.2281565046755296,0.012587683275341988,0.0025851598475128412,0.15172983705997467,0.1439213901758194,0.3406018316745758,0.020679012345679013,0.2912452220916748,0.23445336520671844,1.23695502009909,0.010934165678918362,0.0012825422454625368,0.11326372623443604,0.12253977358341217,0.30452466011047363,0.01613511659807956,0.2593875825405121,0.1831173300743103,1.4088167715435722,0.00864628329873085,0.0006871604127809405,0.13363628089427948,0.11261555552482605,0.28342100977897644,0.01603909465020576,0.23355090618133545,0.19115036725997925,1.2154590673529202,0.010971741750836372,0.0011840537190437317,0.10405611246824265,0.11793944984674454,0.29265233874320984,0.009142661179698216,0.2112773358821869,0.17099148035049438,1.2284174509785803,0.0069487690925598145,0.0005394386244006455
C04_s29,C04,control,none,control_none,test,217,152.42396313364054,0.5439294050295032,0.953037365563638,0.13528014719486237,0.11828000098466873,0.2642045319080353,0.02601508916323731,0.4101927876472473,0.13601550459861755,2.993769127434838,0.013110270723700523,0.0025989676360040903,0.1545466184616089,0.12882204353809357,0.32337549328804016,0.018141289437585733,0.306782990694046,0.2380490005016327,1.2833477238987692,0.01115533709526062,0.0009171847486868501,0.11526510864496231,0.1215231865644455,0.2871547341346741,0.01574417009602195,0.2667626738548279,0.1815672665834427,1.4611747157473245,0.008818932808935642,0.0006686304695904255,0.14737507700920105,0.14716102182865143,0.3453190326690674,0.03665637860082305,0.29090508818626404,0.22609511017799377,1.2809834961142799,0.011622754856944084,0.0013836135622113943,0.1045789122581482,0.12628120183944702,0.27437275648117065,0.013954046639231825,0.22239400446414948,0.16966263949871063,1.303120619236817,0.007247046567499638,0.0008156962576322258
C04_s30,C04,control,none,control_none,test,241,163.72614107883817,0.5317652259677386,0.9516124739616219,0.15972253680229187,0.1447882354259491,0.329071968793869,0.04251371742112483,0.4561138451099396,0.1665952056646347,2.721520841250335,0.01579432189464569,0.0032044081017374992,0.21572020649909973,0.19104662537574768,0.4918592870235443,0.0952400548696845,0.449912965297699,0.3098854422569275,1.4471985630188302,0.012444557622075081,0.0010342082241550088,0.18907707929611206,0.2058887928724289,0.493145227432251,0.09646433470507544,0.4456620514392853,0.27725932002067566,1.6016069161894415,0.012163963168859482,0.0013519487110897899,0.19193719327449799,0.177745521068573,0.42326945066452026,0.0626474622770919,0.3697924017906189,0.2608189284801483,1.4123975066938577,0.014367257244884968,0.0020643898751586676,0.17614755034446716,0.1957794427871704,0.46612903475761414,0.08029149519890261,0.38556107878685,0.26173704862594604,1.4674789140064,0.009725159034132957,0.0009183831862173975
C04_s31,C04,control,none,control_none,test,230,150.4304347826087,0.542558843802689,0.9543467260466225,0.1312539279460907,0.11141276359558105,0.2642045319080353,0.015905349794238684,0.3787500262260437,0.12021829187870026,3.1245286528624594,0.012925713323056698,0.002691371599212289,0.14759087562561035,0.1053975522518158,0.2754760980606079,0.006820987654320988,0.246067613363266,0.19885610044002533,1.2312239297249183,0.011059725657105446,0.0009470517979934812,0.100233294069767,0.07867279648780823,0.20225384831428528,0.00294238683127572,0.19627974927425385,0.13166530430316925,1.4795107907468532,0.007889540866017342,0.00043337620445527136,0.1366468220949173,0.10657276213169098,0.2360343635082245,0.008295610425240055,0.2020886093378067,0.17371506989002228,1.156675319793623,0.01125036459416151,0.0015643645310774446,0.0837373360991478,0.06788484007120132,0.17025089263916016,0.001440329218106996,0.13931134343147278,0.11119319498538971,1.2417093875400778,0.005882551893591881,0.00028073840076103806
C04_s32,C04,control,none,control_none,test,243,162.65432098765433,0.5622509132030112,0.953525920199888,0.13995109498500824,0.12080352008342743,0.2964015007019043,0.024012345679012347,0.3938170373439789,0.1265135258436203,3.0884334405978797,0.01476219855248928,0.002853270387277007,0.1579691469669342,0.10753259062767029,0.28623345494270325,0.013069272976680384,0.2669990062713623,0.20460480451583862,1.2986029528837892,0.010972204618155956,0.0006764885038137436,0.11304111778736115,0.09348420053720474,0.21826809644699097,0.00953360768175583,0.2221253365278244,0.14093752205371857,1.5649514893162462,0.008696834556758404,0.0005183989414945245,0.15130719542503357,0.11171840876340866,0.26890966296195984,0.013950617283950617,0.22354236245155334,0.1855570524930954,1.198252006365864,0.012219681404531002,0.0016071462305262685,0.1002151146531105,0.10049978643655777,0.19838710129261017,0.009218106995884774,0.17579177021980286,0.12708251178264618,1.372488466794893,0.007467292249202728,0.000691747001837939
C04_s33,C04,control,none,control_none,test,323,150.13931888544892,0.5311984256425017,0.9502808907645576,0.20864246785640717,0.186136856675148,0.4337121248245239,0.07578189300411522,0.538952648639679,0.1982136368751526,2.705400378677094,0.02377908304333687,0.006926262751221657,0.2985050678253174,0.22093674540519714,0.6144788265228271,0.19399862825788752,0.5222432017326355,0.3842637836933136,1.3555470922446304,0.019121218472719193,0.0026695120614022017,0.2893834710121155,0.24956795573234558,0.6536180377006531,0.20922839506172838,0.5450341105461121,0.37653958797454834,1.4436475747355408,0.02043865993618965,0.0036501167342066765,0.24780890345573425,0.1749187856912613,0.47540760040283203,0.08348765432098765,0.39816704392433167,0.30403220653533936,1.3053278814288163,0.019345687702298164,0.002614554949104786,0.28366997838020325,0.2534400522708893,0.6440860033035278,0.21518175582990398,0.5048250555992126,0.3768375813961029,1.3360901097606368,0.016675038263201714,0.0025702135171741247
C04_s34,C04,control,none,control_none,test,231,148.5887445887446,0.5437686649906062,0.953476043474205,0.15050169825553894,0.12962132692337036,0.29356059432029724,0.033717421124828534,0.44005653262138367,0.1507849395275116,2.899210778033889,0.014759392477571964,0.003321995260193944,0.18648891150951385,0.13682633638381958,0.37374618649482727,0.03375857338820302,0.33773255348205566,0.2683185636997223,1.2540262685293828,0.013218930922448635,0.0010999874211847782,0.14168769121170044,0.14249716699123383,0.3507879972457886,0.03609053497942387,0.30630427598953247,0.21154247224330902,1.4411438464820772,0.010712366551160812,0.0010755958501249552,0.16380062699317932,0.14344929158687592,0.35753169655799866,0.03664609053497942,0.2922780513763428,0.23036935925483704,1.2632530613287436,0.012698049657046795,0.0015443485463038087,0.14196990430355072,0.16705410182476044,0.4008960425853729,0.05521604938271605,0.2845785617828369,0.22081662714481354,1.2829451310566051,0.00887983851134777,0.0009115105494856834
C04_s35,C04,control,none,control_none,test,169,151.72189349112426,0.5382537065640985,0.9551536480691486,0.12300845235586166,0.10033774375915527,0.2083333283662796,0.016406035665294926,0.38721147179603577,0.13389275968074799,2.870513381981753,0.009979062713682652,0.0016723036533221602,0.1465737372636795,0.1577552855014801,0.3348597288131714,0.021450617283950618,0.3243812918663025,0.2580028474330902,1.252423651250019,0.011755184270441532,0.002577070612460375,0.10038492828607559,0.12160597741603851,0.2764785587787628,0.01465363511659808,0.2597718834877014,0.18285657465457916,1.4129050537123748,0.008034974336624146,0.0007678976398892701,0.11227405071258545,0.09954729676246643,0.23076917231082916,0.009327846364883402,0.21149571239948273,0.17345036566257477,1.2123546522600117,0.00876887608319521,0.000799850735347718,0.09478872269392014,0.12340220808982849,0.26505374908447266,0.012781207133058985,0.22228389978408813,0.1706361174583435,1.2950881380664938,0.006271996069699526,0.0005368153215385973
C04_s36,C04,control,none,control_none,test,260,136.85,0.5254762453159341,0.9505443464395235,0.1699989140033722,0.1589418649673462,0.3475378751754761,0.05384087791495199,0.5156378149986267,0.17668750882148743,2.9019362048497106,0.018199488520622253,0.0046408455818891525,0.24526949226856232,0.20287349820137024,0.5236226320266724,0.11457475994513032,0.4702540636062622,0.3650849759578705,1.2845489284989933,0.015764247626066208,0.002121077850461006,0.21118725836277008,0.21245600283145905,0.5184714198112488,0.11006515775034294,0.452321857213974,0.32499343156814575,1.3875183160536182,0.014656203798949718,0.0020642655435949564,0.20688188076019287,0.19045090675354004,0.4629509449005127,0.0783676268861454,0.398842990398407,0.3024802505970001,1.3142304634776438,0.01675722748041153,0.0025965094100683928,0.20435354113578796,0.21403898298740387,0.5213261842727661,0.1126440329218107,0.4024334251880646,0.32074475288391113,1.250784734112717,0.011950538493692875,0.0014715366996824741
C04_s37,C04,control,none,control_none,test,165,152.75757575757575,0.5655837372104212,0.9537985584473411,0.11632547527551651,0.09050267934799194,0.1927083283662796,0.011104252400548697,0.36272963881492615,0.1144639402627945,3.1414971461164236,0.009596256539225578,0.0014154489617794752,0.1287887990474701,0.11540059000253677,0.26660850644111633,0.005857338820301783,0.2436252385377884,0.20735938847064972,1.169254912514328,0.01092661451548338,0.0016106804832816124,0.0741284042596817,0.06747240573167801,0.15971869230270386,0.0005075445816186557,0.170873761177063,0.11495884507894516,1.4735724649614401,0.006236771587282419,0.0002761881332844496,0.09818566590547562,0.08140785992145538,0.1835109293460846,0.0037962962962962963,0.16500639915466309,0.14208391308784485,1.1532141915447836,0.008000772446393967,0.0007943155360408127,0.061337850987911224,0.06435137242078781,0.12401434034109116,0.0016838134430727024,0.11531181633472443,0.09138430655002594,1.2481753735119858,0.004887634422630072,0.0004014018049929291
C04_s38,C04,control,none,control_none,test,193,157.13989637305698,0.5617398026481633,0.9556900249590204,0.12322603166103363,0.10490162670612335,0.2348484843969345,0.015984224965706447,0.38276639580726624,0.11838633567094803,3.206115621659123,0.011333208531141281,0.0019752043299376965,0.13292625546455383,0.09862972050905228,0.26580896973609924,0.003247599451303155,0.24791637063026428,0.19503572583198547,1.264648928546543,0.010367265902459621,0.0005328363622538745,0.08146125823259354,0.06774275749921799,0.1744619607925415,0.0008401920438957476,0.18392249941825867,0.1139490008354187,1.6000356513023946,0.006720777601003647,0.00027630222029984,0.11350814998149872,0.10152388364076614,0.20380115509033203,0.006100823045267489,0.19766084849834442,0.15239234268665314,1.2885965820479195,0.00889601930975914,0.001154498546384275,0.06540777534246445,0.054684389382600784,0.13225805759429932,0.0009910836762688615,0.12627647817134857,0.09170275926589966,1.3621652599266143,0.004868506453931332,0.00020816172764170915
C04_s39,C04,control,none,control_none,test,304,130.43421052631578,0.5150012529497098,0.9509872189569182,0.1691437065601349,0.15377022325992584,0.35748106241226196,0.05214677640603566,0.48579806089401245,0.1569952815771103,3.0747630944720115,0.01964675635099411,0.0054149022325873375,0.24051086604595184,0.18064376711845398,0.5018171072006226,0.10122427983539095,0.4169946610927582,0.32423141598701477,1.282147543549136,0.016527526080608368,0.0017279734602198005,0.20513154566287994,0.1909944862127304,0.49254363775253296,0.09534293552812072,0.3955770432949066,0.2811098098754883,1.4022094569114705,0.01564144343137741,0.002110853558406234,0.20552092790603638,0.1777934581041336,0.43469876050949097,0.06480109739368999,0.34252914786338806,0.26688987016677856,1.2786192611543759,0.017612216994166374,0.003034676657989621,0.18505802750587463,0.18240511417388916,0.44354838132858276,0.06239368998628258,0.3283066749572754,0.25672924518585205,1.2738433107214084,0.011787589639425278,0.0013899728655815125
C04_s40,C04,control,none,control_none,test,191,154.06806282722513,0.552071481113193,0.9540280531707398,0.13083094358444214,0.11108557879924774,0.2447916716337204,0.022846364883401922,0.4075750410556793,0.1315467208623886,3.074953785381292,0.012201042845845222,0.002211066661402583,0.15899091958999634,0.13271133601665497,0.3313054144382477,0.017911522633744854,0.3004327416419983,0.24610057473182678,1.2158318205777214,0.011821373365819454,0.0013513925950974226,0.1120191216468811,0.11951876431703568,0.28029146790504456,0.015089163237311385,0.25352850556373596,0.1760585755109787,1.4318905753763713,0.008520105853676796,0.0006345084984786808,0.11931466311216354,0.0911058709025383,0.23346596956253052,0.006313443072702332,0.20074637234210968,0.16721411049365997,1.1933979364333758,0.009346277453005314,0.0007378912414424121,0.0910998210310936,0.09906993806362152,0.23978494107723236,0.004296982167352538,0.1777712106704712,0.1440945565700531,1.2252093729280704,0.005868266336619854,0.00029236296541057527
C04_s41,C04,control,none,control_none,test,232,137.375,0.5244041280353606,0.9540761750930176,0.15053431689739227,0.13871386647224426,0.29498106241226196,0.03854252400548697,0.4727584719657898,0.1575760692358017,2.9812724848337657,0.015720348805189133,0.0036850348114967346,0.2047135978937149,0.16328246891498566,0.42368078231811523,0.0527400548696845,0.39500895142555237,0.3049456775188446,1.2911081294855749,0.014272956177592278,0.0013542913366109133,0.1655532270669937,0.16585507988929749,0.40865954756736755,0.050480109739369,0.3606341779232025,0.2544981837272644,1.4114940962091818,0.01268222089856863,0.0014910915633663535,0.1794697791337967,0.17694348096847534,0.4036213159561157,0.058871742112482854,0.3448437750339508,0.2645683288574219,1.2985124262279417,0.015063324011862278,0.0023341698106378317,0.15046828985214233,0.16390927135944366,0.3933691680431366,0.04286351165980796,0.288623183965683,0.2375996857881546,1.2096545014813755,0.01007117424160242,0.0010869838297367096
C04_s42,C04,control,none,control_none,test,177,153.9322033898305,0.5529007098760511,0.9555094101219653,0.11993017047643661,0.10989420115947723,0.2182765156030655,0.016814128943758572,0.3997035622596741,0.1166938841342926,3.396128568614484,0.011257307603955269,0.002497678389772773,0.13113032281398773,0.12462721019983292,0.2756941318511963,0.010716735253772291,0.2712104618549347,0.21138279139995575,1.2769888749799678,0.011585220694541931,0.0012691888259723783,0.07648915797472,0.07380127161741257,0.16861549019813538,0.00291838134430727,0.18625867366790771,0.11598951369524002,1.5920971699490538,0.006892826408147812,0.0003793198266066611,0.10293282568454742,0.08586294949054718,0.19776545464992523,0.005360082304526749,0.17838598787784576,0.14912904798984528,1.1882176718386424,0.008609339594841003,0.000840517517644912,0.05703404173254967,0.05488072708249092,0.11648745834827423,0.0010802469135802468,0.11337023228406906,0.08530854433774948,1.313545873748254,0.00471853744238615,0.0003205449611414224
C04_s43,C04,control,none,control_none,test,224,151.94196428571428,0.5525457058017726,0.9523697823565536,0.138746976852417,0.12123051285743713,0.27272728085517883,0.026618655692729767,0.41276851296424866,0.13691413402557373,2.992938438693369,0.013825762085616589,0.002896134043112397,0.15271614491939545,0.10980994999408722,0.3038959205150604,0.007167352537722908,0.2835513949394226,0.21731099486351013,1.298841568271453,0.010813001543283463,0.000569873780477792,0.11060801148414612,0.09856373816728592,0.2469073086977005,0.004753086419753087,0.2434149831533432,0.15722212195396423,1.5384383684613103,0.008522063493728638,0.0004686444590333849,0.15250149369239807,0.1406766027212143,0.3257993161678314,0.02642318244170096,0.2697952389717102,0.2116096466779709,1.2689698853615774,0.012361198663711548,0.001879386487416923,0.09073831140995026,0.09503355622291565,0.2173835188150406,0.006728395061728395,0.17994433641433716,0.13451872766017914,1.3278189628931416,0.006545336917042732,0.00046088825911283493
C04_s44,C04,control,none,control_none,test,205,151.7170731707317,0.5366684729859368,0.9546526806422898,0.13469235599040985,0.12753696739673615,0.26751893758773804,0.027314814814814816,0.4347672760486603,0.1304216831922531,3.3081852666020977,0.013415969908237457,0.003357787150889635,0.17697833478450775,0.1420634239912033,0.36502400040626526,0.02744170096021948,0.32421284914016724,0.2693789005279541,1.199105582969287,0.013173431158065796,0.0012438257690519094,0.12176287919282913,0.12072518467903137,0.28029146790504456,0.01778463648834019,0.25870564579963684,0.18583615124225616,1.3846658908328346,0.009348290972411633,0.0007682793075218797,0.14313188195228577,0.12002909183502197,0.2867599129676819,0.014910836762688614,0.23526743054389954,0.20011655986309052,1.1698063585815963,0.011735248379409313,0.0015879892744123936,0.09599298983812332,0.10483499616384506,0.23046594858169556,0.008017832647462277,0.18026800453662872,0.14627251029014587,1.2240438095438007,0.0066957054659724236,0.0005500889965333045
C04_s45,C04,control,none,control_none,test,190,167.06842105263158,0.5549400667489894,0.9566495199389454,0.12596826255321503,0.10558140277862549,0.23863635957241058,0.016752400548696846,0.37872257828712463,0.1266685575246811,2.966451455472185,0.011201982386410236,0.0017826067050918937,0.1586478054523468,0.12914788722991943,0.32998982071876526,0.012030178326474622,0.2979534864425659,0.24559858441352844,1.2082530285044901,0.011951676569879055,0.0011452474864199758,0.1004217267036438,0.09877093881368637,0.2314014583826065,0.0063443072702331965,0.22335368394851685,0.15190865099430084,1.460700114062491,0.007598522584885359,0.0004100194782949984,0.11923450231552124,0.10169930011034012,0.23744696378707886,0.009615912208504801,0.2104925513267517,0.16770179569721222,1.2477196846472576,0.008864440955221653,0.0007475612801499665,0.07917123287916183,0.08634662628173828,0.1922939121723175,0.0035116598079561042,0.15589402616024017,0.11999280005693436,1.2884570494019703,0.005132157355546951,0.0002829130389727652
C04_s46,C04,control,none,control_none,test,191,154.58638743455498,0.5528082596999055,0.9544004628889009,0.12329243868589401,0.10535664856433868,0.23106060922145844,0.016200274348422496,0.38916313648223877,0.11831996589899063,3.2615089482315285,0.011523598805069923,0.001961721805855632,0.1418076753616333,0.10923045873641968,0.284997820854187,0.006087105624142661,0.2573757767677307,0.21355441212654114,1.199582773510778,0.01221764087677002,0.0010858793975785375,0.08204527944326401,0.06740095466375351,0.1687002182006836,0.0010150891632373113,0.17856544256210327,0.11775077134370804,1.5036992226793184,0.007204428315162659,0.00034072494599968195,0.10343574732542038,0.08432203531265259,0.19031715393066406,0.0038580246913580245,0.1688709557056427,0.14443223178386688,1.1611659508643801,0.008648189716041088,0.0008013317710720003,0.06224066764116287,0.057483963668346405,0.1181003600358963,0.001440329218106996,0.11360952258110046,0.08975563198328018,1.2518178772864546,0.004836946725845337,0.0002568370837252587
C04_s47,C04,control,none,control_none,test,294,130.62244897959184,0.5193299726831139,0.9515998150383154,0.17880837619304657,0.1593179851770401,0.36268940567970276,0.05816529492455418,0.509311854839325,0.17367210984230042,2.915816699638815,0.020253809168934822,0.005504963453859091,0.28659558296203613,0.19474485516548157,0.5533508062362671,0.15034293552812072,0.4910583794116974,0.38189375400543213,1.282492530303147,0.019785404205322266,0.002437670947983861,0.26000693440437317,0.2070857584476471,0.5503304600715637,0.140960219478738,0.48137056827545166,0.3526272475719452,1.3612372111612163,0.0200157780200243,0.0031486968509852886,0.2260916829109192,0.1737339049577713,0.4458840489387512,0.07036351165980796,0.38655954599380493,0.281373530626297,1.3689652324579649,0.019883934408426285,0.003138116328045726,0.23382265865802765,0.1872490495443344,0.4865591526031494,0.08887174211248286,0.391170859336853,0.31967228651046753,1.219846166295023,0.014428999274969101,0.001615341054275632
C04_s48,C04,control,none,control_none,test,185,166.24324324324326,0.5880435404579177,0.9535200197754915,0.12318461388349533,0.10721912980079651,0.24100378155708313,0.017373113854595335,0.38624125719070435,0.1191655695438385,3.2142423046544693,0.011581886559724808,0.00200677034445107,0.15436387062072754,0.1263941079378128,0.3077482283115387,0.008861454046639232,0.28045886754989624,0.23179756104946136,1.204732842928318,0.01283339411020279,0.0019093961454927921,0.0901004821062088,0.07743147015571594,0.19089984893798828,0.0021296296296296298,0.19950421154499054,0.1299879401922226,1.5230731260619983,0.007314493414014578,0.00037560248165391386,0.1206265538930893,0.10019838064908981,0.23564909398555756,0.009372427983539095,0.20140767097473145,0.1644873470067978,1.2170578271851693,0.00966724008321762,0.0010273848893120885,0.06747262924909592,0.06154533103108406,0.1344086080789566,0.0014814814814814814,0.12900644540786743,0.09738969802856445,1.311178385468917,0.004715427290648222,0.00018430527416057885
C04_s49,C04,control,none,control_none,test,183,156.96174863387978,0.5706837320857209,0.9513620884661868,0.12854644656181335,0.11011170595884323,0.23721590638160706,0.02218792866941015,0.41009384393692017,0.1261148303747177,3.2261683607492353,0.011820410378277302,0.002167009050026536,0.15603125095367432,0.12563000619411469,0.3185782730579376,0.020517832647462278,0.29732567071914673,0.23859861493110657,1.2409323434721808,0.01143115758895874,0.0007836128934286535,0.10263501107692719,0.10350523889064789,0.23072360455989838,0.01127914951989026,0.23555639386177063,0.15572553873062134,1.5029866591598908,0.007711261976510286,0.00045638420851901174,0.13427801430225372,0.12291481345891953,0.26274552941322327,0.01656378600823045,0.23116914927959442,0.19530317187309265,1.177612909021369,0.01068425178527832,0.0014329433906823397,0.08237902820110321,0.08936166018247604,0.18853046000003815,0.004550754458161866,0.16489414870738983,0.1273682564496994,1.2845399109397653,0.005458955653011799,0.0002788350102491677
D01_s01,D01,5,high,5_high,test,341,147.77126099706746,0.5743669961946662,0.9480052293276373,0.1954030841588974,0.18249204754829407,0.43939393758773804,0.07643004115226337,0.5202252864837646,0.1727651208639145,2.9938418245119696,0.024772344157099724,0.006920662242919207,0.2558017075061798,0.1921984702348709,0.5363425016403198,0.12832990397805213,0.460697740316391,0.319176584482193,1.4388864228202587,0.016650022938847542,0.0015872668009251356,0.24285174906253815,0.21277262270450592,0.5628706812858582,0.14251714677640603,0.47435635328292847,0.30159151554107666,1.5676459151034419,0.01762605458498001,0.002136539202183485,0.2464112639427185,0.17598594725131989,0.47116976976394653,0.08265432098765432,0.40259647369384766,0.29670968651771545,1.3523123093607867,0.020923901349306107,0.003547583008185029,0.2005774974822998,0.19380363821983337,0.47992831468582153,0.08529492455418382,0.3681160509586334,0.2596117854118347,1.4125073061331967,0.0138228265568614,0.001734745572321117
D01_s02,D01,5,high,5_high,test,205,158.73170731707316,0.5930138854289702,0.9543489990370421,0.1253872960805893,0.11898442357778549,0.25804924964904785,0.025017146776406037,0.4060770571231842,0.12075059860944748,3.3353187726476925,0.013164055533707142,0.002664583967998624,0.14464470744132996,0.11309826374053955,0.2975723147392273,0.00946159122085048,0.2736932933330536,0.21153272688388824,1.2877701112007038,0.010728109627962112,0.0006016664556227624,0.10338481515645981,0.09349458664655685,0.2214878797531128,0.005277777777777778,0.22778421640396118,0.1456492692232132,1.5532584486135652,0.008620253764092922,0.0005052279448136687,0.1447082906961441,0.12282142788171768,0.28329259157180786,0.015133744855967078,0.24933452904224396,0.19896595180034637,1.2468849161440696,0.012559718452394009,0.0016864421777427197,0.06590618938207626,0.06052118539810181,0.1363799273967743,0.0006310013717421125,0.12355712056159973,0.09518249332904816,1.2846113287882934,0.005054363049566746,0.00020000658696517348
D01_s03,D01,5,high,5_high,test,289,133.5363321799308,0.5336104505572631,0.9506872858290814,0.16696670651435852,0.15628868341445923,0.3579545319080353,0.05486968449931413,0.49650833010673523,0.157486230134964,3.132816836414859,0.020154478028416634,0.005492853932082653,0.26271653175354004,0.18494558334350586,0.5186073780059814,0.11512002743484225,0.44005200266838074,0.3546203374862671,1.2374208004495078,0.01699727401137352,0.0024222726933658123,0.2259434163570404,0.18347328901290894,0.4973733127117157,0.09825102880658436,0.4169524013996124,0.3078886568546295,1.3498469178032664,0.01601775363087654,0.0020850608125329018,0.2608828544616699,0.20775474607944489,0.5072555541992188,0.10465020576131687,0.4395630955696106,0.3422618508338928,1.2805474727289714,0.021831711754202843,0.004409906920045614,0.16886495053768158,0.15195181965827942,0.3677419424057007,0.023981481481481482,0.28245899081230164,0.23370884358882904,1.2034441757427894,0.011050296947360039,0.0012988883536309004
D01_s04,D01,5,high,5_high,test,325,129.68307692307692,0.5268074810349364,0.9495975948936953,0.1914418786764145,0.17130780220031738,0.41287878155708313,0.0687482853223594,0.5343133807182312,0.17432598769664764,3.047542396525439,0.02323145978152752,0.006525652948766947,0.3253153860569,0.19296355545520782,0.58460533618927,0.17322016460905348,0.5033043622970581,0.4080519378185272,1.230416765609714,0.018642760813236237,0.002024279208853841,0.302651584148407,0.20049457252025604,0.5763429999351501,0.16042866941015088,0.4924851953983307,0.38235151767730713,1.2846830459476326,0.019393784925341606,0.0023985959123820066,0.2958063781261444,0.19767171144485474,0.5434697270393372,0.1319238683127572,0.45101481676101685,0.3580782413482666,1.2560349384232998,0.024374544620513916,0.0044420026242733,0.23339827358722687,0.16789129376411438,0.44767025113105774,0.06279492455418381,0.3374803364276886,0.30146166682243347,1.1157788686849153,0.014224597252905369,0.0015817151870578527
D01_s05,D01,5,high,5_high,test,116,145.27586206896552,0.5620939658114492,0.9553714434454172,0.09817307442426682,0.08814165741205215,0.13257575035095215,0.008017832647462277,0.37583938241004944,0.10464771836996078,3.557477513086674,0.007665526587516069,0.0015659889904782176,0.1125946044921875,0.17606696486473083,0.2567306458950043,0.014300411522633744,0.34784141182899475,0.23025038838386536,1.5041765519182329,0.01257901918143034,0.003705610055476427,0.06529469788074493,0.08764524012804031,0.15717674791812897,0.005061728395061729,0.22893503308296204,0.12532442808151245,1.812278405370961,0.007229554932564497,0.0007477476028725505,0.08451952785253525,0.10448890924453735,0.1678438037633896,0.009248971193415638,0.23020397126674652,0.14741137623786926,1.5511207907524729,0.009251945652067661,0.00160150823649019,0.04383021965622902,0.056085456162691116,0.09462365508079529,0.002085048010973937,0.12326110154390335,0.08159554749727249,1.4923455958443006,0.004466565325856209,0.0003343720454722643
D01_s06,D01,5,high,5_high,test,219,143.47488584474885,0.5264915395306757,0.9508280799821521,0.14179658889770508,0.13879144191741943,0.27840909361839294,0.03612825788751715,0.4655429720878601,0.14870768785476685,3.109679795064958,0.015179063193500042,0.00377883343026042,0.2262672334909439,0.1866706907749176,0.5007268786430359,0.1005761316872428,0.4490618109703064,0.3554106652736664,1.2599561537405137,0.015346459113061428,0.0015890744980424643,0.18421302735805511,0.1835695207118988,0.4673784077167511,0.07802126200274348,0.41116204857826233,0.300132155418396,1.3653873928109395,0.013510244898498058,0.0015680433716624975,0.2047702819108963,0.19505088031291962,0.4592267870903015,0.07645061728395061,0.4236147105693817,0.305755615234375,1.3809517724580889,0.017744889482855797,0.0034585099201649427,0.13176852464675903,0.14223028719425201,0.3313620090484619,0.015034293552812071,0.2689266800880432,0.2186611145734787,1.22427986678582,0.009252462536096573,0.0011686078505590558
D01_s07,D01,5,high,5_high,test,216,147.13888888888889,0.5366654136630024,0.9526127115863459,0.12928767502307892,0.1159866601228714,0.2556818127632141,0.022712620027434842,0.4044985771179199,0.12669125199317932,3.167786131030545,0.013112231157720089,0.002631968818604946,0.19052259624004364,0.15839917957782745,0.38784706592559814,0.020819615912208506,0.33967125415802,0.2898073196411133,1.1680285577997485,0.013387531973421574,0.0024291258305311203,0.13729515671730042,0.1302664875984192,0.34333163499832153,0.00937928669410151,0.281229168176651,0.21198154985904694,1.3204391101612836,0.009618702344596386,0.0007873239228501916,0.15335580706596375,0.1369847059249878,0.3278540372848511,0.021594650205761318,0.2749316692352295,0.21717646718025208,1.2601343893248012,0.012700791470706463,0.00157791911624372,0.0982276052236557,0.0985875278711319,0.25322580337524414,0.001903292181069959,0.1732916682958603,0.15440775454044342,1.1150773576794892,0.0061234477907419205,0.00031353923259302974
D01_s08,D01,5,high,5_high,test,308,131.16233766233765,0.5577045135841933,0.9484300692203983,0.16889996826648712,0.15620382130146027,0.3631628751754761,0.05288065843621399,0.4878822863101959,0.15357506275177002,3.1562806938249763,0.020686162635684013,0.005480538588017225,0.26248857378959656,0.1746354103088379,0.49316760897636414,0.09439300411522633,0.4205380976200104,0.33040302991867065,1.2689627422030942,0.015553000383079052,0.001812277128919959,0.2253432273864746,0.1674204021692276,0.4605998992919922,0.07479766803840877,0.38921964168548584,0.28276151418685913,1.3716435183284994,0.014690373092889786,0.0014191331574693322,0.2505671977996826,0.16585375368595123,0.45717209577560425,0.07228395061728395,0.3778603672981262,0.29895859956741333,1.2597083992359588,0.020319649949669838,0.0029821950010955334,0.16396628320217133,0.12324769049882889,0.3310035765171051,0.012520576131687243,0.24639500677585602,0.20654918253421783,1.18716442901544,0.009472578763961792,0.0006847420590929687
D01_s09,D01,5,high,5_high,test,184,155.52717391304347,0.5362473249648342,0.9557389744105748,0.11879812180995941,0.1054663360118866,0.22159090638160706,0.016872427983539096,0.3899826407432556,0.11424995958805084,3.3837985031596416,0.01153483521193266,0.0020754991564899683,0.146122545003891,0.11825557798147202,0.29924407601356506,0.008017832647462277,0.2793887257575989,0.22882814705371857,1.2156419017392868,0.011422092095017433,0.0010126496199518442,0.09723342210054398,0.0900164321064949,0.21522623300552368,0.0033093278463648835,0.21874797344207764,0.150222048163414,1.4465349206598073,0.007945950143039227,0.0004475959576666355,0.13183334469795227,0.12417760491371155,0.2650570869445801,0.018453360768175584,0.24714793264865875,0.1948317438364029,1.2620422399706823,0.01138986088335514,0.001617808360606432,0.07071194052696228,0.07974689453840256,0.15179210901260376,0.004471879286694101,0.13544410467147827,0.11246446520090103,1.1937138595035892,0.005510460119694471,0.0005233658594079316
D01_s10,D01,5,high,5_high,test,206,145.20873786407768,0.5490492099050345,0.9529267146794894,0.125309020280838,0.1163766160607338,0.24053029716014862,0.022983539094650205,0.40991491079330444,0.12480439990758896,3.2583511474512186,0.012962326407432556,0.002788158832117915,0.1719093918800354,0.15669642388820648,0.3736734986305237,0.02938957475994513,0.32862403988838196,0.26667165756225586,1.22771324719708,0.013001207262277603,0.0017505665309727192,0.12980447709560394,0.1385675072669983,0.3318081796169281,0.023237311385459532,0.287369042634964,0.2033805400133133,1.406048944856711,0.01066527422517538,0.0010752499802038074,0.15001478791236877,0.14296376705169678,0.3218183219432831,0.026121399176954732,0.2904840111732483,0.2197856456041336,1.315683410388387,0.013074706308543682,0.002200809773057699,0.09194934368133545,0.10299186408519745,0.23709677159786224,0.007424554183813443,0.17672209441661835,0.14720259606838226,1.1924358891464821,0.007056041620671749,0.0005901303375139832
D01_s11,D01,5,high,5_high,test,220,139.1409090909091,0.5367097611661166,0.9507598082467922,0.13949206471443176,0.13438743352890015,0.2765151560306549,0.03736968449931413,0.46560564637184143,0.14354021847248077,3.2212878276539256,0.014793304726481438,0.003507011104375124,0.20448671281337738,0.17991283535957336,0.42746037244796753,0.05594307270233196,0.40992411971092224,0.31450748443603516,1.2992532346535468,0.01516903005540371,0.0018689519492909312,0.16071170568466187,0.1643107384443283,0.3990848958492279,0.05043552812071331,0.3633149266242981,0.2560523748397827,1.4133887183526213,0.012270631268620491,0.0013813860714435577,0.1802993267774582,0.1704608052968979,0.39976873993873596,0.050006858710562416,0.36216679215431213,0.2672065198421478,1.3503280694573134,0.01573122851550579,0.00262054312042892,0.13177798688411713,0.1556529849767685,0.36469534039497375,0.03296639231824417,0.266724169254303,0.22044691443443298,1.2044609875712489,0.008646400645375252,0.0008736029849387705
D01_s12,D01,5,high,5_high,test,232,143.5301724137931,0.5657518372610909,0.9532716261983851,0.13174757361412048,0.11972162872552872,0.26799243688583374,0.026210562414266118,0.4107394218444824,0.12314793467521667,3.308467619046725,0.014314658008515835,0.0028906778898090124,0.17501896619796753,0.13994871079921722,0.3698211908340454,0.03417352537722908,0.32165879011154175,0.25324952602386475,1.2651303431784953,0.013446679338812828,0.001034387620165944,0.1311260610818863,0.13226109743118286,0.32367396354675293,0.027266803840877915,0.27935996651649475,0.18835996091365814,1.4752852987959457,0.010653175413608551,0.0008191474480554461,0.15253345668315887,0.13628755509853363,0.3175804913043976,0.02413923182441701,0.2703741490840912,0.20537634193897247,1.310102439765327,0.013586842454969883,0.0019080431666225195,0.09103955328464508,0.1034364253282547,0.23673835396766663,0.0057201646090534975,0.1671510934829712,0.13520456850528717,1.2272062186848214,0.006751213222742081,0.0004995936760678887
D01_s13,D01,5,high,5_high,test,224,145.99107142857142,0.5140740613259798,0.9519748089819036,0.13946668803691864,0.12807776033878326,0.2765151560306549,0.030462962962962963,0.4330316185951233,0.1412801444530487,3.043514049411302,0.01456496212631464,0.003077317960560322,0.20376603305339813,0.17023451626300812,0.4329190254211426,0.055185185185185184,0.37132927775382996,0.30111098289489746,1.2291154535186597,0.014639168977737427,0.001961267087608576,0.1630852371454239,0.16335101425647736,0.40865954756736755,0.04892318244170096,0.3399854004383087,0.24548600614070892,1.3793294222318842,0.012715090997517109,0.0014682651963084936,0.18067646026611328,0.1591869294643402,0.38949522376060486,0.04569958847736626,0.33102667331695557,0.2477394938468933,1.3308167038432284,0.01528162881731987,0.0022358610294759274,0.1146111711859703,0.12139999866485596,0.2919354736804962,0.010589849108367628,0.21538688242435455,0.17332641780376434,1.23553782116266,0.008251243270933628,0.0007698471890762448
D01_s14,D01,5,high,5_high,test,210,141.15714285714284,0.5306155075559408,0.951513932059218,0.1297380030155182,0.1176445335149765,0.2443181872367859,0.02680384087791495,0.42237675189971924,0.12903627753257751,3.2481455168839535,0.013157247565686703,0.0028748889453709126,0.1750452071428299,0.13895446062088013,0.3736734986305237,0.027493141289437587,0.33507344126701355,0.2777768075466156,1.2019415969923692,0.013003740459680557,0.0010497686453163624,0.13537108898162842,0.13696695864200592,0.3400271236896515,0.025781893004115226,0.3014613389968872,0.22089987993240356,1.3585466521600649,0.01087162084877491,0.0011307906825095415,0.15759731829166412,0.14104017615318298,0.34674447774887085,0.03232853223593964,0.29882243275642395,0.23588432371616364,1.2614698519032224,0.013279303908348083,0.0018488201312720776,0.10936225950717926,0.12330184131860733,0.30232974886894226,0.012740054869684499,0.21353407204151154,0.18737362325191498,1.1335667295412644,0.007477162405848503,0.0005845396080985665
D01_s15,D01,5,high,5_high,test,226,159.50884955752213,0.5614084308842708,0.9490162487542056,0.1433870494365692,0.13718388974666595,0.3068181872367859,0.03808641975308642,0.44618403911590576,0.14095690846443176,3.1430949288931584,0.015417644754052162,0.0032459658104926348,0.20465297996997833,0.17084428668022156,0.46445703506469727,0.07323388203017833,0.39473220705986023,0.3057428002357483,1.286850764733475,0.01258449163287878,0.0008626353228464723,0.16934771835803986,0.1706811785697937,0.44441619515419006,0.06586076817558299,0.36575841903686523,0.2547016143798828,1.4304110669144101,0.010984520427882671,0.0007515616598539054,0.17840567231178284,0.14833243191242218,0.3833310902118683,0.03929355281207133,0.3294704854488373,0.2508465051651001,1.3082194062325785,0.014026937074959278,0.0017009989824146032,0.1251753866672516,0.13089688122272491,0.3378136157989502,0.006790123456790123,0.2402539849281311,0.1925177127122879,1.241509015173863,0.006908532697707415,0.0003670615842565894
D01_s16,D01,5,high,5_high,test,187,164.6042780748663,0.5493743668928454,0.9549201206085396,0.12243277579545975,0.11626771092414856,0.25331440567970276,0.021896433470507546,0.40808993577957153,0.11868733167648315,3.409633501418892,0.012264995835721493,0.0020393519662320614,0.1403907984495163,0.10030554234981537,0.28100013732910156,0.0020816186556927296,0.2585591971874237,0.2056502252817154,1.2511924283409008,0.010769752785563469,0.0004936186014674604,0.09521600604057312,0.07734323292970657,0.20504999160766602,0.0006515775034293552,0.2040558159351349,0.13195198774337769,1.5348083123736438,0.007969818077981472,0.0003653659368865192,0.12455184012651443,0.08492759615182877,0.2383459061384201,0.0030486968449931415,0.2076646238565445,0.1674243062734604,1.2329848847313758,0.009578386321663857,0.0006451572990044951,0.06558288633823395,0.0533284991979599,0.13333334028720856,0.00048353909465020576,0.11469939351081848,0.09085579216480255,1.2486898300874834,0.004861598834395409,0.0001732593955239281
D01_s17,D01,5,high,5_high,test,194,153.0979381443299,0.5440252642563834,0.9551375345377207,0.11922493577003479,0.10785812139511108,0.23248106241226196,0.0196639231824417,0.3915565311908722,0.11793839186429977,3.292095386976564,0.011615854687988758,0.0019525715615600348,0.14103735983371735,0.10936751216650009,0.29408344626426697,0.005246913580246914,0.26222845911979675,0.21697856485843658,1.2030011266937999,0.010816304013133049,0.0006372574716806412,0.09929533302783966,0.09313654154539108,0.22165735065937042,0.0037757201646090536,0.2167053520679474,0.15048860013484955,1.4305060042474766,0.008424771949648857,0.0005772949079982936,0.1245628222823143,0.11097856611013412,0.25016045570373535,0.008991769547325102,0.22037146985530853,0.1794506460428238,1.2212284892735208,0.010281315073370934,0.0013431947445496917,0.07161017507314682,0.06883891671895981,0.1575268805027008,0.0008847736625514403,0.12955743074417114,0.11070259660482407,1.1598426060095364,0.005291642155498266,0.0002635435084812343
D01_s18,D01,5,high,5_high,test,309,150.82200647249192,0.5483844991261492,0.9463152650089879,0.2108919471502304,0.20146283507347107,0.4640151560306549,0.08835390946502057,0.5830823183059692,0.20414800941944122,2.8422518939182666,0.025540247559547424,0.007406188175082207,0.32747673988342285,0.25033819675445557,0.6912341713905334,0.2445679012345679,0.6039022207260132,0.4379204511642456,1.3758807982725572,0.01938929595053196,0.0027961458545178175,0.31993284821510315,0.28179696202278137,0.7356380224227905,0.25679355281207134,0.6378892660140991,0.43478667736053467,1.4637649546279294,0.021277178078889847,0.0037639066576957703,0.28956249356269836,0.21968108415603638,0.5763450264930725,0.1574519890260631,0.5119457840919495,0.36896857619285583,1.3837547755004043,0.022097483277320862,0.003819273551926017,0.2722131013870239,0.24885408580303192,0.6279569864273071,0.2076028806584362,0.5071262121200562,0.38279715180397034,1.3213391754899677,0.014888288453221321,0.0018384309951215982
D01_s19,D01,5,high,5_high,test,242,156.46694214876032,0.5552865851947464,0.9570588675425237,0.1326298862695694,0.12028644233942032,0.28977271914482117,0.025977366255144033,0.3971416652202606,0.11794651299715042,3.3388256218135193,0.014506169594824314,0.002585027599707246,0.14635556936264038,0.10499011725187302,0.2742404341697693,0.008203017832647463,0.2552321255207062,0.18929089605808258,1.341273444015953,0.011260486207902431,0.000772581493947655,0.11143819987773895,0.0944785550236702,0.22445347905158997,0.006903292181069959,0.21700508892536163,0.13951300084590912,1.5443773004558923,0.009732400998473167,0.0006509130471386015,0.13906735181808472,0.11312572658061981,0.24643631279468536,0.010555555555555556,0.22493349015712738,0.17244815826416016,1.296834122704004,0.012019787915050983,0.00177109579090029,0.0801670178771019,0.07548107951879501,0.15824373066425323,0.0036213991769547325,0.1328306794166565,0.10267285257577896,1.2812484282668388,0.0065244329161942005,0.0004109685542061925
D01_s20,D01,5,high,5_high,test,261,149.38697318007664,0.5623487038063247,0.9507102155489411,0.15307283401489258,0.14535275101661682,0.34375,0.04718449931412894,0.4652542173862457,0.138103649020195,3.3446586100606197,0.018262682482600212,0.004330136347562075,0.19658459722995758,0.14807699620723724,0.40391045808792114,0.05194787379972565,0.34585776925086975,0.2647198438644409,1.3015880343031958,0.013476409949362278,0.001157874008640647,0.16734372079372406,0.15546542406082153,0.38891711831092834,0.05661179698216735,0.32987040281295776,0.22578510642051697,1.4545505567781625,0.012709046714007854,0.0013069228734821081,0.19576726853847504,0.15464666485786438,0.38666999340057373,0.045709876543209876,0.3220980763435364,0.25264933705329895,1.269855778396355,0.015958130359649658,0.0023131989873945713,0.12788313627243042,0.12770631909370422,0.33189964294433594,0.020456104252400548,0.22166110575199127,0.17899549007415771,1.231481442455405,0.008774052374064922,0.0006979891913942993
D01_s21,D01,5,high,5_high,test,219,165.33333333333334,0.5324918111779354,0.951812090365026,0.14504015445709229,0.14796002209186554,0.30587121844291687,0.04026406035665295,0.4617607593536377,0.1529504507780075,2.999411544559129,0.015590870752930641,0.0040245819836854935,0.19979993999004364,0.19964388012886047,0.4919319748878479,0.09572702331961591,0.4628865122795105,0.31354573369026184,1.471603212826667,0.014000046998262405,0.0015681283548474312,0.17504236102104187,0.2127636820077896,0.49720385670661926,0.0986522633744856,0.46240168809890747,0.28237712383270264,1.6317537627768979,0.013241814449429512,0.0019417229341343045,0.17526955902576447,0.17390762269496918,0.4037497341632843,0.055757887517146776,0.37264859676361084,0.2621991038322449,1.415842954393666,0.014571500942111015,0.0024168326053768396,0.13768936693668365,0.17696091532707214,0.40412187576293945,0.05428326474622771,0.34868717193603516,0.2275264710187912,1.5258064870190178,0.008788162842392921,0.000955291441641748
D01_s22,D01,5,high,5_high,test,140,157.21428571428572,0.5511038073193388,0.9561550174366064,0.10599275678396225,0.09137411415576935,0.1567234843969345,0.011189986282578876,0.37422439455986023,0.10951831936836243,3.3860847386988744,0.008604160510003567,0.0013672661734744906,0.11951904743909836,0.12247214466333389,0.26435527205467224,0.0043895747599451305,0.26307523250579834,0.2123870551586151,1.2328546936000826,0.00926388893276453,0.001341957482509315,0.0779128223657608,0.08197270333766937,0.1832740157842636,0.0019272976680384088,0.2058008462190628,0.1368442326784134,1.492995696810836,0.00628431374207139,0.0003917246067430824,0.10519576817750931,0.08977903425693512,0.21638622879981995,0.005960219478737997,0.2063480168581009,0.1645958423614502,1.2460941888124215,0.008207637816667557,0.0006313435733318329,0.06153223291039467,0.07246571034193039,0.13315412402153015,0.0016152263374485598,0.13241983950138092,0.11039668321609497,1.1887233594244793,0.004044190980494022,0.00016170753224287182
D01_s23,D01,5,high,5_high,test,167,147.21556886227546,0.5647246657314715,0.9528133617023308,0.1136413961648941,0.10240444540977478,0.19412878155708313,0.01623113854595336,0.3957258462905884,0.11593186110258102,3.3842431186777167,0.01042104046791792,0.001905490760691464,0.12020932137966156,0.09947782009840012,0.2553423345088959,0.0035905349794238682,0.2470201700925827,0.20101037621498108,1.222809316634814,0.00923627894371748,0.0004479397612158209,0.08439850062131882,0.08746962994337082,0.1941196471452713,0.0026371742112482853,0.20955200493335724,0.14355121552944183,1.4496730737672434,0.006949909962713718,0.0004115761548746377,0.11617506295442581,0.10850535333156586,0.23975850641727448,0.010840192043895748,0.22393576800823212,0.18152372539043427,1.2268858063751102,0.009576178155839443,0.0011853808537125587,0.06523913890123367,0.07418832927942276,0.14390681684017181,0.001834705075445816,0.1337060034275055,0.11243461072444916,1.178705534171566,0.004560841713100672,0.0002154551912099123
D01_s24,D01,5,high,5_high,test,248,147.69758064516128,0.5384041219354602,0.9502410194955807,0.14458662271499634,0.13372470438480377,0.3072916567325592,0.035877914951989026,0.4379536211490631,0.13707564771175385,3.171838252487023,0.015921050682663918,0.0035286252386868,0.19031397998332977,0.1632721722126007,0.3955516815185547,0.03935185185185185,0.3534281253814697,0.27178269624710083,1.2956398270266969,0.01318396721035242,0.0012458187993615866,0.16322632133960724,0.15748567879199982,0.398491770029068,0.04630658436213992,0.33518123626708984,0.23731252551078796,1.406477630786204,0.01208373811095953,0.0012925391783937812,0.18604080379009247,0.16672997176647186,0.3838447630405426,0.04210219478737997,0.3406014144420624,0.2543370723724365,1.3339285646122654,0.015469898469746113,0.002787491772323847,0.12381559610366821,0.12679605185985565,0.3026881814002991,0.010799039780521262,0.23259933292865753,0.18191960453987122,1.2715932418165574,0.00828902143985033,0.0008088386966846883
D01_s25,D01,5,high,5_high,test,369,182.02439024390245,0.5380488408680303,0.9441565099702269,0.2695980668067932,0.22459760308265686,0.5743371248245239,0.13359396433470508,0.5979579091072083,0.22445382177829742,2.6522411746704253,0.03256149962544441,0.010456841439008713,0.40066421031951904,0.26926931738853455,0.7568759918212891,0.334537037037037,0.6648649573326111,0.4442127048969269,1.4933647445809903,0.02372140996158123,0.003806750988587737,0.408664345741272,0.29794085025787354,0.8169801831245422,0.36277091906721537,0.7077499032020569,0.4523136615753174,1.5612807713373211,0.026322687044739723,0.005129766184836626,0.3602934181690216,0.23164309561252594,0.6803645491600037,0.2565294924554184,0.5715222954750061,0.3929334878921509,1.4508091163640158,0.025306541472673416,0.0044600991532206535,0.3588123023509979,0.2856590747833252,0.7557347416877747,0.32170096021947875,0.6051765084266663,0.4082692861557007,1.4786756028314214,0.019865771755576134,0.0030691013671457767
D01_s26,D01,5,high,5_high,test,278,144.29496402877697,0.5554572123812817,0.9510317633409072,0.15312255918979645,0.1502169817686081,0.3546401560306549,0.049945130315500685,0.4697599709033966,0.13777972757816315,3.384932216694399,0.019170282408595085,0.004766837228089571,0.18341371417045593,0.13903535902500153,0.3624800145626068,0.03232853223593964,0.33081817626953125,0.24190880358219147,1.3619027856995494,0.01274662185460329,0.0009218319319188595,0.15238460898399353,0.1418992280960083,0.3324012756347656,0.03454732510288066,0.31058889627456665,0.19735336303710938,1.5658363010283796,0.01192017924040556,0.001010696403682232,0.18586109578609467,0.14732465147972107,0.36111459136009216,0.03410836762688615,0.30542561411857605,0.23239104449748993,1.3086432462572952,0.015789562836289406,0.002305361907929182,0.11662918329238892,0.11805595457553864,0.2632616460323334,0.014050068587105623,0.2098337560892105,0.15426164865493774,1.3514847865331954,0.008017131127417088,0.0004858409520238638
D01_s27,D01,5,high,5_high,test,221,147.7601809954751,0.5230287785815674,0.9547549817346873,0.13151484727859497,0.11838999390602112,0.265625,0.024921124828532235,0.41306814551353455,0.12486111372709274,3.281936201591214,0.013492034748196602,0.002616271609440446,0.1661590188741684,0.12620775401592255,0.3430004417896271,0.015960219478738,0.2983150780200958,0.2430877834558487,1.2221630832829284,0.012512932531535625,0.0011075264774262905,0.1348285973072052,0.1267353594303131,0.32367396354675293,0.01709533607681756,0.2736968696117401,0.1999446004629135,1.362051376256083,0.01097889058291912,0.0010849342215806246,0.15734758973121643,0.1323971003293991,0.33889809250831604,0.023415637860082304,0.2802850306034088,0.2124747484922409,1.3129657375546515,0.012668918818235397,0.0013835250865668058,0.11714398860931396,0.12320679426193237,0.3050179183483124,0.012842935528120714,0.20445628464221954,0.18020404875278473,1.1283207304112595,0.008048638701438904,0.000732976128347218
D01_s28,D01,5,high,5_high,test,232,161.3448275862069,0.5474505100656428,0.9506696773636217,0.15334726870059967,0.15047670900821686,0.3267045319080353,0.040991083676268865,0.4688122868537903,0.15975552797317505,2.916305851280088,0.016506271436810493,0.0037485675420612097,0.22279511392116547,0.2007531225681305,0.47935745120048523,0.08665637860082305,0.44853416085243225,0.3352528512477875,1.3339192788640586,0.013423549942672253,0.0024210764095187187,0.19587290287017822,0.20020678639411926,0.48364683985710144,0.09079218106995884,0.44472184777259827,0.30107221007347107,1.4722368789384215,0.01218532957136631,0.00118351262062788,0.18634966015815735,0.16019296646118164,0.4042634069919586,0.05046639231824417,0.36069250106811523,0.2644665241241455,1.3587118084216045,0.014010440558195114,0.0016508752014487982,0.16272184252738953,0.17314457893371582,0.41075268387794495,0.05209190672153635,0.33658644556999207,0.2562788724899292,1.3082552885611205,0.008529539220035076,0.0007470453274436295
D01_s29,D01,5,high,5_high,test,173,161.2543352601156,0.5706932524591363,0.9530487086465984,0.1137329638004303,0.11005733907222748,0.21685606241226196,0.015349794238683127,0.3864382803440094,0.11313747614622116,3.385726523766344,0.011150375939905643,0.002416847739368677,0.1257423758506775,0.10288102924823761,0.2581043839454651,0.004358710562414266,0.25922855734825134,0.1969294548034668,1.3097017702880616,0.010250135324895382,0.0007903004880063236,0.0837397649884224,0.07408814877271652,0.18124046921730042,0.0018278463648834019,0.20178909599781036,0.12406942993402481,1.6134166127106826,0.007243318948894739,0.0004030984709970653,0.11355579644441605,0.09328038990497589,0.21869777143001556,0.007215363511659808,0.20433805882930756,0.16475936770439148,1.2327391305794297,0.009382364340126514,0.0009570172405801713,0.0604061558842659,0.0542554147541523,0.11989247053861618,0.0008299039780521262,0.12159647047519684,0.08987320959568024,1.3380893116487553,0.0046125357039272785,0.00022159602667670697
D01_s30,D01,5,high,5_high,test,166,166.74698795180723,0.5504668949661101,0.9581926523691667,0.11216490715742111,0.10698071122169495,0.21259470283985138,0.018545953360768176,0.3922803997993469,0.11228954046964645,3.4626356340853035,0.010771272704005241,0.001882574986666441,0.1106179803609848,0.08717440068721771,0.23419101536273956,0.002239368998628258,0.22439371049404144,0.1758740097284317,1.2686641233416396,0.00932227075099945,0.00044422835344448686,0.07410642504692078,0.06332556903362274,0.16446365416049957,0.00036694101508916323,0.18313683569431305,0.11184438318014145,1.6229149429791183,0.006777408067137003,0.0002677974116522819,0.09994777292013168,0.07455315440893173,0.1840246170759201,0.002424554183813443,0.1771477311849594,0.14372128248214722,1.2240613691826032,0.00852828100323677,0.0007225985755212605,0.054518841207027435,0.04537247121334076,0.10967741906642914,0.0005658436213991769,0.1100105568766594,0.08304400742053986,1.3089637233287554,0.004457191564142704,0.00020560210396070033
D01_s31,D01,5,high,5_high,test,320,132.88125,0.5157589910589849,0.9489806729359976,0.19018815457820892,0.1771584451198578,0.4109848439693451,0.07079561042524006,0.5379319787025452,0.1860014647245407,2.8766190654973562,0.022702224552631378,0.00616431375965476,0.2950901687145233,0.19557344913482666,0.5679604411125183,0.15959533607681756,0.5103176236152649,0.3890504837036133,1.308337368972573,0.01746978797018528,0.0019093735609203577,0.2906028628349304,0.2195168137550354,0.5989663004875183,0.17887860082304527,0.5338656902313232,0.39041751623153687,1.3639289712203972,0.020040102303028107,0.0030494718812406063,0.26825451850891113,0.17995508015155792,0.5035313963890076,0.10251714677640604,0.446638286113739,0.3347465991973877,1.3302838723651742,0.02069234289228916,0.0030377109069377184,0.2597171366214752,0.2011827677488327,0.5148745775222778,0.11362139917695473,0.4416526257991791,0.3560143709182739,1.237072403173037,0.014369838871061802,0.0016160487430170178
D01_s32,D01,5,high,5_high,test,222,156.43243243243242,0.5560686474139622,0.9567536718450822,0.12924696505069733,0.11956433951854706,0.2798295319080353,0.02589849108367627,0.4057888388633728,0.11904212087392807,3.380387116698352,0.013851037248969078,0.0025967243127524853,0.14767076075077057,0.11990994215011597,0.28477975726127625,0.0028703703703703703,0.2528437674045563,0.2078399509191513,1.2107059319432625,0.010844345204532146,0.001303985365666449,0.10483936220407486,0.08716078102588654,0.21648873388767242,0.0021810699588477368,0.21065956354141235,0.14312492311000824,1.4616456265556463,0.008169053122401237,0.00041314546251669526,0.13592711091041565,0.10062896460294724,0.25426986813545227,0.009310699588477366,0.21400460600852966,0.18108071386814117,1.1753282457114436,0.01085797417908907,0.0010426267981529236,0.07445429265499115,0.06461416929960251,0.14265233278274536,0.0007133058984910836,0.12318632006645203,0.10318024456501007,1.1824345448678792,0.00522969476878643,0.00018632085993885994
D01_s33,D01,5,high,5_high,test,255,146.35686274509803,0.5483121645227027,0.9537277633987647,0.14876817166805267,0.14402002096176147,0.31486743688583374,0.03893689986282579,0.4525133967399597,0.14253240823745728,3.1526914534265336,0.017161358147859573,0.004787898156791925,0.19099867343902588,0.14853398501873016,0.39941126108169556,0.041522633744855965,0.35558536648750305,0.26933765411376953,1.3153379156640077,0.013284831307828426,0.0011676696594804525,0.15638524293899536,0.1533677577972412,0.38747671246528625,0.04574074074074074,0.3306886553764343,0.2233983427286148,1.473667993066981,0.011997979134321213,0.001289553358219564,0.18088878691196442,0.15101468563079834,0.371773362159729,0.03884087791495199,0.32120949029922485,0.24188341200351715,1.3224842637445058,0.015085235238075256,0.0023129733745008707,0.11800789088010788,0.12883982062339783,0.3243727684020996,0.016796982167352537,0.22257190942764282,0.17609110474586487,1.2568215086073653,0.007689936552196741,0.0006152164423838258
D01_s34,D01,5,high,5_high,test,301,142.04318936877075,0.5388560871203278,0.9487541277015772,0.1763697862625122,0.17346283793449402,0.3844696879386902,0.0643278463648834,0.5150510668754578,0.17487844824790955,2.928449005585194,0.021403159946203232,0.006192807573825121,0.26644089818000793,0.20724555850028992,0.5737752318382263,0.15897462277091906,0.5026049613952637,0.3714544177055359,1.3494401932228532,0.016554251313209534,0.0018577799201011658,0.2534773647785187,0.23034335672855377,0.6009998321533203,0.16934156378600823,0.5216273069381714,0.3601604700088501,1.4443089713705077,0.017796991392970085,0.0027752246242016554,0.229782372713089,0.17831529676914215,0.46810057759284973,0.0789883401920439,0.4149003028869629,0.2971104681491852,1.3917669696836406,0.018135197460651398,0.0025866134092211723,0.21802440285682678,0.2140754610300064,0.5046594738960266,0.10332304526748971,0.4263872504234314,0.3163062036037445,1.3437721846620703,0.013656231574714184,0.0021066179033368826
D01_s35,D01,5,high,5_high,test,168,153.33333333333334,0.545512717899182,0.9513608801525912,0.11169017851352692,0.09615132957696915,0.1875,0.012253086419753086,0.3734687864780426,0.10750412195920944,3.441977868992321,0.010004105046391487,0.0017266530776396394,0.11878407746553421,0.10175831615924835,0.2639191746711731,0.002884087791495199,0.24767513573169708,0.20134271681308746,1.2240378088848392,0.009278741665184498,0.0005193409160710871,0.0852411538362503,0.0880846381187439,0.20572784543037415,0.0018621399176954733,0.21129752695560455,0.14663423597812653,1.4312230869465155,0.006917322054505348,0.000374689232558012,0.1136520728468895,0.11065378040075302,0.23975850641727448,0.01106310013717421,0.22769275307655334,0.1777270883321762,1.2739689053366727,0.009507611393928528,0.00110297289211303,0.07167573273181915,0.08265548944473267,0.17652329802513123,0.001491769547325103,0.15001896023750305,0.12762396037578583,1.1663375921500934,0.004846820142120123,0.00023572870122734457
D01_s36,D01,5,high,5_high,test,231,152.0,0.5522221158925077,0.9523822479320274,0.14012327790260315,0.13657645881175995,0.297821968793869,0.037331961591220854,0.44658714532852173,0.14184504747390747,3.1263747202023,0.015349355526268482,0.00348450499586761,0.20410466194152832,0.16474705934524536,0.4459223747253418,0.06248285322359397,0.3884424865245819,0.30916887521743774,1.2523580460878674,0.013027516193687916,0.000998904462903738,0.1621859073638916,0.16028380393981934,0.40874427556991577,0.048429355281207134,0.3551671504974365,0.25220951437950134,1.402661157373118,0.010741627775132656,0.000869744922965765,0.17740778625011444,0.15745408833026886,0.38050588965415955,0.040480109739369,0.3338277339935303,0.2537882924079895,1.3102161439151836,0.01443229615688324,0.0020791031420230865,0.12220355123281479,0.1253022849559784,0.31630823016166687,0.0100960219478738,0.23911674320697784,0.19391979277133942,1.2267442921380791,0.007009373977780342,0.00043740952969528735
D01_s37,D01,5,high,5_high,test,196,150.5969387755102,0.5468748767007177,0.9538689633713152,0.12541155517101288,0.11857070028781891,0.24195075035095215,0.0251440329218107,0.41797006130218506,0.13142260909080505,3.1563345879673306,0.012487312778830528,0.0026463910471647978,0.16866861283779144,0.15131688117980957,0.377162367105484,0.036965020576131685,0.3551937937736511,0.2842629551887512,1.2451451803078617,0.012177151627838612,0.000949692155700177,0.13172708451747894,0.14972631633281708,0.3523978888988495,0.03498628257887517,0.32576844096183777,0.22999288141727448,1.4102964514017082,0.00988820567727089,0.0009375227964483202,0.14720600843429565,0.14390483498573303,0.3331192135810852,0.027482853223593964,0.2950407862663269,0.23224207758903503,1.2649552315606585,0.012445888482034206,0.0018382070120424032,0.09836730360984802,0.11548206210136414,0.27455195784568787,0.009787379972565157,0.21101956069469452,0.17390447854995728,1.2064846048777524,0.006369460839778185,0.00042343424865975976
D01_s38,D01,5,high,5_high,test,225,144.85333333333332,0.49867296965583463,0.9522182254275726,0.1491251438856125,0.14461997151374817,0.296875,0.042856652949245545,0.48305508494377136,0.15453049540519714,3.1058544736534657,0.016278352588415146,0.0040987348183989525,0.2225932776927948,0.19037121534347534,0.5091583132743835,0.10587448559670781,0.4433803856372833,0.34985801577568054,1.2637031668125163,0.015887698158621788,0.001868650084361434,0.1909617930650711,0.20038102567195892,0.502033531665802,0.10102194787379973,0.43007391691207886,0.3110085427761078,1.3784042997203856,0.01478977408260107,0.002246129559352994,0.19000335037708282,0.17376123368740082,0.44099128246307373,0.0676406035665295,0.3844340145587921,0.28511807322502136,1.3436201713005695,0.015805639326572418,0.0023557557724416256,0.15314333140850067,0.17049475014209747,0.42060932517051697,0.052832647462277095,0.31378525495529175,0.25751936435699463,1.213778533518206,0.009914141148328781,0.0010901581263169646
D01_s39,D01,5,high,5_high,test,201,156.40298507462686,0.5410430039367613,0.9470529915631347,0.1461179405450821,0.1530028134584427,0.3025568127632141,0.044015775034293554,0.5039793848991394,0.15917916595935822,3.1463479153525657,0.015657268464565277,0.004028047434985638,0.209187850356102,0.21127080917358398,0.5170083045959473,0.10737654320987654,0.5029712319374084,0.3419220745563507,1.4667216526906834,0.015250587835907936,0.001766654197126627,0.17263542115688324,0.2130449265241623,0.5016099214553833,0.10066186556927298,0.4707750082015991,0.2890804409980774,1.6229119294696581,0.013292721472680569,0.0019458058523014188,0.1588452160358429,0.16062304377555847,0.3763964772224426,0.045953360768175584,0.36503562331199646,0.23861955106258392,1.5233966581326928,0.013319285586476326,0.001834800117649138,0.12843553721904755,0.1603822410106659,0.38530465960502625,0.0428360768175583,0.3157428503036499,0.2211282104253769,1.4214441727099876,0.008297682739794254,0.000768517202232033
D01_s40,D01,5,high,5_high,test,171,176.97076023391813,0.5531257600893943,0.9534778372721077,0.11136685311794281,0.09862728416919708,0.2140151560306549,0.009777091906721536,0.35011762380599976,0.10878084599971771,3.189241443875374,0.010137931443750858,0.0016942654037848115,0.12272955477237701,0.09044687449932098,0.2507631778717041,0.0006481481481481481,0.23467186093330383,0.18792475759983063,1.242144565459081,0.008932974189519882,0.00038959868834353983,0.07992991805076599,0.07034388929605484,0.16988645493984222,0.0007716049382716049,0.18385498225688934,0.11812813580036163,1.5433380285997158,0.006280779838562012,0.0002716369926929474,0.10733351856470108,0.0796249583363533,0.20675478875637054,0.0029561042524005486,0.18344563245773315,0.1499079018831253,1.2156131664981173,0.00796939805150032,0.0007005543448030949,0.05716681852936745,0.0507763996720314,0.1111111119389534,0.0005315500685871056,0.10995281487703323,0.08486760407686234,1.2804924052453075,0.0038875467143952847,0.0001274874375667423
D01_s41,D01,5,high,5_high,test,188,157.2659574468085,0.5650617810570074,0.9540140745565122,0.12179233133792877,0.11302737891674042,0.23153409361839294,0.021310013717421125,0.4011315107345581,0.119392029941082,3.331877624547619,0.012266573496162891,0.0026074780616909266,0.1406984031200409,0.12418265640735626,0.2995348274707794,0.021131687242798354,0.28864043951034546,0.224325492978096,1.2809932675412112,0.010493749752640724,0.0007633258937858045,0.10525844991207123,0.11860341578722,0.24131503701210022,0.01914951989026063,0.2536136209964752,0.1690186858177185,1.4916808689392003,0.008450470864772797,0.0007255889941006899,0.12793560326099396,0.12412532418966293,0.2672401964664459,0.0225,0.25014495849609375,0.18983973562717438,1.3107593011173437,0.010252349078655243,0.0010572600876912475,0.08497482538223267,0.11070165783166885,0.20268817245960236,0.013957475994513031,0.18151338398456573,0.14141099154949188,1.274574258697473,0.006132352631539106,0.0006243233219720423
D01_s42,D01,5,high,5_high,test,191,170.31413612565444,0.5434227089185971,0.9547084163873398,0.12249363958835602,0.1153562068939209,0.2556818127632141,0.021941015089163237,0.39654016494750977,0.12201838940382004,3.223421854807637,0.012148860841989517,0.0021402433048933744,0.15240074694156647,0.12528741359710693,0.3265736401081085,0.015493827160493827,0.29845577478408813,0.23097941279411316,1.2865614719396423,0.011071444489061832,0.0006956670549698174,0.10340429842472076,0.1029527336359024,0.2417386919260025,0.007983539094650206,0.2423827201128006,0.15580399334430695,1.5457687967205125,0.007626031991094351,0.00034383320598863065,0.12436439096927643,0.11260861903429031,0.2528572678565979,0.014441015089163237,0.23126962780952454,0.18276390433311462,1.2585149877437019,0.009892924688756466,0.0009834201773628592,0.0717000663280487,0.07510721683502197,0.161827951669693,0.0013545953360768175,0.1448773294687271,0.11151096969842911,1.287672925200554,0.00475758733227849,0.00018535133858677
D01_s43,D01,5,high,5_high,test,131,176.70229007633588,0.5672414879420121,0.9565541635996713,0.10667441040277481,0.10077842324972153,0.1766098439693451,0.012726337448559671,0.3860953748226166,0.11742550134658813,3.260238465806926,0.008976916782557964,0.0015673082089051604,0.10617254674434662,0.10588640719652176,0.24589329957962036,0.009471879286694102,0.2817915976047516,0.19654202461242676,1.4264893667948413,0.009234778583049774,0.0005338129121810198,0.06642664223909378,0.0803324431180954,0.14997458457946777,0.007373113854595336,0.22065582871437073,0.11688681691884995,1.8717600023611134,0.006266532000154257,0.0003288033476565033,0.09221990406513214,0.11064685136079788,0.17529210448265076,0.015871056241426613,0.23519478738307953,0.15522529184818268,1.505484704817439,0.008500365540385246,0.0012128542875871062,0.04636542126536369,0.06346946209669113,0.0924731194972992,0.005775034293552812,0.13620604574680328,0.08208239078521729,1.639409319586386,0.004025857895612717,0.00020416501502040774
D01_s44,D01,5,high,5_high,test,162,177.40740740740742,0.5806970792703486,0.956951786360595,0.10781876742839813,0.09794933348894119,0.203125,0.012259945130315501,0.3571038842201233,0.10867716372013092,3.255954768591248,0.010040335357189178,0.0015537934377789497,0.11943598091602325,0.11063219606876373,0.25337985157966614,0.003885459533607682,0.23688215017318726,0.191651850938797,1.2295866819802403,0.010634619742631912,0.0016403920017182827,0.07076792418956757,0.06500822305679321,0.15361803770065308,0.0011728395061728395,0.1729736179113388,0.10701323300600052,1.6014113557894292,0.006408642046153545,0.00029057139181531966,0.09379395097494125,0.07609091699123383,0.17696155607700348,0.002602880658436214,0.16818220913410187,0.13465000689029694,1.2398245528296539,0.007814167067408562,0.0006677753990516067,0.04733017832040787,0.04179931432008743,0.09354838728904724,3.429355281207133e-06,0.09497512131929398,0.07185237854719162,1.303665346461844,0.0036948907654732466,0.00010468731488799676
D01_s45,D01,5,high,5_high,test,262,134.74045801526717,0.5279748981010097,0.9504307628825068,0.16531431674957275,0.16874569654464722,0.34375,0.053587105624142664,0.5273744463920593,0.17581723630428314,2.9825963656874803,0.019476711750030518,0.005729555618017912,0.2709657847881317,0.23739966750144958,0.6109899878501892,0.16346021947873798,0.5333414673805237,0.40727436542510986,1.306331017930037,0.018414141610264778,0.0026254700496792793,0.24786801636219025,0.25648799538612366,0.6191323399543762,0.1594238683127572,0.5357076525688171,0.3813706338405609,1.4010167234552693,0.018793202936649323,0.003509109141305089,0.20920272171497345,0.17916862666606903,0.45421844720840454,0.07464334705075445,0.4011560082435608,0.2909829914569855,1.3739019736793763,0.0179175715893507,0.002684116130694747,0.20610874891281128,0.22211165726184845,0.531899631023407,0.11823045267489712,0.4088173508644104,0.319781631231308,1.2744412742561995,0.012905286625027657,0.002073943614959717
D01_s46,D01,5,high,5_high,test,135,172.8,0.5423324162765135,0.9580025380260588,0.10675603151321411,0.10215014964342117,0.17945075035095215,0.014242112482853224,0.38881486654281616,0.11314471065998077,3.406332753350567,0.009461659938097,0.0016913566505536437,0.12221770733594894,0.10805930197238922,0.26493677496910095,0.00678326474622771,0.27707767486572266,0.21234825253486633,1.2987107772089268,0.010775621980428696,0.0007348469807766378,0.06759367138147354,0.0650075376033783,0.1563294380903244,0.0011248285322359396,0.18835991621017456,0.1095476895570755,1.7038792666302156,0.006281473208218813,0.0003002292651217431,0.08130260556936264,0.07124383747577667,0.16155126690864563,0.002232510288065844,0.16284306347370148,0.12035346776247025,1.3418904830345713,0.0069051701575517654,0.0005474382778629661,0.0439554788172245,0.03878674656152725,0.09372759610414505,0.0001234567901234568,0.09847622364759445,0.07001686096191406,1.3866597638046363,0.0034860861487686634,9.069709631148726e-05
D01_s47,D01,5,high,5_high,test,138,162.47826086956522,0.5564738383798082,0.953469104881915,0.10751496255397797,0.1014324501156807,0.17334279417991638,0.014715363511659809,0.3999437689781189,0.11345306038856506,3.4943912169785634,0.009483475238084793,0.001701505039818585,0.1327592134475708,0.12303037196397781,0.30825701355934143,0.009996570644718792,0.2877482771873474,0.24798867106437683,1.1556681513150016,0.010872133076190948,0.0007560763624496758,0.08277322351932526,0.08593893051147461,0.20513471961021423,0.0016769547325102881,0.2167598158121109,0.15223641693592072,1.4145450549313872,0.006803552620112896,0.00032157599343918264,0.10392456501722336,0.09744945913553238,0.2287144660949707,0.006248285322359396,0.20941247045993805,0.17213377356529236,1.2095414207613526,0.008800970390439034,0.0008066357113420963,0.057720642536878586,0.062268756330013275,0.1318996399641037,0.0004766803840877915,0.12255609780550003,0.10692514479160309,1.1355657482984935,0.004203617572784424,0.00016322333249263465
D01_s48,D01,5,high,5_high,test,186,151.7311827956989,0.5274497100140527,0.9525252194318038,0.1284475177526474,0.13563233613967896,0.2504734992980957,0.02672496570644719,0.4484688937664032,0.14772775769233704,3.0153678151601007,0.012711619026958942,0.0027435729280114174,0.2084168642759323,0.18625713884830475,0.47768571972846985,0.0857167352537723,0.42475685477256775,0.34964442253112793,1.2113606476511418,0.012885594740509987,0.0013631974579766393,0.15186716616153717,0.16673937439918518,0.40704965591430664,0.053319615912208504,0.3727661073207855,0.2631264328956604,1.4113169334628533,0.00989154540002346,0.0008596557308919728,0.16372385621070862,0.15347857773303986,0.3765248954296112,0.03963991769547325,0.34193652868270874,0.2572178542613983,1.3242172182894858,0.01238025352358818,0.0015838746912777424,0.11442019790410995,0.13848145306110382,0.3173834979534149,0.017078189300411523,0.2644999921321869,0.19954316318035126,1.318918022123339,0.0067764571867883205,0.0006658472120761871
D01_s49,D01,5,high,5_high,test,156,176.16666666666666,0.5357522140754255,0.9573762700190743,0.1072206124663353,0.0958128347992897,0.19554924964904785,0.009711934156378601,0.35399213433265686,0.11151380091905594,3.1462107887309214,0.009362990967929363,0.0013436508597806096,0.13762947916984558,0.11018701642751694,0.29139408469200134,0.004108367626886145,0.26418250799179077,0.2292352020740509,1.1474462011539892,0.010084455832839012,0.0004857499443460256,0.07902244478464127,0.07461603730916977,0.1729367971420288,0.0010185185185185184,0.1879248470067978,0.1292911320924759,1.4423456453921637,0.006021169945597649,0.00023680026060901582,0.10769638419151306,0.10101500153541565,0.21163472533226013,0.005421810699588477,0.19737187027931213,0.1654766947031021,1.1855825863872964,0.008306512609124184,0.0011531879426911473,0.05080053210258484,0.050925835967063904,0.10161290317773819,0.0004595336076817558,0.10193600505590439,0.08356316387653351,1.2054421852609027,0.0036127541679888964,0.00020180254068691283
G04_s01,G04,1,high,1_high,test,167,165.38323353293413,0.6001123755728351,0.9419693896898256,0.16898232698440552,0.18152213096618652,0.344696968793869,0.0514917695473251,0.6105751991271973,0.1839335411787033,3.301592535543305,0.018254291266202927,0.00567191606387496,0.18673093616962433,0.21711036562919617,0.4306585192680359,0.07323045267489713,0.5847190022468567,0.282227486371994,2.064485370882685,0.019913433119654655,0.004236186388880014,0.14424146711826324,0.17452698945999146,0.361294686794281,0.0500480109739369,0.48833024501800537,0.21716277301311493,2.238375678276922,0.016411641612648964,0.00246442505158484,0.18749882280826569,0.23005665838718414,0.41185298562049866,0.07042181069958847,0.560940146446228,0.2802618443965912,1.994369864315042,0.022847194224596024,0.006663668435066938,0.13478946685791016,0.18494829535484314,0.34354838728904724,0.04607338820301783,0.4360041916370392,0.2094065099954605,2.072199152233673,0.015683157369494438,0.0032761141192167997
G04_s02,G04,1,high,1_high,test,61,171.24590163934425,0.6474929655881934,0.9367648063492763,0.11646825820207596,0.12024965137243271,0.14820075035095215,0.01797668038408779,0.6005977988243103,0.16808325052261353,3.5520833492847075,0.008500540629029274,0.0022795144468545914,0.1155150756239891,0.25108247995376587,0.3331879675388336,0.058460219478737994,0.8654427528381348,0.3947543501853943,2.1868180411225073,0.015021470375359058,0.003967989236116409,0.06335531920194626,0.13835085928440094,0.1858159601688385,0.021786694101508915,0.5444926619529724,0.20321175456047058,2.6663140088331145,0.008691021241247654,0.0012542973272502422,0.09878261387348175,0.1949770301580429,0.26762545108795166,0.039780521262002745,0.6714972257614136,0.3046804964542389,2.1967290473238887,0.013151934370398521,0.0037973730359226465,0.05212059244513512,0.11807488650083542,0.13458780944347382,0.016862139917695473,0.42832618951797485,0.16697874665260315,2.5498832325722507,0.0073441569693386555,0.0010870987316593528
G04_s03,G04,1,high,1_high,test,48,162.625,0.6700568806966382,0.9381055741339804,0.1068374291062355,0.114537812769413,0.1358901560306549,0.016334019204389576,0.6572858691215515,0.17119792103767395,3.8170371927878772,0.006893050391227007,0.002165780169889331,0.06929861754179001,0.1924847513437271,0.1601250171661377,0.035017146776406036,0.8506494164466858,0.34307509660720825,2.472278362585992,0.010202551260590553,0.0033552853856235743,0.0357380174100399,0.1006157249212265,0.08015590906143188,0.012585733882030178,0.48667672276496887,0.164743572473526,2.9363233548179077,0.00580952875316143,0.0010116937337443233,0.0535503625869751,0.14877252280712128,0.09875430911779404,0.019046639231824418,0.6119387745857239,0.23281502723693848,2.617191811053318,0.007680813316255808,0.002437699818983674,0.02998008020222187,0.08004261553287506,0.0602150522172451,0.007338820301783264,0.37277862429618835,0.13324826955795288,2.7767853211341813,0.004535038024187088,0.0006213864544406533
G04_s04,G04,1,high,1_high,test,139,148.10791366906474,0.584624085091582,0.9393967171267715,0.13455431163311005,0.1397431343793869,0.22490529716014862,0.026690672153635117,0.5258864760398865,0.15638265013694763,3.341451396213513,0.012788582593202591,0.004704265855252743,0.16748182475566864,0.23692655563354492,0.5067597031593323,0.10292181069958847,0.6399061679840088,0.37752893567085266,1.6905079313155467,0.017106756567955017,0.004058262798935175,0.10909083485603333,0.16834725439548492,0.35383832454681396,0.042839506172839506,0.476437509059906,0.24462999403476715,1.939655256403539,0.011596455238759518,0.001866738311946392,0.1298331469297409,0.19385606050491333,0.35753169655799866,0.048545953360768175,0.485055148601532,0.2667004466056824,1.8119325341134336,0.015093140304088593,0.004904258530586958,0.09356854110956192,0.14737676084041595,0.3080645203590393,0.02806584362139918,0.35437312722206116,0.21623297035694122,1.6313045236171164,0.009552964940667152,0.0013826405629515648
G04_s05,G04,1,high,1_high,test,55,165.07272727272726,0.6054405548254993,0.9430717992176032,0.10495402663946152,0.09940285980701447,0.140625,0.011361454046639232,0.5208521485328674,0.15800416469573975,3.275713875353749,0.006570859812200069,0.0018595827277749777,0.08643697202205658,0.19485440850257874,0.26261085271835327,0.043844307270233196,0.7222168445587158,0.3327588140964508,2.163888454942817,0.011622588150203228,0.00352527666836977,0.04571058601140976,0.10842543840408325,0.13277409970760345,0.013449931412894377,0.44658228754997253,0.174540713429451,2.5440382394791388,0.006520383525639772,0.000817097257822752,0.06426166743040085,0.13640081882476807,0.1569281816482544,0.022019890260631,0.46393775939941406,0.2181558459997177,2.116930795448695,0.009152596816420555,0.0026755258440971375,0.039689138531684875,0.09614933282136917,0.09749104082584381,0.010816186556927298,0.35254085063934326,0.14596720039844513,2.3987723089476027,0.005518803838640451,0.0007078679045662284
G04_s06,G04,1,high,1_high,test,79,160.0,0.5847199270744603,0.9456657508388754,0.11259353160858154,0.11485367268323898,0.14820075035095215,0.01819272976680384,0.5336776375770569,0.15232084691524506,3.4807897837407005,0.008637445978820324,0.0025866490323096514,0.11312398314476013,0.2468634992837906,0.3486698567867279,0.06332647462277093,0.772114634513855,0.3510077893733978,2.1934589455769746,0.01615736074745655,0.005981192458420992,0.057115133851766586,0.12791807949543,0.1666666716337204,0.02152949245541838,0.46728724241256714,0.173187717795372,2.6826647040723928,0.008425277657806873,0.001332018175162375,0.07536162436008453,0.15743327140808105,0.1822267472743988,0.026385459533607682,0.4768730103969574,0.20265252888202667,2.3416012215257287,0.011688997969031334,0.004111077636480331,0.047886624932289124,0.11297319084405899,0.11827956885099411,0.014410150891632374,0.3661136031150818,0.1425250917673111,2.5508682740202704,0.007081796880811453,0.0011916077928617597
G04_s07,G04,1,high,1_high,test,57,123.56140350877193,0.5977088998733867,0.9424970024212745,0.10381221771240234,0.10065478086471558,0.1354166716337204,0.011522633744855968,0.5905640721321106,0.14696109294891357,3.991347051863251,0.006864908616989851,0.00247421907261014,0.08411332219839096,0.2229290008544922,0.22532345354557037,0.04074759945130316,0.8974763751029968,0.35724937915802,2.505172171441864,0.01296327356249094,0.00592275382950902,0.04193960130214691,0.11451534926891327,0.10862565785646439,0.015318930041152264,0.5253185033798218,0.17128829658031464,3.0490666737478427,0.006727656815201044,0.001287122373469174,0.05533866956830025,0.12545503675937653,0.1291896402835846,0.01751028806584362,0.48504796624183655,0.2145918756723404,2.2498434355616412,0.008024418726563454,0.0022010859102010727,0.032110244035720825,0.08323002606630325,0.07311827689409256,0.007551440329218107,0.3565317690372467,0.1329997479915619,2.6606898474144733,0.0048996987752616405,0.0006948399823158979
G04_s08,G04,1,high,1_high,test,78,142.33333333333334,0.585586178705263,0.9469515230285928,0.10618468374013901,0.10006041079759598,0.13731060922145844,0.013816872427983538,0.5001943707466125,0.13543252646923065,3.666239889352341,0.0072531625628471375,0.0021394528448581696,0.09930620342493057,0.20234619081020355,0.31828755140304565,0.05252400548696845,0.679162323474884,0.3350602388381958,2.0209541176987704,0.014319155365228653,0.00377002009190619,0.047936514019966125,0.10564105957746506,0.14294187724590302,0.01279835390946502,0.40519145131111145,0.14908434450626373,2.699758276881443,0.007459199987351894,0.0011395709589123726,0.060639090836048126,0.12871153652668,0.14293049275875092,0.013316186556927298,0.40791943669319153,0.16302233934402466,2.4869748738164916,0.008350742980837822,0.002121932338923216,0.0333133339881897,0.07413526624441147,0.08422938734292984,0.0050411522633744855,0.2528706192970276,0.09773693233728409,2.5610540383533977,0.004996580071747303,0.00063113565556705
G04_s09,G04,1,high,1_high,test,84,162.13095238095238,0.5926869862849811,0.9418483754046496,0.11227063089609146,0.10628606379032135,0.14962121844291687,0.014170096021947874,0.4801962971687317,0.14590376615524292,3.2687813916307396,0.008071592077612877,0.0025348742492496967,0.11161065846681595,0.24781857430934906,0.3567379117012024,0.061786694101508915,0.6650837063789368,0.3742988705635071,1.772144172404039,0.01359748188406229,0.004040553700178862,0.054993316531181335,0.11204160749912262,0.1899677962064743,0.012729766803840878,0.3858891725540161,0.1700848489999771,2.255542643370295,0.006906015798449516,0.0008484546560794115,0.0743669867515564,0.14756126701831818,0.2117631435394287,0.02373113854595336,0.45087358355522156,0.2115301638841629,2.1214569043524802,0.009242520667612553,0.0024730165023356676,0.0444612093269825,0.09358112514019012,0.13512544333934784,0.007489711934156379,0.29073089361190796,0.13324594497680664,2.165658662257075,0.005540688522160053,0.0006851792568340898
G04_s10,G04,1,high,1_high,test,63,150.9206349206349,0.6295030541287931,0.9313164334053436,0.11038288474082947,0.11686480045318604,0.13825757801532745,0.016968449931412895,0.6072525978088379,0.1538873165845871,3.9206089381579865,0.007963113486766815,0.002749448409304023,0.08032245188951492,0.1929158866405487,0.22424045205116272,0.041323731138545955,0.7212228178977966,0.30434224009513855,2.362014563307972,0.011961639858782291,0.004076763987541199,0.043281059712171555,0.1106627881526947,0.11692933738231659,0.011018518518518518,0.4454721212387085,0.15191690623760223,2.913164621225949,0.006996361073106527,0.0012018674751743674,0.06031477078795433,0.14148429036140442,0.13599584996700287,0.02091906721536351,0.5334339141845703,0.19825182855129242,2.67718453608696,0.009232671931385994,0.003035295521840453,0.0371294766664505,0.09107575565576553,0.08387096971273422,0.009358710562414265,0.36261215806007385,0.12571604549884796,2.8616120131634832,0.005868527106940746,0.0009307930595241487
G04_s11,G04,1,high,1_high,test,244,136.11065573770492,0.5243090788246112,0.9439821681391837,0.18256767094135284,0.19567222893238068,0.375946968793869,0.061958161865569274,0.5976430177688599,0.20477358996868134,2.9043718285705222,0.02049616537988186,0.008134093135595322,0.29447445273399353,0.29531827569007874,0.6955952644348145,0.23343621399176956,0.7457286715507507,0.49686428904533386,1.4978553151114784,0.022142957895994186,0.004173859488219023,0.24607723951339722,0.2714557349681854,0.6230300068855286,0.17155349794238683,0.6762579083442688,0.42908456921577454,1.5723835653470946,0.019442588090896606,0.0033475258387625217,0.2454673796892166,0.2784883975982666,0.5837933421134949,0.14699588477366254,0.6462542414665222,0.40671756863594055,1.5850537018275412,0.02334393933415413,0.006289660930633545,0.23597145080566406,0.2712187170982361,0.6129211783409119,0.16952331961591222,0.611931324005127,0.4274364411830902,1.4282896252133257,0.017247390002012253,0.003071381477639079
G04_s12,G04,1,high,1_high,test,128,162.34375,0.6121618025177598,0.9417602170765306,0.13816425204277039,0.15104714035987854,0.2400568127632141,0.03426268861454047,0.5696931481361389,0.15806880593299866,3.5814259420297607,0.013683341443538666,0.00509882066398859,0.1489836722612381,0.22356747090816498,0.438435822725296,0.0785562414266118,0.6365432739257812,0.2959936559200287,2.1432891283616606,0.018881700932979584,0.004498574882745743,0.09605293720960617,0.1505921632051468,0.29215386509895325,0.030912208504801097,0.4616195857524872,0.18375937640666962,2.498490711163838,0.013029202818870544,0.001965004950761795,0.12534241378307343,0.20602677762508392,0.3070501387119293,0.048151577503429355,0.5499815344810486,0.2386825978755951,2.2946243880688875,0.01713975891470909,0.0049319788813591,0.07791610062122345,0.13319706916809082,0.22258064150810242,0.021848422496570645,0.36195433139801025,0.14969095587730408,2.4019645325809833,0.010609852150082588,0.0016380294691771269
G04_s13,G04,1,high,1_high,test,276,145.14492753623188,0.5409722734789836,0.9454820842925621,0.19091559946537018,0.18880410492420197,0.40861743688583374,0.06904663923182441,0.5626672506332397,0.1871788203716278,2.9900668392013925,0.02285049296915531,0.008552923798561096,0.3194343149662018,0.2588307559490204,0.6689199209213257,0.2429732510288066,0.6443479061126709,0.4416957199573517,1.4555096809491312,0.023325426504015923,0.00447857053950429,0.26743701100349426,0.23325026035308838,0.597356379032135,0.17607338820301782,0.5664207935333252,0.37248891592025757,1.5165665415737797,0.020952962338924408,0.0032473993487656116,0.2629218101501465,0.2383313775062561,0.5517014265060425,0.13112825788751714,0.559838056564331,0.3463352918624878,1.6118087326005859,0.02462834119796753,0.00618402473628521,0.24309039115905762,0.22636345028877258,0.5360215306282043,0.1262962962962963,0.4863598644733429,0.3419094681739807,1.418333145081256,0.017842184752225876,0.003035494824871421
G04_s14,G04,1,high,1_high,test,78,161.47435897435898,0.6109066306154833,0.9272112580346712,0.12845295667648315,0.15342628955841064,0.18513257801532745,0.028617969821673524,0.6951205134391785,0.18977269530296326,3.643710712034906,0.011494740843772888,0.0047602043487131596,0.11605657637119293,0.23446092009544373,0.39199012517929077,0.06505829903978053,0.7691957354545593,0.35774779319763184,2.1441128002446397,0.014634999446570873,0.005168804433196783,0.0687151700258255,0.1405893713235855,0.24182341992855072,0.025123456790123455,0.5033149719238281,0.20202851295471191,2.4790358979583274,0.008932491764426231,0.0014914922649040818,0.09807850420475006,0.18928685784339905,0.2921535074710846,0.04256515775034293,0.610686182975769,0.2884393632411957,2.109893333571467,0.012998132966458797,0.003988382872194052,0.06177494674921036,0.12610505521297455,0.1989247351884842,0.020006858710562413,0.42370373010635376,0.18676955997943878,2.2565091495807432,0.008023230358958244,0.0013388743391260505
G04_s15,G04,1,high,1_high,test,50,172.04,0.611462997283907,0.943624905698433,0.10444704443216324,0.099284328520298,0.1358901560306549,0.010912208504801098,0.529961109161377,0.14406630396842957,3.6532336915174395,0.006473495624959469,0.0017682203324511647,0.09547092020511627,0.23346613347530365,0.27068614959716797,0.04600137174211248,0.8652306199073792,0.3518082797527313,2.4524101886548224,0.01236339658498764,0.003314258763566613,0.04593760892748833,0.10756664723157883,0.12794440984725952,0.013247599451303155,0.4544535279273987,0.1618211716413498,2.791120610091387,0.00653191888704896,0.0008544785669073462,0.06181873008608818,0.13341499865055084,0.14254523813724518,0.016646090534979424,0.47653183341026306,0.19176191091537476,2.472126527213498,0.007832344621419907,0.001926554017700255,0.039096057415008545,0.09756281971931458,0.08745519816875458,0.010925925925925926,0.35263070464134216,0.13805484771728516,2.535910904438814,0.00542215071618557,0.0008427387219853699
G04_s16,G04,1,high,1_high,test,124,138.9516129032258,0.588518117073002,0.940266982673675,0.13492068648338318,0.15110978484153748,0.22585226595401764,0.025425240054869683,0.582248330116272,0.17980517446994781,3.2203078912050125,0.012775969691574574,0.005370514467358589,0.15814539790153503,0.21927788853645325,0.4650385081768036,0.08001371742112483,0.6312233209609985,0.3782002627849579,1.6646173088729144,0.014267424121499062,0.003081724513322115,0.11034984886646271,0.16279348731040955,0.3562107980251312,0.035473251028806586,0.4773116707801819,0.2649308443069458,1.794871414875266,0.010015658102929592,0.0013350793160498142,0.12911753356456757,0.19192679226398468,0.33222028613090515,0.039074074074074074,0.517680287361145,0.2851065993309021,1.8093965276292419,0.013837246224284172,0.003924568649381399,0.09744255244731903,0.1486445665359497,0.30698925256729126,0.024214677640603567,0.38799092173576355,0.23756137490272522,1.6263777901765073,0.008590005338191986,0.0011399023933336139
G04_s17,G04,1,high,1_high,test,220,124.03636363636363,0.5296080089672307,0.94501202810484,0.1732170730829239,0.18865567445755005,0.34043559432029724,0.04612139917695473,0.6111575365066528,0.1881864070892334,3.23045162657161,0.020718419924378395,0.009403898380696774,0.24669115245342255,0.2433331161737442,0.5468091368675232,0.13348079561042525,0.602098286151886,0.38251644372940063,1.569941252836374,0.021292073652148247,0.005189594347029924,0.18587836623191833,0.18310138583183289,0.44068801403045654,0.06347393689986283,0.4704987108707428,0.29140323400497437,1.609074921732017,0.01670512557029724,0.0024244217202067375,0.21138812601566315,0.21307551860809326,0.46140992641448975,0.08003086419753086,0.5150257349014282,0.3209465444087982,1.599724376129547,0.02250172384083271,0.0063405451364815235,0.17694778740406036,0.17864950001239777,0.4121863842010498,0.05337448559670782,0.3894663453102112,0.2822887897491455,1.3748032375551702,0.015381368808448315,0.0023919562809169292
G04_s18,G04,1,high,1_high,test,159,147.59748427672955,0.5699199309307015,0.9430227842723746,0.15528994798660278,0.17047256231307983,0.29971590638160706,0.04068244170096022,0.6004275679588318,0.1798972338438034,3.3191638987541063,0.01654963009059429,0.0061495802365243435,0.1719401627779007,0.2430412471294403,0.4634394645690918,0.0843724279835391,0.6435933709144592,0.3155735731124878,2.032997778642034,0.019971242174506187,0.006610583048313856,0.12419582903385162,0.17520715296268463,0.37561431527137756,0.044382716049382716,0.48000988364219666,0.2273673713207245,2.101919730766001,0.014519129879772663,0.0026571478229016066,0.1557900458574295,0.22099022567272186,0.38666999340057373,0.06265775034293553,0.5906270742416382,0.2687549591064453,2.189494777771914,0.020033998414874077,0.005961631424725056,0.11417916417121887,0.17238351702690125,0.35286739468574524,0.03776406035665295,0.42157623171806335,0.21404631435871124,1.9603973821883167,0.012484420090913773,0.002111998852342367
G04_s19,G04,1,high,1_high,test,160,166.23125,0.609159036040917,0.9380642778823614,0.1572057157754898,0.16901403665542603,0.3181818127632141,0.04748971193415638,0.5898739099502563,0.16843219101428986,3.4814748391024852,0.016841083765029907,0.0053982906974852085,0.15740111470222473,0.22594109177589417,0.4108155369758606,0.07040123456790123,0.6025956273078918,0.26120394468307495,2.2981943617829517,0.01930329203605652,0.004678910132497549,0.11581552028656006,0.16579096019268036,0.3244365453720093,0.04083676268861454,0.4674950838088989,0.18823707103729248,2.470420204912022,0.014607341960072517,0.0021721217781305313,0.15359580516815186,0.2180953174829483,0.37074601650238037,0.062314814814814816,0.5474084615707397,0.24799540638923645,2.1984681143676035,0.019525498151779175,0.005271425005048513,0.10461635142564774,0.163628950715065,0.29784947633743286,0.03687928669410151,0.39807334542274475,0.171850323677063,2.3029945038834114,0.012821917422115803,0.0020693673286587
G04_s20,G04,1,high,1_high,test,162,142.28395061728395,0.5837346382176684,0.9430453921603967,0.1514555960893631,0.16860033571720123,0.282196968793869,0.04231481481481481,0.6063791513442993,0.16972827911376953,3.5517206317075436,0.01616797037422657,0.0056561972014606,0.15799473226070404,0.19990138709545135,0.43538305163383484,0.07000685871056242,0.5592938661575317,0.275831937789917,2.0203372147832535,0.018414471298456192,0.003743418725207448,0.11593520641326904,0.15835991501808167,0.3463056981563568,0.03680384087791495,0.4453769028186798,0.20355349779129028,2.17731257410766,0.014241684228181839,0.0021679122000932693,0.1564866602420807,0.22212792932987213,0.36729153990745544,0.055020576131687246,0.5501149892807007,0.2632598876953125,2.0817196059470615,0.020900122821331024,0.007562777493149042,0.10442031174898148,0.14853845536708832,0.31559139490127563,0.02870713305898491,0.370225191116333,0.18621911108493805,1.977496789568498,0.012545737437903881,0.002118150470778346
G04_s21,G04,1,high,1_high,test,161,166.77639751552795,0.6049565389615793,0.9428502625403358,0.1477096527814865,0.15251295268535614,0.2817234992980957,0.03970507544581619,0.5310378670692444,0.16526493430137634,3.193925822667278,0.014877546578645706,0.004614260513335466,0.1868404895067215,0.2324409931898117,0.5077772736549377,0.10403292181069959,0.6000035405158997,0.3401935398578644,1.758543086032201,0.019446225836873055,0.003811800852417946,0.13175229728221893,0.17942287027835846,0.3944246768951416,0.0553395061728395,0.4664469361305237,0.23808136582374573,1.950996617922934,0.014014490880072117,0.002064293948933482,0.15319517254829407,0.2070971578359604,0.37087443470954895,0.05604938271604938,0.4845025837421417,0.2565314769744873,1.8813334565317605,0.019054308533668518,0.0058046928606927395,0.11341239511966705,0.15805843472480774,0.33942651748657227,0.03734224965706447,0.37274405360221863,0.20893454551696777,1.7755250937111344,0.012137314304709435,0.0018571240361779928
G04_s22,G04,1,high,1_high,test,207,152.07246376811594,0.5436146574422843,0.9439300584374745,0.14718860387802124,0.1354055553674698,0.27793559432029724,0.02715363511659808,0.44821295142173767,0.15539872646331787,2.8658350458298814,0.013522788882255554,0.0034630154259502888,0.22895576059818268,0.2244846671819687,0.5276203155517578,0.11807956104252401,0.5497418642044067,0.3712891638278961,1.476652875286331,0.016988279297947884,0.0027323157992213964,0.16767403483390808,0.17752385139465332,0.4146754741668701,0.05422153635116598,0.44165727496147156,0.27529725432395935,1.5984859351646943,0.012785285711288452,0.001458280603401363,0.19387492537498474,0.2175551950931549,0.4404776096343994,0.06887174211248286,0.4981202185153961,0.3019911050796509,1.6440093790358938,0.01827564649283886,0.00485723651945591,0.15400272607803345,0.17505277693271637,0.3754480183124542,0.041207133058984914,0.3914841413497925,0.2528887987136841,1.5419512138118296,0.01244729571044445,0.0019861171022057533
G04_s23,G04,1,high,1_high,test,169,154.15384615384616,0.5451368329727377,0.9427104990169258,0.1342584788799286,0.13006211817264557,0.24053029716014862,0.028309327846364883,0.4655732810497284,0.1548847109079361,2.9866513421235465,0.012134731747210026,0.003291477682068944,0.17043715715408325,0.23037487268447876,0.5098851323127747,0.10584019204389575,0.5678131580352783,0.3695879578590393,1.532195383022288,0.015676412731409073,0.00355335371568799,0.12503454089164734,0.17931737005710602,0.4155227839946747,0.05692043895747599,0.4606308043003082,0.27526146173477173,1.667372645492416,0.011259091086685658,0.0014212942915037274,0.1351398229598999,0.19285887479782104,0.3879541754722595,0.04790466392318244,0.45757541060447693,0.2770422399044037,1.6457046625786076,0.014284142293035984,0.003501951927319169,0.11426303535699844,0.17338290810585022,0.37885305285453796,0.041035665294924556,0.3941594660282135,0.25816595554351807,1.5208767108380017,0.009879342280328274,0.0013316844124346972
G04_s24,G04,1,high,1_high,test,114,136.21929824561403,0.5932956876913305,0.9437598606587894,0.13107798993587494,0.14549346268177032,0.20170454680919647,0.02660150891632373,0.60445636510849,0.16435761749744415,3.6554491668207105,0.01211195345968008,0.004368909634649754,0.11872652918100357,0.18430480360984802,0.34888792037963867,0.046114540466392316,0.5668148398399353,0.27542078495025635,2.0505507208581917,0.014256000518798828,0.0032603098079562187,0.08265214413404465,0.1368817389011383,0.2599559426307678,0.021536351165980797,0.4404623806476593,0.19401653110980988,2.2585899674302166,0.010370898060500622,0.0015170782571658492,0.11692376434803009,0.1977422535419464,0.31526896357536316,0.0417318244170096,0.5549468398094177,0.2550830841064453,2.1670577802739386,0.014687779359519482,0.004092065617442131,0.07677002251148224,0.13346339762210846,0.24856631457805634,0.02282235939643347,0.36845728754997253,0.18523181974887848,1.9784872856143128,0.008848011493682861,0.0012654097517952323
G04_s25,G04,1,high,1_high,test,291,156.59106529209623,0.5547634829839725,0.9400635999999535,0.22613407671451569,0.21356475353240967,0.49147728085517883,0.09685871056241427,0.6190559267997742,0.2100629359483719,2.9330394937328146,0.028105709701776505,0.010211105458438396,0.3541378080844879,0.263278990983963,0.6999564170837402,0.2723148148148148,0.6812846064567566,0.4500441551208496,1.510461001926115,0.02698126621544361,0.004892831668257713,0.3190467655658722,0.254487007856369,0.66886967420578,0.23367283950617285,0.6393344402313232,0.4102994501590729,1.5544257109608492,0.02590232715010643,0.0044405474327504635,0.3113267719745636,0.24715054035186768,0.6024141311645508,0.16420096021947875,0.5990790724754333,0.37046104669570923,1.61276418565143,0.0303956251591444,0.007431545294821262,0.3136242926120758,0.25842803716659546,0.6333333253860474,0.21747942386831276,0.5788015723228455,0.41246211528778076,1.3998902219130378,0.023651566356420517,0.004632498603314161
G04_s26,G04,1,high,1_high,test,185,155.82162162162163,0.576982698693526,0.9420441360875683,0.14628766477108002,0.14521560072898865,0.2798295319080353,0.033456790123456794,0.4914226531982422,0.15762828290462494,3.097951034959569,0.015127699822187424,0.004720122553408146,0.1677704006433487,0.2105758786201477,0.4780491292476654,0.08950274348422496,0.5284523367881775,0.30237677693367004,1.741901084616367,0.017289388924837112,0.00362824066542089,0.12998491525650024,0.17683684825897217,0.4027283489704132,0.0548079561042524,0.45017459988594055,0.2314557433128357,1.9366034732904054,0.013721587136387825,0.0020470554009079933,0.1476341187953949,0.18648672103881836,0.3758827745914459,0.05064128943758573,0.4279242753982544,0.24941156804561615,1.708883813707447,0.017805105075240135,0.004659615457057953,0.11124427616596222,0.15918932855129242,0.3453404903411865,0.032784636488340194,0.3583790361881256,0.2014007717370987,1.7706406606671903,0.011525212787091732,0.001693429658189416
G04_s27,G04,1,high,1_high,test,80,193.6,0.5995554236666705,0.9429730932026356,0.12206106632947922,0.13423673808574677,0.17613635957241058,0.02541838134430727,0.5698953866958618,0.16062957048416138,3.5259351676103585,0.009939231909811497,0.0035870010033249855,0.08491828292608261,0.1838579922914505,0.25098851323127747,0.04062071330589849,0.5887886881828308,0.22404393553733826,2.6163277263036564,0.012935807928442955,0.004731742665171623,0.05047760158777237,0.10789868980646133,0.1548042744398117,0.01199588477366255,0.3763139545917511,0.13149631023406982,2.8401844091125983,0.007807926740497351,0.0012540766038000584,0.0807061567902565,0.16275259852409363,0.21394626796245575,0.030301783264746227,0.5220186114311218,0.20688407123088837,2.511104426328735,0.01146149542182684,0.0031594522297382355,0.046712204813957214,0.09915915131568909,0.13010752201080322,0.01085048010973937,0.33308732509613037,0.12188388407230377,2.710585912959463,0.007142648566514254,0.0011618017451837659
G04_s28,G04,1,high,1_high,test,82,153.84146341463415,0.5811126591739595,0.9485087021498048,0.11651341617107391,0.12442819029092789,0.14678029716014862,0.020438957475994512,0.5789036154747009,0.15119290351867676,3.8037490716750746,0.008760198950767517,0.002624858869239688,0.0988585501909256,0.19800305366516113,0.3311527967453003,0.04026406035665295,0.6120226979255676,0.3105517625808716,1.9644334310793725,0.01168040744960308,0.00339211686514318,0.06171198561787605,0.1270882934331894,0.21903067827224731,0.015312071330589849,0.4435881972312927,0.19631509482860565,2.248120943897414,0.007303029764443636,0.001079284935258329,0.07884694635868073,0.1550159752368927,0.23333755135536194,0.021371742112482852,0.4726892411708832,0.22525322437286377,2.0892044410907245,0.009212006814777851,0.0023855704348534346,0.05755694583058357,0.11747830361127853,0.19157706201076508,0.012098765432098766,0.34361833333969116,0.18629448115825653,1.8346420632081897,0.006540113594383001,0.0009984667412936687
G04_s29,G04,1,high,1_high,test,61,154.19672131147541,0.6147065287603803,0.9401759836809898,0.14192771911621094,0.13592632114887238,0.2452651560306549,0.02016803840877915,0.669057309627533,0.20232345163822174,3.290605703556531,0.008935944177210331,0.0032852436415851116,0.09159916639328003,0.2080763429403305,0.24741968512535095,0.03791838134430727,0.6498627066612244,0.2785615921020508,2.324577928516015,0.013338438235223293,0.0056336987763643265,0.049727678298950195,0.10277724266052246,0.14319606125354767,0.011056241426611798,0.4062107503414154,0.14478957653045654,2.7862811595214074,0.007589172571897507,0.0013337137643247843,0.06354624778032303,0.11690209060907364,0.15769869089126587,0.014547325102880659,0.3865005075931549,0.1873466670513153,2.05206980109636,0.008743436075747013,0.0020585982128977776,0.03983009234070778,0.07677967846393585,0.10842294245958328,0.004934842249657064,0.28968673944473267,0.11877692490816116,2.418552151567171,0.005672384053468704,0.0007116770138964057
G04_s30,G04,1,high,1_high,test,278,127.59712230215827,0.521166330435993,0.9474428060708501,0.19447061419487,0.1986108273267746,0.39962121844291687,0.07104595336076817,0.6100781559944153,0.20519207417964935,2.9587856779735935,0.023542800918221474,0.009523095563054085,0.3580281138420105,0.3140333294868469,0.7706062197685242,0.328261316872428,0.7507168054580688,0.5495384931564331,1.3636045704160344,0.026115214452147484,0.005390433594584465,0.3038521409034729,0.2836671769618988,0.7097102403640747,0.2529389574759945,0.6837604641914368,0.4679437279701233,1.4580863830958404,0.023504536598920822,0.004395316354930401,0.25387993454933167,0.2350112497806549,0.5455244779586792,0.13314128943758574,0.534475564956665,0.36762794852256775,1.4499051607421567,0.02361784316599369,0.005834686104208231,0.2648022770881653,0.24352708458900452,0.6078853011131287,0.18836762688614542,0.5286533236503601,0.4152008295059204,1.2701880586781484,0.01826580986380577,0.002796576824039221
G04_s31,G04,1,high,1_high,test,119,146.84873949579833,0.5992279907420511,0.9457265772052504,0.12890833616256714,0.1405768096446991,0.2083333283662796,0.025997942386831275,0.5595251321792603,0.15959228575229645,3.4841345557674717,0.011830068193376064,0.003682292066514492,0.12252196669578552,0.18014316260814667,0.3510030508041382,0.046947873799725655,0.5515926480293274,0.26368042826652527,2.0839948448091903,0.01526650134474039,0.002977147465571761,0.08093038201332092,0.12658563256263733,0.23894254863262177,0.019166666666666665,0.40666186809539795,0.17012356221675873,2.3764224097923328,0.010504540987312794,0.001348655903711915,0.11842130124568939,0.18216544389724731,0.2799536883831024,0.04342592592592592,0.5224905610084534,0.23770485818386078,2.1888559997635597,0.01621834747493267,0.004573896061629057,0.07204952836036682,0.12441247701644897,0.1987455189228058,0.018665980795610427,0.3408766984939575,0.15678587555885315,2.1603752381930574,0.010077274404466152,0.0018063739407807589
G04_s32,G04,1,high,1_high,test,227,148.12775330396477,0.5738856306260703,0.9434530742446904,0.17264339327812195,0.18261511623859406,0.3632102310657501,0.0538443072702332,0.5634999871253967,0.17939619719982147,3.1236799659430647,0.019969265908002853,0.007449043449014425,0.215452179312706,0.2201705127954483,0.5155546069145203,0.11013374485596708,0.55828458070755,0.3376225531101227,1.6486928457065633,0.019731836393475533,0.0032633624505251646,0.17429539561271667,0.19182424247264862,0.44899168610572815,0.071639231824417,0.48460960388183594,0.27454686164855957,1.7587193734760116,0.017060397192835808,0.0024122705217450857,0.1973702758550644,0.21485844254493713,0.45653000473976135,0.07692729766803841,0.4921776354312897,0.29070061445236206,1.687269793227219,0.021664222702383995,0.005424007773399353,0.16880454123020172,0.19663764536380768,0.44336917996406555,0.06900205761316873,0.426476389169693,0.2755903899669647,1.54190602652764,0.015883570536971092,0.0025744272861629725
G04_s33,G04,1,high,1_high,test,125,154.672,0.6316177298805267,0.9460325319074068,0.12263847142457962,0.12266046553850174,0.1927083283662796,0.022582304526748972,0.4877718985080719,0.14050954580307007,3.446918691880146,0.010913967154920101,0.003286965424194932,0.11174450069665909,0.18334241211414337,0.31385377049446106,0.048213305898491085,0.5478555560112,0.24028727412223816,2.2705530492820425,0.014443081803619862,0.003028072649613023,0.07530318200588226,0.13578994572162628,0.21470937132835388,0.027109053497942386,0.4212813675403595,0.15840433537960052,2.6428476147598694,0.010384689085185528,0.001505845575593412,0.10298578441143036,0.16971929371356964,0.25568249821662903,0.03789437585733882,0.46565255522727966,0.2005177140235901,2.3107276572855993,0.014537029899656773,0.004103845451027155,0.06640277057886124,0.13120730221271515,0.1645161360502243,0.02435528120713306,0.3543802499771118,0.14131498336791992,2.4901120148463214,0.009057066403329372,0.00141557352617383
G04_s34,G04,1,high,1_high,test,65,195.2,0.6189997734024804,0.9488238013652057,0.11806782335042953,0.13036538660526276,0.14678029716014862,0.024183813443072702,0.6169264316558838,0.167461097240448,3.662129962120168,0.009039705619215965,0.0026842348743230104,0.08376897126436234,0.18259240686893463,0.23339147865772247,0.04046982167352538,0.662599503993988,0.2532896101474762,2.605688465249174,0.01205187477171421,0.0029443183448165655,0.04883253946900368,0.11305201053619385,0.12802915275096893,0.01596707818930041,0.4441794753074646,0.13947243988513947,3.1620400106288336,0.007515552453696728,0.0011441444512456656,0.0806480422616005,0.18038447201251984,0.17209447920322418,0.03284636488340192,0.6413148641586304,0.21897555887699127,2.915391452726114,0.011072519235312939,0.0031184230465441942,0.046042732894420624,0.11013630032539368,0.10252688080072403,0.01685528120713306,0.4115825295448303,0.1317625641822815,3.1001399534565497,0.006697087083011866,0.0010410669492557645
G04_s35,G04,1,high,1_high,test,225,158.29333333333332,0.5332350899959839,0.9441345397343971,0.15406711399555206,0.14380639791488647,0.311553031206131,0.03961248285322359,0.4634224474430084,0.15973880887031555,2.8830775262052537,0.015418170019984245,0.00401886273175478,0.2580389380455017,0.25004908442497253,0.608518660068512,0.17068930041152264,0.6006805896759033,0.41583144664764404,1.4410635150175477,0.019946783781051636,0.0034227422438561916,0.19878163933753967,0.2170717418193817,0.5222080945968628,0.11082990397805213,0.5181950330734253,0.3225795030593872,1.6014457905212862,0.01616528630256653,0.002362716244533658,0.1901540458202362,0.19940605759620667,0.43367138504981995,0.06797325102880658,0.4545931816101074,0.2815239429473877,1.6090430314246424,0.017763519659638405,0.003635633969679475,0.165689617395401,0.18669795989990234,0.4281361997127533,0.05974965706447188,0.4021359086036682,0.27067500352859497,1.4802094538717534,0.012306936085224152,0.0015328441513702273
G04_s36,G04,1,high,1_high,test,47,121.74468085106383,0.653341751730405,0.9258824138425912,0.12993930280208588,0.1769125759601593,0.18371212482452393,0.026155692729766804,1.0262565612792969,0.25042444467544556,4.081769227348014,0.01212361827492714,0.0069342260248959064,0.1167757660150528,0.1959625482559204,0.3963512182235718,0.05185871056241426,0.6099532246589661,0.36169224977493286,1.6817376854274386,0.011613337323069572,0.002245706506073475,0.08003462105989456,0.14325566589832306,0.29672935605049133,0.02081275720164609,0.4274229407310486,0.24009943008422852,1.7728077606061847,0.00798917654901743,0.0010245234007015824,0.09326715022325516,0.16853784024715424,0.2668549418449402,0.026354595336076817,0.4459628164768219,0.29580315947532654,1.502554141489505,0.010733798146247864,0.0032026520930230618,0.0697539672255516,0.12616994976997375,0.2543010711669922,0.014972565157750342,0.296720415353775,0.1961623728275299,1.5049545767707648,0.006874517071992159,0.0008996803662739694
G04_s37,G04,1,high,1_high,test,238,132.80672268907563,0.5418775136167401,0.9447399369568926,0.17290470004081726,0.18007442355155945,0.3432765007019043,0.049506172839506174,0.5593367218971252,0.18249376118183136,3.048260160425051,0.01914529874920845,0.006980558391660452,0.2826842665672302,0.23967528343200684,0.5769007205963135,0.16955761316872428,0.5901939868927002,0.42816245555877686,1.3752227839321534,0.019613033160567284,0.0033092054072767496,0.22935886681079865,0.20785215497016907,0.5073716044425964,0.1052400548696845,0.5137144923210144,0.3503929078578949,1.461937565708535,0.01719602383673191,0.0023359728511422873,0.22662363946437836,0.20838290452957153,0.46564775705337524,0.0804766803840878,0.49271735548973083,0.3222920000553131,1.5240629381655908,0.02120169997215271,0.004816695116460323,0.2139231115579605,0.20411649346351624,0.4627240002155304,0.0744718792866941,0.4310442805290222,0.32967397570610046,1.3035325190275324,0.015015422366559505,0.002501189475879073
G04_s38,G04,1,high,1_high,test,137,144.62043795620437,0.5578102894693717,0.9438624210257834,0.1253124177455902,0.13070400059223175,0.2026515156030655,0.0220679012345679,0.4900030195713043,0.14973223209381104,3.25081777642848,0.010867243632674217,0.0035291409585624933,0.13571667671203613,0.2106948047876358,0.4380723834037781,0.07134430727023319,0.5551565289497375,0.3269224166870117,1.692950834403039,0.013371114619076252,0.0032001372892409563,0.10002647340297699,0.16245490312576294,0.35274529457092285,0.0364917695473251,0.42960599064826965,0.24168646335601807,1.7702099437579382,0.009731880389153957,0.0013905663508921862,0.1110047772526741,0.17589236795902252,0.31295740604400635,0.03422153635116598,0.444406658411026,0.2385864108800888,1.8548909213112599,0.01310860738158226,0.003571737091988325,0.088624507188797,0.1496773511171341,0.29713261127471924,0.02094307270233196,0.3549228608608246,0.21257832646369934,1.661792498974135,0.008502204902470112,0.0014496215153485537
G04_s39,G04,1,high,1_high,test,157,162.79617834394904,0.577672323346604,0.9466064130122276,0.1366795152425766,0.14181052148342133,0.24668560922145844,0.03217764060356653,0.49647560715675354,0.16199547052383423,3.045947261977171,0.01236305944621563,0.0037783156149089336,0.17082636058330536,0.23323045670986176,0.49876436591148376,0.09929012345679013,0.5827539563179016,0.3802204430103302,1.5286534785914152,0.014989731833338737,0.0033195598516613245,0.12826226651668549,0.1875264197587967,0.4177258014678955,0.06188957475994513,0.49366745352745056,0.288307249546051,1.7063777499598056,0.011248438619077206,0.0015531667741015553,0.13190746307373047,0.17284587025642395,0.36252719163894653,0.03930384087791495,0.43326079845428467,0.26639866828918457,1.620280314880718,0.0128916772082448,0.002393486676737666,0.11438610404729843,0.17985354363918304,0.36881721019744873,0.043316186556927296,0.413275808095932,0.2579672634601593,1.5958612010413904,0.009942893870174885,0.0016201881226152182
G04_s40,G04,1,high,1_high,test,112,140.21428571428572,0.6109834312080912,0.9432782632555595,0.12136003375053406,0.1315094530582428,0.17286932468414307,0.024334705075445818,0.5614741444587708,0.1458044946193695,3.8246386523419793,0.011340881697833538,0.0037870744708925486,0.12052341550588608,0.20950986444950104,0.3406745195388794,0.05302469135802469,0.6463147401809692,0.2648203670978546,2.431396612822545,0.016854267567396164,0.004831548780202866,0.07340676337480545,0.13415829837322235,0.21386206150054932,0.022232510288065842,0.4479012191295624,0.15352410078048706,2.898584860660922,0.010735505260527134,0.0017368990229442716,0.1023973673582077,0.21104031801223755,0.2425837367773056,0.032623456790123455,0.5099387764930725,0.21508730947971344,2.359873783059649,0.014069057069718838,0.003826139960438013,0.05642516538500786,0.09858391433954239,0.16738350689411163,0.009742798353909465,0.294216126203537,0.11403410136699677,2.557642670366854,0.007893247529864311,0.0010318849235773087
G04_s41,G04,1,high,1_high,test,110,164.35454545454544,0.5944154260312803,0.9417597872024907,0.10842885822057724,0.09127142280340195,0.14346590638160706,0.01217764060356653,0.3986353874206543,0.1194164976477623,3.310471531789001,0.007909801788628101,0.0015382833080366254,0.11570603400468826,0.17656242847442627,0.35135921835899353,0.035939643347050756,0.42691314220428467,0.29421716928482056,1.446098623730133,0.013905253261327744,0.0030457305256277323,0.06533457338809967,0.10170139372348785,0.20106761157512665,0.006069958847736625,0.29727256298065186,0.15941336750984192,1.8531657778608328,0.007900189608335495,0.0008557141991332173,0.07812471687793732,0.10924617946147919,0.1822267472743988,0.010432098765432099,0.2716182768344879,0.16322213411331177,1.6539687436230355,0.009408527985215187,0.0017556912498548627,0.0477650910615921,0.0760837122797966,0.13261649012565613,0.002808641975308642,0.18634571135044098,0.11751475930213928,1.572341811667311,0.0054770163260400295,0.0005031827604398131
G04_s42,G04,1,high,1_high,test,222,154.95945945945945,0.5665528409037909,0.9465467319635381,0.16590093076229095,0.1673215627670288,0.342803031206131,0.050006858710562416,0.5235657095909119,0.17456673085689545,2.9821464866123786,0.017651671543717384,0.0056948596611619,0.25447797775268555,0.26217371225357056,0.596532940864563,0.1590363511659808,0.6132661700248718,0.40102893114089966,1.5254279543626663,0.020978406071662903,0.004671712871640921,0.20187707245349884,0.21960267424583435,0.5108540654182434,0.10615226337448559,0.5282577276229858,0.32463037967681885,1.6222618053858189,0.01712729223072529,0.0026788036338984966,0.21352730691432953,0.22293595969676971,0.4892768859863281,0.09430384087791495,0.5175088047981262,0.32443445920944214,1.5902089964759063,0.02008574642241001,0.004210326354950666,0.195216104388237,0.23306281864643097,0.48476701974868774,0.09241769547325103,0.48573237657546997,0.3175056576728821,1.5250353168744537,0.01615525782108307,0.003143557347357273
G04_s43,G04,1,high,1_high,test,126,170.26984126984127,0.6079157256041372,0.9470709215205173,0.14401240646839142,0.15407006442546844,0.26799243688583374,0.03720507544581619,0.5817074775695801,0.1778939962387085,3.2516880935085966,0.013299900107085705,0.0036031773779541254,0.1461930125951767,0.1881972700357437,0.37178370356559753,0.045891632373113854,0.527256190776825,0.2747018039226532,1.9124147295196665,0.014054368250072002,0.0019420285243541002,0.1109783947467804,0.1525731086730957,0.2929164469242096,0.029489026063100138,0.4547951817512512,0.21220609545707703,2.133124668768259,0.011264140717685223,0.0012973994016647339,0.14743231236934662,0.19295500218868256,0.3621419370174408,0.051093964334705075,0.5015560388565063,0.2793985605239868,1.7887254410979778,0.01547124795615673,0.0034775452222675085,0.1003301590681076,0.1499953269958496,0.2620071768760681,0.030703017832647464,0.3830801844596863,0.20302024483680725,1.8776577038524114,0.010234221816062927,0.001408725162036717
G04_s44,G04,1,high,1_high,test,201,160.5820895522388,0.5370873597479667,0.9449584177008774,0.15016089379787445,0.14920786023139954,0.2973484992980957,0.034382716049382714,0.4765184223651886,0.16863855719566345,2.809021900696583,0.01492325495928526,0.004136407747864723,0.23901577293872833,0.2518247067928314,0.5609099864959717,0.15055898491083677,0.6125189661979675,0.4068342447280884,1.5018821349991018,0.017571333795785904,0.0035779557656496763,0.17744456231594086,0.20237202942371368,0.4647517502307892,0.07621399176954732,0.4962676465511322,0.30207088589668274,1.6374639387839798,0.013429657556116581,0.0016034297877922654,0.1730860471725464,0.19996681809425354,0.3923204243183136,0.05455761316872428,0.4482702910900116,0.2750073969364166,1.6241241940094775,0.017405061051249504,0.004395957570523024,0.14832301437854767,0.18410614132881165,0.37885305285453796,0.04411522633744856,0.3979423940181732,0.25410422682762146,1.5599208173334975,0.011745809577405453,0.0020183497108519077
G04_s45,G04,1,high,1_high,test,144,151.61805555555554,0.5320994444999694,0.9461128987205194,0.12621590495109558,0.11635009944438934,0.20738635957241058,0.024080932784636487,0.45826011896133423,0.1488751769065857,3.057611863550686,0.010426496155560017,0.002641848986968398,0.16406844556331635,0.23397362232208252,0.49890971183776855,0.09945473251028807,0.631011962890625,0.4120938181877136,1.527527005025012,0.012329328805208206,0.0018769031157717109,0.11951248347759247,0.18575091660022736,0.3912048935890198,0.057362825788751716,0.5150418877601624,0.3054680824279785,1.6805726837188655,0.009306218475103378,0.0011509336763992906,0.12421280145645142,0.18646612763404846,0.3770385682582855,0.0488923182441701,0.4775770306587219,0.298893004655838,1.5924913994135905,0.011433192528784275,0.0027031167410314083,0.10505393147468567,0.1647510528564453,0.342293918132782,0.03850137174211248,0.41085925698280334,0.2719593644142151,1.505203010215563,0.007495538331568241,0.000993580324575305
G04_s46,G04,1,high,1_high,test,193,162.66321243523316,0.5547702374630958,0.9449806189786587,0.13833729922771454,0.13411234319210052,0.2608901560306549,0.029588477366255143,0.4404715895652771,0.1569821834564209,2.7881092660475884,0.012618073262274265,0.003432187717407942,0.2229006141424179,0.24645991623401642,0.5713766813278198,0.14421124828532236,0.6009392738342285,0.42152106761932373,1.4222705561646767,0.01627671718597412,0.0024503625463694334,0.16679416596889496,0.2050338089466095,0.4574733078479767,0.08012688614540467,0.5033035278320312,0.31621053814888,1.586654500096747,0.012983877211809158,0.0017267295625060797,0.15533003211021423,0.18227608501911163,0.39617300033569336,0.048257887517146776,0.4359082281589508,0.2699744403362274,1.6086691704873424,0.013750365003943443,0.0025646586436778307,0.14783865213394165,0.19381560385227203,0.4032258093357086,0.053786008230452674,0.41965535283088684,0.2833981513977051,1.475591000744716,0.011316440999507904,0.002192520070821047
G04_s47,G04,1,high,1_high,test,89,145.31460674157304,0.5344126640207467,0.9446216196328407,0.10263490676879883,0.07699822634458542,0.13210226595401764,0.007290809327846365,0.3844919502735138,0.11863981187343597,3.2137458614550347,0.0061637116596102715,0.0009947660146281123,0.09460695832967758,0.15643227100372314,0.3100014626979828,0.024626200274348423,0.46940159797668457,0.29343509674072266,1.594244718692745,0.009384937584400177,0.0017028130823746324,0.05648394674062729,0.09929545968770981,0.19683104753494263,0.005545267489711934,0.32717612385749817,0.18016277253627777,1.8059787851391007,0.005778736434876919,0.000561217893846333,0.0740356296300888,0.11963958293199539,0.21574413776397705,0.011532921810699589,0.34109848737716675,0.20758913457393646,1.6352648860349006,0.007497298996895552,0.0012897677952423692,0.05170785263180733,0.09427950531244278,0.1758064478635788,0.005668724279835391,0.25897127389907837,0.17036131024360657,1.511258717215256,0.004741732031106949,0.0004926567198708653
G04_s48,G04,1,high,1_high,test,106,151.78301886792454,0.56360845149942,0.9502511105204412,0.11621514707803726,0.11164165288209915,0.17613635957241058,0.01386488340192044,0.4610309898853302,0.15202194452285767,3.012842316981952,0.008676351979374886,0.0023973046336323023,0.1330617368221283,0.1843603253364563,0.3604448437690735,0.04329218106995885,0.5297631621360779,0.33197879791259766,1.5909816644696202,0.011438800022006035,0.0023994846269488335,0.08815617859363556,0.12704478204250336,0.2501271069049835,0.014324417009602195,0.389426589012146,0.2178279161453247,1.779601962454945,0.007585638668388128,0.0008311489946208894,0.11645752936601639,0.16637352108955383,0.29292401671409607,0.026577503429355283,0.46847689151763916,0.26105883717536926,1.787678280828726,0.011162420734763145,0.0027271779254078865,0.08137398958206177,0.11831548064947128,0.2338709682226181,0.012050754458161866,0.3144650161266327,0.20378760993480682,1.535566610825436,0.007116252090781927,0.0008446137071587145
G04_s49,G04,1,high,1_high,test,110,146.11818181818182,0.5764204257480869,0.949070496722477,0.1166471615433693,0.1092599481344223,0.17424242198467255,0.015497256515775035,0.46486344933509827,0.14169789850711823,3.257675510280268,0.009196855127811432,0.0022156396880745888,0.12137067317962646,0.17120522260665894,0.33296990394592285,0.030943072702331962,0.4853692650794983,0.2802000939846039,1.7260636659178108,0.011889881454408169,0.0023029816802591085,0.08401688188314438,0.12123481184244156,0.2521606385707855,0.011234567901234569,0.3671240210533142,0.18857765197753906,1.936536386139072,0.008392754942178726,0.0009278028155677021,0.10884564369916916,0.1506136804819107,0.27237698435783386,0.023175582990397806,0.39186403155326843,0.2318420261144638,1.682960924591123,0.01220664568245411,0.0028702071867883205,0.0711318626999855,0.10612531006336212,0.20967741310596466,0.008988340192043896,0.26617956161499023,0.16030676662921906,1.6501450446082808,0.007282269652932882,0.0008595010731369257
G06_s01,G06,3,high,3_high,test,375,135.392,0.5508874280923938,0.9468498865470814,0.23338177800178528,0.19933487474918365,0.5104166865348816,0.10406378600823045,0.587626039981842,0.1974107176065445,2.9616648085872326,0.02930963784456253,0.008921690285205841,0.2957478165626526,0.1846139132976532,0.5481901168823242,0.14132716049382715,0.4595726430416107,0.3426854610443115,1.3371896548814377,0.017556272447109222,0.0020908997394144535,0.2864741384983063,0.2019742727279663,0.5722843408584595,0.15618998628257888,0.46918630599975586,0.3338581323623657,1.4011495037905404,0.01915895752608776,0.002354769501835108,0.29488641023635864,0.18614865839481354,0.5328109860420227,0.12421810699588477,0.42303091287612915,0.33967357873916626,1.241748521977453,0.023318083956837654,0.0038505569100379944,0.3251460790634155,0.2651534676551819,0.6315411925315857,0.20925925925925926,0.4910074472427368,0.389934778213501,1.255983029922662,0.022332971915602684,0.005033557768911123
G06_s02,G06,3,high,3_high,test,175,160.38285714285715,0.5432874743703654,0.9550692588201881,0.1270238161087036,0.10151312500238419,0.22064393758773804,0.01629286694101509,0.3847178816795349,0.1278170645236969,2.986544392251409,0.010657798498868942,0.001899850438348949,0.12376516312360764,0.10036194324493408,0.2507631778717041,0.005363511659807956,0.2485623061656952,0.18568456172943115,1.3314561411132955,0.010596632026135921,0.0007435053121298552,0.07181980460882187,0.0652967318892479,0.14980511367321014,0.001491769547325103,0.1782875955104828,0.10539539158344269,1.6757078747217846,0.006786763668060303,0.000339567253831774,0.10568897426128387,0.10204894095659256,0.18723508715629578,0.01139917695473251,0.20124360918998718,0.14960478246212006,1.336236511882375,0.009069657884538174,0.0014005823759362102,0.05846066772937775,0.05721912160515785,0.10985662788152695,0.0020781893004115227,0.12219833582639694,0.08668436110019684,1.3936160826531085,0.00533787626773119,0.0003350685874465853
G06_s03,G06,3,high,3_high,test,216,148.7962962962963,0.5250624808751924,0.9510487480764264,0.15497839450836182,0.14209312200546265,0.29971590638160706,0.0374519890260631,0.4792931377887726,0.16363605856895447,2.9112282081754914,0.015248498879373074,0.0037781130522489548,0.20873229205608368,0.1824324131011963,0.4643843472003937,0.07946159122085047,0.4407060146331787,0.33025598526000977,1.3304092129452674,0.013615655712783337,0.001170617644675076,0.16311122477054596,0.1899360865354538,0.4487375020980835,0.0740363511659808,0.4118667244911194,0.2717456519603729,1.5100762249766655,0.011097978800535202,0.0011632945388555527,0.16435463726520538,0.16272935271263123,0.37806591391563416,0.04621742112482853,0.3376465141773224,0.2512900233268738,1.3383268578157703,0.012412052601575851,0.001805081032216549,0.16553811728954315,0.21267220377922058,0.4840501844882965,0.09060356652949246,0.3941197097301483,0.2858661115169525,1.3738803361820504,0.009144998155534267,0.0009842364815995097
G06_s04,G06,3,high,3_high,test,180,151.82777777777778,0.5573442901490359,0.9551772359088824,0.1290382742881775,0.10745996236801147,0.21590909361839294,0.018607681755829903,0.40023598074913025,0.12769821286201477,3.109879864285666,0.011129590682685375,0.0025694218929857016,0.15418097376823425,0.12139962613582611,0.31472596526145935,0.008868312757201647,0.27581584453582764,0.24141259491443634,1.1377950251849807,0.012248405255377293,0.0013284290907904506,0.09601528942584991,0.09278266876935959,0.21767497062683105,0.003305898491083676,0.21426226198673248,0.15202440321445465,1.4001836144164312,0.007784540299326181,0.0005163713358342648,0.12900348007678986,0.12494176626205444,0.2735327482223511,0.017325102880658437,0.2313884198665619,0.19258710741996765,1.1952677166903896,0.010575223714113235,0.0017760359914973378,0.08893178403377533,0.10475960373878479,0.2016129046678543,0.008271604938271605,0.17832353711128235,0.1437326967716217,1.2320888167562074,0.006598092149943113,0.0004942345549352467
G06_s05,G06,3,high,3_high,test,222,155.68018018018017,0.5140014198833411,0.9517792528280732,0.15875433385372162,0.13702067732810974,0.3068181872367859,0.03746227709190672,0.4590426981449127,0.16697441041469574,2.732813272043204,0.01493265014141798,0.0033914607483893633,0.2243405282497406,0.18315182626247406,0.47768571972846985,0.08667009602194788,0.45217061042785645,0.3376571536064148,1.3351869453003384,0.014350241050124168,0.0013902249047532678,0.18152333796024323,0.18806129693984985,0.4561091363430023,0.0759567901234568,0.42323195934295654,0.28397896885871887,1.4851340119515204,0.012197382748126984,0.0012863539159297943,0.1822553128004074,0.16808342933654785,0.41609081625938416,0.0596639231824417,0.3567754626274109,0.2691437900066376,1.3206872629522401,0.013819143176078796,0.0018372988561168313,0.18861521780490875,0.214187890291214,0.4887096881866455,0.09237997256515774,0.41278138756752014,0.30343958735466003,1.355872904553133,0.010528898797929287,0.0012218751944601536
G06_s06,G06,3,high,3_high,test,136,171.5808823529412,0.5735411847010107,0.955396976074708,0.12040975689888,0.09017206728458405,0.18371212482452393,0.01107681755829904,0.3739861845970154,0.12464020401239395,2.9766442002921534,0.008568511344492435,0.0012726177228614688,0.13398507237434387,0.10618917644023895,0.277729332447052,0.006093964334705076,0.25125250220298767,0.22406259179115295,1.1163672301265315,0.010353311896324158,0.0005959253758192062,0.07131292670965195,0.06247321516275406,0.14997458457946777,0.0002469135802469136,0.17153020203113556,0.11611060798168182,1.4646854370183606,0.0054018497467041016,0.00016934503219090402,0.09652454406023026,0.08204749971628189,0.17991520464420319,0.007074759945130316,0.171934112906456,0.14249809086322784,1.1981630687360945,0.006890779361128807,0.00043409946374595165,0.06303179264068604,0.061957161873579025,0.11989247053861618,0.0010939643347050755,0.13019980490207672,0.10147874057292938,1.270505513379329,0.004328573122620583,0.00014840703806839883
G06_s07,G06,3,high,3_high,test,265,135.70943396226414,0.5328737933625469,0.94963935375947,0.16956408321857452,0.1530608981847763,0.34185606241226196,0.050222908093278465,0.4997548460960388,0.17212314903736115,2.886701454282052,0.017786076292395592,0.0047173043712973595,0.24780809879302979,0.192046657204628,0.5271114706993103,0.1206721536351166,0.46662449836730957,0.3590576648712158,1.2959715731484571,0.016083285212516785,0.0016086037503555417,0.20064860582351685,0.19404251873493195,0.4938993453979492,0.095960219478738,0.43352511525154114,0.30480605363845825,1.4176472639880433,0.014046317897737026,0.0016109209973365068,0.21042326092720032,0.18393298983573914,0.4574289321899414,0.07599794238683127,0.3863998055458069,0.296391099691391,1.299298485888724,0.01680690608918667,0.002946671564131975,0.2036130130290985,0.22226163744926453,0.5089605450630188,0.10665637860082304,0.4235338568687439,0.31772300601005554,1.328846204642603,0.012758447788655758,0.0019021203042939305
G06_s08,G06,3,high,3_high,test,177,165.14689265536722,0.5715112391184556,0.9542574567661894,0.13444237411022186,0.11326681077480316,0.24763257801532745,0.023617969821673527,0.4182100296020508,0.13258548080921173,3.130654821681879,0.011981485411524773,0.0023281979374587536,0.15819959342479706,0.12150861322879791,0.31552550196647644,0.014931412894375858,0.2896004319190979,0.242582306265831,1.1889222840473705,0.011395207606256008,0.0008219181327149272,0.09692738950252533,0.09009236842393875,0.21030333638191223,0.004543895747599451,0.21768498420715332,0.14549188315868378,1.4859866602394027,0.007236384321004152,0.00030505587346851826,0.1369113326072693,0.12328265607357025,0.27545902132987976,0.02091906721536351,0.22726231813430786,0.19363491237163544,1.1676338811218705,0.010371939279139042,0.0013495603343471885,0.0795440748333931,0.08811596035957336,0.16379928588867188,0.005006858710562414,0.15864859521389008,0.12085066735744476,1.3019920091902315,0.005665139760822058,0.00039170353556983173
G06_s09,G06,3,high,3_high,test,138,181.9927536231884,0.5348790405945046,0.9558033549535252,0.1225830540060997,0.09548559039831161,0.20217803120613098,0.010198902606310014,0.37335455417633057,0.1317366063594818,2.812747473482929,0.00864745955914259,0.001153137069195509,0.1344345211982727,0.13939596712589264,0.2836240828037262,0.01997599451303155,0.3151174485683441,0.22243668138980865,1.4103210207396017,0.01040041632950306,0.000946015294175595,0.0737767443060875,0.09516718983650208,0.14972038567066193,0.011056241426611798,0.2183515578508377,0.11868388205766678,1.8244023681119426,0.0058623747900128365,0.00037102162605151534,0.10527732223272324,0.11656008660793304,0.1876203417778015,0.0148559670781893,0.23008061945438385,0.15391196310520172,1.485234676795972,0.007333508692681789,0.0008054883219301701,0.06251966208219528,0.08071534335613251,0.11363799124956131,0.008185871056241427,0.16350984573364258,0.099070705473423,1.633943170082556,0.0045134443789720535,0.0002560066932346672
G06_s10,G06,3,high,3_high,test,245,144.45714285714286,0.5400626660726097,0.9498939041618544,0.15730251371860504,0.128361776471138,0.30539771914482117,0.03545267489711934,0.4426402151584625,0.15344347059726715,2.8660338533359466,0.015045875683426857,0.0031557416077703238,0.21098685264587402,0.17103856801986694,0.44549354910850525,0.0708641975308642,0.3900432288646698,0.3011780381202698,1.2907729207952194,0.014490995556116104,0.001366005977615714,0.16745270788669586,0.17557074129581451,0.4223860502243042,0.0645233196159122,0.3616732656955719,0.24774566292762756,1.453988228131642,0.012312457896769047,0.0013804419431835413,0.17512042820453644,0.14089936017990112,0.35623466968536377,0.03385802469135803,0.29463866353034973,0.23708228766918182,1.237549699370134,0.013501396402716637,0.0017713347915560007,0.16672179102897644,0.19422583281993866,0.4448028802871704,0.07493141289437585,0.33293136954307556,0.25354814529418945,1.3079308401885863,0.011607114225625992,0.0017498943489044905
G06_s11,G06,3,high,3_high,test,200,156.065,0.5247525973785137,0.9549085701861868,0.13391605019569397,0.09907343983650208,0.24289773404598236,0.01472565157750343,0.3743203580379486,0.13164658844470978,2.821937318003276,0.011185776442289352,0.0016174797201529145,0.14129677414894104,0.09688015282154083,0.271841824054718,0.002935528120713306,0.24754491448402405,0.20579294860363007,1.1970665158341798,0.009617317467927933,0.0005131604266352952,0.09080217778682709,0.07799847424030304,0.19328080117702484,0.001056241426611797,0.18922829627990723,0.13329395651817322,1.4090604014209684,0.006843640003353357,0.00031241061515174806,0.12169674038887024,0.1009957417845726,0.23385123908519745,0.009924554183813442,0.19475716352462769,0.16814444959163666,1.1514250925456169,0.009229627437889576,0.0010768441716209054,0.08838842064142227,0.08783107995986938,0.19856630265712738,0.0038991769547325104,0.15706564486026764,0.13416315615177155,1.1620448155553744,0.006291091442108154,0.0004422266501933336
G06_s12,G06,3,high,3_high,test,289,133.76470588235293,0.5351537040957433,0.9523800034206881,0.1689480096101761,0.13791492581367493,0.33712121844291687,0.043343621399176954,0.4602852463722229,0.15678058564662933,2.9172489409000746,0.01783888041973114,0.004147048573940992,0.21893176436424255,0.15707187354564667,0.43247565627098083,0.05828875171467764,0.35798028111457825,0.2839711010456085,1.2561985401364781,0.014593926258385181,0.0014479266246780753,0.1922021061182022,0.17239545285701752,0.4333163797855377,0.06407750342935528,0.34777769446372986,0.25412026047706604,1.3631912017234447,0.014545074664056301,0.0018403662834316492,0.1881399303674698,0.1370777040719986,0.34724533557891846,0.03167695473251029,0.2820533812046051,0.22930648922920227,1.224687077418405,0.01540229469537735,0.002275570062920451,0.1941617876291275,0.1755342334508896,0.4464157819747925,0.0661968449931413,0.3043564558029175,0.26131728291511536,1.1602607819836477,0.012226536870002747,0.0011808689450845122
G06_s13,G06,3,high,3_high,test,216,158.0462962962963,0.5394884460108356,0.9561752588194371,0.1368499994277954,0.10976134240627289,0.2642045319080353,0.01772633744855967,0.38547369837760925,0.12951382994651794,2.953508440719033,0.01246486883610487,0.0023442329838871956,0.14356328547000885,0.10888877511024475,0.2520715296268463,0.004530178326474623,0.2399466633796692,0.1910705268383026,1.2492633166028217,0.010149630717933178,0.0013590733287855983,0.09406167268753052,0.07112052291631699,0.18200305104255676,0.0017455418381344308,0.1817183494567871,0.12503519654273987,1.4418063718825123,0.007204750552773476,0.0003754581557586789,0.1299876719713211,0.09532210975885391,0.2329522967338562,0.007026748971193416,0.19218528270721436,0.16590332984924316,1.1514766235089937,0.00950143113732338,0.0011917848605662584,0.08706885576248169,0.07658416777849197,0.16487455368041992,0.0029012345679012346,0.1415175199508667,0.1183861494064331,1.1853763661401835,0.0060941600240767,0.0003968572709709406
G06_s14,G06,3,high,3_high,test,202,149.17821782178217,0.5302247117546247,0.9540149291682597,0.14266663789749146,0.1188744381070137,0.2613636255264282,0.02821673525377229,0.4338854253292084,0.14469128847122192,2.978115094471917,0.013097548857331276,0.0026835135649889708,0.17334075272083282,0.1605151742696762,0.39082714915275574,0.04667695473251029,0.36109796166419983,0.2806825041770935,1.281932517318072,0.012501773424446583,0.0014422496315091848,0.13069579005241394,0.1572883278131485,0.36570072174072266,0.0456721536351166,0.3221170902252197,0.22291576862335205,1.4385636715342356,0.009942079894244671,0.0010442899074405432,0.13332599401474,0.11833048611879349,0.28881460428237915,0.016289437585733882,0.24552024900913239,0.20134249329566956,1.2133894616508953,0.010390056297183037,0.0011043054983019829,0.12482353299856186,0.15363670885562897,0.36254480481147766,0.041457475994513035,0.27229300141334534,0.21769778430461884,1.2450652039257746,0.008075677789747715,0.0006923301261849701
G06_s15,G06,3,high,3_high,test,126,180.07142857142858,0.551781503737168,0.9568825432928018,0.11608956009149551,0.08681485056877136,0.17376893758773804,0.008669410150891633,0.3652242124080658,0.12139851599931717,2.9838941218053927,0.00813216995447874,0.001086964039131999,0.11012711375951767,0.08813218772411346,0.22895769774913788,0.002750342935528121,0.2184448391199112,0.1870313584804535,1.1617468537441817,0.008957128040492535,0.00040497296140529215,0.05864860489964485,0.05056535452604294,0.12743602693080902,0.00033950617283950616,0.15120047330856323,0.09538326412439346,1.5687419873373658,0.005038537550717592,0.00014027317229192704,0.07884380966424942,0.057776808738708496,0.15191982686519623,0.0005075445816186557,0.1388321965932846,0.11895028501749039,1.157414478615378,0.005770447663962841,0.0002999405551236123,0.04843171313405037,0.03723779693245888,0.09569892287254333,8.573388203017832e-05,0.0997641384601593,0.07570034265518188,1.300700036095852,0.0035920136142522097,9.155494626611471e-05
G06_s16,G06,3,high,3_high,test,140,172.63571428571427,0.5664229687607096,0.9562154078499182,0.11609607934951782,0.08646108210086823,0.1775568127632141,0.00911522633744856,0.35300084948539734,0.11936072260141373,2.932857512449423,0.008303636685013771,0.0011511826887726784,0.11265057325363159,0.09544112533330917,0.2464020997285843,0.002294238683127572,0.22978082299232483,0.1957044154405594,1.1681528473963543,0.009843621402978897,0.0006301701068878174,0.060308266431093216,0.054065436124801636,0.13573969900608063,0.0004663923182441701,0.1547534167766571,0.09829442203044891,1.5585308178660986,0.005413080099970102,0.00020665164629463106,0.08332458138465881,0.06544094532728195,0.1556439846754074,0.0014094650205761317,0.1424897164106369,0.12295269966125488,1.149549116719854,0.0066382791846990585,0.0005516509409062564,0.05216548219323158,0.044290151447057724,0.10483870655298233,0.0006755829903978052,0.10684270411729813,0.08226826786994934,1.2831142865150982,0.004116843454539776,0.00017505878349766135
G06_s17,G06,3,high,3_high,test,153,164.281045751634,0.5508278846857002,0.9567938022383061,0.12125459313392639,0.09981974214315414,0.19554924964904785,0.015593278463648833,0.38869208097457886,0.12582284212112427,3.064842850654238,0.009742873720824718,0.0017525127623230219,0.11306232213973999,0.09187433868646622,0.23360954225063324,0.003930041152263374,0.2259160727262497,0.1871885061264038,1.2004775284974352,0.008995011448860168,0.00042223543277941644,0.06543433666229248,0.06442127376794815,0.13625657558441162,0.0015637860082304527,0.16869929432868958,0.10570413619279861,1.5810005155177385,0.005537239369004965,0.0001976174971787259,0.09302347153425217,0.09383010119199753,0.1562860757112503,0.009056927297668039,0.1738349199295044,0.14190462231636047,1.2164401480637261,0.007258640602231026,0.0007833194686099887,0.058697715401649475,0.06037317216396332,0.11003584414720535,0.002277091906721536,0.12694990634918213,0.09327659010887146,1.346568710244815,0.004589869175106287,0.0002904539869632572
G06_s18,G06,3,high,3_high,test,348,142.83620689655172,0.5410802558861916,0.9453308771709875,0.2189038097858429,0.19764871895313263,0.47585228085517883,0.09097393689986283,0.5693671107292175,0.1997280716896057,2.836509641808615,0.025964297354221344,0.008432435803115368,0.3132754862308502,0.2367042750120163,0.6420264840126038,0.2170130315500686,0.5603004097938538,0.4009004831314087,1.394127236245828,0.02077844738960266,0.0031825327314436436,0.3081951439380646,0.2661930024623871,0.684375524520874,0.23419753086419753,0.5888416171073914,0.40001505613327026,1.4683778279678863,0.02269795909523964,0.0041502974927425385,0.2544173300266266,0.19475769996643066,0.5014767050743103,0.10095679012345679,0.42525264620780945,0.3107497990131378,1.3640831447332813,0.019940856844186783,0.003211250063031912,0.3459165096282959,0.30092403292655945,0.7577061057090759,0.3088443072702332,0.6058171987533569,0.46389901638031006,1.3031156819178316,0.020501432940363884,0.0034549320116639137
G06_s19,G06,3,high,3_high,test,292,143.92123287671234,0.5742732778847606,0.9503546570467255,0.17416253685951233,0.15286171436309814,0.3868371248245239,0.057757201646090536,0.4887363910675049,0.14955012500286102,3.2463366673273573,0.02080029994249344,0.005589477252215147,0.17894546687602997,0.10758843272924423,0.31981393694877625,0.010017146776406036,0.27434292435646057,0.21939943730831146,1.2447532884246382,0.01267328578978777,0.0008932920172810555,0.14672379195690155,0.11034516245126724,0.2951194643974304,0.011875857338820302,0.2527431547641754,0.17793743312358856,1.412466639049252,0.011664300225675106,0.0008850147714838386,0.19047555327415466,0.14112640917301178,0.3528957664966583,0.03000342935528121,0.26266300678253174,0.2351241409778595,1.1123936997494919,0.016772912815213203,0.002870416035875678,0.15844236314296722,0.14619457721710205,0.34641575813293457,0.03282235939643347,0.23680566251277924,0.20013833045959473,1.1773273745073143,0.012266423553228378,0.001581299235112965
G06_s20,G06,3,high,3_high,test,359,131.82729805013926,0.5227768304939122,0.9492855040225111,0.2189515382051468,0.18936878442764282,0.4640151560306549,0.0877366255144033,0.5666956305503845,0.20521964132785797,2.748019669229394,0.025883018970489502,0.007696645334362984,0.31640252470970154,0.2243299037218094,0.6280709505081177,0.21064128943758573,0.5409214496612549,0.40585261583328247,1.3295267834357745,0.01925230212509632,0.0024317638017237186,0.31408828496932983,0.24986767768859863,0.6698017120361328,0.22621399176954732,0.5669467449188232,0.4095122814178467,1.3810713359431679,0.021645715460181236,0.0035383282229304314,0.28409531712532043,0.19969257712364197,0.536791980266571,0.1265020576131687,0.4490668773651123,0.35170459747314453,1.2732095940408175,0.02165745571255684,0.003295472590252757,0.36447784304618835,0.2995499074459076,0.7612903118133545,0.317400548696845,0.6068091988563538,0.4855382740497589,1.2471972529632778,0.02206682413816452,0.00422584218904376
G06_s21,G06,3,high,3_high,test,210,148.55714285714285,0.5624339900943407,0.9532199806373666,0.13715095818042755,0.11159426718950272,0.2599431872367859,0.023919753086419752,0.4086185395717621,0.1320417821407318,3.0713549758340184,0.012444366700947285,0.002226100768893957,0.14640924334526062,0.11836357414722443,0.2865242063999176,0.017647462277091908,0.2772921025753021,0.21246337890625,1.2990148661381622,0.010808546096086502,0.0006715232157148421,0.09641905128955841,0.10286174714565277,0.19335706532001495,0.01308641975308642,0.22757762670516968,0.13913600146770477,1.6239768818979496,0.00742800859734416,0.00038138075615279377,0.1329260766506195,0.11507638543844223,0.24964678287506104,0.01963991769547325,0.22527553141117096,0.18155904114246368,1.233987262429652,0.01038359571248293,0.0010854158317670226,0.08872506022453308,0.10704933851957321,0.1663082391023636,0.01363511659807956,0.18806573748588562,0.13103163242340088,1.4243990931112158,0.00639214925467968,0.0004438375763129443
G06_s22,G06,3,high,3_high,test,352,125.5596590909091,0.5159151160133846,0.9517770025566693,0.21553872525691986,0.18744048476219177,0.4588068127632141,0.08627572016460905,0.5765160918235779,0.20019331574440002,2.865483327269159,0.025667043402791023,0.007910246960818768,0.333478182554245,0.20931674540042877,0.6205843687057495,0.21256858710562415,0.5425036549568176,0.4203961491584778,1.2873958531424405,0.020359862595796585,0.0025707220192998648,0.3125658929347992,0.22856616973876953,0.6265887022018433,0.20371399176954733,0.5471451878547668,0.40131455659866333,1.3599935147277857,0.021907685324549675,0.0035593085922300816,0.2766217589378357,0.19198431074619293,0.5217669010162354,0.1159190672153635,0.43057048320770264,0.33986175060272217,1.2631821624055932,0.021561549976468086,0.0037931096740067005,0.33339107036590576,0.24207016825675964,0.6462365388870239,0.24358710562414265,0.5199384093284607,0.43818312883377075,1.1838760990412625,0.018710624426603317,0.002631991868838668
G06_s23,G06,3,high,3_high,test,161,164.40993788819875,0.5766019492971383,0.9555638840901093,0.12371889501810074,0.09551764279603958,0.21070075035095215,0.012897805212620028,0.3744850754737854,0.12452834844589233,2.9832709512242426,0.009551849216222763,0.0012407078174874187,0.11338908970355988,0.08366356790065765,0.2274313122034073,0.0005864197530864197,0.21476256847381592,0.17254693806171417,1.2374898161409524,0.008813627064228058,0.0003882959426846355,0.06384047120809555,0.05108523741364479,0.13489238917827606,2.7434842249657064e-05,0.15074604749679565,0.09365816414356232,1.5925308594424907,0.005259815603494644,0.00014749284309800714,0.09090953320264816,0.06641408801078796,0.16013865172863007,0.0019444444444444444,0.14362174272537231,0.12463492900133133,1.1431673012196344,0.00656478013843298,0.0004828039382118732,0.05504443496465683,0.04084320738911629,0.10806451737880707,7.544581618655693e-05,0.10475338995456696,0.08095114678144455,1.2782419047037095,0.0039624725468456745,0.00010655661026248708
G06_s24,G06,3,high,3_high,test,217,150.26728110599078,0.5452086099665979,0.9540197072312411,0.14645858108997345,0.11991577595472336,0.27840909361839294,0.028148148148148148,0.42617934942245483,0.14440442621707916,2.930992958812666,0.013578756712377071,0.002563240472227335,0.16462676227092743,0.12957186996936798,0.3267916738986969,0.020723593964334704,0.2969183623790741,0.2364938110113144,1.2502151576696399,0.01161894015967846,0.0012034847168251872,0.1235072910785675,0.12470085173845291,0.2945263385772705,0.021392318244170094,0.2661764621734619,0.1833721101284027,1.4436915756297848,0.00931223388761282,0.0007394481217488647,0.15011608600616455,0.1258876621723175,0.3029407262802124,0.021841563786008232,0.2539653480052948,0.20778995752334595,1.2163676405599995,0.011759309098124504,0.0015196539461612701,0.1303650587797165,0.15453533828258514,0.3797490894794464,0.04532921810699588,0.25224295258522034,0.2026904672384262,1.2383640530902307,0.008524283766746521,0.0008241552277468145
G06_s25,G06,3,high,3_high,test,279,134.32258064516128,0.5704201578862796,0.95199474591206,0.16044119000434875,0.14203809201717377,0.3342803120613098,0.04055555555555555,0.4626336991786957,0.14364853501319885,3.198329655647611,0.018092822283506393,0.005000899080187082,0.16016648709774017,0.11432051658630371,0.28674226999282837,0.011793552812071331,0.2659883201122284,0.2048652172088623,1.2920508074094308,0.011155334301292896,0.0011340683558955789,0.12587514519691467,0.10702637583017349,0.2520759105682373,0.012493141289437586,0.24369557201862335,0.16187389194965363,1.4962224399595776,0.009790077805519104,0.0007051650318317115,0.17837268114089966,0.1412247121334076,0.33889809250831604,0.031176268861454047,0.2694106101989746,0.23171313107013702,1.1576940629008914,0.01475648581981659,0.002225132193416357,0.1309013068675995,0.1353345811367035,0.28369176387786865,0.021748971193415637,0.22701023519039154,0.17360997200012207,1.3000989152568723,0.00944350752979517,0.0010244457516819239
G06_s26,G06,3,high,3_high,test,228,161.2061403508772,0.5761755926198211,0.956360085661437,0.14069294929504395,0.11714760214090347,0.28882575035095215,0.026340877914951988,0.40048548579216003,0.1274433583021164,3.1179929510264226,0.013941357843577862,0.002694986993446946,0.1360081434249878,0.08872833847999573,0.2581770718097687,0.001670096021947874,0.21992327272891998,0.18095162510871887,1.208690895712047,0.00949095468968153,0.0004757174465339631,0.09192138910293579,0.06825695186853409,0.1811557412147522,0.0006824417009602194,0.17937259376049042,0.1185818612575531,1.4999983431781614,0.007008572109043598,0.00027423162828199565,0.12765318155288696,0.08760276436805725,0.21561571955680847,0.007537722908093279,0.1794768124818802,0.161336749792099,1.1055833796828634,0.009876344352960587,0.0009838229743763804,0.08191657066345215,0.06017347797751427,0.1503584235906601,0.0012551440329218106,0.13500601053237915,0.10762090981006622,1.242909958758859,0.005955914966762066,0.00028680666582658887
G06_s27,G06,3,high,3_high,test,166,159.6987951807229,0.5207445079081167,0.9570577121317216,0.128145232796669,0.10061921179294586,0.2135416716337204,0.016402606310013716,0.38857758045196533,0.13453885912895203,2.866909039585995,0.010142252780497074,0.0017183972522616386,0.13827568292617798,0.11978621035814285,0.29190289974212646,0.014612482853223594,0.2793312668800354,0.22463765740394592,1.2379638669088153,0.010276563465595245,0.0008956350502558053,0.09256536513566971,0.10916469991207123,0.2132689356803894,0.016368312757201645,0.23368753492832184,0.15930688381195068,1.4577510919771288,0.007223864085972309,0.0005154166137799621,0.11115771532058716,0.10236788541078568,0.22062405943870544,0.010174897119341563,0.2074483036994934,0.1699792593717575,1.2132951356891881,0.0085214301943779,0.001031916937790811,0.0951429158449173,0.12894630432128906,0.25,0.0279320987654321,0.21081063151359558,0.17216722667217255,1.217381808121734,0.006429810076951981,0.0004856325685977936
G06_s28,G06,3,high,3_high,test,147,162.0748299319728,0.5695251499287579,0.957346040798371,0.11695079505443573,0.08499932289123535,0.17424242198467255,0.008480795610425241,0.35337987542152405,0.11985380947589874,2.9240276078512593,0.008390804752707481,0.0012266485719010234,0.11221210658550262,0.09484995901584625,0.24298590421676636,0.0030829903978052127,0.23116187751293182,0.1923195868730545,1.1957499043525626,0.009565846994519234,0.000585567147936672,0.06262553483247757,0.06205841153860092,0.13777326047420502,0.0007167352537722909,0.1648593246936798,0.10674797743558884,1.5300456548451857,0.0055417250841856,0.00023896744824014604,0.08886735886335373,0.08430366963148117,0.17516368627548218,0.005250342935528121,0.16894038021564484,0.14346328377723694,1.1694347227780846,0.006962665356695652,0.0006541844923049212,0.05554797500371933,0.05722762271761894,0.11021505296230316,0.000569272976680384,0.12393839657306671,0.09549424797296524,1.2844122751004856,0.004321772139519453,0.00017614707758184522
G06_s29,G06,3,high,3_high,test,187,152.74866310160428,0.5498752444419753,0.9524917748159609,0.13032002747058868,0.10132135450839996,0.2239583283662796,0.017222222222222222,0.38710808753967285,0.12850718200206757,2.989085868098749,0.010679271072149277,0.0018726339330896735,0.15239861607551575,0.13823822140693665,0.3320249915122986,0.025116598079561042,0.30464377999305725,0.2491420954465866,1.2178828975153784,0.011652463115751743,0.0013549338327720761,0.09900442510843277,0.12094993144273758,0.2437722384929657,0.020963648834019206,0.24382352828979492,0.17101211845874786,1.4174787827420947,0.007848604582250118,0.0006659496575593948,0.11723608523607254,0.11610682308673859,0.24335424602031708,0.018055555555555554,0.21864426136016846,0.1818552017211914,1.1957234976205187,0.008855901658535004,0.0010349873919039965,0.0939861312508583,0.13075275719165802,0.2679211497306824,0.02684156378600823,0.20599734783172607,0.16894157230854034,1.212165716919013,0.006521235220134258,0.0006053929100744426
G06_s30,G06,3,high,3_high,test,293,141.74744027303754,0.5203322427112949,0.9483773168309436,0.18362583220005035,0.1654561311006546,0.38399621844291687,0.062064471879286695,0.5140612721443176,0.17575085163116455,2.9083948812707097,0.020207302644848824,0.005858105607330799,0.2673428952693939,0.2164858877658844,0.5716673731803894,0.15257887517146776,0.500154435634613,0.3677859306335449,1.3562188632722172,0.01881713978946209,0.0024481515865772963,0.24119175970554352,0.24091853201389313,0.5958312153816223,0.15865569272976682,0.5041090846061707,0.34027034044265747,1.4771546919439207,0.018285512924194336,0.003083819057792425,0.20444262027740479,0.16655847430229187,0.4189032018184662,0.05227023319615912,0.3410775363445282,0.2698846757411957,1.2591245164063658,0.016889473423361778,0.002909597707912326,0.2428475171327591,0.24796177446842194,0.6007168292999268,0.16909122085048012,0.4590528607368469,0.34887945652008057,1.3120314787916123,0.015110951848328114,0.002196795539930463
G06_s31,G06,3,high,3_high,test,204,157.58333333333334,0.5708628943536841,0.954388971045336,0.13697591423988342,0.11037314683198929,0.265625,0.022911522633744855,0.40414074063301086,0.12830370664596558,3.1255155100816325,0.012586378492414951,0.00228034146130085,0.1427844911813736,0.10491137951612473,0.2769297957420349,0.008000685871056241,0.2470487505197525,0.2036394327878952,1.2072392263509337,0.01083353254944086,0.0009055945556610823,0.09906981885433197,0.09216541051864624,0.20691408216953278,0.007239368998628258,0.20638707280158997,0.14258511364459991,1.437384890138658,0.007920010946691036,0.00048726555542089045,0.12913261353969574,0.10111959278583527,0.23937325179576874,0.010339506172839507,0.1969345360994339,0.17627409100532532,1.1109042217202398,0.010188492015004158,0.0012967352522537112,0.09190382063388824,0.0957021713256836,0.19103942811489105,0.00887517146776406,0.1644977629184723,0.13692840933799744,1.1926314796784607,0.00656789680942893,0.0003890036605298519
G06_s32,G06,3,high,3_high,test,320,139.2375,0.5244675159143803,0.9480031423788539,0.21149037778377533,0.18305440247058868,0.4379734992980957,0.0777914951989026,0.5582584738731384,0.1985602229833603,2.797443626426931,0.024081623181700706,0.006956327240914106,0.3002939522266388,0.23355360329151154,0.5998691916465759,0.17458504801097394,0.5258029103279114,0.38407018780708313,1.3654729111133739,0.018836360424757004,0.0030561599414795637,0.28062593936920166,0.24212594330310822,0.61777663230896,0.1824622770919067,0.5385765433311462,0.36571305990219116,1.4686592931126972,0.019438955932855606,0.003108314471319318,0.240517720580101,0.16405798494815826,0.4587131142616272,0.07335390946502057,0.3844771385192871,0.29488444328308105,1.2994165365816375,0.018443645909428596,0.0024858606047928333,0.2948182225227356,0.26681292057037354,0.6505376100540161,0.21390946502057614,0.5286878347396851,0.3914414048194885,1.3471764911831,0.017430858686566353,0.002847181400284171
G06_s33,G06,3,high,3_high,test,222,152.44594594594594,0.5780275146331115,0.9544640732383094,0.14443592727184296,0.12900465726852417,0.296875,0.03209876543209877,0.44260692596435547,0.1336948424577713,3.2859975771018766,0.014909166842699051,0.0035212563816457987,0.1489795595407486,0.13201454281806946,0.2771551012992859,0.00916323731138546,0.25851762294769287,0.20863868296146393,1.2331580188147524,0.011776343919336796,0.0019315042300149798,0.10039085149765015,0.08985049277544022,0.20945602655410767,0.006056241426611797,0.2129841297864914,0.13960520923137665,1.5147669915700612,0.00839394610375166,0.0006283606053330004,0.14778028428554535,0.15356941521167755,0.27610111236572266,0.024382716049382715,0.24652282893657684,0.20522555708885193,1.1954038695134324,0.013317289762198925,0.003113045357167721,0.09132421761751175,0.09128879755735397,0.18709677457809448,0.00556241426611797,0.16751612722873688,0.1287187933921814,1.2913790118466648,0.0071150860749185085,0.000668421620503068
G06_s34,G06,3,high,3_high,test,265,158.8679245283019,0.5148110243743831,0.9507339088245609,0.22943483293056488,0.1728666126728058,0.4204545319080353,0.07178669410150891,0.5555195808410645,0.23191221058368683,2.3851028653624957,0.020538022741675377,0.005606379825621843,0.301756888628006,0.2424936592578888,0.6495857238769531,0.2234567901234568,0.5755743980407715,0.42830413579940796,1.3407147754796105,0.019245348870754242,0.0029065515846014023,0.2824394106864929,0.2717427909374237,0.6831130385398865,0.2326474622770919,0.5932117104530334,0.4134477972984314,1.4313303492499432,0.019257785752415657,0.0032981589902192354,0.22699108719825745,0.17187564074993134,0.45896995067596436,0.07236625514403291,0.38573792576789856,0.30420491099357605,1.2638653962419941,0.016635354608297348,0.0024463250301778316,0.3079637885093689,0.3029167950153351,0.7453405261039734,0.28275720164609053,0.5848473906517029,0.465170294046402,1.2545788483757139,0.017764659598469734,0.003262994810938835
G06_s35,G06,3,high,3_high,test,150,161.21333333333334,0.5720958388951352,0.954080022207847,0.1301487535238266,0.09676893055438995,0.19886364042758942,0.016738683127572016,0.4006413221359253,0.13081911206245422,3.0393265124264115,0.009579788893461227,0.0016062000067904592,0.11188964545726776,0.09174061566591263,0.23804332315921783,0.002397119341563786,0.22515849769115448,0.19040818512439728,1.1763263809477253,0.00884892139583826,0.0004303269961383194,0.067311130464077,0.06757263094186783,0.1495509296655655,0.0010733882030178326,0.1690395325422287,0.11219356954097748,1.4933669220585388,0.0055470955558121204,0.00021405941515695304,0.09603697806596756,0.08628447353839874,0.17644788324832916,0.004183813443072702,0.16734817624092102,0.14418280124664307,1.1526721815803955,0.007790768519043922,0.0013257634127512574,0.06237194687128067,0.07134270668029785,0.12580645084381104,0.0036556927297668037,0.12770526111125946,0.10532724112272263,1.2010587292852108,0.004856233485043049,0.00030967063503339887
G06_s36,G06,3,high,3_high,test,276,143.08333333333334,0.5196269620172066,0.9508989655669059,0.18337713181972504,0.16457349061965942,0.3754734992980957,0.059643347050754456,0.5200459957122803,0.18500271439552307,2.795905411393272,0.01951456256210804,0.005404957104474306,0.25456511974334717,0.19292037189006805,0.5314726233482361,0.11995541838134431,0.47899329662323,0.35402587056159973,1.349178570749032,0.01688428968191147,0.0019182761898264289,0.22526291012763977,0.20941855013370514,0.5305880308151245,0.11769890260631001,0.472248911857605,0.3250354528427124,1.4484587726274958,0.016645874828100204,0.002468785736709833,0.22183077037334442,0.18328030407428741,0.47463709115982056,0.08401577503429355,0.4069618880748749,0.3000319302082062,1.351889441739297,0.016896670684218407,0.002647712593898177,0.2525866627693176,0.24600647389888763,0.6096774339675903,0.17573388203017834,0.4908512234687805,0.3774232864379883,1.2970957154594016,0.015672611072659492,0.0023954277858138084
G06_s37,G06,3,high,3_high,test,142,158.68309859154928,0.5688243715966573,0.9546474352187245,0.1199597716331482,0.09808944165706635,0.18513257801532745,0.014986282578875172,0.39954879879951477,0.12422734498977661,3.190587477775987,0.009341355413198471,0.0015542649198323488,0.11558368802070618,0.12970933318138123,0.23884285986423492,0.003227023319615912,0.22779428958892822,0.1945837438106537,1.1646892791328192,0.009409364312887192,0.0015161702176555991,0.06232132390141487,0.058236442506313324,0.1351465880870819,0.0011316872427983538,0.15889689326286316,0.1009775698184967,1.5581553232311134,0.005174186080694199,0.000266843504505232,0.0931343212723732,0.0796336829662323,0.16977009177207947,0.0036831275720164607,0.1639866828918457,0.13881759345531464,1.1728615751368618,0.0071313888765871525,0.001005323138087988,0.05480608344078064,0.047460246831178665,0.10842294245958328,0.000799039780521262,0.11808285862207413,0.08696335554122925,1.3424096647464476,0.0041541061364114285,0.00021445371385198087
G06_s38,G06,3,high,3_high,test,266,144.39473684210526,0.5301074736696549,0.9480503509050244,0.1788582056760788,0.16132821142673492,0.36126893758773804,0.056718106995884775,0.512485146522522,0.18235471844673157,2.795047495172096,0.01888197660446167,0.005210245028138161,0.24693718552589417,0.2095281481742859,0.5415757894515991,0.12529149519890262,0.5006950497627258,0.3567157983779907,1.3997006898578517,0.01735716685652733,0.0023472928442060947,0.22587630152702332,0.22690045833587646,0.5513557195663452,0.12800411522633745,0.5027909874916077,0.3365601599216461,1.4894855708336987,0.017194140702486038,0.002827685559168458,0.2077479064464569,0.17762529850006104,0.43790921568870544,0.0661111111111111,0.393464595079422,0.28761574625968933,1.3632818035000498,0.016987500712275505,0.0028631044551730156,0.24649228155612946,0.25245335698127747,0.6069892644882202,0.1791769547325103,0.494447261095047,0.3790662884712219,1.3009500608010012,0.015994781628251076,0.0026611199136823416
G06_s39,G06,3,high,3_high,test,207,147.40096618357487,0.5656570200164408,0.9542094600454287,0.1370779573917389,0.11832299828529358,0.25710228085517883,0.02624485596707819,0.4248785674571991,0.13246013224124908,3.1835617148135875,0.013176534324884415,0.0030949267093092203,0.13897711038589478,0.12412640452384949,0.2739497125148773,0.010775034293552812,0.2600485682487488,0.20752467215061188,1.2470877693596014,0.01105261780321598,0.0013668129686266184,0.09440836310386658,0.09036019444465637,0.21004913747310638,0.005353223593964335,0.20670290291309357,0.14191745221614838,1.4463097382989731,0.007815353572368622,0.00046093619312159717,0.12641219794750214,0.11014450341463089,0.25131621956825256,0.011574074074074073,0.21261344850063324,0.18442201614379883,1.1466461907940149,0.01059702131897211,0.0012475545518100262,0.08900155127048492,0.09495630860328674,0.19964157044887543,0.007091906721536351,0.16661906242370605,0.13896609842777252,1.1904244263098283,0.006726700346916914,0.0004828462260775268
G06_s40,G06,3,high,3_high,test,260,156.11923076923077,0.5349094776407948,0.9495121226688962,0.18802259862422943,0.1704113781452179,0.38352271914482117,0.061131687242798355,0.5264855027198792,0.19167034327983856,2.7325715715116585,0.0197224672883749,0.0052000959403812885,0.26378488540649414,0.22129400074481964,0.5944178104400635,0.16352194787379973,0.5329799652099609,0.3666249215602875,1.4497928022612487,0.016452690586447716,0.0018778553931042552,0.23888254165649414,0.24856355786323547,0.6240467429161072,0.17385802469135803,0.5387255549430847,0.34356293082237244,1.5635040996932028,0.016342854127287865,0.0025446272920817137,0.2180042713880539,0.18421350419521332,0.47104135155677795,0.08201303155006859,0.41344135999679565,0.29320526123046875,1.4052820070845777,0.016361908987164497,0.0023807655088603497,0.25582584738731384,0.2838468551635742,0.690143346786499,0.21430384087791496,0.5470706224441528,0.3809005916118622,1.432494828392825,0.01495047565549612,0.002296292223036289
G06_s41,G06,3,high,3_high,test,194,150.79896907216494,0.5636070818385873,0.9552466283368479,0.13225804269313812,0.11481337994337082,0.24147726595401764,0.023247599451303155,0.41882142424583435,0.12909013032913208,3.219471171150364,0.012189983390271664,0.00273180496878922,0.1382790505886078,0.10322792828083038,0.27605757117271423,0.005679012345679012,0.25963473320007324,0.2111610770225525,1.2237623264538497,0.010816896334290504,0.0006515109562315047,0.08487746864557266,0.07906617224216461,0.17988476157188416,0.002993827160493827,0.19778859615325928,0.12811656296253204,1.5318607591084574,0.006967284716665745,0.0003576967865228653,0.11250558495521545,0.10560643672943115,0.21497361361980438,0.00945130315500686,0.2021487057209015,0.16422587633132935,1.2234688065175117,0.009255222976207733,0.0011478317901492119,0.07650038599967957,0.08343131840229034,0.15448029339313507,0.00434156378600823,0.1551099270582199,0.11739681661128998,1.310085283521289,0.005649562459439039,0.0003461667220108211
G06_s42,G06,3,high,3_high,test,256,145.109375,0.5258661289274653,0.9527480916862594,0.1630002111196518,0.1507430523633957,0.3342803120613098,0.046834705075445814,0.48342472314834595,0.16693253815174103,2.8786840743842714,0.01704908162355423,0.004323877394199371,0.22734779119491577,0.20686250925064087,0.5329263210296631,0.1221159122085048,0.47415396571159363,0.3438989818096161,1.3747618599040288,0.015145203098654747,0.0020645528566092253,0.18964193761348724,0.2129223793745041,0.5184714198112488,0.11070644718792867,0.45135170221328735,0.29500043392181396,1.524834596467207,0.013486609794199467,0.001896295347250998,0.17692279815673828,0.1593141257762909,0.39386147260665894,0.04448902606310014,0.33825886249542236,0.25412946939468384,1.3258321874692485,0.013707063160836697,0.0019017077283933759,0.18286530673503876,0.21215417981147766,0.5163082480430603,0.11148148148148149,0.3904365599155426,0.2949276268482208,1.319365022028831,0.010595324449241161,0.0011471988400444388
G06_s43,G06,3,high,3_high,test,210,142.95714285714286,0.5471068195329447,0.9564340064010578,0.13410653173923492,0.11159510910511017,0.2495265156030655,0.02156721536351166,0.4078556001186371,0.12670306861400604,3.193780733268181,0.012827593833208084,0.0027641819324344397,0.13433663547039032,0.1045415922999382,0.2794010639190674,0.004855967078189301,0.2542153298854828,0.19927045702934265,1.269360112601313,0.010147565975785255,0.0005644680350087583,0.09162648022174835,0.08551274985074997,0.20005084574222565,0.0025411522633744855,0.2061060518026352,0.13582080602645874,1.5063940769562336,0.007358310744166374,0.0003531570255290717,0.13956257700920105,0.13121730089187622,0.2716064453125,0.02021604938271605,0.2488422840833664,0.19835412502288818,1.248242463278833,0.012210097163915634,0.0021729683503508568,0.08297381550073624,0.08564735949039459,0.17992831766605377,0.004478737997256516,0.16087187826633453,0.12579625844955444,1.2687431019925322,0.006439726799726486,0.00044916951446793973
G06_s44,G06,3,high,3_high,test,168,166.42261904761904,0.5840044938302978,0.9577818015983117,0.12259841710329056,0.09362784773111343,0.2135416716337204,0.011505486968449932,0.36332666873931885,0.1204865425825119,2.9906742015688907,0.010044805705547333,0.0014519441174343228,0.12803642451763153,0.11569783836603165,0.24589329957962036,0.002067901234567901,0.2181423306465149,0.18892423808574677,1.1485755206664474,0.010267401114106178,0.0014251943212002516,0.06655629724264145,0.05158403143286705,0.1366717517375946,0.0002880658436213992,0.14294329285621643,0.09397175908088684,1.5051136699960725,0.005424691829830408,0.00019596780475694686,0.09402544796466827,0.07169653475284576,0.17118269205093384,0.0021433470507544582,0.14063191413879395,0.12516367435455322,1.1146783323984457,0.006898030638694763,0.0006491701933555305,0.055612608790397644,0.04692698270082474,0.10519713163375854,0.0006241426611796982,0.09576119482517242,0.0784023255109787,1.2060250654992697,0.004048187751322985,0.0002481504634488374
G06_s45,G06,3,high,3_high,test,248,139.75806451612902,0.5353499523323586,0.9538856304509808,0.1495903730392456,0.12358011305332184,0.29403409361839294,0.03189300411522634,0.4305586814880371,0.13780216872692108,3.1019593241018937,0.015181862749159336,0.003299803240224719,0.18800537288188934,0.13711974024772644,0.38181421160697937,0.03146776406035665,0.3163900077342987,0.2594853937625885,1.214617077618804,0.013394622132182121,0.0010148248402401805,0.14319315552711487,0.14199614524841309,0.3523978888988495,0.03277777777777778,0.28047242760658264,0.2016465812921524,1.3840471712781077,0.010854235850274563,0.0009321621619164944,0.15765947103500366,0.13687337934970856,0.31526896357536316,0.02162894375857339,0.2508469820022583,0.20590239763259888,1.2123928232465087,0.013289354741573334,0.0022929920814931393,0.13957183063030243,0.14896553754806519,0.36863797903060913,0.03456447187928669,0.23683962225914001,0.2013406753540039,1.1704993167823459,0.009096835739910603,0.0007511300500482321
G06_s46,G06,3,high,3_high,test,201,140.28855721393035,0.5464142460124307,0.953213976642263,0.13270613551139832,0.11157169938087463,0.2348484843969345,0.021827846364883403,0.41479191184043884,0.12809738516807556,3.2130155951680157,0.012195597402751446,0.0026833494193851948,0.14600053429603577,0.11819309741258621,0.29931676387786865,0.010102880658436213,0.26826590299606323,0.22430932521820068,1.1906560136215458,0.011370658874511719,0.0009663551463745534,0.0956074669957161,0.09452367573976517,0.22691069543361664,0.004550754458161866,0.2115604132413864,0.1500355303287506,1.4007327466649382,0.0075597926042973995,0.00041199635597877204,0.13516515493392944,0.12956781685352325,0.29009881615638733,0.022866941015089164,0.2378699779510498,0.20330365002155304,1.1642962713879839,0.011595669202506542,0.0017816496547311544,0.08977965265512466,0.09699232131242752,0.22275985777378082,0.006011659807956104,0.1679804027080536,0.14379626512527466,1.1601155773094043,0.006370986811816692,0.0003639070491772145
G06_s47,G06,3,high,3_high,test,192,160.88541666666666,0.5491026629676666,0.9551551693240521,0.13822416961193085,0.11586425453424454,0.2608901560306549,0.02575102880658436,0.4200872778892517,0.13971556723117828,2.985364634170861,0.012362156994640827,0.0024702290538698435,0.160804882645607,0.15059971809387207,0.3618985414505005,0.027911522633744856,0.3388356864452362,0.2649073600769043,1.2742621578704703,0.011548099108040333,0.0014705072389915586,0.11416424065828323,0.13696318864822388,0.3178359568119049,0.02710562414266118,0.29667744040489197,0.19565972685813904,1.5085825915892832,0.008230948820710182,0.0006842468283139169,0.13103514909744263,0.11915532499551773,0.2931808829307556,0.016008230452674896,0.2563174068927765,0.20004978775978088,1.2748951876488956,0.010156777687370777,0.0009848419576883316,0.10910463333129883,0.14220699667930603,0.32562723755836487,0.029694787379972564,0.2597206234931946,0.19167694449424744,1.347959010741676,0.006761837285012007,0.0004891365533694625
G06_s48,G06,3,high,3_high,test,143,171.1118881118881,0.5740691498524461,0.9559148703813487,0.11974839866161346,0.09821989387273788,0.19554924964904785,0.013569958847736626,0.38781437277793884,0.12463667243719101,3.086792775189244,0.009302875027060509,0.001612630090676248,0.12942706048488617,0.1265503317117691,0.2733682096004486,0.015459533607681757,0.26483067870140076,0.21800003945827484,1.2092722876054907,0.01051599532365799,0.0009464756585657597,0.0708940401673317,0.075499027967453,0.153279110789299,0.004567901234567902,0.1839970052242279,0.11805155128240585,1.5455237940391295,0.005599601659923792,0.0002008674928219989,0.09831700474023819,0.08778063207864761,0.18620774149894714,0.005161179698216735,0.18587464094161987,0.14556469023227692,1.268208875187088,0.007376627065241337,0.0006968171801418066,0.061373308300971985,0.06792405247688293,0.11899641901254654,0.004245541838134431,0.13256272673606873,0.10345926135778427,1.2690375655828834,0.0044398983009159565,0.00016075969324447215
G06_s49,G06,3,high,3_high,test,227,152.23348017621146,0.5488569568065249,0.9509918922895731,0.14583371579647064,0.12819674611091614,0.2973484992980957,0.033617969821673525,0.4403270184993744,0.1389993578195572,3.1452074163576125,0.014509682543575764,0.0032157977111637592,0.17051084339618683,0.14757484197616577,0.3612443804740906,0.03673868312757202,0.33352920413017273,0.25384649634361267,1.308745495486315,0.012463061138987541,0.0011149072088301182,0.13070456683635712,0.14418743550777435,0.32477545738220215,0.034334705075445816,0.29802972078323364,0.19632259011268616,1.5103679746603573,0.010130486451089382,0.0008980575948953629,0.15022842586040497,0.13147662580013275,0.31000378727912903,0.027407407407407408,0.2652222216129303,0.20517171919345856,1.2864141728578324,0.012016207911074162,0.001477512763813138,0.1327335387468338,0.17705047130584717,0.34193548560142517,0.040229766803840876,0.2860347330570221,0.20202289521694183,1.4088791943951802,0.00964623037725687,0.0015201354399323463
H05_s01,H05,2,high,2_high,test,294,154.22108843537416,0.5726187009962785,0.9516326910430516,0.1653025895357132,0.1415436565876007,0.35179924964904785,0.040212620027434844,0.43549221754074097,0.14685240387916565,2.9454523978971134,0.018377086147665977,0.0038590184412896633,0.18047402799129486,0.14034181833267212,0.35499346256256104,0.030116598079561043,0.30648672580718994,0.21949352324008942,1.3900033039676403,0.011371242813766003,0.0010667969472706318,0.1458788812160492,0.1358690708875656,0.32265716791152954,0.029269547325102882,0.2801768481731415,0.17499689757823944,1.5919419718667986,0.010129734873771667,0.0007341166492551565,0.1787404716014862,0.12570711970329285,0.3296518921852112,0.027218792866941014,0.2701941728591919,0.2104233354330063,1.2779770610742651,0.012989070266485214,0.0015086849452927709,0.13175377249717712,0.1322651207447052,0.3053763508796692,0.025363511659807957,0.23156599700450897,0.16192865371704102,1.4212723896109198,0.009004635736346245,0.0008236647117882967
H05_s02,H05,2,high,2_high,test,143,162.95104895104896,0.5649974103709828,0.9552206578995159,0.11339256912469864,0.09072721749544144,0.171875,0.010730452674897119,0.3727761507034302,0.11772820353507996,3.1397438822805745,0.00881662592291832,0.0014237224822863936,0.11767886579036713,0.10715628415346146,0.26588165760040283,0.006478052126200274,0.24511085450649261,0.20684468746185303,1.1792981456477172,0.010955816134810448,0.0009521909523755312,0.06176431104540825,0.06278324872255325,0.13887476921081543,0.001779835390946502,0.15977607667446136,0.10070903599262238,1.5709132931517606,0.006109944544732571,0.00034650706220418215,0.08445955812931061,0.07664992660284042,0.15191982686519623,0.005240054869684499,0.15254266560077667,0.1285577416419983,1.1774106561867348,0.007229319773614407,0.0007790835807099938,0.04511695355176926,0.043580472469329834,0.09336917847394943,0.00044238683127572015,0.10022300481796265,0.07224217802286148,1.3683782695085813,0.0041814823634922504,0.00020078339730389416
H05_s03,H05,2,high,2_high,test,152,162.0065789473684,0.5835450913691901,0.9544992605721729,0.11346201598644257,0.08668489754199982,0.18134470283985138,0.007952674897119342,0.35021939873695374,0.1180124580860138,2.942712085518307,0.008687729015946388,0.0012014650274068117,0.12122828513383865,0.11192447692155838,0.2639918625354767,0.006779835390946502,0.2542964816093445,0.20659439265727997,1.2249679692898332,0.010847740806639194,0.000978454016149044,0.06240762025117874,0.0641530379652977,0.1360786259174347,0.0015946502057613168,0.15751796960830688,0.10182147473096848,1.5319559461722498,0.005915612448006868,0.00031923307687975466,0.08145589381456375,0.0679328665137291,0.14498519897460938,0.0028497942386831276,0.14760257303714752,0.11966674774885178,1.2232249214535746,0.006354674696922302,0.0004639948601834476,0.046886369585990906,0.04456789791584015,0.09444444626569748,0.00027091906721536354,0.10127075761556625,0.07657497376203537,1.3054565500237065,0.003947314340621233,0.00015010139031801373
H05_s04,H05,2,high,2_high,test,230,138.23478260869564,0.5384080969219022,0.9533493603774525,0.13676601648330688,0.11068897694349289,0.2561553120613098,0.02209190672153635,0.398050457239151,0.1359136700630188,2.9073098183398036,0.012633515521883965,0.002311541698873043,0.1823369413614273,0.16050076484680176,0.39082714915275574,0.038329903978052124,0.3359185755252838,0.2767348289489746,1.2094938787349523,0.013785000890493393,0.0019964072853326797,0.12762632966041565,0.13875095546245575,0.3379935622215271,0.028141289437585735,0.2849670350551605,0.20435628294944763,1.3876713727103767,0.00973934680223465,0.0008925005095079541,0.14228560030460358,0.12593917548656464,0.31950679421424866,0.020997942386831277,0.25486326217651367,0.2092503160238266,1.2121896746525285,0.01097555086016655,0.0011135581880807877,0.11229611188173294,0.13452842831611633,0.32096773386001587,0.018882030178326476,0.2312512844800949,0.18499216437339783,1.2433388538660957,0.007402578368782997,0.0006025951006449759
H05_s05,H05,2,high,2_high,test,170,155.38235294117646,0.5687736352261533,0.9556001241724226,0.1182502955198288,0.09446289390325546,0.19886364042758942,0.010679012345679013,0.367011159658432,0.12028597295284271,3.025998396377872,0.009593729861080647,0.0015527944779023528,0.12805414199829102,0.12246230244636536,0.26850560307502747,0.017061042524005487,0.26766806840896606,0.2144499272108078,1.2423678757944774,0.011713014915585518,0.0011090701445937157,0.07099273055791855,0.07617572695016861,0.15700729191303253,0.0025,0.17864146828651428,0.11640949547290802,1.5215248780941693,0.006539409514516592,0.0003856137045659125,0.09657135605812073,0.10868707299232483,0.1877487599849701,0.013919753086419753,0.2010047882795334,0.14696410298347473,1.3584699547158574,0.00827287882566452,0.0009374712244607508,0.054580166935920715,0.06154162809252739,0.11702509224414825,0.0012757201646090535,0.1192549616098404,0.08988416194915771,1.3121643975388564,0.004410011228173971,0.00021049896895419806
H05_s06,H05,2,high,2_high,test,210,152.3904761904762,0.5547644576262385,0.9502751948043958,0.1347150355577469,0.1096760630607605,0.25,0.021532921810699587,0.3927753269672394,0.13583502173423767,2.8704298211761277,0.012038934044539928,0.0021287763956934214,0.17979812622070312,0.15299822390079498,0.39235353469848633,0.041762688614540466,0.34293627738952637,0.2783219516277313,1.227745529454762,0.01373307779431343,0.001415094593539834,0.12290310859680176,0.14005914330482483,0.333163857460022,0.031200274348422496,0.2813877761363983,0.19589662551879883,1.4291142643759156,0.009702455252408981,0.0009247481357306242,0.13029886782169342,0.11986124515533447,0.2915114164352417,0.016117969821673524,0.23886315524578094,0.1906173676252365,1.2465631806034791,0.010127845220267773,0.00099183211568743,0.10087716579437256,0.1303887814283371,0.3154121935367584,0.015617283950617284,0.21501801908016205,0.1681174337863922,1.2714124987950424,0.006803041789680719,0.0005404437542892992
H05_s07,H05,2,high,2_high,test,138,166.59420289855072,0.5701676977519327,0.95558336453754,0.11084412783384323,0.08245563507080078,0.16808712482452393,0.006862139917695473,0.3407524824142456,0.11274339258670807,2.995800236523502,0.008046259172260761,0.001051594503223896,0.13741032779216766,0.1774023473262787,0.283834844827652,0.013161865569272976,0.26033398509025574,0.2163792848587036,1.1976025464407642,0.013007784262299538,0.002804568037390709,0.06066098064184189,0.057888638228178024,0.12896119058132172,0.002170781893004115,0.14549651741981506,0.09202564507722855,1.5640473903623668,0.005529448390007019,0.00028880208265036345,0.07941940426826477,0.05268170312047005,0.13869266211986542,0.0010322359396433471,0.1303788423538208,0.11014743894338608,1.173026059738816,0.005655328277498484,0.0002820345398504287,0.04123770818114281,0.03679125756025314,0.08082437515258789,0.000593278463648834,0.08407378196716309,0.06315159797668457,1.310548522855488,0.0033489412162452936,0.00011900100071216002
H05_s08,H05,2,high,2_high,test,129,175.47286821705427,0.5678563627477976,0.9584557507419921,0.11036930978298187,0.09000704437494278,0.1666666716337204,0.010521262002743484,0.3677423894405365,0.12111110985279083,3.011539162029259,0.007938800379633904,0.001137796207331121,0.12029217928647995,0.11673526465892792,0.268934428691864,0.010414951989026063,0.2637593150138855,0.21523548662662506,1.2197781184238279,0.010081849060952663,0.00069255760172382,0.05861980468034744,0.06118500977754593,0.13531604409217834,0.0005555555555555556,0.1639789193868637,0.10030866414308548,1.6186070636097278,0.004993310663849115,0.0001689394994173199,0.07884976267814636,0.07179372012615204,0.1471683233976364,0.0018964334705075445,0.14887690544128418,0.11949140578508377,1.2355811144475368,0.005759400315582752,0.0005350295687094331,0.04002905637025833,0.03791908174753189,0.08530466258525848,0.0,0.09444037824869156,0.06834007054567337,1.3619884938894742,0.003043604549020529,5.849712761119008e-05
H05_s09,H05,2,high,2_high,test,118,192.6864406779661,0.543502828071807,0.9597388762271867,0.10726585239171982,0.07785053551197052,0.1609848439693451,0.004152949245541838,0.3229694068431854,0.11895544826984406,2.692411320214937,0.006885678973048925,0.0007330480148084462,0.11129924654960632,0.10224044322967529,0.24356737732887268,0.005867626886145404,0.2471471130847931,0.1997576802968979,1.2310717712980668,0.009120424278080463,0.0004944298998452723,0.05190078169107437,0.05135965719819069,0.1159125566482544,0.00024005486968449932,0.14412477612495422,0.088512122631073,1.6101146066993515,0.004360548686236143,0.00012984027853235602,0.07128074020147324,0.0688246339559555,0.12341078370809555,0.004434156378600823,0.13798443973064423,0.10540225356817245,1.296818771251277,0.004606733564287424,0.0002907999441958964,0.03858255594968796,0.03755955398082733,0.07777778059244156,0.0003257887517146776,0.09174756705760956,0.06554844230413437,1.3786583709700095,0.0028943305369466543,8.20513378130272e-05
H05_s10,H05,2,high,2_high,test,160,169.025,0.600083045045654,0.9548378699452325,0.11569535732269287,0.08185591548681259,0.18892045319080353,0.006141975308641976,0.32560765743255615,0.11455157399177551,2.8178556655206752,0.008511008694767952,0.0011008260771632195,0.12626059353351593,0.13877061009407043,0.25970345735549927,0.00857681755829904,0.23742303252220154,0.19607986509799957,1.2047046632802443,0.01082466822117567,0.0016120342770591378,0.06829625368118286,0.06552036851644516,0.14785629510879517,0.0017729766803840877,0.15335291624069214,0.1055457666516304,1.4393149635133389,0.005914471112191677,0.0003305070858914405,0.10010842233896255,0.08730795979499817,0.1960960030555725,0.005257201646090535,0.1652386635541916,0.14268377423286438,1.1500161687456356,0.007685101591050625,0.0008071604534052312,0.05476221442222595,0.05999051406979561,0.11003584414720535,0.0026886145404663923,0.11241386830806732,0.0870518684387207,1.2766778297987083,0.004586101043969393,0.00028317925170995295
H05_s11,H05,2,high,2_high,test,292,145.91438356164383,0.5495745484524145,0.9509393183807788,0.1699027419090271,0.14681075513362885,0.3489583432674408,0.04582647462277092,0.45656996965408325,0.16199937462806702,2.8010535052412773,0.018443666398525238,0.004330947529524565,0.2325393259525299,0.19561807811260223,0.5199883580207825,0.1099554183813443,0.4352737069129944,0.30577293038368225,1.4188791245974528,0.015735406428575516,0.0018243443919345737,0.2000514268875122,0.20605134963989258,0.5161836743354797,0.10684499314128944,0.4154568314552307,0.26686155796051025,1.5510132719995597,0.015047314576804638,0.002083842409774661,0.19211336970329285,0.15287208557128906,0.40477707982063293,0.05034293552812071,0.32840946316719055,0.2402067333459854,1.3615269300800243,0.01480218954384327,0.0018234692979604006,0.166655495762825,0.17657600343227386,0.4397849440574646,0.06655692729766804,0.32230883836746216,0.2259545773267746,1.4201468953119822,0.0109780328348279,0.001208584289997816
H05_s12,H05,2,high,2_high,test,182,160.32417582417582,0.5641079160237064,0.9552882156895841,0.12349673360586166,0.09675747901201248,0.2244318127632141,0.01318244170096022,0.3659631013870239,0.11960269510746002,3.034452099606411,0.010700677521526814,0.0016481196507811546,0.11670146882534027,0.09135083854198456,0.2325192540884018,0.003991769547325103,0.20969530940055847,0.17018543183803558,1.2249600164513905,0.009365259669721127,0.0008033377816900611,0.07465000450611115,0.06663873046636581,0.15649889409542084,0.001522633744855967,0.15874601900577545,0.10432194918394089,1.5072453580262877,0.006399414502084255,0.0003068707592319697,0.10289689153432846,0.0871114432811737,0.19635283946990967,0.005819615912208505,0.1710512340068817,0.13877129554748535,1.2237937220004478,0.008060512132942677,0.0008184447651728988,0.06026453524827957,0.059030383825302124,0.12060932070016861,0.0012517146776406035,0.11076969653367996,0.08495566248893738,1.2886841113921517,0.004694225732237101,0.00023580250854138285
H05_s13,H05,2,high,2_high,test,283,141.7773851590106,0.5154392385092207,0.9541044146054766,0.15968984365463257,0.1322784721851349,0.31912878155708313,0.03374485596707819,0.4262844920158386,0.15097875893115997,2.8048952038681123,0.016509901732206345,0.0036457572132349014,0.21300913393497467,0.19524522125720978,0.4759412705898285,0.08553497942386831,0.40046849846839905,0.28453943133354187,1.4024980598935466,0.015828242525458336,0.002681022509932518,0.17725631594657898,0.1891097128391266,0.46661582589149475,0.08176954732510289,0.3782272934913635,0.24396100640296936,1.5440306155060717,0.014310460537672043,0.002111836103722453,0.1725991666316986,0.1334003508090973,0.3543083667755127,0.029859396433470506,0.292216420173645,0.21685098111629486,1.3413592111281418,0.01304067112505436,0.0014460444217547774,0.15485213696956635,0.1678009033203125,0.41308245062828064,0.04974965706447188,0.3077124059200287,0.21593372523784637,1.4184627382517516,0.010629644617438316,0.001227422384545207
H05_s14,H05,2,high,2_high,test,189,153.62433862433863,0.5608131245076864,0.9537017408017482,0.12459517270326614,0.09550565481185913,0.22017045319080353,0.0125480109739369,0.36615100502967834,0.12324600666761398,2.9469840910800027,0.010665541514754295,0.0016625291900709271,0.1348770558834076,0.11788969486951828,0.2660997211933136,0.012287379972565158,0.25858214497566223,0.2056368887424469,1.2513842351641296,0.01067333947867155,0.0011024625273421407,0.08879387378692627,0.09578081965446472,0.19556006789207458,0.00787037037037037,0.19762437045574188,0.13513128459453583,1.4517189861563558,0.007537135388702154,0.0005566407926380634,0.11593381315469742,0.10979154706001282,0.22730185091495514,0.018329903978052127,0.20640696585178375,0.1609487533569336,1.2745202514579699,0.009067893959581852,0.0009317229851149023,0.07869717478752136,0.0953313559293747,0.18870967626571655,0.0064368998628257885,0.1567106544971466,0.121713787317276,1.27704195203406,0.005930681712925434,0.0004109343863092363
H05_s15,H05,2,high,2_high,test,183,177.28961748633878,0.5734775926112846,0.9515559690594114,0.12878747284412384,0.10740789026021957,0.2447916716337204,0.01864883401920439,0.3792524039745331,0.12840570509433746,2.930723986999306,0.011229109950363636,0.0018635172164067626,0.14101746678352356,0.14141231775283813,0.30665794014930725,0.043199588477366255,0.3322629928588867,0.22430795431137085,1.4747060034982442,0.010556498542428017,0.0007078832713887095,0.09228600561618805,0.12603506445884705,0.20471106469631195,0.03276406035665295,0.27118998765945435,0.1439674347639084,1.8706959125069018,0.007139401976019144,0.00048297279863618314,0.10452330112457275,0.10443911701440811,0.20508535206317902,0.012657750342935528,0.22249308228492737,0.15002557635307312,1.4732145882679826,0.00768047571182251,0.0007737878477200866,0.07674923539161682,0.11497123539447784,0.16041219234466553,0.017925240054869684,0.2203252762556076,0.1200433075428009,1.8202185707598961,0.00550864776596427,0.0004340818850323558
H05_s16,H05,2,high,2_high,test,225,155.32,0.5363246870482924,0.9530633701172817,0.13562965393066406,0.11062517762184143,0.2660984992980957,0.02032235939643347,0.3865525424480438,0.1313694715499878,2.9202544810497844,0.0127021549269557,0.002283307956531644,0.15040329098701477,0.1165078729391098,0.31240007281303406,0.0062414266117969824,0.2686426341533661,0.22236573696136475,1.2027029651366485,0.011321051977574825,0.0011736828600987792,0.1033124029636383,0.09852541983127594,0.247415691614151,0.0030795610425240053,0.2161133587360382,0.15414521098136902,1.3929747323105621,0.00818144902586937,0.0005810948787257075,0.13759726285934448,0.12430179864168167,0.30820590257644653,0.021237997256515775,0.2439267933368683,0.19328339397907257,1.2555205483137848,0.010429135523736477,0.001095130224712193,0.09082791954278946,0.09538056701421738,0.23727598786354065,0.003192729766803841,0.170787051320076,0.13838040828704834,1.2253303991501225,0.006325144320726395,0.00038745629717595875
H05_s17,H05,2,high,2_high,test,273,154.78021978021977,0.5450664859262102,0.9492851351356789,0.17264772951602936,0.1622825711965561,0.36789771914482117,0.05676954732510288,0.49059125781059265,0.17905797064304352,2.7246294960369557,0.01839296706020832,0.004757361486554146,0.24207143485546112,0.21557052433490753,0.5573484301567078,0.14756858710562415,0.5098385810852051,0.3633086681365967,1.3994687079310513,0.015295425429940224,0.0018706555711105466,0.21685032546520233,0.2267036736011505,0.5557532906532288,0.1427914951989026,0.5025519132614136,0.3340942859649658,1.4997328641824572,0.01502951793372631,0.0021214212756603956,0.21404071152210236,0.1901828795671463,0.4781172573566437,0.08627572016460905,0.4209742546081543,0.3102119266986847,1.3526931923008898,0.015729324892163277,0.0021737730130553246,0.2065005898475647,0.2225622832775116,0.5301074981689453,0.1268689986282579,0.4551299512386322,0.32664963603019714,1.389075100930941,0.011883963830769062,0.001422232948243618
H05_s18,H05,2,high,2_high,test,308,145.08766233766235,0.5690446496466101,0.9513776107128199,0.1559888869524002,0.13016587495803833,0.3399621248245239,0.03502400548696845,0.4150708019733429,0.13480283319950104,3.0564222571379163,0.017932068556547165,0.0037081066984683275,0.1613876074552536,0.10616413503885269,0.29262974858283997,0.00997599451303155,0.25655919313430786,0.19867178797721863,1.2849045713136988,0.012035015970468521,0.0010035887826234102,0.1239476129412651,0.10033505409955978,0.24733096361160278,0.00887517146776406,0.22457419335842133,0.1509295403957367,1.4781469934909586,0.010170399211347103,0.0007739985594525933,0.16175347566604614,0.11564415693283081,0.2998586595058441,0.018124142661179697,0.23280493915081024,0.19405895471572876,1.1935106465124403,0.01270317006856203,0.0016679357504472136,0.10459292680025101,0.09499458223581314,0.23064516484737396,0.005250342935528121,0.1711965799331665,0.1303751915693283,1.3031119337536718,0.007731649558991194,0.0005184793844819069
H05_s19,H05,2,high,2_high,test,378,149.16137566137567,0.580862900678309,0.9465064936475471,0.2139563113451004,0.18090815842151642,0.45975378155708313,0.08323731138545953,0.5117829442024231,0.18461808562278748,2.7571825368486285,0.025980144739151,0.007131949532777071,0.2825376093387604,0.20173346996307373,0.5734118223190308,0.16276406035665295,0.46051129698753357,0.33592286705970764,1.3668152031542704,0.01708374172449112,0.0019219070672988892,0.2656503915786743,0.21900628507137299,0.5848161578178406,0.1659190672153635,0.46207931637763977,0.31705600023269653,1.4528237670082398,0.01818355731666088,0.0026038065552711487,0.25818926095962524,0.18134582042694092,0.49158841371536255,0.09395747599451303,0.3916822671890259,0.3028588891029358,1.2890268517250416,0.019387461245059967,0.0029542380943894386,0.26249930262565613,0.2268766462802887,0.5775985717773438,0.1664883401920439,0.4283149838447571,0.3222532570362091,1.3250136681431164,0.016089526936411858,0.00217922474257648
H05_s20,H05,2,high,2_high,test,281,143.62633451957296,0.5577733923883683,0.9529274721037685,0.14612585306167603,0.11706151068210602,0.3082386255264282,0.025390946502057612,0.39530616998672485,0.12687897682189941,3.091252212138659,0.015509061515331268,0.0029163614381104708,0.14415857195854187,0.0904010683298111,0.26043030619621277,0.003065843621399177,0.22124513983726501,0.18094614148139954,1.2159924801696498,0.009823299013078213,0.0005942235584370792,0.1070743203163147,0.07921190559864044,0.21470937132835388,0.001237997256515775,0.18483342230319977,0.1330631971359253,1.3787036729834143,0.007989299483597279,0.0004009537515230477,0.15322713553905487,0.11480405181646347,0.2786695063114166,0.014194101508916323,0.20875614881515503,0.18515968322753906,1.1213821660837098,0.011877201497554779,0.0015934675466269255,0.09405517578125,0.08004571497440338,0.19946236908435822,0.0020301783264746226,0.13948211073875427,0.1201559528708458,1.1512608950172218,0.006546102464199066,0.0003384992596693337
H05_s21,H05,2,high,2_high,test,313,154.9744408945687,0.5364078810434931,0.947597188591633,0.1924472451210022,0.17194074392318726,0.4148200750350952,0.06993484224965707,0.5045890212059021,0.1838708072900772,2.72941427909795,0.021466504782438278,0.005769042763859034,0.28733134269714355,0.22879625856876373,0.6059020161628723,0.18554183813443073,0.5247769355773926,0.3839603066444397,1.3631975206786489,0.019508251920342445,0.0034304384607821703,0.2596697211265564,0.23348575830459595,0.5921030044555664,0.16560356652949246,0.5107346177101135,0.35432660579681396,1.4373666631711963,0.019472016021609306,0.003447233932092786,0.25594520568847656,0.21182283759117126,0.543341338634491,0.12807270233196158,0.46061015129089355,0.33380991220474243,1.3757363043935866,0.01940883882343769,0.002925925189629197,0.26040464639663696,0.24036450684070587,0.5935483574867249,0.17386831275720166,0.4816495180130005,0.3654358386993408,1.3144170606308845,0.016634881496429443,0.0027003216091543436
H05_s22,H05,2,high,2_high,test,114,171.96491228070175,0.5663265530398127,0.9576061580692505,0.1054646223783493,0.07685640454292297,0.14393939077854156,0.005332647462277092,0.33499929308891296,0.11261941492557526,2.948433534078215,0.006938988342881203,0.000943366379942745,0.09598156064748764,0.08840834349393845,0.21725541353225708,0.0024176954732510287,0.21229180693626404,0.1810528039932251,1.1661001768704657,0.008751507848501205,0.0005038832896389067,0.0446830578148365,0.04100031405687332,0.10244026780128479,0.00013031550068587106,0.12612095475196838,0.07855125516653061,1.585404962975756,0.0041027492843568325,0.00011190996883669868,0.062396757304668427,0.043623872101306915,0.11339408904314041,0.0002606310013717421,0.10967651754617691,0.09107398986816406,1.1911780699762982,0.004621478263288736,0.00018820619152393192,0.03512777015566826,0.031442269682884216,0.07204300910234451,0.00037722908093278465,0.08043275773525238,0.059837792068719864,1.3220854176364396,0.00290202209725976,7.118016219465062e-05
H05_s23,H05,2,high,2_high,test,193,173.2642487046632,0.5452639782245196,0.9561271198270902,0.12484308332204819,0.09655696898698807,0.23342803120613098,0.010164609053497942,0.3447801470756531,0.1253926008939743,2.7278507178191176,0.010491527616977692,0.001493794028647244,0.13140107691287994,0.09897887706756592,0.26188400387763977,0.005751028806584362,0.24075782299041748,0.19287484884262085,1.2418208159937971,0.009118118323385715,0.0004947502166032791,0.08269310742616653,0.07750941812992096,0.18285036087036133,0.0011042524005486969,0.1749139130115509,0.12153057754039764,1.4275123526115983,0.006068375427275896,0.00026143554714508355,0.11039210110902786,0.09417155385017395,0.22190825641155243,0.005692729766803841,0.179989293217659,0.15155668556690216,1.1798191114916858,0.007413048762828112,0.0006264805560931563,0.06783947348594666,0.07084864377975464,0.1639784872531891,0.0008607681755829903,0.12563207745552063,0.10233668982982635,1.2157548075365106,0.004384416155517101,0.00015786824224051088
H05_s24,H05,2,high,2_high,test,213,158.94835680751174,0.5663934487128264,0.9526802149968561,0.1296515315771103,0.10370588302612305,0.25236743688583374,0.014828532235939643,0.3700074255466461,0.12351082265377045,2.9716888673648283,0.011942745186388493,0.001919291913509369,0.12983699142932892,0.09489806741476059,0.25635993480682373,0.0036419753086419752,0.2263072282075882,0.18054461479187012,1.2465653606251867,0.009353221394121647,0.0005001475219614804,0.08860839158296585,0.08106166124343872,0.1858159601688385,0.0026406035665294926,0.18245959281921387,0.12261354178190231,1.4760485800264234,0.006910395342856646,0.0003525903739500791,0.12073889374732971,0.09361027926206589,0.22306402027606964,0.006855281207133059,0.18308120965957642,0.15935677289962769,1.1417117365798617,0.009563570842146873,0.0011085140286013484,0.07378990203142166,0.07266441732645035,0.15396058559417725,0.0012722908093278464,0.13056989014148712,0.10417771339416504,1.2414216465437131,0.005212610587477684,0.00023591484932694584
H05_s25,H05,2,high,2_high,test,274,149.21167883211677,0.5567793147486818,0.9525473277564264,0.1480470597743988,0.12362994998693466,0.311553031206131,0.027997256515775035,0.40401750802993774,0.13096562027931213,3.0615360817068384,0.01595831662416458,0.0032566282898187637,0.1468963921070099,0.10633069276809692,0.27809274196624756,0.007640603566529493,0.23819614946842194,0.18443451821804047,1.2845297184008777,0.010197690688073635,0.0006455018883571029,0.10878090560436249,0.09021007269620895,0.22386036813259125,0.0038511659807956102,0.20139344036579132,0.13425643742084503,1.4889748998723338,0.00849355012178421,0.00047847864334471524,0.1573064625263214,0.1307932287454605,0.2992165684700012,0.022637174211248286,0.23788872361183167,0.19683681428432465,1.2024492229739694,0.013047097250819206,0.001900214934721589,0.0943719893693924,0.08151806890964508,0.19551971554756165,0.0028155006858710564,0.1557212471961975,0.12036886811256409,1.2830411094529872,0.006991832982748747,0.00038105883868411183
H05_s26,H05,2,high,2_high,test,247,160.57085020242914,0.5343170425304439,0.9558440344125527,0.1337112933397293,0.10392080247402191,0.26893940567970276,0.014667352537722908,0.35333484411239624,0.12463943660259247,2.812292490852394,0.012800652533769608,0.0018161486368626356,0.1257905662059784,0.08734037727117538,0.23077481985092163,0.004900548696844993,0.20919474959373474,0.16692198812961578,1.2457853311756963,0.00819514412432909,0.00032624322921037674,0.08917734026908875,0.07975351810455322,0.17149636149406433,0.00455761316872428,0.17106641829013824,0.11760330200195312,1.4423411102611727,0.006551880389451981,0.0003031693631783128,0.12069778144359589,0.08932637423276901,0.2117631435394287,0.005240054869684499,0.1764359474182129,0.15066063404083252,1.1633602123192361,0.008477962575852871,0.0008598266285844147,0.07585979253053665,0.07725503295660019,0.13835126161575317,0.004869684499314129,0.1310918778181076,0.10317941755056381,1.2583279970295644,0.005028391256928444,0.00019443647761363536
H05_s27,H05,2,high,2_high,test,199,154.75879396984925,0.5685364328788839,0.9537002375376042,0.12105485051870346,0.09952623397111893,0.22632575035095215,0.012633744855967079,0.3608098030090332,0.1140788123011589,3.1353278313717845,0.011035204865038395,0.00199406361207366,0.11853113770484924,0.11110036820173264,0.23150166869163513,0.004152949245541838,0.2084607481956482,0.17043399810791016,1.2159825384485947,0.010133200325071812,0.001892999978736043,0.06897316128015518,0.06200318783521652,0.14167089760303497,0.0015123456790123457,0.14735394716262817,0.09536898136138916,1.5290599224043107,0.00601899903267622,0.0003399997076485306,0.09951065480709076,0.07956090569496155,0.16887114942073822,0.004197530864197531,0.1568153202533722,0.12841826677322388,1.21169386797735,0.007940136827528477,0.0009177018655464053,0.05354607477784157,0.04808606207370758,0.10125447809696198,0.0004561042524005487,0.09842966496944427,0.07427936047315598,1.307525254608712,0.00421301880851388,0.00015879052807576954
H05_s28,H05,2,high,2_high,test,182,163.69230769230768,0.543622112793858,0.9542958524982849,0.11843731254339218,0.09417179971933365,0.21212121844291687,0.008155006858710562,0.34741905331611633,0.1141677051782608,3.0166360680571724,0.010044013150036335,0.0016525665996596217,0.11922231316566467,0.1032453179359436,0.24138683080673218,0.003741426611796982,0.2223946452140808,0.1810501664876938,1.2216118749285199,0.010010846890509129,0.0014024146366864443,0.06821516901254654,0.062091726809740067,0.14243347942829132,0.0010459533607681756,0.15186019241809845,0.10007832199335098,1.5024012015958075,0.005908315535634756,0.00033065053867176175,0.09712007641792297,0.08138491213321686,0.17156796157360077,0.004211248285322359,0.16112947463989258,0.131687194108963,1.2143558820572595,0.007769553456455469,0.000897497811820358,0.056112874299287796,0.05159427970647812,0.11093190312385559,0.0001440329218106996,0.10688125342130661,0.08298873901367188,1.2725664735115054,0.004284008406102657,0.00016991308075375855
H05_s29,H05,2,high,2_high,test,246,158.7479674796748,0.5590252908955249,0.9508873012749238,0.15702874958515167,0.1362941712141037,0.32007575035095215,0.03837448559670782,0.4390231966972351,0.15834146738052368,2.7552350553469105,0.015814408659934998,0.003272572299465537,0.21532952785491943,0.18258853256702423,0.48858845233917236,0.09114883401920439,0.4092993438243866,0.32032352685928345,1.2737920183592104,0.013258407823741436,0.001106892479583621,0.17904537916183472,0.18394136428833008,0.46034571528434753,0.07427297668038409,0.3809007406234741,0.27158036828041077,1.3973887518987842,0.012151091359555721,0.0013135760091245174,0.17485128343105316,0.13826552033424377,0.3686913251876831,0.02636488340192044,0.29820361733436584,0.24431787431240082,1.2155804715420675,0.01266059372574091,0.0013120154617354274,0.1704515814781189,0.17982126772403717,0.4421146810054779,0.05682098765432099,0.33672410249710083,0.26431697607040405,1.2691389276491238,0.009462748654186726,0.0008228149963542819
H05_s30,H05,2,high,2_high,test,222,144.68018018018017,0.5161983285910906,0.952851284672502,0.13261151313781738,0.10797440260648727,0.25,0.020462962962962964,0.38977181911468506,0.13024893403053284,2.9697141694424065,0.012752365320920944,0.0023292105179280043,0.15303610265254974,0.12194565683603287,0.3113097846508026,0.018710562414266118,0.28239184617996216,0.2285057157278061,1.2304349165529238,0.011214667931199074,0.0008525258745066822,0.10909842699766159,0.11484861373901367,0.27037790417671204,0.013580246913580247,0.23411117494106293,0.16578328609466553,1.403684868087935,0.008970789611339569,0.0008060398977249861,0.13653230667114258,0.1210789903998375,0.3064208924770355,0.020233196159122085,0.23777252435684204,0.1916079819202423,1.2344894639688508,0.010264188051223755,0.0009996790904551744,0.10153771936893463,0.11968833208084106,0.28387096524238586,0.011587791495198903,0.1923397332429886,0.15916188061237335,1.2009083091905786,0.007395634893327951,0.000753119820728898
H05_s31,H05,2,high,2_high,test,292,138.1541095890411,0.5198704554114838,0.9520083503415965,0.17551378905773163,0.15433043241500854,0.36221590638160706,0.054825102880658436,0.4895041882991791,0.171090766787529,2.8444535255255325,0.019548410549759865,0.004743628669530153,0.2523963153362274,0.2106449007987976,0.545210063457489,0.13201303155006858,0.47330355644226074,0.3416255712509155,1.3814017287566829,0.017529720440506935,0.0031365975737571716,0.22775548696517944,0.21570229530334473,0.5479579567909241,0.1311076817558299,0.468657910823822,0.3126143515110016,1.4943764804315134,0.01714363880455494,0.0025979853235185146,0.2113320380449295,0.15963990986347198,0.4285346269607544,0.05580589849108367,0.3672606945037842,0.27019116282463074,1.3542502295374501,0.016192080453038216,0.002047037472948432,0.21311266720294952,0.20122592151165009,0.5071684718132019,0.10502057613168725,0.39943382143974304,0.29662755131721497,1.3420592941478786,0.012883457355201244,0.001393818762153387
H05_s32,H05,2,high,2_high,test,266,150.21428571428572,0.5708629732048209,0.9497839303088476,0.14884039759635925,0.1264249086380005,0.3177083432674408,0.03460905349794239,0.41927260160446167,0.1282792091369629,3.243155681438844,0.01651575230062008,0.0035164994187653065,0.1560823917388916,0.09234197437763214,0.2727867364883423,0.004245541838134431,0.2340954691171646,0.19426798820495605,1.198842018444184,0.01121099479496479,0.0006755621870979667,0.11614563316106796,0.08488506823778152,0.22114895284175873,0.003357338820301783,0.19937333464622498,0.14112098515033722,1.4028423348974506,0.00915308017283678,0.0005497471429407597,0.15394261479377747,0.097420334815979,0.27186328172683716,0.010600137174211249,0.20656639337539673,0.1832023411989212,1.121410249353587,0.01210028026252985,0.0011065665166825056,0.10131590813398361,0.08579761534929276,0.20915770530700684,0.0034190672153635118,0.1491830050945282,0.12569797039031982,1.177469572992673,0.0073111411184072495,0.0004217643872834742
H05_s33,H05,2,high,2_high,test,301,127.40863787375416,0.5095215257287434,0.9492619557190967,0.1920900046825409,0.17050181329250336,0.38352271914482117,0.06482510288065843,0.5441737174987793,0.18679815530776978,2.897652091454091,0.022216331213712692,0.006471721455454826,0.2918699383735657,0.2413703203201294,0.6241459250450134,0.19243484224965707,0.5289351344108582,0.39064598083496094,1.3505440124349206,0.02161990851163864,0.004208567086607218,0.2721598744392395,0.24894441664218903,0.630401611328125,0.18987311385459535,0.5260947942733765,0.3705604672431946,1.4159062673614191,0.02159879542887211,0.004134170711040497,0.23427769541740417,0.17786580324172974,0.47039926052093506,0.08079903978052126,0.39743590354919434,0.2964612543582916,1.3360930128751605,0.01876564882695675,0.0029459954239428043,0.2532990574836731,0.23114831745624542,0.5806451439857483,0.16582990397805214,0.4387304484844208,0.3503822684288025,1.248584484488058,0.016408920288085938,0.0024079682771116495
H05_s34,H05,2,high,2_high,test,152,172.31578947368422,0.5957056109871186,0.9551540342552617,0.11577499657869339,0.09021952748298645,0.1927083283662796,0.00876886145404664,0.35418593883514404,0.12040743976831436,2.9173330688057355,0.008899872191250324,0.0012440674472600222,0.1007949486374855,0.08865132927894592,0.20991423726081848,0.0033882030178326475,0.2112947553396225,0.17061389982700348,1.2312216874776436,0.007678599562495947,0.0004043631488457322,0.06373298913240433,0.07163189351558685,0.13311302661895752,0.002369684499314129,0.16201478242874146,0.10737702995538712,1.4949180882280504,0.005049346014857292,0.00021168624516576529,0.09598229825496674,0.10303618013858795,0.17606262862682343,0.012150205761316873,0.18187573552131653,0.14830347895622253,1.2181614038253223,0.007152104750275612,0.0009575108997523785,0.05479329079389572,0.07161311060190201,0.10125447809696198,0.0040912208504801095,0.12432524561882019,0.09468822926282883,1.2992741800805352,0.003965210635215044,0.00020938529632985592
H05_s35,H05,2,high,2_high,test,302,123.04966887417218,0.5238150532536575,0.949462426723405,0.17977435886859894,0.16149680316448212,0.36221590638160706,0.0596124828532236,0.5231543779373169,0.18009796738624573,2.8887921023516143,0.020755885168910027,0.005737133789807558,0.2850489020347595,0.22097954154014587,0.5949265956878662,0.1783641975308642,0.522546648979187,0.4009695053100586,1.2999658980999602,0.020671481266617775,0.0030925592873245478,0.25561293959617615,0.22662977874279022,0.581596314907074,0.15718449931412895,0.5076096057891846,0.36619898676872253,1.382382915203681,0.020607000216841698,0.003694601124152541,0.2291293740272522,0.18666799366474152,0.4756644368171692,0.08365912208504801,0.40348613262176514,0.30717942118644714,1.30925722122652,0.019162626937031746,0.002928367117419839,0.23437859117984772,0.20976340770721436,0.5207885503768921,0.11777434842249657,0.4208601415157318,0.3396725058555603,1.2353804145679128,0.01568376086652279,0.002402630867436528
H05_s36,H05,2,high,2_high,test,144,173.30555555555554,0.5511049780570445,0.9559684360477296,0.10963805019855499,0.08437827229499817,0.17282196879386902,0.006128257887517146,0.338707834482193,0.11147075146436691,3.0115192623168587,0.008302286267280579,0.001215213444083929,0.1031244620680809,0.08263096958398819,0.21761883795261383,0.0016563786008230452,0.2021935135126114,0.17105886340141296,1.175141515615469,0.008876360021531582,0.0004922153893858194,0.052457042038440704,0.04271084442734718,0.11277749389410019,5.829903978052126e-05,0.12936164438724518,0.0814804956316948,1.5683907255466996,0.004491166677325964,0.00013389890955295414,0.07895128428936005,0.05794267728924751,0.14447152614593506,0.001467764060356653,0.13585896790027618,0.11165780574083328,1.2059436716956538,0.005991799756884575,0.00044141249964013696,0.04159576818346977,0.03435377776622772,0.08387096971273422,0.00024005486968449932,0.08447672426700592,0.06475850939750671,1.2846508389712514,0.0032521062530577183,9.385488374391571e-05
H05_s37,H05,2,high,2_high,test,205,138.4,0.52826159105639,0.949230273223601,0.1419483870267868,0.12786222994327545,0.25899621844291687,0.03073045267489712,0.45531871914863586,0.1534567028284073,2.94787283951328,0.013804768212139606,0.0032554585486650467,0.1827642172574997,0.16083316504955292,0.4130687713623047,0.05623799725651577,0.3951330780982971,0.29810631275177,1.3210455990148902,0.0137386629357934,0.0014471830800175667,0.14788059890270233,0.16521908342838287,0.39374682307243347,0.05379629629629629,0.372112512588501,0.25379180908203125,1.460457123520395,0.011921783909201622,0.0015554949641227722,0.16197438538074493,0.14504000544548035,0.36355453729629517,0.03286008230452675,0.32668930292129517,0.23731951415538788,1.370803830643465,0.012405908666551113,0.001434426405467093,0.1476203203201294,0.1836618185043335,0.42060932517051697,0.05816529492455418,0.35169321298599243,0.2594023048877716,1.3505764211171842,0.010819447226822376,0.0016834320267662406
H05_s38,H05,2,high,2_high,test,193,153.19689119170985,0.5550273287330647,0.9558602836944096,0.11939384788274765,0.0960686132311821,0.21780303120613098,0.01224965706447188,0.3613528311252594,0.11423639953136444,3.135752527801845,0.010373370721936226,0.0016084506642073393,0.1134248673915863,0.08671459555625916,0.22866696119308472,0.0018278463648834019,0.2137070745229721,0.1709735095500946,1.2426743809674992,0.008758049458265305,0.0003828030894510448,0.0709591805934906,0.06452671438455582,0.14743264019489288,0.0010665294924554183,0.16223739087581635,0.10485468059778214,1.5326425809386037,0.00563180772587657,0.00021774602646473795,0.10456125438213348,0.08520118147134781,0.1973802000284195,0.006642661179698217,0.1754463016986847,0.14032860100269318,1.2414069088205393,0.007440195418894291,0.0005266425432637334,0.05869993194937706,0.0596248134970665,0.11756272614002228,0.0009499314128943758,0.11528335511684418,0.08732374757528305,1.3052362278738456,0.004235168918967247,0.00016859981406014413
H05_s39,H05,2,high,2_high,test,235,147.6468085106383,0.5211530118888037,0.9537221076220802,0.1437755823135376,0.12359895557165146,0.2850378751754761,0.03061042524005487,0.42209580540657043,0.1446336805820465,2.8983392009293607,0.014263629913330078,0.002733868081122637,0.17448635399341583,0.14707541465759277,0.37541794776916504,0.04048696844993141,0.3329538106918335,0.2567060589790344,1.2919906191220782,0.012614463455975056,0.0015114701818674803,0.13855744898319244,0.1480955332517624,0.3530757427215576,0.03894718792866941,0.3059609830379486,0.2095746546983719,1.4529810507167091,0.010753716342151165,0.0012151398696005344,0.15436042845249176,0.12856367230415344,0.31655314564704895,0.02276406035665295,0.2760706841945648,0.21190086007118225,1.2967100466492343,0.011518780142068863,0.0012189589906483889,0.12511903047561646,0.14225880801677704,0.3448028564453125,0.026296296296296297,0.25540071725845337,0.19381067156791687,1.311020157175594,0.008169843815267086,0.0007226806483231485
H05_s40,H05,2,high,2_high,test,208,163.21634615384616,0.5643235620523405,0.9548669543021913,0.1281241625547409,0.1029023751616478,0.2542613744735718,0.015558984910836763,0.37056440114974976,0.11796420812606812,3.1149234461936417,0.011945766396820545,0.002009610878303647,0.1319735199213028,0.09347110986709595,0.2530891001224518,0.0026406035665294926,0.22449682652950287,0.19162333011627197,1.1654705917190369,0.009846187196671963,0.0004980366211384535,0.08838139474391937,0.077057383954525,0.17590239644050598,0.0013134430727023319,0.1750049889087677,0.12585300207138062,1.3795888631022843,0.006820961833000183,0.0003039546718355268,0.11685356497764587,0.08336587250232697,0.21022211015224457,0.005044581618655693,0.1766258329153061,0.15167129039764404,1.1569027317138056,0.008578922599554062,0.0007264346349984407,0.07210341840982437,0.07149815559387207,0.14086021482944489,0.0018415637860082303,0.12125179171562195,0.10501915961503983,1.1436781064469146,0.005075620952993631,0.00023500638781115413
H05_s41,H05,2,high,2_high,test,212,142.6320754716981,0.5210873056970082,0.9513601885627638,0.14065834879875183,0.13108506798744202,0.26278409361839294,0.0336522633744856,0.45231893658638,0.1520158052444458,2.9560275545639976,0.013876320794224739,0.00353909470140934,0.18152400851249695,0.18427014350891113,0.44257885217666626,0.0724074074074074,0.4175507724285126,0.30432844161987305,1.3675462731649277,0.014411842450499535,0.0021149676758795977,0.14391271770000458,0.18248409032821655,0.435943067073822,0.0719238683127572,0.3799998462200165,0.2520965039730072,1.5014029836640634,0.011728857643902302,0.0016142057720571756,0.1428285390138626,0.13715338706970215,0.33157819509506226,0.028810013717421125,0.3015154302120209,0.22482801973819733,1.3351550908588228,0.010905993171036243,0.0011657545110210776,0.13060665130615234,0.1793942004442215,0.42885303497314453,0.06183127572016461,0.3195677697658539,0.23774553835391998,1.3385287614971964,0.009253747761249542,0.0011219612788408995
H05_s42,H05,2,high,2_high,test,173,150.2601156069364,0.5542906151108221,0.9550599708816919,0.12232914566993713,0.10113038867712021,0.20549242198467255,0.01776406035665295,0.38997429609298706,0.1278681606054306,3.0261493161760336,0.010282745584845543,0.0019225392024964094,0.12926718592643738,0.1391100287437439,0.2844890356063843,0.00946159122085048,0.280815452337265,0.21584448218345642,1.2950085218202019,0.010823942720890045,0.0015147380763664842,0.08046292513608932,0.09256357699632645,0.20521944761276245,0.0036659807956104253,0.21733491122722626,0.1397792398929596,1.5437994365680279,0.0067810071632266045,0.00048821844393387437,0.10619071125984192,0.11234142631292343,0.2529856860637665,0.01547668038408779,0.2340860664844513,0.17130641639232635,1.3585452671214413,0.007732094265520573,0.0007974524633027613,0.07472403347492218,0.09804713726043701,0.2037634402513504,0.005761316872427984,0.1888047307729721,0.13508211076259613,1.3874324091162424,0.0055787269957363605,0.00039543744060210884
H05_s43,H05,2,high,2_high,test,207,164.16425120772948,0.5660401607511508,0.9514317577768023,0.13210532069206238,0.10918630659580231,0.2561553120613098,0.01718792866941015,0.3787127435207367,0.12946023046970367,2.9028980108132174,0.012435086071491241,0.0022825549822300673,0.1377423256635666,0.11909088492393494,0.2783834934234619,0.010579561042524005,0.2719309628009796,0.19750580191612244,1.3698892434180971,0.010533517226576805,0.0011303606443107128,0.09858261048793793,0.0985075905919075,0.22538553178310394,0.007342249657064472,0.22842572629451752,0.14259950816631317,1.5907138486154204,0.007930134423077106,0.0004527062992565334,0.1477053165435791,0.13994230329990387,0.32258886098861694,0.030737311385459532,0.27621954679489136,0.20349524915218353,1.3507382100076626,0.011871352791786194,0.0016745676985010505,0.0957198441028595,0.12707564234733582,0.2313620001077652,0.01782235939643347,0.21652717888355255,0.1416766494512558,1.5176076794369013,0.007512914482504129,0.000713437155354768
H05_s44,H05,2,high,2_high,test,219,176.82191780821918,0.5688853434672168,0.9498257929343618,0.14792269468307495,0.13307660818099976,0.30539771914482117,0.031618655692729765,0.42365407943725586,0.1496848464012146,2.811524115100674,0.013942310586571693,0.0027855776716023684,0.20132075250148773,0.20015902817249298,0.49825555086135864,0.09900205761316873,0.4590342044830322,0.3044538199901581,1.5027941195753343,0.013454705476760864,0.0014654574915766716,0.16128255426883698,0.20312507450580597,0.4819522202014923,0.09129286694101509,0.4299951195716858,0.24650533497333527,1.7373165698347912,0.011295299977064133,0.0013413125416263938,0.15808424353599548,0.1477309912443161,0.3577756881713867,0.03915980795610425,0.3308868706226349,0.22049346566200256,1.4938899873803315,0.011629373766481876,0.0011884247651323676,0.13451427221298218,0.17270952463150024,0.4143369197845459,0.055747599451303156,0.33573710918426514,0.21001972258090973,1.5910224176109222,0.007943212054669857,0.0006255008047446609
H05_s45,H05,2,high,2_high,test,152,165.3815789473684,0.5651529044882516,0.9545084086858999,0.11270731687545776,0.09214985370635986,0.18513257801532745,0.009708504801097393,0.36357036232948303,0.11506649106740952,3.13243175515944,0.009048308245837688,0.0014001220697537065,0.11544620245695114,0.10027163475751877,0.24691088497638702,0.006097393689986283,0.24248136579990387,0.19791264832019806,1.2190344246463976,0.009680815041065216,0.0005532340728677809,0.06590098887681961,0.06621502339839935,0.14378918707370758,0.0016323731138545954,0.16824457049369812,0.10970813781023026,1.5197127674759883,0.005518743768334389,0.0002273322461405769,0.0947585254907608,0.08571687340736389,0.17708997428417206,0.006107681755829904,0.1823301762342453,0.1437947154045105,1.2592322566805882,0.007121113128960133,0.0004974582698196173,0.05298732593655586,0.06279069930315018,0.10501792281866074,0.0022462277091906723,0.11821569502353668,0.09030036628246307,1.294799789277992,0.004007637035101652,0.0001576060167280957
H05_s46,H05,2,high,2_high,test,186,154.90860215053763,0.546453981128499,0.9553150934328496,0.12194867432117462,0.09887129813432693,0.21638257801532745,0.013587105624142662,0.3696189820766449,0.12230224162340164,2.997666362024148,0.010586252436041832,0.0017369521083310246,0.15218693017959595,0.130700021982193,0.34038376808166504,0.021906721536351165,0.2974100112915039,0.24355126917362213,1.2161458507105685,0.0111917145550251,0.0007511105504818261,0.1023770272731781,0.12088747322559357,0.2778342664241791,0.01623113854595336,0.24289174377918243,0.1664632260799408,1.4504183961154244,0.007650816347450018,0.0005346810212358832,0.11302389949560165,0.09159830957651138,0.23012708127498627,0.006069958847736625,0.19648520648479462,0.15790535509586334,1.236492038712354,0.008179225027561188,0.0006277140346355736,0.08144060522317886,0.09897058457136154,0.23978494107723236,0.003398491083676269,0.16855387389659882,0.1318676471710205,1.2685847720299044,0.00497896783053875,0.0002179974690079689
H05_s47,H05,2,high,2_high,test,178,156.24157303370785,0.5647496753238725,0.9550707130180408,0.11644799262285233,0.09257377684116364,0.20501893758773804,0.011114540466392318,0.3570078909397125,0.11329620331525803,3.1235323710184306,0.009998026303946972,0.0015126419020816684,0.11500152945518494,0.08907657861709595,0.23593544960021973,0.002239368998628258,0.215456023812294,0.174122616648674,1.2303152381770066,0.008911775425076485,0.0004792481195181608,0.06690928339958191,0.05751723423600197,0.15031351149082184,0.000284636488340192,0.14881828427314758,0.09659678488969803,1.5248277332223503,0.005328227765858173,0.00021355072385631502,0.09324995428323746,0.07288389652967453,0.17875942587852478,0.002856652949245542,0.15148688852787018,0.12568049132823944,1.1958186058448048,0.006581492722034454,0.000457024754723534,0.052498217672109604,0.04631698131561279,0.11720430105924606,3.7722908093278466e-05,0.097386933863163,0.07669208943843842,1.2534987096766186,0.0037394051905721426,0.0001170765099232085
H05_s48,H05,2,high,2_high,test,219,142.82191780821918,0.5509592274521703,0.9517734538452085,0.14041464030742645,0.12292990833520889,0.266571968793869,0.030130315500685872,0.4325770139694214,0.14094364643096924,3.0475264292987885,0.014023521915078163,0.0029497817158699036,0.18644499778747559,0.1546640545129776,0.4062363803386688,0.043933470507544585,0.34755417704582214,0.28397446870803833,1.2195975963092256,0.013397392816841602,0.0012165248626843095,0.1456550806760788,0.15535883605480194,0.38222333788871765,0.04033264746227709,0.30612653493881226,0.22647333145141602,1.3457688995256794,0.01120714470744133,0.0012364134890958667,0.1461603343486786,0.11596802622079849,0.30088600516319275,0.013765432098765433,0.24289356172084808,0.1983383148908615,1.218499122227622,0.011883753351867199,0.0013631352921947837,0.12966762483119965,0.1437147855758667,0.3471326231956482,0.023573388203017832,0.23804791271686554,0.2026853859424591,1.1687039382595363,0.008429167792201042,0.0008479251409880817
H05_s49,H05,2,high,2_high,test,168,163.8452380952381,0.5545050768194419,0.9566255625592426,0.11657977849245071,0.09768308699131012,0.20691287517547607,0.013041838134430727,0.37007781863212585,0.1154310330748558,3.178515288052074,0.010141131468117237,0.001689900062046945,0.1107611283659935,0.07823076099157333,0.2155836671590805,0.0004766803840877915,0.1988963782787323,0.16630961000919342,1.1887923130524494,0.008261227048933506,0.00030396110378205776,0.06430549919605255,0.050396714359521866,0.13065582513809204,0.0,0.14228074252605438,0.09311935305595398,1.5117054878338192,0.005058909300714731,0.00013275475066620857,0.10448646545410156,0.07791272550821304,0.18672141432762146,0.00401920438957476,0.15808860957622528,0.14309456944465637,1.0971170543449502,0.007663993630558252,0.000565278169233352,0.05122784897685051,0.042612675577402115,0.09856630861759186,0.0005212620027434842,0.09633388370275497,0.0760703831911087,1.2499468630365993,0.003779176389798522,9.86378945526667e-05
